Data,RC05_RC_CORR_01_D,RC05_RC_CORR_02_D,RC05_BAL_VAZ_01_D
14/11/2020 00:00:00,16.13721085,14.09147453,2486.108643
14/11/2020 00:00:01,17.34082222,14.8938818,2997.101563
14/11/2020 00:00:02,18.54443359,15.69628906,3508.094238
14/11/2020 00:00:03,19.74804497,16.49869537,4019.087158
14/11/2020 00:00:04,20.95165443,17.30110359,4530.080078
14/11/2020 00:00:05,21.97459602,18,5015.045898
14/11/2020 00:00:06,21.777668,18,5208.638672
14/11/2020 00:00:07,21.58073997,18,5402.231445
14/11/2020 00:00:08,21.38381195,18,5595.824707
14/11/2020 00:00:09,21.18688393,18,5789.41748
14/11/2020 00:00:10,21.03050804,18.02033806,5980.379395
14/11/2020 00:00:11,21.62871361,18.41914177,6098.805176
14/11/2020 00:00:12,22.22691917,18.81794548,6217.231445
14/11/2020 00:00:13,22.82512474,19.21674919,6335.657715
14/11/2020 00:00:14,23.42333031,19.6155529,6454.083984
14/11/2020 00:00:15,23.97093201,19.97819901,6556.794922
14/11/2020 00:00:16,23.16350365,19.37262726,6238.69043
14/11/2020 00:00:17,22.35607529,18.76705742,5920.586426
14/11/2020 00:00:18,21.54864693,18.16148567,5602.481934
14/11/2020 00:00:19,20.74121857,17.55591393,5284.37793
14/11/2020 00:00:20,20.06498909,17.04874229,4968.127441
14/11/2020 00:00:21,20.85753822,17.64315414,5113.453613
14/11/2020 00:00:22,21.65008926,18.23756599,5258.779785
14/11/2020 00:00:23,22.4426384,18.83197975,5404.105957
14/11/2020 00:00:24,23.23518944,19.4263916,5549.432129
14/11/2020 00:00:25,23.96499252,19.96499252,5694.758301
14/11/2020 00:00:26,22.96479225,18.96479225,5538.02832
14/11/2020 00:00:27,21.96459198,17.96459198,5377.938965
14/11/2020 00:00:28,20.96439362,16.96439362,5217.849121
14/11/2020 00:00:29,19.96419334,15.96419239,5057.759766
14/11/2020 00:00:30,19.03583145,15.03941441,4906.129883
14/11/2020 00:00:31,20.03115273,16.13426971,5169.022461
14/11/2020 00:00:32,21.02647591,17.22912407,5431.915039
14/11/2020 00:00:33,22.02179718,18.32397652,5694.807617
14/11/2020 00:00:34,23.01712036,19.41883087,5957.700195
14/11/2020 00:00:35,24.01244164,20.51368523,6220.592773
14/11/2020 00:00:36,25.00776291,21.60853958,6430.288086
14/11/2020 00:00:37,26.00308609,22.70339394,6639.337402
14/11/2020 00:00:38,26.99840736,23.79824829,6848.386719
14/11/2020 00:00:39,27.99372864,24.89310265,7057.436035
14/11/2020 00:00:40,28.98905182,25.987957,7266.484863
14/11/2020 00:00:41,28.20386314,25.20386314,7267.896973
14/11/2020 00:00:42,27.39887238,24.39887238,7266.786621
14/11/2020 00:00:43,26.59388161,23.59388161,7265.676758
14/11/2020 00:00:44,25.78889084,22.78889084,7264.566406
14/11/2020 00:00:45,25.01192284,22,7263.456543
14/11/2020 00:00:46,25.60810852,22,7215.693359
14/11/2020 00:00:47,26.2042923,22,7165.833984
14/11/2020 00:00:48,26.80047607,22,7115.974121
14/11/2020 00:00:49,27.39666176,22,7066.114746
14/11/2020 00:00:50,27.99284554,22,7016.255371
14/11/2020 00:00:51,28,22.79039955,6988.326172
14/11/2020 00:00:52,28,23.5904007,6961.005371
14/11/2020 00:00:53,28,24.39039993,6933.684082
14/11/2020 00:00:54,28,25.19039917,6906.363281
14/11/2020 00:00:55,28,25.99040031,6879.229492
14/11/2020 00:00:56,27.21446991,24.42893982,6898.633789
14/11/2020 00:00:57,26.41939926,22.83879852,6918.037598
14/11/2020 00:00:58,25.62432861,21.24865913,6937.441895
14/11/2020 00:00:59,24.82925797,19.65851784,6956.846191
14/11/2020 00:01:00,24.03418732,18.06837654,6976.25
14/11/2020 00:01:01,26.49618721,21.45626068,6953.436035
14/11/2020 00:01:02,29.10453415,25.06781769,6927.975098
14/11/2020 00:01:03,31.71288109,28.67937469,6902.51416
14/11/2020 00:01:04,34.32122803,32.2909317,6877.053223
14/11/2020 00:01:05,36.92957306,35.90248871,6851.592285
14/11/2020 00:01:06,33.67116165,32.47534561,6799.308594
14/11/2020 00:01:07,30.24995041,28.85288811,6745.342773
14/11/2020 00:01:08,26.82873726,25.2304287,6691.376953
14/11/2020 00:01:09,23.40752602,21.60796928,6637.411133
14/11/2020 00:01:10,20.00473976,18.00237083,6583.445313
14/11/2020 00:01:11,21.18980789,18.59490395,6630.121094
14/11/2020 00:01:12,22.37487602,19.18743896,6684.839355
14/11/2020 00:01:13,23.55994415,19.77997208,6739.558105
14/11/2020 00:01:14,24.74501228,20.3725071,6794.276855
14/11/2020 00:01:15,25.93008041,20.96504021,6848.995117
14/11/2020 00:01:16,25.8118,21.1882,6906.620117
14/11/2020 00:01:17,25.61179924,21.38820076,6964.706055
14/11/2020 00:01:18,25.41180038,21.58819962,7022.791992
14/11/2020 00:01:19,25.21179962,21.78820038,7080.878418
14/11/2020 00:01:20,25.01180077,21.98819923,7138.964355
14/11/2020 00:01:21,25.75054741,22.75054741,7261.341309
14/11/2020 00:01:22,26.54815483,23.54815483,7395.331055
14/11/2020 00:01:23,27.34576225,24.34576225,7529.321289
14/11/2020 00:01:24,28.14336967,25.14336967,7663.311035
14/11/2020 00:01:25,28.9409771,25.9409771,7797.30127
14/11/2020 00:01:26,30.8289547,27.28026772,7942.227539
14/11/2020 00:01:27,32.80406952,28.66284752,8089.361816
14/11/2020 00:01:28,34.77918243,30.04542732,8236.496094
14/11/2020 00:01:29,36.75429535,31.42800713,8383.630859
14/11/2020 00:01:30,38.72940826,32.81058502,8530.764648
14/11/2020 00:01:31,38.13975143,32.13975143,8638.310547
14/11/2020 00:01:32,37.14294434,31.14294243,8738.705078
14/11/2020 00:01:33,36.14613342,30.14613152,8839.098633
14/11/2020 00:01:34,35.14932251,29.14932251,8939.493164
14/11/2020 00:01:35,34.1525116,28.1525116,9039.887695
14/11/2020 00:01:36,34.16889191,28.33778572,9091.735352
14/11/2020 00:01:37,34.36829376,28.73658943,9134.813477
14/11/2020 00:01:38,34.56769562,29.13539314,9177.891602
14/11/2020 00:01:39,34.76709747,29.53419685,9220.970703
14/11/2020 00:01:40,34.96649933,29.93300056,9264.048828
14/11/2020 00:01:41,34.4992981,29.4992981,9238.335938
14/11/2020 00:01:42,33.89749146,28.89749336,9200.196289
14/11/2020 00:01:43,33.29568863,28.29568672,9162.057617
14/11/2020 00:01:44,32.69388199,27.69388199,9123.917969
14/11/2020 00:01:45,32.09207535,27.09207535,9085.779297
14/11/2020 00:01:46,30.30599976,25.47540092,8738.994141
14/11/2020 00:01:47,28.30599976,23.67539978,8322.612305
14/11/2020 00:01:48,26.30599976,21.87540054,7906.22998
14/11/2020 00:01:49,24.30599976,20.0753994,7489.847656
14/11/2020 00:01:50,22.30599976,18.27540016,7073.46582
14/11/2020 00:01:51,22.50819969,18.50819969,6940.73877
14/11/2020 00:01:52,23.10820007,19.10820007,6865.288574
14/11/2020 00:01:53,23.70820045,19.70820045,6789.838379
14/11/2020 00:01:54,24.30820084,20.30820084,6714.387695
14/11/2020 00:01:55,24.90819931,20.90819931,6638.9375
14/11/2020 00:01:56,24.15821838,19.98986244,6473.885254
14/11/2020 00:01:57,23.16438103,18.79725647,6277.023926
14/11/2020 00:01:58,22.17054176,17.6046505,6080.162109
14/11/2020 00:01:59,21.17670441,16.41204453,5883.300293
14/11/2020 00:02:00,20.18286705,15.21943951,5686.438477
14/11/2020 00:02:01,20.32387352,15.65489578,5639.219238
14/11/2020 00:02:02,20.72077751,16.45746422,5622.432129
14/11/2020 00:02:03,21.1176815,17.26003265,5605.645508
14/11/2020 00:02:04,21.51458549,18.06260109,5588.858398
14/11/2020 00:02:05,21.91148949,18.86516762,5572.071777
14/11/2020 00:02:06,22.30839539,19.16333008,5623.600586
14/11/2020 00:02:07,22.70529938,19.35963821,5710.322754
14/11/2020 00:02:08,23.10220337,19.55594826,5797.044434
14/11/2020 00:02:09,23.49910736,19.7522583,5883.766113
14/11/2020 00:02:10,23.89601135,19.94856644,5970.488281
14/11/2020 00:02:11,23.54880714,19.6992054,5976.830566
14/11/2020 00:02:12,22.93743706,19.29162407,5949.701172
14/11/2020 00:02:13,22.32606506,18.88404274,5922.571289
14/11/2020 00:02:14,21.71469307,18.47646141,5895.441406
14/11/2020 00:02:15,21.10332108,18.06888199,5868.311523
14/11/2020 00:02:16,21.10909843,18.8035202,5849.595703
14/11/2020 00:02:17,21.24038315,19.77045059,5836.55957
14/11/2020 00:02:18,21.37166786,20.73738098,5823.523438
14/11/2020 00:02:19,21.50295448,21.70431328,5810.487305
14/11/2020 00:02:20,21.6342392,22.67124367,5797.451172
14/11/2020 00:02:21,21.76552391,22.60032272,5857.076172
14/11/2020 00:02:22,21.89681053,21.99475098,5969.102539
14/11/2020 00:02:23,22.02809525,21.38918114,6081.128906
14/11/2020 00:02:24,22.15937996,20.78360939,6193.155273
14/11/2020 00:02:25,22.29066467,20.17803764,6305.181641
14/11/2020 00:02:26,22.42195129,19.93027115,6320.47168
14/11/2020 00:02:27,22.55323601,19.83150673,6251.34375
14/11/2020 00:02:28,22.68452072,19.7327404,6182.21582
14/11/2020 00:02:29,22.81580734,19.63397598,6113.087891
14/11/2020 00:02:30,22.94709206,19.53520966,6043.959961
14/11/2020 00:02:31,22.88098145,19.43644524,5889.104004
14/11/2020 00:02:32,22.68161964,19.33767891,5668.513184
14/11/2020 00:02:33,22.48225594,19.23891449,5447.922363
14/11/2020 00:02:34,22.28289413,19.14014816,5227.331543
14/11/2020 00:02:35,22.08353233,19.04138184,5006.740723
14/11/2020 00:02:36,21.19417381,18.19417381,4613.324219
14/11/2020 00:02:37,19.80721283,16.80721283,4037.85498
14/11/2020 00:02:38,18.42024994,15.42024994,3462.385986
14/11/2020 00:02:39,17.03328705,14.03328705,2886.916992
14/11/2020 00:02:40,15.64632416,12.64632416,2311.447754
14/11/2020 00:02:41,15,12,1941.993896
14/11/2020 00:02:42,15,12,1789.553833
14/11/2020 00:02:43,15,12,1637.113892
14/11/2020 00:02:44,15,12,1484.673828
14/11/2020 00:02:45,15,12,1332.233765
14/11/2020 00:02:46,15.33431816,12.33431816,1422.13147
14/11/2020 00:02:47,15.92498493,12.92498493,1862.204346
14/11/2020 00:02:48,16.51565361,13.51565266,2302.2771
14/11/2020 00:02:49,17.10631943,14.10632038,2742.349854
14/11/2020 00:02:50,17.69698715,14.69698715,3182.422607
14/11/2020 00:02:51,18.38960075,15.3895998,3611.749023
14/11/2020 00:02:52,19.18959999,16.18959999,4023.392578
14/11/2020 00:02:53,19.98959923,16.98959923,4435.035645
14/11/2020 00:02:54,20.78960037,17.78960037,4846.679199
14/11/2020 00:02:55,21.58959961,18.58959961,5258.322754
14/11/2020 00:02:56,23.05494308,19.76723099,5668.498047
14/11/2020 00:02:57,25.22114944,21.34265518,6075.707031
14/11/2020 00:02:58,27.38735771,22.91807747,6482.916016
14/11/2020 00:02:59,29.55356407,24.49350166,6890.125
14/11/2020 00:03:00,31.71977234,26.06892395,7297.333496
14/11/2020 00:03:01,32.5122261,26.75611305,7600.986816
14/11/2020 00:03:02,31.31961823,26.15980911,7621.793457
14/11/2020 00:03:03,30.12701225,25.56350708,7642.600098
14/11/2020 00:03:04,28.93440628,24.96720314,7663.406738
14/11/2020 00:03:05,27.74180031,24.37090111,7684.212891
14/11/2020 00:03:06,27.29958344,24.22468758,7689.711426
14/11/2020 00:03:07,28.09213448,24.81910133,7629.949219
14/11/2020 00:03:08,28.88468361,25.41351318,7570.186523
14/11/2020 00:03:09,29.67723465,26.00792503,7510.423828
14/11/2020 00:03:10,30.46978378,26.60233879,7450.661621
14/11/2020 00:03:11,30.93462372,26.93462372,7419.010742
14/11/2020 00:03:12,30.73711205,26.73711205,7507.204102
14/11/2020 00:03:13,30.53960037,26.53960037,7595.397949
14/11/2020 00:03:14,30.34209061,26.34209061,7683.591797
14/11/2020 00:03:15,30.14457893,26.14457893,7771.785156
14/11/2020 00:03:16,29.73611641,25.73611641,7837.767578
14/11/2020 00:03:17,28.75147629,24.75147629,7770.63623
14/11/2020 00:03:18,27.76683807,23.76683807,7703.504883
14/11/2020 00:03:19,26.78219795,22.78219795,7636.373535
14/11/2020 00:03:20,25.79755783,21.79755783,7569.242188
14/11/2020 00:03:21,25.11400032,21.15200043,7516.14209
14/11/2020 00:03:22,25.7140007,21.95199966,7558.631348
14/11/2020 00:03:23,26.31399918,22.75200081,7601.120605
14/11/2020 00:03:24,26.91399956,23.55200005,7643.609375
14/11/2020 00:03:25,27.51399994,24.35199928,7686.098633
14/11/2020 00:03:26,27.90558624,24.90558624,7727.007813
14/11/2020 00:03:27,27.40866661,24.40866661,7758.447754
14/11/2020 00:03:28,26.91174698,23.91174698,7789.887695
14/11/2020 00:03:29,26.41482735,23.41482735,7821.327637
14/11/2020 00:03:30,25.91790962,22.91790962,7852.767578
14/11/2020 00:03:31,25.42098999,22.42098999,7859.439941
14/11/2020 00:03:32,24.92407036,21.92407036,7717.678223
14/11/2020 00:03:33,24.42715073,21.42715073,7575.916504
14/11/2020 00:03:34,23.930233,20.930233,7434.154297
14/11/2020 00:03:35,23.43331337,20.43331337,7292.392578
14/11/2020 00:03:36,23,19.97439957,7153.970215
14/11/2020 00:03:37,23,19.77440071,7038.29834
14/11/2020 00:03:38,23,19.57439995,6922.625977
14/11/2020 00:03:39,23,19.37439919,6806.953613
14/11/2020 00:03:40,23,19.17440033,6691.281738
14/11/2020 00:03:41,22.91419983,18.97439957,6554.337402
14/11/2020 00:03:42,22.31419945,18.77440071,6272.479004
14/11/2020 00:03:43,21.71419907,18.57439995,5990.620605
14/11/2020 00:03:44,21.11420059,18.37439919,5708.762207
14/11/2020 00:03:45,20.51420021,18.17440033,5426.90332
14/11/2020 00:03:46,20,17.97439957,5150.012207
14/11/2020 00:03:47,20,17.77440071,4944.573242
14/11/2020 00:03:48,20,17.57439995,4739.133789
14/11/2020 00:03:49,20,17.37439919,4533.694824
14/11/2020 00:03:50,20,17.17440033,4328.255371
14/11/2020 00:03:51,19.87199974,16.87199974,4113.231934
14/11/2020 00:03:52,18.87199974,15.87199974,3789.466797
14/11/2020 00:03:53,17.87199974,14.87199974,3465.70166
14/11/2020 00:03:54,16.87199974,13.87199974,3141.936523
14/11/2020 00:03:55,15.87199974,12.87199974,2818.171387
14/11/2020 00:03:56,15.02528191,12.02528191,2504.219238
14/11/2020 00:03:57,15.22279263,12.22279263,2469.071045
14/11/2020 00:03:58,15.4203043,12.4203043,2433.922852
14/11/2020 00:03:59,15.61781597,12.61781597,2398.774658
14/11/2020 00:04:00,15.81532669,12.81532669,2363.626465
14/11/2020 00:04:01,16.07825089,13.07824993,2329.621338
14/11/2020 00:04:02,17.28210258,14.28210258,2866.013672
14/11/2020 00:04:03,18.48595428,15.48595524,3402.405762
14/11/2020 00:04:04,19.68980789,16.68980789,3938.798096
14/11/2020 00:04:05,20.89365959,17.89365959,4475.19043
14/11/2020 00:04:06,22.03209877,19.01604843,5011.58252
14/11/2020 00:04:07,22.42837334,19.21418571,5337.156738
14/11/2020 00:04:08,22.8246479,19.41232491,5652.796875
14/11/2020 00:04:09,23.22092247,19.61046219,5968.4375
14/11/2020 00:04:10,23.61719894,19.80859947,6284.077637
14/11/2020 00:04:11,24.12162209,20.12837791,6599.717773
14/11/2020 00:04:12,27.69872856,23.90421295,6882.902832
14/11/2020 00:04:13,31.27583504,27.68004799,7165.118652
14/11/2020 00:04:14,34.85293961,31.45588303,7447.333984
14/11/2020 00:04:15,38.43004608,35.23171616,7729.549316
14/11/2020 00:04:16,41.99860382,38.99762344,8011.680176
14/11/2020 00:04:17,41.30076599,37.80879593,8251.386719
14/11/2020 00:04:18,40.60293198,36.61997223,8491.092773
14/11/2020 00:04:19,39.90509415,35.43114853,8730.799805
14/11/2020 00:04:20,39.20725632,34.24232101,8970.505859
14/11/2020 00:04:21,38.5094223,33.05349731,9210.211914
14/11/2020 00:04:22,37.81158447,32.61677551,9239.458008
14/11/2020 00:04:23,37.11374664,32.21548843,9258.787109
14/11/2020 00:04:24,36.41590881,31.81420517,9278.116211
14/11/2020 00:04:25,35.7180748,31.41292191,9297.445313
14/11/2020 00:04:26,35.02023697,31.01163673,9316.774414
14/11/2020 00:04:27,32.06882858,28.26423836,8904.032227
14/11/2020 00:04:28,29.05010986,25.44676971,8447.512695
14/11/2020 00:04:29,26.03139496,22.62930107,7990.992188
14/11/2020 00:04:30,23.01267815,19.81183243,7534.472168
14/11/2020 00:04:31,19.99881172,17.00039673,7077.952148
14/11/2020 00:04:32,19.40439796,17.19853401,6772.352539
14/11/2020 00:04:33,18.80998611,17.3966713,6471.260254
14/11/2020 00:04:34,18.21557426,17.59480858,6170.167969
14/11/2020 00:04:35,17.62116051,17.79294586,5869.075684
14/11/2020 00:04:36,17.02674866,17.99108315,5567.983398
14/11/2020 00:04:37,17.31801605,18.37844276,5417.269043
14/11/2020 00:04:38,17.65101624,18.77471733,5276.15332
14/11/2020 00:04:39,17.98401642,19.1709919,5135.037109
14/11/2020 00:04:40,18.3170166,19.56726837,4993.921387
14/11/2020 00:04:41,18.65001678,19.96354294,4852.805176
14/11/2020 00:04:42,18.98301697,19.63216591,4932.410645
14/11/2020 00:04:43,19.31601715,19.22706032,5026.35498
14/11/2020 00:04:44,19.64901733,18.82195663,5120.299316
14/11/2020 00:04:45,19.98201752,18.41685295,5214.243164
14/11/2020 00:04:46,20.3150177,18.01174736,5308.1875
14/11/2020 00:04:47,20.64801788,18.1930027,5472.20752
14/11/2020 00:04:48,20.98101807,18.39177132,5640.779785
14/11/2020 00:04:49,21.31402016,18.59053802,5809.352051
14/11/2020 00:04:50,21.64702034,18.78930664,5977.924316
14/11/2020 00:04:51,21.98002052,18.98807335,6146.496582
14/11/2020 00:04:52,23.69166183,20.69166183,6387.690918
14/11/2020 00:04:53,25.49130249,22.49130249,6639.070801
14/11/2020 00:04:54,27.29094124,24.29094124,6890.450684
14/11/2020 00:04:55,29.09058189,26.09058189,7141.830078
14/11/2020 00:04:56,30.89022255,27.89022255,7393.209961
14/11/2020 00:04:57,30.72003555,27.43659973,7412.286133
14/11/2020 00:04:58,30.42188454,26.83659935,7407.825195
14/11/2020 00:04:59,30.12373352,26.23660088,7403.36377
14/11/2020 00:05:00,29.8255806,25.63660049,7398.902832
14/11/2020 00:05:01,29.52742958,25.03660011,7394.441895
14/11/2020 00:05:02,29.22927856,25.18549919,7293.469727
14/11/2020 00:05:03,28.93112755,25.38305092,7182.71875
14/11/2020 00:05:04,28.63297462,25.58060074,7071.967773
14/11/2020 00:05:05,28.33482361,25.77815056,6961.216797
14/11/2020 00:05:06,28.03667259,25.97570038,6850.466309
14/11/2020 00:05:07,27.11752892,24.76453972,6789.81543
14/11/2020 00:05:08,26.11128998,23.35580635,6737.25293
14/11/2020 00:05:09,25.10505104,21.94707108,6684.69043
14/11/2020 00:05:10,24.0988121,20.53833771,6632.12793
14/11/2020 00:05:11,23.09257317,19.12960434,6579.56543
14/11/2020 00:05:12,22.4552002,18.63680077,6372.676758
14/11/2020 00:05:13,21.85519981,18.23679924,6140.874023
14/11/2020 00:05:14,21.25519943,17.83679962,5909.071289
14/11/2020 00:05:15,20.65519905,17.4368,5677.268066
14/11/2020 00:05:16,20.05520058,17.03680038,5445.465332
14/11/2020 00:05:17,19.82009125,16.82009125,5149.123535
14/11/2020 00:05:18,19.62195396,16.62195396,4842.362305
14/11/2020 00:05:19,19.42381668,16.42381668,4535.601074
14/11/2020 00:05:20,19.2256794,16.2256794,4228.840332
14/11/2020 00:05:21,19.02754021,16.02754021,3922.079346
14/11/2020 00:05:22,18.13899994,15.13899994,3466.998291
14/11/2020 00:05:23,17.13899994,14.13899994,2987.972412
14/11/2020 00:05:24,16.13899994,13.13899994,2508.946777
14/11/2020 00:05:25,15.13899994,12.13899994,2029.921021
14/11/2020 00:05:26,14.13899994,11.13899994,1550.895142
14/11/2020 00:05:27,14.34440041,11.22912693,1439.550415
14/11/2020 00:05:28,14.74440002,11.49524307,1403.513672
14/11/2020 00:05:29,15.14439964,11.76136017,1367.477051
14/11/2020 00:05:30,15.54440022,12.02747631,1331.440308
14/11/2020 00:05:31,15.94439983,12.29359341,1295.403687
14/11/2020 00:05:32,16.34440041,12.55970955,1585.039795
14/11/2020 00:05:33,16.74440002,12.82582664,1964.932617
14/11/2020 00:05:34,17.14439964,13.09194374,2344.825439
14/11/2020 00:05:35,17.54439926,13.35805988,2724.718262
14/11/2020 00:05:36,17.94440079,13.62417698,3104.611084
14/11/2020 00:05:37,17.82886124,13.89029312,3358.737305
14/11/2020 00:05:38,17.63009262,14.15641022,3578.008789
14/11/2020 00:05:39,17.43132591,14.42252636,3797.280029
14/11/2020 00:05:40,17.2325573,14.68864346,4016.551514
14/11/2020 00:05:41,17.03379059,14.95476055,4235.822754
14/11/2020 00:05:42,19.96017456,17.63126564,4676.669922
14/11/2020 00:05:43,23.52664948,20.80146599,5173.604492
14/11/2020 00:05:44,27.09312439,23.97166634,5670.539063
14/11/2020 00:05:45,30.6595993,27.14186668,6167.474121
14/11/2020 00:05:46,34.22607422,30.31206703,6664.408691
14/11/2020 00:05:47,36.40940094,31.93959999,7176.719238
14/11/2020 00:05:48,38.20940018,33.13959885,7693.291016
14/11/2020 00:05:49,40.00939941,34.33959961,8209.862305
14/11/2020 00:05:50,41.80939865,35.53960037,8726.43457
14/11/2020 00:05:51,43.6094017,36.73960114,9243.005859
14/11/2020 00:05:52,42.90050125,36.05757141,9399.731445
14/11/2020 00:05:53,41.4962883,34.85396194,9447.141602
14/11/2020 00:05:54,40.09207535,33.65035248,9494.551758
14/11/2020 00:05:55,38.6878624,32.4467392,9541.961914
14/11/2020 00:05:56,37.28364944,31.24312973,9589.37207
14/11/2020 00:05:57,34.93140411,29.09052849,9406.259766
14/11/2020 00:05:58,32.33918381,26.69770622,9146.714844
14/11/2020 00:05:59,29.74695969,24.30488586,8887.169922
14/11/2020 00:06:00,27.15473557,21.9120636,8627.625
14/11/2020 00:06:01,24.56251335,19.51924133,8368.080078
14/11/2020 00:06:02,23.37559891,18.53169823,7726.437988
14/11/2020 00:06:03,22.5781498,17.93361282,6958.109375
14/11/2020 00:06:04,21.78070259,17.33552551,6189.780762
14/11/2020 00:06:05,20.98325348,16.73744011,5421.45166
14/11/2020 00:06:06,20.18580627,16.13935471,4653.123047
14/11/2020 00:06:07,20.30582047,16.15291023,4523.703613
14/11/2020 00:06:08,20.70454597,16.35227203,4623.458008
14/11/2020 00:06:09,21.10326958,16.55163383,4723.212402
14/11/2020 00:06:10,21.50199318,16.75099754,4822.966797
14/11/2020 00:06:11,21.90071678,16.95035934,4922.72168
14/11/2020 00:06:12,21.54940033,16.84980011,4881.818359
14/11/2020 00:06:13,20.94939995,16.64979935,4790.461426
14/11/2020 00:06:14,20.34939957,16.44980049,4699.10498
14/11/2020 00:06:15,19.74939919,16.24979973,4607.748535
14/11/2020 00:06:16,19.14940071,16.04980087,4516.391602
14/11/2020 00:06:17,19,16,4427.96582
14/11/2020 00:06:18,19,16,4341.405762
14/11/2020 00:06:19,19,16,4254.845215
14/11/2020 00:06:20,19,16,4168.285156
14/11/2020 00:06:21,19,16,4081.725098
14/11/2020 00:06:22,19.88319969,16.73600006,4222.896973
14/11/2020 00:06:23,21.08320045,17.73600006,4491.059082
14/11/2020 00:06:24,22.28319931,18.73600006,4759.22168
14/11/2020 00:06:25,23.48320007,19.73600006,5027.383789
14/11/2020 00:06:26,24.68320084,20.73600006,5295.545898
14/11/2020 00:06:27,24.85639,21,5430.139648
14/11/2020 00:06:28,24.66126823,21,5479.337402
14/11/2020 00:06:29,24.46614647,21,5528.534668
14/11/2020 00:06:30,24.2710247,21,5577.731934
14/11/2020 00:06:31,24.07590294,21,5626.929688
14/11/2020 00:06:32,24.12296295,21.12296295,5606.984375
14/11/2020 00:06:33,24.32420921,21.32420921,5539.975098
14/11/2020 00:06:34,24.52545738,21.52545738,5472.966309
14/11/2020 00:06:35,24.72670555,21.72670555,5405.957031
14/11/2020 00:06:36,24.92795372,21.92795372,5338.948242
14/11/2020 00:06:37,24.42490387,21.48966599,5312.773438
14/11/2020 00:06:38,23.52911377,20.69475365,5309.369141
14/11/2020 00:06:39,22.63332367,19.89984131,5305.964355
14/11/2020 00:06:40,21.73753357,19.10492897,5302.560059
14/11/2020 00:06:41,20.84174347,18.31001663,5299.155762
14/11/2020 00:06:42,19.94595337,17.39182472,5068.798828
14/11/2020 00:06:43,19.05016518,16.39481544,4702.851074
14/11/2020 00:06:44,18.15437508,15.39780617,4336.90332
14/11/2020 00:06:45,17.25858498,14.40079784,3970.955811
14/11/2020 00:06:46,16.36279488,13.40378857,3605.008057
14/11/2020 00:06:47,16.24025917,13.24025822,3529.009766
14/11/2020 00:06:48,16.64405441,13.64405441,3638.389404
14/11/2020 00:06:49,17.04784966,14.04784966,3747.769043
14/11/2020 00:06:50,17.4516449,14.45164585,3857.148438
14/11/2020 00:06:51,17.85544205,14.85544109,3966.528076
14/11/2020 00:06:52,18.76794243,15.5759573,4316.006836
14/11/2020 00:06:53,19.96411514,16.4730854,4808.931641
14/11/2020 00:06:54,21.16028786,17.37021446,5301.855957
14/11/2020 00:06:55,22.35645866,18.26734543,5794.780762
14/11/2020 00:06:56,23.55263138,19.16447449,6287.705078
14/11/2020 00:06:57,24.37440109,20.06160355,6586.082031
14/11/2020 00:06:58,24.9724884,20.9587326,6768.227539
14/11/2020 00:06:59,25.57057381,21.85586166,6950.373047
14/11/2020 00:07:00,26.16866112,22.75299072,7132.519043
14/11/2020 00:07:01,26.76674652,23.65011978,7314.664551
14/11/2020 00:07:02,27.61195755,24.4895668,7575.276367
14/11/2020 00:07:03,28.61516762,25.29213524,7892.942871
14/11/2020 00:07:04,29.61837959,26.09470367,8210.609375
14/11/2020 00:07:05,30.62158966,26.89727211,8528.275391
14/11/2020 00:07:06,31.62479973,27.69983864,8845.942383
14/11/2020 00:07:07,32.37559891,28.25040054,9051.932617
14/11/2020 00:07:08,32.9756012,28.65040016,9165.811523
14/11/2020 00:07:09,33.57559967,29.05039978,9279.69043
14/11/2020 00:07:10,34.17559814,29.4503994,9393.570313
14/11/2020 00:07:11,34.77560043,29.85040092,9507.449219
14/11/2020 00:07:12,34.25579453,29.50386429,9443.716797
14/11/2020 00:07:13,33.06697083,28.71131325,9223.741211
14/11/2020 00:07:14,31.87814522,27.91876411,9003.764648
14/11/2020 00:07:15,30.68931961,27.12621307,8783.789063
14/11/2020 00:07:16,29.50049591,26.33366394,8563.813477
14/11/2020 00:07:17,27.73404884,24.73404884,8146.026367
14/11/2020 00:07:18,25.54760551,22.54760551,7518.193359
14/11/2020 00:07:19,23.36116028,20.36116028,6890.36084
14/11/2020 00:07:20,21.17471695,18.17471695,6262.527832
14/11/2020 00:07:21,18.98827362,15.98827267,5634.694824
14/11/2020 00:07:22,18.87400246,15.76475239,5298.341797
14/11/2020 00:07:23,20.46889877,17.16028786,5271.498535
14/11/2020 00:07:24,22.06379509,18.55582047,5244.655273
14/11/2020 00:07:25,23.65869141,19.95135498,5217.812012
14/11/2020 00:07:26,25.25358772,21.3468895,5190.96875
14/11/2020 00:07:27,25.57836342,21.4729538,5221.145508
14/11/2020 00:07:28,24.78581429,20.48226738,5311.869629
14/11/2020 00:07:29,23.99326324,19.49157906,5402.59375
14/11/2020 00:07:30,23.20071411,18.50089073,5493.317871
14/11/2020 00:07:31,22.40816307,17.51020432,5584.041992
14/11/2020 00:07:32,21.90299988,17,5638.727539
14/11/2020 00:07:33,21.70299911,17,5661.710449
14/11/2020 00:07:34,21.50300026,17,5684.692871
14/11/2020 00:07:35,21.3029995,17,5707.675293
14/11/2020 00:07:36,21.10300064,17,5730.658203
14/11/2020 00:07:37,21.38800049,17.19400024,5768.913086
14/11/2020 00:07:38,22.18799973,17.59399986,5825.536133
14/11/2020 00:07:39,22.98800087,17.99399948,5882.15918
14/11/2020 00:07:40,23.78800011,18.3939991,5938.781738
14/11/2020 00:07:41,24.58799934,18.79400063,5995.404785
14/11/2020 00:07:42,24.75824928,19,5994.676758
14/11/2020 00:07:43,24.25979424,19,5933.050293
14/11/2020 00:07:44,23.76133919,19,5871.423828
14/11/2020 00:07:45,23.26288414,19,5809.797363
14/11/2020 00:07:46,22.764431,19,5748.170898
14/11/2020 00:07:47,22.26597595,18.79046822,5691.088379
14/11/2020 00:07:48,21.7675209,18.39661217,5639.837402
14/11/2020 00:07:49,21.26906586,18.00275612,5588.586426
14/11/2020 00:07:50,20.77061081,17.60890198,5537.334961
14/11/2020 00:07:51,20.27215576,17.21504593,5486.083984
14/11/2020 00:07:52,20.09136581,17,5450.929199
14/11/2020 00:07:53,20.29261398,17,5436.427734
14/11/2020 00:07:54,20.49386215,17,5421.92627
14/11/2020 00:07:55,20.69511032,17,5407.424805
14/11/2020 00:07:56,20.89635658,17,5392.92334
14/11/2020 00:07:57,20.42341995,16.51951599,5209.691406
14/11/2020 00:07:58,19.23459435,15.52882862,4726.493164
14/11/2020 00:07:59,18.04577065,14.53814125,4243.29541
14/11/2020 00:08:00,16.85694504,13.54745388,3760.097412
14/11/2020 00:08:01,15.66811943,12.55676651,3276.899658
14/11/2020 00:08:02,15.26280022,12.26280022,2964.19873
14/11/2020 00:08:03,15.86279964,12.86279964,2935.65918
14/11/2020 00:08:04,16.46279907,13.46280003,2907.119873
14/11/2020 00:08:05,17.06279945,14.06280041,2878.580566
14/11/2020 00:08:06,17.66279984,14.66279984,2850.041016
14/11/2020 00:08:07,18.08625412,15,2920.920654
14/11/2020 00:08:08,18.28318214,15,3168.544922
14/11/2020 00:08:09,18.48011017,15,3416.169189
14/11/2020 00:08:10,18.67703819,15,3663.793457
14/11/2020 00:08:11,18.87396622,15,3911.417725
14/11/2020 00:08:12,19.57773399,15.57773304,4205.714355
14/11/2020 00:08:13,21.18254852,17.18254852,4589.01416
14/11/2020 00:08:14,22.78736115,18.78736115,4972.313965
14/11/2020 00:08:15,24.39217567,20.39217567,5355.61377
14/11/2020 00:08:16,25.9969902,21.9969902,5738.913574
14/11/2020 00:08:17,26.85044861,22.92523193,6077.023438
14/11/2020 00:08:18,26.4516449,22.72584915,6322.549316
14/11/2020 00:08:19,26.05284119,22.52646828,6568.074707
14/11/2020 00:08:20,25.65403748,22.32708549,6813.600098
14/11/2020 00:08:21,25.25523376,22.12770462,7059.125488
14/11/2020 00:08:22,25,21.92832184,7202.417969
14/11/2020 00:08:23,25,21.72894096,7121.319336
14/11/2020 00:08:24,25,21.52955818,7040.220703
14/11/2020 00:08:25,25,21.33017731,6959.121582
14/11/2020 00:08:26,25,21.13079453,6878.022949
14/11/2020 00:08:27,25.96012688,21.96012688,6855.20459
14/11/2020 00:08:28,28.75119591,24.75119591,6970.334961
14/11/2020 00:08:29,31.54226494,27.54226494,7085.465332
14/11/2020 00:08:30,34.33333206,30.33333397,7200.595215
14/11/2020 00:08:31,37.12440109,33.12440109,7315.725586
14/11/2020 00:08:32,38.21515274,34.21515274,7423.719727
14/11/2020 00:08:33,35.82233429,31.82233238,7516.050293
14/11/2020 00:08:34,33.42951202,29.42951202,7608.380859
14/11/2020 00:08:35,31.03668976,27.03668976,7700.711426
14/11/2020 00:08:36,28.64386749,24.64386749,7793.04248
14/11/2020 00:08:37,27,23.06240082,7837.72168
14/11/2020 00:08:38,27,23.26176262,7769.611328
14/11/2020 00:08:39,27,23.46112442,7701.500488
14/11/2020 00:08:40,27,23.66048622,7633.389648
14/11/2020 00:08:41,27,23.85984802,7565.279297
14/11/2020 00:08:42,26.94040871,23.88081932,7494.547852
14/11/2020 00:08:43,26.73976707,23.47953415,7417.109863
14/11/2020 00:08:44,26.53912544,23.07825089,7339.672363
14/11/2020 00:08:45,26.33848381,22.67696571,7262.234863
14/11/2020 00:08:46,26.13784027,22.27568245,7184.796875
14/11/2020 00:08:47,25.75039864,21.78159904,7074.880371
14/11/2020 00:08:48,24.95295143,21.08383179,6867.526367
14/11/2020 00:08:49,24.15550232,20.38606453,6660.172363
14/11/2020 00:08:50,23.35805511,19.68829727,6452.818359
14/11/2020 00:08:51,22.560606,18.99053001,6245.464355
14/11/2020 00:08:52,21.70394707,18.29276276,5977.993164
14/11/2020 00:08:53,20.70713806,17.5949955,5556.699219
14/11/2020 00:08:54,19.71032715,16.89722824,5135.404785
14/11/2020 00:08:55,18.71351624,16.19946098,4714.110352
14/11/2020 00:08:56,17.71670723,15.50169468,4292.816406
14/11/2020 00:08:57,17,14.94414616,4027.245117
14/11/2020 00:08:58,17,14.74537849,4193.585449
14/11/2020 00:08:59,17,14.54661083,4359.925781
14/11/2020 00:09:00,17,14.34784317,4526.265625
14/11/2020 00:09:01,17,14.14907551,4692.605957
14/11/2020 00:09:02,17.3521843,14.35218334,4910.731934
14/11/2020 00:09:03,18.76091766,15.76091766,5261.363281
14/11/2020 00:09:04,20.16965103,17.16965103,5611.994629
14/11/2020 00:09:05,21.57838631,18.57838631,5962.625977
14/11/2020 00:09:06,22.98711967,19.98711967,6313.257813
14/11/2020 00:09:07,24.33612442,21.28010368,6643.838867
14/11/2020 00:09:08,25.53229713,22.2769146,6918.810547
14/11/2020 00:09:09,26.72846985,23.2737236,7193.781738
14/11/2020 00:09:10,27.92464066,24.27053452,7468.75293
14/11/2020 00:09:11,29.12081337,25.26734543,7743.724121
14/11/2020 00:09:12,30,26.15950966,8008.245117
14/11/2020 00:09:13,30,26.76143646,8246.027344
14/11/2020 00:09:14,30,27.36336327,8483.808594
14/11/2020 00:09:15,30,27.96528816,8721.589844
14/11/2020 00:09:16,30,28.56721497,8959.37207
14/11/2020 00:09:17,29.88795853,28.66279984,9113.881836
14/11/2020 00:09:18,29.48923492,27.46279907,9018.575195
14/11/2020 00:09:19,29.09050941,26.26280022,8923.268555
14/11/2020 00:09:20,28.69178581,25.06279945,8827.962891
14/11/2020 00:09:21,28.29306221,23.8628006,8732.65625
14/11/2020 00:09:22,27.62780952,22.66279984,8588.477539
14/11/2020 00:09:23,26.22331429,21.46279907,8308.744141
14/11/2020 00:09:24,24.81882095,20.26280022,8029.010254
14/11/2020 00:09:25,23.41432571,19.06279945,7749.277344
14/11/2020 00:09:26,22.00983238,17.8628006,7469.543945
14/11/2020 00:09:27,21.05585289,17.11170769,7203.626465
14/11/2020 00:09:28,21.25462151,17.50924301,6982.93457
14/11/2020 00:09:29,21.45338821,17.90677834,6762.243164
14/11/2020 00:09:30,21.65215683,18.30431366,6541.55127
14/11/2020 00:09:31,21.85092354,18.70184898,6320.859863
14/11/2020 00:09:32,22.2507515,19.20060158,6157.265625
14/11/2020 00:09:33,23.25376129,20.0030098,6180.580566
14/11/2020 00:09:34,24.25677109,20.80541611,6203.89502
14/11/2020 00:09:35,25.25977898,21.60782433,6227.209961
14/11/2020 00:09:36,26.26278877,22.41023064,6250.524902
14/11/2020 00:09:37,26.84197998,22.84197998,6269.951172
14/11/2020 00:09:38,26.24567604,22.24567604,6276.648438
14/11/2020 00:09:39,25.64937401,21.64937401,6283.345703
14/11/2020 00:09:40,25.05307007,21.05307007,6290.042969
14/11/2020 00:09:41,24.45676804,20.45676804,6296.740234
14/11/2020 00:09:42,24.04680061,20.32760048,6312.830078
14/11/2020 00:09:43,24.24679947,21.7276001,6362.613281
14/11/2020 00:09:44,24.44680023,23.12759972,6412.396484
14/11/2020 00:09:45,24.64679909,24.52759933,6462.179688
14/11/2020 00:09:46,24.84679985,25.92760086,6511.962891
14/11/2020 00:09:47,25.04680061,26.81279945,6545.637695
14/11/2020 00:09:48,25.24679947,26.01280022,6501.219238
14/11/2020 00:09:49,25.44680023,25.21279907,6456.800781
14/11/2020 00:09:50,25.64679909,24.41279984,6412.382324
14/11/2020 00:09:51,25.84679985,23.6128006,6367.963867
14/11/2020 00:09:52,25.67344475,22.62679482,6310.623535
14/11/2020 00:09:53,24.27791023,21.0318985,6173.904297
14/11/2020 00:09:54,22.88237572,19.43700218,6037.185547
14/11/2020 00:09:55,21.4868412,17.84210587,5900.466309
14/11/2020 00:09:56,20.09130859,16.24720955,5763.747559
14/11/2020 00:09:57,19.17277527,15.25916386,5645.667969
14/11/2020 00:09:58,19.96532631,16.44798851,5617.95459
14/11/2020 00:09:59,20.75787544,17.63681412,5590.240723
14/11/2020 00:10:00,21.55042648,18.82563972,5562.527344
14/11/2020 00:10:01,22.34297562,20.01446342,5534.813477
14/11/2020 00:10:02,22.79606438,20.76207542,5471.370117
14/11/2020 00:10:03,21.6034584,19.37070084,5252.588867
14/11/2020 00:10:04,20.41085243,17.97932816,5033.807129
14/11/2020 00:10:05,19.21824646,16.58795547,4815.025879
14/11/2020 00:10:06,18.02564049,15.19658089,4596.244141
14/11/2020 00:10:07,16.9436512,13.94365025,4329.49707
14/11/2020 00:10:08,16.54115486,13.54115486,3854.213135
14/11/2020 00:10:09,16.13866043,13.13865948,3378.929443
14/11/2020 00:10:10,15.73616409,12.73616409,2903.645508
14/11/2020 00:10:11,15.33366871,12.33366871,2428.361816
14/11/2020 00:10:12,15,12,2004.898193
14/11/2020 00:10:13,15,12,1863.937988
14/11/2020 00:10:14,15,12,1722.977783
14/11/2020 00:10:15,15,12,1582.017578
14/11/2020 00:10:16,15,12,1441.057373
14/11/2020 00:10:17,15.11219978,12.11219978,1380.704468
14/11/2020 00:10:18,15.71220016,12.71220016,1889.802856
14/11/2020 00:10:19,16.31220055,13.31219959,2398.901367
14/11/2020 00:10:20,16.91220093,13.91219997,2907.999756
14/11/2020 00:10:21,17.5121994,14.51220036,3417.098145
14/11/2020 00:10:22,18.26013565,15.22297287,3893.396484
14/11/2020 00:10:23,19.65123177,16.41534233,4137.979004
14/11/2020 00:10:24,21.04232979,17.60770988,4382.561523
14/11/2020 00:10:25,22.4334259,18.80007935,4627.144043
14/11/2020 00:10:26,23.82452393,19.99244881,4871.726074
14/11/2020 00:10:27,25.1232357,21.1232357,5127.450684
14/11/2020 00:10:28,25.91830635,21.91830635,5551.740234
14/11/2020 00:10:29,26.713377,22.713377,5976.029785
14/11/2020 00:10:30,27.50844765,23.50844765,6400.319336
14/11/2020 00:10:31,28.3035183,24.3035183,6824.609375
14/11/2020 00:10:32,28.67760086,24.70240021,7128.534668
14/11/2020 00:10:33,26.07760048,22.30240059,6438.338379
14/11/2020 00:10:34,23.4776001,19.90239906,5748.14209
14/11/2020 00:10:35,20.87759972,17.50239944,5057.945801
14/11/2020 00:10:36,18.27759933,15.10239983,4367.749512
14/11/2020 00:10:37,15.98353481,12.98353481,3693.919678
14/11/2020 00:10:38,15.85074997,12.85074997,3267.695801
14/11/2020 00:10:39,15.71796608,12.71796608,2841.472168
14/11/2020 00:10:40,15.58518124,12.58518124,2415.248291
14/11/2020 00:10:41,15.45239639,12.45239639,1989.024658
14/11/2020 00:10:42,15.3196125,12.3196125,1583.494507
14/11/2020 00:10:43,15.18682766,12.18682766,1379.782959
14/11/2020 00:10:44,15.05404282,12.05404282,1176.071289
14/11/2020 00:10:45,14.92125893,11.92125893,972.3596802
14/11/2020 00:10:46,14.78847408,11.78847408,768.6480713
14/11/2020 00:10:47,14.65569019,11.65569019,570.1185303
14/11/2020 00:10:48,14.52290535,11.52290535,479.0601807
14/11/2020 00:10:49,14.39012051,11.39012051,388.0018616
14/11/2020 00:10:50,14.25733662,11.25733662,296.9435425
14/11/2020 00:10:51,14.12455177,11.12455177,205.8852234
14/11/2020 00:10:52,14,11,118.1253586
14/11/2020 00:10:53,14,11,98.77254486
14/11/2020 00:10:54,14,11,79.41973877
14/11/2020 00:10:55,14,11,60.06692886
14/11/2020 00:10:56,14,11,40.71411896
14/11/2020 00:10:57,14,11,21.58407593
14/11/2020 00:10:58,14,11,18.14319992
14/11/2020 00:10:59,14,11,14.70232391
14/11/2020 00:11:00,14,11,11.26144791
14/11/2020 00:11:01,14,11,7.820572376
14/11/2020 00:11:02,14,11,4.461251736
14/11/2020 00:11:03,14,11,3.738899231
14/11/2020 00:11:04,14,11,3.016546488
14/11/2020 00:11:05,14,11,2.294193506
14/11/2020 00:11:06,14,11,1.571840763
14/11/2020 00:11:07,14,11,0.84948796
14/11/2020 00:11:08,14,11,0.814599335
14/11/2020 00:11:09,14,11,0.814372718
14/11/2020 00:11:10,14,11,0.814146101
14/11/2020 00:11:11,14,11,0.813919544
14/11/2020 00:11:12,14,11,0.813692927
14/11/2020 00:11:13,14,11,0.813466311
14/11/2020 00:11:14,14,11,0.813239753
14/11/2020 00:11:15,14,11,0.813013136
14/11/2020 00:11:16,14,11,0.81278652
14/11/2020 00:11:17,14,11,0.812559903
14/11/2020 00:11:18,14,11,0.812333345
14/11/2020 00:11:19,14,11,0.812106729
14/11/2020 00:11:20,14,11,0.811880112
14/11/2020 00:11:21,14,11,0.811653554
14/11/2020 00:11:22,14,11,0.811426938
14/11/2020 00:11:23,14,11,0.811200321
14/11/2020 00:11:24,14,11,0.810973763
14/11/2020 00:11:25,14,11,0.810747147
14/11/2020 00:11:26,14,11,0.81052053
14/11/2020 00:11:27,14,11,0.810293913
14/11/2020 00:11:28,14,11,0.810067356
14/11/2020 00:11:29,14,11,0.809840739
14/11/2020 00:11:30,14,11,0.809614122
14/11/2020 00:11:31,14,11,0.809387565
14/11/2020 00:11:32,14,11,0.809160948
14/11/2020 00:11:33,14,11,0.808934331
14/11/2020 00:11:34,14,11,0.808707714
14/11/2020 00:11:35,14,11,0.808481157
14/11/2020 00:11:36,14,11,0.80825454
14/11/2020 00:11:37,14,11,0.808027923
14/11/2020 00:11:38,14,11,0.807801366
14/11/2020 00:11:39,14,11,0.807574749
14/11/2020 00:11:40,14,11,0.807348132
14/11/2020 00:11:41,14,11,0.807121575
14/11/2020 00:11:42,14,11,0.806894958
14/11/2020 00:11:43,14,11,0.806668341
14/11/2020 00:11:44,14,11,0.806441724
14/11/2020 00:11:45,14,11,0.806215167
14/11/2020 00:11:46,14,11,0.80598855
14/11/2020 00:11:47,14,11,0.805761933
14/11/2020 00:11:48,14,11,0.805535376
14/11/2020 00:11:49,14,11,0.805308759
14/11/2020 00:11:50,14,11,0.805082142
14/11/2020 00:11:51,14,11,0.804855585
14/11/2020 00:11:52,14,11,0.804628968
14/11/2020 00:11:53,14,11,0.804402351
14/11/2020 00:11:54,14,11,0.804175735
14/11/2020 00:11:55,14,11,0.803949177
14/11/2020 00:11:56,14,11,0.80372256
14/11/2020 00:11:57,14,11,0.803495944
14/11/2020 00:11:58,14,11,0.803269386
14/11/2020 00:11:59,14,11,0.803042769
14/11/2020 00:12:00,14,11,0.802816153
14/11/2020 00:12:01,14,11,0.802589595
14/11/2020 00:12:02,14,11,0.802362978
14/11/2020 00:12:03,14,11,0.802136362
14/11/2020 00:12:04,14,11,0.801909745
14/11/2020 00:12:05,14,11,0.801683187
14/11/2020 00:12:06,14,11,0.801456571
14/11/2020 00:12:07,14,11,0.801229954
14/11/2020 00:12:08,14,11,0.801003397
14/11/2020 00:12:09,14,11,0.80077678
14/11/2020 00:12:10,14,11,0.800550163
14/11/2020 00:12:11,14,11,0.800323546
14/11/2020 00:12:12,14,11,0.800096989
14/11/2020 00:12:13,14,11,0.799870372
14/11/2020 00:12:14,14,11,0.799643755
14/11/2020 00:12:15,14,11,0.799417198
14/11/2020 00:12:16,14,11,0.799190581
14/11/2020 00:12:17,14,11,0.798963964
14/11/2020 00:12:18,14,11,0.798737407
14/11/2020 00:12:19,14,11,0.79851079
14/11/2020 00:12:20,14,11,0.798284173
14/11/2020 00:12:21,14,11,0.798057556
14/11/2020 00:12:22,14,11,0.797830999
14/11/2020 00:12:23,14,11,0.797604382
14/11/2020 00:12:24,14,11,0.797377765
14/11/2020 00:12:25,14,11,0.797151208
14/11/2020 00:12:26,14,11,0.796924591
14/11/2020 00:12:27,14,11,0.796697974
14/11/2020 00:12:28,14,11,0.796471417
14/11/2020 00:12:29,14,11,0.7962448
14/11/2020 00:12:30,14,11,0.796018183
14/11/2020 00:12:31,14,11,0.795791566
14/11/2020 00:12:32,14,11,0.795565009
14/11/2020 00:12:33,14,11,0.795338392
14/11/2020 00:12:34,14,11,0.795111775
14/11/2020 00:12:35,14,11,0.794885218
14/11/2020 00:12:36,14,11,0.794658601
14/11/2020 00:12:37,14,11,0.794431984
14/11/2020 00:12:38,14,11,0.794205368
14/11/2020 00:12:39,14,11,0.79397881
14/11/2020 00:12:40,14,11,0.793752193
14/11/2020 00:12:41,14,11,0.793525577
14/11/2020 00:12:42,14,11,0.793299019
14/11/2020 00:12:43,14,11,0.793072402
14/11/2020 00:12:44,14,11,0.792845786
14/11/2020 00:12:45,14,11,0.792619228
14/11/2020 00:12:46,14,11,0.792392612
14/11/2020 00:12:47,14,11,0.792165995
14/11/2020 00:12:48,14,11,0.791939378
14/11/2020 00:12:49,14,11,0.791712821
14/11/2020 00:12:50,14,11,0.791486204
14/11/2020 00:12:51,14,11,0.791259587
14/11/2020 00:12:52,14,11,0.79103303
14/11/2020 00:12:53,14.14294243,11,0.790806413
14/11/2020 00:12:54,14.34230423,11,0.790579796
14/11/2020 00:12:55,14.54166698,11,0.790353239
14/11/2020 00:12:56,14.74102879,11,0.790126622
14/11/2020 00:12:57,14.94039059,11,0.789900005
14/11/2020 00:12:58,14.93011665,11,0.789673388
14/11/2020 00:12:59,14.83042526,11,0.789446831
14/11/2020 00:13:00,14.73073483,11,0.789220214
14/11/2020 00:13:01,14.63104343,11,0.788993597
14/11/2020 00:13:02,14.531353,11,0.78876704
14/11/2020 00:13:03,14.43166161,11,0.788540423
14/11/2020 00:13:04,14.33197117,11,0.788313806
14/11/2020 00:13:05,14.23227978,11,0.788087189
14/11/2020 00:13:06,14.13258934,11,0.787860632
14/11/2020 00:13:07,14.03289795,11,0.787634015
14/11/2020 00:13:08,14,11,0.787407398
14/11/2020 00:13:09,14,11,0.787180841
14/11/2020 00:13:10,14,11,0.786954224
14/11/2020 00:13:11,14,11,0.786727607
14/11/2020 00:13:12,14,11,0.78650105
14/11/2020 00:13:13,14,11,0.786274433
14/11/2020 00:13:14,14,11,0.786047816
14/11/2020 00:13:15,14,11,0.785821199
14/11/2020 00:13:16,14,11,0.785594642
14/11/2020 00:13:17,14,11,0.785368025
14/11/2020 00:13:18,14,11,0.785141408
14/11/2020 00:13:19,14,11,0.784914851
14/11/2020 00:13:20,14,11,0.784688234
14/11/2020 00:13:21,14,11,0.784461617
14/11/2020 00:13:22,14,11,0.78423506
14/11/2020 00:13:23,14,11,0.784008443
14/11/2020 00:13:24,14,11,0.783781826
14/11/2020 00:13:25,14,11,0.78355521
14/11/2020 00:13:26,14,11,0.783328652
14/11/2020 00:13:27,14,11,0.783102036
14/11/2020 00:13:28,14,11,0.782875419
14/11/2020 00:13:29,14,11,0.782648861
14/11/2020 00:13:30,14,11,0.782422245
14/11/2020 00:13:31,14,11,0.782195628
14/11/2020 00:13:32,14,11,0.78196907
14/11/2020 00:13:33,14,11,0.781742454
14/11/2020 00:13:34,14,11,0.781515837
14/11/2020 00:13:35,14,11,0.78128922
14/11/2020 00:13:36,14,11,0.781062663
14/11/2020 00:13:37,14,11,0.780836046
14/11/2020 00:13:38,14,11,0.780609429
14/11/2020 00:13:39,14,11,0.780382872
14/11/2020 00:13:40,14,11,0.780156255
14/11/2020 00:13:41,14,11,0.779929638
14/11/2020 00:13:42,14,11,0.779703021
14/11/2020 00:13:43,14.12681389,11,0.779476464
14/11/2020 00:13:44,14.32558155,11,0.779249847
14/11/2020 00:13:45,14.52434921,11,0.77902323
14/11/2020 00:13:46,14.72311687,11,0.778796673
14/11/2020 00:13:47,14.92188454,11,0.778570056
14/11/2020 00:13:48,14.8778429,11,0.778343439
14/11/2020 00:13:49,14.67659473,11,0.778116882
14/11/2020 00:13:50,14.47534752,11,0.777890265
14/11/2020 00:13:51,14.27409935,11,0.777663648
14/11/2020 00:13:52,14.07285213,11,0.777437031
14/11/2020 00:13:53,14,11,0.777210474
14/11/2020 00:13:54,14,11,0.776983857
14/11/2020 00:13:55,14,11,0.77675724
14/11/2020 00:13:56,14,11,0.776530683
14/11/2020 00:13:57,14,11,0.776304066
14/11/2020 00:13:58,14,11,0.776077449
14/11/2020 00:13:59,14,11,0.775850892
14/11/2020 00:14:00,14,11,0.775624275
14/11/2020 00:14:01,14,11,0.775397658
14/11/2020 00:14:02,14,11,0.775171041
14/11/2020 00:14:03,14,11,0.774944484
14/11/2020 00:14:04,14,11,0.774717867
14/11/2020 00:14:05,14,11,0.774491251
14/11/2020 00:14:06,14,11,0.774264693
14/11/2020 00:14:07,14,11,0.774038076
14/11/2020 00:14:08,14.12479973,11,0.77381146
14/11/2020 00:14:09,14.32544136,11,0.773584843
14/11/2020 00:14:10,14.52608299,11,0.773358285
14/11/2020 00:14:11,14.72672558,11,0.773131669
14/11/2020 00:14:12,14.92736721,11,0.772905052
14/11/2020 00:14:13,14.93630219,11,0.772678494
14/11/2020 00:14:14,14.83646202,11,0.772451878
14/11/2020 00:14:15,14.73662186,11,0.772225261
14/11/2020 00:14:16,14.63678074,11,0.771998703
14/11/2020 00:14:17,14.53694057,11,0.771772087
14/11/2020 00:14:18,14.43710041,11,0.77154547
14/11/2020 00:14:19,14.33726025,11,0.771318853
14/11/2020 00:14:20,14.23742008,11,0.771092296
14/11/2020 00:14:21,14.13757992,11,0.770865679
14/11/2020 00:14:22,14.03773975,11,0.770639062
14/11/2020 00:14:23,14,11,0.770412505
14/11/2020 00:14:24,14,11,0.770185888
14/11/2020 00:14:25,14,11,0.769959271
14/11/2020 00:14:26,14,11,0.769732714
14/11/2020 00:14:27,14,11,0.769506097
14/11/2020 00:14:28,14,11,0.76927948
14/11/2020 00:14:29,14,11,0.769052863
14/11/2020 00:14:30,14,11,0.768826306
14/11/2020 00:14:31,14,11,0.768599689
14/11/2020 00:14:32,14,11,0.768373072
14/11/2020 00:14:33,14.10528374,11,0.768146515
14/11/2020 00:14:34,14.30468559,11,0.767919898
14/11/2020 00:14:35,14.50408745,11,0.767693281
14/11/2020 00:14:36,14.7034893,11,0.767466724
14/11/2020 00:14:37,14.90289116,11,0.767240107
14/11/2020 00:14:38,14.89867687,11,0.76701349
14/11/2020 00:14:39,14.7011652,11,0.766786873
14/11/2020 00:14:40,14.50365353,11,0.766560316
14/11/2020 00:14:41,14.30614281,11,0.766333699
14/11/2020 00:14:42,14.10863113,11,0.766107082
14/11/2020 00:14:43,14.08944511,11,0.765880525
14/11/2020 00:14:44,14.28821278,11,0.765653908
14/11/2020 00:14:45,14.48698044,11,0.765427291
14/11/2020 00:14:46,14.6857481,11,0.765200675
14/11/2020 00:14:47,14.88451576,11,0.764974117
14/11/2020 00:14:48,14.95829582,11,0.7647475
14/11/2020 00:14:49,14.85876369,11,0.764520884
14/11/2020 00:14:50,14.75923157,11,0.764294326
14/11/2020 00:14:51,14.65969944,11,0.764067709
14/11/2020 00:14:52,14.56016731,11,0.763841093
14/11/2020 00:14:53,14.46063519,11,0.763614535
14/11/2020 00:14:54,14.36110306,11,0.763387918
14/11/2020 00:14:55,14.26157093,11,0.763161302
14/11/2020 00:14:56,14.1620388,11,0.762934685
14/11/2020 00:14:57,14.06250668,11,0.762708127
14/11/2020 00:14:58,14.07281303,11.07281303,0.762481511
14/11/2020 00:14:59,14.2685461,11.2685461,0.762254894
14/11/2020 00:15:00,14.46427917,11.46427917,0.762028337
14/11/2020 00:15:01,14.66001129,11.66001129,0.76180172
14/11/2020 00:15:02,14.85574436,11.85574436,0.761575103
14/11/2020 00:15:03,14.94707203,11.94707203,0.761348546
14/11/2020 00:15:04,14.74582386,11.74582386,0.761121929
14/11/2020 00:15:05,14.54457664,11.54457664,0.760895312
14/11/2020 00:15:06,14.34332848,11.34332848,0.760668695
14/11/2020 00:15:07,14.14208126,11.14208126,0.760442138
14/11/2020 00:15:08,14.05825233,11.05825233,0.760215521
14/11/2020 00:15:09,14.25638962,11.25638962,0.759988904
14/11/2020 00:15:10,14.45452785,11.45452785,0.759762347
14/11/2020 00:15:11,14.65266514,11.65266514,0.75953573
14/11/2020 00:15:12,14.85080242,11.85080242,0.759309113
14/11/2020 00:15:13,14.97549152,11.97549152,0.759082496
14/11/2020 00:15:14,14.87626553,11.87626553,0.758855939
14/11/2020 00:15:15,14.77703953,11.77703953,0.758629322
14/11/2020 00:15:16,14.67781353,11.67781353,0.758402705
14/11/2020 00:15:17,14.57858658,11.57858658,0.758176148
14/11/2020 00:15:18,14.47936058,11.47936058,0.757949531
14/11/2020 00:15:19,14.38013458,11.38013458,0.757722914
14/11/2020 00:15:20,14.28090858,11.28090858,0.757496357
14/11/2020 00:15:21,14.18168259,11.18168259,0.75726974
14/11/2020 00:15:22,14.08245659,11.08245659,0.757043123
14/11/2020 00:15:23,14.03358459,11,0.756816506
14/11/2020 00:15:24,14.23231316,11,0.756589949
14/11/2020 00:15:25,14.43104172,11,0.756363332
14/11/2020 00:15:26,14.62976933,11,0.756136715
14/11/2020 00:15:27,14.82849789,11,0.755910158
14/11/2020 00:15:28,14.97302055,11,0.755683541
14/11/2020 00:15:29,14.77609253,11,0.755456924
14/11/2020 00:15:30,14.57916546,11,0.755230367
14/11/2020 00:15:31,14.38223743,11,0.75500375
14/11/2020 00:15:32,14.18530941,11,0.754777133
14/11/2020 00:15:33,14.01179981,11.01179981,0.754550517
14/11/2020 00:15:34,14.21179962,11.21179962,0.754323959
14/11/2020 00:15:35,14.41180038,11.41180038,0.754097342
14/11/2020 00:15:36,14.61180019,11.61180019,0.753870726
14/11/2020 00:15:37,14.8118,11.8118,0.753644168
14/11/2020 00:15:38,14.98834419,11.99416351,0.753417552
14/11/2020 00:15:39,14.79079437,11.89524174,0.753190935
14/11/2020 00:15:40,14.5932436,11.79631996,0.752964318
14/11/2020 00:15:41,14.39569378,11.69739819,0.752737761
14/11/2020 00:15:42,14.19814301,11.59847641,0.752511144
14/11/2020 00:15:43,14.00059223,11.49955463,0.752284527
14/11/2020 00:15:44,14.09891891,11.40063286,0.75205797
14/11/2020 00:15:45,14.19813442,11.30171108,0.751831353
14/11/2020 00:15:46,14.29735088,11.20278931,0.751604736
14/11/2020 00:15:47,14.39656734,11.10386753,0.751378179
14/11/2020 00:15:48,14.49578285,11.00494576,0.751151562
14/11/2020 00:15:49,14.59499931,11,0.750924945
14/11/2020 00:15:50,14.69421577,11,0.750698328
14/11/2020 00:15:51,14.79343224,11,0.750471771
14/11/2020 00:15:52,14.89264774,11,0.750245154
14/11/2020 00:15:53,14.9918642,11,0.750018537
14/11/2020 00:15:54,14.81694889,11,0.74979198
14/11/2020 00:15:55,14.61754704,11,0.749565363
14/11/2020 00:15:56,14.41814518,11,0.749338746
14/11/2020 00:15:57,14.21874332,11,0.749112189
14/11/2020 00:15:58,14.01934242,11,0.748885572
14/11/2020 00:15:59,14.18060017,11.18060017,0.748658955
14/11/2020 00:16:00,14.38059998,11.38059998,0.748432338
14/11/2020 00:16:01,14.58059978,11.58059978,0.748205781
14/11/2020 00:16:02,14.78059959,11.78059959,0.747979164
14/11/2020 00:16:03,14.98060036,11.98060036,0.747752547
14/11/2020 00:16:04,14.81939983,11.81939983,0.74752599
14/11/2020 00:16:05,14.61940002,11.61940002,0.747299373
14/11/2020 00:16:06,14.41940022,11.41940022,0.747072756
14/11/2020 00:16:07,14.21940041,11.21940041,0.746846199
14/11/2020 00:16:08,14.01939964,11.01939964,0.746619582
14/11/2020 00:16:09,14,11,0.746392965
14/11/2020 00:16:10,14,11,0.746166348
14/11/2020 00:16:11,14,11,0.745939791
14/11/2020 00:16:12,14,11,0.745713174
14/11/2020 00:16:13,14,11,0.745486557
14/11/2020 00:16:14,14.17683411,11.17683411,0.74526
14/11/2020 00:16:15,14.37619591,11.37619591,0.745033383
14/11/2020 00:16:16,14.57555866,11.57555866,0.744806767
14/11/2020 00:16:17,14.77492046,11.77492046,0.74458015
14/11/2020 00:16:18,14.97428226,11.97428226,0.744353592
14/11/2020 00:16:19,14.82524109,11.82524109,0.744126976
14/11/2020 00:16:20,14.6245985,11.6245985,0.743900359
14/11/2020 00:16:21,14.42395687,11.42395687,0.743673801
14/11/2020 00:16:22,14.22331429,11.22331429,0.743447185
14/11/2020 00:16:23,14.02267265,11.02267265,0.743220568
14/11/2020 00:16:24,14.17683411,11,0.74299401
14/11/2020 00:16:25,14.37619591,11,0.742767394
14/11/2020 00:16:26,14.57555866,11,0.742540777
14/11/2020 00:16:27,14.77492046,11,0.74231416
14/11/2020 00:16:28,14.97428226,11,0.742087603
14/11/2020 00:16:29,15,11,0.741860986
14/11/2020 00:16:30,15,11,0.741634369
14/11/2020 00:16:31,15,11,0.741407812
14/11/2020 00:16:32,15,11,0.741181195
14/11/2020 00:16:33,15,11,0.740954578
14/11/2020 00:16:34,14.83149433,11,0.740728021
14/11/2020 00:16:35,14.63089275,11,0.740501404
14/11/2020 00:16:36,14.43029118,11,0.740274787
14/11/2020 00:16:37,14.22968864,11,0.74004817
14/11/2020 00:16:38,14.02908707,11,0.739821613
14/11/2020 00:16:39,14.17099953,11,0.739594996
14/11/2020 00:16:40,14.37100029,11,0.739368379
14/11/2020 00:16:41,14.5710001,11,0.739141822
14/11/2020 00:16:42,14.77099991,11,0.738915205
14/11/2020 00:16:43,14.97099972,11,0.738688588
14/11/2020 00:16:44,14.83005333,11,0.738461971
14/11/2020 00:16:45,14.63128567,11,0.738235414
14/11/2020 00:16:46,14.43251801,11,0.738008797
14/11/2020 00:16:47,14.23375034,11,0.73778218
14/11/2020 00:16:48,14.03498268,11,0.737555623
14/11/2020 00:16:49,14.16378498,11,0.737329006
14/11/2020 00:16:50,14.36255264,11,0.737102389
14/11/2020 00:16:51,14.56131935,11,0.736875832
14/11/2020 00:16:52,14.76008701,11,0.736649215
14/11/2020 00:16:53,14.95885468,11,0.736422598
14/11/2020 00:16:54,14.84140015,11,0.736195982
14/11/2020 00:16:55,14.64140034,11,0.735969424
14/11/2020 00:16:56,14.44139957,11,0.735742807
14/11/2020 00:16:57,14.24139977,11,0.735516191
14/11/2020 00:16:58,14.04139996,11,0.735289633
14/11/2020 00:16:59,14,11,0.735063016
14/11/2020 00:17:00,14,11,0.7348364
14/11/2020 00:17:01,14,11,0.734609842
14/11/2020 00:17:02,14,11,0.734383225
14/11/2020 00:17:03,14,11,0.734156609
14/11/2020 00:17:04,14.14920044,11.14920044,0.733929992
14/11/2020 00:17:05,14.34920025,11.34920025,0.733703434
14/11/2020 00:17:06,14.54920006,11.54920006,0.733476818
14/11/2020 00:17:07,14.74919987,11.74919987,0.733250201
14/11/2020 00:17:08,14.94919968,11.94919968,0.733023643
14/11/2020 00:17:09,14.85127544,11.85127544,0.732797027
14/11/2020 00:17:10,14.65191364,11.65191364,0.73257041
14/11/2020 00:17:11,14.45255184,11.45255184,0.732343853
14/11/2020 00:17:12,14.25319004,11.25319004,0.732117236
14/11/2020 00:17:13,14.05382729,11.05382729,0.731890619
14/11/2020 00:17:14,14.14691067,11.14691067,0.731664002
14/11/2020 00:17:15,14.34815884,11.34815884,0.731437445
14/11/2020 00:17:16,14.54940605,11.54940605,0.731210828
14/11/2020 00:17:17,14.75065422,11.75065422,0.730984211
14/11/2020 00:17:18,14.95190144,11.95190144,0.730757654
14/11/2020 00:17:19,14.84825516,11.84825516,0.730531037
14/11/2020 00:17:20,14.6488533,11.6488533,0.73030442
14/11/2020 00:17:21,14.44945145,11.44945145,0.730077803
14/11/2020 00:17:22,14.25004959,11.25004959,0.729851246
14/11/2020 00:17:23,14.05064774,11.05064774,0.729624629
14/11/2020 00:17:24,14,11,0.729398012
14/11/2020 00:17:25,14,11,0.729171455
14/11/2020 00:17:26,14,11,0.728944838
14/11/2020 00:17:27,14,11,0.728718221
14/11/2020 00:17:28,14,11,0.728491664
14/11/2020 00:17:29,14.14463997,11.14463997,0.728265047
14/11/2020 00:17:30,14.34277821,11.34277821,0.72803843
14/11/2020 00:17:31,14.54091549,11.54091549,0.727811813
14/11/2020 00:17:32,14.73905277,11.73905277,0.727585256
14/11/2020 00:17:33,14.93719006,11.93719006,0.727358639
14/11/2020 00:17:34,14.86296177,11.86296177,0.727132022
14/11/2020 00:17:35,14.66231918,11.66231918,0.726905465
14/11/2020 00:17:36,14.46167755,11.46167755,0.726678848
14/11/2020 00:17:37,14.26103497,11.26103497,0.726452231
14/11/2020 00:17:38,14.06039333,11.06039333,0.726225674
14/11/2020 00:17:39,14.13891125,11,0.725999057
14/11/2020 00:17:40,14.33763885,11,0.72577244
14/11/2020 00:17:41,14.53636742,11,0.725545824
14/11/2020 00:17:42,14.73509502,11,0.725319266
14/11/2020 00:17:43,14.93382359,11,0.725092649
14/11/2020 00:17:44,14.93340015,11,0.724866033
14/11/2020 00:17:45,14.8335495,11,0.724639475
14/11/2020 00:17:46,14.7336998,11,0.724412858
14/11/2020 00:17:47,14.63384914,11,0.724186242
14/11/2020 00:17:48,14.53399944,11,0.723959625
14/11/2020 00:17:49,14.43414879,11,0.723733068
14/11/2020 00:17:50,14.33429813,11,0.723506451
14/11/2020 00:17:51,14.23444843,11,0.723279834
14/11/2020 00:17:52,14.13459778,11,0.723053277
14/11/2020 00:17:53,14.03474808,11,0.72282666
14/11/2020 00:17:54,14.1299839,11,0.722600043
14/11/2020 00:17:55,14.3293457,11,0.722373486
14/11/2020 00:17:56,14.52870846,11,0.722146869
14/11/2020 00:17:57,14.72807026,11,0.721920252
14/11/2020 00:17:58,14.92743206,11,0.721693635
14/11/2020 00:17:59,14.87279987,11,0.721467078
14/11/2020 00:18:00,14.67280006,11,0.721240461
14/11/2020 00:18:01,14.47280025,11,0.721013844
14/11/2020 00:18:02,14.27280045,11,0.720787287
14/11/2020 00:18:03,14.07279968,11,0.72056067
14/11/2020 00:18:04,14.1276083,11.1276083,0.720334053
14/11/2020 00:18:05,14.32824993,11.32824993,0.720107496
14/11/2020 00:18:06,14.52889252,11.52889252,0.719880879
14/11/2020 00:18:07,14.72953415,11.72953415,0.719654262
14/11/2020 00:18:08,14.93017673,11.93017673,0.719427645
14/11/2020 00:18:09,14.87081432,11.93531132,0.719201088
14/11/2020 00:18:10,14.67267704,11.83609486,0.718974471
14/11/2020 00:18:11,14.47453976,11.7368784,0.718747854
14/11/2020 00:18:12,14.27640152,11.63766289,0.718521297
14/11/2020 00:18:13,14.07826424,11.53844643,0.71829468
14/11/2020 00:18:14,14.0602169,11.43922997,0.718068063
14/11/2020 00:18:15,14.15974903,11.3400135,0.717841446
14/11/2020 00:18:16,14.25928116,11.240798,0.717614889
14/11/2020 00:18:17,14.35881329,11.14158154,0.717388272
14/11/2020 00:18:18,14.45834541,11.04236507,0.717161655
14/11/2020 00:18:19,14.55787754,11,0.716935098
14/11/2020 00:18:20,14.65741062,11,0.716708481
14/11/2020 00:18:21,14.75694275,11,0.716481864
14/11/2020 00:18:22,14.85647488,11,0.716255307
14/11/2020 00:18:23,14.956007,11,0.71602869
14/11/2020 00:18:24,15,11.11159992,0.715802073
14/11/2020 00:18:25,15,11.31159973,0.715575457
14/11/2020 00:18:26,15,11.51159954,0.715348899
14/11/2020 00:18:27,15,11.7116003,0.715122283
14/11/2020 00:18:28,15,11.91160011,0.714895666
14/11/2020 00:18:29,15,11.94428921,0.714669108
14/11/2020 00:18:30,15,11.84444904,0.714442492
14/11/2020 00:18:31,15,11.74460888,0.714215875
14/11/2020 00:18:32,15,11.64476871,0.713989317
14/11/2020 00:18:33,15,11.54492855,0.713762701
14/11/2020 00:18:34,15,11.44508743,0.713536084
14/11/2020 00:18:35,15,11.34524727,0.713309467
14/11/2020 00:18:36,15,11.2454071,0.71308291
14/11/2020 00:18:37,15,11.14556694,0.712856293
14/11/2020 00:18:38,15,11.04572678,0.712629676
14/11/2020 00:18:39,15,11.10840034,0.712403119
14/11/2020 00:18:40,15,11.30840015,0.712176502
14/11/2020 00:18:41,15,11.50839996,0.711949885
14/11/2020 00:18:42,15,11.70839977,0.711723328
14/11/2020 00:18:43,15,11.90839958,0.711496711
14/11/2020 00:18:44,14.89194584,11.89194584,0.711270094
14/11/2020 00:18:45,14.69258404,11.69258404,0.711043477
14/11/2020 00:18:46,14.49322128,11.49322128,0.71081692
14/11/2020 00:18:47,14.29385948,11.29385948,0.710590303
14/11/2020 00:18:48,14.09449768,11.09449768,0.710363686
14/11/2020 00:18:49,14.05252075,11.1048851,0.710137129
14/11/2020 00:18:50,14.15237141,11.30428696,0.709910512
14/11/2020 00:18:51,14.25222206,11.50368881,0.709683895
14/11/2020 00:18:52,14.35207176,11.70309067,0.709457278
14/11/2020 00:18:53,14.45192242,11.90249252,0.709230721
14/11/2020 00:18:54,14.55177212,11.89780045,0.709004104
14/11/2020 00:18:55,14.65162277,11.69779968,0.708777487
14/11/2020 00:18:56,14.75147247,11.49779987,0.70855093
14/11/2020 00:18:57,14.85132313,11.29780006,0.708324313
14/11/2020 00:18:58,14.95117283,11.09780025,0.708097696
14/11/2020 00:18:59,15,11,0.707871139
14/11/2020 00:19:00,15,11,0.707644522
14/11/2020 00:19:01,15,11,0.707417905
14/11/2020 00:19:02,15,11,0.707191288
14/11/2020 00:19:03,15,11,0.706964731
14/11/2020 00:19:04,15,11.09610748,0.706738114
14/11/2020 00:19:05,15,11.29675007,0.706511497
14/11/2020 00:19:06,15,11.4973917,0.70628494
14/11/2020 00:19:07,15,11.69803333,0.706058323
14/11/2020 00:19:08,15,11.89867592,0.705831707
14/11/2020 00:19:09,15,11.90223217,0.705605149
14/11/2020 00:19:10,15,11.7047205,0.705378532
14/11/2020 00:19:11,15,11.50720882,0.705151916
14/11/2020 00:19:12,15,11.3096981,0.704925299
14/11/2020 00:19:13,15,11.11218643,0.704698741
14/11/2020 00:19:14,15,11.08667755,0.704472125
14/11/2020 00:19:15,15,11.28731918,0.704245508
14/11/2020 00:19:16,15,11.48796177,0.70401895
14/11/2020 00:19:17,15,11.6886034,0.703792334
14/11/2020 00:19:18,15,11.88924599,0.703565717
14/11/2020 00:19:19,15,11.9101305,0.7033391
14/11/2020 00:19:20,15,11.70952892,0.703112543
14/11/2020 00:19:21,15,11.50892639,0.702885926
14/11/2020 00:19:22,15,11.30832481,0.702659309
14/11/2020 00:19:23,15,11.10772324,0.702432752
14/11/2020 00:19:24,15,11,0.702206135
14/11/2020 00:19:25,15,11,0.701979518
14/11/2020 00:19:26,15,11,0.701752961
14/11/2020 00:19:27,15,11,0.701526344
14/11/2020 00:19:28,15,11,0.701299727
14/11/2020 00:19:29,15,11,0.70107311
14/11/2020 00:19:30,15,11,0.700846553
14/11/2020 00:19:31,15,11,0.700619936
14/11/2020 00:19:32,15,11,0.700393319
14/11/2020 00:19:33,15,11,0.700166762
14/11/2020 00:19:34,15,11,0.699940145
14/11/2020 00:19:35,15,11,0.699713528
14/11/2020 00:19:36,15,11,0.699486971
14/11/2020 00:19:37,15,11,0.699260354
14/11/2020 00:19:38,15,11,0.699033737
14/11/2020 00:19:39,15,11.08044147,0.69880712
14/11/2020 00:19:40,15,11.28104305,0.698580563
14/11/2020 00:19:41,15,11.48164463,0.698353946
14/11/2020 00:19:42,15,11.68224716,0.698127329
14/11/2020 00:19:43,15,11.88284874,0.697900772
14/11/2020 00:19:44,15,11.95859432,0.697674155
14/11/2020 00:19:45,15,11.85906219,0.697447538
14/11/2020 00:19:46,15,11.75953007,0.697220922
14/11/2020 00:19:47,15,11.65999794,0.696994364
14/11/2020 00:19:48,15,11.56046581,0.696767747
14/11/2020 00:19:49,15,11.46093369,0.696541131
14/11/2020 00:19:50,15,11.36140156,0.696314573
14/11/2020 00:19:51,15,11.26186943,0.696087956
14/11/2020 00:19:52,15,11.1623373,0.69586134
14/11/2020 00:19:53,15,11.06280518,0.695634782
14/11/2020 00:19:54,15,11.07312679,0.695408165
14/11/2020 00:19:55,15,11.27130413,0.695181549
14/11/2020 00:19:56,15,11.46948051,0.694954932
14/11/2020 00:19:57,15,11.66765785,0.694728374
14/11/2020 00:19:58,15,11.86583424,0.694501758
14/11/2020 00:19:59,15,11.935606,0.694275141
14/11/2020 00:20:00,15,11.7362442,0.694048584
14/11/2020 00:20:01,15,11.5368824,0.693821967
14/11/2020 00:20:02,15,11.33751965,0.69359535
14/11/2020 00:20:03,15,11.13815784,0.693368793
14/11/2020 00:20:04,15,11.06198311,0.693142176
14/11/2020 00:20:05,15,11.26388073,0.692915559
14/11/2020 00:20:06,15,11.46577835,0.692688942
14/11/2020 00:20:07,15,11.66767597,0.692462385
14/11/2020 00:20:08,15,11.86957359,0.692235768
14/11/2020 00:20:09,15,11.93092728,0.692009151
14/11/2020 00:20:10,15,11.73580456,0.691782594
14/11/2020 00:20:11,15,11.54068279,0.691555977
14/11/2020 00:20:12,15,11.34556103,0.69132936
14/11/2020 00:20:13,15,11.15043926,0.691102803
14/11/2020 00:20:14,15,11.04608536,0.690876186
14/11/2020 00:20:15,15,11.24733353,0.690649569
14/11/2020 00:20:16,15,11.44858074,0.690422952
14/11/2020 00:20:17,15,11.64982891,0.690196395
14/11/2020 00:20:18,15,11.85107708,0.689969778
14/11/2020 00:20:19,15,12,0.689743161
14/11/2020 00:20:20,15,12,0.689516604
14/11/2020 00:20:21,15,12,0.689289987
14/11/2020 00:20:22,15,12,0.68906337
14/11/2020 00:20:23,15,12,0.688836753
14/11/2020 00:20:24,14.96337318,11.96337318,0.688610196
14/11/2020 00:20:25,14.76212502,11.76212502,0.688383579
14/11/2020 00:20:26,14.5608778,11.5608778,0.688156962
14/11/2020 00:20:27,14.35962963,11.35962963,0.687930405
14/11/2020 00:20:28,14.15838242,11.15838242,0.687703788
14/11/2020 00:20:29,14.04220295,11.04220295,0.687477171
14/11/2020 00:20:30,14.24034119,11.24034119,0.687250614
14/11/2020 00:20:31,14.43847847,11.43847847,0.687023997
14/11/2020 00:20:32,14.63661575,11.63661575,0.68679738
14/11/2020 00:20:33,14.83475304,11.83475304,0.686570764
14/11/2020 00:20:34,14.96659279,11.96659279,0.686344206
14/11/2020 00:20:35,14.76534557,11.76534557,0.686117589
14/11/2020 00:20:36,14.5640974,11.5640974,0.685890973
14/11/2020 00:20:37,14.36284924,11.36284924,0.685664415
14/11/2020 00:20:38,14.16160202,11.16160202,0.685437799
14/11/2020 00:20:39,14.03915691,11,0.685211182
14/11/2020 00:20:40,14.23792458,11,0.684984624
14/11/2020 00:20:41,14.43669224,11,0.684758008
14/11/2020 00:20:42,14.6354599,11,0.684531391
14/11/2020 00:20:43,14.83422756,11,0.684304774
14/11/2020 00:20:44,15,11,0.684078217
14/11/2020 00:20:45,15,11,0.6838516
14/11/2020 00:20:46,15,11,0.683624983
14/11/2020 00:20:47,15,11,0.683398426
14/11/2020 00:20:48,15,11,0.683171809
14/11/2020 00:20:49,15,11,0.682945192
14/11/2020 00:20:50,15,11,0.682718575
14/11/2020 00:20:51,15,11,0.682492018
14/11/2020 00:20:52,15,11,0.682265401
14/11/2020 00:20:53,15,11,0.682038784
14/11/2020 00:20:54,15,11.02066612,0.681812227
14/11/2020 00:20:55,15,11.22130775,0.68158561
14/11/2020 00:20:56,15,11.42195034,0.681358993
14/11/2020 00:20:57,15,11.62259197,0.681132436
14/11/2020 00:20:58,15,11.82323456,0.680905819
14/11/2020 00:20:59,15,11.98821068,0.680679202
14/11/2020 00:21:00,15,11.88914204,0.680452585
14/11/2020 00:21:01,15,11.79007339,0.680226028
14/11/2020 00:21:02,15,11.69100475,0.679999411
14/11/2020 00:21:03,15,11.59193611,0.679772794
14/11/2020 00:21:04,15,11.49286747,0.679546237
14/11/2020 00:21:05,15,11.39379787,0.67931962
14/11/2020 00:21:06,15,11.29472923,0.679093003
14/11/2020 00:21:07,15,11.19566059,0.678866446
14/11/2020 00:21:08,15,11.09659195,0.678639829
14/11/2020 00:21:09,15,11,0.678413212
14/11/2020 00:21:10,15,11,0.678186595
14/11/2020 00:21:11,15,11,0.677960038
14/11/2020 00:21:12,15,11,0.677733421
14/11/2020 00:21:13,15,11,0.677506804
14/11/2020 00:21:14,15,11,0.677280247
14/11/2020 00:21:15,15,11,0.67705363
14/11/2020 00:21:16,15,11,0.676827013
14/11/2020 00:21:17,15,11,0.676600456
14/11/2020 00:21:18,15,11,0.676373839
14/11/2020 00:21:19,15,11,0.676147223
14/11/2020 00:21:20,15,11.19080639,0.675920606
14/11/2020 00:21:21,15,11.38894367,0.675694048
14/11/2020 00:21:22,15,11.58708191,0.675467432
14/11/2020 00:21:23,15,11.78521919,0.675240815
14/11/2020 00:21:24,15,11.98335648,0.675014257
14/11/2020 00:21:25,15,11.81565666,0.674787641
14/11/2020 00:21:26,15,11.61440945,0.674561024
14/11/2020 00:21:27,15,11.41316128,0.674334407
14/11/2020 00:21:28,15,11.21191406,0.67410785
14/11/2020 00:21:29,15,11.01066589,0.673881233
14/11/2020 00:21:30,15,11.18939972,0.673654616
14/11/2020 00:21:31,15,11.38939953,0.673428059
14/11/2020 00:21:32,15,11.58940029,0.673201442
14/11/2020 00:21:33,15,11.7894001,0.672974825
14/11/2020 00:21:34,15,11.98939991,0.672748268
14/11/2020 00:21:35,15,12,0.672521651
14/11/2020 00:21:36,15,12,0.672295034
14/11/2020 00:21:37,15,12,0.672068417
14/11/2020 00:21:38,15,12,0.67184186
14/11/2020 00:21:39,15,12,0.671615243
14/11/2020 00:21:40,15,11.814394,0.671388626
14/11/2020 00:21:41,15,11.6150322,0.671162069
14/11/2020 00:21:42,15,11.41566944,0.670935452
14/11/2020 00:21:43,15,11.21630764,0.670708835
14/11/2020 00:21:44,15,11.01694584,0.670482278
14/11/2020 00:21:45,15,11.18358707,0.670255661
14/11/2020 00:21:46,15,11.38422966,0.670029044
14/11/2020 00:21:47,15,11.58487129,0.669802427
14/11/2020 00:21:48,15,11.78551388,0.66957587
14/11/2020 00:21:49,15,11.98615551,0.669349253
14/11/2020 00:21:50,14.81611729,12,0.669122636
14/11/2020 00:21:51,14.61860561,12,0.668896079
14/11/2020 00:21:52,14.42109394,12,0.668669462
14/11/2020 00:21:53,14.22358322,12,0.668442845
14/11/2020 00:21:54,14.02607155,12,0.668216228
14/11/2020 00:21:55,14.1736002,11.8263998,0.667989671
14/11/2020 00:21:56,14.37360001,11.62639999,0.667763054
14/11/2020 00:21:57,14.57359982,11.42640018,0.667536438
14/11/2020 00:21:58,14.77359962,11.22640038,0.66730988
14/11/2020 00:21:59,14.97360039,11.02639961,0.667083263
14/11/2020 00:22:00,15,11,0.666856647
14/11/2020 00:22:01,15,11,0.666630089
14/11/2020 00:22:02,15,11,0.666403472
14/11/2020 00:22:03,15,11,0.666176856
14/11/2020 00:22:04,15,11,0.665950239
14/11/2020 00:22:05,15,11,0.665723681
14/11/2020 00:22:06,15,11,0.665497065
14/11/2020 00:22:07,15,11,0.665270448
14/11/2020 00:22:08,15,11,0.66504389
14/11/2020 00:22:09,15,11,0.664817274
14/11/2020 00:22:10,15,11.15401459,0.664590657
14/11/2020 00:22:11,15,11.3527422,0.6643641
14/11/2020 00:22:12,15,11.55147076,0.664137483
14/11/2020 00:22:13,15,11.75019836,0.663910866
14/11/2020 00:22:14,15,11.94892693,0.663684249
14/11/2020 00:22:15,15,11.8523159,0.663457692
14/11/2020 00:22:16,15,11.65354824,0.663231075
14/11/2020 00:22:17,15,11.45478058,0.663004458
14/11/2020 00:22:18,15,11.25601292,0.662777901
14/11/2020 00:22:19,15,11.05724525,0.662551284
14/11/2020 00:22:20,15,11,0.662324667
14/11/2020 00:22:21,15,11,0.66209805
14/11/2020 00:22:22,15,11,0.661871493
14/11/2020 00:22:23,15,11,0.661644876
14/11/2020 00:22:24,15,11,0.661418259
14/11/2020 00:22:25,15,11.13218021,0.661191702
14/11/2020 00:22:26,15,11.33094788,0.660965085
14/11/2020 00:22:27,15,11.52971554,0.660738468
14/11/2020 00:22:28,15,11.7284832,0.660511911
14/11/2020 00:22:29,15,11.92725086,0.660285294
14/11/2020 00:22:30,15,11.93719006,0.660058677
14/11/2020 00:22:31,15,11.83812141,0.65983206
14/11/2020 00:22:32,15,11.73905277,0.659605503
14/11/2020 00:22:33,15,11.63998413,0.659378886
14/11/2020 00:22:34,15,11.54091549,0.659152269
14/11/2020 00:22:35,15,11.44184685,0.658925712
14/11/2020 00:22:36,15,11.34277821,0.658699095
14/11/2020 00:22:37,15,11.24370956,0.658472478
14/11/2020 00:22:38,15,11.14463997,0.658245921
14/11/2020 00:22:39,15,11.04557133,0.658019304
14/11/2020 00:22:40,14.89300537,11,0.657792687
14/11/2020 00:22:41,14.69486809,11,0.657566071
14/11/2020 00:22:42,14.4967308,11,0.657339513
14/11/2020 00:22:43,14.29859352,11,0.657112896
14/11/2020 00:22:44,14.10045528,11,0.65688628
14/11/2020 00:22:45,14.09828568,11,0.656659722
14/11/2020 00:22:46,14.29764748,11,0.656433105
14/11/2020 00:22:47,14.49700928,11,0.656206489
14/11/2020 00:22:48,14.69637203,11,0.655979931
14/11/2020 00:22:49,14.89573383,11,0.655753314
14/11/2020 00:22:50,14.95266914,11,0.655526698
14/11/2020 00:22:51,14.85344315,11,0.655300081
14/11/2020 00:22:52,14.75421715,11,0.655073524
14/11/2020 00:22:53,14.65499115,11,0.654846907
14/11/2020 00:22:54,14.55576515,11,0.65462029
14/11/2020 00:22:55,14.45653915,11,0.654393733
14/11/2020 00:22:56,14.35731316,11,0.654167116
14/11/2020 00:22:57,14.25808716,11,0.653940499
14/11/2020 00:22:58,14.15886116,11,0.653713882
14/11/2020 00:22:59,14.05963516,11,0.653487325
14/11/2020 00:23:00,14.07857418,11.07857418,0.653260708
14/11/2020 00:23:01,14.2755022,11.2755022,0.653034091
14/11/2020 00:23:02,14.47243023,11.47243023,0.652807534
14/11/2020 00:23:03,14.66935825,11.66935825,0.652580917
14/11/2020 00:23:04,14.86628628,11.86628628,0.6523543
14/11/2020 00:23:05,14.93559361,11.93559361,0.652127743
14/11/2020 00:23:06,14.73495197,11.73495197,0.651901126
14/11/2020 00:23:07,14.53430939,11.53430939,0.651674509
14/11/2020 00:23:08,14.33366776,11.33366776,0.651447892
14/11/2020 00:23:09,14.13302612,11.13302612,0.651221335
14/11/2020 00:23:10,14.03369999,11,0.650994718
14/11/2020 00:23:11,14.13370037,11,0.650768101
14/11/2020 00:23:12,14.2336998,11,0.650541544
14/11/2020 00:23:13,14.33370018,11,0.650314927
14/11/2020 00:23:14,14.43369961,11,0.65008831
14/11/2020 00:23:15,14.53369999,11.05855083,0.649861753
14/11/2020 00:23:16,14.63370037,11.26044846,0.649635136
14/11/2020 00:23:17,14.7336998,11.46234608,0.649408519
14/11/2020 00:23:18,14.83370018,11.6642437,0.649181902
14/11/2020 00:23:19,14.93369961,11.86614132,0.648955345
14/11/2020 00:23:20,14.93261337,11.93261337,0.648728728
14/11/2020 00:23:21,14.73265362,11.73265362,0.648502111
14/11/2020 00:23:22,14.53269386,11.53269386,0.648275554
14/11/2020 00:23:23,14.33273315,11.33273315,0.648048937
14/11/2020 00:23:24,14.1327734,11.1327734,0.64782232
14/11/2020 00:23:25,14.03354931,11.06699944,0.647595704
14/11/2020 00:23:26,14.13339996,11.26640034,0.647369146
14/11/2020 00:23:27,14.23324966,11.46580219,0.647142529
14/11/2020 00:23:28,14.33310032,11.66520405,0.646915913
14/11/2020 00:23:29,14.43295097,11.8646059,0.646689355
14/11/2020 00:23:30,14.53280067,11.9357996,0.646462739
14/11/2020 00:23:31,14.63265133,11.73579979,0.646236122
14/11/2020 00:23:32,14.73250103,11.53579998,0.646009564
14/11/2020 00:23:33,14.83235168,11.33580017,0.645782948
14/11/2020 00:23:34,14.93220139,11.13580036,0.645556331
14/11/2020 00:23:35,15,11,0.645329714
14/11/2020 00:23:36,15,11,0.645103157
14/11/2020 00:23:37,15,11,0.64487654
14/11/2020 00:23:38,15,11,0.644649923
14/11/2020 00:23:39,15,11,0.644423366
14/11/2020 00:23:40,15,11.05744362,0.644196749
14/11/2020 00:23:41,15,11.25621128,0.643970132
14/11/2020 00:23:42,15,11.45497894,0.643743575
14/11/2020 00:23:43,15,11.6537466,0.643516958
14/11/2020 00:23:44,15,11.85251427,0.643290341
14/11/2020 00:23:45,14.94839954,11.94839954,0.643063724
14/11/2020 00:23:46,14.74839973,11.74839973,0.642837167
14/11/2020 00:23:47,14.54839993,11.54839993,0.64261055
14/11/2020 00:23:48,14.34840012,11.34840012,0.642383933
14/11/2020 00:23:49,14.14840031,11.14840031,0.642157376
14/11/2020 00:23:50,14.05128193,11.05128193,0.641930759
14/11/2020 00:23:51,14.25004959,11.25004959,0.641704142
14/11/2020 00:23:52,14.44881725,11.44881725,0.641477525
14/11/2020 00:23:53,14.64758492,11.64758492,0.641250968
14/11/2020 00:23:54,14.84635258,11.84635258,0.641024351
14/11/2020 00:23:55,15,11.95487976,0.640797734
14/11/2020 00:23:56,15,11.7561121,0.640571177
14/11/2020 00:23:57,15,11.55734444,0.64034456
14/11/2020 00:23:58,15,11.35857677,0.640117943
14/11/2020 00:23:59,15,11.15980911,0.639891386
14/11/2020 00:24:00,15,11.03956413,0.639664769
14/11/2020 00:24:01,15,11.24142075,0.639438152
14/11/2020 00:24:02,15,11.44327831,0.639211535
14/11/2020 00:24:03,15,11.64513493,0.638984978
14/11/2020 00:24:04,15,11.84699249,0.638758361
14/11/2020 00:24:05,15,11.95205116,0.638531744
14/11/2020 00:24:06,15,11.75391293,0.638305187
14/11/2020 00:24:07,15,11.55577564,0.63807857
14/11/2020 00:24:08,15,11.35763836,0.637851954
14/11/2020 00:24:09,15,11.15950108,0.637625396
14/11/2020 00:24:10,15,11.03888321,0.637398779
14/11/2020 00:24:11,15,11.23828506,0.637172163
14/11/2020 00:24:12,15,11.43768692,0.636945546
14/11/2020 00:24:13,15,11.63708878,0.636718988
14/11/2020 00:24:14,15,11.83649063,0.636492372
14/11/2020 00:24:15,15,12,0.636265755
14/11/2020 00:24:16,15,12,0.636039197
14/11/2020 00:24:17,15,12,0.635812581
14/11/2020 00:24:18,15,12,0.635585964
14/11/2020 00:24:19,15,12,0.635359406
14/11/2020 00:24:20,15,11.96709442,0.63513279
14/11/2020 00:24:21,15,11.76645279,0.634906173
14/11/2020 00:24:22,15,11.5658102,0.634679556
14/11/2020 00:24:23,15,11.36516857,0.634452999
14/11/2020 00:24:24,15,11.16452694,0.634226382
14/11/2020 00:24:25,15,11.01797104,0.633999765
14/11/2020 00:24:26,15,11.1178112,0.633773208
14/11/2020 00:24:27,15,11.21765137,0.633546591
14/11/2020 00:24:28,15,11.31749249,0.633319974
14/11/2020 00:24:29,15,11.41733265,0.633093357
14/11/2020 00:24:30,15,11.51717281,0.6328668
14/11/2020 00:24:31,15,11.61701298,0.632640183
14/11/2020 00:24:32,15,11.71685314,0.632413566
14/11/2020 00:24:33,15,11.81669331,0.632187009
14/11/2020 00:24:34,15,11.91653347,0.631960392
14/11/2020 00:24:35,15,12,0.631733775
14/11/2020 00:24:36,15,12,0.631507218
14/11/2020 00:24:37,15,12,0.631280601
14/11/2020 00:24:38,15,12,0.631053984
14/11/2020 00:24:39,15,12,0.630827367
14/11/2020 00:24:40,15,12,0.63060081
14/11/2020 00:24:41,15,12,0.630374193
14/11/2020 00:24:42,15,12,0.630147576
14/11/2020 00:24:43,15,12,0.629921019
14/11/2020 00:24:44,15,12,0.629694402
14/11/2020 00:24:45,15,11.97048855,0.629467785
14/11/2020 00:24:46,15,11.77108669,0.629241228
14/11/2020 00:24:47,15,11.57168484,0.629014611
14/11/2020 00:24:48,15,11.37228298,0.628787994
14/11/2020 00:24:49,15,11.17288113,0.628561378
14/11/2020 00:24:50,15,11,0.62833482
14/11/2020 00:24:51,15,11,0.628108203
14/11/2020 00:24:52,15,11,0.627881587
14/11/2020 00:24:53,15,11,0.627655029
14/11/2020 00:24:54,15,11,0.627428412
14/11/2020 00:24:55,15,11.01698589,0.627201796
14/11/2020 00:24:56,15,11.21449757,0.626975179
14/11/2020 00:24:57,15,11.41200829,0.626748621
14/11/2020 00:24:58,15,11.60951996,0.626522005
14/11/2020 00:24:59,15,11.80703163,0.626295388
14/11/2020 00:25:00,15,11.99540043,0.62606883
14/11/2020 00:25:01,15,11.79539967,0.625842214
14/11/2020 00:25:02,15,11.59539986,0.625615597
14/11/2020 00:25:03,15,11.39540005,0.62538904
14/11/2020 00:25:04,15,11.19540024,0.625162423
14/11/2020 00:25:05,15,11.00455761,0.624935806
14/11/2020 00:25:06,15,11.20269489,0.624709189
14/11/2020 00:25:07,15,11.40083218,0.624482632
14/11/2020 00:25:08,15,11.59896946,0.624256015
14/11/2020 00:25:09,15,11.79710674,0.624029398
14/11/2020 00:25:10,15,11.99524498,0.623802841
14/11/2020 00:25:11,15,11.80417347,0.623576224
14/11/2020 00:25:12,15,11.60353088,0.623349607
14/11/2020 00:25:13,15,11.40288925,0.62312305
14/11/2020 00:25:14,15,11.20224762,0.622896433
14/11/2020 00:25:15,15,11.00160503,0.622669816
14/11/2020 00:25:16,12.06971264,8.851122856,0.622443199
14/11/2020 00:25:17,9.115793228,6.684915543,0.622216642
14/11/2020 00:25:18,6.161874771,4.518708229,0.621990025
14/11/2020 00:25:19,3.207955837,2.352500916,0.621763408
14/11/2020 00:25:20,0.254037023,0.186293811,0.621536851
14/11/2020 00:25:21,0,0,0.621310234
14/11/2020 00:25:22,0,0,0.621083617
14/11/2020 00:25:23,0,0,0.62085706
14/11/2020 00:25:24,0,0,0.620630443
14/11/2020 00:25:25,0,0,0.620403826
14/11/2020 00:25:26,0,0,0.620177209
14/11/2020 00:25:27,0,0,0.619950652
14/11/2020 00:25:28,0,0,0.619724035
14/11/2020 00:25:29,0,0,0.619497418
14/11/2020 00:25:30,0,0,0.619270861
14/11/2020 00:25:31,0,0,0.619044244
14/11/2020 00:25:32,0,0,0.618817627
14/11/2020 00:25:33,0,0,0.618591011
14/11/2020 00:25:34,0,0,0.618364453
14/11/2020 00:25:35,0,0,0.618137836
14/11/2020 00:25:36,0,0,0.61791122
14/11/2020 00:25:37,0,0,0.617684662
14/11/2020 00:25:38,0,0,0.617458045
14/11/2020 00:25:39,0,0,0.617231429
14/11/2020 00:25:40,0,0,0.617004871
14/11/2020 00:25:41,0,0,0.616778255
14/11/2020 00:25:42,0,0,0.616551638
14/11/2020 00:25:43,0,0,0.616325021
14/11/2020 00:25:44,0,0,0.616098464
14/11/2020 00:25:45,0,0,0.615871847
14/11/2020 00:25:46,0,0,0.61564523
14/11/2020 00:25:47,0,0,0.615418673
14/11/2020 00:25:48,0,0,0.615192056
14/11/2020 00:25:49,0,0,0.614965439
14/11/2020 00:25:50,0,0,0.614738882
14/11/2020 00:25:51,0,0,0.614512265
14/11/2020 00:25:52,0,0,0.614285648
14/11/2020 00:25:53,0,0,0.614059031
14/11/2020 00:25:54,0,0,0.613832474
14/11/2020 00:25:55,0,0,0.613605857
14/11/2020 00:25:56,0,0,0.61337924
14/11/2020 00:25:57,0,0,0.613152683
14/11/2020 00:25:58,0,0,0.612926066
14/11/2020 00:25:59,0,0,0.612699449
14/11/2020 00:26:00,0,0,0.612472832
14/11/2020 00:26:01,0,0,0.612246275
14/11/2020 00:26:02,0,0,0.612019658
14/11/2020 00:26:03,0,0,0.611793041
14/11/2020 00:26:04,0,0,0.611566484
14/11/2020 00:26:05,0,0,0.611339867
14/11/2020 00:26:06,0,0,0.61111325
14/11/2020 00:26:07,0,0,0.610886693
14/11/2020 00:26:08,0,0,0.610660076
14/11/2020 00:26:09,0,0,0.610433459
14/11/2020 00:26:10,0,0,0.610206842
14/11/2020 00:26:11,0,0,0.609980285
14/11/2020 00:26:12,0,0,0.609753668
14/11/2020 00:26:13,0,0,0.609527051
14/11/2020 00:26:14,0,0,0.609300494
14/11/2020 00:26:15,0,0,0.609073877
14/11/2020 00:26:16,0,0,0.60884726
14/11/2020 00:26:17,0,0,0.608620703
14/11/2020 00:26:18,0,0,0.608394086
14/11/2020 00:26:19,0,0,0.60816747
14/11/2020 00:26:20,0,0,0.607940853
14/11/2020 00:26:21,0,0,0.607714295
14/11/2020 00:26:22,0,0,0.607487679
14/11/2020 00:26:23,0,0,0.607261062
14/11/2020 00:26:24,0,0,0.607034504
14/11/2020 00:26:25,0,0,0.606807888
14/11/2020 00:26:26,0,0,0.606581271
14/11/2020 00:26:27,0,0,0.606354654
14/11/2020 00:26:28,0,0,0.606128097
14/11/2020 00:26:29,0,0,0.60590148
14/11/2020 00:26:30,0,0,0.605674863
14/11/2020 00:26:31,0,0,0.605448306
14/11/2020 00:26:32,0,0,0.605221689
14/11/2020 00:26:33,0,0,0.604995072
14/11/2020 00:26:34,0,0,0.604768515
14/11/2020 00:26:35,0,0,0.604541898
14/11/2020 00:26:36,0,0,0.604315281
14/11/2020 00:26:37,0,0,0.604088664
14/11/2020 00:26:38,0,0,0.603862107
14/11/2020 00:26:39,0,0,0.60363549
14/11/2020 00:26:40,0,0,0.603408873
14/11/2020 00:26:41,0,0,0.603182316
14/11/2020 00:26:42,0,0,0.602955699
14/11/2020 00:26:43,0,0,0.602729082
14/11/2020 00:26:44,0,0,0.602502525
14/11/2020 00:26:45,0,0,0.602275908
14/11/2020 00:26:46,0,0,0.602049291
14/11/2020 00:26:47,0,0,0.601822674
14/11/2020 00:26:48,0,0,0.601596117
14/11/2020 00:26:49,0,0,0.6013695
14/11/2020 00:26:50,0,0,0.601142883
14/11/2020 00:26:51,0,0,0.600916326
14/11/2020 00:26:52,0,0,0.600689709
14/11/2020 00:26:53,0,0,0.600463092
14/11/2020 00:26:54,0,0,0.600236535
14/11/2020 00:26:55,0,0,0.600009918
14/11/2020 00:26:56,0,0,0.599783301
14/11/2020 00:26:57,0,0,0.599556684
14/11/2020 00:26:58,0,0,0.599330127
14/11/2020 00:26:59,0,0,0.59910351
14/11/2020 00:27:00,0,0,0.598876894
14/11/2020 00:27:01,0,0,0.598650336
14/11/2020 00:27:02,0,0,0.598423719
14/11/2020 00:27:03,0,0,0.598197103
14/11/2020 00:27:04,0,0,0.597970486
14/11/2020 00:27:05,0,0,0.597743928
14/11/2020 00:27:06,0,0,0.597517312
14/11/2020 00:27:07,0,0,0.597290695
14/11/2020 00:27:08,0,0,0.597064137
14/11/2020 00:27:09,0,0,0.596837521
14/11/2020 00:27:10,0,0,0.596610904
14/11/2020 00:27:11,0,0,0.596384346
14/11/2020 00:27:12,0,0,0.59615773
14/11/2020 00:27:13,0,0,0.595931113
14/11/2020 00:27:14,0,0,0.595704496
14/11/2020 00:27:15,0,0,0.595477939
14/11/2020 00:27:16,0,0,0.595251322
14/11/2020 00:27:17,0,0,0.595024705
14/11/2020 00:27:18,0,0,0.594798148
14/11/2020 00:27:19,0,0,0.594571531
14/11/2020 00:27:20,0,0,0.594344914
14/11/2020 00:27:21,0,0,0.594118357
14/11/2020 00:27:22,0,0,0.59389174
14/11/2020 00:27:23,0,0,0.593665123
14/11/2020 00:27:24,0,0,0.593438506
14/11/2020 00:27:25,0,0,0.593211949
14/11/2020 00:27:26,0,0,0.592985332
14/11/2020 00:27:27,0,0,0.592758715
14/11/2020 00:27:28,0,0,0.592532158
14/11/2020 00:27:29,0,0,0.592305541
14/11/2020 00:27:30,0,0,0.592078924
14/11/2020 00:27:31,0,0,0.591852307
14/11/2020 00:27:32,0,0,0.59162575
14/11/2020 00:27:33,0,0,0.591399133
14/11/2020 00:27:34,0,0,0.591172516
14/11/2020 00:27:35,0,0,0.590945959
14/11/2020 00:27:36,0,0,0.590719342
14/11/2020 00:27:37,0,0,0.590492725
14/11/2020 00:27:38,0,0,0.590266168
14/11/2020 00:27:39,0,0,0.590039551
14/11/2020 00:27:40,0,0,0.589812934
14/11/2020 00:27:41,0,0,0.589586318
14/11/2020 00:27:42,0,0,0.58935976
14/11/2020 00:27:43,0,0,0.589133143
14/11/2020 00:27:44,0,0,0.588906527
14/11/2020 00:27:45,0,0,0.588679969
14/11/2020 00:27:46,0,0,0.588453352
14/11/2020 00:27:47,0,0,0.588226736
14/11/2020 00:27:48,0,0,0.588000178
14/11/2020 00:27:49,0,0,0.587773561
14/11/2020 00:27:50,0,0,0.587546945
14/11/2020 00:27:51,0,0,0.587320328
14/11/2020 00:27:52,0,0,0.587093771
14/11/2020 00:27:53,0,0,0.586867154
14/11/2020 00:27:54,0,0,0.586640537
14/11/2020 00:27:55,0,0,0.58641398
14/11/2020 00:27:56,0,0,0.586187363
14/11/2020 00:27:57,0,0,0.585960746
14/11/2020 00:27:58,0,0,0.585734189
14/11/2020 00:27:59,0,0,0.585507572
14/11/2020 00:28:00,0,0,0.585280955
14/11/2020 00:28:01,0,0,0.585054338
14/11/2020 00:28:02,0,0,0.584827781
14/11/2020 00:28:03,0,0,0.584601164
14/11/2020 00:28:04,0,0,0.584374547
14/11/2020 00:28:05,0,0,0.58414799
14/11/2020 00:28:06,0,0,0.583921373
14/11/2020 00:28:07,0,0,0.583694756
14/11/2020 00:28:08,0,0,0.583468139
14/11/2020 00:28:09,0,0,0.583241582
14/11/2020 00:28:10,0,0,0.583014965
14/11/2020 00:28:11,0,0,0.582788348
14/11/2020 00:28:12,0,0,0.582561791
14/11/2020 00:28:13,0,0,0.582335174
14/11/2020 00:28:14,0,0,0.582108557
14/11/2020 00:28:15,0,0,0.581882
14/11/2020 00:28:16,0,0,0.581655383
14/11/2020 00:28:17,0,0,0.581428766
14/11/2020 00:28:18,0,0,0.581202149
14/11/2020 00:28:19,0,0,0.580975592
14/11/2020 00:28:20,0,0,0.580748975
14/11/2020 00:28:21,0,0,0.580522358
14/11/2020 00:28:22,0,0,0.580295801
14/11/2020 00:28:23,0,0,0.580069184
14/11/2020 00:28:24,0,0,0.579842567
14/11/2020 00:28:25,0,0,0.57961601
14/11/2020 00:28:26,0,0,0.579389393
14/11/2020 00:28:27,0,0,0.579162776
14/11/2020 00:28:28,0,0,0.57893616
14/11/2020 00:28:29,0,0,0.578709602
14/11/2020 00:28:30,0,0,0.578482985
14/11/2020 00:28:31,0,0,0.578256369
14/11/2020 00:28:32,0,0,0.578029811
14/11/2020 00:28:33,0,0,0.577803195
14/11/2020 00:28:34,0,0,0.577576578
14/11/2020 00:28:35,0,0,0.577349961
14/11/2020 00:28:36,0,0,0.577123404
14/11/2020 00:28:37,0,0,0.576896787
14/11/2020 00:28:38,0,0,0.57667017
14/11/2020 00:28:39,0,0,0.576443613
14/11/2020 00:28:40,0,0,0.576216996
14/11/2020 00:28:41,0,0,0.575990379
14/11/2020 00:28:42,0,0,0.575763822
14/11/2020 00:28:43,0,0,0.575537205
14/11/2020 00:28:44,0,0,0.575310588
14/11/2020 00:28:45,0,0,0.575083971
14/11/2020 00:28:46,0,0,0.574857414
14/11/2020 00:28:47,0,0,0.574630797
14/11/2020 00:28:48,0,0,0.57440418
14/11/2020 00:28:49,0,0,0.574177623
14/11/2020 00:28:50,0,0,0.573951006
14/11/2020 00:28:51,0,0,0.573724389
14/11/2020 00:28:52,0,0,0.573497832
14/11/2020 00:28:53,0,0,0.573271215
14/11/2020 00:28:54,0,0,0.573044598
14/11/2020 00:28:55,0,0,0.572817981
14/11/2020 00:28:56,0,0,0.572591424
14/11/2020 00:28:57,0,0,0.572364807
14/11/2020 00:28:58,0,0,0.57213819
14/11/2020 00:28:59,0,0,0.571911633
14/11/2020 00:29:00,0,0,0.571685016
14/11/2020 00:29:01,0,0,0.571458399
14/11/2020 00:29:02,0,0,0.571231782
14/11/2020 00:29:03,0,0,0.571005225
14/11/2020 00:29:04,0,0,0.570778608
14/11/2020 00:29:05,0,0,0.570551991
14/11/2020 00:29:06,0,0,0.570325434
14/11/2020 00:29:07,0,0,0.570098817
14/11/2020 00:29:08,0,0,0.5698722
14/11/2020 00:29:09,0,0,0.569645643
14/11/2020 00:29:10,0,0,0.569419026
14/11/2020 00:29:11,0,0,0.56919241
14/11/2020 00:29:12,0,0,0.568965793
14/11/2020 00:29:13,0,0,0.568739235
14/11/2020 00:29:14,0,0,0.568512619
14/11/2020 00:29:15,0,0,0.568286002
14/11/2020 00:29:16,0,0,0.568059444
14/11/2020 00:29:17,0,0,0.567832828
14/11/2020 00:29:18,0,0,0.567606211
14/11/2020 00:29:19,0,0,0.567379653
14/11/2020 00:29:20,0,0,0.567153037
14/11/2020 00:29:21,0,0,0.56692642
14/11/2020 00:29:22,0,0,0.566699803
14/11/2020 00:29:23,0,0,0.566473246
14/11/2020 00:29:24,0,0,0.566246629
14/11/2020 00:29:25,0,0,0.566020012
14/11/2020 00:29:26,0,0,0.565793455
14/11/2020 00:29:27,0,0,0.565566838
14/11/2020 00:29:28,0,0,0.565340221
14/11/2020 00:29:29,0,0,0.565113664
14/11/2020 00:29:30,0,0,0.564887047
14/11/2020 00:29:31,0,0,0.56466043
14/11/2020 00:29:32,0,0,0.564433813
14/11/2020 00:29:33,0,0,0.564207256
14/11/2020 00:29:34,0,0,0.563980639
14/11/2020 00:29:35,0,0,0.563754022
14/11/2020 00:29:36,0,0,0.563527465
14/11/2020 00:29:37,0,0,0.563300848
14/11/2020 00:29:38,0,0,0.563074231
14/11/2020 00:29:39,0,0,0.562847614
14/11/2020 00:29:40,0,0,0.562621057
14/11/2020 00:29:41,0,0,0.56239444
14/11/2020 00:29:42,0,0,0.562167823
14/11/2020 00:29:43,0,0,0.561941266
14/11/2020 00:29:44,0,0,0.561714649
14/11/2020 00:29:45,0,0,0.561488032
14/11/2020 00:29:46,0,0,0.561261475
14/11/2020 00:29:47,0,0,0.561034858
14/11/2020 00:29:48,0,0,0.560808241
14/11/2020 00:29:49,0,0,0.560581625
14/11/2020 00:29:50,0,0,0.560355067
14/11/2020 00:29:51,0,0,0.56012845
14/11/2020 00:29:52,0,0,0.559901834
14/11/2020 00:29:53,0,0,0.559675276
14/11/2020 00:29:54,0,0,0.559448659
14/11/2020 00:29:55,0,0,0.559222043
14/11/2020 00:29:56,0,0,0.558995485
14/11/2020 00:29:57,0,0,0.558768868
14/11/2020 00:29:58,0,0,0.558542252
14/11/2020 00:29:59,0,0,0.558315635
14/11/2020 00:30:00,0,0,0.558089077
14/11/2020 00:30:01,0,0,0.557862461
14/11/2020 00:30:02,0,0,0.557635844
14/11/2020 00:30:03,0,0,0.557409286
14/11/2020 00:30:04,0,0,0.55718267
14/11/2020 00:30:05,0,0,0.556956053
14/11/2020 00:30:06,0,0,0.556729436
14/11/2020 00:30:07,0,0,0.556502879
14/11/2020 00:30:08,0,0,0.556276262
14/11/2020 00:30:09,0,0,0.556049645
14/11/2020 00:30:10,0,0,0.555823088
14/11/2020 00:30:11,0,0,0.555596471
14/11/2020 00:30:12,0,0,0.555369854
14/11/2020 00:30:13,0,0,0.555143297
14/11/2020 00:30:14,0,0,0.55491668
14/11/2020 00:30:15,0,0,0.554690063
14/11/2020 00:30:16,0,0,0.554463446
14/11/2020 00:30:17,0,0,0.554236889
14/11/2020 00:30:18,0,0,0.554010272
14/11/2020 00:30:19,0,0,0.553783655
14/11/2020 00:30:20,0,0,0.553557098
14/11/2020 00:30:21,0,0,0.553330481
14/11/2020 00:30:22,0,0,0.553103864
14/11/2020 00:30:23,0,0,0.552877307
14/11/2020 00:30:24,0,0,0.55265069
14/11/2020 00:30:25,0,0,0.552424073
14/11/2020 00:30:26,0,0,0.552197456
14/11/2020 00:30:27,0,0,0.551970899
14/11/2020 00:30:28,0,0,0.551744282
14/11/2020 00:30:29,0,0,0.551517665
14/11/2020 00:30:30,0,0,0.551291108
14/11/2020 00:30:31,0,0,0.551064491
14/11/2020 00:30:32,0,0,0.550837874
14/11/2020 00:30:33,0,0,0.550611258
14/11/2020 00:30:34,0,0,0.5503847
14/11/2020 00:30:35,0,0,0.550158083
14/11/2020 00:30:36,0,0,0.549931467
14/11/2020 00:30:37,0,0,0.549704909
14/11/2020 00:30:38,0,0,0.549478292
14/11/2020 00:30:39,0,0,0.549251676
14/11/2020 00:30:40,0,0,0.549025118
14/11/2020 00:30:41,0,0,0.548798501
14/11/2020 00:30:42,0,0,0.548571885
14/11/2020 00:30:43,0,0,0.548345268
14/11/2020 00:30:44,0,0,0.548118711
14/11/2020 00:30:45,0,0,0.547892094
14/11/2020 00:30:46,0,0,0.547665477
14/11/2020 00:30:47,0,0,0.54743892
14/11/2020 00:30:48,0,0,0.547212303
14/11/2020 00:30:49,0,0,0.546985686
14/11/2020 00:30:50,0,0,0.546759129
14/11/2020 00:30:51,0,0,0.546532512
14/11/2020 00:30:52,0,0,0.546305895
14/11/2020 00:30:53,0,0,0.546079278
14/11/2020 00:30:54,0,0,0.545852721
14/11/2020 00:30:55,0,0,0.545626104
14/11/2020 00:30:56,0,0,0.545399487
14/11/2020 00:30:57,0,0,0.54517293
14/11/2020 00:30:58,0,0,0.544946313
14/11/2020 00:30:59,0,0,0.544719696
14/11/2020 00:31:00,0,0,0.544493139
14/11/2020 00:31:01,0,0,0.544266522
14/11/2020 00:31:02,0,0,0.544039905
14/11/2020 00:31:03,0,0,0.543813288
14/11/2020 00:31:04,0,0,0.543586731
14/11/2020 00:31:05,0,0,0.543360114
14/11/2020 00:31:06,0,0,0.543133497
14/11/2020 00:31:07,0,0,0.54290694
14/11/2020 00:31:08,0,0,0.542680323
14/11/2020 00:31:09,0,0,0.542453706
14/11/2020 00:31:10,0,0,0.542227089
14/11/2020 00:31:11,0,0,0.542000532
14/11/2020 00:31:12,0,0,0.541773915
14/11/2020 00:31:13,0,0,0.541547298
14/11/2020 00:31:14,0,0,0.541320741
14/11/2020 00:31:15,0,0,0.541094124
14/11/2020 00:31:16,0,0,0.540867507
14/11/2020 00:31:17,0,0,0.54064095
14/11/2020 00:31:18,0,0,0.540414333
14/11/2020 00:31:19,0,0,0.540187716
14/11/2020 00:31:20,0,0,0.5399611
14/11/2020 00:31:21,0,0,0.539734542
14/11/2020 00:31:22,0,0,0.539507926
14/11/2020 00:31:23,0,0,0.539281309
14/11/2020 00:31:24,0,0,0.539054751
14/11/2020 00:31:25,0,0,0.538828135
14/11/2020 00:31:26,0,0,0.538601518
14/11/2020 00:31:27,0,0,0.53837496
14/11/2020 00:31:28,0,0,0.538148344
14/11/2020 00:31:29,0,0,0.537921727
14/11/2020 00:31:30,0,0,0.53769511
14/11/2020 00:31:31,0,0,0.537468553
14/11/2020 00:31:32,0,0,0.537241936
14/11/2020 00:31:33,0,0,0.537015319
14/11/2020 00:31:34,0,0,0.536788762
14/11/2020 00:31:35,0,0,0.536562145
14/11/2020 00:31:36,0,0,0.536335528
14/11/2020 00:31:37,0,0,0.536108911
14/11/2020 00:31:38,0,0,0.535882354
14/11/2020 00:31:39,0,0,0.535655737
14/11/2020 00:31:40,0,0,0.53542912
14/11/2020 00:31:41,0,0,0.535202563
14/11/2020 00:31:42,0,0,0.534975946
14/11/2020 00:31:43,0,0,0.534749329
14/11/2020 00:31:44,0,0,0.534522772
14/11/2020 00:31:45,0,0,0.534296155
14/11/2020 00:31:46,0,0,0.534069538
14/11/2020 00:31:47,0,0,0.533842921
14/11/2020 00:31:48,0,0,0.533616364
14/11/2020 00:31:49,0,0,0.533389747
14/11/2020 00:31:50,0,0,0.53316313
14/11/2020 00:31:51,0,0,0.532936573
14/11/2020 00:31:52,0,0,0.532709956
14/11/2020 00:31:53,0,0,0.532483339
14/11/2020 00:31:54,0,0,0.532256782
14/11/2020 00:31:55,0,0,0.532030165
14/11/2020 00:31:56,0,0,0.531803548
14/11/2020 00:31:57,0,0,0.531576931
14/11/2020 00:31:58,0,0,0.531350374
14/11/2020 00:31:59,0,0,0.531123757
14/11/2020 00:32:00,0,0,0.530897141
14/11/2020 00:32:01,0,0,0.530670583
14/11/2020 00:32:02,0,0,0.530443966
14/11/2020 00:32:03,0,0,0.53021735
14/11/2020 00:32:04,0,0,0.529990792
14/11/2020 00:32:05,0,0,0.529764175
14/11/2020 00:32:06,0,0,0.529537559
14/11/2020 00:32:07,0,0,0.529310942
14/11/2020 00:32:08,0,0,0.529084384
14/11/2020 00:32:09,0,0,0.528857768
14/11/2020 00:32:10,0,0,0.528631151
14/11/2020 00:32:11,0,0,0.528404593
14/11/2020 00:32:12,0,0,0.528177977
14/11/2020 00:32:13,0,0,0.52795136
14/11/2020 00:32:14,0,0,0.527724743
14/11/2020 00:32:15,0,0,0.527498186
14/11/2020 00:32:16,0,0,0.527271569
14/11/2020 00:32:17,0,0,0.527044952
14/11/2020 00:32:18,0,0,0.526818395
14/11/2020 00:32:19,0,0,0.526591778
14/11/2020 00:32:20,0,0,0.526365161
14/11/2020 00:32:21,0,0,0.526138604
14/11/2020 00:32:22,0,0,0.525911987
14/11/2020 00:32:23,0,0,0.52568537
14/11/2020 00:32:24,0,0,0.525458753
14/11/2020 00:32:25,0,0,0.525232196
14/11/2020 00:32:26,0,0,0.525005579
14/11/2020 00:32:27,0,0,0.524778962
14/11/2020 00:32:28,0,0,0.524552405
14/11/2020 00:32:29,0,0,0.524325788
14/11/2020 00:32:30,0,0,0.524099171
14/11/2020 00:32:31,0,0,0.523872614
14/11/2020 00:32:32,0,0,0.523645997
14/11/2020 00:32:33,0,0,0.52341938
14/11/2020 00:32:34,0,0,0.523192763
14/11/2020 00:32:35,0,0,0.522966206
14/11/2020 00:32:36,0,0,0.522739589
14/11/2020 00:32:37,0,0,0.522512972
14/11/2020 00:32:38,0,0,0.522286415
14/11/2020 00:32:39,0,0,0.522059798
14/11/2020 00:32:40,0,0,0.521833181
14/11/2020 00:32:41,0,0,0.521606565
14/11/2020 00:32:42,0,0,0.521380007
14/11/2020 00:32:43,0,0,0.52115339
14/11/2020 00:32:44,0,0,0.520926774
14/11/2020 00:32:45,0,0,0.520700216
14/11/2020 00:32:46,0,0,0.520473599
14/11/2020 00:32:47,0,0,0.520246983
14/11/2020 00:32:48,0,0,0.520020425
14/11/2020 00:32:49,0,0,0.519793808
14/11/2020 00:32:50,0,0,0.519567192
14/11/2020 00:32:51,0,0,0.519340575
14/11/2020 00:32:52,0,0,0.519114017
14/11/2020 00:32:53,0,0,0.518887401
14/11/2020 00:32:54,0,0,0.518660784
14/11/2020 00:32:55,0,0,0.518434227
14/11/2020 00:32:56,0,0,0.51820761
14/11/2020 00:32:57,0,0,0.517980993
14/11/2020 00:32:58,0,0,0.517754436
14/11/2020 00:32:59,0,0,0.517527819
14/11/2020 00:33:00,0,0,0.517301202
14/11/2020 00:33:01,0,0,0.517074585
14/11/2020 00:33:02,0,0,0.516848028
14/11/2020 00:33:03,0,0,0.516621411
14/11/2020 00:33:04,0,0,0.516394794
14/11/2020 00:33:05,0,0,0.516168237
14/11/2020 00:33:06,0,0,0.51594162
14/11/2020 00:33:07,0,0,0.515715003
14/11/2020 00:33:08,0,0,0.515488386
14/11/2020 00:33:09,0,0,0.515261829
14/11/2020 00:33:10,0,0,0.515035212
14/11/2020 00:33:11,0,0,0.514808595
14/11/2020 00:33:12,0,0,0.514582038
14/11/2020 00:33:13,0,0,0.514355421
14/11/2020 00:33:14,0,0,0.514128804
14/11/2020 00:33:15,0,0,0.513902247
14/11/2020 00:33:16,0,0,0.51367563
14/11/2020 00:33:17,0,0,0.513449013
14/11/2020 00:33:18,0,0,0.513222396
14/11/2020 00:33:19,0,0,0.512995839
14/11/2020 00:33:20,0,0,0.512769222
14/11/2020 00:33:21,0,0,0.512542605
14/11/2020 00:33:22,0,0,0.512316048
14/11/2020 00:33:23,0,0,0.512089431
14/11/2020 00:33:24,0,0,0.511862814
14/11/2020 00:33:25,0,0,0.511636257
14/11/2020 00:33:26,0,0,0.51140964
14/11/2020 00:33:27,0,0,0.511183023
14/11/2020 00:33:28,0,0,0.510956407
14/11/2020 00:33:29,0,0,0.510729849
14/11/2020 00:33:30,0,0,0.510503232
14/11/2020 00:33:31,0,0,0.510276616
14/11/2020 00:33:32,0,0,0.510050058
14/11/2020 00:33:33,0,0,0.509823442
14/11/2020 00:33:34,0,0,0.509596825
14/11/2020 00:33:35,0,0,0.509370267
14/11/2020 00:33:36,0,0,0.509143651
14/11/2020 00:33:37,0,0,0.508917034
14/11/2020 00:33:38,0,0,0.508690417
14/11/2020 00:33:39,0,0,0.50846386
14/11/2020 00:33:40,0,0,0.508237243
14/11/2020 00:33:41,0,0,0.508010626
14/11/2020 00:33:42,0,0,0.507784069
14/11/2020 00:33:43,0,0,0.507557452
14/11/2020 00:33:44,0,0,0.507330835
14/11/2020 00:33:45,0,0,0.507104218
14/11/2020 00:33:46,0,0,0.506877661
14/11/2020 00:33:47,0,0,0.506651044
14/11/2020 00:33:48,0,0,0.506424427
14/11/2020 00:33:49,0,0,0.50619787
14/11/2020 00:33:50,0,0,0.505971253
14/11/2020 00:33:51,0,0,0.505744636
14/11/2020 00:33:52,0,0,0.505518079
14/11/2020 00:33:53,0,0,0.505291462
14/11/2020 00:33:54,0,0,0.505064845
14/11/2020 00:33:55,0,0,0.504838228
14/11/2020 00:33:56,0,0,0.504611671
14/11/2020 00:33:57,0,0,0.504385054
14/11/2020 00:33:58,0,0,0.504158437
14/11/2020 00:33:59,0,0,0.50393188
14/11/2020 00:34:00,0,0,0.503705263
14/11/2020 00:34:01,0,0,0.503478646
14/11/2020 00:34:02,0,0,0.503252089
14/11/2020 00:34:03,0,0,0.503025472
14/11/2020 00:34:04,0,0,0.502798855
14/11/2020 00:34:05,0,0,0.502572238
14/11/2020 00:34:06,0,0,0.502345681
14/11/2020 00:34:07,0,0,0.502119064
14/11/2020 00:34:08,0,0,0.501892447
14/11/2020 00:34:09,0,0,0.50166589
14/11/2020 00:34:10,0,0,0.501439273
14/11/2020 00:34:11,0,0,0.501212656
14/11/2020 00:34:12,0,0,0.50098604
14/11/2020 00:34:13,0,0,0.500759482
14/11/2020 00:34:14,0,0,0.500532866
14/11/2020 00:34:15,0,0,0.500306249
14/11/2020 00:34:16,0,0,0.500079691
14/11/2020 00:34:17,0,0,0.499853075
14/11/2020 00:34:18,0,0,0.499626487
14/11/2020 00:34:19,0,0,0.499399871
14/11/2020 00:34:20,0,0,0.499173284
14/11/2020 00:34:21,0,0,0.498946667
14/11/2020 00:34:22,0,0,0.49872008
14/11/2020 00:34:23,0,0,0.498493493
14/11/2020 00:34:24,0,0,0.498266876
14/11/2020 00:34:25,0,0,0.498040289
14/11/2020 00:34:26,0,0,0.497813672
14/11/2020 00:34:27,0,0,0.497587085
14/11/2020 00:34:28,0,0,0.497360468
14/11/2020 00:34:29,0,0,0.497133881
14/11/2020 00:34:30,0,0,0.496907294
14/11/2020 00:34:31,0,0,0.496680677
14/11/2020 00:34:32,0,0,0.49645409
14/11/2020 00:34:33,0,0,0.496227473
14/11/2020 00:34:34,0,0,0.496000886
14/11/2020 00:34:35,0,0,0.495774299
14/11/2020 00:34:36,0,0,0.495547682
14/11/2020 00:34:37,0,0,0.495321095
14/11/2020 00:34:38,0,0,0.495094478
14/11/2020 00:34:39,0,0,0.494867891
14/11/2020 00:34:40,0,0,0.494641304
14/11/2020 00:34:41,0,0,0.494414687
14/11/2020 00:34:42,0,0,0.4941881
14/11/2020 00:34:43,0,0,0.493961483
14/11/2020 00:34:44,0,0,0.493734896
14/11/2020 00:34:45,0,0,0.493508309
14/11/2020 00:34:46,0,0,0.493281692
14/11/2020 00:34:47,0,0,0.493055105
14/11/2020 00:34:48,0,0,0.492828488
14/11/2020 00:34:49,0,0,0.492601901
14/11/2020 00:34:50,0,0,0.492375314
14/11/2020 00:34:51,0,0,0.492148697
14/11/2020 00:34:52,0,0,0.49192211
14/11/2020 00:34:53,0,0,0.491695493
14/11/2020 00:34:54,0,0,0.491468906
14/11/2020 00:34:55,0,0,0.49124229
14/11/2020 00:34:56,0,0,0.491015702
14/11/2020 00:34:57,0,0,0.490789115
14/11/2020 00:34:58,0,0,0.490562499
14/11/2020 00:34:59,0,0,0.490335912
14/11/2020 00:35:00,0,0,0.490109295
14/11/2020 00:35:01,0,0,0.489882708
14/11/2020 00:35:02,0,0,0.489656121
14/11/2020 00:35:03,0,0,0.489429504
14/11/2020 00:35:04,0,0,0.489202917
14/11/2020 00:35:05,0,0,0.4889763
14/11/2020 00:35:06,0,0,0.488749713
14/11/2020 00:35:07,0,0,0.488523126
14/11/2020 00:35:08,0,0,0.488296509
14/11/2020 00:35:09,0,0,0.488069922
14/11/2020 00:35:10,0,0,0.487843305
14/11/2020 00:35:11,0,0,0.487616718
14/11/2020 00:35:12,0,0,0.487390131
14/11/2020 00:35:13,0,0,0.487163514
14/11/2020 00:35:14,0,0,0.486936927
14/11/2020 00:35:15,0,0,0.48671031
14/11/2020 00:35:16,0,0,0.486483723
14/11/2020 00:35:17,0,0,0.486257136
14/11/2020 00:35:18,0,0,0.486030519
14/11/2020 00:35:19,0,0,0.485803932
14/11/2020 00:35:20,0,0,0.485577315
14/11/2020 00:35:21,0,0,0.485350728
14/11/2020 00:35:22,0,0,0.485124141
14/11/2020 00:35:23,0,0,0.484897524
14/11/2020 00:35:24,0,0,0.484670937
14/11/2020 00:35:25,0,0,0.48444432
14/11/2020 00:35:26,0,0,0.484217733
14/11/2020 00:35:27,0,0,0.483991116
14/11/2020 00:35:28,0,0,0.483764529
14/11/2020 00:35:29,0,0,0.483537942
14/11/2020 00:35:30,0,0,0.483311325
14/11/2020 00:35:31,0,0,0.483084738
14/11/2020 00:35:32,0,0,0.482858121
14/11/2020 00:35:33,0,0,0.482631534
14/11/2020 00:35:34,0,0,0.482404947
14/11/2020 00:35:35,0,0,0.48217833
14/11/2020 00:35:36,0,0,0.481951743
14/11/2020 00:35:37,0,0,0.481725127
14/11/2020 00:35:38,0,0,0.481498539
14/11/2020 00:35:39,0,0,0.481271952
14/11/2020 00:35:40,0,0,0.481045336
14/11/2020 00:35:41,0,0,0.480818748
14/11/2020 00:35:42,0,0,0.480592132
14/11/2020 00:35:43,0,0,0.480365545
14/11/2020 00:35:44,0,0,0.480138958
14/11/2020 00:35:45,0,0,0.479912341
14/11/2020 00:35:46,0,0,0.479685754
14/11/2020 00:35:47,0,0,0.479459137
14/11/2020 00:35:48,0,0,0.47923255
14/11/2020 00:35:49,0,0,0.479005963
14/11/2020 00:35:50,0,0,0.478779346
14/11/2020 00:35:51,0,0,0.478552759
14/11/2020 00:35:52,0,0,0.478326142
14/11/2020 00:35:53,0,0,0.478099555
14/11/2020 00:35:54,0,0,0.477872968
14/11/2020 00:35:55,0,0,0.477646351
14/11/2020 00:35:56,0,0,0.477419764
14/11/2020 00:35:57,0,0,0.477193147
14/11/2020 00:35:58,0,0,0.47696656
14/11/2020 00:35:59,0,0,0.476739943
14/11/2020 00:36:00,0,0,0.476513356
14/11/2020 00:36:01,0,0,0.476286769
14/11/2020 00:36:02,0,0,0.476060152
14/11/2020 00:36:03,0,0,0.475833565
14/11/2020 00:36:04,0,0,0.475606948
14/11/2020 00:36:05,0,0,0.475380361
14/11/2020 00:36:06,0,0,0.475153774
14/11/2020 00:36:07,0,0,0.474927157
14/11/2020 00:36:08,0,0,0.47470057
14/11/2020 00:36:09,0,0,0.474473953
14/11/2020 00:36:10,0,0,0.474247366
14/11/2020 00:36:11,0,0,0.474020779
14/11/2020 00:36:12,0,0,0.473794162
14/11/2020 00:36:13,0,0,0.473567575
14/11/2020 00:36:14,0,0,0.473340958
14/11/2020 00:36:15,0,0,0.473114371
14/11/2020 00:36:16,0,0,0.472887784
14/11/2020 00:36:17,0,0,0.472661167
14/11/2020 00:36:18,0,0,0.47243458
14/11/2020 00:36:19,0,0,0.472207963
14/11/2020 00:36:20,0,0,0.471981376
14/11/2020 00:36:21,0,0,0.471754789
14/11/2020 00:36:22,0,0,0.471528172
14/11/2020 00:36:23,0,0,0.471301585
14/11/2020 00:36:24,0,0,0.471074969
14/11/2020 00:36:25,0,0,0.470848382
14/11/2020 00:36:26,0,0,0.470621794
14/11/2020 00:36:27,0,0,0.470395178
14/11/2020 00:36:28,0,0,0.470168591
14/11/2020 00:36:29,0,0,0.469941974
14/11/2020 00:36:30,0,0,0.469715387
14/11/2020 00:36:31,0,0,0.46948877
14/11/2020 00:36:32,0,0,0.469262183
14/11/2020 00:36:33,0,0,0.469035596
14/11/2020 00:36:34,0,0,0.468808979
14/11/2020 00:36:35,0,0,0.468582392
14/11/2020 00:36:36,0,0,0.468355775
14/11/2020 00:36:37,0,0,0.468129188
14/11/2020 00:36:38,0,0,0.467902601
14/11/2020 00:36:39,0,0,0.467675984
14/11/2020 00:36:40,0,0,0.467449397
14/11/2020 00:36:41,0,0,0.46722278
14/11/2020 00:36:42,0,0,0.466996193
14/11/2020 00:36:43,0,0,0.466769606
14/11/2020 00:36:44,0,0,0.466542989
14/11/2020 00:36:45,0,0,0.466316402
14/11/2020 00:36:46,0,0,0.466089785
14/11/2020 00:36:47,0,0,0.465863198
14/11/2020 00:36:48,0,0,0.465636611
14/11/2020 00:36:49,0,0,0.465409994
14/11/2020 00:36:50,0,0,0.465183407
14/11/2020 00:36:51,0,0,0.46495679
14/11/2020 00:36:52,0,0,0.464730203
14/11/2020 00:36:53,0,0,0.464503616
14/11/2020 00:36:54,0,0,0.464276999
14/11/2020 00:36:55,0,0,0.464050412
14/11/2020 00:36:56,0,0,0.463823795
14/11/2020 00:36:57,0,0,0.463597208
14/11/2020 00:36:58,0,0,0.463370591
14/11/2020 00:36:59,0,0,0.463144004
14/11/2020 00:37:00,0,0,0.462917417
14/11/2020 00:37:01,0,0,0.4626908
14/11/2020 00:37:02,0,0,0.462464213
14/11/2020 00:37:03,0,0,0.462237597
14/11/2020 00:37:04,0,0,0.462011009
14/11/2020 00:37:05,0,0,0.461784422
14/11/2020 00:37:06,0,0,0.461557806
14/11/2020 00:37:07,0,0,0.461331218
14/11/2020 00:37:08,0,0,0.461104602
14/11/2020 00:37:09,0,0,0.460878015
14/11/2020 00:37:10,0,0,0.460651428
14/11/2020 00:37:11,0,0,0.460424811
14/11/2020 00:37:12,0,0,0.460198224
14/11/2020 00:37:13,0,0,0.459971607
14/11/2020 00:37:14,0,0,0.45974502
14/11/2020 00:37:15,0,0,0.459518433
14/11/2020 00:37:16,0,0,0.459291816
14/11/2020 00:37:17,0,0,0.459065229
14/11/2020 00:37:18,0,0,0.458838612
14/11/2020 00:37:19,0,0,0.458612025
14/11/2020 00:37:20,0,0,0.458385438
14/11/2020 00:37:21,0,0,0.458158821
14/11/2020 00:37:22,0,0,0.457932234
14/11/2020 00:37:23,0,0,0.457705617
14/11/2020 00:37:24,0,0,0.45747903
14/11/2020 00:37:25,0,0,0.457252443
14/11/2020 00:37:26,0,0,0.457025826
14/11/2020 00:37:27,0,0,0.456799239
14/11/2020 00:37:28,0,0,0.456572622
14/11/2020 00:37:29,0,0,0.456346035
14/11/2020 00:37:30,0,0,0.456119418
14/11/2020 00:37:31,0,0,0.455892831
14/11/2020 00:37:32,0,0,0.455666244
14/11/2020 00:37:33,0,0,0.455439627
14/11/2020 00:37:34,0,0,0.45521304
14/11/2020 00:37:35,0,0,0.454986423
14/11/2020 00:37:36,0,0,0.454759836
14/11/2020 00:37:37,0,0,0.454533249
14/11/2020 00:37:38,0,0,0.454306632
14/11/2020 00:37:39,0,0,0.454080045
14/11/2020 00:37:40,0,0,0.453853428
14/11/2020 00:37:41,0,0,0.453626841
14/11/2020 00:37:42,0,0,0.453400254
14/11/2020 00:37:43,0,0,0.453173637
14/11/2020 00:37:44,0,0,0.45294705
14/11/2020 00:37:45,0,0,0.452720433
14/11/2020 00:37:46,0,0,0.452493846
14/11/2020 00:37:47,0,0,0.452267259
14/11/2020 00:37:48,0,0,0.452040642
14/11/2020 00:37:49,0,0,0.451814055
14/11/2020 00:37:50,0,0,0.451587439
14/11/2020 00:37:51,0,0,0.451360852
14/11/2020 00:37:52,0,0,0.451134264
14/11/2020 00:37:53,0,0,0.450907648
14/11/2020 00:37:54,0,0,0.450681061
14/11/2020 00:37:55,0,0,0.450454444
14/11/2020 00:37:56,0,0,0.450227857
14/11/2020 00:37:57,0,0,0.45000127
14/11/2020 00:37:58,0,0,0.449774653
14/11/2020 00:37:59,0,0,0.449548066
14/11/2020 00:38:00,0,0,0.449321449
14/11/2020 00:38:01,0,0,0.449094862
14/11/2020 00:38:02,0,0,0.448868245
14/11/2020 00:38:03,0,0,0.448641658
14/11/2020 00:38:04,0,0,0.448415071
14/11/2020 00:38:05,0,0,0.448188454
14/11/2020 00:38:06,0,0,0.447961867
14/11/2020 00:38:07,0,0,0.44773525
14/11/2020 00:38:08,0,0,0.447508663
14/11/2020 00:38:09,0,0,0.447282076
14/11/2020 00:38:10,0,0,0.447055459
14/11/2020 00:38:11,0,0,0.446828872
14/11/2020 00:38:12,0,0,0.446602255
14/11/2020 00:38:13,0,0,0.446375668
14/11/2020 00:38:14,0,0,0.446149081
14/11/2020 00:38:15,0,0,0.445922464
14/11/2020 00:38:16,0,0,0.445695877
14/11/2020 00:38:17,0,0,0.44546926
14/11/2020 00:38:18,0,0,0.445242673
14/11/2020 00:38:19,0,0,0.445016086
14/11/2020 00:38:20,0,0,0.444789469
14/11/2020 00:38:21,0,0,0.444562882
14/11/2020 00:38:22,0,0,0.444336265
14/11/2020 00:38:23,0,0,0.444109678
14/11/2020 00:38:24,0,0,0.443883091
14/11/2020 00:38:25,0,0,0.443656474
14/11/2020 00:38:26,0,0,0.443429887
14/11/2020 00:38:27,0,0,0.44320327
14/11/2020 00:38:28,0,0,0.442976683
14/11/2020 00:38:29,0,0,0.442750096
14/11/2020 00:38:30,0,0,0.442523479
14/11/2020 00:38:31,0,0,0.442296892
14/11/2020 00:38:32,0,0,0.442070276
14/11/2020 00:38:33,0,0,0.441843688
14/11/2020 00:38:34,0,0,0.441617072
14/11/2020 00:38:35,0,0,0.441390485
14/11/2020 00:38:36,0,0,0.441163898
14/11/2020 00:38:37,0,0,0.440937281
14/11/2020 00:38:38,0,0,0.440710694
14/11/2020 00:38:39,0,0,0.440484077
14/11/2020 00:38:40,0,0,0.44025749
14/11/2020 00:38:41,0,0,0.440030903
14/11/2020 00:38:42,0,0,0.439804286
14/11/2020 00:38:43,0,0,0.439577699
14/11/2020 00:38:44,0,0,0.439351082
14/11/2020 00:38:45,0,0,0.439124495
14/11/2020 00:38:46,0,0,0.438897908
14/11/2020 00:38:47,0,0,0.438671291
14/11/2020 00:38:48,0,0,0.438444704
14/11/2020 00:38:49,0,0,0.438218087
14/11/2020 00:38:50,0,0,0.4379915
14/11/2020 00:38:51,0,0,0.437764913
14/11/2020 00:38:52,0,0,0.437538296
14/11/2020 00:38:53,0,0,0.437311709
14/11/2020 00:38:54,0,0,0.437085092
14/11/2020 00:38:55,0,0,0.436858505
14/11/2020 00:38:56,0,0,0.436631918
14/11/2020 00:38:57,0,0,0.436405301
14/11/2020 00:38:58,0,0,0.436178714
14/11/2020 00:38:59,0,0,0.435952097
14/11/2020 00:39:00,0,0,0.43572551
14/11/2020 00:39:01,0,0,0.435498923
14/11/2020 00:39:02,0,0,0.435272306
14/11/2020 00:39:03,0,0,0.435045719
14/11/2020 00:39:04,0,0,0.434819102
14/11/2020 00:39:05,0,0,0.434592515
14/11/2020 00:39:06,0,0,0.434365898
14/11/2020 00:39:07,0,0,0.434139311
14/11/2020 00:39:08,0,0,0.433912724
14/11/2020 00:39:09,0,0,0.433686107
14/11/2020 00:39:10,0,0,0.43345952
14/11/2020 00:39:11,0,0,0.433232903
14/11/2020 00:39:12,0,0,0.433006316
14/11/2020 00:39:13,0,0,0.432779729
14/11/2020 00:39:14,0,0,0.432553113
14/11/2020 00:39:15,0,0,0.432326525
14/11/2020 00:39:16,0,0,0.432099909
14/11/2020 00:39:17,0,0,0.431873322
14/11/2020 00:39:18,0,0,0.431646734
14/11/2020 00:39:19,0,0,0.431420118
14/11/2020 00:39:20,0,0,0.431193531
14/11/2020 00:39:21,0,0,0.430966914
14/11/2020 00:39:22,0,0,0.430740327
14/11/2020 00:39:23,0,0,0.43051374
14/11/2020 00:39:24,0,0,0.430287123
14/11/2020 00:39:25,0,0,0.430060536
14/11/2020 00:39:26,0,0,0.429833919
14/11/2020 00:39:27,0,0,0.429607332
14/11/2020 00:39:28,0,0,0.429380745
14/11/2020 00:39:29,0,0,0.429154128
14/11/2020 00:39:30,0,0,0.428927541
14/11/2020 00:39:31,0,0,0.428700924
14/11/2020 00:39:32,0,0,0.428474337
14/11/2020 00:39:33,0,0,0.42824772
14/11/2020 00:39:34,0,0,0.428021133
14/11/2020 00:39:35,0,0,0.427794546
14/11/2020 00:39:36,0,0,0.427567929
14/11/2020 00:39:37,0,0,0.427341342
14/11/2020 00:39:38,0,0,0.427114725
14/11/2020 00:39:39,0,0,0.426888138
14/11/2020 00:39:40,0,0,0.426661551
14/11/2020 00:39:41,0,0,0.426434934
14/11/2020 00:39:42,0,0,0.426208347
14/11/2020 00:39:43,0,0,0.42598173
14/11/2020 00:39:44,0,0,0.425755143
14/11/2020 00:39:45,0,0,0.425528556
14/11/2020 00:39:46,0,0,0.425301939
14/11/2020 00:39:47,0,0,0.425075352
14/11/2020 00:39:48,0,0,0.424848735
14/11/2020 00:39:49,0,0,0.424622148
14/11/2020 00:39:50,0,0,0.424395561
14/11/2020 00:39:51,0,0,0.424168944
14/11/2020 00:39:52,0,0,0.423942357
14/11/2020 00:39:53,0,0,0.42371574
14/11/2020 00:39:54,0,0,0.423489153
14/11/2020 00:39:55,0,0,0.423262566
14/11/2020 00:39:56,0,0,0.423035949
14/11/2020 00:39:57,0,0,0.422809362
14/11/2020 00:39:58,0,0,0.422582746
14/11/2020 00:39:59,0,0,0.422356158
14/11/2020 00:40:00,0,0,0.422129571
14/11/2020 00:40:01,0,0,0.421902955
14/11/2020 00:40:02,0,0,0.421676368
14/11/2020 00:40:03,0,0,0.421449751
14/11/2020 00:40:04,0,0,0.421223164
14/11/2020 00:40:05,0,0,0.420996547
14/11/2020 00:40:06,0,0,0.42076996
14/11/2020 00:40:07,0,0,0.420543373
14/11/2020 00:40:08,0,0,0.420316756
14/11/2020 00:40:09,0,0,0.420090169
14/11/2020 00:40:10,0,0,0.419863552
14/11/2020 00:40:11,0,0,0.419636965
14/11/2020 00:40:12,0,0,0.419410378
14/11/2020 00:40:13,0,0,0.419183761
14/11/2020 00:40:14,0,0,0.418957174
14/11/2020 00:40:15,0,0,0.418730557
14/11/2020 00:40:16,0,0,0.41850397
14/11/2020 00:40:17,0,0,0.418277383
14/11/2020 00:40:18,0,0,0.418050766
14/11/2020 00:40:19,0,0,0.417824179
14/11/2020 00:40:20,0,0,0.417597562
14/11/2020 00:40:21,0,0,0.417370975
14/11/2020 00:40:22,0,0,0.417144388
14/11/2020 00:40:23,0,0,0.416917771
14/11/2020 00:40:24,0,0,0.416691184
14/11/2020 00:40:25,0,0,0.416464567
14/11/2020 00:40:26,0,0,0.41623798
14/11/2020 00:40:27,0,0,0.416011393
14/11/2020 00:40:28,0,0,0.415784776
14/11/2020 00:40:29,0,0,0.415558189
14/11/2020 00:40:30,0,0,0.415331572
14/11/2020 00:40:31,0,0,0.415104985
14/11/2020 00:40:32,0,0,0.414878398
14/11/2020 00:40:33,0,0,0.414651781
14/11/2020 00:40:34,0,0,0.414425194
14/11/2020 00:40:35,0,0,0.414198577
14/11/2020 00:40:36,0,0,0.41397199
14/11/2020 00:40:37,0,0,0.413745373
14/11/2020 00:40:38,0,0,0.413518786
14/11/2020 00:40:39,0,0,0.413292199
14/11/2020 00:40:40,0,0,0.413065583
14/11/2020 00:40:41,0,0,0.412838995
14/11/2020 00:40:42,0,0,0.412612379
14/11/2020 00:40:43,0,0,0.412385792
14/11/2020 00:40:44,0,0,0.412159204
14/11/2020 00:40:45,0,0,0.411932588
14/11/2020 00:40:46,0,0,0.411706001
14/11/2020 00:40:47,0,0,0.411479384
14/11/2020 00:40:48,0,0,0.411252797
14/11/2020 00:40:49,0,0,0.41102621
14/11/2020 00:40:50,0,0,0.410799593
14/11/2020 00:40:51,0,0,0.410573006
14/11/2020 00:40:52,0,0,0.410346389
14/11/2020 00:40:53,0,0,0.410119802
14/11/2020 00:40:54,0,0,0.409893215
14/11/2020 00:40:55,0,0,0.409666598
14/11/2020 00:40:56,0,0,0.409440011
14/11/2020 00:40:57,0,0,0.409213394
14/11/2020 00:40:58,0,0,0.408986807
14/11/2020 00:40:59,0,0,0.40876022
14/11/2020 00:41:00,0,0,0.408533603
14/11/2020 00:41:01,0,0,0.408307016
14/11/2020 00:41:02,0,0,0.408080399
14/11/2020 00:41:03,0,0,0.407853812
14/11/2020 00:41:04,0,0,0.407627225
14/11/2020 00:41:05,0,0,0.407400608
14/11/2020 00:41:06,0,0,0.407174021
14/11/2020 00:41:07,0,0,0.406947404
14/11/2020 00:41:08,0,0,0.406720817
14/11/2020 00:41:09,0,0,0.4064942
14/11/2020 00:41:10,0,0,0.406267613
14/11/2020 00:41:11,0,0,0.406041026
14/11/2020 00:41:12,0,0,0.405814409
14/11/2020 00:41:13,0,0,0.405587822
14/11/2020 00:41:14,0,0,0.405361205
14/11/2020 00:41:15,0,0,0.405134618
14/11/2020 00:41:16,0,0,0.404908031
14/11/2020 00:41:17,0,0,0.404681414
14/11/2020 00:41:18,0,0,0.404454827
14/11/2020 00:41:19,0,0,0.40422821
14/11/2020 00:41:20,0,0,0.404001623
14/11/2020 00:41:21,0,0,0.403775036
14/11/2020 00:41:22,0,0,0.403548419
14/11/2020 00:41:23,0,0,0.403321832
14/11/2020 00:41:24,0,0,0.403095216
14/11/2020 00:41:25,0,0,0.402868629
14/11/2020 00:41:26,0,0,0.402642041
14/11/2020 00:41:27,0,0,0.402415425
14/11/2020 00:41:28,0,0,0.402188838
14/11/2020 00:41:29,0,0,0.401962221
14/11/2020 00:41:30,0,0,0.401735634
14/11/2020 00:41:31,0,0,0.401509047
14/11/2020 00:41:32,0,0,0.40128243
14/11/2020 00:41:33,0,0,0.401055843
14/11/2020 00:41:34,0,0,0.400829226
14/11/2020 00:41:35,0,0,0.400602639
14/11/2020 00:41:36,0,0,0.400376022
14/11/2020 00:41:37,0,0,0.400149435
14/11/2020 00:41:38,0,0,0.399922848
14/11/2020 00:41:39,0,0,0.399696231
14/11/2020 00:41:40,0,0,0.399469644
14/11/2020 00:41:41,0,0,0.399243027
14/11/2020 00:41:42,0,0,0.39901644
14/11/2020 00:41:43,0,0,0.398789853
14/11/2020 00:41:44,0,0,0.398563236
14/11/2020 00:41:45,0,0,0.398336649
14/11/2020 00:41:46,0,0,0.398110032
14/11/2020 00:41:47,0,0,0.397883445
14/11/2020 00:41:48,0,0,0.397656858
14/11/2020 00:41:49,0,0,0.397430241
14/11/2020 00:41:50,0,0,0.397203654
14/11/2020 00:41:51,0,0,0.396977037
14/11/2020 00:41:52,0,0,0.39675045
14/11/2020 00:41:53,0,0,0.396523863
14/11/2020 00:41:54,0,0,0.396297246
14/11/2020 00:41:55,0,0,0.396070659
14/11/2020 00:41:56,0,0,0.395844042
14/11/2020 00:41:57,0,0,0.395617455
14/11/2020 00:41:58,0,0,0.395390868
14/11/2020 00:41:59,0,0,0.395164251
14/11/2020 00:42:00,0,0,0.394937664
14/11/2020 00:42:01,0,0,0.394711047
14/11/2020 00:42:02,0,0,0.39448446
14/11/2020 00:42:03,0,0,0.394257873
14/11/2020 00:42:04,0,0,0.394031256
14/11/2020 00:42:05,0,0,0.393804669
14/11/2020 00:42:06,0,0,0.393578053
14/11/2020 00:42:07,0,0,0.393351465
14/11/2020 00:42:08,0,0,0.393124849
14/11/2020 00:42:09,0,0,0.392898262
14/11/2020 00:42:10,0,0,0.392671674
14/11/2020 00:42:11,0,0,0.392445058
14/11/2020 00:42:12,0,0,0.392218471
14/11/2020 00:42:13,0,0,0.391991854
14/11/2020 00:42:14,0,0,0.391765267
14/11/2020 00:42:15,0,0,0.39153868
14/11/2020 00:42:16,0,0,0.391312063
14/11/2020 00:42:17,0,0,0.391085476
14/11/2020 00:42:18,0,0,0.390858859
14/11/2020 00:42:19,0,0,0.390632272
14/11/2020 00:42:20,0,0,0.390405685
14/11/2020 00:42:21,0,0,0.390179068
14/11/2020 00:42:22,0,0,0.389952481
14/11/2020 00:42:23,0,0,0.389725864
14/11/2020 00:42:24,0,0,0.389499277
14/11/2020 00:42:25,0,0,0.38927269
14/11/2020 00:42:26,0,0,0.389046073
14/11/2020 00:42:27,0,0,0.388819486
14/11/2020 00:42:28,0,0,0.388592869
14/11/2020 00:42:29,0,0,0.388366282
14/11/2020 00:42:30,0,0,0.388139695
14/11/2020 00:42:31,0,0,0.387913078
14/11/2020 00:42:32,0,0,0.387686491
14/11/2020 00:42:33,0,0,0.387459874
14/11/2020 00:42:34,0,0,0.387233287
14/11/2020 00:42:35,0,0,0.3870067
14/11/2020 00:42:36,0,0,0.386780083
14/11/2020 00:42:37,0,0,0.386553496
14/11/2020 00:42:38,0,0,0.386326879
14/11/2020 00:42:39,0,0,0.386100292
14/11/2020 00:42:40,0,0,0.385873675
14/11/2020 00:42:41,0,0,0.385647088
14/11/2020 00:42:42,0,0,0.385420501
14/11/2020 00:42:43,0,0,0.385193884
14/11/2020 00:42:44,0,0,0.384967297
14/11/2020 00:42:45,0,0,0.38474068
14/11/2020 00:42:46,0,0,0.384514093
14/11/2020 00:42:47,0,0,0.384287506
14/11/2020 00:42:48,0,0,0.384060889
14/11/2020 00:42:49,0,0,0.383834302
14/11/2020 00:42:50,0,0,0.383607686
14/11/2020 00:42:51,0,0,0.383381099
14/11/2020 00:42:52,0,0,0.383154511
14/11/2020 00:42:53,0,0,0.382927895
14/11/2020 00:42:54,0,0,0.382701308
14/11/2020 00:42:55,0,0,0.382474691
14/11/2020 00:42:56,0,0,0.382248104
14/11/2020 00:42:57,0,0,0.382021517
14/11/2020 00:42:58,0,0,0.3817949
14/11/2020 00:42:59,0,0,0.381568313
14/11/2020 00:43:00,0,0,0.381341696
14/11/2020 00:43:01,0,0,0.381115109
14/11/2020 00:43:02,0,0,0.380888522
14/11/2020 00:43:03,0,0,0.380661905
14/11/2020 00:43:04,0,0,0.380435318
14/11/2020 00:43:05,0,0,0.380208701
14/11/2020 00:43:06,0,0,0.379982114
14/11/2020 00:43:07,0,0,0.379755527
14/11/2020 00:43:08,0,0,0.37952891
14/11/2020 00:43:09,0,0,0.379302323
14/11/2020 00:43:10,0,0,0.379075706
14/11/2020 00:43:11,0,0,0.378849119
14/11/2020 00:43:12,0,0,0.378622502
14/11/2020 00:43:13,0,0,0.378395915
14/11/2020 00:43:14,0,0,0.378169328
14/11/2020 00:43:15,0,0,0.377942711
14/11/2020 00:43:16,0,0,0.377716124
14/11/2020 00:43:17,0,0,0.377489507
14/11/2020 00:43:18,0,0,0.37726292
14/11/2020 00:43:19,0,0,0.377036333
14/11/2020 00:43:20,0,0,0.376809716
14/11/2020 00:43:21,0,0,0.376583129
14/11/2020 00:43:22,0,0,0.376356512
14/11/2020 00:43:23,0,0,0.376129925
14/11/2020 00:43:24,0,0,0.375903338
14/11/2020 00:43:25,0,0,0.375676721
14/11/2020 00:43:26,0,0,0.375450134
14/11/2020 00:43:27,0,0,0.375223517
14/11/2020 00:43:28,0,0,0.37499693
14/11/2020 00:43:29,0,0,0.374770343
14/11/2020 00:43:30,0,0,0.374543726
14/11/2020 00:43:31,0,0,0.374317139
14/11/2020 00:43:32,0,0,0.374090523
14/11/2020 00:43:33,0,0,0.373863935
14/11/2020 00:43:34,0,0,0.373637348
14/11/2020 00:43:35,0,0,0.373410732
14/11/2020 00:43:36,0,0,0.373184144
14/11/2020 00:43:37,0,0,0.372957528
14/11/2020 00:43:38,0,0,0.372730941
14/11/2020 00:43:39,0,0,0.372504324
14/11/2020 00:43:40,0,0,0.372277737
14/11/2020 00:43:41,0,0,0.37205115
14/11/2020 00:43:42,0,0,0.371824533
14/11/2020 00:43:43,0,0,0.371597946
14/11/2020 00:43:44,0,0,0.371371329
14/11/2020 00:43:45,0,0,0.371144742
14/11/2020 00:43:46,0,0,0.370918155
14/11/2020 00:43:47,0,0,0.370691538
14/11/2020 00:43:48,0,0,0.370464951
14/11/2020 00:43:49,0,0,0.370238334
14/11/2020 00:43:50,0,0,0.370011747
14/11/2020 00:43:51,0,0,0.36978516
14/11/2020 00:43:52,0,0,0.369558543
14/11/2020 00:43:53,0,0,0.369331956
14/11/2020 00:43:54,0,0,0.369105339
14/11/2020 00:43:55,0,0,0.368878752
14/11/2020 00:43:56,0,0,0.368652165
14/11/2020 00:43:57,0,0,0.368425548
14/11/2020 00:43:58,0,0,0.368198961
14/11/2020 00:43:59,0,0,0.367972344
14/11/2020 00:44:00,0,0,0.367745757
14/11/2020 00:44:01,0,0,0.36751917
14/11/2020 00:44:02,0,0,0.367292553
14/11/2020 00:44:03,0,0,0.367065966
14/11/2020 00:44:04,0,0,0.366839349
14/11/2020 00:44:05,0,0,0.366612762
14/11/2020 00:44:06,0,0,0.366386175
14/11/2020 00:44:07,0,0,0.366159558
14/11/2020 00:44:08,0,0,0.365932971
14/11/2020 00:44:09,0,0,0.365706354
14/11/2020 00:44:10,0,0,0.365479767
14/11/2020 00:44:11,0,0,0.36525315
14/11/2020 00:44:12,0,0,0.365026563
14/11/2020 00:44:13,0,0,0.364799976
14/11/2020 00:44:14,0,0,0.364573359
14/11/2020 00:44:15,0,0,0.364346772
14/11/2020 00:44:16,0,0,0.364120156
14/11/2020 00:44:17,0,0,0.363893569
14/11/2020 00:44:18,0,0,0.363666981
14/11/2020 00:44:19,0,0,0.363440365
14/11/2020 00:44:20,0,0,0.363213778
14/11/2020 00:44:21,0,0,0.362987161
14/11/2020 00:44:22,0,0,0.362760574
14/11/2020 00:44:23,0,0,0.362533987
14/11/2020 00:44:24,0,0,0.36230737
14/11/2020 00:44:25,0,0,0.362080783
14/11/2020 00:44:26,0,0,0.361854166
14/11/2020 00:44:27,0,0,0.361627579
14/11/2020 00:44:28,0,0,0.361400992
14/11/2020 00:44:29,0,0,0.361174375
14/11/2020 00:44:30,0,0,0.360947788
14/11/2020 00:44:31,0,0,0.360721171
14/11/2020 00:44:32,0,0,0.360494584
14/11/2020 00:44:33,0,0,0.360267997
14/11/2020 00:44:34,0,0,0.36004138
14/11/2020 00:44:35,0,0,0.359814793
14/11/2020 00:44:36,0,0,0.359588176
14/11/2020 00:44:37,0,0,0.359361589
14/11/2020 00:44:38,0,0,0.359135002
14/11/2020 00:44:39,0,0,0.358908385
14/11/2020 00:44:40,0,0,0.358681798
14/11/2020 00:44:41,0,0,0.358455181
14/11/2020 00:44:42,0,0,0.358228594
14/11/2020 00:44:43,0,0,0.358001977
14/11/2020 00:44:44,0,0,0.35777539
14/11/2020 00:44:45,0,0,0.357548803
14/11/2020 00:44:46,0,0,0.357322186
14/11/2020 00:44:47,0,0,0.357095599
14/11/2020 00:44:48,0,0,0.356868982
14/11/2020 00:44:49,0,0,0.356642395
14/11/2020 00:44:50,0,0,0.356415808
14/11/2020 00:44:51,0,0,0.356189191
14/11/2020 00:44:52,0,0,0.355962604
14/11/2020 00:44:53,0,0,0.355735987
14/11/2020 00:44:54,0,0,0.3555094
14/11/2020 00:44:55,0,0,0.355282813
14/11/2020 00:44:56,0,0,0.355056196
14/11/2020 00:44:57,0,0,0.354829609
14/11/2020 00:44:58,0,0,0.354602993
14/11/2020 00:44:59,0,0,0.354376405
14/11/2020 00:45:00,0,0,0.354149818
14/11/2020 00:45:01,0,0,0.353923202
14/11/2020 00:45:02,0,0,0.353696615
14/11/2020 00:45:03,0,0,0.353469998
14/11/2020 00:45:04,0,0,0.353243411
14/11/2020 00:45:05,0,0,0.353016824
14/11/2020 00:45:06,0,0,0.352790207
14/11/2020 00:45:07,0,0,0.35256362
14/11/2020 00:45:08,0,0,0.352337003
14/11/2020 00:45:09,0,0,0.352110416
14/11/2020 00:45:10,0,0,0.351883829
14/11/2020 00:45:11,0,0,0.351657212
14/11/2020 00:45:12,0,0,0.351430625
14/11/2020 00:45:13,0,0,0.351204008
14/11/2020 00:45:14,0,0,0.350977421
14/11/2020 00:45:15,0,0,0.350750804
14/11/2020 00:45:16,0,0,0.350524217
14/11/2020 00:45:17,0,0,0.35029763
14/11/2020 00:45:18,0,0,0.350071013
14/11/2020 00:45:19,0,0,0.349844426
14/11/2020 00:45:20,0,0,0.349617809
14/11/2020 00:45:21,0,0,0.349391222
14/11/2020 00:45:22,0,0,0.349164635
14/11/2020 00:45:23,0,0,0.348938018
14/11/2020 00:45:24,0,0,0.348711431
14/11/2020 00:45:25,0,0,0.348484814
14/11/2020 00:45:26,0,0,0.348258227
14/11/2020 00:45:27,0,0,0.34803164
14/11/2020 00:45:28,0,0,0.347805023
14/11/2020 00:45:29,0,0,0.347578436
14/11/2020 00:45:30,0,0,0.347351819
14/11/2020 00:45:31,0,0,0.347125232
14/11/2020 00:45:32,0,0,0.346898645
14/11/2020 00:45:33,0,0,0.346672028
14/11/2020 00:45:34,0,0,0.346445441
14/11/2020 00:45:35,0,0,0.346218824
14/11/2020 00:45:36,0,0,0.345992237
14/11/2020 00:45:37,0,0,0.34576565
14/11/2020 00:45:38,0,0,0.345539033
14/11/2020 00:45:39,0,0,0.345312446
14/11/2020 00:45:40,0,0,0.345085829
14/11/2020 00:45:41,0,0,0.344859242
14/11/2020 00:45:42,0,0,0.344632626
14/11/2020 00:45:43,0,0,0.344406039
14/11/2020 00:45:44,0,0,0.344179451
14/11/2020 00:45:45,0,0,0.343952835
14/11/2020 00:45:46,0,0,0.343726248
14/11/2020 00:45:47,0,0,0.343499631
14/11/2020 00:45:48,0,0,0.343273044
14/11/2020 00:45:49,0,0,0.343046457
14/11/2020 00:45:50,0,0,0.34281984
14/11/2020 00:45:51,0,0,0.342593253
14/11/2020 00:45:52,0,0,0.342366636
14/11/2020 00:45:53,0,0,0.342140049
14/11/2020 00:45:54,0,0,0.341913462
14/11/2020 00:45:55,0,0,0.341686845
14/11/2020 00:45:56,0,0,0.341460258
14/11/2020 00:45:57,0,0,0.341233641
14/11/2020 00:45:58,0,0,0.341007054
14/11/2020 00:45:59,0,0,0.340780467
14/11/2020 00:46:00,0,0,0.34055385
14/11/2020 00:46:01,0,0,0.340327263
14/11/2020 00:46:02,0,0,0.340100646
14/11/2020 00:46:03,0,0,0.339874059
14/11/2020 00:46:04,0,0,0.339647472
14/11/2020 00:46:05,0,0,0.339420855
14/11/2020 00:46:06,0,0,0.339194268
14/11/2020 00:46:07,0,0,0.338967651
14/11/2020 00:46:08,0,0,0.338741064
14/11/2020 00:46:09,0,0,0.338514477
14/11/2020 00:46:10,0,0,0.33828786
14/11/2020 00:46:11,0,0,0.338061273
14/11/2020 00:46:12,0,0,0.337834656
14/11/2020 00:46:13,0,0,0.337608069
14/11/2020 00:46:14,0,0,0.337381452
14/11/2020 00:46:15,0,0,0.337154865
14/11/2020 00:46:16,0,0,0.336928278
14/11/2020 00:46:17,0,0,0.336701661
14/11/2020 00:46:18,0,0,0.336475074
14/11/2020 00:46:19,0,0,0.336248457
14/11/2020 00:46:20,0,0,0.33602187
14/11/2020 00:46:21,0,0,0.335795283
14/11/2020 00:46:22,0,0,0.335568666
14/11/2020 00:46:23,0,0,0.335342079
14/11/2020 00:46:24,0,0,0.335115463
14/11/2020 00:46:25,0,0,0.334888875
14/11/2020 00:46:26,0,0,0.334662288
14/11/2020 00:46:27,0,0,0.334435672
14/11/2020 00:46:28,0,0,0.334209085
14/11/2020 00:46:29,0,0,0.333982468
14/11/2020 00:46:30,0,0,0.333755881
14/11/2020 00:46:31,0,0,0.333529294
14/11/2020 00:46:32,0,0,0.333302677
14/11/2020 00:46:33,0,0,0.33307609
14/11/2020 00:46:34,0,0,0.332849473
14/11/2020 00:46:35,0,0,0.332622886
14/11/2020 00:46:36,0,0,0.332396299
14/11/2020 00:46:37,0,0,0.332169682
14/11/2020 00:46:38,0,0,0.331943095
14/11/2020 00:46:39,0,0,0.331716478
14/11/2020 00:46:40,0,0,0.331489891
14/11/2020 00:46:41,0,0,0.331263304
14/11/2020 00:46:42,0,0,0.331036687
14/11/2020 00:46:43,0,0,0.3308101
14/11/2020 00:46:44,0,0,0.330583483
14/11/2020 00:46:45,0,0,0.330356896
14/11/2020 00:46:46,0,0,0.330130279
14/11/2020 00:46:47,0,0,0.329903692
14/11/2020 00:46:48,0,0,0.329677105
14/11/2020 00:46:49,0,0,0.329450488
14/11/2020 00:46:50,0,0,0.329223901
14/11/2020 00:46:51,0,0,0.328997284
14/11/2020 00:46:52,0,0,0.328770697
14/11/2020 00:46:53,0,0,0.32854411
14/11/2020 00:46:54,0,0,0.328317493
14/11/2020 00:46:55,0,0,0.328090906
14/11/2020 00:46:56,0,0,0.327864289
14/11/2020 00:46:57,0,0,0.327637702
14/11/2020 00:46:58,0,0,0.327411115
14/11/2020 00:46:59,0,0,0.327184498
14/11/2020 00:47:00,0,0,0.326957911
14/11/2020 00:47:01,0,0,0.326731294
14/11/2020 00:47:02,0,0,0.326504707
14/11/2020 00:47:03,0,0,0.32627812
14/11/2020 00:47:04,0,0,0.326051503
14/11/2020 00:47:05,0,0,0.325824916
14/11/2020 00:47:06,0,0,0.3255983
14/11/2020 00:47:07,0,0,0.325371712
14/11/2020 00:47:08,0,0,0.325145125
14/11/2020 00:47:09,0,0,0.324918509
14/11/2020 00:47:10,0,0,0.324691921
14/11/2020 00:47:11,0,0,0.324465305
14/11/2020 00:47:12,0,0,0.324238718
14/11/2020 00:47:13,0,0,0.32401213
14/11/2020 00:47:14,0,0,0.323785514
14/11/2020 00:47:15,0,0,0.323558927
14/11/2020 00:47:16,0,0,0.32333231
14/11/2020 00:47:17,0,0,0.323105723
14/11/2020 00:47:18,0,0,0.322879106
14/11/2020 00:47:19,0,0,0.322652519
14/11/2020 00:47:20,0,0,0.322425932
14/11/2020 00:47:21,0,0,0.322199315
14/11/2020 00:47:22,0,0,0.321972728
14/11/2020 00:47:23,0,0,0.321746111
14/11/2020 00:47:24,0,0,0.321519524
14/11/2020 00:47:25,0,0,0.321292937
14/11/2020 00:47:26,0,0,0.32106632
14/11/2020 00:47:27,0,0,0.320839733
14/11/2020 00:47:28,0,0,0.320613116
14/11/2020 00:47:29,0,0,0.320386529
14/11/2020 00:47:30,0,0,0.320159942
14/11/2020 00:47:31,0,0,0.319933325
14/11/2020 00:47:32,0,0,0.319706738
14/11/2020 00:47:33,0,0,0.319480121
14/11/2020 00:47:34,0,0,0.319253534
14/11/2020 00:47:35,0,0,0.319026947
14/11/2020 00:47:36,0,0,0.31880033
14/11/2020 00:47:37,0,0,0.318573743
14/11/2020 00:47:38,0,0,0.318347126
14/11/2020 00:47:39,0,0,0.318120539
14/11/2020 00:47:40,0,0,0.317893952
14/11/2020 00:47:41,0,0,0.317667335
14/11/2020 00:47:42,0,0,0.317440748
14/11/2020 00:47:43,0,0,0.317214131
14/11/2020 00:47:44,0,0,0.316987544
14/11/2020 00:47:45,0,0,0.316760957
14/11/2020 00:47:46,0,0,0.31653434
14/11/2020 00:47:47,0,0,0.316307753
14/11/2020 00:47:48,0,0,0.316081136
14/11/2020 00:47:49,0,0,0.315854549
14/11/2020 00:47:50,0,0,0.315627933
14/11/2020 00:47:51,0,0,0.315401345
14/11/2020 00:47:52,0,0,0.315174758
14/11/2020 00:47:53,0,0,0.314948142
14/11/2020 00:47:54,0,0,0.314721555
14/11/2020 00:47:55,0,0,0.314494938
14/11/2020 00:47:56,0,0,0.314268351
14/11/2020 00:47:57,0,0,0.314041764
14/11/2020 00:47:58,0,0,0.313815147
14/11/2020 00:47:59,0,0,0.31358856
14/11/2020 00:48:00,0,0,0.313361943
14/11/2020 00:48:01,0,0,0.313135356
14/11/2020 00:48:02,0,0,0.312908769
14/11/2020 00:48:03,0,0,0.312682152
14/11/2020 00:48:04,0,0,0.312455565
14/11/2020 00:48:05,0,0,0.312228948
14/11/2020 00:48:06,0,0,0.312002361
14/11/2020 00:48:07,0,0,0.311775774
14/11/2020 00:48:08,0,0,0.311549157
14/11/2020 00:48:09,0,0,0.31132257
14/11/2020 00:48:10,0,0,0.311095953
14/11/2020 00:48:11,0,0,0.310869366
14/11/2020 00:48:12,0,0,0.310642779
14/11/2020 00:48:13,0,0,0.310416162
14/11/2020 00:48:14,0,0,0.310189575
14/11/2020 00:48:15,0,0,0.309962958
14/11/2020 00:48:16,0,0,0.309736371
14/11/2020 00:48:17,0,0,0.309509754
14/11/2020 00:48:18,0,0,0.309283167
14/11/2020 00:48:19,0,0,0.30905658
14/11/2020 00:48:20,0,0,0.308829963
14/11/2020 00:48:21,0,0,0.308603376
14/11/2020 00:48:22,0,0,0.308376759
14/11/2020 00:48:23,0,0,0.308150172
14/11/2020 00:48:24,0,0,0.307923585
14/11/2020 00:48:25,0,0,0.307696968
14/11/2020 00:48:26,0,0,0.307470381
14/11/2020 00:48:27,0,0,0.307243764
14/11/2020 00:48:28,0,0,0.307017177
14/11/2020 00:48:29,0,0,0.30679059
14/11/2020 00:48:30,0,0,0.306563973
14/11/2020 00:48:31,0,0,0.306337386
14/11/2020 00:48:32,0,0,0.30611077
14/11/2020 00:48:33,0,0,0.305884182
14/11/2020 00:48:34,0,0,0.305657595
14/11/2020 00:48:35,0,0,0.305430979
14/11/2020 00:48:36,0,0,0.305204391
14/11/2020 00:48:37,0,0,0.304977775
14/11/2020 00:48:38,0,0,0.304751188
14/11/2020 00:48:39,0,0,0.304524601
14/11/2020 00:48:40,0,0,0.304297984
14/11/2020 00:48:41,0,0,0.304071397
14/11/2020 00:48:42,0,0,0.30384478
14/11/2020 00:48:43,0,0,0.303618193
14/11/2020 00:48:44,0,0,0.303391606
14/11/2020 00:48:45,0,0,0.303164989
14/11/2020 00:48:46,0,0,0.302938402
14/11/2020 00:48:47,0,0,0.302711785
14/11/2020 00:48:48,0,0,0.302485198
14/11/2020 00:48:49,0,0,0.302258581
14/11/2020 00:48:50,0,0,0.302031994
14/11/2020 00:48:51,0,0,0.301805407
14/11/2020 00:48:52,0,0,0.30157879
14/11/2020 00:48:53,0,0,0.301352203
14/11/2020 00:48:54,0,0,0.301125586
14/11/2020 00:48:55,0,0,0.300898999
14/11/2020 00:48:56,0,0,0.300672412
14/11/2020 00:48:57,0,0,0.300445795
14/11/2020 00:48:58,0,0,0.300219208
14/11/2020 00:48:59,0,0,0.299992591
14/11/2020 00:49:00,0,0,0.299766004
14/11/2020 00:49:01,0,0,0.299539417
14/11/2020 00:49:02,0,0,0.2993128
14/11/2020 00:49:03,0,0,0.299086213
14/11/2020 00:49:04,0,0,0.298859596
14/11/2020 00:49:05,0,0,0.298633009
14/11/2020 00:49:06,0,0,0.298406422
14/11/2020 00:49:07,0,0,0.298179805
14/11/2020 00:49:08,0,0,0.297953218
14/11/2020 00:49:09,0,0,0.297726601
14/11/2020 00:49:10,0,0,0.297500014
14/11/2020 00:49:11,0,0,0.297273427
14/11/2020 00:49:12,0,0,0.29704681
14/11/2020 00:49:13,0,0,0.296820223
14/11/2020 00:49:14,0,0,0.296593606
14/11/2020 00:49:15,0,0,0.296367019
14/11/2020 00:49:16,0,0,0.296140432
14/11/2020 00:49:17,0,0,0.295913815
14/11/2020 00:49:18,0,0,0.295687228
14/11/2020 00:49:19,0,0,0.295460612
14/11/2020 00:49:20,0,0,0.295234025
14/11/2020 00:49:21,0,0,0.295007408
14/11/2020 00:49:22,0,0,0.294780821
14/11/2020 00:49:23,0,0,0.294554234
14/11/2020 00:49:24,0,0,0.294327617
14/11/2020 00:49:25,0,0,0.29410103
14/11/2020 00:49:26,0,0,0.293874413
14/11/2020 00:49:27,0,0,0.293647826
14/11/2020 00:49:28,0,0,0.293421239
14/11/2020 00:49:29,0,0,0.293194622
14/11/2020 00:49:30,0,0,0.292968035
14/11/2020 00:49:31,0,0,0.292741418
14/11/2020 00:49:32,0,0,0.292514831
14/11/2020 00:49:33,0,0,0.292288244
14/11/2020 00:49:34,0,0,0.292061627
14/11/2020 00:49:35,0,0,0.29183504
14/11/2020 00:49:36,0,0,0.291608423
14/11/2020 00:49:37,0,0,0.291381836
14/11/2020 00:49:38,0,0,0.291155249
14/11/2020 00:49:39,0,0,0.290928632
14/11/2020 00:49:40,0,0,0.290702045
14/11/2020 00:49:41,0,0,0.290475428
14/11/2020 00:49:42,0,0,0.290248841
14/11/2020 00:49:43,0,0,0.290022254
14/11/2020 00:49:44,0,0,0.289795637
14/11/2020 00:49:45,0,0,0.28956905
14/11/2020 00:49:46,0,0,0.289342433
14/11/2020 00:49:47,0,0,0.289115846
14/11/2020 00:49:48,0,0,0.288889259
14/11/2020 00:49:49,0,0,0.288662642
14/11/2020 00:49:50,0,0,0.288436055
14/11/2020 00:49:51,0,0,0.288209438
14/11/2020 00:49:52,0,0,0.287982851
14/11/2020 00:49:53,0,0,0.287756234
14/11/2020 00:49:54,0,0,0.287529647
14/11/2020 00:49:55,0,0,0.28730306
14/11/2020 00:49:56,0,0,0.287076443
14/11/2020 00:49:57,0,0,0.286849856
14/11/2020 00:49:58,0,0,0.28662324
14/11/2020 00:49:59,0,0,0.286396652
14/11/2020 00:50:00,0,0,0.286170065
14/11/2020 00:50:01,0,0,0.285943449
14/11/2020 00:50:02,0,0,0.285716861
14/11/2020 00:50:03,0,0,0.285490245
14/11/2020 00:50:04,0,0,0.285263658
14/11/2020 00:50:05,0,0,0.285037071
14/11/2020 00:50:06,0,0,0.284810454
14/11/2020 00:50:07,0,0,0.284583867
14/11/2020 00:50:08,0,0,0.28435725
14/11/2020 00:50:09,0,0,0.284130663
14/11/2020 00:50:10,0,0,0.283904076
14/11/2020 00:50:11,0,0,0.283677459
14/11/2020 00:50:12,0,0,0.283450872
14/11/2020 00:50:13,0,0,0.283224255
14/11/2020 00:50:14,0,0,0.282997668
14/11/2020 00:50:15,0,0,0.282771081
14/11/2020 00:50:16,0,0,0.282544464
14/11/2020 00:50:17,0,0,0.282317877
14/11/2020 00:50:18,0,0,0.28209126
14/11/2020 00:50:19,0,0,0.281864673
14/11/2020 00:50:20,0,0,0.281638056
14/11/2020 00:50:21,0,0,0.281411469
14/11/2020 00:50:22,0,0,0.281184882
14/11/2020 00:50:23,0,0,0.280958265
14/11/2020 00:50:24,0,0,0.280731678
14/11/2020 00:50:25,0,0,0.280505061
14/11/2020 00:50:26,0,0,0.280278474
14/11/2020 00:50:27,0,0,0.280051887
14/11/2020 00:50:28,0,0,0.27982527
14/11/2020 00:50:29,0,0,0.279598683
14/11/2020 00:50:30,0,0,0.279372066
14/11/2020 00:50:31,0,0,0.279145479
14/11/2020 00:50:32,0,0,0.278918892
14/11/2020 00:50:33,0,0,0.278692275
14/11/2020 00:50:34,0,0,0.278465688
14/11/2020 00:50:35,0,0,0.278239071
14/11/2020 00:50:36,0,0,0.278012484
14/11/2020 00:50:37,0,0,0.277785897
14/11/2020 00:50:38,0,0,0.27755928
14/11/2020 00:50:39,0,0,0.277332693
14/11/2020 00:50:40,0,0,0.277106076
14/11/2020 00:50:41,0,0,0.276879489
14/11/2020 00:50:42,0,0,0.276652902
14/11/2020 00:50:43,0,0,0.276426286
14/11/2020 00:50:44,0,0,0.276199698
14/11/2020 00:50:45,0,0,0.275973082
14/11/2020 00:50:46,0,0,0.275746495
14/11/2020 00:50:47,0,0,0.275519907
14/11/2020 00:50:48,0,0,0.275293291
14/11/2020 00:50:49,0,0,0.275066704
14/11/2020 00:50:50,0,0,0.274840087
14/11/2020 00:50:51,0,0,0.2746135
14/11/2020 00:50:52,0,0,0.274386883
14/11/2020 00:50:53,0,0,0.274160296
14/11/2020 00:50:54,0,0,0.273933709
14/11/2020 00:50:55,0,0,0.273707092
14/11/2020 00:50:56,0,0,0.273480505
14/11/2020 00:50:57,0,0,0.273253888
14/11/2020 00:50:58,0,0,0.273027301
14/11/2020 00:50:59,0,0,0.272800714
14/11/2020 00:51:00,0,0,0.272574097
14/11/2020 00:51:01,0,0,0.27234751
14/11/2020 00:51:02,0,0,0.272120893
14/11/2020 00:51:03,0,0,0.271894306
14/11/2020 00:51:04,0,0,0.271667719
14/11/2020 00:51:05,0,0,0.271441102
14/11/2020 00:51:06,0,0,0.271214515
14/11/2020 00:51:07,0,0,0.270987898
14/11/2020 00:51:08,0,0,0.270761311
14/11/2020 00:51:09,0,0,0.270534724
14/11/2020 00:51:10,0,0,0.270308107
14/11/2020 00:51:11,0,0,0.27008152
14/11/2020 00:51:12,0,0,0.269854903
14/11/2020 00:51:13,0,0,0.269628316
14/11/2020 00:51:14,0,0,0.269401729
14/11/2020 00:51:15,0,0,0.269175112
14/11/2020 00:51:16,0,0,0.268948525
14/11/2020 00:51:17,0,0,0.268721908
14/11/2020 00:51:18,0,0,0.268495321
14/11/2020 00:51:19,0,0,0.268268734
14/11/2020 00:51:20,0,0,0.268042117
14/11/2020 00:51:21,0,0,0.26781553
14/11/2020 00:51:22,0,0,0.267588913
14/11/2020 00:51:23,0,0,0.267362326
14/11/2020 00:51:24,0,0,0.26713571
14/11/2020 00:51:25,0,0,0.266909122
14/11/2020 00:51:26,0,0,0.266682535
14/11/2020 00:51:27,0,0,0.266455919
14/11/2020 00:51:28,0,0,0.266229331
14/11/2020 00:51:29,0,0,0.266002715
14/11/2020 00:51:30,0,0,0.265776128
14/11/2020 00:51:31,0,0,0.265549541
14/11/2020 00:51:32,0,0,0.265322924
14/11/2020 00:51:33,0,0,0.265096337
14/11/2020 00:51:34,0,0,0.26486972
14/11/2020 00:51:35,0,0,0.264643133
14/11/2020 00:51:36,0,0,0.264416546
14/11/2020 00:51:37,0,0,0.264189929
14/11/2020 00:51:38,0,0,0.263963342
14/11/2020 00:51:39,0,0,0.263736725
14/11/2020 00:51:40,0,0,0.263510138
14/11/2020 00:51:41,0,0,0.263283551
14/11/2020 00:51:42,0,0,0.263056934
14/11/2020 00:51:43,0,0,0.262830347
14/11/2020 00:51:44,0,0,0.26260373
14/11/2020 00:51:45,0,0,0.262377143
14/11/2020 00:51:46,0,0,0.262150556
14/11/2020 00:51:47,0,0,0.261923939
14/11/2020 00:51:48,0,0,0.261697352
14/11/2020 00:51:49,0,0,0.261470735
14/11/2020 00:51:50,0,0,0.261244148
14/11/2020 00:51:51,0,0,0.261017561
14/11/2020 00:51:52,0,0,0.260790944
14/11/2020 00:51:53,0,0,0.260564357
14/11/2020 00:51:54,0,0,0.26033774
14/11/2020 00:51:55,0,0,0.260111153
14/11/2020 00:51:56,0,0,0.259884536
14/11/2020 00:51:57,0,0,0.259657949
14/11/2020 00:51:58,0,0,0.259431362
14/11/2020 00:51:59,0,0,0.259204745
14/11/2020 00:52:00,0,0,0.258978158
14/11/2020 00:52:01,0,0,0.258751541
14/11/2020 00:52:02,0,0,0.258524954
14/11/2020 00:52:03,0,0,0.258298367
14/11/2020 00:52:04,0,0,0.25807175
14/11/2020 00:52:05,0,0,0.257845163
14/11/2020 00:52:06,0,0,0.257618546
14/11/2020 00:52:07,0,0,0.257391959
14/11/2020 00:52:08,0,0,0.257165372
14/11/2020 00:52:09,0,0,0.256938756
14/11/2020 00:52:10,0,0,0.256712168
14/11/2020 00:52:11,0,0,0.256485552
14/11/2020 00:52:12,0,0,0.256258965
14/11/2020 00:52:13,0,0,0.256032377
14/11/2020 00:52:14,0,0,0.255805761
14/11/2020 00:52:15,0,0,0.255579174
14/11/2020 00:52:16,0,0,0.255352557
14/11/2020 00:52:17,0,0,0.25512597
14/11/2020 00:52:18,0,0,0.254899383
14/11/2020 00:52:19,0,0,0.254672766
14/11/2020 00:52:20,0,0,0.254446179
14/11/2020 00:52:21,0,0,0.254219562
14/11/2020 00:52:22,0,0,0.253992975
14/11/2020 00:52:23,0,0,0.253766358
14/11/2020 00:52:24,0,0,0.253539771
14/11/2020 00:52:25,0,0,0.253313184
14/11/2020 00:52:26,0,0,0.253086567
14/11/2020 00:52:27,0,0,0.25285998
14/11/2020 00:52:28,0,0,0.252633363
14/11/2020 00:52:29,0,0,0.252406776
14/11/2020 00:52:30,0,0,0.252180189
14/11/2020 00:52:31,0,0,0.251953572
14/11/2020 00:52:32,0,0,0.251726985
14/11/2020 00:52:33,0,0,0.251500368
14/11/2020 00:52:34,0,0,0.251273781
14/11/2020 00:52:35,0,0,0.251047194
14/11/2020 00:52:36,0,0,0.250820577
14/11/2020 00:52:37,0,0,0.25059399
14/11/2020 00:52:38,0,0,0.250367373
14/11/2020 00:52:39,0,0,0.250140786
14/11/2020 00:52:40,0,0,0.249914184
14/11/2020 00:52:41,0,0,0.249687582
14/11/2020 00:52:42,0,0,0.249460995
14/11/2020 00:52:43,0,0,0.249234393
14/11/2020 00:52:44,0,0,0.249007791
14/11/2020 00:52:45,0,0,0.248781189
14/11/2020 00:52:46,0,0,0.248554587
14/11/2020 00:52:47,0,0,0.248327985
14/11/2020 00:52:48,0,0,0.248101398
14/11/2020 00:52:49,0,0,0.247874796
14/11/2020 00:52:50,0,0,0.247648194
14/11/2020 00:52:51,0,0,0.247421592
14/11/2020 00:52:52,0,0,0.247194991
14/11/2020 00:52:53,0,0,0.246968403
14/11/2020 00:52:54,0,0,0.246741802
14/11/2020 00:52:55,0,0,0.2465152
14/11/2020 00:52:56,0,0,0.246288598
14/11/2020 00:52:57,0,0,0.246061996
14/11/2020 00:52:58,0,0,0.245835409
14/11/2020 00:52:59,0,0,0.245608807
14/11/2020 00:53:00,0,0,0.245382205
14/11/2020 00:53:01,0,0,0.245155603
14/11/2020 00:53:02,0,0,0.244929001
14/11/2020 00:53:03,0,0,0.244702399
14/11/2020 00:53:04,0,0,0.244475812
14/11/2020 00:53:05,0,0,0.24424921
14/11/2020 00:53:06,0,0,0.244022608
14/11/2020 00:53:07,0,0,0.243796006
14/11/2020 00:53:08,0,0,0.243569404
14/11/2020 00:53:09,0,0,0.243342817
14/11/2020 00:53:10,0,0,0.243116215
14/11/2020 00:53:11,0,0,0.242889613
14/11/2020 00:53:12,0,0,0.242663011
14/11/2020 00:53:13,0,0,0.242436409
14/11/2020 00:53:14,0,0,0.242209822
14/11/2020 00:53:15,0,0,0.24198322
14/11/2020 00:53:16,0,0,0.241756618
14/11/2020 00:53:17,0,0,0.241530016
14/11/2020 00:53:18,0,0,0.241303414
14/11/2020 00:53:19,0,0,0.241076812
14/11/2020 00:53:20,0,0,0.240850225
14/11/2020 00:53:21,0,0,0.240623623
14/11/2020 00:53:22,0,0,0.240397021
14/11/2020 00:53:23,0,0,0.240170419
14/11/2020 00:53:24,0,0,0.239943817
14/11/2020 00:53:25,0,0,0.23971723
14/11/2020 00:53:26,0,0,0.239490628
14/11/2020 00:53:27,0,0,0.239264026
14/11/2020 00:53:28,0,0,0.239037424
14/11/2020 00:53:29,0,0,0.238810822
14/11/2020 00:53:30,0,0,0.238584235
14/11/2020 00:53:31,0,0,0.238357633
14/11/2020 00:53:32,0,0,0.238131031
14/11/2020 00:53:33,0,0,0.237904429
14/11/2020 00:53:34,0,0,0.237677827
14/11/2020 00:53:35,0,0,0.237451226
14/11/2020 00:53:36,0,0,0.237224638
14/11/2020 00:53:37,0,0,0.236998037
14/11/2020 00:53:38,0,0,0.236771435
14/11/2020 00:53:39,0,0,0.236544833
14/11/2020 00:53:40,0,0,0.236318231
14/11/2020 00:53:41,0,0,0.236091644
14/11/2020 00:53:42,0,0,0.235865042
14/11/2020 00:53:43,0,0,0.23563844
14/11/2020 00:53:44,0,0,0.235411838
14/11/2020 00:53:45,0,0,0.235185236
14/11/2020 00:53:46,0,0,0.234958649
14/11/2020 00:53:47,0,0,0.234732047
14/11/2020 00:53:48,0,0,0.234505445
14/11/2020 00:53:49,0,0,0.234278843
14/11/2020 00:53:50,0,0,0.234052241
14/11/2020 00:53:51,0,0,0.233825639
14/11/2020 00:53:52,0,0,0.233599052
14/11/2020 00:53:53,0,0,0.23337245
14/11/2020 00:53:54,0,0,0.233145848
14/11/2020 00:53:55,0,0,0.232919246
14/11/2020 00:53:56,0,0,0.232692644
14/11/2020 00:53:57,0,0,0.232466057
14/11/2020 00:53:58,0,0,0.232239455
14/11/2020 00:53:59,0,0,0.232012853
14/11/2020 00:54:00,0,0,0.231786251
14/11/2020 00:54:01,0,0,0.231559649
14/11/2020 00:54:02,0,0,0.231333062
14/11/2020 00:54:03,0,0,0.23110646
14/11/2020 00:54:04,0,0,0.230879858
14/11/2020 00:54:05,0,0,0.230653256
14/11/2020 00:54:06,0,0,0.230426654
14/11/2020 00:54:07,0,0,0.230200052
14/11/2020 00:54:08,0,0,0.229973465
14/11/2020 00:54:09,0,0,0.229746863
14/11/2020 00:54:10,0,0,0.229520261
14/11/2020 00:54:11,0,0,0.229293659
14/11/2020 00:54:12,0,0,0.229067057
14/11/2020 00:54:13,0,0,0.22884047
14/11/2020 00:54:14,0,0,0.228613868
14/11/2020 00:54:15,0,0,0.228387266
14/11/2020 00:54:16,0,0,0.228160664
14/11/2020 00:54:17,0,0,0.227934062
14/11/2020 00:54:18,0,0,0.227707475
14/11/2020 00:54:19,0,0,0.227480873
14/11/2020 00:54:20,0,0,0.227254272
14/11/2020 00:54:21,0,0,0.22702767
14/11/2020 00:54:22,0,0,0.226801068
14/11/2020 00:54:23,0,0,0.226574466
14/11/2020 00:54:24,0,0,0.226347879
14/11/2020 00:54:25,0,0,0.226121277
14/11/2020 00:54:26,0,0,0.225894675
14/11/2020 00:54:27,0,0,0.225668073
14/11/2020 00:54:28,0,0,0.225441471
14/11/2020 00:54:29,0,0,0.225214884
14/11/2020 00:54:30,0,0,0.224988282
14/11/2020 00:54:31,0,0,0.22476168
14/11/2020 00:54:32,0,0,0.224535078
14/11/2020 00:54:33,0,0,0.224308476
14/11/2020 00:54:34,0,0,0.224081874
14/11/2020 00:54:35,0,0,0.223855287
14/11/2020 00:54:36,0,0,0.223628685
14/11/2020 00:54:37,0,0,0.223402083
14/11/2020 00:54:38,0,0,0.223175481
14/11/2020 00:54:39,0,0,0.222948879
14/11/2020 00:54:40,0,0,0.222722292
14/11/2020 00:54:41,0,0,0.22249569
14/11/2020 00:54:42,0,0,0.222269088
14/11/2020 00:54:43,0,0,0.222042486
14/11/2020 00:54:44,0,0,0.221815884
14/11/2020 00:54:45,0,0,0.221589297
14/11/2020 00:54:46,0,0,0.221362695
14/11/2020 00:54:47,0,0,0.221136093
14/11/2020 00:54:48,0,0,0.220909491
14/11/2020 00:54:49,0,0,0.220682889
14/11/2020 00:54:50,0,0,0.220456287
14/11/2020 00:54:51,0,0,0.2202297
14/11/2020 00:54:52,0,0,0.220003098
14/11/2020 00:54:53,0,0,0.219776496
14/11/2020 00:54:54,0,0,0.219549894
14/11/2020 00:54:55,0,0,0.219323292
14/11/2020 00:54:56,0,0,0.219096705
14/11/2020 00:54:57,0,0,0.218870103
14/11/2020 00:54:58,0,0,0.218643501
14/11/2020 00:54:59,0,0,0.218416899
14/11/2020 00:55:00,0,0,0.218190297
14/11/2020 00:55:01,0,0,0.21796371
14/11/2020 00:55:02,0,0,0.217737108
14/11/2020 00:55:03,0,0,0.217510507
14/11/2020 00:55:04,0,0,0.217283905
14/11/2020 00:55:05,0,0,0.217057303
14/11/2020 00:55:06,0,0,0.216830701
14/11/2020 00:55:07,0,0,0.216604114
14/11/2020 00:55:08,0,0,0.216377512
14/11/2020 00:55:09,0,0,0.21615091
14/11/2020 00:55:10,0,0,0.215924308
14/11/2020 00:55:11,0,0,0.215697706
14/11/2020 00:55:12,0,0,0.215471119
14/11/2020 00:55:13,0,0,0.215244517
14/11/2020 00:55:14,0,0,0.215017915
14/11/2020 00:55:15,0,0,0.214791313
14/11/2020 00:55:16,0,0,0.214564711
14/11/2020 00:55:17,0,0,0.214338124
14/11/2020 00:55:18,0,0,0.214111522
14/11/2020 00:55:19,0,0,0.21388492
14/11/2020 00:55:20,0,0,0.213658318
14/11/2020 00:55:21,0,0,0.213431716
14/11/2020 00:55:22,0,0,0.213205114
14/11/2020 00:55:23,0,0,0.212978527
14/11/2020 00:55:24,0,0,0.212751925
14/11/2020 00:55:25,0,0,0.212525323
14/11/2020 00:55:26,0,0,0.212298721
14/11/2020 00:55:27,0,0,0.212072119
14/11/2020 00:55:28,0,0,0.211845532
14/11/2020 00:55:29,0,0,0.21161893
14/11/2020 00:55:30,0,0,0.211392328
14/11/2020 00:55:31,0,0,0.211165726
14/11/2020 00:55:32,0,0,0.210939124
14/11/2020 00:55:33,0,0,0.210712537
14/11/2020 00:55:34,0,0,0.210485935
14/11/2020 00:55:35,0,0,0.210259333
14/11/2020 00:55:36,0,0,0.210032731
14/11/2020 00:55:37,0,0,0.209806129
14/11/2020 00:55:38,0,0,0.209579527
14/11/2020 00:55:39,0,0,0.20935294
14/11/2020 00:55:40,0,0,0.209126338
14/11/2020 00:55:41,0,0,0.208899736
14/11/2020 00:55:42,0,0,0.208673134
14/11/2020 00:55:43,0,0,0.208446532
14/11/2020 00:55:44,0,0,0.208219945
14/11/2020 00:55:45,0,0,0.207993343
14/11/2020 00:55:46,0,0,0.207766742
14/11/2020 00:55:47,0,0,0.20754014
14/11/2020 00:55:48,0,0,0.207313538
14/11/2020 00:55:49,0,0,0.207086951
14/11/2020 00:55:50,0,0,0.206860349
14/11/2020 00:55:51,0,0,0.206633747
14/11/2020 00:55:52,0,0,0.206407145
14/11/2020 00:55:53,0,0,0.206180543
14/11/2020 00:55:54,0,0,0.205953941
14/11/2020 00:55:55,0,0,0.205727354
14/11/2020 00:55:56,0,0,0.205500752
14/11/2020 00:55:57,0,0,0.20527415
14/11/2020 00:55:58,0,0,0.205047548
14/11/2020 00:55:59,0,0,0.204820946
14/11/2020 00:56:00,0,0,0.204594359
14/11/2020 00:56:01,0,0,0.204367757
14/11/2020 00:56:02,0,0,0.204141155
14/11/2020 00:56:03,0,0,0.203914553
14/11/2020 00:56:04,0,0,0.203687951
14/11/2020 00:56:05,0,0,0.203461364
14/11/2020 00:56:06,0,0,0.203234762
14/11/2020 00:56:07,0,0,0.20300816
14/11/2020 00:56:08,0,0,0.202781558
14/11/2020 00:56:09,0,0,0.202554956
14/11/2020 00:56:10,0,0,0.202328354
14/11/2020 00:56:11,0,0,0.202101767
14/11/2020 00:56:12,0,0,0.201875165
14/11/2020 00:56:13,0,0,0.201648563
14/11/2020 00:56:14,0,0,0.201421961
14/11/2020 00:56:15,0,0,0.201195359
14/11/2020 00:56:16,0,0,0.200968772
14/11/2020 00:56:17,0,0,0.20074217
14/11/2020 00:56:18,0,0,0.200515568
14/11/2020 00:56:19,0,0,0.200288966
14/11/2020 00:56:20,0,0,0.200062364
14/11/2020 00:56:21,0,0,0.199835777
14/11/2020 00:56:22,0,0,0.199609175
14/11/2020 00:56:23,0,0,0.199382573
14/11/2020 00:56:24,0,0,0.199155971
14/11/2020 00:56:25,0,0,0.198929369
14/11/2020 00:56:26,0,0,0.198702767
14/11/2020 00:56:27,0,0,0.19847618
14/11/2020 00:56:28,0,0,0.198249578
14/11/2020 00:56:29,0,0,0.198022977
14/11/2020 00:56:30,0,0,0.197796375
14/11/2020 00:56:31,0,0,0.197569773
14/11/2020 00:56:32,0,0,0.197343186
14/11/2020 00:56:33,0,0,0.197116584
14/11/2020 00:56:34,0,0,0.196889982
14/11/2020 00:56:35,0,0,0.19666338
14/11/2020 00:56:36,0,0,0.196436778
14/11/2020 00:56:37,0,0,0.196210176
14/11/2020 00:56:38,0,0,0.195983589
14/11/2020 00:56:39,0,0,0.195756987
14/11/2020 00:56:40,0,0,0.195530385
14/11/2020 00:56:41,0,0,0.195303783
14/11/2020 00:56:42,0,0,0.195077181
14/11/2020 00:56:43,0,0,0.194850594
14/11/2020 00:56:44,0,0,0.194623992
14/11/2020 00:56:45,0,0,0.19439739
14/11/2020 00:56:46,0,0,0.194170788
14/11/2020 00:56:47,0,0,0.193944186
14/11/2020 00:56:48,0,0,0.193717599
14/11/2020 00:56:49,0,0,0.193490997
14/11/2020 00:56:50,0,0,0.193264395
14/11/2020 00:56:51,0,0,0.193037793
14/11/2020 00:56:52,0,0,0.192811191
14/11/2020 00:56:53,0,0,0.192584589
14/11/2020 00:56:54,0,0,0.192358002
14/11/2020 00:56:55,0,0,0.1921314
14/11/2020 00:56:56,0,0,0.191904798
14/11/2020 00:56:57,0,0,0.191678196
14/11/2020 00:56:58,0,0,0.191451594
14/11/2020 00:56:59,0,0,0.191225007
14/11/2020 00:57:00,0,0,0.190998405
14/11/2020 00:57:01,0,0,0.190771803
14/11/2020 00:57:02,0,0,0.190545201
14/11/2020 00:57:03,0,0,0.190318599
14/11/2020 00:57:04,0,0,0.190092012
14/11/2020 00:57:05,0,0,0.18986541
14/11/2020 00:57:06,0,0,0.189638808
14/11/2020 00:57:07,0,0,0.189412206
14/11/2020 00:57:08,0,0,0.189185604
14/11/2020 00:57:09,0,0,0.188959002
14/11/2020 00:57:10,0,0,0.188732415
14/11/2020 00:57:11,0,0,0.188505813
14/11/2020 00:57:12,0,0,0.188279212
14/11/2020 00:57:13,0,0,0.18805261
14/11/2020 00:57:14,0,0,0.187826008
14/11/2020 00:57:15,0,0,0.187599421
14/11/2020 00:57:16,0,0,0.187372819
14/11/2020 00:57:17,0,0,0.187146217
14/11/2020 00:57:18,0,0,0.186919615
14/11/2020 00:57:19,0,0,0.186693013
14/11/2020 00:57:20,0,0,0.186466426
14/11/2020 00:57:21,0,0,0.186239824
14/11/2020 00:57:22,0,0,0.186013222
14/11/2020 00:57:23,0,0,0.18578662
14/11/2020 00:57:24,0,0,0.185560018
14/11/2020 00:57:25,0,0,0.185333416
14/11/2020 00:57:26,0,0,0.185106829
14/11/2020 00:57:27,0,0,0.184880227
14/11/2020 00:57:28,0,0,0.184653625
14/11/2020 00:57:29,0,0,0.184427023
14/11/2020 00:57:30,0,0,0.184200421
14/11/2020 00:57:31,0,0,0.183973834
14/11/2020 00:57:32,0,0,0.183747232
14/11/2020 00:57:33,0,0,0.18352063
14/11/2020 00:57:34,0,0,0.183294028
14/11/2020 00:57:35,0,0,0.183067426
14/11/2020 00:57:36,0,0,0.182840839
14/11/2020 00:57:37,0,0,0.182614237
14/11/2020 00:57:38,0,0,0.182387635
14/11/2020 00:57:39,0,0,0.182161033
14/11/2020 00:57:40,0,0,0.181934431
14/11/2020 00:57:41,0,0,0.181707829
14/11/2020 00:57:42,0,0,0.181481242
14/11/2020 00:57:43,0,0,0.18125464
14/11/2020 00:57:44,0,0,0.181028038
14/11/2020 00:57:45,0,0,0.180801436
14/11/2020 00:57:46,0,0,0.180574834
14/11/2020 00:57:47,0,0,0.180348247
14/11/2020 00:57:48,0,0,0.180121645
14/11/2020 00:57:49,0,0,0.179895043
14/11/2020 00:57:50,0,0,0.179668441
14/11/2020 00:57:51,0,0,0.179441839
14/11/2020 00:57:52,0,0,0.179215252
14/11/2020 00:57:53,0,0,0.17898865
14/11/2020 00:57:54,0,0,0.178762048
14/11/2020 00:57:55,0,0,0.178535447
14/11/2020 00:57:56,0,0,0.178308845
14/11/2020 00:57:57,0,0,0.178082243
14/11/2020 00:57:58,0,0,0.177855656
14/11/2020 00:57:59,0,0,0.177629054
14/11/2020 00:58:00,0,0,0.177402452
14/11/2020 00:58:01,0,0,0.17717585
14/11/2020 00:58:02,0,0,0.176949248
14/11/2020 00:58:03,0,0,0.176722661
14/11/2020 00:58:04,0,0,0.176496059
14/11/2020 00:58:05,0,0,0.176269457
14/11/2020 00:58:06,0,0,0.176042855
14/11/2020 00:58:07,0,0,0.175816253
14/11/2020 00:58:08,0,0,0.175589666
14/11/2020 00:58:09,0,0,0.175363064
14/11/2020 00:58:10,0,0,0.175136462
14/11/2020 00:58:11,0,0,0.17490986
14/11/2020 00:58:12,0,0,0.174683258
14/11/2020 00:58:13,0,0,0.174456656
14/11/2020 00:58:14,0,0,0.174230069
14/11/2020 00:58:15,0,0,0.174003467
14/11/2020 00:58:16,0,0,0.173776865
14/11/2020 00:58:17,0,0,0.173550263
14/11/2020 00:58:18,0,0,0.173323661
14/11/2020 00:58:19,0,0,0.173097074
14/11/2020 00:58:20,0,0,0.172870472
14/11/2020 00:58:21,0,0,0.17264387
14/11/2020 00:58:22,0,0,0.172417268
14/11/2020 00:58:23,0,0,0.172190666
14/11/2020 00:58:24,0,0,0.171964079
14/11/2020 00:58:25,0,0,0.171737477
14/11/2020 00:58:26,0,0,0.171510875
14/11/2020 00:58:27,0,0,0.171284273
14/11/2020 00:58:28,0,0,0.171057671
14/11/2020 00:58:29,0,0,0.170831069
14/11/2020 00:58:30,0,0,0.170604482
14/11/2020 00:58:31,0,0,0.17037788
14/11/2020 00:58:32,0,0,0.170151278
14/11/2020 00:58:33,0,0,0.169924676
14/11/2020 00:58:34,0,0,0.169698074
14/11/2020 00:58:35,0,0,0.169471487
14/11/2020 00:58:36,0,0,0.169244885
14/11/2020 00:58:37,0,0,0.169018283
14/11/2020 00:58:38,0,0,0.168791682
14/11/2020 00:58:39,0,0,0.16856508
14/11/2020 00:58:40,0,0,0.168338493
14/11/2020 00:58:41,0,0,0.168111891
14/11/2020 00:58:42,0,0,0.167885289
14/11/2020 00:58:43,0,0,0.167658687
14/11/2020 00:58:44,0,0,0.167432085
14/11/2020 00:58:45,0,0,0.167205483
14/11/2020 00:58:46,0,0,0.166978896
14/11/2020 00:58:47,0,0,0.166752294
14/11/2020 00:58:48,0,0,0.166525692
14/11/2020 00:58:49,0,0,0.16629909
14/11/2020 00:58:50,0,0,0.166072488
14/11/2020 00:58:51,0,0,0.165845901
14/11/2020 00:58:52,0,0,0.165619299
14/11/2020 00:58:53,0,0,0.165392697
14/11/2020 00:58:54,0,0,0.165166095
14/11/2020 00:58:55,0,0,0.164939493
14/11/2020 00:58:56,0,0,0.164712891
14/11/2020 00:58:57,0,0,0.164486304
14/11/2020 00:58:58,0,0,0.164259702
14/11/2020 00:58:59,0,0,0.1640331
14/11/2020 00:59:00,0,0,0.163806498
14/11/2020 00:59:01,0,0,0.163579896
14/11/2020 00:59:02,0,0,0.163353309
14/11/2020 00:59:03,0,0,0.163126707
14/11/2020 00:59:04,0,0,0.162900105
14/11/2020 00:59:05,0,0,0.162673503
14/11/2020 00:59:06,0,0,0.162446901
14/11/2020 00:59:07,0,0,0.162220314
14/11/2020 00:59:08,0,0,0.161993712
14/11/2020 00:59:09,0,0,0.16176711
14/11/2020 00:59:10,0,0,0.161540508
14/11/2020 00:59:11,0,0,0.161313906
14/11/2020 00:59:12,0,0,0.161087304
14/11/2020 00:59:13,0,0,0.160860717
14/11/2020 00:59:14,0,0,0.160634115
14/11/2020 00:59:15,0,0,0.160407513
14/11/2020 00:59:16,0,0,0.160180911
14/11/2020 00:59:17,0,0,0.159954309
14/11/2020 00:59:18,0,0,0.159727722
14/11/2020 00:59:19,0,0,0.15950112
14/11/2020 00:59:20,0,0,0.159274518
14/11/2020 00:59:21,0,0,0.159047917
14/11/2020 00:59:22,0,0,0.158821315
14/11/2020 00:59:23,0,0,0.158594728
14/11/2020 00:59:24,0,0,0.158368126
14/11/2020 00:59:25,0,0,0.158141524
14/11/2020 00:59:26,0,0,0.157914922
14/11/2020 00:59:27,0,0,0.15768832
14/11/2020 00:59:28,0,0,0.157461718
14/11/2020 00:59:29,0,0,0.157235131
14/11/2020 00:59:30,0,0,0.157008529
14/11/2020 00:59:31,0,0,0.156781927
14/11/2020 00:59:32,0,0,0.156555325
14/11/2020 00:59:33,0,0,0.156328723
14/11/2020 00:59:34,0,0,0.156102136
14/11/2020 00:59:35,0,0,0.155875534
14/11/2020 00:59:36,0,0,0.155648932
14/11/2020 00:59:37,0,0,0.15542233
14/11/2020 00:59:38,0,0,0.155195728
14/11/2020 00:59:39,0,0,0.154969141
14/11/2020 00:59:40,0,0,0.154742539
14/11/2020 00:59:41,0,0,0.154515937
14/11/2020 00:59:42,0,0,0.154289335
14/11/2020 00:59:43,0,0,0.154062733
14/11/2020 00:59:44,0,0,0.153836131
14/11/2020 00:59:45,0,0,0.153609544
14/11/2020 00:59:46,0,0,0.153382942
14/11/2020 00:59:47,0,0,0.15315634
14/11/2020 00:59:48,0,0,0.152929738
14/11/2020 00:59:49,0,0,0.152703136
14/11/2020 00:59:50,0,0,0.152476549
14/11/2020 00:59:51,0,0,0.152249947
14/11/2020 00:59:52,0,0,0.152023345
14/11/2020 00:59:53,0,0,0.151796743
14/11/2020 00:59:54,0,0,0.151570141
14/11/2020 00:59:55,0,0,0.151343554
14/11/2020 00:59:56,0,0,0.151116952
14/11/2020 00:59:57,0,0,0.15089035
14/11/2020 00:59:58,0,0,0.150663748
14/11/2020 00:59:59,0,0,0.150437146
14/11/2020 01:00:00,0,0,0.150210544
14/11/2020 01:00:01,0,0,0.149983957
14/11/2020 01:00:02,0,0,0.149757355
14/11/2020 01:00:03,0,0,0.149530753
14/11/2020 01:00:04,0,0,0.149304152
14/11/2020 01:00:05,0,0,0.14907755
14/11/2020 01:00:06,0,0,0.148850963
14/11/2020 01:00:07,0,0,0.148624361
14/11/2020 01:00:08,0,0,0.148397759
14/11/2020 01:00:09,0,0,0.148171157
14/11/2020 01:00:10,0,0,0.147944555
14/11/2020 01:00:11,0,0,0.147717968
14/11/2020 01:00:12,0,0,0.147491366
14/11/2020 01:00:13,0,0,0.147264764
14/11/2020 01:00:14,0,0,0.147038162
14/11/2020 01:00:15,0,0,0.14681156
14/11/2020 01:00:16,0,0,0.146584958
14/11/2020 01:00:17,0,0,0.146358371
14/11/2020 01:00:18,0,0,0.146131769
14/11/2020 01:00:19,0,0,0.145905167
14/11/2020 01:00:20,0,0,0.145678565
14/11/2020 01:00:21,0,0,0.145451963
14/11/2020 01:00:22,0,0,0.145225376
14/11/2020 01:00:23,0,0,0.144998774
14/11/2020 01:00:24,0,0,0.144772172
14/11/2020 01:00:25,0,0,0.14454557
14/11/2020 01:00:26,0,0,0.144318968
14/11/2020 01:00:27,0,0,0.144092381
14/11/2020 01:00:28,0,0,0.143865779
14/11/2020 01:00:29,0,0,0.143639177
14/11/2020 01:00:30,0,0,0.143412575
14/11/2020 01:00:31,0,0,0.143185973
14/11/2020 01:00:32,0,0,0.142959371
14/11/2020 01:00:33,0,0,0.142732784
14/11/2020 01:00:34,0,0,0.142506182
14/11/2020 01:00:35,0,0,0.14227958
14/11/2020 01:00:36,0,0,0.142052978
14/11/2020 01:00:37,0,0,0.141826376
14/11/2020 01:00:38,0,0,0.141599789
14/11/2020 01:00:39,0,0,0.141373187
14/11/2020 01:00:40,0,0,0.141146585
14/11/2020 01:00:41,0,0,0.140919983
14/11/2020 01:00:42,0,0,0.140693381
14/11/2020 01:00:43,0,0,0.140466794
14/11/2020 01:00:44,0,0,0.140240192
14/11/2020 01:00:45,0,0,0.14001359
14/11/2020 01:00:46,0,0,0.139786988
14/11/2020 01:00:47,0,0,0.139560387
14/11/2020 01:00:48,0,0,0.139333785
14/11/2020 01:00:49,0,0,0.139107198
14/11/2020 01:00:50,0,0,0.138880596
14/11/2020 01:00:51,0,0,0.138653994
14/11/2020 01:00:52,0,0,0.138427392
14/11/2020 01:00:53,0,0,0.13820079
14/11/2020 01:00:54,0,0,0.137974203
14/11/2020 01:00:55,0,0,0.137747601
14/11/2020 01:00:56,0,0,0.137520999
14/11/2020 01:00:57,0,0,0.137294397
14/11/2020 01:00:58,0,0,0.137067795
14/11/2020 01:00:59,0,0,0.136841193
14/11/2020 01:01:00,0,0,0.136614606
14/11/2020 01:01:01,0,0,0.136388004
14/11/2020 01:01:02,0,0,0.136161402
14/11/2020 01:01:03,0,0,0.1359348
14/11/2020 01:01:04,0,0,0.135708198
14/11/2020 01:01:05,0,0,0.135481611
14/11/2020 01:01:06,0,0,0.135255009
14/11/2020 01:01:07,0,0,0.135028407
14/11/2020 01:01:08,0,0,0.134801805
14/11/2020 01:01:09,0,0,0.134575203
14/11/2020 01:01:10,0,0,0.134348616
14/11/2020 01:01:11,0,0,0.134122014
14/11/2020 01:01:12,0,0,0.133895412
14/11/2020 01:01:13,0,0,0.13366881
14/11/2020 01:01:14,0,0,0.133442208
14/11/2020 01:01:15,0,0,0.133215606
14/11/2020 01:01:16,0,0,0.132989019
14/11/2020 01:01:17,0,0,0.132762417
14/11/2020 01:01:18,0,0,0.132535815
14/11/2020 01:01:19,0,0,0.132309213
14/11/2020 01:01:20,0,0,0.132082611
14/11/2020 01:01:21,0,0,0.131856024
14/11/2020 01:01:22,0,0,0.131629422
14/11/2020 01:01:23,0,0,0.13140282
14/11/2020 01:01:24,0,0,0.131176218
14/11/2020 01:01:25,0,0,0.130949616
14/11/2020 01:01:26,0,0,0.130723029
14/11/2020 01:01:27,0,0,0.130496427
14/11/2020 01:01:28,0,0,0.130269825
14/11/2020 01:01:29,0,0,0.130043224
14/11/2020 01:01:30,0,0,0.129816622
14/11/2020 01:01:31,0,0,0.12959002
14/11/2020 01:01:32,0,0,0.129363433
14/11/2020 01:01:33,0,0,0.129136831
14/11/2020 01:01:34,0,0,0.128910229
14/11/2020 01:01:35,0,0,0.128683627
14/11/2020 01:01:36,0,0,0.128457025
14/11/2020 01:01:37,0,0,0.128230438
14/11/2020 01:01:38,0,0,0.128003836
14/11/2020 01:01:39,0,0,0.127777234
14/11/2020 01:01:40,0,0,0.127550632
14/11/2020 01:01:41,0,0,0.12732403
14/11/2020 01:01:42,0,0,0.127097443
14/11/2020 01:01:43,0,0,0.126870841
14/11/2020 01:01:44,0,0,0.126644239
14/11/2020 01:01:45,0,0,0.126417637
14/11/2020 01:01:46,0,0,0.126191035
14/11/2020 01:01:47,0,0,0.125964433
14/11/2020 01:01:48,0,0,0.125737846
14/11/2020 01:01:49,0,0,0.125511244
14/11/2020 01:01:50,0,0,0.125284642
14/11/2020 01:01:51,0,0,0.12505804
14/11/2020 01:01:52,0,0,0.124831446
14/11/2020 01:01:53,0,0,0.124604844
14/11/2020 01:01:54,0,0,0.124378249
14/11/2020 01:01:55,0,0,0.124151647
14/11/2020 01:01:56,0,0,0.123925045
14/11/2020 01:01:57,0,0,0.123698451
14/11/2020 01:01:58,0,0,0.123471849
14/11/2020 01:01:59,0,0,0.123245247
14/11/2020 01:02:00,0,0,0.123018652
14/11/2020 01:02:01,0,0,0.12279205
14/11/2020 01:02:02,0,0,0.122565456
14/11/2020 01:02:03,0,0,0.122338854
14/11/2020 01:02:04,0,0,0.122112252
14/11/2020 01:02:05,0,0,0.121885657
14/11/2020 01:02:06,0,0,0.121659055
14/11/2020 01:02:07,0,0,0.121432453
14/11/2020 01:02:08,0,0,0.121205859
14/11/2020 01:02:09,0,0,0.120979257
14/11/2020 01:02:10,0,0,0.120752662
14/11/2020 01:02:11,0,0,0.12052606
14/11/2020 01:02:12,0,0,0.120299459
14/11/2020 01:02:13,0,0,0.120072864
14/11/2020 01:02:14,0,0,0.119846262
14/11/2020 01:02:15,0,0,0.11961966
14/11/2020 01:02:16,0,0,0.119393066
14/11/2020 01:02:17,0,0,0.119166464
14/11/2020 01:02:18,0,0,0.118939869
14/11/2020 01:02:19,0,0,0.118713267
14/11/2020 01:02:20,0,0,0.118486665
14/11/2020 01:02:21,0,0,0.118260071
14/11/2020 01:02:22,0,0,0.118033469
14/11/2020 01:02:23,0,0,0.117806867
14/11/2020 01:02:24,0,0,0.117580272
14/11/2020 01:02:25,0,0,0.11735367
14/11/2020 01:02:26,0,0,0.117127076
14/11/2020 01:02:27,0,0,0.116900474
14/11/2020 01:02:28,0,0,0.116673872
14/11/2020 01:02:29,0,0,0.116447277
14/11/2020 01:02:30,0,0,0.116220675
14/11/2020 01:02:31,0,0,0.115994073
14/11/2020 01:02:32,0,0,0.115767479
14/11/2020 01:02:33,0,0,0.115540877
14/11/2020 01:02:34,0,0,0.115314282
14/11/2020 01:02:35,0,0,0.115087681
14/11/2020 01:02:36,0,0,0.114861079
14/11/2020 01:02:37,0,0,0.114634484
14/11/2020 01:02:38,0,0,0.114407882
14/11/2020 01:02:39,0,0,0.11418128
14/11/2020 01:02:40,0,0,0.113954686
14/11/2020 01:02:41,0,0,0.113728084
14/11/2020 01:02:42,0,0,0.113501489
14/11/2020 01:02:43,0,0,0.113274887
14/11/2020 01:02:44,0,0,0.113048285
14/11/2020 01:02:45,0,0,0.112821691
14/11/2020 01:02:46,0,0,0.112595089
14/11/2020 01:02:47,0,0,0.112368487
14/11/2020 01:02:48,0,0,0.112141892
14/11/2020 01:02:49,0,0,0.11191529
14/11/2020 01:02:50,0,0,0.111688696
14/11/2020 01:02:51,0,0,0.111462094
14/11/2020 01:02:52,0,0,0.111235492
14/11/2020 01:02:53,0,0,0.111008897
14/11/2020 01:02:54,0,0,0.110782295
14/11/2020 01:02:55,0,0,0.110555694
14/11/2020 01:02:56,0,0,0.110329099
14/11/2020 01:02:57,0,0,0.110102497
14/11/2020 01:02:58,0,0,0.109875903
14/11/2020 01:02:59,0,0,0.109649301
14/11/2020 01:03:00,0,0,0.109422699
14/11/2020 01:03:01,0,0,0.109196104
14/11/2020 01:03:02,0,0,0.108969502
14/11/2020 01:03:03,0,0,0.1087429
14/11/2020 01:03:04,0,0,0.108516306
14/11/2020 01:03:05,0,0,0.108289704
14/11/2020 01:03:06,0,0,0.108063102
14/11/2020 01:03:07,0,0,0.107836507
14/11/2020 01:03:08,0,0,0.107609905
14/11/2020 01:03:09,0,0,0.107383311
14/11/2020 01:03:10,0,0,0.107156709
14/11/2020 01:03:11,0,0,0.106930107
14/11/2020 01:03:12,0,0,0.106703512
14/11/2020 01:03:13,0,0,0.10647691
14/11/2020 01:03:14,0,0,0.106250308
14/11/2020 01:03:15,0,0,0.106023714
14/11/2020 01:03:16,0,0,0.105797112
14/11/2020 01:03:17,0,0,0.105570517
14/11/2020 01:03:18,0,0,0.105343916
14/11/2020 01:03:19,0,0,0.105117314
14/11/2020 01:03:20,0,0,0.104890719
14/11/2020 01:03:21,0,0,0.104664117
14/11/2020 01:03:22,0,0,0.104437515
14/11/2020 01:03:23,0,0,0.104210921
14/11/2020 01:03:24,0,0,0.103984319
14/11/2020 01:03:25,0,0,0.103757724
14/11/2020 01:03:26,0,0,0.103531122
14/11/2020 01:03:27,0,0,0.10330452
14/11/2020 01:03:28,0,0,0.103077926
14/11/2020 01:03:29,0,0,0.102851324
14/11/2020 01:03:30,0,0,0.102624722
14/11/2020 01:03:31,0,0,0.102398127
14/11/2020 01:03:32,0,0,0.102171525
14/11/2020 01:03:33,0,0,0.101944931
14/11/2020 01:03:34,0,0,0.101718329
14/11/2020 01:03:35,0,0,0.101491727
14/11/2020 01:03:36,0,0,0.101265132
14/11/2020 01:03:37,0,0,0.10103853
14/11/2020 01:03:38,0,0,0.100811929
14/11/2020 01:03:39,0,0,0.100585334
14/11/2020 01:03:40,0,0,0.100358732
14/11/2020 01:03:41,0,0,0.100132138
14/11/2020 01:03:42,0,0,0.099905536
14/11/2020 01:03:43,0,0,0.099678934
14/11/2020 01:03:44,0,0,0.099452339
14/11/2020 01:03:45,0,0,0.099225737
14/11/2020 01:03:46,0,0,0.098999135
14/11/2020 01:03:47,0,0,0.098772541
14/11/2020 01:03:48,0,0,0.098545939
14/11/2020 01:03:49,0,0,0.098319344
14/11/2020 01:03:50,0,0,0.098092742
14/11/2020 01:03:51,0,0,0.09786614
14/11/2020 01:03:52,0,0,0.097639546
14/11/2020 01:03:53,0,0,0.097412944
14/11/2020 01:03:54,0,0,0.097186342
14/11/2020 01:03:55,0,0,0.096959747
14/11/2020 01:03:56,0,0,0.096733145
14/11/2020 01:03:57,0,0,0.096506551
14/11/2020 01:03:58,0,0,0.096279949
14/11/2020 01:03:59,0,0,0.096053347
14/11/2020 01:04:00,0,0,0.095826752
14/11/2020 01:04:01,0,0,0.095600151
14/11/2020 01:04:02,0,0,0.095373549
14/11/2020 01:04:03,0,0,0.095146954
14/11/2020 01:04:04,0,0,0.094920352
14/11/2020 01:04:05,0,0,0.094693758
14/11/2020 01:04:06,0,0,0.094467156
14/11/2020 01:04:07,0,0,0.094240554
14/11/2020 01:04:08,0,0,0.094013959
14/11/2020 01:04:09,0,0,0.093787357
14/11/2020 01:04:10,0,0,0.093560755
14/11/2020 01:04:11,0,0,0.093334161
14/11/2020 01:04:12,0,0,0.093107559
14/11/2020 01:04:13,0,0,0.092880964
14/11/2020 01:04:14,0,0,0.092654362
14/11/2020 01:04:15,0,0,0.09242776
14/11/2020 01:04:16,0,0,0.092201166
14/11/2020 01:04:17,0,0,0.091974564
14/11/2020 01:04:18,0,0,0.091747962
14/11/2020 01:04:19,0,0,0.091521367
14/11/2020 01:04:20,0,0,0.091294765
14/11/2020 01:04:21,0,0,0.091068171
14/11/2020 01:04:22,0,0,0.090841569
14/11/2020 01:04:23,0,0,0.090614967
14/11/2020 01:04:24,0,0,0.090388373
14/11/2020 01:04:25,0,0,0.090161771
14/11/2020 01:04:26,0,0,0.089935169
14/11/2020 01:04:27,0,0,0.089708574
14/11/2020 01:04:28,0,0,0.089481972
14/11/2020 01:04:29,0,0,0.089255378
14/11/2020 01:04:30,0,0,0.089028776
14/11/2020 01:04:31,0,0,0.088802174
14/11/2020 01:04:32,0,0,0.088575579
14/11/2020 01:04:33,0,0,0.088348977
14/11/2020 01:04:34,0,0,0.088122375
14/11/2020 01:04:35,0,0,0.087895781
14/11/2020 01:04:36,0,0,0.087669179
14/11/2020 01:04:37,0,0,0.087442584
14/11/2020 01:04:38,0,0,0.087215982
14/11/2020 01:04:39,0,0,0.08698938
14/11/2020 01:04:40,0,0,0.086762786
14/11/2020 01:04:41,0,0,0.086536184
14/11/2020 01:04:42,0,0,0.086309582
14/11/2020 01:04:43,0,0,0.086082987
14/11/2020 01:04:44,0,0,0.085856386
14/11/2020 01:04:45,0,0,0.085629791
14/11/2020 01:04:46,0,0,0.085403189
14/11/2020 01:04:47,0,0,0.085176587
14/11/2020 01:04:48,0,0,0.084949993
14/11/2020 01:04:49,0,0,0.084723391
14/11/2020 01:04:50,0,0,0.084496789
14/11/2020 01:04:51,0,0,0.084270194
14/11/2020 01:04:52,0,0,0.084043592
14/11/2020 01:04:53,0,0,0.083816998
14/11/2020 01:04:54,0,0,0.083590396
14/11/2020 01:04:55,0,0,0.083363794
14/11/2020 01:04:56,0,0,0.083137199
14/11/2020 01:04:57,0,0,0.082910597
14/11/2020 01:04:58,0,0,0.082683995
14/11/2020 01:04:59,0,0,0.082457401
14/11/2020 01:05:00,0,0,0.082230799
14/11/2020 01:05:01,0,0,0.082004204
14/11/2020 01:05:02,0,0,0.081777602
14/11/2020 01:05:03,0,0,0.081551
14/11/2020 01:05:04,0,0,0.081324406
14/11/2020 01:05:05,0,0,0.081097804
14/11/2020 01:05:06,0,0,0.080871202
14/11/2020 01:05:07,0,0,0.080644608
14/11/2020 01:05:08,0,0,0.080418006
14/11/2020 01:05:09,0,0,0.080191411
14/11/2020 01:05:10,0,0,0.079964809
14/11/2020 01:05:11,0,0,0.079738207
14/11/2020 01:05:12,0,0,0.079511613
14/11/2020 01:05:13,0,0,0.079285011
14/11/2020 01:05:14,0,0,0.079058409
14/11/2020 01:05:15,0,0,0.078831814
14/11/2020 01:05:16,0,0,0.078605212
14/11/2020 01:05:17,0,0,0.07837861
14/11/2020 01:05:18,0,0,0.078152016
14/11/2020 01:05:19,0,0,0.077925414
14/11/2020 01:05:20,0,0,0.077698819
14/11/2020 01:05:21,0,0,0.077472217
14/11/2020 01:05:22,0,0,0.077245615
14/11/2020 01:05:23,0,0,0.077019021
14/11/2020 01:05:24,0,0,0.076792419
14/11/2020 01:05:25,0,0,0.076565817
14/11/2020 01:05:26,0,0,0.076339222
14/11/2020 01:05:27,0,0,0.076112621
14/11/2020 01:05:28,0,0,0.075886026
14/11/2020 01:05:29,0,0,0.075659424
14/11/2020 01:05:30,0,0,0.075432822
14/11/2020 01:05:31,0,0,0.075206228
14/11/2020 01:05:32,0,0,0.074979626
14/11/2020 01:05:33,0,0,0.074753024
14/11/2020 01:05:34,0,0,0.074526429
14/11/2020 01:05:35,0,0,0.074299827
14/11/2020 01:05:36,0,0,0.074073233
14/11/2020 01:05:37,0,0,0.073846631
14/11/2020 01:05:38,0,0,0.073620029
14/11/2020 01:05:39,0,0,0.073393434
14/11/2020 01:05:40,0,0,0.073166832
14/11/2020 01:05:41,0,0,0.07294023
14/11/2020 01:05:42,0,0,0.072713636
14/11/2020 01:05:43,0,0,0.072487034
14/11/2020 01:05:44,0,0,0.072260439
14/11/2020 01:05:45,0,0,0.072033837
14/11/2020 01:05:46,0,0,0.071807235
14/11/2020 01:05:47,0,0,0.071580641
14/11/2020 01:05:48,0,0,0.071354039
14/11/2020 01:05:49,0,0,0.071127437
14/11/2020 01:05:50,0,0,0.070900843
14/11/2020 01:05:51,0,0,0.070674241
14/11/2020 01:05:52,0,0,0.070447646
14/11/2020 01:05:53,0,0,0.070221044
14/11/2020 01:05:54,0,0,0.069994442
14/11/2020 01:05:55,0,0,0.069767848
14/11/2020 01:05:56,0,0,0.069541246
14/11/2020 01:05:57,0,0,0.069314644
14/11/2020 01:05:58,0,0,0.069088049
14/11/2020 01:05:59,0,0,0.068861447
14/11/2020 01:06:00,0,0,0.068634853
14/11/2020 01:06:01,0,0,0.068408251
14/11/2020 01:06:02,0,0,0.068181649
14/11/2020 01:06:03,0,0,0.067955054
14/11/2020 01:06:04,0,0,0.067728452
14/11/2020 01:06:05,0,0,0.06750185
14/11/2020 01:06:06,0,0,0.067275256
14/11/2020 01:06:07,0,0,0.067048654
14/11/2020 01:06:08,0,0,0.066822059
14/11/2020 01:06:09,0,0,0.066595457
14/11/2020 01:06:10,0,0,0.066368856
14/11/2020 01:06:11,0,0,0.066142261
14/11/2020 01:06:12,0,0,0.065915659
14/11/2020 01:06:13,0,0,0.065689057
14/11/2020 01:06:14,0,0,0.065462463
14/11/2020 01:06:15,0,0,0.065235861
14/11/2020 01:06:16,0,0,0.065009266
14/11/2020 01:06:17,0,0,0.064782664
14/11/2020 01:06:18,0,0,0.064556062
14/11/2020 01:06:19,0,0,0.064329468
14/11/2020 01:06:20,0,0,0.064102866
14/11/2020 01:06:21,0,0,0.063876264
14/11/2020 01:06:22,0,0,0.063649669
14/11/2020 01:06:23,0,0,0.063423067
14/11/2020 01:06:24,0,0,0.063196473
14/11/2020 01:06:25,0,0,0.062969871
14/11/2020 01:06:26,0,0,0.062743269
14/11/2020 01:06:27,0,0,0.062516674
14/11/2020 01:06:28,0,0,0.062290072
14/11/2020 01:06:29,0,0,0.062063474
14/11/2020 01:06:30,0,0,0.061836876
14/11/2020 01:06:31,0,0,0.061610274
14/11/2020 01:06:32,0,0,0.061383676
14/11/2020 01:06:33,0,0,0.061157078
14/11/2020 01:06:34,0,0,0.060930479
14/11/2020 01:06:35,0,0,0.060703877
14/11/2020 01:06:36,0,0,0.060477279
14/11/2020 01:06:37,0,0,0.060250681
14/11/2020 01:06:38,0,0,0.060024083
14/11/2020 01:06:39,0,0,0.059797481
14/11/2020 01:06:40,0,0,0.059570882
14/11/2020 01:06:41,0,0,0.059344284
14/11/2020 01:06:42,0,0,0.059117686
14/11/2020 01:06:43,0,0,0.058891084
14/11/2020 01:06:44,0,0,0.058664486
14/11/2020 01:06:45,0,0,0.058437888
14/11/2020 01:06:46,0,0,0.058211289
14/11/2020 01:06:47,0,0,0.057984687
14/11/2020 01:06:48,0,0,0.057758089
14/11/2020 01:06:49,0,0,0.057531491
14/11/2020 01:06:50,0,0,0.057304893
14/11/2020 01:06:51,0,0,0.057078291
14/11/2020 01:06:52,0,0,0.056851692
14/11/2020 01:06:53,0,0,0.056625094
14/11/2020 01:06:54,0,0,0.056398496
14/11/2020 01:06:55,0,0,0.056171894
14/11/2020 01:06:56,0,0,0.055945296
14/11/2020 01:06:57,0,0,0.055718698
14/11/2020 01:06:58,0,0,0.055492099
14/11/2020 01:06:59,0,0,0.055265497
14/11/2020 01:07:00,0,0,0.055038899
14/11/2020 01:07:01,0,0,0.054812301
14/11/2020 01:07:02,0,0,0.054585703
14/11/2020 01:07:03,0,0,0.054359101
14/11/2020 01:07:04,0,0,0.054132503
14/11/2020 01:07:05,0,0,0.053905904
14/11/2020 01:07:06,0,0,0.053679306
14/11/2020 01:07:07,0,0,0.053452704
14/11/2020 01:07:08,0,0,0.053226106
14/11/2020 01:07:09,0,0,0.052999508
14/11/2020 01:07:10,0,0,0.052772909
14/11/2020 01:07:11,0,0,0.052546307
14/11/2020 01:07:12,0,0,0.052319709
14/11/2020 01:07:13,0,0,0.052093111
14/11/2020 01:07:14,0,0,0.051866513
14/11/2020 01:07:15,0,0,0.051639911
14/11/2020 01:07:16,0,0,0.051413313
14/11/2020 01:07:17,0,0,0.051186714
14/11/2020 01:07:18,0,0,0.050960116
14/11/2020 01:07:19,0,0,0.050733514
14/11/2020 01:07:20,0,0,0.050506916
14/11/2020 01:07:21,0,0,0.050280318
14/11/2020 01:07:22,0,0,0.050053719
14/11/2020 01:07:23,0,0,0.049827117
14/11/2020 01:07:24,0,0,0.049600519
14/11/2020 01:07:25,0,0,0.049373921
14/11/2020 01:07:26,0,0,0.049147319
14/11/2020 01:07:27,0,0,0.048920721
14/11/2020 01:07:28,0,0,0.048694123
14/11/2020 01:07:29,0,0,0.048467524
14/11/2020 01:07:30,0,0,0.048240922
14/11/2020 01:07:31,0,0,0.048014324
14/11/2020 01:07:32,0,0,0.047787726
14/11/2020 01:07:33,0,0,0.047561128
14/11/2020 01:07:34,0,0,0.047334526
14/11/2020 01:07:35,0,0,0.047107928
14/11/2020 01:07:36,0,0,0.046881329
14/11/2020 01:07:37,0,0,0.046654731
14/11/2020 01:07:38,0,0,0.046428129
14/11/2020 01:07:39,0,0,0.046201531
14/11/2020 01:07:40,0,0,0.045974933
14/11/2020 01:07:41,0,0,0.045748334
14/11/2020 01:07:42,0,0,0.045521732
14/11/2020 01:07:43,0,0,0.045295134
14/11/2020 01:07:44,0,0,0.045068536
14/11/2020 01:07:45,0,0,0.044841938
14/11/2020 01:07:46,0,0,0.044615336
14/11/2020 01:07:47,0,0,0.044388738
14/11/2020 01:07:48,0,0,0.044162139
14/11/2020 01:07:49,0,0,0.043935541
14/11/2020 01:07:50,0,0,0.043708939
14/11/2020 01:07:51,0,0,0.043482341
14/11/2020 01:07:52,0,0,0.043255743
14/11/2020 01:07:53,0,0,0.043029144
14/11/2020 01:07:54,0,0,0.042802542
14/11/2020 01:07:55,0,0,0.042575944
14/11/2020 01:07:56,0,0,0.042349346
14/11/2020 01:07:57,0,0,0.042122748
14/11/2020 01:07:58,0,0,0.041896146
14/11/2020 01:07:59,0,0,0.041669548
14/11/2020 01:08:00,0,0,0.041442949
14/11/2020 01:08:01,0,0,0.041216351
14/11/2020 01:08:02,0,0,0.040989749
14/11/2020 01:08:03,0,0,0.040763151
14/11/2020 01:08:04,0,0,0.040536553
14/11/2020 01:08:05,0,0,0.040309954
14/11/2020 01:08:06,0,0,0.040083352
14/11/2020 01:08:07,0,0,0.039856754
14/11/2020 01:08:08,0,0,0.039630156
14/11/2020 01:08:09,0,0,0.039403558
14/11/2020 01:08:10,0,0,0.039176956
14/11/2020 01:08:11,0,0,0.038950358
14/11/2020 01:08:12,0,0,0.038723759
14/11/2020 01:08:13,0,0,0.038497161
14/11/2020 01:08:14,0,0,0.038270559
14/11/2020 01:08:15,0,0,0.038043961
14/11/2020 01:08:16,0,0,0.037817363
14/11/2020 01:08:17,0,0,0.037590764
14/11/2020 01:08:18,0,0,0.037364163
14/11/2020 01:08:19,0,0,0.037137564
14/11/2020 01:08:20,0,0,0.036910966
14/11/2020 01:08:21,0,0,0.036684368
14/11/2020 01:08:22,0,0,0.036457766
14/11/2020 01:08:23,0,0,0.036231168
14/11/2020 01:08:24,0,0,0.036004569
14/11/2020 01:08:25,0,0,0.035777971
14/11/2020 01:08:26,0,0,0.035551369
14/11/2020 01:08:27,0,0,0.035324771
14/11/2020 01:08:28,0,0,0.035098173
14/11/2020 01:08:29,0,0,0.034871574
14/11/2020 01:08:30,0,0,0.034644973
14/11/2020 01:08:31,0,0,0.034418374
14/11/2020 01:08:32,0,0,0.034191776
14/11/2020 01:08:33,0,0,0.033965178
14/11/2020 01:08:34,0,0,0.033738576
14/11/2020 01:08:35,0,0,0.033511978
14/11/2020 01:08:36,0,0,0.033285379
14/11/2020 01:08:37,0,0,0.033058781
14/11/2020 01:08:38,0,0,0.032832179
14/11/2020 01:08:39,0,0,0.032605581
14/11/2020 01:08:40,0,0,0.032378983
14/11/2020 01:08:41,0,0,0.032152385
14/11/2020 01:08:42,0,0,0.031925783
14/11/2020 01:08:43,0,0,0.031699184
14/11/2020 01:08:44,0,0,0.031472586
14/11/2020 01:08:45,0,0,0.031245986
14/11/2020 01:08:46,0,0,0.031019388
14/11/2020 01:08:47,0,0,0.030792788
14/11/2020 01:08:48,0,0,0.030566189
14/11/2020 01:08:49,0,0,0.030339589
14/11/2020 01:08:50,0,0,0.030112991
14/11/2020 01:08:51,0,0,0.029886391
14/11/2020 01:08:52,0,0,0.029659793
14/11/2020 01:08:53,0,0,0.029433193
14/11/2020 01:08:54,0,0,0.029206594
14/11/2020 01:08:55,0,0,0.028979994
14/11/2020 01:08:56,0,0,0.028753396
14/11/2020 01:08:57,0,0,0.028526796
14/11/2020 01:08:58,0,0,0.028300198
14/11/2020 01:08:59,0,0,0.028073598
14/11/2020 01:09:00,0,0,0.027846999
14/11/2020 01:09:01,0,0,0.027620399
14/11/2020 01:09:02,0,0,0.027393801
14/11/2020 01:09:03,0,0,0.027167201
14/11/2020 01:09:04,0,0,0.026940603
14/11/2020 01:09:05,0,0,0.026714003
14/11/2020 01:09:06,0,0,0.026487404
14/11/2020 01:09:07,0,0,0.026260804
14/11/2020 01:09:08,0,0,0.026034206
14/11/2020 01:09:09,0,0,0.025807606
14/11/2020 01:09:10,0,0,0.025581008
14/11/2020 01:09:11,0,0,0.025354408
14/11/2020 01:09:12,0,0,0.025127809
14/11/2020 01:09:13,0,0,0.024901209
14/11/2020 01:09:14,0,0,0.024674611
14/11/2020 01:09:15,0,0,0.024448011
14/11/2020 01:09:16,0,0,0.024221413
14/11/2020 01:09:17,0,0,0.023994813
14/11/2020 01:09:18,0,0,0.023768215
14/11/2020 01:09:19,0,0,0.023541614
14/11/2020 01:09:20,0,0,0.023315016
14/11/2020 01:09:21,0,0,0.023088416
14/11/2020 01:09:22,0,0,0.022861818
14/11/2020 01:09:23,0,0,0.022635218
14/11/2020 01:09:24,0,0,0.02240862
14/11/2020 01:09:25,0,0,0.022182019
14/11/2020 01:09:26,0,0,0.021955421
14/11/2020 01:09:27,0,0,0.021728821
14/11/2020 01:09:28,0,0,0.021502223
14/11/2020 01:09:29,0,0,0.021275623
14/11/2020 01:09:30,0,0,0.021049025
14/11/2020 01:09:31,0,0,0.020822424
14/11/2020 01:09:32,0,0,0.020595826
14/11/2020 01:09:33,0,0,0.020369226
14/11/2020 01:09:34,0,0,0.020142626
14/11/2020 01:09:35,0,0,0.019916028
14/11/2020 01:09:36,0,0,0.019689428
14/11/2020 01:09:37,0,0,0.019462829
14/11/2020 01:09:38,0,0,0.019236229
14/11/2020 01:09:39,0,0,0.019009631
14/11/2020 01:09:40,0,0,0.018783031
14/11/2020 01:09:41,0,0,0.018556433
14/11/2020 01:09:42,0,0,0.018329833
14/11/2020 01:09:43,0,0,0.018103234
14/11/2020 01:09:44,0,0,0.017876634
14/11/2020 01:09:45,0,0,0.017650036
14/11/2020 01:09:46,0,0,0.017423436
14/11/2020 01:09:47,0,0,0.017196838
14/11/2020 01:09:48,0,0,0.016970238
14/11/2020 01:09:49,0,0,0.016743639
14/11/2020 01:09:50,0,0,0.016517039
14/11/2020 01:09:51,0,0,0.016290441
14/11/2020 01:09:52,0,0,0.016063841
14/11/2020 01:09:53,0,0,0.015837243
14/11/2020 01:09:54,0,0,0.015610644
14/11/2020 01:09:55,0,0,0.015384044
14/11/2020 01:09:56,0,0,0.015157445
14/11/2020 01:09:57,0,0,0.014930846
14/11/2020 01:09:58,0,0,0.014704247
14/11/2020 01:09:59,0,0,0.014477648
14/11/2020 01:10:00,0,0,0.014251049
14/11/2020 01:10:01,0,0,0.01402445
14/11/2020 01:10:02,0,0,0.01379785
14/11/2020 01:10:03,0,0,0.013571251
14/11/2020 01:10:04,0,0,0.013344652
14/11/2020 01:10:05,0,0,0.013118053
14/11/2020 01:10:06,0,0,0.012891454
14/11/2020 01:10:07,0,0,0.012664855
14/11/2020 01:10:08,0,0,0.012438255
14/11/2020 01:10:09,0,0,0.012211656
14/11/2020 01:10:10,0,0,0.011985057
14/11/2020 01:10:11,0,0,0.011758458
14/11/2020 01:10:12,0,0,0.011531859
14/11/2020 01:10:13,0,0,0.01130526
14/11/2020 01:10:14,0,0,0.01107866
14/11/2020 01:10:15,0,0,0.010852061
14/11/2020 01:10:16,0,0,0.010625462
14/11/2020 01:10:17,0,0,0.010398863
14/11/2020 01:10:18,0,0,0.010172264
14/11/2020 01:10:19,0,0,0.009945665
14/11/2020 01:10:20,0,0,0.009719065
14/11/2020 01:10:21,0,0,0.009492466
14/11/2020 01:10:22,0,0,0.009265867
14/11/2020 01:10:23,0,0,0.009039268
14/11/2020 01:10:24,0,0,0.008812669
14/11/2020 01:10:25,0,0,0.00858607
14/11/2020 01:10:26,0,0,0.00835947
14/11/2020 01:10:27,0,0,0.008132871
14/11/2020 01:10:28,0,0,0.007906272
14/11/2020 01:10:29,0,0,0.007679672
14/11/2020 01:10:30,0,0,0.007453073
14/11/2020 01:10:31,0,0,0.007226474
14/11/2020 01:10:32,0,0,0.006999875
14/11/2020 01:10:33,0,0,0.006773276
14/11/2020 01:10:34,0,0,0.006546677
14/11/2020 01:10:35,0,0,0.006320077
14/11/2020 01:10:36,0,0,0.006093478
14/11/2020 01:10:37,0,0,0.005866879
14/11/2020 01:10:38,0,0,0.00564028
14/11/2020 01:10:39,0,0,0.005413681
14/11/2020 01:10:40,0,0,0.005187082
14/11/2020 01:10:41,0,0,0.004960482
14/11/2020 01:10:42,0,0,0.004733883
14/11/2020 01:10:43,0,0,0.004507284
14/11/2020 01:10:44,0,0,0.004280685
14/11/2020 01:10:45,0,0,0.004054086
14/11/2020 01:10:46,0,0,0.003827487
14/11/2020 01:10:47,0,0,0.003600887
14/11/2020 01:10:48,0,0,0.003374288
14/11/2020 01:10:49,0,0,0.003147689
14/11/2020 01:10:50,0,0,0.00292109
14/11/2020 01:10:51,0,0,0.002694491
14/11/2020 01:10:52,0,0,0.002467892
14/11/2020 01:10:53,0,0,0.002241293
14/11/2020 01:10:54,0,0,0.002014693
14/11/2020 01:10:55,0,0,0.001788094
14/11/2020 01:10:56,0,0,0.001561495
14/11/2020 01:10:57,0,0,0.001334896
14/11/2020 01:10:58,0,0,0.001108297
14/11/2020 01:10:59,0,0,0.000881697
14/11/2020 01:11:00,0,0,0.000655098
14/11/2020 01:11:01,0,0,0.000428499
14/11/2020 01:11:02,0,0,0.0002019
14/11/2020 01:11:03,0,0,0
14/11/2020 01:11:04,0,0,0
14/11/2020 01:11:05,0,0,0
14/11/2020 01:11:06,0,0,0
14/11/2020 01:11:07,0,0,0
14/11/2020 01:11:08,0,0,0
14/11/2020 01:11:09,0,0,0
14/11/2020 01:11:10,0,0,0
14/11/2020 01:11:11,0,0,0
14/11/2020 01:11:12,0,0,0
14/11/2020 01:11:13,0,0,0
14/11/2020 01:11:14,0,0,0
14/11/2020 01:11:15,0,0,0
14/11/2020 01:11:16,0,0,0
14/11/2020 01:11:17,0,0,0
14/11/2020 01:11:18,0,0,0
14/11/2020 01:11:19,0,0,0
14/11/2020 01:11:20,0,0,0
14/11/2020 01:11:21,0,0,0
14/11/2020 01:11:22,0,0,0
14/11/2020 01:11:23,0,0,0
14/11/2020 01:11:24,0,0,0
14/11/2020 01:11:25,0,0,0
14/11/2020 01:11:26,0,0,0
14/11/2020 01:11:27,0,0,0
14/11/2020 01:11:28,0,0,0
14/11/2020 01:11:29,0,0,0
14/11/2020 01:11:30,0,0,0
14/11/2020 01:11:31,0,0,0
14/11/2020 01:11:32,0,0,0
14/11/2020 01:11:33,0,0,0
14/11/2020 01:11:34,0,0,0
14/11/2020 01:11:35,0,0,0
14/11/2020 01:11:36,0,0,0
14/11/2020 01:11:37,0,0,0
14/11/2020 01:11:38,0,0,0
14/11/2020 01:11:39,0,0,0
14/11/2020 01:11:40,0,0,0
14/11/2020 01:11:41,0,0,0
14/11/2020 01:11:42,0,0,0
14/11/2020 01:11:43,0,0,0
14/11/2020 01:11:44,0,0,0
14/11/2020 01:11:45,0,0,0
14/11/2020 01:11:46,0,0,0
14/11/2020 01:11:47,0,0,0
14/11/2020 01:11:48,0,0,0
14/11/2020 01:11:49,0,0,0
14/11/2020 01:11:50,0,0,0
14/11/2020 01:11:51,0,0,0
14/11/2020 01:11:52,0,0,0
14/11/2020 01:11:53,0,0,0
14/11/2020 01:11:54,0,0,0
14/11/2020 01:11:55,0,0,0
14/11/2020 01:11:56,0,0,0
14/11/2020 01:11:57,0,0,0
14/11/2020 01:11:58,0,0,0
14/11/2020 01:11:59,0,0,0
14/11/2020 01:12:00,0,0,0
14/11/2020 01:12:01,0,0,0
14/11/2020 01:12:02,0,0,0
14/11/2020 01:12:03,0,0,0
14/11/2020 01:12:04,0,0,0
14/11/2020 01:12:05,0,0,0
14/11/2020 01:12:06,0,0,0
14/11/2020 01:12:07,0,0,0
14/11/2020 01:12:08,0,0,0
14/11/2020 01:12:09,0,0,0
14/11/2020 01:12:10,0,0,0
14/11/2020 01:12:11,0,0,0
14/11/2020 01:12:12,0,0,0
14/11/2020 01:12:13,0,0,0
14/11/2020 01:12:14,0,0,0
14/11/2020 01:12:15,0,0,0
14/11/2020 01:12:16,0,0,0
14/11/2020 01:12:17,0,0,0
14/11/2020 01:12:18,0,0,0
14/11/2020 01:12:19,0,0,0
14/11/2020 01:12:20,0,0,0
14/11/2020 01:12:21,0,0,0
14/11/2020 01:12:22,0,0,0
14/11/2020 01:12:23,0,0,0
14/11/2020 01:12:24,0,0,0
14/11/2020 01:12:25,0,0,0
14/11/2020 01:12:26,0,0,0
14/11/2020 01:12:27,0,0,0
14/11/2020 01:12:28,0,0,0
14/11/2020 01:12:29,0,0,0
14/11/2020 01:12:30,0,0,0
14/11/2020 01:12:31,0,0,0
14/11/2020 01:12:32,0,0,0
14/11/2020 01:12:33,0,0,0
14/11/2020 01:12:34,0,0,0
14/11/2020 01:12:35,0,0,0
14/11/2020 01:12:36,0,0,0
14/11/2020 01:12:37,0,0,0
14/11/2020 01:12:38,0,0,0
14/11/2020 01:12:39,0,0,0
14/11/2020 01:12:40,0,0,0
14/11/2020 01:12:41,0,0,0
14/11/2020 01:12:42,0,0,0
14/11/2020 01:12:43,0,0,0
14/11/2020 01:12:44,0,0,0
14/11/2020 01:12:45,0,0,0
14/11/2020 01:12:46,0,0,0
14/11/2020 01:12:47,0,0,0
14/11/2020 01:12:48,0,0,0
14/11/2020 01:12:49,0,0,0
14/11/2020 01:12:50,0,0,0
14/11/2020 01:12:51,0,0,0
14/11/2020 01:12:52,0,0,0
14/11/2020 01:12:53,0,0,0
14/11/2020 01:12:54,0,0,0
14/11/2020 01:12:55,0,0,0
14/11/2020 01:12:56,0,0,0
14/11/2020 01:12:57,0,0,0
14/11/2020 01:12:58,0,0,0
14/11/2020 01:12:59,0,0,0
14/11/2020 01:13:00,0,0,0
14/11/2020 01:13:01,0,0,0
14/11/2020 01:13:02,0,0,0
14/11/2020 01:13:03,0,0,0
14/11/2020 01:13:04,0,0,0
14/11/2020 01:13:05,0,0,0
14/11/2020 01:13:06,0,0,0
14/11/2020 01:13:07,0,0,0
14/11/2020 01:13:08,0,0,0
14/11/2020 01:13:09,0,0,0
14/11/2020 01:13:10,0,0,0
14/11/2020 01:13:11,0,0,0
14/11/2020 01:13:12,0,0,0
14/11/2020 01:13:13,0,0,0
14/11/2020 01:13:14,0,0,0
14/11/2020 01:13:15,0,0,0
14/11/2020 01:13:16,0,0,0
14/11/2020 01:13:17,0,0,0
14/11/2020 01:13:18,0,0,0
14/11/2020 01:13:19,0,0,0
14/11/2020 01:13:20,0,0,0
14/11/2020 01:13:21,0,0,0
14/11/2020 01:13:22,0,0,0
14/11/2020 01:13:23,0,0,0
14/11/2020 01:13:24,0,0,0
14/11/2020 01:13:25,0,0,0
14/11/2020 01:13:26,0,0,0
14/11/2020 01:13:27,0,0,0
14/11/2020 01:13:28,0,0,0
14/11/2020 01:13:29,0,0,0
14/11/2020 01:13:30,0,0,0
14/11/2020 01:13:31,0,0,0
14/11/2020 01:13:32,0,0,0
14/11/2020 01:13:33,0,0,0
14/11/2020 01:13:34,0,0,0
14/11/2020 01:13:35,0,0,0
14/11/2020 01:13:36,0,0,0
14/11/2020 01:13:37,0,0,0
14/11/2020 01:13:38,0,0,0
14/11/2020 01:13:39,0,0,0
14/11/2020 01:13:40,0,0,0
14/11/2020 01:13:41,0,0,0
14/11/2020 01:13:42,0,0,0
14/11/2020 01:13:43,0,0,0
14/11/2020 01:13:44,0,0,0
14/11/2020 01:13:45,0,0,0
14/11/2020 01:13:46,0,0,0
14/11/2020 01:13:47,0,0,0
14/11/2020 01:13:48,0,0,0
14/11/2020 01:13:49,0,0,0
14/11/2020 01:13:50,0,0,0
14/11/2020 01:13:51,0,0,0
14/11/2020 01:13:52,0,0,0
14/11/2020 01:13:53,0,0,0
14/11/2020 01:13:54,0,0,0
14/11/2020 01:13:55,0,0,0
14/11/2020 01:13:56,0,0,0
14/11/2020 01:13:57,0,0,0
14/11/2020 01:13:58,0,0,0
14/11/2020 01:13:59,0,0,0
14/11/2020 01:14:00,0,0,0
14/11/2020 01:14:01,0,0,0
14/11/2020 01:14:02,0,0,0
14/11/2020 01:14:03,0,0,0
14/11/2020 01:14:04,0,0,0
14/11/2020 01:14:05,0,0,0
14/11/2020 01:14:06,0,0,0
14/11/2020 01:14:07,0,0,0
14/11/2020 01:14:08,0,0,0
14/11/2020 01:14:09,0,0,0
14/11/2020 01:14:10,0,0,0
14/11/2020 01:14:11,0,0,0
14/11/2020 01:14:12,0,0,0
14/11/2020 01:14:13,0,0,0
14/11/2020 01:14:14,0,0,0
14/11/2020 01:14:15,0,0,0
14/11/2020 01:14:16,0,0,0
14/11/2020 01:14:17,0,0,0
14/11/2020 01:14:18,0,0,0
14/11/2020 01:14:19,0,0,0
14/11/2020 01:14:20,0,0,0
14/11/2020 01:14:21,0,0,0
14/11/2020 01:14:22,0,0,0
14/11/2020 01:14:23,0,0,0
14/11/2020 01:14:24,0,0,0
14/11/2020 01:14:25,0,0,0
14/11/2020 01:14:26,0,0,0
14/11/2020 01:14:27,0,0,0
14/11/2020 01:14:28,0,0,0
14/11/2020 01:14:29,0,0,0
14/11/2020 01:14:30,0,0,0
14/11/2020 01:14:31,0,0,0
14/11/2020 01:14:32,0,0,0
14/11/2020 01:14:33,0,0,0
14/11/2020 01:14:34,0,0,0
14/11/2020 01:14:35,0,0,0
14/11/2020 01:14:36,0,0,0
14/11/2020 01:14:37,0,0,0
14/11/2020 01:14:38,0,0,0
14/11/2020 01:14:39,0,0,0
14/11/2020 01:14:40,0,0,0
14/11/2020 01:14:41,0,0,0
14/11/2020 01:14:42,0,0,0
14/11/2020 01:14:43,0,0,0
14/11/2020 01:14:44,0,0,0
14/11/2020 01:14:45,0,0,0
14/11/2020 01:14:46,0,0,0
14/11/2020 01:14:47,0,0,0
14/11/2020 01:14:48,0,0,0
14/11/2020 01:14:49,0,0,0
14/11/2020 01:14:50,0,0,0
14/11/2020 01:14:51,0,0,0
14/11/2020 01:14:52,0,0,0
14/11/2020 01:14:53,0,0,0
14/11/2020 01:14:54,0,0,0
14/11/2020 01:14:55,0,0,0
14/11/2020 01:14:56,0,0,0
14/11/2020 01:14:57,0,0,0
14/11/2020 01:14:58,0,0,0
14/11/2020 01:14:59,0,0,0
14/11/2020 01:15:00,0,0,0
14/11/2020 01:15:01,0,0,0
14/11/2020 01:15:02,0,0,0
14/11/2020 01:15:03,0,0,0
14/11/2020 01:15:04,0,0,0
14/11/2020 01:15:05,0,0,0
14/11/2020 01:15:06,0,0,0
14/11/2020 01:15:07,0,0,0
14/11/2020 01:15:08,0,0,0
14/11/2020 01:15:09,0,0,0
14/11/2020 01:15:10,0,0,0
14/11/2020 01:15:11,0,0,0
14/11/2020 01:15:12,0,0,0
14/11/2020 01:15:13,0,0,0
14/11/2020 01:15:14,0,0,0
14/11/2020 01:15:15,0,0,0
14/11/2020 01:15:16,0,0,0
14/11/2020 01:15:17,0,0,0
14/11/2020 01:15:18,0,0,0
14/11/2020 01:15:19,0,0,0
14/11/2020 01:15:20,0,0,0
14/11/2020 01:15:21,0,0,0
14/11/2020 01:15:22,0,0,0
14/11/2020 01:15:23,0,0,0
14/11/2020 01:15:24,0,0,0
14/11/2020 01:15:25,0,0,0
14/11/2020 01:15:26,0,0,0
14/11/2020 01:15:27,0,0,0
14/11/2020 01:15:28,0,0,0
14/11/2020 01:15:29,0,0,0
14/11/2020 01:15:30,0,0,0
14/11/2020 01:15:31,0,0,0
14/11/2020 01:15:32,0,0,0
14/11/2020 01:15:33,0,0,0
14/11/2020 01:15:34,0,0,0
14/11/2020 01:15:35,0,0,0
14/11/2020 01:15:36,0,0,0
14/11/2020 01:15:37,0,0,0
14/11/2020 01:15:38,0,0,0
14/11/2020 01:15:39,0,0,0
14/11/2020 01:15:40,0,0,0
14/11/2020 01:15:41,0,0,0
14/11/2020 01:15:42,0,0,0
14/11/2020 01:15:43,0,0,0
14/11/2020 01:15:44,0,0,0
14/11/2020 01:15:45,0,0,0
14/11/2020 01:15:46,0,0,0
14/11/2020 01:15:47,0,0,0
14/11/2020 01:15:48,0,0,0
14/11/2020 01:15:49,0,0,0
14/11/2020 01:15:50,0,0,0
14/11/2020 01:15:51,0,0,0
14/11/2020 01:15:52,0,0,0
14/11/2020 01:15:53,0,0,0
14/11/2020 01:15:54,0,0,0
14/11/2020 01:15:55,0,0,0
14/11/2020 01:15:56,0,0,0
14/11/2020 01:15:57,0,0,0
14/11/2020 01:15:58,0,0,0
14/11/2020 01:15:59,0,0,0
14/11/2020 01:16:00,0,0,0
14/11/2020 01:16:01,0,0,0
14/11/2020 01:16:02,0,0,0
14/11/2020 01:16:03,0,0,0
14/11/2020 01:16:04,0,0,0
14/11/2020 01:16:05,0,0,0
14/11/2020 01:16:06,0,0,0
14/11/2020 01:16:07,0,0,0
14/11/2020 01:16:08,0,0,0
14/11/2020 01:16:09,0,0,0
14/11/2020 01:16:10,0,0,0
14/11/2020 01:16:11,0,0,0
14/11/2020 01:16:12,0,0,0
14/11/2020 01:16:13,0,0,0
14/11/2020 01:16:14,0,0,0
14/11/2020 01:16:15,0,0,0
14/11/2020 01:16:16,0,0,0
14/11/2020 01:16:17,0,0,0
14/11/2020 01:16:18,0,0,0
14/11/2020 01:16:19,0,0,0
14/11/2020 01:16:20,0,0,0
14/11/2020 01:16:21,0,0,0
14/11/2020 01:16:22,0,0,0
14/11/2020 01:16:23,0,0,0
14/11/2020 01:16:24,0,0,0
14/11/2020 01:16:25,0,0,0
14/11/2020 01:16:26,0,0,0
14/11/2020 01:16:27,0,0,0
14/11/2020 01:16:28,0,0,0
14/11/2020 01:16:29,0,0,0
14/11/2020 01:16:30,0,0,0
14/11/2020 01:16:31,0,0,0
14/11/2020 01:16:32,0,0,0
14/11/2020 01:16:33,0,0,0
14/11/2020 01:16:34,0,0,0
14/11/2020 01:16:35,0,0,0
14/11/2020 01:16:36,0,0,0
14/11/2020 01:16:37,0,0,0
14/11/2020 01:16:38,0,0,0
14/11/2020 01:16:39,0,0,0
14/11/2020 01:16:40,0,0,0
14/11/2020 01:16:41,0,0,0
14/11/2020 01:16:42,0,0,0
14/11/2020 01:16:43,0,0,0
14/11/2020 01:16:44,0,0,0
14/11/2020 01:16:45,0,0,0
14/11/2020 01:16:46,0,0,0
14/11/2020 01:16:47,0,0,0
14/11/2020 01:16:48,0,0,0
14/11/2020 01:16:49,0,0,0
14/11/2020 01:16:50,0,0,0
14/11/2020 01:16:51,0,0,0
14/11/2020 01:16:52,0,0,0
14/11/2020 01:16:53,0,0,0
14/11/2020 01:16:54,0,0,0
14/11/2020 01:16:55,0,0,0
14/11/2020 01:16:56,0,0,0
14/11/2020 01:16:57,0,0,0
14/11/2020 01:16:58,0,0,0
14/11/2020 01:16:59,0,0,0
14/11/2020 01:17:00,0,0,0
14/11/2020 01:17:01,0,0,0
14/11/2020 01:17:02,0,0,0
14/11/2020 01:17:03,0,0,0
14/11/2020 01:17:04,0,0,0
14/11/2020 01:17:05,0,0,0
14/11/2020 01:17:06,0,0,0
14/11/2020 01:17:07,0,0,0
14/11/2020 01:17:08,0,0,0
14/11/2020 01:17:09,0,0,0
14/11/2020 01:17:10,0,0,0
14/11/2020 01:17:11,0,0,0
14/11/2020 01:17:12,0,0,0
14/11/2020 01:17:13,0,0,0
14/11/2020 01:17:14,0,0,0
14/11/2020 01:17:15,0,0,0
14/11/2020 01:17:16,0,0,0
14/11/2020 01:17:17,0,0,0
14/11/2020 01:17:18,0,0,0
14/11/2020 01:17:19,0,0,0
14/11/2020 01:17:20,0,0,0
14/11/2020 01:17:21,0,0,0
14/11/2020 01:17:22,0,0,0
14/11/2020 01:17:23,0,0,0
14/11/2020 01:17:24,0,0,0
14/11/2020 01:17:25,0,0,0
14/11/2020 01:17:26,0,0,0
14/11/2020 01:17:27,0,0,0
14/11/2020 01:17:28,0,0,0
14/11/2020 01:17:29,0,0,0
14/11/2020 01:17:30,0,0,0
14/11/2020 01:17:31,0,0,0
14/11/2020 01:17:32,0,0,0
14/11/2020 01:17:33,0,0,0
14/11/2020 01:17:34,0,0,0
14/11/2020 01:17:35,0,0,0
14/11/2020 01:17:36,0,0,0
14/11/2020 01:17:37,0,0,0
14/11/2020 01:17:38,0,0,0
14/11/2020 01:17:39,0,0,0
14/11/2020 01:17:40,0,0,0
14/11/2020 01:17:41,0,0,0
14/11/2020 01:17:42,0,0,0
14/11/2020 01:17:43,0,0,0
14/11/2020 01:17:44,0,0,0
14/11/2020 01:17:45,0,0,0
14/11/2020 01:17:46,0,0,0
14/11/2020 01:17:47,0,0,0
14/11/2020 01:17:48,0,0,0
14/11/2020 01:17:49,0,0,0
14/11/2020 01:17:50,0,0,0
14/11/2020 01:17:51,0,0,0
14/11/2020 01:17:52,0,0,0
14/11/2020 01:17:53,0,0,0
14/11/2020 01:17:54,0,0,0
14/11/2020 01:17:55,0,0,0
14/11/2020 01:17:56,0,0,0
14/11/2020 01:17:57,0,0,0
14/11/2020 01:17:58,0,0,0
14/11/2020 01:17:59,0,0,0
14/11/2020 01:18:00,0,0,0
14/11/2020 01:18:01,0,0,0
14/11/2020 01:18:02,0,0,0
14/11/2020 01:18:03,0,0,0
14/11/2020 01:18:04,0,0,0
14/11/2020 01:18:05,0,0,0
14/11/2020 01:18:06,0,0,0
14/11/2020 01:18:07,0,0,0
14/11/2020 01:18:08,0,0,0
14/11/2020 01:18:09,0,0,0
14/11/2020 01:18:10,0,0,0
14/11/2020 01:18:11,0,0,0
14/11/2020 01:18:12,0,0,0
14/11/2020 01:18:13,0,0,0
14/11/2020 01:18:14,0,0,0
14/11/2020 01:18:15,0,0,0
14/11/2020 01:18:16,0,0,0
14/11/2020 01:18:17,0,0,0
14/11/2020 01:18:18,0,0,0
14/11/2020 01:18:19,0,0,0
14/11/2020 01:18:20,0,0,0
14/11/2020 01:18:21,0,0,0
14/11/2020 01:18:22,0,0,0
14/11/2020 01:18:23,0,0,0
14/11/2020 01:18:24,0,0,0
14/11/2020 01:18:25,0,0,0
14/11/2020 01:18:26,0,0,0
14/11/2020 01:18:27,0,0,0
14/11/2020 01:18:28,0,0,0
14/11/2020 01:18:29,0,0,0
14/11/2020 01:18:30,0,0,0
14/11/2020 01:18:31,0,0,0
14/11/2020 01:18:32,0,0,0
14/11/2020 01:18:33,0,0,0
14/11/2020 01:18:34,0,0,0
14/11/2020 01:18:35,0,0,0
14/11/2020 01:18:36,0,0,0
14/11/2020 01:18:37,0,0,0
14/11/2020 01:18:38,0,0,0
14/11/2020 01:18:39,0,0,0
14/11/2020 01:18:40,0,0,0
14/11/2020 01:18:41,0,0,0
14/11/2020 01:18:42,0,0,0
14/11/2020 01:18:43,0,0,0
14/11/2020 01:18:44,0,0,0
14/11/2020 01:18:45,0,0,0
14/11/2020 01:18:46,0,0,0
14/11/2020 01:18:47,0,0,0
14/11/2020 01:18:48,0,0,0
14/11/2020 01:18:49,0,0,0
14/11/2020 01:18:50,0,0,0
14/11/2020 01:18:51,0,0,0
14/11/2020 01:18:52,0,0,0
14/11/2020 01:18:53,0,0,0
14/11/2020 01:18:54,0,0,0
14/11/2020 01:18:55,0,0,0
14/11/2020 01:18:56,0,0,0
14/11/2020 01:18:57,0,0,0
14/11/2020 01:18:58,0,0,0
14/11/2020 01:18:59,0,0,0
14/11/2020 01:19:00,0,0,0
14/11/2020 01:19:01,0,0,0
14/11/2020 01:19:02,0,0,0
14/11/2020 01:19:03,0,0,0
14/11/2020 01:19:04,0,0,0
14/11/2020 01:19:05,0,0,0
14/11/2020 01:19:06,0,0,0
14/11/2020 01:19:07,0,0,0
14/11/2020 01:19:08,0,0,0
14/11/2020 01:19:09,0,0,0
14/11/2020 01:19:10,0,0,0
14/11/2020 01:19:11,0,0,0
14/11/2020 01:19:12,0,0,0
14/11/2020 01:19:13,0,0,0
14/11/2020 01:19:14,0,0,0
14/11/2020 01:19:15,0,0,0
14/11/2020 01:19:16,0,0,0
14/11/2020 01:19:17,0,0,0
14/11/2020 01:19:18,0,0,0
14/11/2020 01:19:19,0,0,0
14/11/2020 01:19:20,0,0,0
14/11/2020 01:19:21,0,0,0
14/11/2020 01:19:22,0,0,0
14/11/2020 01:19:23,0,0,0
14/11/2020 01:19:24,0,0,0
14/11/2020 01:19:25,0,0,0
14/11/2020 01:19:26,0,0,0
14/11/2020 01:19:27,0,0,0
14/11/2020 01:19:28,0,0,0
14/11/2020 01:19:29,0,0,0
14/11/2020 01:19:30,0,0,0
14/11/2020 01:19:31,0,0,0
14/11/2020 01:19:32,0,0,0
14/11/2020 01:19:33,0,0,0
14/11/2020 01:19:34,0,0,0
14/11/2020 01:19:35,0,0,0
14/11/2020 01:19:36,0,0,0
14/11/2020 01:19:37,0,0,0
14/11/2020 01:19:38,0,0,0
14/11/2020 01:19:39,0,0,0
14/11/2020 01:19:40,0,0,0
14/11/2020 01:19:41,0,0,0
14/11/2020 01:19:42,0,0,0
14/11/2020 01:19:43,0,0,0
14/11/2020 01:19:44,0,0,0
14/11/2020 01:19:45,0,0,0
14/11/2020 01:19:46,0,0,0
14/11/2020 01:19:47,0,0,0
14/11/2020 01:19:48,0,0,0
14/11/2020 01:19:49,0,0,0
14/11/2020 01:19:50,0,0,0
14/11/2020 01:19:51,0,0,0
14/11/2020 01:19:52,0,0,0
14/11/2020 01:19:53,0,0,0
14/11/2020 01:19:54,0,0,0
14/11/2020 01:19:55,0,0,0
14/11/2020 01:19:56,0,0,0
14/11/2020 01:19:57,0,0,0
14/11/2020 01:19:58,0,0,0
14/11/2020 01:19:59,0,0,0
14/11/2020 01:20:00,0,0,0
14/11/2020 01:20:01,0,0,0
14/11/2020 01:20:02,0,0,0
14/11/2020 01:20:03,0,0,0
14/11/2020 01:20:04,0,0,0
14/11/2020 01:20:05,0,0,0
14/11/2020 01:20:06,0,0,0
14/11/2020 01:20:07,0,0,0
14/11/2020 01:20:08,0,0,0
14/11/2020 01:20:09,0,0,0
14/11/2020 01:20:10,0,0,0
14/11/2020 01:20:11,0,0,0
14/11/2020 01:20:12,0,0,0
14/11/2020 01:20:13,0,0,0
14/11/2020 01:20:14,0,0,0
14/11/2020 01:20:15,0,0,0
14/11/2020 01:20:16,0,0,0
14/11/2020 01:20:17,0,0,0
14/11/2020 01:20:18,0,0,0
14/11/2020 01:20:19,0,0,0
14/11/2020 01:20:20,0,0,0
14/11/2020 01:20:21,0,0,0
14/11/2020 01:20:22,0,0,0
14/11/2020 01:20:23,0,0,0
14/11/2020 01:20:24,0,0,0
14/11/2020 01:20:25,0,0,0
14/11/2020 01:20:26,0,0,0
14/11/2020 01:20:27,0,0,0
14/11/2020 01:20:28,0,0,0
14/11/2020 01:20:29,0,0,0
14/11/2020 01:20:30,0,0,0
14/11/2020 01:20:31,0,0,0
14/11/2020 01:20:32,0,0,0
14/11/2020 01:20:33,0,0,0
14/11/2020 01:20:34,0,0,0
14/11/2020 01:20:35,0,0,0
14/11/2020 01:20:36,0,0,0
14/11/2020 01:20:37,0,0,0
14/11/2020 01:20:38,0,0,0
14/11/2020 01:20:39,0,0,0
14/11/2020 01:20:40,0,0,0
14/11/2020 01:20:41,0,0,0
14/11/2020 01:20:42,0,0,0
14/11/2020 01:20:43,0,0,0
14/11/2020 01:20:44,0,0,0
14/11/2020 01:20:45,0,0,0
14/11/2020 01:20:46,0,0,0
14/11/2020 01:20:47,0,0,0
14/11/2020 01:20:48,0,0,0
14/11/2020 01:20:49,0,0,0
14/11/2020 01:20:50,0,0,0
14/11/2020 01:20:51,0,0,0
14/11/2020 01:20:52,0,0,0
14/11/2020 01:20:53,0,0,0
14/11/2020 01:20:54,0,0,0
14/11/2020 01:20:55,0,0,0
14/11/2020 01:20:56,0,0,0
14/11/2020 01:20:57,0,0,0
14/11/2020 01:20:58,0,0,0
14/11/2020 01:20:59,0,0,0
14/11/2020 01:21:00,0,0,0
14/11/2020 01:21:01,0,0,0
14/11/2020 01:21:02,0,0,0
14/11/2020 01:21:03,0,0,0
14/11/2020 01:21:04,0,0,0
14/11/2020 01:21:05,0,0,0
14/11/2020 01:21:06,0,0,0
14/11/2020 01:21:07,0,0,0
14/11/2020 01:21:08,0,0,0
14/11/2020 01:21:09,0,0,0
14/11/2020 01:21:10,0,0,0
14/11/2020 01:21:11,0,0,0
14/11/2020 01:21:12,0,0,0
14/11/2020 01:21:13,0,0,0
14/11/2020 01:21:14,0,0,0
14/11/2020 01:21:15,0,0,0
14/11/2020 01:21:16,0,0,0
14/11/2020 01:21:17,0,0,0
14/11/2020 01:21:18,0,0,0
14/11/2020 01:21:19,0,0,0
14/11/2020 01:21:20,0,0,0
14/11/2020 01:21:21,0,0,0
14/11/2020 01:21:22,0,0,0
14/11/2020 01:21:23,0,0,0
14/11/2020 01:21:24,0,0,0
14/11/2020 01:21:25,0,0,0
14/11/2020 01:21:26,0,0,0
14/11/2020 01:21:27,0,0,0
14/11/2020 01:21:28,0,0,0
14/11/2020 01:21:29,0,0,0
14/11/2020 01:21:30,0,0,0
14/11/2020 01:21:31,0,0,0
14/11/2020 01:21:32,0,0,0
14/11/2020 01:21:33,0,0,0
14/11/2020 01:21:34,0,0,0
14/11/2020 01:21:35,0,0,0
14/11/2020 01:21:36,0,0,0
14/11/2020 01:21:37,0,0,0
14/11/2020 01:21:38,0,0,0
14/11/2020 01:21:39,0,0,0
14/11/2020 01:21:40,0,0,0
14/11/2020 01:21:41,0,0,0
14/11/2020 01:21:42,0,0,0
14/11/2020 01:21:43,0,0,0
14/11/2020 01:21:44,0,0,0
14/11/2020 01:21:45,0,0,0
14/11/2020 01:21:46,0,0,0
14/11/2020 01:21:47,0,0,0
14/11/2020 01:21:48,0,0,0
14/11/2020 01:21:49,0,0,0
14/11/2020 01:21:50,0,0,0
14/11/2020 01:21:51,0,0,0
14/11/2020 01:21:52,0,0,0
14/11/2020 01:21:53,0,0,0
14/11/2020 01:21:54,0,0,0
14/11/2020 01:21:55,0,0,0
14/11/2020 01:21:56,0,0,0
14/11/2020 01:21:57,0,0,0
14/11/2020 01:21:58,0,0,0
14/11/2020 01:21:59,0,0,0
14/11/2020 01:22:00,0,0,0
14/11/2020 01:22:01,0,0,0
14/11/2020 01:22:02,0,0,0
14/11/2020 01:22:03,0,0,0
14/11/2020 01:22:04,0,0,0
14/11/2020 01:22:05,0,0,0
14/11/2020 01:22:06,0,0,0
14/11/2020 01:22:07,0,0,0
14/11/2020 01:22:08,0,0,0
14/11/2020 01:22:09,0,0,0
14/11/2020 01:22:10,0,0,0
14/11/2020 01:22:11,0,0,0
14/11/2020 01:22:12,0,0,0
14/11/2020 01:22:13,0,0,0
14/11/2020 01:22:14,0,0,0
14/11/2020 01:22:15,0,0,0
14/11/2020 01:22:16,0,0,0
14/11/2020 01:22:17,0,0,0
14/11/2020 01:22:18,0,0,0
14/11/2020 01:22:19,0,0,0
14/11/2020 01:22:20,0,0,0
14/11/2020 01:22:21,0,0,0
14/11/2020 01:22:22,0,0,0
14/11/2020 01:22:23,0,0,0
14/11/2020 01:22:24,0,0,0
14/11/2020 01:22:25,0,0,0
14/11/2020 01:22:26,0,0,0
14/11/2020 01:22:27,0,0,0
14/11/2020 01:22:28,0,0,0
14/11/2020 01:22:29,0,0,0
14/11/2020 01:22:30,0,0,0
14/11/2020 01:22:31,0,0,0
14/11/2020 01:22:32,0,0,0
14/11/2020 01:22:33,0,0,0
14/11/2020 01:22:34,0,0,0
14/11/2020 01:22:35,0,0,0
14/11/2020 01:22:36,0,0,0
14/11/2020 01:22:37,0,0,0
14/11/2020 01:22:38,0,0,0
14/11/2020 01:22:39,0,0,0
14/11/2020 01:22:40,0,0,0
14/11/2020 01:22:41,0,0,0
14/11/2020 01:22:42,0,0,0
14/11/2020 01:22:43,0,0,0
14/11/2020 01:22:44,0,0,0
14/11/2020 01:22:45,0,0,0
14/11/2020 01:22:46,0,0,0
14/11/2020 01:22:47,0,0,0
14/11/2020 01:22:48,0,0,0
14/11/2020 01:22:49,0,0,0
14/11/2020 01:22:50,0,0,0
14/11/2020 01:22:51,0,0,0
14/11/2020 01:22:52,0,0,0
14/11/2020 01:22:53,0,0,0
14/11/2020 01:22:54,0,0,0
14/11/2020 01:22:55,0,0,0
14/11/2020 01:22:56,0,0,0
14/11/2020 01:22:57,0,0,0
14/11/2020 01:22:58,0,0,0
14/11/2020 01:22:59,0,0,0
14/11/2020 01:23:00,0,0,0
14/11/2020 01:23:01,0,0,0
14/11/2020 01:23:02,0,0,0
14/11/2020 01:23:03,0,0,0
14/11/2020 01:23:04,0,0,0
14/11/2020 01:23:05,0,0,0
14/11/2020 01:23:06,0,0,0
14/11/2020 01:23:07,0,0,0
14/11/2020 01:23:08,0,0,0
14/11/2020 01:23:09,0,0,0
14/11/2020 01:23:10,0,0,0
14/11/2020 01:23:11,0,0,0
14/11/2020 01:23:12,0,0,0
14/11/2020 01:23:13,0,0,0
14/11/2020 01:23:14,0,0,0
14/11/2020 01:23:15,0,0,0
14/11/2020 01:23:16,0,0,0
14/11/2020 01:23:17,0,0,0
14/11/2020 01:23:18,0,0,0
14/11/2020 01:23:19,0,0,0
14/11/2020 01:23:20,0,0,0
14/11/2020 01:23:21,0,0,0
14/11/2020 01:23:22,0,0,0
14/11/2020 01:23:23,0,0,0
14/11/2020 01:23:24,0,0,0
14/11/2020 01:23:25,0,0,0
14/11/2020 01:23:26,0,0,0
14/11/2020 01:23:27,0,0,0
14/11/2020 01:23:28,0,0,0
14/11/2020 01:23:29,0,0,0
14/11/2020 01:23:30,0,0,0
14/11/2020 01:23:31,0,0,0
14/11/2020 01:23:32,0,0,0
14/11/2020 01:23:33,0,0,0
14/11/2020 01:23:34,0,0,0
14/11/2020 01:23:35,0,0,0
14/11/2020 01:23:36,0,0,0
14/11/2020 01:23:37,0,0,0
14/11/2020 01:23:38,0,0,0
14/11/2020 01:23:39,0,0,0
14/11/2020 01:23:40,0,0,0
14/11/2020 01:23:41,0,0,0
14/11/2020 01:23:42,0,0,0
14/11/2020 01:23:43,0,0,0
14/11/2020 01:23:44,0,0,0
14/11/2020 01:23:45,0,0,0
14/11/2020 01:23:46,0,0,0
14/11/2020 01:23:47,0,0,0
14/11/2020 01:23:48,0,0,0
14/11/2020 01:23:49,0,0,0
14/11/2020 01:23:50,0,0,0
14/11/2020 01:23:51,0,0,0
14/11/2020 01:23:52,0,0,0
14/11/2020 01:23:53,0,0,0
14/11/2020 01:23:54,0,0,0
14/11/2020 01:23:55,0,0,0
14/11/2020 01:23:56,0,0,0
14/11/2020 01:23:57,0,0,0
14/11/2020 01:23:58,0,0,0
14/11/2020 01:23:59,0,0,0
14/11/2020 01:24:00,0,0,0
14/11/2020 01:24:01,0,0,0
14/11/2020 01:24:02,0,0,0
14/11/2020 01:24:03,0,0,0
14/11/2020 01:24:04,0,0,0
14/11/2020 01:24:05,0,0,0
14/11/2020 01:24:06,0,0,0
14/11/2020 01:24:07,0,0,0
14/11/2020 01:24:08,0,0,0
14/11/2020 01:24:09,0,0,0
14/11/2020 01:24:10,0,0,0
14/11/2020 01:24:11,0,0,0
14/11/2020 01:24:12,0,0,0
14/11/2020 01:24:13,0,0,0
14/11/2020 01:24:14,0,0,0
14/11/2020 01:24:15,0,0,0
14/11/2020 01:24:16,0,0,0
14/11/2020 01:24:17,0,0,0
14/11/2020 01:24:18,0,0,0
14/11/2020 01:24:19,0,0,0
14/11/2020 01:24:20,0,0,0
14/11/2020 01:24:21,0,0,0
14/11/2020 01:24:22,0,0,0
14/11/2020 01:24:23,0,0,0
14/11/2020 01:24:24,0,0,0
14/11/2020 01:24:25,0,0,0
14/11/2020 01:24:26,0,0,0
14/11/2020 01:24:27,0,0,0
14/11/2020 01:24:28,0,0,0
14/11/2020 01:24:29,0,0,0
14/11/2020 01:24:30,0,0,0
14/11/2020 01:24:31,0,0,0
14/11/2020 01:24:32,0,0,0
14/11/2020 01:24:33,0,0,0
14/11/2020 01:24:34,0,0,0
14/11/2020 01:24:35,0,0,0
14/11/2020 01:24:36,0,0,0
14/11/2020 01:24:37,0,0,0
14/11/2020 01:24:38,0,0,0
14/11/2020 01:24:39,0,0,0
14/11/2020 01:24:40,0,0,0
14/11/2020 01:24:41,0,0,0
14/11/2020 01:24:42,0,0,0
14/11/2020 01:24:43,0,0,0
14/11/2020 01:24:44,0,0,0
14/11/2020 01:24:45,0,0,0
14/11/2020 01:24:46,0,0,0
14/11/2020 01:24:47,0,0,0
14/11/2020 01:24:48,0,0,0
14/11/2020 01:24:49,0,0,0
14/11/2020 01:24:50,0,0,0
14/11/2020 01:24:51,0,0,0
14/11/2020 01:24:52,0,0,0
14/11/2020 01:24:53,0,0,0
14/11/2020 01:24:54,0,0,0
14/11/2020 01:24:55,0,0,0
14/11/2020 01:24:56,0,0,0
14/11/2020 01:24:57,0,0,0
14/11/2020 01:24:58,0,0,0
14/11/2020 01:24:59,0,0,0
14/11/2020 01:25:00,0,0,0
14/11/2020 01:25:01,0,0,0
14/11/2020 01:25:02,0,0,0
14/11/2020 01:25:03,0,0,0
14/11/2020 01:25:04,0,0,0
14/11/2020 01:25:05,0,0,0
14/11/2020 01:25:06,0,0,0
14/11/2020 01:25:07,0,0,0
14/11/2020 01:25:08,0,0,0
14/11/2020 01:25:09,0,0,0
14/11/2020 01:25:10,0,0,0
14/11/2020 01:25:11,0,0,0
14/11/2020 01:25:12,0,0,0
14/11/2020 01:25:13,0,0,0
14/11/2020 01:25:14,0,0,0
14/11/2020 01:25:15,0,0,0
14/11/2020 01:25:16,0,0,0
14/11/2020 01:25:17,0,0,0
14/11/2020 01:25:18,0,0,0
14/11/2020 01:25:19,0,0,0
14/11/2020 01:25:20,0,0,0
14/11/2020 01:25:21,0,0,0
14/11/2020 01:25:22,0,0,0
14/11/2020 01:25:23,0,0,0
14/11/2020 01:25:24,0,0,0
14/11/2020 01:25:25,0,0,0
14/11/2020 01:25:26,0,0,0
14/11/2020 01:25:27,0,0,0
14/11/2020 01:25:28,0,0,0
14/11/2020 01:25:29,0,0,0
14/11/2020 01:25:30,0,0,0
14/11/2020 01:25:31,0,0,0
14/11/2020 01:25:32,0,0,0
14/11/2020 01:25:33,0,0,0
14/11/2020 01:25:34,0,0,0
14/11/2020 01:25:35,0,0,0
14/11/2020 01:25:36,0,0,0
14/11/2020 01:25:37,0,0,0
14/11/2020 01:25:38,0,0,0
14/11/2020 01:25:39,0,0,0
14/11/2020 01:25:40,0,0,0
14/11/2020 01:25:41,0,0,0
14/11/2020 01:25:42,0,0,0
14/11/2020 01:25:43,0,0,0
14/11/2020 01:25:44,0,0,0
14/11/2020 01:25:45,0,0,0
14/11/2020 01:25:46,0,0,0
14/11/2020 01:25:47,0,0,0
14/11/2020 01:25:48,0,0,0
14/11/2020 01:25:49,0,0,0
14/11/2020 01:25:50,0,0,0
14/11/2020 01:25:51,0,0,0
14/11/2020 01:25:52,0,0,0
14/11/2020 01:25:53,0,0,0
14/11/2020 01:25:54,0,0,0
14/11/2020 01:25:55,0,0,0
14/11/2020 01:25:56,0,0,0
14/11/2020 01:25:57,0,0,0
14/11/2020 01:25:58,0,0,0
14/11/2020 01:25:59,0,0,0
14/11/2020 01:26:00,0,0,0
14/11/2020 01:26:01,0,0,0
14/11/2020 01:26:02,0,0,0
14/11/2020 01:26:03,0,0,0
14/11/2020 01:26:04,0,0,0
14/11/2020 01:26:05,0,0,0
14/11/2020 01:26:06,0,0,0
14/11/2020 01:26:07,0,0,0
14/11/2020 01:26:08,0,0,0
14/11/2020 01:26:09,0,0,0
14/11/2020 01:26:10,0,0,0
14/11/2020 01:26:11,0,0,0
14/11/2020 01:26:12,0,0,0
14/11/2020 01:26:13,0,0,0
14/11/2020 01:26:14,0,0,0
14/11/2020 01:26:15,0,0,0
14/11/2020 01:26:16,0,0,0
14/11/2020 01:26:17,0,0,0
14/11/2020 01:26:18,0,0,0
14/11/2020 01:26:19,0,0,0
14/11/2020 01:26:20,0,0,0
14/11/2020 01:26:21,0,0,0
14/11/2020 01:26:22,0,0,0
14/11/2020 01:26:23,0,0,0
14/11/2020 01:26:24,0,0,0
14/11/2020 01:26:25,0,0,0
14/11/2020 01:26:26,0,0,0
14/11/2020 01:26:27,0,0,0
14/11/2020 01:26:28,0,0,0
14/11/2020 01:26:29,0,0,0
14/11/2020 01:26:30,0,0,0
14/11/2020 01:26:31,0,0,0
14/11/2020 01:26:32,0,0,0
14/11/2020 01:26:33,0,0,0
14/11/2020 01:26:34,0,0,0
14/11/2020 01:26:35,0,0,0
14/11/2020 01:26:36,0,0,0
14/11/2020 01:26:37,0,0,0
14/11/2020 01:26:38,0,0,0
14/11/2020 01:26:39,0,0,0
14/11/2020 01:26:40,0,0,0
14/11/2020 01:26:41,0,0,0
14/11/2020 01:26:42,0,0,0
14/11/2020 01:26:43,0,0,0
14/11/2020 01:26:44,0,0,0
14/11/2020 01:26:45,0,0,0
14/11/2020 01:26:46,0,0,0
14/11/2020 01:26:47,0,0,0
14/11/2020 01:26:48,0,0,0
14/11/2020 01:26:49,0,0,0
14/11/2020 01:26:50,0,0,0
14/11/2020 01:26:51,0,0,0
14/11/2020 01:26:52,0,0,0
14/11/2020 01:26:53,0,0,0
14/11/2020 01:26:54,0,0,0
14/11/2020 01:26:55,0,0,0
14/11/2020 01:26:56,0,0,0
14/11/2020 01:26:57,0,0,0
14/11/2020 01:26:58,0,0,0
14/11/2020 01:26:59,0,0,0
14/11/2020 01:27:00,0,0,0
14/11/2020 01:27:01,0,0,0
14/11/2020 01:27:02,0,0,0
14/11/2020 01:27:03,0,0,0
14/11/2020 01:27:04,0,0,0
14/11/2020 01:27:05,0,0,0
14/11/2020 01:27:06,0,0,0
14/11/2020 01:27:07,0,0,0
14/11/2020 01:27:08,0,0,0
14/11/2020 01:27:09,0,0,0
14/11/2020 01:27:10,0,0,0
14/11/2020 01:27:11,0,0,0
14/11/2020 01:27:12,0,0,0
14/11/2020 01:27:13,0,0,0
14/11/2020 01:27:14,0,0,0
14/11/2020 01:27:15,0,0,0
14/11/2020 01:27:16,0,0,0
14/11/2020 01:27:17,0,0,0
14/11/2020 01:27:18,0,0,0
14/11/2020 01:27:19,0,0,0
14/11/2020 01:27:20,0,0,0
14/11/2020 01:27:21,0,0,0
14/11/2020 01:27:22,0,0,0
14/11/2020 01:27:23,0,0,0
14/11/2020 01:27:24,0,0,0
14/11/2020 01:27:25,0,0,0
14/11/2020 01:27:26,0,0,0
14/11/2020 01:27:27,0,0,0
14/11/2020 01:27:28,0,0,0
14/11/2020 01:27:29,0,0,0
14/11/2020 01:27:30,0,0,0
14/11/2020 01:27:31,0,0,0
14/11/2020 01:27:32,0,0,0
14/11/2020 01:27:33,0,0,0
14/11/2020 01:27:34,0,0,0
14/11/2020 01:27:35,0,0,0
14/11/2020 01:27:36,0,0,0
14/11/2020 01:27:37,0,0,0
14/11/2020 01:27:38,0,0,0
14/11/2020 01:27:39,0,0,0
14/11/2020 01:27:40,0,0,0
14/11/2020 01:27:41,0,0,0
14/11/2020 01:27:42,0,0,0
14/11/2020 01:27:43,0,0,0
14/11/2020 01:27:44,0,0,0
14/11/2020 01:27:45,0,0,0
14/11/2020 01:27:46,0,0,0
14/11/2020 01:27:47,0,0,0
14/11/2020 01:27:48,0,0,0
14/11/2020 01:27:49,0,0,0
14/11/2020 01:27:50,0,0,0
14/11/2020 01:27:51,0,0,0
14/11/2020 01:27:52,0,0,0
14/11/2020 01:27:53,0,0,0
14/11/2020 01:27:54,0,0,0
14/11/2020 01:27:55,0,0,0
14/11/2020 01:27:56,0,0,0
14/11/2020 01:27:57,0,0,0
14/11/2020 01:27:58,0,0,0
14/11/2020 01:27:59,0,0,0
14/11/2020 01:28:00,0,0,0
14/11/2020 01:28:01,0,0,0
14/11/2020 01:28:02,0,0,0
14/11/2020 01:28:03,0,0,0
14/11/2020 01:28:04,0,0,0
14/11/2020 01:28:05,0,0,0
14/11/2020 01:28:06,0,0,0
14/11/2020 01:28:07,0,0,0
14/11/2020 01:28:08,0,0,0
14/11/2020 01:28:09,0,0,0
14/11/2020 01:28:10,0,0,0
14/11/2020 01:28:11,0,0,0
14/11/2020 01:28:12,0,0,0
14/11/2020 01:28:13,0,0,0
14/11/2020 01:28:14,0,0,0
14/11/2020 01:28:15,0,0,0
14/11/2020 01:28:16,0,0,0
14/11/2020 01:28:17,0,0,0
14/11/2020 01:28:18,0,0,0
14/11/2020 01:28:19,0,0,0
14/11/2020 01:28:20,0,0,0
14/11/2020 01:28:21,0,0,0
14/11/2020 01:28:22,0,0,0
14/11/2020 01:28:23,0,0,0
14/11/2020 01:28:24,0,0,0
14/11/2020 01:28:25,0,0,0
14/11/2020 01:28:26,0,0,0
14/11/2020 01:28:27,0,0,0
14/11/2020 01:28:28,0,0,0
14/11/2020 01:28:29,0,0,0
14/11/2020 01:28:30,0,0,0
14/11/2020 01:28:31,0,0,0
14/11/2020 01:28:32,0,0,0
14/11/2020 01:28:33,0,0,0
14/11/2020 01:28:34,0,0,0
14/11/2020 01:28:35,0,0,0
14/11/2020 01:28:36,0,0,0
14/11/2020 01:28:37,0,0,0
14/11/2020 01:28:38,0,0,0
14/11/2020 01:28:39,0,0,0
14/11/2020 01:28:40,0,0,0
14/11/2020 01:28:41,0,0,0
14/11/2020 01:28:42,0,0,0
14/11/2020 01:28:43,0,0,0
14/11/2020 01:28:44,0,0,0
14/11/2020 01:28:45,0,0,0
14/11/2020 01:28:46,0,0,0
14/11/2020 01:28:47,0,0,0
14/11/2020 01:28:48,0,0,0
14/11/2020 01:28:49,0,0,0
14/11/2020 01:28:50,0,0,0
14/11/2020 01:28:51,0,0,0
14/11/2020 01:28:52,0,0,0
14/11/2020 01:28:53,0,0,0
14/11/2020 01:28:54,0,0,0
14/11/2020 01:28:55,0,0,0
14/11/2020 01:28:56,0,0,0
14/11/2020 01:28:57,0,0,0
14/11/2020 01:28:58,0,0,0
14/11/2020 01:28:59,0,0,0
14/11/2020 01:29:00,0,0,0
14/11/2020 01:29:01,0,0,0
14/11/2020 01:29:02,0,0,0
14/11/2020 01:29:03,0,0,0
14/11/2020 01:29:04,0,0,0
14/11/2020 01:29:05,0,0,0
14/11/2020 01:29:06,0,0,0
14/11/2020 01:29:07,0,0,0
14/11/2020 01:29:08,0,0,0
14/11/2020 01:29:09,0,0,0
14/11/2020 01:29:10,0,0,0
14/11/2020 01:29:11,0,0,0
14/11/2020 01:29:12,0,0,0
14/11/2020 01:29:13,0,0,0
14/11/2020 01:29:14,0,0,0
14/11/2020 01:29:15,0,0,0
14/11/2020 01:29:16,0,0,0
14/11/2020 01:29:17,0,0,0
14/11/2020 01:29:18,0,0,0
14/11/2020 01:29:19,0,0,0
14/11/2020 01:29:20,0,0,0
14/11/2020 01:29:21,0,0,0
14/11/2020 01:29:22,0,0,0
14/11/2020 01:29:23,0,0,0
14/11/2020 01:29:24,0,0,0
14/11/2020 01:29:25,0,0,0
14/11/2020 01:29:26,0,0,0
14/11/2020 01:29:27,0,0,0
14/11/2020 01:29:28,0,0,0
14/11/2020 01:29:29,0,0,0
14/11/2020 01:29:30,0,0,0
14/11/2020 01:29:31,0,0,0
14/11/2020 01:29:32,0,0,0
14/11/2020 01:29:33,0,0,0
14/11/2020 01:29:34,0,0,0
14/11/2020 01:29:35,0,0,0
14/11/2020 01:29:36,0,0,0
14/11/2020 01:29:37,0,0,0
14/11/2020 01:29:38,0,0,0
14/11/2020 01:29:39,0,0,0
14/11/2020 01:29:40,0,0,0
14/11/2020 01:29:41,0,0,0
14/11/2020 01:29:42,0,0,0
14/11/2020 01:29:43,0,0,0
14/11/2020 01:29:44,0,0,0
14/11/2020 01:29:45,0,0,0
14/11/2020 01:29:46,0,0,0
14/11/2020 01:29:47,0,0,0
14/11/2020 01:29:48,0,0,0
14/11/2020 01:29:49,0,0,0
14/11/2020 01:29:50,0,0,0
14/11/2020 01:29:51,0,0,0
14/11/2020 01:29:52,0,0,0
14/11/2020 01:29:53,0,0,0
14/11/2020 01:29:54,0,0,0
14/11/2020 01:29:55,0,0,0
14/11/2020 01:29:56,0,0,0
14/11/2020 01:29:57,0,0,0
14/11/2020 01:29:58,0,0,0
14/11/2020 01:29:59,0,0,0
14/11/2020 01:30:00,0,0,0
14/11/2020 01:30:01,0,0,0
14/11/2020 01:30:02,0,0,0
14/11/2020 01:30:03,0,0,0
14/11/2020 01:30:04,0,0,0
14/11/2020 01:30:05,0,0,0
14/11/2020 01:30:06,0,0,0
14/11/2020 01:30:07,0,0,0
14/11/2020 01:30:08,0,0,0
14/11/2020 01:30:09,0,0,0
14/11/2020 01:30:10,0,0,0
14/11/2020 01:30:11,0,0,0
14/11/2020 01:30:12,0,0,0
14/11/2020 01:30:13,0,0,0
14/11/2020 01:30:14,0,0,0
14/11/2020 01:30:15,0,0,0
14/11/2020 01:30:16,0,0,0
14/11/2020 01:30:17,0,0,0
14/11/2020 01:30:18,0,0,0
14/11/2020 01:30:19,0,0,0
14/11/2020 01:30:20,0,0,0
14/11/2020 01:30:21,0,0,0
14/11/2020 01:30:22,0,0,0
14/11/2020 01:30:23,0,0,0
14/11/2020 01:30:24,0,0,0
14/11/2020 01:30:25,0,0,0
14/11/2020 01:30:26,0,0,0
14/11/2020 01:30:27,0,0,0
14/11/2020 01:30:28,0,0,0
14/11/2020 01:30:29,0,0,0
14/11/2020 01:30:30,0,0,0
14/11/2020 01:30:31,0,0,0
14/11/2020 01:30:32,0,0,0
14/11/2020 01:30:33,0,0,0
14/11/2020 01:30:34,0,0,0
14/11/2020 01:30:35,0,0,0
14/11/2020 01:30:36,0,0,0
14/11/2020 01:30:37,0,0,0
14/11/2020 01:30:38,0,0,0
14/11/2020 01:30:39,0,0,0
14/11/2020 01:30:40,0,0,0
14/11/2020 01:30:41,0,0,0
14/11/2020 01:30:42,0,0,0
14/11/2020 01:30:43,0,0,0
14/11/2020 01:30:44,0,0,0
14/11/2020 01:30:45,0,0,0
14/11/2020 01:30:46,0,0,0
14/11/2020 01:30:47,0,0,0
14/11/2020 01:30:48,0,0,0
14/11/2020 01:30:49,0,0,0
14/11/2020 01:30:50,0,0,0
14/11/2020 01:30:51,0,0,0
14/11/2020 01:30:52,0,0,0
14/11/2020 01:30:53,0,0,0
14/11/2020 01:30:54,0,0,0
14/11/2020 01:30:55,0,0,0
14/11/2020 01:30:56,0,0,0
14/11/2020 01:30:57,0,0,0
14/11/2020 01:30:58,0,0,0
14/11/2020 01:30:59,0,0,0
14/11/2020 01:31:00,0,0,0
14/11/2020 01:31:01,0,0,0
14/11/2020 01:31:02,0,0,0
14/11/2020 01:31:03,0,0,0
14/11/2020 01:31:04,0,0,0
14/11/2020 01:31:05,0,0,0
14/11/2020 01:31:06,0,0,0
14/11/2020 01:31:07,0,0,0
14/11/2020 01:31:08,0,0,0
14/11/2020 01:31:09,0,0,0
14/11/2020 01:31:10,0,0,0
14/11/2020 01:31:11,0,0,0
14/11/2020 01:31:12,0,0,0
14/11/2020 01:31:13,0,0,0
14/11/2020 01:31:14,0,0,0
14/11/2020 01:31:15,0,0,0
14/11/2020 01:31:16,0,0,0
14/11/2020 01:31:17,0,0,0
14/11/2020 01:31:18,0,0,0
14/11/2020 01:31:19,0,0,0
14/11/2020 01:31:20,0,0,0
14/11/2020 01:31:21,0,0,0
14/11/2020 01:31:22,0,0,0
14/11/2020 01:31:23,0,0,0
14/11/2020 01:31:24,0,0,0
14/11/2020 01:31:25,0,0,0
14/11/2020 01:31:26,0,0,0
14/11/2020 01:31:27,0,0,0
14/11/2020 01:31:28,0,0,0
14/11/2020 01:31:29,0,0,0
14/11/2020 01:31:30,0,0,0
14/11/2020 01:31:31,0,0,0
14/11/2020 01:31:32,0,0,0
14/11/2020 01:31:33,0,0,0
14/11/2020 01:31:34,0,0,0
14/11/2020 01:31:35,0,0,0
14/11/2020 01:31:36,0,0,0
14/11/2020 01:31:37,0,0,0
14/11/2020 01:31:38,0,0,0
14/11/2020 01:31:39,0,0,0
14/11/2020 01:31:40,0,0,0
14/11/2020 01:31:41,0,0,0
14/11/2020 01:31:42,0,0,0
14/11/2020 01:31:43,0,0,0
14/11/2020 01:31:44,0,0,0
14/11/2020 01:31:45,0,0,0
14/11/2020 01:31:46,0,0,0
14/11/2020 01:31:47,0,0,0
14/11/2020 01:31:48,0,0,0
14/11/2020 01:31:49,0,0,0
14/11/2020 01:31:50,0,0,0
14/11/2020 01:31:51,0,0,0
14/11/2020 01:31:52,0,0,0
14/11/2020 01:31:53,0,0,0
14/11/2020 01:31:54,0,0,0
14/11/2020 01:31:55,0,0,0
14/11/2020 01:31:56,0,0,0
14/11/2020 01:31:57,0,0,0
14/11/2020 01:31:58,0,0,0
14/11/2020 01:31:59,0,0,0
14/11/2020 01:32:00,0,0,0
14/11/2020 01:32:01,0,0,0
14/11/2020 01:32:02,0,0,0
14/11/2020 01:32:03,0,0,0
14/11/2020 01:32:04,0,0,0
14/11/2020 01:32:05,0,0,0
14/11/2020 01:32:06,0,0,0
14/11/2020 01:32:07,0,0,0
14/11/2020 01:32:08,0,0,0
14/11/2020 01:32:09,0,0,0
14/11/2020 01:32:10,0,0,0
14/11/2020 01:32:11,0,0,0
14/11/2020 01:32:12,0,0,0
14/11/2020 01:32:13,0,0,0
14/11/2020 01:32:14,0,0,0
14/11/2020 01:32:15,0,0,0
14/11/2020 01:32:16,0,0,0
14/11/2020 01:32:17,0,0,0
14/11/2020 01:32:18,0,0,0
14/11/2020 01:32:19,0,0,0
14/11/2020 01:32:20,0,0,0
14/11/2020 01:32:21,0,0,0
14/11/2020 01:32:22,0,0,0
14/11/2020 01:32:23,0,0,0
14/11/2020 01:32:24,0,0,0
14/11/2020 01:32:25,0,0,0
14/11/2020 01:32:26,0,0,0
14/11/2020 01:32:27,0,0,0
14/11/2020 01:32:28,0,0,0
14/11/2020 01:32:29,0,0,0
14/11/2020 01:32:30,0,0,0
14/11/2020 01:32:31,0,0,0
14/11/2020 01:32:32,0,0,0
14/11/2020 01:32:33,0,0,0
14/11/2020 01:32:34,0,0,0
14/11/2020 01:32:35,0,0,0
14/11/2020 01:32:36,0,0,0
14/11/2020 01:32:37,0,0,0
14/11/2020 01:32:38,0,0,0
14/11/2020 01:32:39,0,0,0
14/11/2020 01:32:40,0,0,0
14/11/2020 01:32:41,0,0,0
14/11/2020 01:32:42,0,0,0
14/11/2020 01:32:43,0,0,0
14/11/2020 01:32:44,0,0,0
14/11/2020 01:32:45,0,0,0
14/11/2020 01:32:46,0,0,0
14/11/2020 01:32:47,0,0,0
14/11/2020 01:32:48,0,0,0
14/11/2020 01:32:49,0,0,0
14/11/2020 01:32:50,0,0,0
14/11/2020 01:32:51,0,0,0
14/11/2020 01:32:52,0,0,0
14/11/2020 01:32:53,0,0,0
14/11/2020 01:32:54,0,0,0
14/11/2020 01:32:55,0,0,0
14/11/2020 01:32:56,0,0,0
14/11/2020 01:32:57,0,0,0
14/11/2020 01:32:58,0,0,0
14/11/2020 01:32:59,0,0,0
14/11/2020 01:33:00,0,0,0
14/11/2020 01:33:01,0,0,0
14/11/2020 01:33:02,0,0,0
14/11/2020 01:33:03,0,0,0
14/11/2020 01:33:04,0,0,0
14/11/2020 01:33:05,0,0,0
14/11/2020 01:33:06,0,0,0
14/11/2020 01:33:07,0,0,0
14/11/2020 01:33:08,0,0,0
14/11/2020 01:33:09,0,0,0
14/11/2020 01:33:10,0,0,0
14/11/2020 01:33:11,0,0,0
14/11/2020 01:33:12,0,0,0
14/11/2020 01:33:13,0,0,0
14/11/2020 01:33:14,0,0,0
14/11/2020 01:33:15,0,0,0
14/11/2020 01:33:16,0,0,0
14/11/2020 01:33:17,0,0,0
14/11/2020 01:33:18,0,0,0
14/11/2020 01:33:19,0,0,0
14/11/2020 01:33:20,0,0,0
14/11/2020 01:33:21,0,0,0
14/11/2020 01:33:22,0,0,0
14/11/2020 01:33:23,0,0,0
14/11/2020 01:33:24,0,0,0
14/11/2020 01:33:25,0,0,0
14/11/2020 01:33:26,0,0,0
14/11/2020 01:33:27,0,0,0
14/11/2020 01:33:28,0,0,0
14/11/2020 01:33:29,0,0,0
14/11/2020 01:33:30,0,0,0
14/11/2020 01:33:31,0,0,0
14/11/2020 01:33:32,0,0,0
14/11/2020 01:33:33,0,0,0
14/11/2020 01:33:34,0,0,0
14/11/2020 01:33:35,0,0,0
14/11/2020 01:33:36,0,0,0
14/11/2020 01:33:37,0,0,0
14/11/2020 01:33:38,0,0,0
14/11/2020 01:33:39,0,0,0
14/11/2020 01:33:40,0,0,0
14/11/2020 01:33:41,0,0,0
14/11/2020 01:33:42,0,0,0
14/11/2020 01:33:43,0,0,0
14/11/2020 01:33:44,0,0,0
14/11/2020 01:33:45,0,0,0
14/11/2020 01:33:46,0,0,0
14/11/2020 01:33:47,0,0,0
14/11/2020 01:33:48,0,0,0
14/11/2020 01:33:49,0,0,0
14/11/2020 01:33:50,0,0,0
14/11/2020 01:33:51,0,0,0
14/11/2020 01:33:52,0,0,0
14/11/2020 01:33:53,0,0,0
14/11/2020 01:33:54,0,0,0
14/11/2020 01:33:55,0,0,0
14/11/2020 01:33:56,0,0,0
14/11/2020 01:33:57,0,0,0
14/11/2020 01:33:58,0,0,0
14/11/2020 01:33:59,0,0,0
14/11/2020 01:34:00,0,0,0
14/11/2020 01:34:01,0,0,0
14/11/2020 01:34:02,0,0,0
14/11/2020 01:34:03,0,0,0
14/11/2020 01:34:04,0,0,0
14/11/2020 01:34:05,0,0,0
14/11/2020 01:34:06,0,0,0
14/11/2020 01:34:07,0,0,0
14/11/2020 01:34:08,0,0,0
14/11/2020 01:34:09,0,0,0
14/11/2020 01:34:10,0,0,0
14/11/2020 01:34:11,0,0,0
14/11/2020 01:34:12,0,0,0
14/11/2020 01:34:13,0,0,0
14/11/2020 01:34:14,0,0,0
14/11/2020 01:34:15,0,0,0
14/11/2020 01:34:16,0,0,0
14/11/2020 01:34:17,0,0,0
14/11/2020 01:34:18,0,0,0
14/11/2020 01:34:19,0,0,0
14/11/2020 01:34:20,0,0,0
14/11/2020 01:34:21,0,0,0
14/11/2020 01:34:22,0,0,0
14/11/2020 01:34:23,0,0,0
14/11/2020 01:34:24,0,0,0
14/11/2020 01:34:25,0,0,0
14/11/2020 01:34:26,0,0,0
14/11/2020 01:34:27,0,0,0
14/11/2020 01:34:28,0,0,0
14/11/2020 01:34:29,0,0,0
14/11/2020 01:34:30,0,0,0
14/11/2020 01:34:31,0,0,0
14/11/2020 01:34:32,0,0,0
14/11/2020 01:34:33,0,0,0
14/11/2020 01:34:34,0,0,0
14/11/2020 01:34:35,0,0,0
14/11/2020 01:34:36,0,0,0
14/11/2020 01:34:37,0,0,0
14/11/2020 01:34:38,0,0,0
14/11/2020 01:34:39,0,0,0
14/11/2020 01:34:40,0,0,0
14/11/2020 01:34:41,0,0,0
14/11/2020 01:34:42,0,0,0
14/11/2020 01:34:43,0,0,0
14/11/2020 01:34:44,0,0,0
14/11/2020 01:34:45,0,0,0
14/11/2020 01:34:46,0,0,0
14/11/2020 01:34:47,0,0,0
14/11/2020 01:34:48,0,0,0
14/11/2020 01:34:49,0,0,0
14/11/2020 01:34:50,0,0,0
14/11/2020 01:34:51,0,0,0
14/11/2020 01:34:52,0,0,0
14/11/2020 01:34:53,0,0,0
14/11/2020 01:34:54,0,0,0
14/11/2020 01:34:55,0,0,0
14/11/2020 01:34:56,0,0,0
14/11/2020 01:34:57,0,0,0
14/11/2020 01:34:58,0,0,0
14/11/2020 01:34:59,0,0,0
14/11/2020 01:35:00,0,0,0
14/11/2020 01:35:01,0,0,0
14/11/2020 01:35:02,0,0,0
14/11/2020 01:35:03,0,0,0
14/11/2020 01:35:04,0,0,0
14/11/2020 01:35:05,0,0,0
14/11/2020 01:35:06,0,0,0
14/11/2020 01:35:07,0,0,0
14/11/2020 01:35:08,0,0,0
14/11/2020 01:35:09,0,0,0
14/11/2020 01:35:10,0,0,0
14/11/2020 01:35:11,0,0,0
14/11/2020 01:35:12,0,0,0
14/11/2020 01:35:13,0,0,0
14/11/2020 01:35:14,0,0,0
14/11/2020 01:35:15,0,0,0
14/11/2020 01:35:16,0,0,0
14/11/2020 01:35:17,0,0,0
14/11/2020 01:35:18,0,0,0
14/11/2020 01:35:19,0,0,0
14/11/2020 01:35:20,0,0,0
14/11/2020 01:35:21,0,0,0
14/11/2020 01:35:22,0,0,0
14/11/2020 01:35:23,0,0,0
14/11/2020 01:35:24,0,0,0
14/11/2020 01:35:25,0,0,0
14/11/2020 01:35:26,0,0,0
14/11/2020 01:35:27,0,0,0
14/11/2020 01:35:28,0,0,0
14/11/2020 01:35:29,0,0,0
14/11/2020 01:35:30,0,0,0
14/11/2020 01:35:31,0,0,0
14/11/2020 01:35:32,0,0,0
14/11/2020 01:35:33,0,0,0
14/11/2020 01:35:34,0,0,0
14/11/2020 01:35:35,0,0,0
14/11/2020 01:35:36,0,0,0
14/11/2020 01:35:37,0,0,0
14/11/2020 01:35:38,0,0,0
14/11/2020 01:35:39,0,0,0
14/11/2020 01:35:40,0,0,0
14/11/2020 01:35:41,0,0,0
14/11/2020 01:35:42,0,0,0
14/11/2020 01:35:43,0,0,0
14/11/2020 01:35:44,0,0,0
14/11/2020 01:35:45,0,0,0
14/11/2020 01:35:46,0,0,0
14/11/2020 01:35:47,0,0,0
14/11/2020 01:35:48,0,0,0
14/11/2020 01:35:49,0,0,0
14/11/2020 01:35:50,0,0,0
14/11/2020 01:35:51,0,0,0
14/11/2020 01:35:52,0,0,0
14/11/2020 01:35:53,0,0,0
14/11/2020 01:35:54,0,0,0
14/11/2020 01:35:55,0,0,0
14/11/2020 01:35:56,0,0,0
14/11/2020 01:35:57,0,0,0
14/11/2020 01:35:58,0,0,0
14/11/2020 01:35:59,0,0,0
14/11/2020 01:36:00,0,0,0
14/11/2020 01:36:01,0,0,0
14/11/2020 01:36:02,0,0,0
14/11/2020 01:36:03,0,0,0
14/11/2020 01:36:04,0,0,0
14/11/2020 01:36:05,0,0,0
14/11/2020 01:36:06,0,0,0
14/11/2020 01:36:07,0,0,0
14/11/2020 01:36:08,0,0,0
14/11/2020 01:36:09,0,0,0
14/11/2020 01:36:10,0,0,0
14/11/2020 01:36:11,0,0,0
14/11/2020 01:36:12,0,0,0
14/11/2020 01:36:13,0,0,0
14/11/2020 01:36:14,0,0,0
14/11/2020 01:36:15,0,0,0
14/11/2020 01:36:16,0,0,0
14/11/2020 01:36:17,0,0,0
14/11/2020 01:36:18,0,0,0
14/11/2020 01:36:19,0,0,0
14/11/2020 01:36:20,0,0,0
14/11/2020 01:36:21,0,0,0
14/11/2020 01:36:22,0,0,0
14/11/2020 01:36:23,0,0,0
14/11/2020 01:36:24,0,0,0
14/11/2020 01:36:25,0,0,0
14/11/2020 01:36:26,0,0,0
14/11/2020 01:36:27,0,0,0
14/11/2020 01:36:28,0,0,0
14/11/2020 01:36:29,0,0,0
14/11/2020 01:36:30,0,0,0
14/11/2020 01:36:31,0,0,0
14/11/2020 01:36:32,0,0,0
14/11/2020 01:36:33,0,0,0
14/11/2020 01:36:34,0,0,0
14/11/2020 01:36:35,0,0,0
14/11/2020 01:36:36,0,0,0
14/11/2020 01:36:37,0,0,0
14/11/2020 01:36:38,0,0,0
14/11/2020 01:36:39,0,0,0
14/11/2020 01:36:40,0,0,0
14/11/2020 01:36:41,0,0,0
14/11/2020 01:36:42,0,0,0
14/11/2020 01:36:43,0,0,0
14/11/2020 01:36:44,0,0,0
14/11/2020 01:36:45,0,0,0
14/11/2020 01:36:46,0,0,0
14/11/2020 01:36:47,0,0,0
14/11/2020 01:36:48,0,0,0
14/11/2020 01:36:49,0,0,0
14/11/2020 01:36:50,0,0,0
14/11/2020 01:36:51,0,0,0
14/11/2020 01:36:52,0,0,0
14/11/2020 01:36:53,0,0,0
14/11/2020 01:36:54,0,0,0
14/11/2020 01:36:55,0,0,0
14/11/2020 01:36:56,0,0,0
14/11/2020 01:36:57,0,0,0
14/11/2020 01:36:58,0,0,0
14/11/2020 01:36:59,0,0,0
14/11/2020 01:37:00,0,0,0
14/11/2020 01:37:01,0,0,0
14/11/2020 01:37:02,0,0,0
14/11/2020 01:37:03,0,0,0
14/11/2020 01:37:04,0,0,0
14/11/2020 01:37:05,0,0,0
14/11/2020 01:37:06,0,0,0
14/11/2020 01:37:07,0,0,0
14/11/2020 01:37:08,0,0,0
14/11/2020 01:37:09,0,0,0
14/11/2020 01:37:10,0,0,0
14/11/2020 01:37:11,0,0,0
14/11/2020 01:37:12,0,0,0
14/11/2020 01:37:13,0,0,0
14/11/2020 01:37:14,0,0,0
14/11/2020 01:37:15,0,0,0
14/11/2020 01:37:16,0,0,0
14/11/2020 01:37:17,0,0,0
14/11/2020 01:37:18,0,0,0
14/11/2020 01:37:19,0,0,0
14/11/2020 01:37:20,0,0,0
14/11/2020 01:37:21,0,0,0
14/11/2020 01:37:22,0,0,0
14/11/2020 01:37:23,0,0,0
14/11/2020 01:37:24,0,0,0
14/11/2020 01:37:25,0,0,0
14/11/2020 01:37:26,0,0,0
14/11/2020 01:37:27,0,0,0
14/11/2020 01:37:28,0,0,0
14/11/2020 01:37:29,0,0,0
14/11/2020 01:37:30,0,0,0
14/11/2020 01:37:31,0,0,0
14/11/2020 01:37:32,0,0,0
14/11/2020 01:37:33,0,0,0
14/11/2020 01:37:34,0,0,0
14/11/2020 01:37:35,0,0,0
14/11/2020 01:37:36,0,0,0
14/11/2020 01:37:37,0,0,0
14/11/2020 01:37:38,0,0,0
14/11/2020 01:37:39,0,0,0
14/11/2020 01:37:40,0,0,0
14/11/2020 01:37:41,0,0,0
14/11/2020 01:37:42,0,0,0
14/11/2020 01:37:43,0,0,0
14/11/2020 01:37:44,0,0,0
14/11/2020 01:37:45,0,0,0
14/11/2020 01:37:46,0,0,0
14/11/2020 01:37:47,0,0,0
14/11/2020 01:37:48,0,0,0
14/11/2020 01:37:49,0,0,0
14/11/2020 01:37:50,0,0,0
14/11/2020 01:37:51,0,0,0
14/11/2020 01:37:52,0,0,0
14/11/2020 01:37:53,0,0,0
14/11/2020 01:37:54,0,0,0
14/11/2020 01:37:55,0,0,0
14/11/2020 01:37:56,0,0,0
14/11/2020 01:37:57,0,0,0
14/11/2020 01:37:58,0,0,0
14/11/2020 01:37:59,0,0,0
14/11/2020 01:38:00,0,0,0
14/11/2020 01:38:01,0,0,0
14/11/2020 01:38:02,0,0,0
14/11/2020 01:38:03,0,0,0
14/11/2020 01:38:04,0,0,0
14/11/2020 01:38:05,0,0,0
14/11/2020 01:38:06,0,0,0
14/11/2020 01:38:07,0,0,0
14/11/2020 01:38:08,0,0,0
14/11/2020 01:38:09,0,0,0
14/11/2020 01:38:10,0,0,0
14/11/2020 01:38:11,0,0,0
14/11/2020 01:38:12,0,0,0
14/11/2020 01:38:13,0,0,0
14/11/2020 01:38:14,0,0,0
14/11/2020 01:38:15,0,0,0
14/11/2020 01:38:16,0,0,0
14/11/2020 01:38:17,0,0,0
14/11/2020 01:38:18,0,0,0
14/11/2020 01:38:19,0,0,0
14/11/2020 01:38:20,0,0,0
14/11/2020 01:38:21,0,0,0
14/11/2020 01:38:22,0,0,0
14/11/2020 01:38:23,0,0,0
14/11/2020 01:38:24,0,0,0
14/11/2020 01:38:25,0,0,0
14/11/2020 01:38:26,0,0,0
14/11/2020 01:38:27,0,0,0
14/11/2020 01:38:28,0,0,0
14/11/2020 01:38:29,0,0,0
14/11/2020 01:38:30,0,0,0
14/11/2020 01:38:31,0,0,0
14/11/2020 01:38:32,0,0,0
14/11/2020 01:38:33,0,0,0
14/11/2020 01:38:34,0,0,0
14/11/2020 01:38:35,0,0,0
14/11/2020 01:38:36,0,0,0
14/11/2020 01:38:37,0,0,0
14/11/2020 01:38:38,0,0,0
14/11/2020 01:38:39,0,0,0
14/11/2020 01:38:40,0,0,0
14/11/2020 01:38:41,0,0,0
14/11/2020 01:38:42,0,0,0
14/11/2020 01:38:43,0,0,0
14/11/2020 01:38:44,0,0,0
14/11/2020 01:38:45,0,0,0
14/11/2020 01:38:46,0,0,0
14/11/2020 01:38:47,0,0,0
14/11/2020 01:38:48,0,0,0
14/11/2020 01:38:49,0,0,0
14/11/2020 01:38:50,0,0,0
14/11/2020 01:38:51,0,0,0
14/11/2020 01:38:52,0,0,0
14/11/2020 01:38:53,0,0,0
14/11/2020 01:38:54,0,0,0
14/11/2020 01:38:55,0,0,0
14/11/2020 01:38:56,0,0,0
14/11/2020 01:38:57,0,0,0
14/11/2020 01:38:58,0,0,0
14/11/2020 01:38:59,0,0,0
14/11/2020 01:39:00,0,0,0
14/11/2020 01:39:01,0,0,0
14/11/2020 01:39:02,0,0,0
14/11/2020 01:39:03,0,0,0
14/11/2020 01:39:04,0,0,0
14/11/2020 01:39:05,0,0,0
14/11/2020 01:39:06,0,0,0
14/11/2020 01:39:07,0,0,0
14/11/2020 01:39:08,0,0,0
14/11/2020 01:39:09,0,0,0
14/11/2020 01:39:10,0,0,0
14/11/2020 01:39:11,0,0,0
14/11/2020 01:39:12,0,0,0
14/11/2020 01:39:13,0,0,0
14/11/2020 01:39:14,0,0,0
14/11/2020 01:39:15,0,0,0
14/11/2020 01:39:16,0,0,0
14/11/2020 01:39:17,0,0,0
14/11/2020 01:39:18,0,0,0
14/11/2020 01:39:19,0,0,0
14/11/2020 01:39:20,0,0,0
14/11/2020 01:39:21,0,0,0
14/11/2020 01:39:22,0,0,0
14/11/2020 01:39:23,0,0,0
14/11/2020 01:39:24,0,0,0
14/11/2020 01:39:25,0,0,0
14/11/2020 01:39:26,0,0,0
14/11/2020 01:39:27,0,0,0
14/11/2020 01:39:28,0,0,0
14/11/2020 01:39:29,0,0,0
14/11/2020 01:39:30,0,0,0
14/11/2020 01:39:31,0,0,0
14/11/2020 01:39:32,0,0,0
14/11/2020 01:39:33,0,0,0
14/11/2020 01:39:34,0,0,0
14/11/2020 01:39:35,0,0,0
14/11/2020 01:39:36,0,0,0
14/11/2020 01:39:37,0,0,0
14/11/2020 01:39:38,0,0,0
14/11/2020 01:39:39,0,0,0
14/11/2020 01:39:40,0,0,0
14/11/2020 01:39:41,0,0,0
14/11/2020 01:39:42,0,0,0
14/11/2020 01:39:43,0,0,0
14/11/2020 01:39:44,0,0,0
14/11/2020 01:39:45,0,0,0
14/11/2020 01:39:46,0,0,0
14/11/2020 01:39:47,0,0,0
14/11/2020 01:39:48,0,0,0
14/11/2020 01:39:49,0,0,0
14/11/2020 01:39:50,0,0,0
14/11/2020 01:39:51,0,0,0
14/11/2020 01:39:52,0,0,0
14/11/2020 01:39:53,0,0,0
14/11/2020 01:39:54,0,0,0
14/11/2020 01:39:55,0,0,0
14/11/2020 01:39:56,0,0,0
14/11/2020 01:39:57,0,0,0
14/11/2020 01:39:58,0,0,0
14/11/2020 01:39:59,0,0,0
14/11/2020 01:40:00,0,0,0
14/11/2020 01:40:01,0,0,0
14/11/2020 01:40:02,0,0,0
14/11/2020 01:40:03,0,0,0
14/11/2020 01:40:04,0,0,0
14/11/2020 01:40:05,0,0,0
14/11/2020 01:40:06,0,0,0
14/11/2020 01:40:07,0,0,0
14/11/2020 01:40:08,0,0,0
14/11/2020 01:40:09,0,0,0
14/11/2020 01:40:10,0,0,0
14/11/2020 01:40:11,0,0,0
14/11/2020 01:40:12,0,0,0
14/11/2020 01:40:13,0,0,0
14/11/2020 01:40:14,0,0,0
14/11/2020 01:40:15,0,0,0
14/11/2020 01:40:16,0,0,0
14/11/2020 01:40:17,0,0,0
14/11/2020 01:40:18,0,0,0
14/11/2020 01:40:19,0,0,0
14/11/2020 01:40:20,0,0,0
14/11/2020 01:40:21,0,0,0
14/11/2020 01:40:22,0,0,0
14/11/2020 01:40:23,0,0,0
14/11/2020 01:40:24,0,0,0
14/11/2020 01:40:25,0,0,0
14/11/2020 01:40:26,0,0,0
14/11/2020 01:40:27,0,0,0
14/11/2020 01:40:28,0,0,0
14/11/2020 01:40:29,0,0,0
14/11/2020 01:40:30,0,0,0
14/11/2020 01:40:31,0,0,0
14/11/2020 01:40:32,0,0,0
14/11/2020 01:40:33,0,0,0
14/11/2020 01:40:34,0,0,0
14/11/2020 01:40:35,0,0,0
14/11/2020 01:40:36,0,0,0
14/11/2020 01:40:37,0,0,0
14/11/2020 01:40:38,0,0,0
14/11/2020 01:40:39,0,0,0
14/11/2020 01:40:40,0,0,0
14/11/2020 01:40:41,0,0,0
14/11/2020 01:40:42,0,0,0
14/11/2020 01:40:43,0,0,0
14/11/2020 01:40:44,0,0,0
14/11/2020 01:40:45,0,0,0
14/11/2020 01:40:46,0,0,0
14/11/2020 01:40:47,0,0,0
14/11/2020 01:40:48,0,0,0
14/11/2020 01:40:49,0,0,0
14/11/2020 01:40:50,0,0,0
14/11/2020 01:40:51,0,0,0
14/11/2020 01:40:52,0,0,0
14/11/2020 01:40:53,0,0,0
14/11/2020 01:40:54,0,0,0
14/11/2020 01:40:55,0,0,0
14/11/2020 01:40:56,0,0,0
14/11/2020 01:40:57,0,0,0
14/11/2020 01:40:58,0,0,0
14/11/2020 01:40:59,0,0,0
14/11/2020 01:41:00,0,0,0
14/11/2020 01:41:01,0,0,0
14/11/2020 01:41:02,0,0,0
14/11/2020 01:41:03,0,0,0
14/11/2020 01:41:04,0,0,0
14/11/2020 01:41:05,0,0,0
14/11/2020 01:41:06,0,0,0
14/11/2020 01:41:07,0,0,0
14/11/2020 01:41:08,0,0,0
14/11/2020 01:41:09,0,0,0
14/11/2020 01:41:10,0,0,0
14/11/2020 01:41:11,0,0,0
14/11/2020 01:41:12,0,0,0
14/11/2020 01:41:13,0,0,0
14/11/2020 01:41:14,0,0,0
14/11/2020 01:41:15,0,0,0
14/11/2020 01:41:16,0,0,0
14/11/2020 01:41:17,0,0,0
14/11/2020 01:41:18,0,0,0
14/11/2020 01:41:19,0,0,0
14/11/2020 01:41:20,0,0,0
14/11/2020 01:41:21,0,0,0
14/11/2020 01:41:22,0,0,0
14/11/2020 01:41:23,0,0,0
14/11/2020 01:41:24,0,0,0
14/11/2020 01:41:25,0,0,0
14/11/2020 01:41:26,0,0,0
14/11/2020 01:41:27,0,0,0
14/11/2020 01:41:28,0,0,0
14/11/2020 01:41:29,0,0,0
14/11/2020 01:41:30,0,0,0
14/11/2020 01:41:31,0,0,0
14/11/2020 01:41:32,0,0,0
14/11/2020 01:41:33,0,0,0
14/11/2020 01:41:34,0,0,0
14/11/2020 01:41:35,0,0,0
14/11/2020 01:41:36,0,0,0
14/11/2020 01:41:37,0,0,0
14/11/2020 01:41:38,0,0,0
14/11/2020 01:41:39,0,0,0
14/11/2020 01:41:40,0,0,0
14/11/2020 01:41:41,0,0,0
14/11/2020 01:41:42,0,0,0
14/11/2020 01:41:43,0,0,0
14/11/2020 01:41:44,0,0,0
14/11/2020 01:41:45,0,0,0
14/11/2020 01:41:46,0,0,0
14/11/2020 01:41:47,0,0,0
14/11/2020 01:41:48,0,0,0
14/11/2020 01:41:49,0,0,0
14/11/2020 01:41:50,0,0,0
14/11/2020 01:41:51,0,0,0
14/11/2020 01:41:52,0,0,0
14/11/2020 01:41:53,0,0,0
14/11/2020 01:41:54,0,0,0
14/11/2020 01:41:55,0,0,0
14/11/2020 01:41:56,0,0,0
14/11/2020 01:41:57,0,0,0
14/11/2020 01:41:58,0,0,0
14/11/2020 01:41:59,0,0,0
14/11/2020 01:42:00,0,0,0
14/11/2020 01:42:01,0,0,0
14/11/2020 01:42:02,0,0,0
14/11/2020 01:42:03,0,0,0
14/11/2020 01:42:04,0,0,0
14/11/2020 01:42:05,0,0,0
14/11/2020 01:42:06,0,0,0
14/11/2020 01:42:07,0,0,0
14/11/2020 01:42:08,0,0,0
14/11/2020 01:42:09,0,0,0
14/11/2020 01:42:10,0,0,0
14/11/2020 01:42:11,0,0,0
14/11/2020 01:42:12,0,0,0
14/11/2020 01:42:13,0,0,0
14/11/2020 01:42:14,0,0,0
14/11/2020 01:42:15,0,0,0
14/11/2020 01:42:16,0,0,0
14/11/2020 01:42:17,0,0,0
14/11/2020 01:42:18,0,0,0
14/11/2020 01:42:19,0,0,0
14/11/2020 01:42:20,0,0,0
14/11/2020 01:42:21,0,0,0
14/11/2020 01:42:22,0,0,0
14/11/2020 01:42:23,0,0,0
14/11/2020 01:42:24,0,0,0
14/11/2020 01:42:25,0,0,0
14/11/2020 01:42:26,0,0,0
14/11/2020 01:42:27,0,0,0
14/11/2020 01:42:28,0,0,0
14/11/2020 01:42:29,0,0,0
14/11/2020 01:42:30,0,0,0
14/11/2020 01:42:31,0,0,0
14/11/2020 01:42:32,0,0,0
14/11/2020 01:42:33,0,0,0
14/11/2020 01:42:34,0,0,0
14/11/2020 01:42:35,0,0,0
14/11/2020 01:42:36,0,0,0
14/11/2020 01:42:37,0,0,0
14/11/2020 01:42:38,0,0,0
14/11/2020 01:42:39,0,0,0
14/11/2020 01:42:40,0,0,0
14/11/2020 01:42:41,0,0,0
14/11/2020 01:42:42,0,0,0
14/11/2020 01:42:43,0,0,0
14/11/2020 01:42:44,0,0,0
14/11/2020 01:42:45,0,0,0
14/11/2020 01:42:46,0,0,0
14/11/2020 01:42:47,0,0,0
14/11/2020 01:42:48,0,0,0
14/11/2020 01:42:49,0,0,0
14/11/2020 01:42:50,0,0,0
14/11/2020 01:42:51,0,0,0
14/11/2020 01:42:52,0,0,0
14/11/2020 01:42:53,0,0,0
14/11/2020 01:42:54,0,0,0
14/11/2020 01:42:55,0,0,0
14/11/2020 01:42:56,0,0,0
14/11/2020 01:42:57,0,0,0
14/11/2020 01:42:58,0,0,0
14/11/2020 01:42:59,0,0,0
14/11/2020 01:43:00,0,0,0
14/11/2020 01:43:01,0,0,0
14/11/2020 01:43:02,0,0,0
14/11/2020 01:43:03,0,0,0
14/11/2020 01:43:04,0,0,0
14/11/2020 01:43:05,0,0,0
14/11/2020 01:43:06,0,0,0
14/11/2020 01:43:07,0,0,0
14/11/2020 01:43:08,0,0,0
14/11/2020 01:43:09,0,0,0
14/11/2020 01:43:10,0,0,0
14/11/2020 01:43:11,0,0,0
14/11/2020 01:43:12,0,0,0
14/11/2020 01:43:13,0,0,0
14/11/2020 01:43:14,0,0,0
14/11/2020 01:43:15,0,0,0
14/11/2020 01:43:16,0,0,0
14/11/2020 01:43:17,0,0,0
14/11/2020 01:43:18,0,0,0
14/11/2020 01:43:19,0,0,0
14/11/2020 01:43:20,0,0,0
14/11/2020 01:43:21,0,0,0
14/11/2020 01:43:22,0,0,0
14/11/2020 01:43:23,0,0,0
14/11/2020 01:43:24,0,0,0
14/11/2020 01:43:25,0,0,0
14/11/2020 01:43:26,0,0,0
14/11/2020 01:43:27,0,0,0
14/11/2020 01:43:28,0,0,0
14/11/2020 01:43:29,0,0,0
14/11/2020 01:43:30,0,0,0
14/11/2020 01:43:31,0,0,0
14/11/2020 01:43:32,0,0,0
14/11/2020 01:43:33,0,0,0
14/11/2020 01:43:34,0,0,0
14/11/2020 01:43:35,0,0,0
14/11/2020 01:43:36,0,0,0
14/11/2020 01:43:37,0,0,0
14/11/2020 01:43:38,0,0,0
14/11/2020 01:43:39,0,0,0
14/11/2020 01:43:40,0,0,0
14/11/2020 01:43:41,0,0,0
14/11/2020 01:43:42,0,0,0
14/11/2020 01:43:43,0,0,0
14/11/2020 01:43:44,0,0,0
14/11/2020 01:43:45,0,0,0
14/11/2020 01:43:46,0,0,0
14/11/2020 01:43:47,0,0,0
14/11/2020 01:43:48,0,0,0
14/11/2020 01:43:49,0,0,0
14/11/2020 01:43:50,0,0,0
14/11/2020 01:43:51,0,0,0
14/11/2020 01:43:52,0,0,0
14/11/2020 01:43:53,0,0,0
14/11/2020 01:43:54,0,0,0
14/11/2020 01:43:55,0,0,0
14/11/2020 01:43:56,0,0,0
14/11/2020 01:43:57,0,0,0
14/11/2020 01:43:58,0,0,0
14/11/2020 01:43:59,0,0,0
14/11/2020 01:44:00,0,0,0
14/11/2020 01:44:01,0,0,0
14/11/2020 01:44:02,0,0,0
14/11/2020 01:44:03,0,0,0
14/11/2020 01:44:04,0,0,0
14/11/2020 01:44:05,0,0,0
14/11/2020 01:44:06,0,0,0
14/11/2020 01:44:07,0,0,0
14/11/2020 01:44:08,0,0,0
14/11/2020 01:44:09,0,0,0
14/11/2020 01:44:10,0,0,0
14/11/2020 01:44:11,0,0,0
14/11/2020 01:44:12,0,0,0
14/11/2020 01:44:13,0,0,0
14/11/2020 01:44:14,0,0,0
14/11/2020 01:44:15,0,0,0
14/11/2020 01:44:16,0,0,0
14/11/2020 01:44:17,0,0,0
14/11/2020 01:44:18,0,0,0
14/11/2020 01:44:19,0,0,0
14/11/2020 01:44:20,0,0,0
14/11/2020 01:44:21,0,0,0
14/11/2020 01:44:22,0,0,0
14/11/2020 01:44:23,0,0,0
14/11/2020 01:44:24,0,0,0
14/11/2020 01:44:25,0,0,0
14/11/2020 01:44:26,0,0,0
14/11/2020 01:44:27,0,0,0
14/11/2020 01:44:28,0,0,0
14/11/2020 01:44:29,0,0,0
14/11/2020 01:44:30,0,0,0
14/11/2020 01:44:31,0,0,0
14/11/2020 01:44:32,0,0,0
14/11/2020 01:44:33,0,0,0
14/11/2020 01:44:34,0,0,0
14/11/2020 01:44:35,0,0,0
14/11/2020 01:44:36,0,0,0
14/11/2020 01:44:37,0,0,0
14/11/2020 01:44:38,0,0,0
14/11/2020 01:44:39,0,0,0
14/11/2020 01:44:40,0,0,0
14/11/2020 01:44:41,0,0,0
14/11/2020 01:44:42,0,0,0
14/11/2020 01:44:43,0,0,0
14/11/2020 01:44:44,0,0,0
14/11/2020 01:44:45,0,0,0
14/11/2020 01:44:46,0,0,0
14/11/2020 01:44:47,0,0,0
14/11/2020 01:44:48,0,0,0
14/11/2020 01:44:49,0,0,0
14/11/2020 01:44:50,0,0,0
14/11/2020 01:44:51,0,0,0
14/11/2020 01:44:52,0,0,0
14/11/2020 01:44:53,0,0,0
14/11/2020 01:44:54,0,0,0
14/11/2020 01:44:55,0,0,0
14/11/2020 01:44:56,0,0,0
14/11/2020 01:44:57,0,0,0
14/11/2020 01:44:58,0,0,0
14/11/2020 01:44:59,0,0,0
14/11/2020 01:45:00,0,0,0
14/11/2020 01:45:01,0,0,0
14/11/2020 01:45:02,0,0,0
14/11/2020 01:45:03,0,0,0
14/11/2020 01:45:04,0,0,0
14/11/2020 01:45:05,0,0,0
14/11/2020 01:45:06,0,0,0
14/11/2020 01:45:07,0,0,0
14/11/2020 01:45:08,0,0,0
14/11/2020 01:45:09,0,0,0
14/11/2020 01:45:10,0,0,0
14/11/2020 01:45:11,0,0,0
14/11/2020 01:45:12,0,0,0
14/11/2020 01:45:13,0,0,0
14/11/2020 01:45:14,0,0,0
14/11/2020 01:45:15,0,0,0
14/11/2020 01:45:16,0,0,0
14/11/2020 01:45:17,0,0,0
14/11/2020 01:45:18,0,0,0
14/11/2020 01:45:19,0,0,0
14/11/2020 01:45:20,0,0,0
14/11/2020 01:45:21,0,0,0
14/11/2020 01:45:22,0,0,0
14/11/2020 01:45:23,0,0,0
14/11/2020 01:45:24,0,0,0
14/11/2020 01:45:25,0,0,0
14/11/2020 01:45:26,0,0,0
14/11/2020 01:45:27,0,0,0
14/11/2020 01:45:28,0,0,0
14/11/2020 01:45:29,0,0,0
14/11/2020 01:45:30,0,0,0
14/11/2020 01:45:31,0,0,0
14/11/2020 01:45:32,0,0,0
14/11/2020 01:45:33,0,0,0
14/11/2020 01:45:34,0,0,0
14/11/2020 01:45:35,0,0,0
14/11/2020 01:45:36,0,0,0
14/11/2020 01:45:37,0,0,0
14/11/2020 01:45:38,0,0,0
14/11/2020 01:45:39,0,0,0
14/11/2020 01:45:40,0,0,0
14/11/2020 01:45:41,0,0,0
14/11/2020 01:45:42,0,0,0
14/11/2020 01:45:43,0,0,0
14/11/2020 01:45:44,0,0,0
14/11/2020 01:45:45,0,0,0
14/11/2020 01:45:46,0,0,0
14/11/2020 01:45:47,0,0,0
14/11/2020 01:45:48,0,0,0
14/11/2020 01:45:49,0,0,0
14/11/2020 01:45:50,0,0,0
14/11/2020 01:45:51,0,0,0
14/11/2020 01:45:52,0,0,0
14/11/2020 01:45:53,0,0,0
14/11/2020 01:45:54,0,0,0
14/11/2020 01:45:55,0,0,0
14/11/2020 01:45:56,0,0,0
14/11/2020 01:45:57,0,0,0
14/11/2020 01:45:58,0,0,0
14/11/2020 01:45:59,0,0,0
14/11/2020 01:46:00,0,0,0
14/11/2020 01:46:01,0,0,0
14/11/2020 01:46:02,0,0,0
14/11/2020 01:46:03,0,0,0
14/11/2020 01:46:04,0,0,0
14/11/2020 01:46:05,0,0,0
14/11/2020 01:46:06,0,0,0
14/11/2020 01:46:07,0,0,0
14/11/2020 01:46:08,0,0,0
14/11/2020 01:46:09,0,0,0
14/11/2020 01:46:10,0,0,0
14/11/2020 01:46:11,0,0,0
14/11/2020 01:46:12,0,0,0
14/11/2020 01:46:13,0,0,0
14/11/2020 01:46:14,0,0,0
14/11/2020 01:46:15,0,0,0
14/11/2020 01:46:16,0,0,0
14/11/2020 01:46:17,0,0,0
14/11/2020 01:46:18,0,0,0
14/11/2020 01:46:19,0,0,0
14/11/2020 01:46:20,0,0,0
14/11/2020 01:46:21,0,0,0
14/11/2020 01:46:22,0,0,0
14/11/2020 01:46:23,0,0,0
14/11/2020 01:46:24,0,0,0
14/11/2020 01:46:25,0,0,0
14/11/2020 01:46:26,0,0,0
14/11/2020 01:46:27,0,0,0
14/11/2020 01:46:28,0,0,0
14/11/2020 01:46:29,0,0,0
14/11/2020 01:46:30,0,0,0
14/11/2020 01:46:31,0,0,0
14/11/2020 01:46:32,0,0,0
14/11/2020 01:46:33,0,0,0
14/11/2020 01:46:34,0,0,0
14/11/2020 01:46:35,0,0,0
14/11/2020 01:46:36,0,0,0
14/11/2020 01:46:37,0,0,0
14/11/2020 01:46:38,0,0,0
14/11/2020 01:46:39,0,0,0
14/11/2020 01:46:40,0,0,0
14/11/2020 01:46:41,0,0,0
14/11/2020 01:46:42,0,0,0
14/11/2020 01:46:43,0,0,0
14/11/2020 01:46:44,0,0,0
14/11/2020 01:46:45,0,0,0
14/11/2020 01:46:46,0,0,0
14/11/2020 01:46:47,0,0,0
14/11/2020 01:46:48,0,0,0
14/11/2020 01:46:49,0,0,0
14/11/2020 01:46:50,0,0,0
14/11/2020 01:46:51,0,0,0
14/11/2020 01:46:52,0,0,0
14/11/2020 01:46:53,0,0,0
14/11/2020 01:46:54,0,0,0
14/11/2020 01:46:55,0,0,0
14/11/2020 01:46:56,0,0,0
14/11/2020 01:46:57,0,0,0
14/11/2020 01:46:58,0,0,0
14/11/2020 01:46:59,0,0,0
14/11/2020 01:47:00,0,0,0
14/11/2020 01:47:01,0,0,0
14/11/2020 01:47:02,0,0,0
14/11/2020 01:47:03,0,0,0
14/11/2020 01:47:04,0,0,0
14/11/2020 01:47:05,0,0,0
14/11/2020 01:47:06,0,0,0
14/11/2020 01:47:07,0,0,0
14/11/2020 01:47:08,0,0,0
14/11/2020 01:47:09,0,0,0
14/11/2020 01:47:10,0,0,0
14/11/2020 01:47:11,0,0,0
14/11/2020 01:47:12,0,0,0
14/11/2020 01:47:13,0,0,0
14/11/2020 01:47:14,0,0,0
14/11/2020 01:47:15,0,0,0
14/11/2020 01:47:16,0,0,0
14/11/2020 01:47:17,0,0,0
14/11/2020 01:47:18,0,0,0
14/11/2020 01:47:19,0,0,0
14/11/2020 01:47:20,0,0,0
14/11/2020 01:47:21,0,0,0
14/11/2020 01:47:22,0,0,0
14/11/2020 01:47:23,0,0,0
14/11/2020 01:47:24,0,0,0
14/11/2020 01:47:25,0,0,0
14/11/2020 01:47:26,0,0,0
14/11/2020 01:47:27,0,0,0
14/11/2020 01:47:28,0,0,0
14/11/2020 01:47:29,0,0,0
14/11/2020 01:47:30,0,0,0
14/11/2020 01:47:31,0,0,0
14/11/2020 01:47:32,0,0,0
14/11/2020 01:47:33,0,0,0
14/11/2020 01:47:34,0,0,0
14/11/2020 01:47:35,0,0,0
14/11/2020 01:47:36,0,0,0
14/11/2020 01:47:37,0,0,0
14/11/2020 01:47:38,0,0,0
14/11/2020 01:47:39,0,0,0
14/11/2020 01:47:40,0,0,0
14/11/2020 01:47:41,0,0,0
14/11/2020 01:47:42,0,0,0
14/11/2020 01:47:43,0,0,0
14/11/2020 01:47:44,0,0,0
14/11/2020 01:47:45,0,0,0
14/11/2020 01:47:46,0,0,0
14/11/2020 01:47:47,0,0,0
14/11/2020 01:47:48,0,0,0
14/11/2020 01:47:49,0,0,0
14/11/2020 01:47:50,0,0,0
14/11/2020 01:47:51,0,0,0
14/11/2020 01:47:52,0,0,0
14/11/2020 01:47:53,0,0,0
14/11/2020 01:47:54,0,0,0
14/11/2020 01:47:55,0,0,0
14/11/2020 01:47:56,0,0,0
14/11/2020 01:47:57,0,0,0
14/11/2020 01:47:58,0,0,0
14/11/2020 01:47:59,0,0,0
14/11/2020 01:48:00,0,0,0
14/11/2020 01:48:01,0,0,0
14/11/2020 01:48:02,0,0,0
14/11/2020 01:48:03,0,0,0
14/11/2020 01:48:04,0,0,0
14/11/2020 01:48:05,0,0,0
14/11/2020 01:48:06,0,0,0
14/11/2020 01:48:07,0,0,0
14/11/2020 01:48:08,0,0,0
14/11/2020 01:48:09,0,0,0
14/11/2020 01:48:10,0,0,0
14/11/2020 01:48:11,0,0,0
14/11/2020 01:48:12,0,0,0
14/11/2020 01:48:13,0,0,0
14/11/2020 01:48:14,0,0,0
14/11/2020 01:48:15,0,0,0
14/11/2020 01:48:16,0,0,0
14/11/2020 01:48:17,0,0,0
14/11/2020 01:48:18,0,0,0
14/11/2020 01:48:19,0,0,0
14/11/2020 01:48:20,0,0,0
14/11/2020 01:48:21,0,0,0
14/11/2020 01:48:22,0,0,0
14/11/2020 01:48:23,0,0,0
14/11/2020 01:48:24,0,0,0
14/11/2020 01:48:25,0,0,0
14/11/2020 01:48:26,0,0,0
14/11/2020 01:48:27,0,0,0
14/11/2020 01:48:28,0,0,0
14/11/2020 01:48:29,0,0,0
14/11/2020 01:48:30,0,0,0
14/11/2020 01:48:31,0,0,0
14/11/2020 01:48:32,0,0,0
14/11/2020 01:48:33,0,0,0
14/11/2020 01:48:34,0,0,0
14/11/2020 01:48:35,0,0,0
14/11/2020 01:48:36,0,0,0
14/11/2020 01:48:37,0,0,0
14/11/2020 01:48:38,0,0,0
14/11/2020 01:48:39,0,0,0
14/11/2020 01:48:40,0,0,0
14/11/2020 01:48:41,0,0,0
14/11/2020 01:48:42,0,0,0
14/11/2020 01:48:43,0,0,0
14/11/2020 01:48:44,0,0,0
14/11/2020 01:48:45,0,0,0
14/11/2020 01:48:46,0,0,0
14/11/2020 01:48:47,0,0,0
14/11/2020 01:48:48,0,0,0
14/11/2020 01:48:49,0,0,0
14/11/2020 01:48:50,0,0,0
14/11/2020 01:48:51,0,0,0
14/11/2020 01:48:52,0,0,0
14/11/2020 01:48:53,0,0,0
14/11/2020 01:48:54,0,0,0
14/11/2020 01:48:55,0,0,0
14/11/2020 01:48:56,0,0,0
14/11/2020 01:48:57,0,0,0
14/11/2020 01:48:58,0,0,0
14/11/2020 01:48:59,0,0,0
14/11/2020 01:49:00,0,0,0
14/11/2020 01:49:01,0,0,0
14/11/2020 01:49:02,0,0,0
14/11/2020 01:49:03,0,0,0
14/11/2020 01:49:04,0,0,0
14/11/2020 01:49:05,0,0,0
14/11/2020 01:49:06,0,0,0
14/11/2020 01:49:07,0,0,0
14/11/2020 01:49:08,0,0,0
14/11/2020 01:49:09,0,0,0
14/11/2020 01:49:10,0,0,0
14/11/2020 01:49:11,0,0,0
14/11/2020 01:49:12,0,0,0
14/11/2020 01:49:13,0,0,0
14/11/2020 01:49:14,0,0,0
14/11/2020 01:49:15,0,0,0
14/11/2020 01:49:16,0,0,0
14/11/2020 01:49:17,0,0,0
14/11/2020 01:49:18,0,0,0
14/11/2020 01:49:19,0,0,0
14/11/2020 01:49:20,0,0,0
14/11/2020 01:49:21,0,0,0
14/11/2020 01:49:22,0,0,0
14/11/2020 01:49:23,0,0,0
14/11/2020 01:49:24,0,0,0
14/11/2020 01:49:25,0,0,0
14/11/2020 01:49:26,0,0,0
14/11/2020 01:49:27,0,0,0
14/11/2020 01:49:28,0,0,0
14/11/2020 01:49:29,0,0,0
14/11/2020 01:49:30,0,0,0
14/11/2020 01:49:31,0,0,0
14/11/2020 01:49:32,0,0,0
14/11/2020 01:49:33,0,0,0
14/11/2020 01:49:34,0,0,0
14/11/2020 01:49:35,0,0,0
14/11/2020 01:49:36,0,0,0
14/11/2020 01:49:37,0,0,0
14/11/2020 01:49:38,0,0,0
14/11/2020 01:49:39,0,0,0
14/11/2020 01:49:40,0,0,0
14/11/2020 01:49:41,0,0,0
14/11/2020 01:49:42,0,0,0
14/11/2020 01:49:43,0,0,0
14/11/2020 01:49:44,0,0,0
14/11/2020 01:49:45,0,0,0
14/11/2020 01:49:46,0,0,0
14/11/2020 01:49:47,0,0,0
14/11/2020 01:49:48,0,0,0
14/11/2020 01:49:49,0,0,0
14/11/2020 01:49:50,0,0,0
14/11/2020 01:49:51,0,0,0
14/11/2020 01:49:52,0,0,0
14/11/2020 01:49:53,0,0,0
14/11/2020 01:49:54,0,0,0
14/11/2020 01:49:55,0,0,0
14/11/2020 01:49:56,0,0,0
14/11/2020 01:49:57,0,0,0
14/11/2020 01:49:58,0,0,0
14/11/2020 01:49:59,0,0,0
14/11/2020 01:50:00,0,0,0
14/11/2020 01:50:01,0,0,0
14/11/2020 01:50:02,0,0,0
14/11/2020 01:50:03,0,0,0
14/11/2020 01:50:04,0,0,0
14/11/2020 01:50:05,0,0,0
14/11/2020 01:50:06,0,0,0
14/11/2020 01:50:07,0,0,0
14/11/2020 01:50:08,0,0,0
14/11/2020 01:50:09,0,0,0
14/11/2020 01:50:10,0,0,0
14/11/2020 01:50:11,0,0,0
14/11/2020 01:50:12,0,0,0
14/11/2020 01:50:13,0,0,0
14/11/2020 01:50:14,0,0,0
14/11/2020 01:50:15,0,0,0
14/11/2020 01:50:16,0,0,0
14/11/2020 01:50:17,0,0,0
14/11/2020 01:50:18,0,0,0
14/11/2020 01:50:19,0,0,0
14/11/2020 01:50:20,0,0,0
14/11/2020 01:50:21,0,0,0
14/11/2020 01:50:22,0,0,0
14/11/2020 01:50:23,0,0,0
14/11/2020 01:50:24,0,0,0
14/11/2020 01:50:25,0,0,0
14/11/2020 01:50:26,0,0,0
14/11/2020 01:50:27,0,0,0
14/11/2020 01:50:28,0,0,0
14/11/2020 01:50:29,0,0,0
14/11/2020 01:50:30,0,0,0
14/11/2020 01:50:31,0,0,0
14/11/2020 01:50:32,0,0,0
14/11/2020 01:50:33,0,0,0
14/11/2020 01:50:34,0,0,0
14/11/2020 01:50:35,0,0,0
14/11/2020 01:50:36,0,0,0
14/11/2020 01:50:37,0,0,0
14/11/2020 01:50:38,0,0,0
14/11/2020 01:50:39,0,0,0
14/11/2020 01:50:40,0,0,0
14/11/2020 01:50:41,0,0,0
14/11/2020 01:50:42,0,0,0
14/11/2020 01:50:43,0,0,0
14/11/2020 01:50:44,0,0,0
14/11/2020 01:50:45,0,0,0
14/11/2020 01:50:46,0,0,0
14/11/2020 01:50:47,0,0,0
14/11/2020 01:50:48,0,0,0
14/11/2020 01:50:49,0,0,0
14/11/2020 01:50:50,0,0,0
14/11/2020 01:50:51,0,0,0
14/11/2020 01:50:52,0,0,0
14/11/2020 01:50:53,0,0,0
14/11/2020 01:50:54,0,0,0
14/11/2020 01:50:55,0,0,0
14/11/2020 01:50:56,0,0,0
14/11/2020 01:50:57,0,0,0
14/11/2020 01:50:58,0,0,0
14/11/2020 01:50:59,0,0,0
14/11/2020 01:51:00,0,0,0
14/11/2020 01:51:01,0,0,0
14/11/2020 01:51:02,0,0,0
14/11/2020 01:51:03,0,0,0
14/11/2020 01:51:04,0,0,0
14/11/2020 01:51:05,0,0,0
14/11/2020 01:51:06,0,0,0
14/11/2020 01:51:07,0,0,0
14/11/2020 01:51:08,0,0,0
14/11/2020 01:51:09,0,0,0
14/11/2020 01:51:10,0,0,0
14/11/2020 01:51:11,0,0,0
14/11/2020 01:51:12,0,0,0
14/11/2020 01:51:13,0,0,0
14/11/2020 01:51:14,0,0,0
14/11/2020 01:51:15,0,0,0
14/11/2020 01:51:16,0,0,0
14/11/2020 01:51:17,0,0,0
14/11/2020 01:51:18,0,0,0
14/11/2020 01:51:19,0,0,0
14/11/2020 01:51:20,0,0,0
14/11/2020 01:51:21,0,0,0
14/11/2020 01:51:22,0,0,0
14/11/2020 01:51:23,0,0,0
14/11/2020 01:51:24,0,0,0
14/11/2020 01:51:25,0,0,0
14/11/2020 01:51:26,0,0,0
14/11/2020 01:51:27,0,0,0
14/11/2020 01:51:28,0,0,0
14/11/2020 01:51:29,0,0,0
14/11/2020 01:51:30,0,0,0
14/11/2020 01:51:31,0,0,0
14/11/2020 01:51:32,0,0,0
14/11/2020 01:51:33,0,0,0
14/11/2020 01:51:34,0,0,0
14/11/2020 01:51:35,0,0,0
14/11/2020 01:51:36,0,0,0
14/11/2020 01:51:37,0,0,0
14/11/2020 01:51:38,0,0,0
14/11/2020 01:51:39,0,0,0
14/11/2020 01:51:40,0,0,0
14/11/2020 01:51:41,0,0,0
14/11/2020 01:51:42,0,0,0
14/11/2020 01:51:43,0,0,0
14/11/2020 01:51:44,0,0,0
14/11/2020 01:51:45,0,0,0
14/11/2020 01:51:46,0,0,0
14/11/2020 01:51:47,0,0,0
14/11/2020 01:51:48,0,0,0
14/11/2020 01:51:49,0,0,0
14/11/2020 01:51:50,0,0,0
14/11/2020 01:51:51,0,0,0
14/11/2020 01:51:52,0,0,0
14/11/2020 01:51:53,0,0,0
14/11/2020 01:51:54,0,0,0
14/11/2020 01:51:55,0,0,0
14/11/2020 01:51:56,0,0,0
14/11/2020 01:51:57,0,0,0
14/11/2020 01:51:58,0,0,0
14/11/2020 01:51:59,0,0,0
14/11/2020 01:52:00,0,0,0
14/11/2020 01:52:01,0,0,0
14/11/2020 01:52:02,0,0,0
14/11/2020 01:52:03,0,0,0
14/11/2020 01:52:04,0,0,0
14/11/2020 01:52:05,0,0,0
14/11/2020 01:52:06,0,0,0
14/11/2020 01:52:07,0,0,0
14/11/2020 01:52:08,0,0,0
14/11/2020 01:52:09,0,0,0
14/11/2020 01:52:10,0,0,0
14/11/2020 01:52:11,0,0,0
14/11/2020 01:52:12,0,0,0
14/11/2020 01:52:13,0,0,0
14/11/2020 01:52:14,0,0,0
14/11/2020 01:52:15,0,0,0
14/11/2020 01:52:16,0,0,0
14/11/2020 01:52:17,0,0,0
14/11/2020 01:52:18,0,0,0
14/11/2020 01:52:19,0,0,0
14/11/2020 01:52:20,0,0,0
14/11/2020 01:52:21,0,0,0
14/11/2020 01:52:22,0,0,0
14/11/2020 01:52:23,0,0,0
14/11/2020 01:52:24,0,0,0
14/11/2020 01:52:25,0,0,0
14/11/2020 01:52:26,0,0,0
14/11/2020 01:52:27,0,0,0
14/11/2020 01:52:28,0,0,0
14/11/2020 01:52:29,0,0,0
14/11/2020 01:52:30,0,0,0
14/11/2020 01:52:31,0,0,0
14/11/2020 01:52:32,0,0,0
14/11/2020 01:52:33,0,0,0
14/11/2020 01:52:34,0,0,0
14/11/2020 01:52:35,0,0,0
14/11/2020 01:52:36,0,0,0
14/11/2020 01:52:37,0,0,0
14/11/2020 01:52:38,0,0,0
14/11/2020 01:52:39,0,0,0
14/11/2020 01:52:40,0,0,0
14/11/2020 01:52:41,0,0,0
14/11/2020 01:52:42,0,0,0
14/11/2020 01:52:43,0,0,0
14/11/2020 01:52:44,0,0,0
14/11/2020 01:52:45,0,0,0
14/11/2020 01:52:46,0,0,0
14/11/2020 01:52:47,0,0,0
14/11/2020 01:52:48,0,0,0
14/11/2020 01:52:49,0,0,0
14/11/2020 01:52:50,0,0,0
14/11/2020 01:52:51,0,0,0
14/11/2020 01:52:52,0,0,0
14/11/2020 01:52:53,0,0,0
14/11/2020 01:52:54,0,0,0
14/11/2020 01:52:55,0,0,0
14/11/2020 01:52:56,0,0,0
14/11/2020 01:52:57,0,0,0
14/11/2020 01:52:58,0,0,0
14/11/2020 01:52:59,0,0,0
14/11/2020 01:53:00,0,0,0
14/11/2020 01:53:01,0,0,0
14/11/2020 01:53:02,0,0,0
14/11/2020 01:53:03,0,0,0
14/11/2020 01:53:04,0,0,0
14/11/2020 01:53:05,0,0,0
14/11/2020 01:53:06,0,0,0
14/11/2020 01:53:07,0,0,0
14/11/2020 01:53:08,0,0,0
14/11/2020 01:53:09,0,0,0
14/11/2020 01:53:10,0,0,0
14/11/2020 01:53:11,0,0,0
14/11/2020 01:53:12,0,0,0
14/11/2020 01:53:13,0,0,0
14/11/2020 01:53:14,0,0,0
14/11/2020 01:53:15,0,0,0
14/11/2020 01:53:16,0,0,0
14/11/2020 01:53:17,0,0,0
14/11/2020 01:53:18,0,0,0
14/11/2020 01:53:19,0,0,0
14/11/2020 01:53:20,0,0,0
14/11/2020 01:53:21,0,0,0
14/11/2020 01:53:22,0,0,0
14/11/2020 01:53:23,0,0,0
14/11/2020 01:53:24,0,0,0
14/11/2020 01:53:25,0,0,0
14/11/2020 01:53:26,0,0,0
14/11/2020 01:53:27,0,0,0
14/11/2020 01:53:28,0,0,0
14/11/2020 01:53:29,0,0,0
14/11/2020 01:53:30,0,0,0
14/11/2020 01:53:31,0,0,0
14/11/2020 01:53:32,0,0,0
14/11/2020 01:53:33,0,0,0
14/11/2020 01:53:34,0,0,0
14/11/2020 01:53:35,0,0,0
14/11/2020 01:53:36,0,0,0
14/11/2020 01:53:37,0,0,0
14/11/2020 01:53:38,0,0,0
14/11/2020 01:53:39,0,0,0
14/11/2020 01:53:40,0,0,0
14/11/2020 01:53:41,0,0,0
14/11/2020 01:53:42,0,0,0
14/11/2020 01:53:43,0,0,0
14/11/2020 01:53:44,0,0,0
14/11/2020 01:53:45,0,0,0
14/11/2020 01:53:46,0,0,0
14/11/2020 01:53:47,0,0,0
14/11/2020 01:53:48,0,0,0
14/11/2020 01:53:49,0,0,0
14/11/2020 01:53:50,0,0,0
14/11/2020 01:53:51,0,0,0
14/11/2020 01:53:52,0,0,0
14/11/2020 01:53:53,0,0,0
14/11/2020 01:53:54,0,0,0
14/11/2020 01:53:55,0,0,0
14/11/2020 01:53:56,0,0,0
14/11/2020 01:53:57,0,0,0
14/11/2020 01:53:58,0,0,0
14/11/2020 01:53:59,0,0,0
14/11/2020 01:54:00,0,0,0
14/11/2020 01:54:01,0,0,0
14/11/2020 01:54:02,0,0,0
14/11/2020 01:54:03,0,0,0
14/11/2020 01:54:04,0,0,0
14/11/2020 01:54:05,0,0,0
14/11/2020 01:54:06,0,0,0
14/11/2020 01:54:07,0,0,0
14/11/2020 01:54:08,0,0,0
14/11/2020 01:54:09,0,0,0
14/11/2020 01:54:10,0,0,0
14/11/2020 01:54:11,0,0,0
14/11/2020 01:54:12,0,0,0
14/11/2020 01:54:13,0,0,0
14/11/2020 01:54:14,0,0,0
14/11/2020 01:54:15,0,0,0
14/11/2020 01:54:16,0,0,0
14/11/2020 01:54:17,0,0,0
14/11/2020 01:54:18,0,0,0
14/11/2020 01:54:19,0,0,0
14/11/2020 01:54:20,0,0,0
14/11/2020 01:54:21,0,0,0
14/11/2020 01:54:22,0,0,0
14/11/2020 01:54:23,0,0,0
14/11/2020 01:54:24,0,0,0
14/11/2020 01:54:25,0,0,0
14/11/2020 01:54:26,0,0,0
14/11/2020 01:54:27,0,0,0
14/11/2020 01:54:28,0,0,0
14/11/2020 01:54:29,0,0,0
14/11/2020 01:54:30,0,0,0
14/11/2020 01:54:31,0,0,0
14/11/2020 01:54:32,0,0,0
14/11/2020 01:54:33,0,0,0
14/11/2020 01:54:34,0,0,0
14/11/2020 01:54:35,0,0,0
14/11/2020 01:54:36,0,0,0
14/11/2020 01:54:37,0,0,0
14/11/2020 01:54:38,0,0,0
14/11/2020 01:54:39,0,0,0
14/11/2020 01:54:40,0,0,0
14/11/2020 01:54:41,0,0,0
14/11/2020 01:54:42,0,0,0
14/11/2020 01:54:43,0,0,0
14/11/2020 01:54:44,0,0,0
14/11/2020 01:54:45,0,0,0
14/11/2020 01:54:46,0,0,0
14/11/2020 01:54:47,0,0,0
14/11/2020 01:54:48,0,0,0
14/11/2020 01:54:49,0,0,0
14/11/2020 01:54:50,0,0,0
14/11/2020 01:54:51,0,0,0
14/11/2020 01:54:52,0,0,0
14/11/2020 01:54:53,0,0,0
14/11/2020 01:54:54,0,0,0
14/11/2020 01:54:55,0,0,0
14/11/2020 01:54:56,0,0,0
14/11/2020 01:54:57,0,0,0
14/11/2020 01:54:58,0,0,0
14/11/2020 01:54:59,0,0,0
14/11/2020 01:55:00,0,0,0
14/11/2020 01:55:01,0,0,0
14/11/2020 01:55:02,0,0,0
14/11/2020 01:55:03,0,0,0
14/11/2020 01:55:04,0,0,0
14/11/2020 01:55:05,0,0,0
14/11/2020 01:55:06,0,0,0
14/11/2020 01:55:07,0,0,0
14/11/2020 01:55:08,0,0,0
14/11/2020 01:55:09,0,0,0
14/11/2020 01:55:10,0,0,0
14/11/2020 01:55:11,0,0,0
14/11/2020 01:55:12,0,0,0
14/11/2020 01:55:13,0,0,0
14/11/2020 01:55:14,0,0,0
14/11/2020 01:55:15,0,0,0
14/11/2020 01:55:16,0,0,0
14/11/2020 01:55:17,0,0,0
14/11/2020 01:55:18,0,0,0
14/11/2020 01:55:19,0,0,0
14/11/2020 01:55:20,0,0,0
14/11/2020 01:55:21,0,0,0
14/11/2020 01:55:22,0,0,0
14/11/2020 01:55:23,0,0,0
14/11/2020 01:55:24,0,0,0
14/11/2020 01:55:25,0,0,0
14/11/2020 01:55:26,0,0,0
14/11/2020 01:55:27,0,0,0
14/11/2020 01:55:28,0,0,0
14/11/2020 01:55:29,0,0,0
14/11/2020 01:55:30,0,0,0
14/11/2020 01:55:31,0,0,0
14/11/2020 01:55:32,0,0,0
14/11/2020 01:55:33,0,0,0
14/11/2020 01:55:34,0,0,0
14/11/2020 01:55:35,0,0,0
14/11/2020 01:55:36,0,0,0
14/11/2020 01:55:37,0,0,0
14/11/2020 01:55:38,0,0,0
14/11/2020 01:55:39,0,0,0
14/11/2020 01:55:40,0,0,0
14/11/2020 01:55:41,0,0,0
14/11/2020 01:55:42,0,0,0
14/11/2020 01:55:43,0,0,0
14/11/2020 01:55:44,0,0,0
14/11/2020 01:55:45,0,0,0
14/11/2020 01:55:46,0,0,0
14/11/2020 01:55:47,0,0,0
14/11/2020 01:55:48,0,0,0
14/11/2020 01:55:49,0,0,0
14/11/2020 01:55:50,0,0,0
14/11/2020 01:55:51,0,0,0
14/11/2020 01:55:52,0,0,0
14/11/2020 01:55:53,0,0,0
14/11/2020 01:55:54,0,0,0
14/11/2020 01:55:55,0,0,0
14/11/2020 01:55:56,0,0,0
14/11/2020 01:55:57,0,0,0
14/11/2020 01:55:58,0,0,0
14/11/2020 01:55:59,0,0,0
14/11/2020 01:56:00,0,0,0
14/11/2020 01:56:01,0,0,0
14/11/2020 01:56:02,0,0,0
14/11/2020 01:56:03,0,0,0
14/11/2020 01:56:04,0,0,0
14/11/2020 01:56:05,0,0,0
14/11/2020 01:56:06,0,0,0
14/11/2020 01:56:07,0,0,0
14/11/2020 01:56:08,0,0,0
14/11/2020 01:56:09,0,0,0
14/11/2020 01:56:10,0,0,0
14/11/2020 01:56:11,0,0,0
14/11/2020 01:56:12,0,0,0
14/11/2020 01:56:13,0,0,0
14/11/2020 01:56:14,0,0,0
14/11/2020 01:56:15,0,0,0
14/11/2020 01:56:16,0,0,0
14/11/2020 01:56:17,0,0,0
14/11/2020 01:56:18,0,0,0
14/11/2020 01:56:19,0,0,0
14/11/2020 01:56:20,0,0,0
14/11/2020 01:56:21,0,0,0
14/11/2020 01:56:22,0,0,0
14/11/2020 01:56:23,0,0,0
14/11/2020 01:56:24,0,0,0
14/11/2020 01:56:25,0,0,0
14/11/2020 01:56:26,0,0,0
14/11/2020 01:56:27,0,0,0
14/11/2020 01:56:28,0,0,0
14/11/2020 01:56:29,0,0,0
14/11/2020 01:56:30,0,0,0
14/11/2020 01:56:31,0,0,0
14/11/2020 01:56:32,0,0,0
14/11/2020 01:56:33,0,0,0
14/11/2020 01:56:34,0,0,0
14/11/2020 01:56:35,0,0,0
14/11/2020 01:56:36,0,0,0
14/11/2020 01:56:37,0,0,0
14/11/2020 01:56:38,0,0,0
14/11/2020 01:56:39,0,0,0
14/11/2020 01:56:40,0,0,0
14/11/2020 01:56:41,0,0,0
14/11/2020 01:56:42,0,0,0
14/11/2020 01:56:43,0,0,0
14/11/2020 01:56:44,0,0,0
14/11/2020 01:56:45,0,0,0
14/11/2020 01:56:46,0,0,0
14/11/2020 01:56:47,0,0,0
14/11/2020 01:56:48,0,0,0
14/11/2020 01:56:49,0,0,0
14/11/2020 01:56:50,0,0,0
14/11/2020 01:56:51,0,0,0
14/11/2020 01:56:52,0,0,0
14/11/2020 01:56:53,0,0,0
14/11/2020 01:56:54,0,0,0
14/11/2020 01:56:55,0,0,0
14/11/2020 01:56:56,0,0,0
14/11/2020 01:56:57,0,0,0
14/11/2020 01:56:58,0,0,0
14/11/2020 01:56:59,0,0,0
14/11/2020 01:57:00,0,0,0
14/11/2020 01:57:01,0,0,0
14/11/2020 01:57:02,0,0,0
14/11/2020 01:57:03,0,0,0
14/11/2020 01:57:04,0,0,0
14/11/2020 01:57:05,0,0,0
14/11/2020 01:57:06,0,0,0
14/11/2020 01:57:07,0,0,0
14/11/2020 01:57:08,0,0,0
14/11/2020 01:57:09,0,0,0
14/11/2020 01:57:10,0,0,0
14/11/2020 01:57:11,0,0,0
14/11/2020 01:57:12,0,0,0
14/11/2020 01:57:13,0,0,0
14/11/2020 01:57:14,0,0,0
14/11/2020 01:57:15,0,0,0
14/11/2020 01:57:16,0,0,0
14/11/2020 01:57:17,0,0,0
14/11/2020 01:57:18,0,0,0
14/11/2020 01:57:19,0,0,0
14/11/2020 01:57:20,0,0,0
14/11/2020 01:57:21,0,0,0
14/11/2020 01:57:22,0,0,0
14/11/2020 01:57:23,0,0,0
14/11/2020 01:57:24,0,0,0
14/11/2020 01:57:25,0,0,0
14/11/2020 01:57:26,0,0,0
14/11/2020 01:57:27,0,0,0
14/11/2020 01:57:28,0,0,0
14/11/2020 01:57:29,0,0,0
14/11/2020 01:57:30,0,0,0
14/11/2020 01:57:31,0,0,0
14/11/2020 01:57:32,0,0,0
14/11/2020 01:57:33,0,0,0
14/11/2020 01:57:34,0,0,0
14/11/2020 01:57:35,0,0,0
14/11/2020 01:57:36,0,0,0
14/11/2020 01:57:37,0,0,0
14/11/2020 01:57:38,0,0,0
14/11/2020 01:57:39,0,0,0
14/11/2020 01:57:40,0,0,0
14/11/2020 01:57:41,0,0,0
14/11/2020 01:57:42,0,0,0
14/11/2020 01:57:43,0,0,0
14/11/2020 01:57:44,0,0,0
14/11/2020 01:57:45,0,0,0
14/11/2020 01:57:46,0,0,0
14/11/2020 01:57:47,0,0,0
14/11/2020 01:57:48,0,0,0
14/11/2020 01:57:49,0,0,0
14/11/2020 01:57:50,0,0,0
14/11/2020 01:57:51,0,0,0
14/11/2020 01:57:52,0,0,0
14/11/2020 01:57:53,0,0,0
14/11/2020 01:57:54,0,0,0
14/11/2020 01:57:55,0,0,0
14/11/2020 01:57:56,0,0,0
14/11/2020 01:57:57,0,0,0
14/11/2020 01:57:58,0,0,0
14/11/2020 01:57:59,0,0,0
14/11/2020 01:58:00,0,0,0
14/11/2020 01:58:01,0,0,0
14/11/2020 01:58:02,0,0,0
14/11/2020 01:58:03,0,0,0
14/11/2020 01:58:04,0,0,0
14/11/2020 01:58:05,0,0,0
14/11/2020 01:58:06,0,0,0
14/11/2020 01:58:07,0,0,0
14/11/2020 01:58:08,0,0,0
14/11/2020 01:58:09,0,0,0
14/11/2020 01:58:10,0,0,0
14/11/2020 01:58:11,0,0,0
14/11/2020 01:58:12,0,0,0
14/11/2020 01:58:13,0,0,0
14/11/2020 01:58:14,0,0,0
14/11/2020 01:58:15,0,0,0
14/11/2020 01:58:16,0,0,0
14/11/2020 01:58:17,0,0,0
14/11/2020 01:58:18,0,0,0
14/11/2020 01:58:19,0,0,0
14/11/2020 01:58:20,0,0,0
14/11/2020 01:58:21,0,0,0
14/11/2020 01:58:22,0,0,0
14/11/2020 01:58:23,0,0,0
14/11/2020 01:58:24,0,0,0
14/11/2020 01:58:25,0,0,0
14/11/2020 01:58:26,0,0,0
14/11/2020 01:58:27,0,0,0
14/11/2020 01:58:28,0,0,0
14/11/2020 01:58:29,0,0,0
14/11/2020 01:58:30,0,0,0
14/11/2020 01:58:31,0,0,0
14/11/2020 01:58:32,0,0,0
14/11/2020 01:58:33,0,0,0
14/11/2020 01:58:34,0,0,0
14/11/2020 01:58:35,0,0,0
14/11/2020 01:58:36,0,0,0
14/11/2020 01:58:37,0,0,0
14/11/2020 01:58:38,0,0,0
14/11/2020 01:58:39,0,0,0
14/11/2020 01:58:40,0,0,0
14/11/2020 01:58:41,0,0,0
14/11/2020 01:58:42,0,0,0
14/11/2020 01:58:43,0,0,0
14/11/2020 01:58:44,0,0,0
14/11/2020 01:58:45,0,0,0
14/11/2020 01:58:46,0,0,0
14/11/2020 01:58:47,0,0,0
14/11/2020 01:58:48,0,0,0
14/11/2020 01:58:49,0,0,0
14/11/2020 01:58:50,0,0,0
14/11/2020 01:58:51,0,0,0
14/11/2020 01:58:52,0,0,0
14/11/2020 01:58:53,0,0,0
14/11/2020 01:58:54,0,0,0
14/11/2020 01:58:55,0,0,0
14/11/2020 01:58:56,0,0,0
14/11/2020 01:58:57,0,0,0
14/11/2020 01:58:58,0,0,0
14/11/2020 01:58:59,0,0,0
14/11/2020 01:59:00,0,0,0
14/11/2020 01:59:01,0,0,0
14/11/2020 01:59:02,0,0,0
14/11/2020 01:59:03,0,0,0
14/11/2020 01:59:04,0,0,0
14/11/2020 01:59:05,0,0,0
14/11/2020 01:59:06,0,0,0
14/11/2020 01:59:07,0,0,0
14/11/2020 01:59:08,0,0,0
14/11/2020 01:59:09,0,0,0
14/11/2020 01:59:10,0,0,0
14/11/2020 01:59:11,0,0,0
14/11/2020 01:59:12,0,0,0
14/11/2020 01:59:13,0,0,0
14/11/2020 01:59:14,0,0,0
14/11/2020 01:59:15,0,0,0
14/11/2020 01:59:16,0,0,0
14/11/2020 01:59:17,0,0,0
14/11/2020 01:59:18,0,0,0
14/11/2020 01:59:19,0,0,0
14/11/2020 01:59:20,0,0,0
14/11/2020 01:59:21,0,0,0
14/11/2020 01:59:22,0,0,0
14/11/2020 01:59:23,0,0,0
14/11/2020 01:59:24,0,0,0
14/11/2020 01:59:25,0,0,0
14/11/2020 01:59:26,0,0,0
14/11/2020 01:59:27,0,0,0
14/11/2020 01:59:28,0,0,0
14/11/2020 01:59:29,0,0,0
14/11/2020 01:59:30,0,0,0
14/11/2020 01:59:31,0,0,0
14/11/2020 01:59:32,0,0,0
14/11/2020 01:59:33,0,0,0
14/11/2020 01:59:34,0,0,0
14/11/2020 01:59:35,0,0,0
14/11/2020 01:59:36,0,0,0
14/11/2020 01:59:37,0,0,0
14/11/2020 01:59:38,0,0,0
14/11/2020 01:59:39,0,0,0
14/11/2020 01:59:40,0,0,0
14/11/2020 01:59:41,0,0,0
14/11/2020 01:59:42,0,0,0
14/11/2020 01:59:43,0,0,0
14/11/2020 01:59:44,0,0,0
14/11/2020 01:59:45,0,0,0
14/11/2020 01:59:46,0,0,0
14/11/2020 01:59:47,0,0,0
14/11/2020 01:59:48,0,0,0
14/11/2020 01:59:49,0,0,0
14/11/2020 01:59:50,0,0,0
14/11/2020 01:59:51,0,0,0
14/11/2020 01:59:52,0,0,0
14/11/2020 01:59:53,0,0,0
14/11/2020 01:59:54,0,0,0
14/11/2020 01:59:55,0,0,0
14/11/2020 01:59:56,0,0,0
14/11/2020 01:59:57,0,0,0
14/11/2020 01:59:58,0,0,0
14/11/2020 01:59:59,0,0,0
14/11/2020 02:00:00,0,0,0
14/11/2020 02:00:01,0,0,0
14/11/2020 02:00:02,0,0,0
14/11/2020 02:00:03,0,0,0
14/11/2020 02:00:04,0,0,0
14/11/2020 02:00:05,0,0,0
14/11/2020 02:00:06,0,0,0
14/11/2020 02:00:07,0,0,0
14/11/2020 02:00:08,0,0,0
14/11/2020 02:00:09,0,0,0
14/11/2020 02:00:10,0,0,0
14/11/2020 02:00:11,0,0,0
14/11/2020 02:00:12,0,0,0
14/11/2020 02:00:13,0,0,0
14/11/2020 02:00:14,0,0,0
14/11/2020 02:00:15,0,0,0
14/11/2020 02:00:16,0,0,0
14/11/2020 02:00:17,0,0,0
14/11/2020 02:00:18,0,0,0
14/11/2020 02:00:19,0,0,0
14/11/2020 02:00:20,0,0,0
14/11/2020 02:00:21,0,0,0
14/11/2020 02:00:22,0,0,0
14/11/2020 02:00:23,0,0,0
14/11/2020 02:00:24,0,0,0
14/11/2020 02:00:25,0,0,0
14/11/2020 02:00:26,0,0,0
14/11/2020 02:00:27,0,0,0
14/11/2020 02:00:28,0,0,0
14/11/2020 02:00:29,0,0,0
14/11/2020 02:00:30,0,0,0
14/11/2020 02:00:31,0,0,0
14/11/2020 02:00:32,0,0,0
14/11/2020 02:00:33,0,0,0
14/11/2020 02:00:34,0,0,0
14/11/2020 02:00:35,0,0,0
14/11/2020 02:00:36,0,0,0
14/11/2020 02:00:37,0,0,0
14/11/2020 02:00:38,0,0,0
14/11/2020 02:00:39,0,0,0
14/11/2020 02:00:40,0,0,0
14/11/2020 02:00:41,0,0,0
14/11/2020 02:00:42,0,0,0
14/11/2020 02:00:43,0,0,0
14/11/2020 02:00:44,0,0,0
14/11/2020 02:00:45,0,0,0
14/11/2020 02:00:46,0,0,0
14/11/2020 02:00:47,0,0,0
14/11/2020 02:00:48,0,0,0
14/11/2020 02:00:49,0,0,0
14/11/2020 02:00:50,0,0,0
14/11/2020 02:00:51,0,0,0
14/11/2020 02:00:52,0,0,0
14/11/2020 02:00:53,0,0,0
14/11/2020 02:00:54,0,0,0
14/11/2020 02:00:55,0,0,0
14/11/2020 02:00:56,0,0,0
14/11/2020 02:00:57,0,0,0
14/11/2020 02:00:58,0,0,0
14/11/2020 02:00:59,0,0,0
14/11/2020 02:01:00,0,0,0
14/11/2020 02:01:01,0,0,0
14/11/2020 02:01:02,0,0,0
14/11/2020 02:01:03,0,0,0
14/11/2020 02:01:04,0,0,0
14/11/2020 02:01:05,0,0,0
14/11/2020 02:01:06,0,0,0
14/11/2020 02:01:07,0,0,0
14/11/2020 02:01:08,0,0,0
14/11/2020 02:01:09,0,0,0
14/11/2020 02:01:10,0,0,0
14/11/2020 02:01:11,0,0,0
14/11/2020 02:01:12,0,0,0
14/11/2020 02:01:13,0,0,0
14/11/2020 02:01:14,0,0,0
14/11/2020 02:01:15,0,0,0
14/11/2020 02:01:16,0,0,0
14/11/2020 02:01:17,0,0,0
14/11/2020 02:01:18,0,0,0
14/11/2020 02:01:19,0,0,0
14/11/2020 02:01:20,0,0,0
14/11/2020 02:01:21,0,0,0
14/11/2020 02:01:22,0,0,0
14/11/2020 02:01:23,0,0,0
14/11/2020 02:01:24,0,0,0
14/11/2020 02:01:25,0,0,0
14/11/2020 02:01:26,0,0,0
14/11/2020 02:01:27,0,0,0
14/11/2020 02:01:28,0,0,0
14/11/2020 02:01:29,0,0,0
14/11/2020 02:01:30,0,0,0
14/11/2020 02:01:31,0,0,0
14/11/2020 02:01:32,0,0,0
14/11/2020 02:01:33,0,0,0
14/11/2020 02:01:34,0,0,0
14/11/2020 02:01:35,0,0,0
14/11/2020 02:01:36,0,0,0
14/11/2020 02:01:37,0,0,0
14/11/2020 02:01:38,0,0,0
14/11/2020 02:01:39,0,0,0
14/11/2020 02:01:40,0,0,0
14/11/2020 02:01:41,0,0,0
14/11/2020 02:01:42,0,0,0
14/11/2020 02:01:43,0,0,0
14/11/2020 02:01:44,0,0,0
14/11/2020 02:01:45,0,0,0
14/11/2020 02:01:46,0,0,0
14/11/2020 02:01:47,0,0,0
14/11/2020 02:01:48,0,0,0
14/11/2020 02:01:49,0,0,0
14/11/2020 02:01:50,0,0,0
14/11/2020 02:01:51,0,0,0
14/11/2020 02:01:52,0,0,0
14/11/2020 02:01:53,0,0,0
14/11/2020 02:01:54,0,0,0
14/11/2020 02:01:55,0,0,0
14/11/2020 02:01:56,0,0,0
14/11/2020 02:01:57,0,0,0
14/11/2020 02:01:58,0,0,0
14/11/2020 02:01:59,0,0,0
14/11/2020 02:02:00,0,0,0
14/11/2020 02:02:01,0,0,0
14/11/2020 02:02:02,0,0,0
14/11/2020 02:02:03,0,0,0
14/11/2020 02:02:04,0,0,0
14/11/2020 02:02:05,0,0,0
14/11/2020 02:02:06,0,0,0
14/11/2020 02:02:07,0,0,0
14/11/2020 02:02:08,0,0,0
14/11/2020 02:02:09,0,0,0
14/11/2020 02:02:10,0,0,0
14/11/2020 02:02:11,0,0,0
14/11/2020 02:02:12,0,0,0
14/11/2020 02:02:13,0,0,0
14/11/2020 02:02:14,0,0,0
14/11/2020 02:02:15,0,0,0
14/11/2020 02:02:16,0,0,0
14/11/2020 02:02:17,0,0,0
14/11/2020 02:02:18,0,0,0
14/11/2020 02:02:19,0,0,0
14/11/2020 02:02:20,0,0,0
14/11/2020 02:02:21,0,0,0
14/11/2020 02:02:22,0,0,0
14/11/2020 02:02:23,0,0,0
14/11/2020 02:02:24,0,0,0
14/11/2020 02:02:25,0,0,0
14/11/2020 02:02:26,0,0,0
14/11/2020 02:02:27,0,0,0
14/11/2020 02:02:28,0,0,0
14/11/2020 02:02:29,0,0,0
14/11/2020 02:02:30,0,0,0
14/11/2020 02:02:31,0,0,0
14/11/2020 02:02:32,0,0,0
14/11/2020 02:02:33,0,0,0
14/11/2020 02:02:34,0,0,0
14/11/2020 02:02:35,0,0,0
14/11/2020 02:02:36,0,0,0
14/11/2020 02:02:37,0,0,0
14/11/2020 02:02:38,0,0,0
14/11/2020 02:02:39,0,0,0
14/11/2020 02:02:40,0,0,0
14/11/2020 02:02:41,0,0,0
14/11/2020 02:02:42,0,0,0
14/11/2020 02:02:43,0,0,0
14/11/2020 02:02:44,0,0,0
14/11/2020 02:02:45,0,0,0
14/11/2020 02:02:46,0,0,0
14/11/2020 02:02:47,0,0,0
14/11/2020 02:02:48,0,0,0
14/11/2020 02:02:49,0,0,0
14/11/2020 02:02:50,0,0,0
14/11/2020 02:02:51,0,0,0
14/11/2020 02:02:52,0,0,0
14/11/2020 02:02:53,0,0,0
14/11/2020 02:02:54,0,0,0
14/11/2020 02:02:55,0,0,0
14/11/2020 02:02:56,0,0,0
14/11/2020 02:02:57,0,0,0
14/11/2020 02:02:58,0,0,0
14/11/2020 02:02:59,0,0,0
14/11/2020 02:03:00,0,0,0
14/11/2020 02:03:01,0,0,0
14/11/2020 02:03:02,0,0,0
14/11/2020 02:03:03,0,0,0
14/11/2020 02:03:04,0,0,0
14/11/2020 02:03:05,0,0,0
14/11/2020 02:03:06,0,0,0
14/11/2020 02:03:07,0,0,0
14/11/2020 02:03:08,0,0,0
14/11/2020 02:03:09,0,0,0
14/11/2020 02:03:10,0,0,0
14/11/2020 02:03:11,0,0,0
14/11/2020 02:03:12,0,0,0
14/11/2020 02:03:13,0,0,0
14/11/2020 02:03:14,0,0,0
14/11/2020 02:03:15,0,0,0
14/11/2020 02:03:16,0,0,0
14/11/2020 02:03:17,0,0,0
14/11/2020 02:03:18,0,0,0
14/11/2020 02:03:19,0,0,0
14/11/2020 02:03:20,0,0,0
14/11/2020 02:03:21,0,0,0
14/11/2020 02:03:22,0,0,0
14/11/2020 02:03:23,0,0,0
14/11/2020 02:03:24,0,0,0
14/11/2020 02:03:25,0,0,0
14/11/2020 02:03:26,0,0,0
14/11/2020 02:03:27,0,0,0
14/11/2020 02:03:28,0,0,0
14/11/2020 02:03:29,0,0,0
14/11/2020 02:03:30,0,0,0
14/11/2020 02:03:31,0,0,0
14/11/2020 02:03:32,0,0,0
14/11/2020 02:03:33,0,0,0
14/11/2020 02:03:34,0,0,0
14/11/2020 02:03:35,0,0,0
14/11/2020 02:03:36,0,0,0
14/11/2020 02:03:37,0,0,0
14/11/2020 02:03:38,0,0,0
14/11/2020 02:03:39,0,0,0
14/11/2020 02:03:40,0,0,0
14/11/2020 02:03:41,0,0,0
14/11/2020 02:03:42,0,0,0
14/11/2020 02:03:43,0,0,0
14/11/2020 02:03:44,0,0,0
14/11/2020 02:03:45,0,0,0
14/11/2020 02:03:46,0,0,0
14/11/2020 02:03:47,0,0,0
14/11/2020 02:03:48,0,0,0
14/11/2020 02:03:49,0,0,0
14/11/2020 02:03:50,0,0,0
14/11/2020 02:03:51,0,0,0
14/11/2020 02:03:52,0,0,0
14/11/2020 02:03:53,0,0,0
14/11/2020 02:03:54,0,0,0
14/11/2020 02:03:55,0,0,0
14/11/2020 02:03:56,0,0,0
14/11/2020 02:03:57,0,0,0
14/11/2020 02:03:58,0,0,0
14/11/2020 02:03:59,0,0,0
14/11/2020 02:04:00,0,0,0
14/11/2020 02:04:01,0,0,0
14/11/2020 02:04:02,0,0,0
14/11/2020 02:04:03,0,0,0
14/11/2020 02:04:04,0,0,0
14/11/2020 02:04:05,0,0,0
14/11/2020 02:04:06,0,0,0
14/11/2020 02:04:07,0,0,0
14/11/2020 02:04:08,0,0,0
14/11/2020 02:04:09,0,0,0
14/11/2020 02:04:10,0,0,0
14/11/2020 02:04:11,0,0,0
14/11/2020 02:04:12,0,0,0
14/11/2020 02:04:13,0,0,0
14/11/2020 02:04:14,0,0,0
14/11/2020 02:04:15,0,0,0
14/11/2020 02:04:16,0,0,0
14/11/2020 02:04:17,0,0,0
14/11/2020 02:04:18,0,0,0
14/11/2020 02:04:19,0,0,0
14/11/2020 02:04:20,0,0,0
14/11/2020 02:04:21,0,0,0
14/11/2020 02:04:22,0,0,0
14/11/2020 02:04:23,0,0,0
14/11/2020 02:04:24,0,0,0
14/11/2020 02:04:25,0,0,0
14/11/2020 02:04:26,0,0,0
14/11/2020 02:04:27,0,0,0
14/11/2020 02:04:28,0,0,0
14/11/2020 02:04:29,0,0,0
14/11/2020 02:04:30,0,0,0
14/11/2020 02:04:31,0,0,0
14/11/2020 02:04:32,0,0,0
14/11/2020 02:04:33,0,0,0
14/11/2020 02:04:34,0,0,0
14/11/2020 02:04:35,0,0,0
14/11/2020 02:04:36,0,0,0
14/11/2020 02:04:37,0,0,0
14/11/2020 02:04:38,0,0,0
14/11/2020 02:04:39,0,0,0
14/11/2020 02:04:40,0,0,0
14/11/2020 02:04:41,0,0,0
14/11/2020 02:04:42,0,0,0
14/11/2020 02:04:43,0,0,0
14/11/2020 02:04:44,0,0,0
14/11/2020 02:04:45,0,0,0
14/11/2020 02:04:46,0,0,0
14/11/2020 02:04:47,0,0,0
14/11/2020 02:04:48,0,0,0
14/11/2020 02:04:49,0,0,0
14/11/2020 02:04:50,0,0,0
14/11/2020 02:04:51,0,0,0
14/11/2020 02:04:52,0,0,0
14/11/2020 02:04:53,0,0,0
14/11/2020 02:04:54,0,0,0
14/11/2020 02:04:55,0,0,0
14/11/2020 02:04:56,0,0,0
14/11/2020 02:04:57,0,0,0
14/11/2020 02:04:58,0,0,0
14/11/2020 02:04:59,0,0,0
14/11/2020 02:05:00,0,0,0
14/11/2020 02:05:01,0,0,0
14/11/2020 02:05:02,0,0,0
14/11/2020 02:05:03,0,0,0
14/11/2020 02:05:04,0,0,0
14/11/2020 02:05:05,0,0,0
14/11/2020 02:05:06,0,0,0
14/11/2020 02:05:07,0,0,0
14/11/2020 02:05:08,0,0,0
14/11/2020 02:05:09,0,0,0
14/11/2020 02:05:10,0,0,0
14/11/2020 02:05:11,0,0,0
14/11/2020 02:05:12,0,0,0
14/11/2020 02:05:13,0,0,0
14/11/2020 02:05:14,0,0,0
14/11/2020 02:05:15,0,0,0
14/11/2020 02:05:16,0,0,0
14/11/2020 02:05:17,0,0,0
14/11/2020 02:05:18,0,0,0
14/11/2020 02:05:19,0,0,0
14/11/2020 02:05:20,0,0,0
14/11/2020 02:05:21,0,0,0
14/11/2020 02:05:22,0,0,0
14/11/2020 02:05:23,0,0,0
14/11/2020 02:05:24,0,0,0
14/11/2020 02:05:25,0,0,0
14/11/2020 02:05:26,0,0,0
14/11/2020 02:05:27,0,0,0
14/11/2020 02:05:28,0,0,0
14/11/2020 02:05:29,0,0,0
14/11/2020 02:05:30,0,0,0
14/11/2020 02:05:31,0,0,0
14/11/2020 02:05:32,0,0,0
14/11/2020 02:05:33,0,0,0
14/11/2020 02:05:34,0,0,0
14/11/2020 02:05:35,0,0,0
14/11/2020 02:05:36,0,0,0
14/11/2020 02:05:37,0,0,0
14/11/2020 02:05:38,0,0,0
14/11/2020 02:05:39,0,0,0
14/11/2020 02:05:40,0,0,0
14/11/2020 02:05:41,0,0,0
14/11/2020 02:05:42,0,0,0
14/11/2020 02:05:43,0,0,0
14/11/2020 02:05:44,0,0,0
14/11/2020 02:05:45,0,0,0
14/11/2020 02:05:46,0,0,0
14/11/2020 02:05:47,0,0,0
14/11/2020 02:05:48,0,0,0
14/11/2020 02:05:49,0,0,0
14/11/2020 02:05:50,0,0,0
14/11/2020 02:05:51,0,0,0
14/11/2020 02:05:52,0,0,0
14/11/2020 02:05:53,0,0,0
14/11/2020 02:05:54,0,0,0
14/11/2020 02:05:55,0,0,0
14/11/2020 02:05:56,0,0,0
14/11/2020 02:05:57,0,0,0
14/11/2020 02:05:58,0,0,0
14/11/2020 02:05:59,0,0,0
14/11/2020 02:06:00,0,0,0
14/11/2020 02:06:01,0,0,0
14/11/2020 02:06:02,0,0,0
14/11/2020 02:06:03,0,0,0
14/11/2020 02:06:04,0,0,0
14/11/2020 02:06:05,0,0,0
14/11/2020 02:06:06,0,0,0
14/11/2020 02:06:07,0,0,0
14/11/2020 02:06:08,0,0,0
14/11/2020 02:06:09,0,0,0
14/11/2020 02:06:10,0,0,0
14/11/2020 02:06:11,0,0,0
14/11/2020 02:06:12,0,0,0
14/11/2020 02:06:13,0,0,0
14/11/2020 02:06:14,0,0,0
14/11/2020 02:06:15,0,0,0
14/11/2020 02:06:16,0,0,0
14/11/2020 02:06:17,0,0,0
14/11/2020 02:06:18,0,0,0
14/11/2020 02:06:19,0,0,0
14/11/2020 02:06:20,0,0,0
14/11/2020 02:06:21,0,0,0
14/11/2020 02:06:22,0,0,0
14/11/2020 02:06:23,0,0,0
14/11/2020 02:06:24,0,0,0
14/11/2020 02:06:25,0,0,0
14/11/2020 02:06:26,0,0,0
14/11/2020 02:06:27,0,0,0
14/11/2020 02:06:28,0,0,0
14/11/2020 02:06:29,0,0,0
14/11/2020 02:06:30,0,0,0
14/11/2020 02:06:31,0,0,0
14/11/2020 02:06:32,0,0,0
14/11/2020 02:06:33,0,0,0
14/11/2020 02:06:34,0,0,0
14/11/2020 02:06:35,0,0,0
14/11/2020 02:06:36,0,0,0
14/11/2020 02:06:37,0,0,0
14/11/2020 02:06:38,0,0,0
14/11/2020 02:06:39,0,0,0
14/11/2020 02:06:40,0,0,0
14/11/2020 02:06:41,0,0,0
14/11/2020 02:06:42,0,0,0
14/11/2020 02:06:43,0,0,0
14/11/2020 02:06:44,0,0,0
14/11/2020 02:06:45,0,0,0
14/11/2020 02:06:46,0,0,0
14/11/2020 02:06:47,0,0,0
14/11/2020 02:06:48,0,0,0
14/11/2020 02:06:49,0,0,0
14/11/2020 02:06:50,0,0,0
14/11/2020 02:06:51,0,0,0
14/11/2020 02:06:52,0,0,0
14/11/2020 02:06:53,0,0,0
14/11/2020 02:06:54,0,0,0
14/11/2020 02:06:55,0,0,0
14/11/2020 02:06:56,0,0,0
14/11/2020 02:06:57,0,0,0
14/11/2020 02:06:58,0,0,0
14/11/2020 02:06:59,0,0,0
14/11/2020 02:07:00,0,0,0
14/11/2020 02:07:01,0,0,0
14/11/2020 02:07:02,0,0,0
14/11/2020 02:07:03,0,0,0
14/11/2020 02:07:04,0,0,0
14/11/2020 02:07:05,0,0,0
14/11/2020 02:07:06,0,0,0
14/11/2020 02:07:07,0,0,0
14/11/2020 02:07:08,0,0,0
14/11/2020 02:07:09,0,0,0
14/11/2020 02:07:10,0,0,0
14/11/2020 02:07:11,0,0,0
14/11/2020 02:07:12,0,0,0
14/11/2020 02:07:13,0,0,0
14/11/2020 02:07:14,0,0,0
14/11/2020 02:07:15,0,0,0
14/11/2020 02:07:16,0,0,0
14/11/2020 02:07:17,0,0,0
14/11/2020 02:07:18,0,0,0
14/11/2020 02:07:19,0,0,0
14/11/2020 02:07:20,0,0,0
14/11/2020 02:07:21,0,0,0
14/11/2020 02:07:22,0,0,0
14/11/2020 02:07:23,0,0,0
14/11/2020 02:07:24,0,0,0
14/11/2020 02:07:25,0,0,0
14/11/2020 02:07:26,0,0,0
14/11/2020 02:07:27,0,0,0
14/11/2020 02:07:28,0,0,0
14/11/2020 02:07:29,0,0,0
14/11/2020 02:07:30,0,0,0
14/11/2020 02:07:31,0,0,0
14/11/2020 02:07:32,0,0,0
14/11/2020 02:07:33,0,0,0
14/11/2020 02:07:34,0,0,0
14/11/2020 02:07:35,0,0,0
14/11/2020 02:07:36,0,0,0
14/11/2020 02:07:37,0,0,0
14/11/2020 02:07:38,0,0,0
14/11/2020 02:07:39,0,0,0
14/11/2020 02:07:40,0,0,0
14/11/2020 02:07:41,0,0,0
14/11/2020 02:07:42,0,0,0
14/11/2020 02:07:43,0,0,0
14/11/2020 02:07:44,0,0,0
14/11/2020 02:07:45,0,0,0
14/11/2020 02:07:46,0,0,0
14/11/2020 02:07:47,0,0,0
14/11/2020 02:07:48,0,0,0
14/11/2020 02:07:49,0,0,0
14/11/2020 02:07:50,0,0,0
14/11/2020 02:07:51,0,0,0
14/11/2020 02:07:52,0,0,0
14/11/2020 02:07:53,0,0,0
14/11/2020 02:07:54,0,0,0
14/11/2020 02:07:55,0,0,0
14/11/2020 02:07:56,0,0,0
14/11/2020 02:07:57,0,0,0
14/11/2020 02:07:58,0,0,0
14/11/2020 02:07:59,0,0,0
14/11/2020 02:08:00,0,0,0
14/11/2020 02:08:01,0,0,0
14/11/2020 02:08:02,0,0,0
14/11/2020 02:08:03,0,0,0
14/11/2020 02:08:04,0,0,0
14/11/2020 02:08:05,0,0,0
14/11/2020 02:08:06,0,0,0
14/11/2020 02:08:07,0,0,0
14/11/2020 02:08:08,0,0,0
14/11/2020 02:08:09,0,0,0
14/11/2020 02:08:10,0,0,0
14/11/2020 02:08:11,0,0,0
14/11/2020 02:08:12,0,0,0
14/11/2020 02:08:13,0,0,0
14/11/2020 02:08:14,0,0,0
14/11/2020 02:08:15,0,0,0
14/11/2020 02:08:16,0,0,0
14/11/2020 02:08:17,0,0,0
14/11/2020 02:08:18,0,0,0
14/11/2020 02:08:19,0,0,0
14/11/2020 02:08:20,0,0,0
14/11/2020 02:08:21,0,0,0
14/11/2020 02:08:22,0,0,0
14/11/2020 02:08:23,0,0,0
14/11/2020 02:08:24,0,0,0
14/11/2020 02:08:25,0,0,0
14/11/2020 02:08:26,0,0,0
14/11/2020 02:08:27,0,0,0
14/11/2020 02:08:28,0,0,0
14/11/2020 02:08:29,0,0,0
14/11/2020 02:08:30,0,0,0
14/11/2020 02:08:31,0,0,0
14/11/2020 02:08:32,0,0,0
14/11/2020 02:08:33,0,0,0
14/11/2020 02:08:34,0,0,0
14/11/2020 02:08:35,0,0,0
14/11/2020 02:08:36,0,0,0
14/11/2020 02:08:37,0,0,0
14/11/2020 02:08:38,0,0,0
14/11/2020 02:08:39,0,0,0
14/11/2020 02:08:40,0,0,0
14/11/2020 02:08:41,0,0,0
14/11/2020 02:08:42,0,0,0
14/11/2020 02:08:43,0,0,0
14/11/2020 02:08:44,0,0,0
14/11/2020 02:08:45,0,0,0
14/11/2020 02:08:46,0,0,0
14/11/2020 02:08:47,0,0,0
14/11/2020 02:08:48,0,0,0
14/11/2020 02:08:49,0,0,0
14/11/2020 02:08:50,0,0,0
14/11/2020 02:08:51,0,0,0
14/11/2020 02:08:52,0,0,0
14/11/2020 02:08:53,0,0,0
14/11/2020 02:08:54,0,0,0
14/11/2020 02:08:55,0,0,0
14/11/2020 02:08:56,0,0,0
14/11/2020 02:08:57,0,0,0
14/11/2020 02:08:58,0,0,0
14/11/2020 02:08:59,0,0,0
14/11/2020 02:09:00,0,0,0
14/11/2020 02:09:01,0,0,0
14/11/2020 02:09:02,0,0,0
14/11/2020 02:09:03,0,0,0
14/11/2020 02:09:04,0,0,0
14/11/2020 02:09:05,0,0,0
14/11/2020 02:09:06,0,0,0
14/11/2020 02:09:07,0,0,0
14/11/2020 02:09:08,0,0,0
14/11/2020 02:09:09,0,0,0
14/11/2020 02:09:10,0,0,0
14/11/2020 02:09:11,0,0,0
14/11/2020 02:09:12,0,0,0
14/11/2020 02:09:13,0,0,0
14/11/2020 02:09:14,0,0,0
14/11/2020 02:09:15,0,0,0
14/11/2020 02:09:16,0,0,0
14/11/2020 02:09:17,0,0,0
14/11/2020 02:09:18,0,0,0
14/11/2020 02:09:19,0,0,0
14/11/2020 02:09:20,0,0,0
14/11/2020 02:09:21,0,0,0
14/11/2020 02:09:22,0,0,0
14/11/2020 02:09:23,0,0,0
14/11/2020 02:09:24,0,0,0
14/11/2020 02:09:25,0,0,0
14/11/2020 02:09:26,0,0,0
14/11/2020 02:09:27,0,0,0
14/11/2020 02:09:28,0,0,0
14/11/2020 02:09:29,0,0,0
14/11/2020 02:09:30,0,0,0
14/11/2020 02:09:31,0,0,0
14/11/2020 02:09:32,0,0,0
14/11/2020 02:09:33,0,0,0
14/11/2020 02:09:34,0,0,0
14/11/2020 02:09:35,0,0,0
14/11/2020 02:09:36,0,0,0
14/11/2020 02:09:37,0,0,0
14/11/2020 02:09:38,0,0,0
14/11/2020 02:09:39,0,0,0
14/11/2020 02:09:40,0,0,0
14/11/2020 02:09:41,0,0,0
14/11/2020 02:09:42,0,0,0
14/11/2020 02:09:43,0,0,0
14/11/2020 02:09:44,0,0,0
14/11/2020 02:09:45,0,0,0
14/11/2020 02:09:46,0,0,0
14/11/2020 02:09:47,0,0,0
14/11/2020 02:09:48,0,0,0
14/11/2020 02:09:49,0,0,0
14/11/2020 02:09:50,0,0,0
14/11/2020 02:09:51,0,0,0
14/11/2020 02:09:52,0,0,0
14/11/2020 02:09:53,0,0,0
14/11/2020 02:09:54,0,0,0
14/11/2020 02:09:55,0,0,0
14/11/2020 02:09:56,0,0,0
14/11/2020 02:09:57,0,0,0
14/11/2020 02:09:58,0,0,0
14/11/2020 02:09:59,0,0,0
14/11/2020 02:10:00,0,0,0
14/11/2020 02:10:01,0,0,0
14/11/2020 02:10:02,0,0,0
14/11/2020 02:10:03,0,0,0
14/11/2020 02:10:04,0,0,0
14/11/2020 02:10:05,0,0,0
14/11/2020 02:10:06,0,0,0
14/11/2020 02:10:07,0,0,0
14/11/2020 02:10:08,0,0,0
14/11/2020 02:10:09,0,0,0
14/11/2020 02:10:10,0,0,0
14/11/2020 02:10:11,0,0,0
14/11/2020 02:10:12,0,0,0
14/11/2020 02:10:13,0,0,0
14/11/2020 02:10:14,0,0,0
14/11/2020 02:10:15,0,0,0
14/11/2020 02:10:16,0,0,0
14/11/2020 02:10:17,0,0,0
14/11/2020 02:10:18,0,0,0
14/11/2020 02:10:19,0,0,0
14/11/2020 02:10:20,0,0,0
14/11/2020 02:10:21,0,0,0
14/11/2020 02:10:22,0,0,0
14/11/2020 02:10:23,0,0,0
14/11/2020 02:10:24,0,0,0
14/11/2020 02:10:25,0,0,0
14/11/2020 02:10:26,0,0,0
14/11/2020 02:10:27,0,0,0
14/11/2020 02:10:28,0,0,0
14/11/2020 02:10:29,0,0,0
14/11/2020 02:10:30,0,0,0
14/11/2020 02:10:31,0,0,0
14/11/2020 02:10:32,0,0,0
14/11/2020 02:10:33,0,0,0
14/11/2020 02:10:34,0,0,0
14/11/2020 02:10:35,0,0,0
14/11/2020 02:10:36,0,0,0
14/11/2020 02:10:37,0,0,0
14/11/2020 02:10:38,0,0,0
14/11/2020 02:10:39,0,0,0
14/11/2020 02:10:40,0,0,0
14/11/2020 02:10:41,0,0,0
14/11/2020 02:10:42,0,0,0
14/11/2020 02:10:43,0,0,0
14/11/2020 02:10:44,0,0,0
14/11/2020 02:10:45,0,0,0
14/11/2020 02:10:46,0,0,0
14/11/2020 02:10:47,0,0,0
14/11/2020 02:10:48,0,0,0
14/11/2020 02:10:49,0,0,0
14/11/2020 02:10:50,0,0,0
14/11/2020 02:10:51,0,0,0
14/11/2020 02:10:52,0,0,0
14/11/2020 02:10:53,0,0,0
14/11/2020 02:10:54,0,0,0
14/11/2020 02:10:55,0,0,0
14/11/2020 02:10:56,0,0,0
14/11/2020 02:10:57,0,0,0
14/11/2020 02:10:58,0,0,0
14/11/2020 02:10:59,0,0,0
14/11/2020 02:11:00,0,0,0
14/11/2020 02:11:01,0,0,0
14/11/2020 02:11:02,0,0,0
14/11/2020 02:11:03,0,0,0
14/11/2020 02:11:04,0,0,0
14/11/2020 02:11:05,0,0,0
14/11/2020 02:11:06,0,0,0
14/11/2020 02:11:07,0,0,0
14/11/2020 02:11:08,0,0,0
14/11/2020 02:11:09,0,0,0
14/11/2020 02:11:10,0,0,0
14/11/2020 02:11:11,0,0,0
14/11/2020 02:11:12,0,0,0
14/11/2020 02:11:13,0,0,0
14/11/2020 02:11:14,0,0,0
14/11/2020 02:11:15,0,0,0
14/11/2020 02:11:16,0,0,0
14/11/2020 02:11:17,0,0,0
14/11/2020 02:11:18,0,0,0
14/11/2020 02:11:19,0,0,0
14/11/2020 02:11:20,0,0,0
14/11/2020 02:11:21,0,0,0
14/11/2020 02:11:22,0,0,0
14/11/2020 02:11:23,0,0,0
14/11/2020 02:11:24,0,0,0
14/11/2020 02:11:25,0,0,0
14/11/2020 02:11:26,0,0,0
14/11/2020 02:11:27,0,0,0
14/11/2020 02:11:28,0,0,0
14/11/2020 02:11:29,0,0,0
14/11/2020 02:11:30,0,0,0
14/11/2020 02:11:31,0,0,0
14/11/2020 02:11:32,0,0,0
14/11/2020 02:11:33,0,0,0
14/11/2020 02:11:34,0,0,0
14/11/2020 02:11:35,0,0,0
14/11/2020 02:11:36,0,0,0
14/11/2020 02:11:37,0,0,0
14/11/2020 02:11:38,0,0,0
14/11/2020 02:11:39,0,0,0
14/11/2020 02:11:40,0,0,0
14/11/2020 02:11:41,0,0,0
14/11/2020 02:11:42,0,0,0
14/11/2020 02:11:43,0,0,0
14/11/2020 02:11:44,0,0,0
14/11/2020 02:11:45,0,0,0
14/11/2020 02:11:46,0,0,0
14/11/2020 02:11:47,0,0,0
14/11/2020 02:11:48,0,0,0
14/11/2020 02:11:49,0,0,0
14/11/2020 02:11:50,0,0,0
14/11/2020 02:11:51,0,0,0
14/11/2020 02:11:52,0,0,0
14/11/2020 02:11:53,0,0,0
14/11/2020 02:11:54,0,0,0
14/11/2020 02:11:55,0,0,0
14/11/2020 02:11:56,0,0,0
14/11/2020 02:11:57,0,0,0
14/11/2020 02:11:58,0,0,0
14/11/2020 02:11:59,0,0,0
14/11/2020 02:12:00,0,0,0
14/11/2020 02:12:01,0,0,0
14/11/2020 02:12:02,0,0,0
14/11/2020 02:12:03,0,0,0
14/11/2020 02:12:04,0,0,0
14/11/2020 02:12:05,0,0,0
14/11/2020 02:12:06,0,0,0
14/11/2020 02:12:07,0,0,0
14/11/2020 02:12:08,0,0,0
14/11/2020 02:12:09,0,0,0
14/11/2020 02:12:10,0,0,0
14/11/2020 02:12:11,0,0,0
14/11/2020 02:12:12,0,0,0
14/11/2020 02:12:13,0,0,0
14/11/2020 02:12:14,0,0,0
14/11/2020 02:12:15,0,0,0
14/11/2020 02:12:16,0,0,0
14/11/2020 02:12:17,0,0,0
14/11/2020 02:12:18,0,0,0
14/11/2020 02:12:19,0,0,0
14/11/2020 02:12:20,0,0,0
14/11/2020 02:12:21,0,0,0
14/11/2020 02:12:22,0,0,0
14/11/2020 02:12:23,0,0,0
14/11/2020 02:12:24,0,0,0
14/11/2020 02:12:25,0,0,0
14/11/2020 02:12:26,0,0,0
14/11/2020 02:12:27,0,0,0
14/11/2020 02:12:28,0,0,0
14/11/2020 02:12:29,0,0,0
14/11/2020 02:12:30,0,0,0
14/11/2020 02:12:31,0,0,0
14/11/2020 02:12:32,0,0,0
14/11/2020 02:12:33,0,0,0
14/11/2020 02:12:34,0,0,0
14/11/2020 02:12:35,0,0,0
14/11/2020 02:12:36,0,0,0
14/11/2020 02:12:37,0,0,0
14/11/2020 02:12:38,0,0,0
14/11/2020 02:12:39,0,0,0
14/11/2020 02:12:40,0,0,0
14/11/2020 02:12:41,0,0,0
14/11/2020 02:12:42,0,0,0
14/11/2020 02:12:43,0,0,0
14/11/2020 02:12:44,0,0,0
14/11/2020 02:12:45,0,0,0
14/11/2020 02:12:46,0,0,0
14/11/2020 02:12:47,0,0,0
14/11/2020 02:12:48,0,0,0
14/11/2020 02:12:49,0,0,0
14/11/2020 02:12:50,0,0,0
14/11/2020 02:12:51,0,0,0
14/11/2020 02:12:52,0,0,0
14/11/2020 02:12:53,0,0,0
14/11/2020 02:12:54,0,0,0
14/11/2020 02:12:55,0,0,0
14/11/2020 02:12:56,0,0,0
14/11/2020 02:12:57,0,0,0
14/11/2020 02:12:58,0,0,0
14/11/2020 02:12:59,0,0,0
14/11/2020 02:13:00,0,0,0
14/11/2020 02:13:01,0,0,0
14/11/2020 02:13:02,0,0,0
14/11/2020 02:13:03,0,0,0
14/11/2020 02:13:04,0,0,0
14/11/2020 02:13:05,0,0,0
14/11/2020 02:13:06,0,0,0
14/11/2020 02:13:07,0,0,0
14/11/2020 02:13:08,0,0,0
14/11/2020 02:13:09,0,0,0
14/11/2020 02:13:10,0,0,0
14/11/2020 02:13:11,0,0,0
14/11/2020 02:13:12,0,0,0
14/11/2020 02:13:13,0,0,0
14/11/2020 02:13:14,0,0,0
14/11/2020 02:13:15,0,0,0
14/11/2020 02:13:16,0,0,0
14/11/2020 02:13:17,0,0,0
14/11/2020 02:13:18,0,0,0
14/11/2020 02:13:19,0,0,0
14/11/2020 02:13:20,0,0,0
14/11/2020 02:13:21,0,0,0
14/11/2020 02:13:22,0,0,0
14/11/2020 02:13:23,0,0,0
14/11/2020 02:13:24,0,0,0
14/11/2020 02:13:25,0,0,0
14/11/2020 02:13:26,0,0,0
14/11/2020 02:13:27,0,0,0
14/11/2020 02:13:28,0,0,0
14/11/2020 02:13:29,0,0,0
14/11/2020 02:13:30,0,0,0
14/11/2020 02:13:31,0,0,0
14/11/2020 02:13:32,0,0,0
14/11/2020 02:13:33,0,0,0
14/11/2020 02:13:34,0,0,0
14/11/2020 02:13:35,0,0,0
14/11/2020 02:13:36,0,0,0
14/11/2020 02:13:37,0,0,0
14/11/2020 02:13:38,0,0,0
14/11/2020 02:13:39,0,0,0
14/11/2020 02:13:40,0,0,0
14/11/2020 02:13:41,0,0,0
14/11/2020 02:13:42,0,0,0
14/11/2020 02:13:43,0,0,0
14/11/2020 02:13:44,0,0,0
14/11/2020 02:13:45,0,0,0
14/11/2020 02:13:46,0,0,0
14/11/2020 02:13:47,0,0,0
14/11/2020 02:13:48,0,0,0
14/11/2020 02:13:49,0,0,0
14/11/2020 02:13:50,0,0,0
14/11/2020 02:13:51,0,0,0
14/11/2020 02:13:52,0,0,0
14/11/2020 02:13:53,0,0,0
14/11/2020 02:13:54,0,0,0
14/11/2020 02:13:55,0,0,0
14/11/2020 02:13:56,0,0,0
14/11/2020 02:13:57,0,0,0
14/11/2020 02:13:58,0,0,0
14/11/2020 02:13:59,0,0,0
14/11/2020 02:14:00,0,0,0
14/11/2020 02:14:01,0,0,0
14/11/2020 02:14:02,0,0,0
14/11/2020 02:14:03,0,0,0
14/11/2020 02:14:04,0,0,0
14/11/2020 02:14:05,0,0,0
14/11/2020 02:14:06,0,0,0
14/11/2020 02:14:07,0,0,0
14/11/2020 02:14:08,0,0,0
14/11/2020 02:14:09,0,0,0
14/11/2020 02:14:10,0,0,0
14/11/2020 02:14:11,0,0,0
14/11/2020 02:14:12,0,0,0
14/11/2020 02:14:13,0,0,0
14/11/2020 02:14:14,0,0,0
14/11/2020 02:14:15,0,0,0
14/11/2020 02:14:16,0,0,0
14/11/2020 02:14:17,0,0,0
14/11/2020 02:14:18,0,0,0
14/11/2020 02:14:19,0,0,0
14/11/2020 02:14:20,0,0,0
14/11/2020 02:14:21,0,0,0
14/11/2020 02:14:22,0,0,0
14/11/2020 02:14:23,0,0,0
14/11/2020 02:14:24,0,0,0
14/11/2020 02:14:25,0,0,0
14/11/2020 02:14:26,0,0,0
14/11/2020 02:14:27,0,0,0
14/11/2020 02:14:28,0,0,0
14/11/2020 02:14:29,0,0,0
14/11/2020 02:14:30,0,0,0
14/11/2020 02:14:31,0,0,0
14/11/2020 02:14:32,0,0,0
14/11/2020 02:14:33,0,0,0
14/11/2020 02:14:34,0,0,0
14/11/2020 02:14:35,0,0,0
14/11/2020 02:14:36,0,0,0
14/11/2020 02:14:37,0,0,0
14/11/2020 02:14:38,0,0,0
14/11/2020 02:14:39,0,0,0
14/11/2020 02:14:40,0,0,0
14/11/2020 02:14:41,0,0,0
14/11/2020 02:14:42,0,0,0
14/11/2020 02:14:43,0,0,0
14/11/2020 02:14:44,0,0,0
14/11/2020 02:14:45,0,0,0
14/11/2020 02:14:46,0,0,0
14/11/2020 02:14:47,0,0,0
14/11/2020 02:14:48,0,0,0
14/11/2020 02:14:49,0,0,0
14/11/2020 02:14:50,0,0,0
14/11/2020 02:14:51,0,0,0
14/11/2020 02:14:52,0,0,0
14/11/2020 02:14:53,0,0,0
14/11/2020 02:14:54,0,0,0
14/11/2020 02:14:55,0,0,0
14/11/2020 02:14:56,0,0,0
14/11/2020 02:14:57,0,0,0
14/11/2020 02:14:58,0,0,0
14/11/2020 02:14:59,0,0,0
14/11/2020 02:15:00,0,0,0
14/11/2020 02:15:01,0,0,0
14/11/2020 02:15:02,0,0,0
14/11/2020 02:15:03,0,0,0
14/11/2020 02:15:04,0,0,0
14/11/2020 02:15:05,0,0,0
14/11/2020 02:15:06,0,0,0
14/11/2020 02:15:07,0,0,0
14/11/2020 02:15:08,0,0,0
14/11/2020 02:15:09,0,0,0
14/11/2020 02:15:10,0,0,0
14/11/2020 02:15:11,0,0,0
14/11/2020 02:15:12,0,0,0
14/11/2020 02:15:13,0,0,0
14/11/2020 02:15:14,0,0,0
14/11/2020 02:15:15,0,0,0
14/11/2020 02:15:16,0,0,0
14/11/2020 02:15:17,0,0,0
14/11/2020 02:15:18,0,0,0
14/11/2020 02:15:19,0,0,0
14/11/2020 02:15:20,0,0,0
14/11/2020 02:15:21,0,0,0
14/11/2020 02:15:22,0,0,0
14/11/2020 02:15:23,0,0,0
14/11/2020 02:15:24,0,0,0
14/11/2020 02:15:25,0,0,0
14/11/2020 02:15:26,0,0,0
14/11/2020 02:15:27,0,0,0
14/11/2020 02:15:28,0,0,0
14/11/2020 02:15:29,0,0,0
14/11/2020 02:15:30,0,0,0
14/11/2020 02:15:31,0,0,0
14/11/2020 02:15:32,0,0,0
14/11/2020 02:15:33,0,0,0
14/11/2020 02:15:34,0,0,0
14/11/2020 02:15:35,0,0,0
14/11/2020 02:15:36,0,0,0
14/11/2020 02:15:37,0,0,0
14/11/2020 02:15:38,0,0,0
14/11/2020 02:15:39,0,0,0
14/11/2020 02:15:40,0,0,0
14/11/2020 02:15:41,0,0,0
14/11/2020 02:15:42,0,0,0
14/11/2020 02:15:43,0,0,0
14/11/2020 02:15:44,0,0,0
14/11/2020 02:15:45,0,0,0
14/11/2020 02:15:46,0,0,0
14/11/2020 02:15:47,0,0,0
14/11/2020 02:15:48,0,0,0
14/11/2020 02:15:49,0,0,0
14/11/2020 02:15:50,0,0,0
14/11/2020 02:15:51,0,0,0
14/11/2020 02:15:52,0,0,0
14/11/2020 02:15:53,0,0,0
14/11/2020 02:15:54,0,0,0
14/11/2020 02:15:55,0,0,0
14/11/2020 02:15:56,0,0,0
14/11/2020 02:15:57,0,0,0
14/11/2020 02:15:58,0,0,0
14/11/2020 02:15:59,0,0,0
14/11/2020 02:16:00,0,0,0
14/11/2020 02:16:01,0,0,0
14/11/2020 02:16:02,0,0,0
14/11/2020 02:16:03,0,0,0
14/11/2020 02:16:04,0,0,0
14/11/2020 02:16:05,0,0,0
14/11/2020 02:16:06,0,0,0
14/11/2020 02:16:07,0,0,0
14/11/2020 02:16:08,0,0,0
14/11/2020 02:16:09,0,0,0
14/11/2020 02:16:10,0,0,0
14/11/2020 02:16:11,0,0,0
14/11/2020 02:16:12,0,0,0
14/11/2020 02:16:13,0,0,0
14/11/2020 02:16:14,0,0,0
14/11/2020 02:16:15,0,0,0
14/11/2020 02:16:16,0,0,0
14/11/2020 02:16:17,0,0,0
14/11/2020 02:16:18,0,0,0
14/11/2020 02:16:19,0,0,0
14/11/2020 02:16:20,0,0,0
14/11/2020 02:16:21,0,0,0
14/11/2020 02:16:22,0,0,0
14/11/2020 02:16:23,0,0,0
14/11/2020 02:16:24,0,0,0
14/11/2020 02:16:25,0,0,0
14/11/2020 02:16:26,0,0,0
14/11/2020 02:16:27,0,0,0
14/11/2020 02:16:28,0,0,0
14/11/2020 02:16:29,0,0,0
14/11/2020 02:16:30,0,0,0
14/11/2020 02:16:31,0,0,0
14/11/2020 02:16:32,0,0,0
14/11/2020 02:16:33,0,0,0
14/11/2020 02:16:34,0,0,0
14/11/2020 02:16:35,0,0,0
14/11/2020 02:16:36,0,0,0
14/11/2020 02:16:37,0,0,0
14/11/2020 02:16:38,0,0,0
14/11/2020 02:16:39,0,0,0
14/11/2020 02:16:40,0,0,0
14/11/2020 02:16:41,0,0,0
14/11/2020 02:16:42,0,0,0
14/11/2020 02:16:43,0,0,0
14/11/2020 02:16:44,0,0,0
14/11/2020 02:16:45,0,0,0
14/11/2020 02:16:46,0,0,0
14/11/2020 02:16:47,0,0,0
14/11/2020 02:16:48,0,0,0
14/11/2020 02:16:49,0,0,0
14/11/2020 02:16:50,0,0,0
14/11/2020 02:16:51,0,0,0
14/11/2020 02:16:52,0,0,0
14/11/2020 02:16:53,0,0,0
14/11/2020 02:16:54,0,0,0
14/11/2020 02:16:55,0,0,0
14/11/2020 02:16:56,0,0,0
14/11/2020 02:16:57,0,0,0
14/11/2020 02:16:58,0,0,0
14/11/2020 02:16:59,0,0,0
14/11/2020 02:17:00,0,0,0
14/11/2020 02:17:01,0,0,0
14/11/2020 02:17:02,0,0,0
14/11/2020 02:17:03,0,0,0
14/11/2020 02:17:04,0,0,0
14/11/2020 02:17:05,0,0,0
14/11/2020 02:17:06,0,0,0
14/11/2020 02:17:07,0,0,0
14/11/2020 02:17:08,0,0,0
14/11/2020 02:17:09,0,0,0
14/11/2020 02:17:10,0,0,0
14/11/2020 02:17:11,0,0,0
14/11/2020 02:17:12,0,0,0
14/11/2020 02:17:13,0,0,0
14/11/2020 02:17:14,0,0,0
14/11/2020 02:17:15,0,0,0
14/11/2020 02:17:16,0,0,0
14/11/2020 02:17:17,0,0,0
14/11/2020 02:17:18,0,0,0
14/11/2020 02:17:19,0,0,0
14/11/2020 02:17:20,0,0,0
14/11/2020 02:17:21,0,0,0
14/11/2020 02:17:22,0,0,0
14/11/2020 02:17:23,0,0,0
14/11/2020 02:17:24,0,0,0
14/11/2020 02:17:25,0,0,0
14/11/2020 02:17:26,0,0,0
14/11/2020 02:17:27,0,0,0
14/11/2020 02:17:28,0,0,0
14/11/2020 02:17:29,0,0,0
14/11/2020 02:17:30,0,0,0
14/11/2020 02:17:31,0,0,0
14/11/2020 02:17:32,0,0,0
14/11/2020 02:17:33,0,0,0
14/11/2020 02:17:34,0,0,0
14/11/2020 02:17:35,0,0,0
14/11/2020 02:17:36,0,0,0
14/11/2020 02:17:37,0,0,0
14/11/2020 02:17:38,0,0,0
14/11/2020 02:17:39,0,0,0
14/11/2020 02:17:40,0,0,0
14/11/2020 02:17:41,0,0,0
14/11/2020 02:17:42,0,0,0
14/11/2020 02:17:43,0,0,0
14/11/2020 02:17:44,0,0,0
14/11/2020 02:17:45,0,0,0
14/11/2020 02:17:46,0,0,0
14/11/2020 02:17:47,0,0,0
14/11/2020 02:17:48,0,0,0
14/11/2020 02:17:49,0,0,0
14/11/2020 02:17:50,0,0,0
14/11/2020 02:17:51,0,0,0
14/11/2020 02:17:52,0,0,0
14/11/2020 02:17:53,0,0,0
14/11/2020 02:17:54,0,0,0
14/11/2020 02:17:55,0,0,0
14/11/2020 02:17:56,0,0,0
14/11/2020 02:17:57,0,0,0
14/11/2020 02:17:58,0,0,0
14/11/2020 02:17:59,0,0,0
14/11/2020 02:18:00,0,0,0
14/11/2020 02:18:01,0,0,0
14/11/2020 02:18:02,0,0,0
14/11/2020 02:18:03,0,0,0
14/11/2020 02:18:04,0,0,0
14/11/2020 02:18:05,0,0,0
14/11/2020 02:18:06,0,0,0
14/11/2020 02:18:07,0,0,0
14/11/2020 02:18:08,0,0,0
14/11/2020 02:18:09,0,0,0
14/11/2020 02:18:10,0,0,0
14/11/2020 02:18:11,0,0,0
14/11/2020 02:18:12,0,0,0
14/11/2020 02:18:13,0,0,0
14/11/2020 02:18:14,0,0,0
14/11/2020 02:18:15,0,0,0
14/11/2020 02:18:16,0,0,0
14/11/2020 02:18:17,0,0,0
14/11/2020 02:18:18,0,0,0
14/11/2020 02:18:19,0,0,0
14/11/2020 02:18:20,0,0,0
14/11/2020 02:18:21,0,0,0
14/11/2020 02:18:22,0,0,0
14/11/2020 02:18:23,0,0,0
14/11/2020 02:18:24,0,0,0
14/11/2020 02:18:25,0,0,0
14/11/2020 02:18:26,0,0,0
14/11/2020 02:18:27,0,0,0
14/11/2020 02:18:28,0,0,0
14/11/2020 02:18:29,0,0,0
14/11/2020 02:18:30,0,0,0
14/11/2020 02:18:31,0,0,0
14/11/2020 02:18:32,0,0,0
14/11/2020 02:18:33,0,0,0
14/11/2020 02:18:34,0,0,0
14/11/2020 02:18:35,0,0,0
14/11/2020 02:18:36,0,0,0
14/11/2020 02:18:37,0,0,0
14/11/2020 02:18:38,0,0,0
14/11/2020 02:18:39,0,0,0
14/11/2020 02:18:40,0,0,0
14/11/2020 02:18:41,0,0,0
14/11/2020 02:18:42,0,0,0
14/11/2020 02:18:43,0,0,0
14/11/2020 02:18:44,0,0,0
14/11/2020 02:18:45,0,0,0
14/11/2020 02:18:46,0,0,0
14/11/2020 02:18:47,0,0,0
14/11/2020 02:18:48,0,0,0
14/11/2020 02:18:49,0,0,0
14/11/2020 02:18:50,0,0,0
14/11/2020 02:18:51,0,0,0
14/11/2020 02:18:52,0,0,0
14/11/2020 02:18:53,0,0,0
14/11/2020 02:18:54,0,0,0
14/11/2020 02:18:55,0,0,0
14/11/2020 02:18:56,0,0,0
14/11/2020 02:18:57,0,0,0
14/11/2020 02:18:58,0,0,0
14/11/2020 02:18:59,0,0,0
14/11/2020 02:19:00,0,0,0
14/11/2020 02:19:01,0,0,0
14/11/2020 02:19:02,0,0,0
14/11/2020 02:19:03,0,0,0
14/11/2020 02:19:04,0,0,0
14/11/2020 02:19:05,0,0,0
14/11/2020 02:19:06,0,0,0
14/11/2020 02:19:07,0,0,0
14/11/2020 02:19:08,0,0,0
14/11/2020 02:19:09,0,0,0
14/11/2020 02:19:10,0,0,0
14/11/2020 02:19:11,0,0,0
14/11/2020 02:19:12,0,0,0
14/11/2020 02:19:13,0,0,0
14/11/2020 02:19:14,0,0,0
14/11/2020 02:19:15,0,0,0
14/11/2020 02:19:16,0,0,0
14/11/2020 02:19:17,0,0,0
14/11/2020 02:19:18,0,0,0
14/11/2020 02:19:19,0,0,0
14/11/2020 02:19:20,0,0,0
14/11/2020 02:19:21,0,0,0
14/11/2020 02:19:22,0,0,0
14/11/2020 02:19:23,0,0,0
14/11/2020 02:19:24,0,0,0
14/11/2020 02:19:25,0,0,0
14/11/2020 02:19:26,0,0,0
14/11/2020 02:19:27,0,0,0
14/11/2020 02:19:28,0,0,0
14/11/2020 02:19:29,0,0,0
14/11/2020 02:19:30,0,0,0
14/11/2020 02:19:31,0,0,0
14/11/2020 02:19:32,0,0,0
14/11/2020 02:19:33,0,0,0
14/11/2020 02:19:34,0,0,0
14/11/2020 02:19:35,0,0,0
14/11/2020 02:19:36,0,0,0
14/11/2020 02:19:37,0,0,0
14/11/2020 02:19:38,0,0,0
14/11/2020 02:19:39,0,0,0
14/11/2020 02:19:40,0,0,0
14/11/2020 02:19:41,0,0,0
14/11/2020 02:19:42,0,0,0
14/11/2020 02:19:43,0,0,0
14/11/2020 02:19:44,0,0,0
14/11/2020 02:19:45,0,0,0
14/11/2020 02:19:46,0,0,0
14/11/2020 02:19:47,0,0,0
14/11/2020 02:19:48,0,0,0
14/11/2020 02:19:49,0,0,0
14/11/2020 02:19:50,0,0,0
14/11/2020 02:19:51,0,0,0
14/11/2020 02:19:52,0,0,0
14/11/2020 02:19:53,0,0,0
14/11/2020 02:19:54,0,0,0
14/11/2020 02:19:55,0,0,0
14/11/2020 02:19:56,0,0,0
14/11/2020 02:19:57,0,0,0
14/11/2020 02:19:58,0,0,0
14/11/2020 02:19:59,0,0,0
14/11/2020 02:20:00,0,0,0
14/11/2020 02:20:01,0,0,0
14/11/2020 02:20:02,0,0,0
14/11/2020 02:20:03,0,0,0
14/11/2020 02:20:04,0,0,0
14/11/2020 02:20:05,0,0,0
14/11/2020 02:20:06,0,0,0
14/11/2020 02:20:07,0,0,0
14/11/2020 02:20:08,0,0,0
14/11/2020 02:20:09,0,0,0
14/11/2020 02:20:10,0,0,0
14/11/2020 02:20:11,0,0,0
14/11/2020 02:20:12,0,0,0
14/11/2020 02:20:13,0,0,0
14/11/2020 02:20:14,0,0,0
14/11/2020 02:20:15,0,0,0
14/11/2020 02:20:16,0,0,0
14/11/2020 02:20:17,0,0,0
14/11/2020 02:20:18,0,0,0
14/11/2020 02:20:19,0,0,0
14/11/2020 02:20:20,0,0,0
14/11/2020 02:20:21,0,0,0
14/11/2020 02:20:22,0,0,0
14/11/2020 02:20:23,0,0,0
14/11/2020 02:20:24,0,0,0
14/11/2020 02:20:25,0,0,0
14/11/2020 02:20:26,0,0,0
14/11/2020 02:20:27,0,0,0
14/11/2020 02:20:28,0,0,0
14/11/2020 02:20:29,0,0,0
14/11/2020 02:20:30,0,0,0
14/11/2020 02:20:31,0,0,0
14/11/2020 02:20:32,0,0,0
14/11/2020 02:20:33,0,0,0
14/11/2020 02:20:34,0,0,0
14/11/2020 02:20:35,0,0,0
14/11/2020 02:20:36,0,0,0
14/11/2020 02:20:37,0,0,0
14/11/2020 02:20:38,0,0,0
14/11/2020 02:20:39,0,0,0
14/11/2020 02:20:40,0,0,0
14/11/2020 02:20:41,0,0,0
14/11/2020 02:20:42,0,0,0
14/11/2020 02:20:43,0,0,0
14/11/2020 02:20:44,0,0,0
14/11/2020 02:20:45,0,0,0
14/11/2020 02:20:46,0,0,0
14/11/2020 02:20:47,0,0,0
14/11/2020 02:20:48,0,0,0
14/11/2020 02:20:49,0,0,0
14/11/2020 02:20:50,0,0,0
14/11/2020 02:20:51,0,0,0
14/11/2020 02:20:52,0,0,0
14/11/2020 02:20:53,0,0,0
14/11/2020 02:20:54,0,0,0
14/11/2020 02:20:55,0,0,0
14/11/2020 02:20:56,0,0,0
14/11/2020 02:20:57,0,0,0
14/11/2020 02:20:58,0,0,0
14/11/2020 02:20:59,0,0,0
14/11/2020 02:21:00,0,0,0
14/11/2020 02:21:01,0,0,0
14/11/2020 02:21:02,0,0,0
14/11/2020 02:21:03,0,0,0
14/11/2020 02:21:04,0,0,0
14/11/2020 02:21:05,0,0,0
14/11/2020 02:21:06,0,0,0
14/11/2020 02:21:07,0,0,0
14/11/2020 02:21:08,0,0,0
14/11/2020 02:21:09,0,0,0
14/11/2020 02:21:10,0,0,0
14/11/2020 02:21:11,0,0,0
14/11/2020 02:21:12,0,0,0
14/11/2020 02:21:13,0,0,0
14/11/2020 02:21:14,0,0,0
14/11/2020 02:21:15,0,0,0
14/11/2020 02:21:16,0,0,0
14/11/2020 02:21:17,0,0,0
14/11/2020 02:21:18,0,0,0
14/11/2020 02:21:19,0,0,0
14/11/2020 02:21:20,0,0,0
14/11/2020 02:21:21,0,0,0
14/11/2020 02:21:22,0,0,0
14/11/2020 02:21:23,0,0,0
14/11/2020 02:21:24,0,0,0
14/11/2020 02:21:25,0,0,0
14/11/2020 02:21:26,0,0,0
14/11/2020 02:21:27,0,0,0
14/11/2020 02:21:28,0,0,0
14/11/2020 02:21:29,0,0,0
14/11/2020 02:21:30,0,0,0
14/11/2020 02:21:31,0,0,0
14/11/2020 02:21:32,0,0,0
14/11/2020 02:21:33,0,0,0
14/11/2020 02:21:34,0,0,0
14/11/2020 02:21:35,0,0,0
14/11/2020 02:21:36,0,0,0
14/11/2020 02:21:37,0,0,0
14/11/2020 02:21:38,0,0,0
14/11/2020 02:21:39,0,0,0
14/11/2020 02:21:40,0,0,0
14/11/2020 02:21:41,0,0,0
14/11/2020 02:21:42,0,0,0
14/11/2020 02:21:43,0,0,0
14/11/2020 02:21:44,0,0,0
14/11/2020 02:21:45,0,0,0
14/11/2020 02:21:46,0,0,0
14/11/2020 02:21:47,0,0,0
14/11/2020 02:21:48,0,0,0
14/11/2020 02:21:49,0,0,0
14/11/2020 02:21:50,0,0,0
14/11/2020 02:21:51,0,0,0
14/11/2020 02:21:52,0,0,0
14/11/2020 02:21:53,0,0,0
14/11/2020 02:21:54,0,0,0
14/11/2020 02:21:55,0,0,0
14/11/2020 02:21:56,0,0,0
14/11/2020 02:21:57,0,0,0
14/11/2020 02:21:58,0,0,0
14/11/2020 02:21:59,0,0,0
14/11/2020 02:22:00,0,0,0
14/11/2020 02:22:01,0,0,0
14/11/2020 02:22:02,0,0,0
14/11/2020 02:22:03,0,0,0
14/11/2020 02:22:04,0,0,0
14/11/2020 02:22:05,0,0,0
14/11/2020 02:22:06,0,0,0
14/11/2020 02:22:07,0,0,0
14/11/2020 02:22:08,0,0,0
14/11/2020 02:22:09,0,0,0
14/11/2020 02:22:10,0,0,0
14/11/2020 02:22:11,0,0,0
14/11/2020 02:22:12,0,0,0
14/11/2020 02:22:13,0,0,0
14/11/2020 02:22:14,0,0,0
14/11/2020 02:22:15,0,0,0
14/11/2020 02:22:16,0,0,0
14/11/2020 02:22:17,0,0,0
14/11/2020 02:22:18,0,0,0
14/11/2020 02:22:19,0,0,0
14/11/2020 02:22:20,0,0,0
14/11/2020 02:22:21,0,0,0
14/11/2020 02:22:22,0,0,0
14/11/2020 02:22:23,0,0,0
14/11/2020 02:22:24,0,0,0
14/11/2020 02:22:25,0,0,0
14/11/2020 02:22:26,0,0,0
14/11/2020 02:22:27,0,0,0
14/11/2020 02:22:28,0,0,0
14/11/2020 02:22:29,0,0,0
14/11/2020 02:22:30,0,0,0
14/11/2020 02:22:31,0,0,0
14/11/2020 02:22:32,0,0,0
14/11/2020 02:22:33,0,0,0
14/11/2020 02:22:34,0,0,0
14/11/2020 02:22:35,0,0,0
14/11/2020 02:22:36,0,0,0
14/11/2020 02:22:37,0,0,0
14/11/2020 02:22:38,0,0,0
14/11/2020 02:22:39,0,0,0
14/11/2020 02:22:40,0,0,0
14/11/2020 02:22:41,0,0,0
14/11/2020 02:22:42,0,0,0
14/11/2020 02:22:43,0,0,0
14/11/2020 02:22:44,0,0,0
14/11/2020 02:22:45,0,0,0
14/11/2020 02:22:46,0,0,0
14/11/2020 02:22:47,0,0,0
14/11/2020 02:22:48,0,0,0
14/11/2020 02:22:49,0,0,0
14/11/2020 02:22:50,0,0,0
14/11/2020 02:22:51,0,0,0
14/11/2020 02:22:52,0,0,0
14/11/2020 02:22:53,0,0,0
14/11/2020 02:22:54,0,0,0
14/11/2020 02:22:55,0,0,0
14/11/2020 02:22:56,0,0,0
14/11/2020 02:22:57,0,0,0
14/11/2020 02:22:58,0,0,0
14/11/2020 02:22:59,0,0,0
14/11/2020 02:23:00,0,0,0
14/11/2020 02:23:01,0,0,0
14/11/2020 02:23:02,0,0,0
14/11/2020 02:23:03,0,0,0
14/11/2020 02:23:04,0,0,0
14/11/2020 02:23:05,0,0,0
14/11/2020 02:23:06,0,0,0
14/11/2020 02:23:07,0,0,0
14/11/2020 02:23:08,0,0,0
14/11/2020 02:23:09,0,0,0
14/11/2020 02:23:10,0,0,0
14/11/2020 02:23:11,0,0,0
14/11/2020 02:23:12,0,0,0
14/11/2020 02:23:13,0,0,0
14/11/2020 02:23:14,0,0,0
14/11/2020 02:23:15,0,0,0
14/11/2020 02:23:16,0,0,0
14/11/2020 02:23:17,0,0,0
14/11/2020 02:23:18,0,0,0
14/11/2020 02:23:19,0,0,0
14/11/2020 02:23:20,0,0,0
14/11/2020 02:23:21,0,0,0
14/11/2020 02:23:22,0,0,0
14/11/2020 02:23:23,0,0,0
14/11/2020 02:23:24,0,0,0
14/11/2020 02:23:25,0,0,0
14/11/2020 02:23:26,0,0,0
14/11/2020 02:23:27,0,0,0
14/11/2020 02:23:28,0,0,0
14/11/2020 02:23:29,0,0,0
14/11/2020 02:23:30,0,0,0
14/11/2020 02:23:31,0,0,0
14/11/2020 02:23:32,0,0,0
14/11/2020 02:23:33,0,0,0
14/11/2020 02:23:34,0,0,0
14/11/2020 02:23:35,0,0,0
14/11/2020 02:23:36,0,0,0
14/11/2020 02:23:37,0,0,0
14/11/2020 02:23:38,0,0,0
14/11/2020 02:23:39,0,0,0
14/11/2020 02:23:40,0,0,0
14/11/2020 02:23:41,0,0,0
14/11/2020 02:23:42,0,0,0
14/11/2020 02:23:43,0,0,0
14/11/2020 02:23:44,0,0,0
14/11/2020 02:23:45,0,0,0
14/11/2020 02:23:46,0,0,0
14/11/2020 02:23:47,0,0,0
14/11/2020 02:23:48,0,0,0
14/11/2020 02:23:49,0,0,0
14/11/2020 02:23:50,0,0,0
14/11/2020 02:23:51,0,0,0
14/11/2020 02:23:52,0,0,0
14/11/2020 02:23:53,0,0,0
14/11/2020 02:23:54,0,0,0
14/11/2020 02:23:55,0,0,0
14/11/2020 02:23:56,0,0,0
14/11/2020 02:23:57,0,0,0
14/11/2020 02:23:58,0,0,0
14/11/2020 02:23:59,0,0,0
14/11/2020 02:24:00,0,0,0
14/11/2020 02:24:01,0,0,0
14/11/2020 02:24:02,0,0,0
14/11/2020 02:24:03,0,0,0
14/11/2020 02:24:04,0,0,0
14/11/2020 02:24:05,0,0,0
14/11/2020 02:24:06,0,0,0
14/11/2020 02:24:07,0,0,0
14/11/2020 02:24:08,0,0,0
14/11/2020 02:24:09,0,0,0
14/11/2020 02:24:10,0,0,0
14/11/2020 02:24:11,0,0,0
14/11/2020 02:24:12,0,0,0
14/11/2020 02:24:13,0,0,0
14/11/2020 02:24:14,0,0,0
14/11/2020 02:24:15,0,0,0
14/11/2020 02:24:16,0,0,0
14/11/2020 02:24:17,0,0,0
14/11/2020 02:24:18,0,0,0
14/11/2020 02:24:19,0,0,0
14/11/2020 02:24:20,0,0,0
14/11/2020 02:24:21,0,0,0
14/11/2020 02:24:22,0,0,0
14/11/2020 02:24:23,0,0,0
14/11/2020 02:24:24,0,0,0
14/11/2020 02:24:25,0,0,0
14/11/2020 02:24:26,0,0,0
14/11/2020 02:24:27,0,0,0
14/11/2020 02:24:28,0,0,0
14/11/2020 02:24:29,0,0,0
14/11/2020 02:24:30,0,0,0
14/11/2020 02:24:31,0,0,0
14/11/2020 02:24:32,0,0,0
14/11/2020 02:24:33,0,0,0
14/11/2020 02:24:34,0,0,0
14/11/2020 02:24:35,0,0,0
14/11/2020 02:24:36,0,0,0
14/11/2020 02:24:37,0,0,0
14/11/2020 02:24:38,0,0,0
14/11/2020 02:24:39,0,0,0
14/11/2020 02:24:40,0,0,0
14/11/2020 02:24:41,0,0,0
14/11/2020 02:24:42,0,0,0
14/11/2020 02:24:43,0,0,0
14/11/2020 02:24:44,0,0,0
14/11/2020 02:24:45,0,0,0
14/11/2020 02:24:46,0,0,0
14/11/2020 02:24:47,0,0,0
14/11/2020 02:24:48,0,0,0
14/11/2020 02:24:49,0,0,0
14/11/2020 02:24:50,0,0,0
14/11/2020 02:24:51,0,0,0
14/11/2020 02:24:52,0,0,0
14/11/2020 02:24:53,0,0,0
14/11/2020 02:24:54,0,0,0
14/11/2020 02:24:55,0,0,0
14/11/2020 02:24:56,0,0,0
14/11/2020 02:24:57,0,0,0
14/11/2020 02:24:58,0,0,0
14/11/2020 02:24:59,0,0,0
14/11/2020 02:25:00,0,0,0
14/11/2020 02:25:01,0,0,0
14/11/2020 02:25:02,0,0,0
14/11/2020 02:25:03,0,0,0
14/11/2020 02:25:04,0,0,0
14/11/2020 02:25:05,0,0,0
14/11/2020 02:25:06,0,0,0
14/11/2020 02:25:07,0,0,0
14/11/2020 02:25:08,0,0,0
14/11/2020 02:25:09,0,0,0
14/11/2020 02:25:10,0,0,0
14/11/2020 02:25:11,0,0,0
14/11/2020 02:25:12,0,0,0
14/11/2020 02:25:13,0,0,0
14/11/2020 02:25:14,0,0,0
14/11/2020 02:25:15,0,0,0
14/11/2020 02:25:16,0,0,0
14/11/2020 02:25:17,0,0,0
14/11/2020 02:25:18,0,0,0
14/11/2020 02:25:19,0,0,0
14/11/2020 02:25:20,0,0,0
14/11/2020 02:25:21,0,0,0
14/11/2020 02:25:22,0,0,0
14/11/2020 02:25:23,0,0,0
14/11/2020 02:25:24,0,0,0
14/11/2020 02:25:25,0,0,0
14/11/2020 02:25:26,0,0,0
14/11/2020 02:25:27,0,0,0
14/11/2020 02:25:28,0,0,0
14/11/2020 02:25:29,0,0,0
14/11/2020 02:25:30,0,0,0
14/11/2020 02:25:31,0,0,0
14/11/2020 02:25:32,0,0,0
14/11/2020 02:25:33,0,0,0
14/11/2020 02:25:34,0,0,0
14/11/2020 02:25:35,0,0,0
14/11/2020 02:25:36,0,0,0
14/11/2020 02:25:37,0,0,0
14/11/2020 02:25:38,0,0,0
14/11/2020 02:25:39,0,0,0
14/11/2020 02:25:40,0,0,0
14/11/2020 02:25:41,0,0,0
14/11/2020 02:25:42,0,0,0
14/11/2020 02:25:43,0,0,0
14/11/2020 02:25:44,0,0,0
14/11/2020 02:25:45,0,0,0
14/11/2020 02:25:46,0,0,0
14/11/2020 02:25:47,0,0,0
14/11/2020 02:25:48,0,0,0
14/11/2020 02:25:49,0,0,0
14/11/2020 02:25:50,0,0,0
14/11/2020 02:25:51,0,0,0
14/11/2020 02:25:52,0,0,0
14/11/2020 02:25:53,0,0,0
14/11/2020 02:25:54,0,0,0
14/11/2020 02:25:55,0,0,0
14/11/2020 02:25:56,0,0,0
14/11/2020 02:25:57,0,0,0
14/11/2020 02:25:58,0,0,0
14/11/2020 02:25:59,0,0,0
14/11/2020 02:26:00,0,0,0
14/11/2020 02:26:01,0,0,0
14/11/2020 02:26:02,0,0,0
14/11/2020 02:26:03,0,0,0
14/11/2020 02:26:04,0,0,0
14/11/2020 02:26:05,0,0,0
14/11/2020 02:26:06,0,0,0
14/11/2020 02:26:07,0,0,0
14/11/2020 02:26:08,0,0,0
14/11/2020 02:26:09,0,0,0
14/11/2020 02:26:10,0,0,0
14/11/2020 02:26:11,0,0,0
14/11/2020 02:26:12,0,0,0
14/11/2020 02:26:13,0,0,0
14/11/2020 02:26:14,0,0,0
14/11/2020 02:26:15,0,0,0
14/11/2020 02:26:16,0,0,0
14/11/2020 02:26:17,0,0,0
14/11/2020 02:26:18,0,0,0
14/11/2020 02:26:19,0,0,0
14/11/2020 02:26:20,0,0,0
14/11/2020 02:26:21,0,0,0
14/11/2020 02:26:22,0,0,0
14/11/2020 02:26:23,0,0,0
14/11/2020 02:26:24,0,0,0
14/11/2020 02:26:25,0,0,0
14/11/2020 02:26:26,0,0,0
14/11/2020 02:26:27,0,0,0
14/11/2020 02:26:28,0,0,0
14/11/2020 02:26:29,0,0,0
14/11/2020 02:26:30,0,0,0
14/11/2020 02:26:31,0,0,0
14/11/2020 02:26:32,0,0,0
14/11/2020 02:26:33,0,0,0
14/11/2020 02:26:34,0,0,0
14/11/2020 02:26:35,0,0,0
14/11/2020 02:26:36,0,0,0
14/11/2020 02:26:37,0,0,0
14/11/2020 02:26:38,0,0,0
14/11/2020 02:26:39,0,0,0
14/11/2020 02:26:40,0,0,0
14/11/2020 02:26:41,0,0,0
14/11/2020 02:26:42,0,0,0
14/11/2020 02:26:43,0,0,0
14/11/2020 02:26:44,0,0,0
14/11/2020 02:26:45,0,0,0
14/11/2020 02:26:46,0,0,0
14/11/2020 02:26:47,0,0,0
14/11/2020 02:26:48,0,0,0
14/11/2020 02:26:49,0,0,0
14/11/2020 02:26:50,0,0,0
14/11/2020 02:26:51,0,0,0
14/11/2020 02:26:52,0,0,0
14/11/2020 02:26:53,0,0,0
14/11/2020 02:26:54,0,0,0
14/11/2020 02:26:55,0,0,0
14/11/2020 02:26:56,0,0,0
14/11/2020 02:26:57,0,0,0
14/11/2020 02:26:58,0,0,0
14/11/2020 02:26:59,0,0,0
14/11/2020 02:27:00,0,0,0
14/11/2020 02:27:01,0,0,0
14/11/2020 02:27:02,0,0,0
14/11/2020 02:27:03,0,0,0
14/11/2020 02:27:04,0,0,0
14/11/2020 02:27:05,0,0,0
14/11/2020 02:27:06,0,0,0
14/11/2020 02:27:07,0,0,0
14/11/2020 02:27:08,0,0,0
14/11/2020 02:27:09,0,0,0
14/11/2020 02:27:10,0,0,0
14/11/2020 02:27:11,0,0,0
14/11/2020 02:27:12,0,0,0
14/11/2020 02:27:13,0,0,0
14/11/2020 02:27:14,0,0,0
14/11/2020 02:27:15,0,0,0
14/11/2020 02:27:16,0,0,0
14/11/2020 02:27:17,0,0,0
14/11/2020 02:27:18,0,0,0
14/11/2020 02:27:19,0,0,0
14/11/2020 02:27:20,0,0,0
14/11/2020 02:27:21,0,0,0
14/11/2020 02:27:22,0,0,0
14/11/2020 02:27:23,0,0,0
14/11/2020 02:27:24,0,0,0
14/11/2020 02:27:25,0,0,0
14/11/2020 02:27:26,0,0,0
14/11/2020 02:27:27,0,0,0
14/11/2020 02:27:28,0,0,0
14/11/2020 02:27:29,0,0,0
14/11/2020 02:27:30,0,0,0
14/11/2020 02:27:31,0,0,0
14/11/2020 02:27:32,0,0,0
14/11/2020 02:27:33,0,0,0
14/11/2020 02:27:34,0,0,0
14/11/2020 02:27:35,0,0,0
14/11/2020 02:27:36,0,0,0
14/11/2020 02:27:37,0,0,0
14/11/2020 02:27:38,0,0,0
14/11/2020 02:27:39,0,0,0
14/11/2020 02:27:40,0,0,0
14/11/2020 02:27:41,0,0,0
14/11/2020 02:27:42,0,0,0
14/11/2020 02:27:43,0,0,0
14/11/2020 02:27:44,0,0,0
14/11/2020 02:27:45,0,0,0
14/11/2020 02:27:46,0,0,0
14/11/2020 02:27:47,0,0,0
14/11/2020 02:27:48,0,0,0
14/11/2020 02:27:49,0,0,0
14/11/2020 02:27:50,0,0,0
14/11/2020 02:27:51,0,0,0
14/11/2020 02:27:52,0,0,0
14/11/2020 02:27:53,0,0,0
14/11/2020 02:27:54,0,0,0
14/11/2020 02:27:55,0,0,0
14/11/2020 02:27:56,0,0,0
14/11/2020 02:27:57,0,0,0
14/11/2020 02:27:58,0,0,0
14/11/2020 02:27:59,0,0,0
14/11/2020 02:28:00,0,0,0
14/11/2020 02:28:01,0,0,0
14/11/2020 02:28:02,0,0,0
14/11/2020 02:28:03,0,0,0
14/11/2020 02:28:04,0,0,0
14/11/2020 02:28:05,0,0,0
14/11/2020 02:28:06,0,0,0
14/11/2020 02:28:07,0,0,0
14/11/2020 02:28:08,0,0,0
14/11/2020 02:28:09,0,0,0
14/11/2020 02:28:10,0,0,0
14/11/2020 02:28:11,0,0,0
14/11/2020 02:28:12,0,0,0
14/11/2020 02:28:13,0,0,0
14/11/2020 02:28:14,0,0,0
14/11/2020 02:28:15,0,0,0
14/11/2020 02:28:16,0,0,0
14/11/2020 02:28:17,0,0,0
14/11/2020 02:28:18,0,0,0
14/11/2020 02:28:19,0,0,0
14/11/2020 02:28:20,0,0,0
14/11/2020 02:28:21,0,0,0
14/11/2020 02:28:22,0,0,0
14/11/2020 02:28:23,0,0,0
14/11/2020 02:28:24,0,0,0
14/11/2020 02:28:25,0,0,0
14/11/2020 02:28:26,0,0,0
14/11/2020 02:28:27,0,0,0
14/11/2020 02:28:28,0,0,0
14/11/2020 02:28:29,0,0,0
14/11/2020 02:28:30,0,0,0
14/11/2020 02:28:31,0,0,0
14/11/2020 02:28:32,0,0,0
14/11/2020 02:28:33,0,0,0
14/11/2020 02:28:34,0,0,0
14/11/2020 02:28:35,0,0,0
14/11/2020 02:28:36,0,0,0
14/11/2020 02:28:37,0,0,0
14/11/2020 02:28:38,0,0,0
14/11/2020 02:28:39,0,0,0
14/11/2020 02:28:40,0,0,0
14/11/2020 02:28:41,0,0,0
14/11/2020 02:28:42,0,0,0
14/11/2020 02:28:43,0,0,0
14/11/2020 02:28:44,0,0,0
14/11/2020 02:28:45,0,0,0
14/11/2020 02:28:46,0,0,0
14/11/2020 02:28:47,0,0,0
14/11/2020 02:28:48,0,0,0
14/11/2020 02:28:49,0,0,0
14/11/2020 02:28:50,0,0,0
14/11/2020 02:28:51,0,0,0
14/11/2020 02:28:52,0,0,0
14/11/2020 02:28:53,0,0,0
14/11/2020 02:28:54,0,0,0
14/11/2020 02:28:55,0,0,0
14/11/2020 02:28:56,0,0,0
14/11/2020 02:28:57,0,0,0
14/11/2020 02:28:58,0,0,0
14/11/2020 02:28:59,0,0,0
14/11/2020 02:29:00,0,0,0
14/11/2020 02:29:01,0,0,0
14/11/2020 02:29:02,0,0,0
14/11/2020 02:29:03,0,0,0
14/11/2020 02:29:04,0,0,0
14/11/2020 02:29:05,0,0,0
14/11/2020 02:29:06,0,0,0
14/11/2020 02:29:07,0,0,0
14/11/2020 02:29:08,0,0,0
14/11/2020 02:29:09,0,0,0
14/11/2020 02:29:10,0,0,0
14/11/2020 02:29:11,0,0,0
14/11/2020 02:29:12,0,0,0
14/11/2020 02:29:13,0,0,0
14/11/2020 02:29:14,0,0,0
14/11/2020 02:29:15,0,0,0
14/11/2020 02:29:16,0,0,0
14/11/2020 02:29:17,0,0,0
14/11/2020 02:29:18,0,0,0
14/11/2020 02:29:19,0,0,0
14/11/2020 02:29:20,0,0,0
14/11/2020 02:29:21,0,0,0
14/11/2020 02:29:22,0,0,0
14/11/2020 02:29:23,0,0,0
14/11/2020 02:29:24,0,0,0
14/11/2020 02:29:25,0,0,0
14/11/2020 02:29:26,0,0,0
14/11/2020 02:29:27,0,0,0
14/11/2020 02:29:28,0,0,0
14/11/2020 02:29:29,0,0,0
14/11/2020 02:29:30,0,0,0
14/11/2020 02:29:31,0,0,0
14/11/2020 02:29:32,0,0,0
14/11/2020 02:29:33,0,0,0
14/11/2020 02:29:34,0,0,0
14/11/2020 02:29:35,0,0,0
14/11/2020 02:29:36,0,0,0
14/11/2020 02:29:37,0,0,0
14/11/2020 02:29:38,0,0,0
14/11/2020 02:29:39,0,0,0
14/11/2020 02:29:40,0,0,0
14/11/2020 02:29:41,0,0,0
14/11/2020 02:29:42,0,0,0
14/11/2020 02:29:43,0,0,0
14/11/2020 02:29:44,0,0,0
14/11/2020 02:29:45,0,0,0
14/11/2020 02:29:46,0,0,0
14/11/2020 02:29:47,0,0,0
14/11/2020 02:29:48,0,0,0
14/11/2020 02:29:49,0,0,0
14/11/2020 02:29:50,0,0,0
14/11/2020 02:29:51,0,0,0
14/11/2020 02:29:52,0,0,0
14/11/2020 02:29:53,0,0,0
14/11/2020 02:29:54,0,0,0
14/11/2020 02:29:55,0,0,0
14/11/2020 02:29:56,0,0,0
14/11/2020 02:29:57,0,0,0
14/11/2020 02:29:58,0,0,0
14/11/2020 02:29:59,0,0,0
14/11/2020 02:30:00,0,0,0
14/11/2020 02:30:01,0,0,0
14/11/2020 02:30:02,0,0,0
14/11/2020 02:30:03,0,0,0
14/11/2020 02:30:04,0,0,0
14/11/2020 02:30:05,0,0,0
14/11/2020 02:30:06,0,0,0
14/11/2020 02:30:07,0,0,0
14/11/2020 02:30:08,0,0,0
14/11/2020 02:30:09,0,0,0
14/11/2020 02:30:10,0,0,0
14/11/2020 02:30:11,0,0,0
14/11/2020 02:30:12,0,0,0
14/11/2020 02:30:13,0,0,0
14/11/2020 02:30:14,0,0,0
14/11/2020 02:30:15,0,0,0
14/11/2020 02:30:16,0,0,0
14/11/2020 02:30:17,0,0,0
14/11/2020 02:30:18,0,0,0
14/11/2020 02:30:19,0,0,0
14/11/2020 02:30:20,0,0,0
14/11/2020 02:30:21,0,0,0
14/11/2020 02:30:22,0,0,0
14/11/2020 02:30:23,0,0,0
14/11/2020 02:30:24,0,0,0
14/11/2020 02:30:25,0,0,0
14/11/2020 02:30:26,0,0,0
14/11/2020 02:30:27,0,0,0
14/11/2020 02:30:28,0,0,0
14/11/2020 02:30:29,0,0,0
14/11/2020 02:30:30,0,0,0
14/11/2020 02:30:31,0,0,0
14/11/2020 02:30:32,0,0,0
14/11/2020 02:30:33,0,0,0
14/11/2020 02:30:34,0,0,0
14/11/2020 02:30:35,0,0,0
14/11/2020 02:30:36,0,0,0
14/11/2020 02:30:37,0,0,0
14/11/2020 02:30:38,0,0,0
14/11/2020 02:30:39,0,0,0
14/11/2020 02:30:40,0,0,0
14/11/2020 02:30:41,0,0,0
14/11/2020 02:30:42,0,0,0
14/11/2020 02:30:43,0,0,0
14/11/2020 02:30:44,0,0,0
14/11/2020 02:30:45,0,0,0
14/11/2020 02:30:46,0,0,0
14/11/2020 02:30:47,0,0,0
14/11/2020 02:30:48,0,0,0
14/11/2020 02:30:49,0,0,0
14/11/2020 02:30:50,0,0,0
14/11/2020 02:30:51,0,0,0
14/11/2020 02:30:52,0,0,0
14/11/2020 02:30:53,0,0,0
14/11/2020 02:30:54,0,0,0
14/11/2020 02:30:55,0,0,0
14/11/2020 02:30:56,0,0,0
14/11/2020 02:30:57,0,0,0
14/11/2020 02:30:58,0,0,0
14/11/2020 02:30:59,0,0,0
14/11/2020 02:31:00,0,0,0
14/11/2020 02:31:01,0,0,0
14/11/2020 02:31:02,0,0,0
14/11/2020 02:31:03,0,0,0
14/11/2020 02:31:04,0,0,0
14/11/2020 02:31:05,0,0,0
14/11/2020 02:31:06,0,0,0
14/11/2020 02:31:07,0,0,0
14/11/2020 02:31:08,0,0,0
14/11/2020 02:31:09,0,0,0
14/11/2020 02:31:10,0,0,0
14/11/2020 02:31:11,0,0,0
14/11/2020 02:31:12,0,0,0
14/11/2020 02:31:13,0,0,0
14/11/2020 02:31:14,0,0,0
14/11/2020 02:31:15,0,0,0
14/11/2020 02:31:16,0,0,0
14/11/2020 02:31:17,0,0,0
14/11/2020 02:31:18,0,0,0
14/11/2020 02:31:19,0,0,0
14/11/2020 02:31:20,0,0,0
14/11/2020 02:31:21,0,0,0
14/11/2020 02:31:22,0,0,0
14/11/2020 02:31:23,0,0,0
14/11/2020 02:31:24,0,0,0
14/11/2020 02:31:25,0,0,0
14/11/2020 02:31:26,0,0,0
14/11/2020 02:31:27,0,0,0
14/11/2020 02:31:28,0,0,0
14/11/2020 02:31:29,0,0,0
14/11/2020 02:31:30,0,0,0
14/11/2020 02:31:31,0,0,0
14/11/2020 02:31:32,0,0,0
14/11/2020 02:31:33,0,0,0
14/11/2020 02:31:34,0,0,0
14/11/2020 02:31:35,0,0,0
14/11/2020 02:31:36,0,0,0
14/11/2020 02:31:37,0,0,0
14/11/2020 02:31:38,0,0,0
14/11/2020 02:31:39,0,0,0
14/11/2020 02:31:40,0,0,0
14/11/2020 02:31:41,0,0,0
14/11/2020 02:31:42,0,0,0
14/11/2020 02:31:43,0,0,0
14/11/2020 02:31:44,0,0,0
14/11/2020 02:31:45,0,0,0
14/11/2020 02:31:46,0,0,0
14/11/2020 02:31:47,0,0,0
14/11/2020 02:31:48,0,0,0
14/11/2020 02:31:49,0,0,0
14/11/2020 02:31:50,0,0,0
14/11/2020 02:31:51,0,0,0
14/11/2020 02:31:52,0,0,0
14/11/2020 02:31:53,0,0,0
14/11/2020 02:31:54,0,0,0
14/11/2020 02:31:55,0,0,0
14/11/2020 02:31:56,0,0,0
14/11/2020 02:31:57,0,0,0
14/11/2020 02:31:58,0,0,0
14/11/2020 02:31:59,0,0,0
14/11/2020 02:32:00,0,0,0
14/11/2020 02:32:01,0,0,0
14/11/2020 02:32:02,0,0,0
14/11/2020 02:32:03,0,0,0
14/11/2020 02:32:04,0,0,0
14/11/2020 02:32:05,0,0,0
14/11/2020 02:32:06,0,0,0
14/11/2020 02:32:07,0,0,0
14/11/2020 02:32:08,0,0,0
14/11/2020 02:32:09,0,0,0
14/11/2020 02:32:10,0,0,0
14/11/2020 02:32:11,0,0,0
14/11/2020 02:32:12,0,0,0
14/11/2020 02:32:13,0,0,0
14/11/2020 02:32:14,0,0,0
14/11/2020 02:32:15,0,0,0
14/11/2020 02:32:16,0,0,0
14/11/2020 02:32:17,0,0,0
14/11/2020 02:32:18,0,0,0
14/11/2020 02:32:19,0,0,0
14/11/2020 02:32:20,0,0,0
14/11/2020 02:32:21,0,0,0
14/11/2020 02:32:22,0,0,0
14/11/2020 02:32:23,0,0,0
14/11/2020 02:32:24,0,0,0
14/11/2020 02:32:25,0,0,0
14/11/2020 02:32:26,0,0,0
14/11/2020 02:32:27,0,0,0
14/11/2020 02:32:28,0,0,0
14/11/2020 02:32:29,0,0,0
14/11/2020 02:32:30,0,0,0
14/11/2020 02:32:31,0,0,0
14/11/2020 02:32:32,0,0,0
14/11/2020 02:32:33,0,0,0
14/11/2020 02:32:34,0,0,0
14/11/2020 02:32:35,0,0,0
14/11/2020 02:32:36,0,0,0
14/11/2020 02:32:37,0,0,0
14/11/2020 02:32:38,0,0,0
14/11/2020 02:32:39,0,0,0
14/11/2020 02:32:40,0,0,0
14/11/2020 02:32:41,0,0,0
14/11/2020 02:32:42,0,0,0
14/11/2020 02:32:43,0,0,0
14/11/2020 02:32:44,0,0,0
14/11/2020 02:32:45,0,0,0
14/11/2020 02:32:46,0,0,0
14/11/2020 02:32:47,0,0,0
14/11/2020 02:32:48,0,0,0
14/11/2020 02:32:49,0,0,0
14/11/2020 02:32:50,0,0,0
14/11/2020 02:32:51,0,0,0
14/11/2020 02:32:52,0,0,0
14/11/2020 02:32:53,0,0,0
14/11/2020 02:32:54,0,0,0
14/11/2020 02:32:55,0,0,0
14/11/2020 02:32:56,0,0,0
14/11/2020 02:32:57,0,0,0
14/11/2020 02:32:58,0,0,0
14/11/2020 02:32:59,0,0,0
14/11/2020 02:33:00,0,0,0
14/11/2020 02:33:01,0,0,0
14/11/2020 02:33:02,0,0,0
14/11/2020 02:33:03,0,0,0
14/11/2020 02:33:04,0,0,0
14/11/2020 02:33:05,0,0,0
14/11/2020 02:33:06,0,0,0
14/11/2020 02:33:07,0,0,0
14/11/2020 02:33:08,0,0,0
14/11/2020 02:33:09,0,0,0
14/11/2020 02:33:10,0,0,0
14/11/2020 02:33:11,0,0,0
14/11/2020 02:33:12,0,0,0
14/11/2020 02:33:13,0,0,0
14/11/2020 02:33:14,0,0,0
14/11/2020 02:33:15,0,0,0
14/11/2020 02:33:16,0,0,0
14/11/2020 02:33:17,0,0,0
14/11/2020 02:33:18,0,0,0
14/11/2020 02:33:19,0,0,0
14/11/2020 02:33:20,0,0,0
14/11/2020 02:33:21,0,0,0
14/11/2020 02:33:22,0,0,0
14/11/2020 02:33:23,0,0,0
14/11/2020 02:33:24,0,0,0
14/11/2020 02:33:25,0,0,0
14/11/2020 02:33:26,0,0,0
14/11/2020 02:33:27,0,0,0
14/11/2020 02:33:28,0,0,0
14/11/2020 02:33:29,0,0,0
14/11/2020 02:33:30,0,0,0
14/11/2020 02:33:31,0,0,0
14/11/2020 02:33:32,0,0,0
14/11/2020 02:33:33,0,0,0
14/11/2020 02:33:34,0,0,0
14/11/2020 02:33:35,0,0,0
14/11/2020 02:33:36,0,0,0
14/11/2020 02:33:37,0,0,0
14/11/2020 02:33:38,0,0,0
14/11/2020 02:33:39,0,0,0
14/11/2020 02:33:40,0,0,0
14/11/2020 02:33:41,0,0,0
14/11/2020 02:33:42,0,0,0
14/11/2020 02:33:43,0,0,0
14/11/2020 02:33:44,0,0,0
14/11/2020 02:33:45,0,0,0
14/11/2020 02:33:46,0,0,0
14/11/2020 02:33:47,0,0,0
14/11/2020 02:33:48,0,0,0
14/11/2020 02:33:49,0,0,0
14/11/2020 02:33:50,0,0,0
14/11/2020 02:33:51,0,0,0
14/11/2020 02:33:52,0,0,0
14/11/2020 02:33:53,0,0,0
14/11/2020 02:33:54,0,0,0
14/11/2020 02:33:55,0,0,0
14/11/2020 02:33:56,0,0,0
14/11/2020 02:33:57,0,0,0
14/11/2020 02:33:58,0,0,0
14/11/2020 02:33:59,0,0,0
14/11/2020 02:34:00,0,0,0
14/11/2020 02:34:01,0,0,0
14/11/2020 02:34:02,0,0,0
14/11/2020 02:34:03,0,0,0
14/11/2020 02:34:04,0,0,0
14/11/2020 02:34:05,0,0,0
14/11/2020 02:34:06,0,0,0
14/11/2020 02:34:07,0,0,0
14/11/2020 02:34:08,0,0,0
14/11/2020 02:34:09,0,0,0
14/11/2020 02:34:10,0,0,0
14/11/2020 02:34:11,0,0,0
14/11/2020 02:34:12,0,0,0
14/11/2020 02:34:13,0,0,0
14/11/2020 02:34:14,0,0,0
14/11/2020 02:34:15,0,0,0
14/11/2020 02:34:16,0,0,0
14/11/2020 02:34:17,0,0,0
14/11/2020 02:34:18,0,0,0
14/11/2020 02:34:19,0,0,0
14/11/2020 02:34:20,0,0,0
14/11/2020 02:34:21,0,0,0
14/11/2020 02:34:22,0,0,0
14/11/2020 02:34:23,0,0,0
14/11/2020 02:34:24,0,0,0
14/11/2020 02:34:25,0,0,0
14/11/2020 02:34:26,0,0,0
14/11/2020 02:34:27,0,0,0
14/11/2020 02:34:28,0,0,0
14/11/2020 02:34:29,0,0,0
14/11/2020 02:34:30,0,0,0
14/11/2020 02:34:31,0,0,0
14/11/2020 02:34:32,0,0,0
14/11/2020 02:34:33,0,0,0
14/11/2020 02:34:34,0,0,0
14/11/2020 02:34:35,0,0,0
14/11/2020 02:34:36,0,0,0
14/11/2020 02:34:37,0,0,0
14/11/2020 02:34:38,0,0,0
14/11/2020 02:34:39,0,0,0
14/11/2020 02:34:40,0,0,0
14/11/2020 02:34:41,0,0,0
14/11/2020 02:34:42,0,0,0
14/11/2020 02:34:43,0,0,0
14/11/2020 02:34:44,0,0,0
14/11/2020 02:34:45,0,0,0
14/11/2020 02:34:46,0,0,0
14/11/2020 02:34:47,0,0,0
14/11/2020 02:34:48,0,0,0
14/11/2020 02:34:49,0,0,0
14/11/2020 02:34:50,0,0,0
14/11/2020 02:34:51,0,0,0
14/11/2020 02:34:52,0,0,0
14/11/2020 02:34:53,0,0,0
14/11/2020 02:34:54,0,0,0
14/11/2020 02:34:55,0,0,0
14/11/2020 02:34:56,0,0,0
14/11/2020 02:34:57,0,0,0
14/11/2020 02:34:58,0,0,0
14/11/2020 02:34:59,0,0,0
14/11/2020 02:35:00,0,0,0
14/11/2020 02:35:01,0,0,0
14/11/2020 02:35:02,0,0,0
14/11/2020 02:35:03,0,0,0
14/11/2020 02:35:04,0,0,0
14/11/2020 02:35:05,0,0,0
14/11/2020 02:35:06,0,0,0
14/11/2020 02:35:07,0,0,0
14/11/2020 02:35:08,0,0,0
14/11/2020 02:35:09,0,0,0
14/11/2020 02:35:10,0,0,0
14/11/2020 02:35:11,0,0,0
14/11/2020 02:35:12,0,0,0
14/11/2020 02:35:13,0,0,0
14/11/2020 02:35:14,0,0,0
14/11/2020 02:35:15,0,0,0
14/11/2020 02:35:16,0,0,0
14/11/2020 02:35:17,0,0,0
14/11/2020 02:35:18,0,0,0
14/11/2020 02:35:19,0,0,0
14/11/2020 02:35:20,0,0,0
14/11/2020 02:35:21,0,0,0
14/11/2020 02:35:22,0,0,0
14/11/2020 02:35:23,0,0,0
14/11/2020 02:35:24,0,0,0
14/11/2020 02:35:25,0,0,0
14/11/2020 02:35:26,0,0,0
14/11/2020 02:35:27,0,0,0
14/11/2020 02:35:28,0,0,0
14/11/2020 02:35:29,0,0,0
14/11/2020 02:35:30,0,0,0
14/11/2020 02:35:31,0,0,0
14/11/2020 02:35:32,0,0,0
14/11/2020 02:35:33,0,0,0
14/11/2020 02:35:34,0,0,0
14/11/2020 02:35:35,0,0,0
14/11/2020 02:35:36,0,0,0
14/11/2020 02:35:37,0,0,0
14/11/2020 02:35:38,0,0,0
14/11/2020 02:35:39,0,0,0
14/11/2020 02:35:40,0,0,0
14/11/2020 02:35:41,0,0,0
14/11/2020 02:35:42,0,0,0
14/11/2020 02:35:43,0,0,0
14/11/2020 02:35:44,0,0,0
14/11/2020 02:35:45,0,0,0
14/11/2020 02:35:46,0,0,0
14/11/2020 02:35:47,0,0,0
14/11/2020 02:35:48,0,0,0
14/11/2020 02:35:49,0,0,0
14/11/2020 02:35:50,0,0,0
14/11/2020 02:35:51,0,0,0
14/11/2020 02:35:52,0,0,0
14/11/2020 02:35:53,0,0,0
14/11/2020 02:35:54,0,0,0
14/11/2020 02:35:55,0,0,0
14/11/2020 02:35:56,0,0,0
14/11/2020 02:35:57,0,0,0
14/11/2020 02:35:58,0,0,0
14/11/2020 02:35:59,0,0,0
14/11/2020 02:36:00,0,0,0
14/11/2020 02:36:01,0,0,0
14/11/2020 02:36:02,0,0,0
14/11/2020 02:36:03,0,0,0
14/11/2020 02:36:04,0,0,0
14/11/2020 02:36:05,0,0,0
14/11/2020 02:36:06,0,0,0
14/11/2020 02:36:07,0,0,0
14/11/2020 02:36:08,0,0,0
14/11/2020 02:36:09,0,0,0
14/11/2020 02:36:10,0,0,0
14/11/2020 02:36:11,0,0,0
14/11/2020 02:36:12,0,0,0
14/11/2020 02:36:13,0,0,0
14/11/2020 02:36:14,0,0,0
14/11/2020 02:36:15,0,0,0
14/11/2020 02:36:16,0,0,0
14/11/2020 02:36:17,0,0,0
14/11/2020 02:36:18,0,0,0
14/11/2020 02:36:19,0,0,0
14/11/2020 02:36:20,0,0,0
14/11/2020 02:36:21,0,0,0
14/11/2020 02:36:22,0,0,0
14/11/2020 02:36:23,0,0,0
14/11/2020 02:36:24,0,0,0
14/11/2020 02:36:25,0,0,0
14/11/2020 02:36:26,0,0,0
14/11/2020 02:36:27,0,0,0
14/11/2020 02:36:28,0,0,0
14/11/2020 02:36:29,0,0,0
14/11/2020 02:36:30,0,0,0
14/11/2020 02:36:31,0,0,0
14/11/2020 02:36:32,0,0,0
14/11/2020 02:36:33,0,0,0
14/11/2020 02:36:34,0,0,0
14/11/2020 02:36:35,0,0,0
14/11/2020 02:36:36,0,0,0
14/11/2020 02:36:37,0,0,0
14/11/2020 02:36:38,0,0,0
14/11/2020 02:36:39,0,0,0
14/11/2020 02:36:40,0,0,0
14/11/2020 02:36:41,0,0,0
14/11/2020 02:36:42,0,0,0
14/11/2020 02:36:43,0,0,0
14/11/2020 02:36:44,0,0,0
14/11/2020 02:36:45,0,0,0
14/11/2020 02:36:46,0,0,0
14/11/2020 02:36:47,0,0,0
14/11/2020 02:36:48,0,0,0
14/11/2020 02:36:49,0,0,0
14/11/2020 02:36:50,0,0,0
14/11/2020 02:36:51,0,0,0
14/11/2020 02:36:52,0,0,0
14/11/2020 02:36:53,0,0,0
14/11/2020 02:36:54,0,0,0
14/11/2020 02:36:55,0,0,0
14/11/2020 02:36:56,0,0,0
14/11/2020 02:36:57,0,0,0
14/11/2020 02:36:58,0,0,0
14/11/2020 02:36:59,0,0,0
14/11/2020 02:37:00,0,0,0
14/11/2020 02:37:01,0,0,0
14/11/2020 02:37:02,0,0,0
14/11/2020 02:37:03,0,0,0
14/11/2020 02:37:04,0,0,0
14/11/2020 02:37:05,0,0,0
14/11/2020 02:37:06,0,0,0
14/11/2020 02:37:07,0,0,0
14/11/2020 02:37:08,0,0,0
14/11/2020 02:37:09,0,0,0
14/11/2020 02:37:10,0,0,0
14/11/2020 02:37:11,0,0,0
14/11/2020 02:37:12,0,0,0
14/11/2020 02:37:13,0,0,0
14/11/2020 02:37:14,0,0,0
14/11/2020 02:37:15,0,0,0
14/11/2020 02:37:16,0,0,0
14/11/2020 02:37:17,0,0,0
14/11/2020 02:37:18,0,0,0
14/11/2020 02:37:19,0,0,0
14/11/2020 02:37:20,0,0,0
14/11/2020 02:37:21,0,0,0
14/11/2020 02:37:22,0,0,0
14/11/2020 02:37:23,0,0,0
14/11/2020 02:37:24,0,0,0
14/11/2020 02:37:25,0,0,0
14/11/2020 02:37:26,0,0,0
14/11/2020 02:37:27,0,0,0
14/11/2020 02:37:28,0,0,0
14/11/2020 02:37:29,0,0,0
14/11/2020 02:37:30,0,0,0
14/11/2020 02:37:31,0,0,0
14/11/2020 02:37:32,0,0,0
14/11/2020 02:37:33,0,0,0
14/11/2020 02:37:34,0,0,0
14/11/2020 02:37:35,0,0,0
14/11/2020 02:37:36,0,0,0
14/11/2020 02:37:37,0,0,0
14/11/2020 02:37:38,0,0,0
14/11/2020 02:37:39,0,0,0
14/11/2020 02:37:40,0,0,0
14/11/2020 02:37:41,0,0,0
14/11/2020 02:37:42,0,0,0
14/11/2020 02:37:43,0,0,0
14/11/2020 02:37:44,0,0,0
14/11/2020 02:37:45,0,0,0
14/11/2020 02:37:46,0,0,0
14/11/2020 02:37:47,0,0,0
14/11/2020 02:37:48,0,0,0
14/11/2020 02:37:49,0,0,0
14/11/2020 02:37:50,0,0,0
14/11/2020 02:37:51,0,0,0
14/11/2020 02:37:52,0,0,0
14/11/2020 02:37:53,0,0,0
14/11/2020 02:37:54,0,0,0
14/11/2020 02:37:55,0,0,0
14/11/2020 02:37:56,0,0,0
14/11/2020 02:37:57,0,0,0
14/11/2020 02:37:58,0,0,0
14/11/2020 02:37:59,0,0,0
14/11/2020 02:38:00,0,0,0
14/11/2020 02:38:01,0,0,0
14/11/2020 02:38:02,0,0,0
14/11/2020 02:38:03,0,0,0
14/11/2020 02:38:04,0,0,0
14/11/2020 02:38:05,0,0,0
14/11/2020 02:38:06,0,0,0
14/11/2020 02:38:07,0,0,0
14/11/2020 02:38:08,0,0,0
14/11/2020 02:38:09,0,0,0
14/11/2020 02:38:10,0,0,0
14/11/2020 02:38:11,0,0,0
14/11/2020 02:38:12,0,0,0
14/11/2020 02:38:13,0,0,0
14/11/2020 02:38:14,0,0,0
14/11/2020 02:38:15,0,0,0
14/11/2020 02:38:16,0,0,0
14/11/2020 02:38:17,0,0,0
14/11/2020 02:38:18,0,0,0
14/11/2020 02:38:19,0,0,0
14/11/2020 02:38:20,0,0,0
14/11/2020 02:38:21,0,0,0
14/11/2020 02:38:22,0,0,0
14/11/2020 02:38:23,0,0,0
14/11/2020 02:38:24,0,0,0
14/11/2020 02:38:25,0,0,0
14/11/2020 02:38:26,0,0,0
14/11/2020 02:38:27,0,0,0
14/11/2020 02:38:28,0,0,0
14/11/2020 02:38:29,0,0,0
14/11/2020 02:38:30,0,0,0
14/11/2020 02:38:31,0,0,0
14/11/2020 02:38:32,0,0,0
14/11/2020 02:38:33,0,0,0
14/11/2020 02:38:34,0,0,0
14/11/2020 02:38:35,0,0,0
14/11/2020 02:38:36,0,0,0
14/11/2020 02:38:37,0,0,0
14/11/2020 02:38:38,0,0,0
14/11/2020 02:38:39,0,0,0
14/11/2020 02:38:40,0,0,0
14/11/2020 02:38:41,0,0,0
14/11/2020 02:38:42,0,0,0
14/11/2020 02:38:43,0,0,0
14/11/2020 02:38:44,0,0,0
14/11/2020 02:38:45,0,0,0
14/11/2020 02:38:46,0,0,0
14/11/2020 02:38:47,0,0,0
14/11/2020 02:38:48,0,0,0
14/11/2020 02:38:49,0,0,0
14/11/2020 02:38:50,0,0,0
14/11/2020 02:38:51,0,0,0
14/11/2020 02:38:52,0,0,0
14/11/2020 02:38:53,0,0,0
14/11/2020 02:38:54,0,0,0
14/11/2020 02:38:55,0,0,0
14/11/2020 02:38:56,0,0,0
14/11/2020 02:38:57,0,0,0
14/11/2020 02:38:58,0,0,0
14/11/2020 02:38:59,0,0,0
14/11/2020 02:39:00,0,0,0
14/11/2020 02:39:01,0,0,0
14/11/2020 02:39:02,0,0,0
14/11/2020 02:39:03,0,0,0
14/11/2020 02:39:04,0,0,0
14/11/2020 02:39:05,0,0,0
14/11/2020 02:39:06,0,0,0
14/11/2020 02:39:07,0,0,0
14/11/2020 02:39:08,0,0,0
14/11/2020 02:39:09,0,0,0
14/11/2020 02:39:10,0,0,0
14/11/2020 02:39:11,0,0,0
14/11/2020 02:39:12,0,0,0
14/11/2020 02:39:13,0,0,0
14/11/2020 02:39:14,0,0,0
14/11/2020 02:39:15,0,0,0
14/11/2020 02:39:16,0,0,0
14/11/2020 02:39:17,0,0,0
14/11/2020 02:39:18,0,0,0
14/11/2020 02:39:19,0,0,0
14/11/2020 02:39:20,0,0,0
14/11/2020 02:39:21,0,0,0
14/11/2020 02:39:22,0,0,0
14/11/2020 02:39:23,0,0,0
14/11/2020 02:39:24,0,0,0
14/11/2020 02:39:25,0,0,0
14/11/2020 02:39:26,0,0,0
14/11/2020 02:39:27,0,0,0
14/11/2020 02:39:28,0,0,0
14/11/2020 02:39:29,0,0,0
14/11/2020 02:39:30,0,0,0
14/11/2020 02:39:31,0,0,0
14/11/2020 02:39:32,0,0,0
14/11/2020 02:39:33,0,0,0
14/11/2020 02:39:34,0,0,0
14/11/2020 02:39:35,0,0,0
14/11/2020 02:39:36,0,0,0
14/11/2020 02:39:37,0,0,0
14/11/2020 02:39:38,0,0,0
14/11/2020 02:39:39,0,0,0
14/11/2020 02:39:40,0,0,0
14/11/2020 02:39:41,0,0,0
14/11/2020 02:39:42,0,0,0
14/11/2020 02:39:43,0,0,0
14/11/2020 02:39:44,0,0,0
14/11/2020 02:39:45,0,0,0
14/11/2020 02:39:46,0,0,0
14/11/2020 02:39:47,0,0,0
14/11/2020 02:39:48,0,0,0
14/11/2020 02:39:49,0,0,0
14/11/2020 02:39:50,0,0,0
14/11/2020 02:39:51,0,0,0
14/11/2020 02:39:52,0,0,0
14/11/2020 02:39:53,0,0,0
14/11/2020 02:39:54,0,0,0
14/11/2020 02:39:55,0,0,0
14/11/2020 02:39:56,0,0,0
14/11/2020 02:39:57,0,0,0
14/11/2020 02:39:58,0,0,0
14/11/2020 02:39:59,0,0,0
14/11/2020 02:40:00,0,0,0
14/11/2020 02:40:01,0,0,0
14/11/2020 02:40:02,0,0,0
14/11/2020 02:40:03,0,0,0
14/11/2020 02:40:04,0,0,0
14/11/2020 02:40:05,0,0,0
14/11/2020 02:40:06,0,0,0
14/11/2020 02:40:07,0,0,0
14/11/2020 02:40:08,0,0,0
14/11/2020 02:40:09,0,0,0
14/11/2020 02:40:10,0,0,0
14/11/2020 02:40:11,0,0,0
14/11/2020 02:40:12,0,0,0
14/11/2020 02:40:13,0,0,0
14/11/2020 02:40:14,0,0,0
14/11/2020 02:40:15,0,0,0
14/11/2020 02:40:16,0,0,0
14/11/2020 02:40:17,0,0,0
14/11/2020 02:40:18,0,0,0
14/11/2020 02:40:19,0,0,0
14/11/2020 02:40:20,0,0,0
14/11/2020 02:40:21,0,0,0
14/11/2020 02:40:22,0,0,0
14/11/2020 02:40:23,0,0,0
14/11/2020 02:40:24,0,0,0
14/11/2020 02:40:25,0,0,0
14/11/2020 02:40:26,0,0,0
14/11/2020 02:40:27,0,0,0
14/11/2020 02:40:28,0,0,0
14/11/2020 02:40:29,0,0,0
14/11/2020 02:40:30,0,0,0
14/11/2020 02:40:31,0,0,0
14/11/2020 02:40:32,0,0,0
14/11/2020 02:40:33,0,0,0
14/11/2020 02:40:34,0,0,0
14/11/2020 02:40:35,0,0,0
14/11/2020 02:40:36,0,0,0
14/11/2020 02:40:37,0,0,0
14/11/2020 02:40:38,0,0,0
14/11/2020 02:40:39,0,0,0
14/11/2020 02:40:40,0,0,0
14/11/2020 02:40:41,0,0,0
14/11/2020 02:40:42,0,0,0
14/11/2020 02:40:43,0,0,0
14/11/2020 02:40:44,0,0,0
14/11/2020 02:40:45,0,0,0
14/11/2020 02:40:46,0,0,0
14/11/2020 02:40:47,0,0,0
14/11/2020 02:40:48,0,0,0
14/11/2020 02:40:49,0,0,0
14/11/2020 02:40:50,0,0,0
14/11/2020 02:40:51,0,0,0
14/11/2020 02:40:52,0,0,0
14/11/2020 02:40:53,0,0,0
14/11/2020 02:40:54,0,0,0
14/11/2020 02:40:55,0,0,0
14/11/2020 02:40:56,0,0,0
14/11/2020 02:40:57,0,0,0
14/11/2020 02:40:58,0,0,0
14/11/2020 02:40:59,0,0,0
14/11/2020 02:41:00,0,0,0
14/11/2020 02:41:01,0,0,0
14/11/2020 02:41:02,0,0,0
14/11/2020 02:41:03,0,0,0
14/11/2020 02:41:04,0,0,0
14/11/2020 02:41:05,0,0,0
14/11/2020 02:41:06,0,0,0
14/11/2020 02:41:07,0,0,0
14/11/2020 02:41:08,0,0,0
14/11/2020 02:41:09,0,0,0
14/11/2020 02:41:10,0,0,0
14/11/2020 02:41:11,0,0,0
14/11/2020 02:41:12,0,0,0
14/11/2020 02:41:13,0,0,0
14/11/2020 02:41:14,0,0,0
14/11/2020 02:41:15,0,0,0
14/11/2020 02:41:16,0,0,0
14/11/2020 02:41:17,0,0,0
14/11/2020 02:41:18,0,0,0
14/11/2020 02:41:19,0,0,0
14/11/2020 02:41:20,0,0,0
14/11/2020 02:41:21,0,0,0
14/11/2020 02:41:22,0,0,0
14/11/2020 02:41:23,0,0,0
14/11/2020 02:41:24,0,0,0
14/11/2020 02:41:25,0,0,0
14/11/2020 02:41:26,0,0,0
14/11/2020 02:41:27,0,0,0
14/11/2020 02:41:28,0,0,0
14/11/2020 02:41:29,0,0,0
14/11/2020 02:41:30,0,0,0
14/11/2020 02:41:31,0,0,0
14/11/2020 02:41:32,0,0,0
14/11/2020 02:41:33,0,0,0
14/11/2020 02:41:34,0,0,0
14/11/2020 02:41:35,0,0,0
14/11/2020 02:41:36,0,0,0
14/11/2020 02:41:37,0,0,0
14/11/2020 02:41:38,0,0,0
14/11/2020 02:41:39,0,0,0
14/11/2020 02:41:40,0,0,0
14/11/2020 02:41:41,0,0,0
14/11/2020 02:41:42,0,0,0
14/11/2020 02:41:43,0,0,0
14/11/2020 02:41:44,0,0,0
14/11/2020 02:41:45,0,0,0
14/11/2020 02:41:46,0,0,0
14/11/2020 02:41:47,0,0,0
14/11/2020 02:41:48,0,0,0
14/11/2020 02:41:49,0,0,0
14/11/2020 02:41:50,0,0,0
14/11/2020 02:41:51,0,0,0
14/11/2020 02:41:52,0,0,0
14/11/2020 02:41:53,0,0,0
14/11/2020 02:41:54,0,0,0
14/11/2020 02:41:55,0,0,0
14/11/2020 02:41:56,0,0,0
14/11/2020 02:41:57,0,0,0
14/11/2020 02:41:58,0,0,0
14/11/2020 02:41:59,0,0,0
14/11/2020 02:42:00,0,0,0
14/11/2020 02:42:01,0,0,0
14/11/2020 02:42:02,0,0,0
14/11/2020 02:42:03,0,0,0
14/11/2020 02:42:04,0,0,0
14/11/2020 02:42:05,0,0,0
14/11/2020 02:42:06,0,0,0
14/11/2020 02:42:07,0,0,0
14/11/2020 02:42:08,0,0,0
14/11/2020 02:42:09,0,0,0
14/11/2020 02:42:10,0,0,0
14/11/2020 02:42:11,0,0,0
14/11/2020 02:42:12,0,0,0
14/11/2020 02:42:13,0,0,0
14/11/2020 02:42:14,0,0,0
14/11/2020 02:42:15,0,0,0
14/11/2020 02:42:16,0,0,0
14/11/2020 02:42:17,0,0,0
14/11/2020 02:42:18,0,0,0
14/11/2020 02:42:19,0,0,0
14/11/2020 02:42:20,0,0,0
14/11/2020 02:42:21,0,0,0
14/11/2020 02:42:22,0,0,0
14/11/2020 02:42:23,0,0,0
14/11/2020 02:42:24,0,0,0
14/11/2020 02:42:25,0,0,0
14/11/2020 02:42:26,0,0,0
14/11/2020 02:42:27,0,0,0
14/11/2020 02:42:28,0,0,0
14/11/2020 02:42:29,0,0,0
14/11/2020 02:42:30,0,0,0
14/11/2020 02:42:31,0,0,0
14/11/2020 02:42:32,0,0,0
14/11/2020 02:42:33,0,0,0
14/11/2020 02:42:34,0,0,0
14/11/2020 02:42:35,0,0,0
14/11/2020 02:42:36,0,0,0
14/11/2020 02:42:37,0,0,0
14/11/2020 02:42:38,0,0,0
14/11/2020 02:42:39,0,0,0
14/11/2020 02:42:40,0,0,0
14/11/2020 02:42:41,0,0,0
14/11/2020 02:42:42,0,0,0
14/11/2020 02:42:43,0,0,0
14/11/2020 02:42:44,0,0,0
14/11/2020 02:42:45,0,0,0
14/11/2020 02:42:46,0,0,0
14/11/2020 02:42:47,0,0,0
14/11/2020 02:42:48,0,0,0
14/11/2020 02:42:49,0,0,0
14/11/2020 02:42:50,0,0,0
14/11/2020 02:42:51,0,0,0
14/11/2020 02:42:52,0,0,0
14/11/2020 02:42:53,0,0,0
14/11/2020 02:42:54,0,0,0
14/11/2020 02:42:55,0,0,0
14/11/2020 02:42:56,0,0,0
14/11/2020 02:42:57,0,0,0
14/11/2020 02:42:58,0,0,0
14/11/2020 02:42:59,0,0,0
14/11/2020 02:43:00,0,0,0
14/11/2020 02:43:01,0,0,0
14/11/2020 02:43:02,0,0,0
14/11/2020 02:43:03,0,0,0
14/11/2020 02:43:04,0,0,0
14/11/2020 02:43:05,0,0,0
14/11/2020 02:43:06,0,0,0
14/11/2020 02:43:07,0,0,0
14/11/2020 02:43:08,0,0,0
14/11/2020 02:43:09,0,0,0
14/11/2020 02:43:10,0,0,0
14/11/2020 02:43:11,0,0,0
14/11/2020 02:43:12,0,0,0
14/11/2020 02:43:13,0,0,0
14/11/2020 02:43:14,0,0,0
14/11/2020 02:43:15,0,0,0
14/11/2020 02:43:16,0,0,0
14/11/2020 02:43:17,0,0,0
14/11/2020 02:43:18,0,0,0
14/11/2020 02:43:19,0,0,0
14/11/2020 02:43:20,0,0,0
14/11/2020 02:43:21,0,0,0
14/11/2020 02:43:22,0,0,0
14/11/2020 02:43:23,0,0,0
14/11/2020 02:43:24,0,0,0
14/11/2020 02:43:25,0,0,0
14/11/2020 02:43:26,0,0,0
14/11/2020 02:43:27,0,0,0
14/11/2020 02:43:28,0,0,0
14/11/2020 02:43:29,0,0,0
14/11/2020 02:43:30,0,0,0
14/11/2020 02:43:31,0,0,0
14/11/2020 02:43:32,0,0,0
14/11/2020 02:43:33,0,0,0
14/11/2020 02:43:34,0,0,0
14/11/2020 02:43:35,0,0,0
14/11/2020 02:43:36,0,0,0
14/11/2020 02:43:37,0,0,0
14/11/2020 02:43:38,0,0,0
14/11/2020 02:43:39,0,0,0
14/11/2020 02:43:40,0,0,0
14/11/2020 02:43:41,0,0,0
14/11/2020 02:43:42,0,0,0
14/11/2020 02:43:43,0,0,0
14/11/2020 02:43:44,0,0,0
14/11/2020 02:43:45,0,0,0
14/11/2020 02:43:46,0,0,0
14/11/2020 02:43:47,0,0,0
14/11/2020 02:43:48,0,0,0
14/11/2020 02:43:49,0,0,0
14/11/2020 02:43:50,0,0,0
14/11/2020 02:43:51,0,0,0
14/11/2020 02:43:52,0,0,0
14/11/2020 02:43:53,0,0,0
14/11/2020 02:43:54,0,0,0
14/11/2020 02:43:55,0,0,0
14/11/2020 02:43:56,0,0,0
14/11/2020 02:43:57,0,0,0
14/11/2020 02:43:58,0,0,0
14/11/2020 02:43:59,0,0,0
14/11/2020 02:44:00,0,0,0
14/11/2020 02:44:01,0,0,0
14/11/2020 02:44:02,0,0,0
14/11/2020 02:44:03,0,0,0
14/11/2020 02:44:04,0,0,0
14/11/2020 02:44:05,0,0,0
14/11/2020 02:44:06,0,0,0
14/11/2020 02:44:07,0,0,0
14/11/2020 02:44:08,0,0,0
14/11/2020 02:44:09,0,0,0
14/11/2020 02:44:10,0,0,0
14/11/2020 02:44:11,0,0,0
14/11/2020 02:44:12,0,0,0
14/11/2020 02:44:13,0,0,0
14/11/2020 02:44:14,0,0,0
14/11/2020 02:44:15,0,0,0
14/11/2020 02:44:16,0,0,0
14/11/2020 02:44:17,0,0,0
14/11/2020 02:44:18,0,0,0
14/11/2020 02:44:19,0,0,0
14/11/2020 02:44:20,0,0,0
14/11/2020 02:44:21,0,0,0
14/11/2020 02:44:22,0,0,0
14/11/2020 02:44:23,0,0,0
14/11/2020 02:44:24,0,0,0
14/11/2020 02:44:25,0,0,0
14/11/2020 02:44:26,0,0,0
14/11/2020 02:44:27,0,0,0
14/11/2020 02:44:28,0,0,0
14/11/2020 02:44:29,0,0,0
14/11/2020 02:44:30,0,0,0
14/11/2020 02:44:31,0,0,0
14/11/2020 02:44:32,0,0,0
14/11/2020 02:44:33,0,0,0
14/11/2020 02:44:34,0,0,0
14/11/2020 02:44:35,0,0,0
14/11/2020 02:44:36,0,0,0
14/11/2020 02:44:37,0,0,0
14/11/2020 02:44:38,0,0,0
14/11/2020 02:44:39,0,0,0
14/11/2020 02:44:40,0,0,0
14/11/2020 02:44:41,0,0,0
14/11/2020 02:44:42,0,0,0
14/11/2020 02:44:43,0,0,0
14/11/2020 02:44:44,0,0,0
14/11/2020 02:44:45,0,0,0
14/11/2020 02:44:46,0,0,0
14/11/2020 02:44:47,0,0,0
14/11/2020 02:44:48,0,0,0
14/11/2020 02:44:49,0,0,0
14/11/2020 02:44:50,0,0,0
14/11/2020 02:44:51,0,0,0
14/11/2020 02:44:52,0,0,0
14/11/2020 02:44:53,0,0,0
14/11/2020 02:44:54,0,0,0
14/11/2020 02:44:55,0,0,0
14/11/2020 02:44:56,0,0,0
14/11/2020 02:44:57,0,0,0
14/11/2020 02:44:58,0,0,0
14/11/2020 02:44:59,0,0,0
14/11/2020 02:45:00,0,0,0
14/11/2020 02:45:01,0,0,0
14/11/2020 02:45:02,0,0,0
14/11/2020 02:45:03,0,0,0
14/11/2020 02:45:04,0,0,0
14/11/2020 02:45:05,0,0,0
14/11/2020 02:45:06,0,0,0
14/11/2020 02:45:07,0,0,0
14/11/2020 02:45:08,0,0,0
14/11/2020 02:45:09,0,0,0
14/11/2020 02:45:10,0,0,0
14/11/2020 02:45:11,0,0,0
14/11/2020 02:45:12,0,0,0
14/11/2020 02:45:13,0,0,0
14/11/2020 02:45:14,0,0,0
14/11/2020 02:45:15,0,0,0
14/11/2020 02:45:16,0,0,0
14/11/2020 02:45:17,0,0,0
14/11/2020 02:45:18,0,0,0
14/11/2020 02:45:19,0,0,0
14/11/2020 02:45:20,0,0,0
14/11/2020 02:45:21,0,0,0
14/11/2020 02:45:22,0,0,0
14/11/2020 02:45:23,0,0,0
14/11/2020 02:45:24,0,0,0
14/11/2020 02:45:25,0,0,0
14/11/2020 02:45:26,0,0,0
14/11/2020 02:45:27,0,0,0
14/11/2020 02:45:28,0,0,0
14/11/2020 02:45:29,0,0,0
14/11/2020 02:45:30,0,0,0
14/11/2020 02:45:31,0,0,0
14/11/2020 02:45:32,0,0,0
14/11/2020 02:45:33,0,0,0
14/11/2020 02:45:34,0,0,0
14/11/2020 02:45:35,0,0,0
14/11/2020 02:45:36,0,0,0
14/11/2020 02:45:37,0,0,0
14/11/2020 02:45:38,0,0,0
14/11/2020 02:45:39,0,0,0
14/11/2020 02:45:40,0,0,0
14/11/2020 02:45:41,0,0,0
14/11/2020 02:45:42,0,0,0
14/11/2020 02:45:43,0,0,0
14/11/2020 02:45:44,0,0,0
14/11/2020 02:45:45,0,0,0
14/11/2020 02:45:46,0,0,0
14/11/2020 02:45:47,0,0,0
14/11/2020 02:45:48,0,0,0
14/11/2020 02:45:49,0,0,0
14/11/2020 02:45:50,0,0,0
14/11/2020 02:45:51,0,0,0
14/11/2020 02:45:52,0,0,0
14/11/2020 02:45:53,0,0,0
14/11/2020 02:45:54,0,0,0
14/11/2020 02:45:55,0,0,0
14/11/2020 02:45:56,0,0,0
14/11/2020 02:45:57,0,0,0
14/11/2020 02:45:58,0,0,0
14/11/2020 02:45:59,0,0,0
14/11/2020 02:46:00,0,0,0
14/11/2020 02:46:01,0,0,0
14/11/2020 02:46:02,0,0,0
14/11/2020 02:46:03,0,0,0
14/11/2020 02:46:04,0,0,0
14/11/2020 02:46:05,0,0,0
14/11/2020 02:46:06,0,0,0
14/11/2020 02:46:07,0,0,0
14/11/2020 02:46:08,0,0,0
14/11/2020 02:46:09,0,0,0
14/11/2020 02:46:10,0,0,0
14/11/2020 02:46:11,0,0,0
14/11/2020 02:46:12,0,0,0
14/11/2020 02:46:13,0,0,0
14/11/2020 02:46:14,0,0,0
14/11/2020 02:46:15,0,0,0
14/11/2020 02:46:16,0,0,0
14/11/2020 02:46:17,0,0,0
14/11/2020 02:46:18,0,0,0
14/11/2020 02:46:19,0,0,0
14/11/2020 02:46:20,0,0,0
14/11/2020 02:46:21,0,0,0
14/11/2020 02:46:22,0,0,0
14/11/2020 02:46:23,0,0,0
14/11/2020 02:46:24,0,0,0
14/11/2020 02:46:25,0,0,0
14/11/2020 02:46:26,0,0,0
14/11/2020 02:46:27,0,0,0
14/11/2020 02:46:28,0,0,0
14/11/2020 02:46:29,0,0,0
14/11/2020 02:46:30,0,0,0
14/11/2020 02:46:31,0,0,0
14/11/2020 02:46:32,0,0,0
14/11/2020 02:46:33,0,0,0
14/11/2020 02:46:34,0,0,0
14/11/2020 02:46:35,0,0,0
14/11/2020 02:46:36,0,0,0
14/11/2020 02:46:37,0,0,0
14/11/2020 02:46:38,0,0,0
14/11/2020 02:46:39,0,0,0
14/11/2020 02:46:40,0,0,0
14/11/2020 02:46:41,0,0,0
14/11/2020 02:46:42,0,0,0
14/11/2020 02:46:43,0,0,0
14/11/2020 02:46:44,0,0,0
14/11/2020 02:46:45,0,0,0
14/11/2020 02:46:46,0,0,0
14/11/2020 02:46:47,0,0,0
14/11/2020 02:46:48,0,0,0
14/11/2020 02:46:49,0,0,0
14/11/2020 02:46:50,0,0,0
14/11/2020 02:46:51,0,0,0
14/11/2020 02:46:52,0,0,0
14/11/2020 02:46:53,0,0,0
14/11/2020 02:46:54,0,0,0
14/11/2020 02:46:55,0,0,0
14/11/2020 02:46:56,0,0,0
14/11/2020 02:46:57,0,0,0
14/11/2020 02:46:58,0,0,0
14/11/2020 02:46:59,0,0,0
14/11/2020 02:47:00,0,0,0
14/11/2020 02:47:01,0,0,0
14/11/2020 02:47:02,0,0,0
14/11/2020 02:47:03,0,0,0
14/11/2020 02:47:04,0,0,0
14/11/2020 02:47:05,0,0,0
14/11/2020 02:47:06,0,0,0
14/11/2020 02:47:07,0,0,0
14/11/2020 02:47:08,0,0,0
14/11/2020 02:47:09,0,0,0
14/11/2020 02:47:10,0,0,0
14/11/2020 02:47:11,0,0,0
14/11/2020 02:47:12,0,0,0
14/11/2020 02:47:13,0,0,0
14/11/2020 02:47:14,0,0,0
14/11/2020 02:47:15,0,0,0
14/11/2020 02:47:16,0,0,0
14/11/2020 02:47:17,0,0,0
14/11/2020 02:47:18,0,0,0
14/11/2020 02:47:19,0,0,0
14/11/2020 02:47:20,0,0,0
14/11/2020 02:47:21,0,0,0
14/11/2020 02:47:22,0,0,0
14/11/2020 02:47:23,0,0,0
14/11/2020 02:47:24,0,0,0
14/11/2020 02:47:25,0,0,0
14/11/2020 02:47:26,0,0,0
14/11/2020 02:47:27,0,0,0
14/11/2020 02:47:28,0,0,0
14/11/2020 02:47:29,0,0,0
14/11/2020 02:47:30,0,0,0
14/11/2020 02:47:31,0,0,0
14/11/2020 02:47:32,0,0,0
14/11/2020 02:47:33,0,0,0
14/11/2020 02:47:34,0,0,0
14/11/2020 02:47:35,0,0,0
14/11/2020 02:47:36,0,0,0
14/11/2020 02:47:37,0,0,0
14/11/2020 02:47:38,0,0,0
14/11/2020 02:47:39,0,0,0
14/11/2020 02:47:40,0,0,0
14/11/2020 02:47:41,0,0,0
14/11/2020 02:47:42,0,0,0
14/11/2020 02:47:43,0,0,0
14/11/2020 02:47:44,0,0,0
14/11/2020 02:47:45,0,0,0
14/11/2020 02:47:46,0,0,0
14/11/2020 02:47:47,0,0,0
14/11/2020 02:47:48,0,0,0
14/11/2020 02:47:49,0,0,0
14/11/2020 02:47:50,0,0,0
14/11/2020 02:47:51,0,0,0
14/11/2020 02:47:52,0,0,0
14/11/2020 02:47:53,0,0,0
14/11/2020 02:47:54,0,0,0
14/11/2020 02:47:55,0,0,0
14/11/2020 02:47:56,0,0,0
14/11/2020 02:47:57,0,0,0
14/11/2020 02:47:58,0,0,0
14/11/2020 02:47:59,0,0,0
14/11/2020 02:48:00,0,0,0
14/11/2020 02:48:01,0,0,0
14/11/2020 02:48:02,0,0,0
14/11/2020 02:48:03,0,0,0
14/11/2020 02:48:04,0,0,0
14/11/2020 02:48:05,0,0,0
14/11/2020 02:48:06,0,0,0
14/11/2020 02:48:07,0,0,0
14/11/2020 02:48:08,0,0,0
14/11/2020 02:48:09,0,0,0
14/11/2020 02:48:10,0,0,0
14/11/2020 02:48:11,0,0,0
14/11/2020 02:48:12,0,0,0
14/11/2020 02:48:13,0,0,0
14/11/2020 02:48:14,0,0,0
14/11/2020 02:48:15,0,0,0
14/11/2020 02:48:16,0,0,0
14/11/2020 02:48:17,0,0,0
14/11/2020 02:48:18,0,0,0
14/11/2020 02:48:19,0,0,0
14/11/2020 02:48:20,0,0,0
14/11/2020 02:48:21,0,0,0
14/11/2020 02:48:22,0,0,0
14/11/2020 02:48:23,0,0,0
14/11/2020 02:48:24,0,0,0
14/11/2020 02:48:25,0,0,0
14/11/2020 02:48:26,0,0,0
14/11/2020 02:48:27,0,0,0
14/11/2020 02:48:28,0,0,0
14/11/2020 02:48:29,0,0,0
14/11/2020 02:48:30,0,0,0
14/11/2020 02:48:31,0,0,0
14/11/2020 02:48:32,0,0,0
14/11/2020 02:48:33,0,0,0
14/11/2020 02:48:34,0,0,0
14/11/2020 02:48:35,0,0,0
14/11/2020 02:48:36,0,0,0
14/11/2020 02:48:37,0,0,0
14/11/2020 02:48:38,0,0,0
14/11/2020 02:48:39,0,0,0
14/11/2020 02:48:40,0,0,0
14/11/2020 02:48:41,0,0,0
14/11/2020 02:48:42,0,0,0
14/11/2020 02:48:43,0,0,0
14/11/2020 02:48:44,0,0,0
14/11/2020 02:48:45,0,0,0
14/11/2020 02:48:46,0,0,0
14/11/2020 02:48:47,0,0,0
14/11/2020 02:48:48,0,0,0
14/11/2020 02:48:49,0,0,0
14/11/2020 02:48:50,0,0,0
14/11/2020 02:48:51,0,0,0
14/11/2020 02:48:52,0,0,0
14/11/2020 02:48:53,0,0,0
14/11/2020 02:48:54,0,0,0
14/11/2020 02:48:55,0,0,0
14/11/2020 02:48:56,0,0,0
14/11/2020 02:48:57,0,0,0
14/11/2020 02:48:58,0,0,0
14/11/2020 02:48:59,0,0,0
14/11/2020 02:49:00,0,0,0
14/11/2020 02:49:01,0,0,0
14/11/2020 02:49:02,0,0,0
14/11/2020 02:49:03,0,0,0
14/11/2020 02:49:04,0,0,0
14/11/2020 02:49:05,0,0,0
14/11/2020 02:49:06,0,0,0
14/11/2020 02:49:07,0,0,0
14/11/2020 02:49:08,0,0,0
14/11/2020 02:49:09,0,0,0
14/11/2020 02:49:10,0,0,0
14/11/2020 02:49:11,0,0,0
14/11/2020 02:49:12,0,0,0
14/11/2020 02:49:13,0,0,0
14/11/2020 02:49:14,0,0,0
14/11/2020 02:49:15,0,0,0
14/11/2020 02:49:16,0,0,0
14/11/2020 02:49:17,0,0,0
14/11/2020 02:49:18,0,0,0
14/11/2020 02:49:19,0,0,0
14/11/2020 02:49:20,0,0,0
14/11/2020 02:49:21,0,0,0
14/11/2020 02:49:22,0,0,0
14/11/2020 02:49:23,0,0,0
14/11/2020 02:49:24,0,0,0
14/11/2020 02:49:25,0,0,0
14/11/2020 02:49:26,0,0,0
14/11/2020 02:49:27,0,0,0
14/11/2020 02:49:28,0,0,0
14/11/2020 02:49:29,0,0,0
14/11/2020 02:49:30,0,0,0
14/11/2020 02:49:31,0,0,0
14/11/2020 02:49:32,0,0,0
14/11/2020 02:49:33,0,0,0
14/11/2020 02:49:34,0,0,0
14/11/2020 02:49:35,0,0,0
14/11/2020 02:49:36,0,0,0
14/11/2020 02:49:37,0,0,0
14/11/2020 02:49:38,0,0,0
14/11/2020 02:49:39,0,0,0
14/11/2020 02:49:40,0,0,0
14/11/2020 02:49:41,0,0,0
14/11/2020 02:49:42,0,0,0
14/11/2020 02:49:43,0,0,0
14/11/2020 02:49:44,0,0,0
14/11/2020 02:49:45,0,0,0
14/11/2020 02:49:46,0,0,0
14/11/2020 02:49:47,0,0,0
14/11/2020 02:49:48,0,0,0
14/11/2020 02:49:49,0,0,0
14/11/2020 02:49:50,0,0,0
14/11/2020 02:49:51,0,0,0
14/11/2020 02:49:52,0,0,0
14/11/2020 02:49:53,0,0,0
14/11/2020 02:49:54,0,0,0
14/11/2020 02:49:55,0,0,0
14/11/2020 02:49:56,0,0,0
14/11/2020 02:49:57,0,0,0
14/11/2020 02:49:58,0,0,0
14/11/2020 02:49:59,0,0,0
14/11/2020 02:50:00,0,0,0
14/11/2020 02:50:01,0,0,0
14/11/2020 02:50:02,0,0,0
14/11/2020 02:50:03,0,0,0
14/11/2020 02:50:04,0,0,0
14/11/2020 02:50:05,0,0,0
14/11/2020 02:50:06,0,0,0
14/11/2020 02:50:07,0,0,0
14/11/2020 02:50:08,0,0,0
14/11/2020 02:50:09,0,0,0
14/11/2020 02:50:10,0,0,0
14/11/2020 02:50:11,0,0,0
14/11/2020 02:50:12,0,0,0
14/11/2020 02:50:13,0,0,0
14/11/2020 02:50:14,0,0,0
14/11/2020 02:50:15,0,0,0
14/11/2020 02:50:16,0,0,0
14/11/2020 02:50:17,0,0,0
14/11/2020 02:50:18,0,0,0
14/11/2020 02:50:19,0,0,0
14/11/2020 02:50:20,0,0,0
14/11/2020 02:50:21,0,0,0
14/11/2020 02:50:22,0,0,0
14/11/2020 02:50:23,0,0,0
14/11/2020 02:50:24,0,0,0
14/11/2020 02:50:25,0,0,0
14/11/2020 02:50:26,0,0,0
14/11/2020 02:50:27,0,0,0
14/11/2020 02:50:28,0,0,0
14/11/2020 02:50:29,0,0,0
14/11/2020 02:50:30,0,0,0
14/11/2020 02:50:31,0,0,0
14/11/2020 02:50:32,0,0,0
14/11/2020 02:50:33,0,0,0
14/11/2020 02:50:34,0,0,0
14/11/2020 02:50:35,0,0,0
14/11/2020 02:50:36,0,0,0
14/11/2020 02:50:37,0,0,0
14/11/2020 02:50:38,0,0,0
14/11/2020 02:50:39,0,0,0
14/11/2020 02:50:40,0,0,0
14/11/2020 02:50:41,0,0,0
14/11/2020 02:50:42,0,0,0
14/11/2020 02:50:43,0,0,0
14/11/2020 02:50:44,0,0,0
14/11/2020 02:50:45,0,0,0
14/11/2020 02:50:46,0,0,0
14/11/2020 02:50:47,0,0,0
14/11/2020 02:50:48,0,0,0
14/11/2020 02:50:49,0,0,0
14/11/2020 02:50:50,0,0,0
14/11/2020 02:50:51,0,0,0
14/11/2020 02:50:52,0,0,0
14/11/2020 02:50:53,0,0,0
14/11/2020 02:50:54,0,0,0
14/11/2020 02:50:55,0,0,0
14/11/2020 02:50:56,0,0,0
14/11/2020 02:50:57,0,0,0
14/11/2020 02:50:58,0,0,0
14/11/2020 02:50:59,0,0,0
14/11/2020 02:51:00,0,0,0
14/11/2020 02:51:01,0,0,0
14/11/2020 02:51:02,0,0,0
14/11/2020 02:51:03,0,0,0
14/11/2020 02:51:04,0,0,0
14/11/2020 02:51:05,0,0,0
14/11/2020 02:51:06,0,0,0
14/11/2020 02:51:07,0,0,0
14/11/2020 02:51:08,0,0,0
14/11/2020 02:51:09,0,0,0
14/11/2020 02:51:10,0,0,0
14/11/2020 02:51:11,0,0,0
14/11/2020 02:51:12,0,0,0
14/11/2020 02:51:13,0,0,0
14/11/2020 02:51:14,0,0,0
14/11/2020 02:51:15,0,0,0
14/11/2020 02:51:16,0,0,0
14/11/2020 02:51:17,0,0,0
14/11/2020 02:51:18,0,0,0
14/11/2020 02:51:19,0,0,0
14/11/2020 02:51:20,0,0,0
14/11/2020 02:51:21,0,0,0
14/11/2020 02:51:22,0,0,0
14/11/2020 02:51:23,0,0,0
14/11/2020 02:51:24,0,0,0
14/11/2020 02:51:25,0,0,0
14/11/2020 02:51:26,0,0,0
14/11/2020 02:51:27,0,0,0
14/11/2020 02:51:28,0,0,0
14/11/2020 02:51:29,0,0,0
14/11/2020 02:51:30,0,0,0
14/11/2020 02:51:31,0,0,0
14/11/2020 02:51:32,0,0,0
14/11/2020 02:51:33,0,0,0
14/11/2020 02:51:34,0,0,0
14/11/2020 02:51:35,0,0,0
14/11/2020 02:51:36,0,0,0
14/11/2020 02:51:37,0,0,0
14/11/2020 02:51:38,0,0,0
14/11/2020 02:51:39,0,0,0
14/11/2020 02:51:40,0,0,0
14/11/2020 02:51:41,0,0,0
14/11/2020 02:51:42,0,0,0
14/11/2020 02:51:43,0,0,0
14/11/2020 02:51:44,0,0,0
14/11/2020 02:51:45,0,0,0
14/11/2020 02:51:46,0,0,0
14/11/2020 02:51:47,0,0,0
14/11/2020 02:51:48,0,0,0
14/11/2020 02:51:49,0,0,0
14/11/2020 02:51:50,0,0,0
14/11/2020 02:51:51,0,0,0
14/11/2020 02:51:52,0,0,0
14/11/2020 02:51:53,0,0,0
14/11/2020 02:51:54,0,0,0
14/11/2020 02:51:55,0,0,0
14/11/2020 02:51:56,0,0,0
14/11/2020 02:51:57,0,0,0
14/11/2020 02:51:58,0,0,0
14/11/2020 02:51:59,0,0,0
14/11/2020 02:52:00,0,0,0
14/11/2020 02:52:01,0,0,0
14/11/2020 02:52:02,0,0,0
14/11/2020 02:52:03,0,0,0
14/11/2020 02:52:04,0,0,0
14/11/2020 02:52:05,0,0,0
14/11/2020 02:52:06,0,0,0
14/11/2020 02:52:07,0,0,0
14/11/2020 02:52:08,0,0,0
14/11/2020 02:52:09,0,0,0
14/11/2020 02:52:10,0,0,0
14/11/2020 02:52:11,0,0,0
14/11/2020 02:52:12,0,0,0
14/11/2020 02:52:13,0,0,0
14/11/2020 02:52:14,0,0,0
14/11/2020 02:52:15,0,0,0
14/11/2020 02:52:16,0,0,0
14/11/2020 02:52:17,0,0,0
14/11/2020 02:52:18,0,0,0
14/11/2020 02:52:19,0,0,0
14/11/2020 02:52:20,0,0,0
14/11/2020 02:52:21,0,0,0
14/11/2020 02:52:22,0,0,0
14/11/2020 02:52:23,0,0,0
14/11/2020 02:52:24,0,0,0
14/11/2020 02:52:25,0,0,0
14/11/2020 02:52:26,0,0,0
14/11/2020 02:52:27,0,0,0
14/11/2020 02:52:28,0,0,0
14/11/2020 02:52:29,0,0,0
14/11/2020 02:52:30,0,0,0
14/11/2020 02:52:31,0,0,0
14/11/2020 02:52:32,0,0,0
14/11/2020 02:52:33,0,0,0
14/11/2020 02:52:34,0,0,0
14/11/2020 02:52:35,0,0,0
14/11/2020 02:52:36,0,0,0
14/11/2020 02:52:37,0,0,0
14/11/2020 02:52:38,0,0,0
14/11/2020 02:52:39,0,0,0
14/11/2020 02:52:40,0,0,0
14/11/2020 02:52:41,0,0,0
14/11/2020 02:52:42,0,0,0
14/11/2020 02:52:43,0,0,0
14/11/2020 02:52:44,0,0,0
14/11/2020 02:52:45,0,0,0
14/11/2020 02:52:46,0,0,0
14/11/2020 02:52:47,0,0,0
14/11/2020 02:52:48,0,0,0
14/11/2020 02:52:49,0,0,0
14/11/2020 02:52:50,0,0,0
14/11/2020 02:52:51,0,0,0
14/11/2020 02:52:52,0,0,0
14/11/2020 02:52:53,0,0,0
14/11/2020 02:52:54,0,0,0
14/11/2020 02:52:55,0,0,0
14/11/2020 02:52:56,0,0,0
14/11/2020 02:52:57,0,0,0
14/11/2020 02:52:58,0,0,0
14/11/2020 02:52:59,0,0,0
14/11/2020 02:53:00,0,0,0
14/11/2020 02:53:01,0,0,0
14/11/2020 02:53:02,0,0,0
14/11/2020 02:53:03,0,0,0
14/11/2020 02:53:04,0,0,0
14/11/2020 02:53:05,0,0,0
14/11/2020 02:53:06,0,0,0
14/11/2020 02:53:07,0,0,0
14/11/2020 02:53:08,0,0,0
14/11/2020 02:53:09,0,0,0
14/11/2020 02:53:10,0,0,0
14/11/2020 02:53:11,0,0,0
14/11/2020 02:53:12,0,0,0
14/11/2020 02:53:13,0,0,0
14/11/2020 02:53:14,0,0,0
14/11/2020 02:53:15,0,0,0
14/11/2020 02:53:16,0,0,0
14/11/2020 02:53:17,0,0,0
14/11/2020 02:53:18,0,0,0
14/11/2020 02:53:19,0,0,0
14/11/2020 02:53:20,0,0,0
14/11/2020 02:53:21,0,0,0
14/11/2020 02:53:22,0,0,0
14/11/2020 02:53:23,0,0,0
14/11/2020 02:53:24,0,0,0
14/11/2020 02:53:25,0,0,0
14/11/2020 02:53:26,0,0,0
14/11/2020 02:53:27,0,0,0
14/11/2020 02:53:28,0,0,0
14/11/2020 02:53:29,0,0,0
14/11/2020 02:53:30,0,0,0
14/11/2020 02:53:31,0,0,0
14/11/2020 02:53:32,0,0,0
14/11/2020 02:53:33,0,0,0
14/11/2020 02:53:34,0,0,0
14/11/2020 02:53:35,0,0,0
14/11/2020 02:53:36,0,0,0
14/11/2020 02:53:37,0,0,0
14/11/2020 02:53:38,0,0,0
14/11/2020 02:53:39,0,0,0
14/11/2020 02:53:40,0,0,0
14/11/2020 02:53:41,0,0,0
14/11/2020 02:53:42,0,0,0
14/11/2020 02:53:43,0,0,0
14/11/2020 02:53:44,0,0,0
14/11/2020 02:53:45,0,0,0
14/11/2020 02:53:46,0,0,0
14/11/2020 02:53:47,0,0,0
14/11/2020 02:53:48,0,0,0
14/11/2020 02:53:49,0,0,0
14/11/2020 02:53:50,0,0,0
14/11/2020 02:53:51,0,0,0
14/11/2020 02:53:52,0,0,0
14/11/2020 02:53:53,0,0,0
14/11/2020 02:53:54,0,0,0
14/11/2020 02:53:55,0,0,0
14/11/2020 02:53:56,0,0,0
14/11/2020 02:53:57,0,0,0
14/11/2020 02:53:58,0,0,0
14/11/2020 02:53:59,0,0,0
14/11/2020 02:54:00,0,0,0
14/11/2020 02:54:01,0,0,0
14/11/2020 02:54:02,0,0,0
14/11/2020 02:54:03,0,0,0
14/11/2020 02:54:04,0,0,0
14/11/2020 02:54:05,0,0,0
14/11/2020 02:54:06,0,0,0
14/11/2020 02:54:07,0,0,0
14/11/2020 02:54:08,0,0,0
14/11/2020 02:54:09,0,0,0
14/11/2020 02:54:10,0,0,0
14/11/2020 02:54:11,0,0,0
14/11/2020 02:54:12,0,0,0
14/11/2020 02:54:13,0,0,0
14/11/2020 02:54:14,0,0,0
14/11/2020 02:54:15,0,0,0
14/11/2020 02:54:16,0,0,0
14/11/2020 02:54:17,0,0,0
14/11/2020 02:54:18,0,0,0
14/11/2020 02:54:19,0,0,0
14/11/2020 02:54:20,0,0,0
14/11/2020 02:54:21,0,0,0
14/11/2020 02:54:22,0,0,0
14/11/2020 02:54:23,0,0,0
14/11/2020 02:54:24,0,0,0
14/11/2020 02:54:25,0,0,0
14/11/2020 02:54:26,0,0,0
14/11/2020 02:54:27,0,0,0
14/11/2020 02:54:28,0,0,0
14/11/2020 02:54:29,0,0,0
14/11/2020 02:54:30,0,0,0
14/11/2020 02:54:31,0,0,0
14/11/2020 02:54:32,0,0,0
14/11/2020 02:54:33,0,0,0
14/11/2020 02:54:34,0,0,0
14/11/2020 02:54:35,0,0,0
14/11/2020 02:54:36,0,0,0
14/11/2020 02:54:37,0,0,0
14/11/2020 02:54:38,0,0,0
14/11/2020 02:54:39,0,0,0
14/11/2020 02:54:40,0,0,0
14/11/2020 02:54:41,0,0,0
14/11/2020 02:54:42,0,0,0
14/11/2020 02:54:43,0,0,0
14/11/2020 02:54:44,0,0,0
14/11/2020 02:54:45,0,0,0
14/11/2020 02:54:46,0,0,0
14/11/2020 02:54:47,0,0,0
14/11/2020 02:54:48,0,0,0
14/11/2020 02:54:49,0,0,0
14/11/2020 02:54:50,0,0,0
14/11/2020 02:54:51,0,0,0
14/11/2020 02:54:52,0,0,0
14/11/2020 02:54:53,0,0,0
14/11/2020 02:54:54,0,0,0
14/11/2020 02:54:55,0,0,0
14/11/2020 02:54:56,0,0,0
14/11/2020 02:54:57,0,0,0
14/11/2020 02:54:58,0,0,0
14/11/2020 02:54:59,0,0,0
14/11/2020 02:55:00,0,0,0
14/11/2020 02:55:01,0,0,0
14/11/2020 02:55:02,0,0,0
14/11/2020 02:55:03,0,0,0
14/11/2020 02:55:04,0,0,0
14/11/2020 02:55:05,0,0,0
14/11/2020 02:55:06,0,0,0
14/11/2020 02:55:07,0,0,0
14/11/2020 02:55:08,0,0,0
14/11/2020 02:55:09,0,0,0
14/11/2020 02:55:10,0,0,0
14/11/2020 02:55:11,0,0,0
14/11/2020 02:55:12,0,0,0
14/11/2020 02:55:13,0,0,0
14/11/2020 02:55:14,0,0,0
14/11/2020 02:55:15,0,0,0
14/11/2020 02:55:16,0,0,0
14/11/2020 02:55:17,0,0,0
14/11/2020 02:55:18,0,0,0
14/11/2020 02:55:19,0,0,0
14/11/2020 02:55:20,0,0,0
14/11/2020 02:55:21,0,0,0
14/11/2020 02:55:22,0,0,0
14/11/2020 02:55:23,0,0,0
14/11/2020 02:55:24,0,0,0
14/11/2020 02:55:25,0,0,0
14/11/2020 02:55:26,0,0,0
14/11/2020 02:55:27,0,0,0
14/11/2020 02:55:28,0,0,0
14/11/2020 02:55:29,0,0,0
14/11/2020 02:55:30,0,0,0
14/11/2020 02:55:31,0,0,0
14/11/2020 02:55:32,0,0,0
14/11/2020 02:55:33,0,0,0
14/11/2020 02:55:34,0,0,0
14/11/2020 02:55:35,0,0,0
14/11/2020 02:55:36,0,0,0
14/11/2020 02:55:37,0,0,0
14/11/2020 02:55:38,0,0,0
14/11/2020 02:55:39,0,0,0
14/11/2020 02:55:40,0,0,0
14/11/2020 02:55:41,0,0,0
14/11/2020 02:55:42,0,0,0
14/11/2020 02:55:43,0,0,0
14/11/2020 02:55:44,0,0,0
14/11/2020 02:55:45,0,0,0
14/11/2020 02:55:46,0,0,0
14/11/2020 02:55:47,0,0,0
14/11/2020 02:55:48,0,0,0
14/11/2020 02:55:49,0,0,0
14/11/2020 02:55:50,0,0,0
14/11/2020 02:55:51,0,0,0
14/11/2020 02:55:52,0,0,0
14/11/2020 02:55:53,0,0,0
14/11/2020 02:55:54,0,0,0
14/11/2020 02:55:55,0,0,0
14/11/2020 02:55:56,0,0,0
14/11/2020 02:55:57,0,0,0
14/11/2020 02:55:58,0,0,0
14/11/2020 02:55:59,0,0,0
14/11/2020 02:56:00,0,0,0
14/11/2020 02:56:01,0,0,0
14/11/2020 02:56:02,0,0,0
14/11/2020 02:56:03,0,0,0
14/11/2020 02:56:04,0,0,0
14/11/2020 02:56:05,0,0,0
14/11/2020 02:56:06,0,0,0
14/11/2020 02:56:07,0,0,0
14/11/2020 02:56:08,0,0,0
14/11/2020 02:56:09,0,0,0
14/11/2020 02:56:10,0,0,0
14/11/2020 02:56:11,0,0,0
14/11/2020 02:56:12,0,0,0
14/11/2020 02:56:13,0,0,0
14/11/2020 02:56:14,0,0,0
14/11/2020 02:56:15,0,0,0
14/11/2020 02:56:16,0,0,0
14/11/2020 02:56:17,0,0,0
14/11/2020 02:56:18,0,0,0
14/11/2020 02:56:19,0,0,0
14/11/2020 02:56:20,0,0,0
14/11/2020 02:56:21,0,0,0
14/11/2020 02:56:22,0,0,0
14/11/2020 02:56:23,0,0,0
14/11/2020 02:56:24,0,0,0
14/11/2020 02:56:25,0,0,0
14/11/2020 02:56:26,0,0,0
14/11/2020 02:56:27,0,0,0
14/11/2020 02:56:28,0,0,0
14/11/2020 02:56:29,0,0,0
14/11/2020 02:56:30,0,0,0
14/11/2020 02:56:31,0,0,0
14/11/2020 02:56:32,0,0,0
14/11/2020 02:56:33,0,0,0
14/11/2020 02:56:34,0,0,0
14/11/2020 02:56:35,0,0,0
14/11/2020 02:56:36,0,0,0
14/11/2020 02:56:37,0,0,0
14/11/2020 02:56:38,0,0,0
14/11/2020 02:56:39,0,0,0
14/11/2020 02:56:40,0,0,0
14/11/2020 02:56:41,0,0,0
14/11/2020 02:56:42,0,0,0
14/11/2020 02:56:43,0,0,0
14/11/2020 02:56:44,0,0,0
14/11/2020 02:56:45,0,0,0
14/11/2020 02:56:46,0,0,0
14/11/2020 02:56:47,0,0,0
14/11/2020 02:56:48,0,0,0
14/11/2020 02:56:49,0,0,0
14/11/2020 02:56:50,0,0,0
14/11/2020 02:56:51,0,0,0
14/11/2020 02:56:52,0,0,0
14/11/2020 02:56:53,0,0,0
14/11/2020 02:56:54,0,0,0
14/11/2020 02:56:55,0,0,0
14/11/2020 02:56:56,0,0,0
14/11/2020 02:56:57,0,0,0
14/11/2020 02:56:58,0,0,0
14/11/2020 02:56:59,0,0,0
14/11/2020 02:57:00,0,0,0
14/11/2020 02:57:01,0,0,0
14/11/2020 02:57:02,0,0,0
14/11/2020 02:57:03,0,0,0
14/11/2020 02:57:04,0,0,0
14/11/2020 02:57:05,0,0,0
14/11/2020 02:57:06,0,0,0
14/11/2020 02:57:07,0,0,0
14/11/2020 02:57:08,0,0,0
14/11/2020 02:57:09,0,0,0
14/11/2020 02:57:10,0,0,0
14/11/2020 02:57:11,0,0,0
14/11/2020 02:57:12,0,0,0
14/11/2020 02:57:13,0,0,0
14/11/2020 02:57:14,0,0,0
14/11/2020 02:57:15,0,0,0
14/11/2020 02:57:16,0,0,0
14/11/2020 02:57:17,0,0,0
14/11/2020 02:57:18,0,0,0
14/11/2020 02:57:19,0,0,0
14/11/2020 02:57:20,0,0,0
14/11/2020 02:57:21,0,0,0
14/11/2020 02:57:22,0,0,0
14/11/2020 02:57:23,0,0,0
14/11/2020 02:57:24,0,0,0
14/11/2020 02:57:25,0,0,0
14/11/2020 02:57:26,0,0,0
14/11/2020 02:57:27,0,0,0
14/11/2020 02:57:28,0,0,0
14/11/2020 02:57:29,0,0,0
14/11/2020 02:57:30,0,0,0
14/11/2020 02:57:31,0,0,0
14/11/2020 02:57:32,0,0,0
14/11/2020 02:57:33,0,0,0
14/11/2020 02:57:34,0,0,0
14/11/2020 02:57:35,0,0,0
14/11/2020 02:57:36,0,0,0
14/11/2020 02:57:37,0,0,0
14/11/2020 02:57:38,0,0,0
14/11/2020 02:57:39,0,0,0
14/11/2020 02:57:40,0,0,0
14/11/2020 02:57:41,0,0,0
14/11/2020 02:57:42,0,0,0
14/11/2020 02:57:43,0,0,0
14/11/2020 02:57:44,0,0,0
14/11/2020 02:57:45,0,0,0
14/11/2020 02:57:46,0,0,0
14/11/2020 02:57:47,0,0,0
14/11/2020 02:57:48,0,0,0
14/11/2020 02:57:49,0,0,0
14/11/2020 02:57:50,0,0,0
14/11/2020 02:57:51,0,0,0
14/11/2020 02:57:52,0,0,0
14/11/2020 02:57:53,0,0,0
14/11/2020 02:57:54,0,0,0
14/11/2020 02:57:55,0,0,0
14/11/2020 02:57:56,0,0,0
14/11/2020 02:57:57,0,0,0
14/11/2020 02:57:58,0,0,0
14/11/2020 02:57:59,0,0,0
14/11/2020 02:58:00,0,0,0
14/11/2020 02:58:01,0,0,0
14/11/2020 02:58:02,0,0,0
14/11/2020 02:58:03,0,0,0
14/11/2020 02:58:04,0,0,0
14/11/2020 02:58:05,0,0,0
14/11/2020 02:58:06,0,0,0
14/11/2020 02:58:07,0,0,0
14/11/2020 02:58:08,0,0,0
14/11/2020 02:58:09,0,0,0
14/11/2020 02:58:10,0,0,0
14/11/2020 02:58:11,0,0,0
14/11/2020 02:58:12,0,0,0
14/11/2020 02:58:13,0,0,0
14/11/2020 02:58:14,0,0,0
14/11/2020 02:58:15,0,0,0
14/11/2020 02:58:16,0,0,0
14/11/2020 02:58:17,0,0,0
14/11/2020 02:58:18,0,0,0
14/11/2020 02:58:19,0,0,0
14/11/2020 02:58:20,0,0,0
14/11/2020 02:58:21,0,0,0
14/11/2020 02:58:22,0,0,0
14/11/2020 02:58:23,0,0,0
14/11/2020 02:58:24,0,0,0
14/11/2020 02:58:25,0,0,0
14/11/2020 02:58:26,0,0,0
14/11/2020 02:58:27,0,0,0
14/11/2020 02:58:28,0,0,0
14/11/2020 02:58:29,0,0,0
14/11/2020 02:58:30,0,0,0
14/11/2020 02:58:31,0,0,0
14/11/2020 02:58:32,0,0,0
14/11/2020 02:58:33,0,0,0
14/11/2020 02:58:34,0,0,0
14/11/2020 02:58:35,0,0,0
14/11/2020 02:58:36,0,0,0
14/11/2020 02:58:37,0,0,0
14/11/2020 02:58:38,0,0,0
14/11/2020 02:58:39,0,0,0
14/11/2020 02:58:40,0,0,0
14/11/2020 02:58:41,0,0,0
14/11/2020 02:58:42,0,0,0
14/11/2020 02:58:43,0,0,0
14/11/2020 02:58:44,0,0,0
14/11/2020 02:58:45,0,0,0
14/11/2020 02:58:46,0,0,0
14/11/2020 02:58:47,0,0,0
14/11/2020 02:58:48,0,0,0
14/11/2020 02:58:49,0,0,0
14/11/2020 02:58:50,0,0,0
14/11/2020 02:58:51,0,0,0
14/11/2020 02:58:52,0,0,0
14/11/2020 02:58:53,0,0,0
14/11/2020 02:58:54,0,0,0
14/11/2020 02:58:55,0,0,0
14/11/2020 02:58:56,0,0,0
14/11/2020 02:58:57,0,0,0
14/11/2020 02:58:58,0,0,0
14/11/2020 02:58:59,0,0,0
14/11/2020 02:59:00,0,0,0
14/11/2020 02:59:01,0,0,0
14/11/2020 02:59:02,0,0,0
14/11/2020 02:59:03,0,0,0
14/11/2020 02:59:04,0,0,0
14/11/2020 02:59:05,0,0,0
14/11/2020 02:59:06,0,0,0
14/11/2020 02:59:07,0,0,0
14/11/2020 02:59:08,0,0,0
14/11/2020 02:59:09,0,0,0
14/11/2020 02:59:10,0,0,0
14/11/2020 02:59:11,0,0,0
14/11/2020 02:59:12,0,0,0
14/11/2020 02:59:13,0,0,0
14/11/2020 02:59:14,0,0,0
14/11/2020 02:59:15,0,0,0
14/11/2020 02:59:16,0,0,0
14/11/2020 02:59:17,0,0,0
14/11/2020 02:59:18,0,0,0
14/11/2020 02:59:19,0,0,0
14/11/2020 02:59:20,0,0,0
14/11/2020 02:59:21,0,0,0
14/11/2020 02:59:22,0,0,0
14/11/2020 02:59:23,0,0,0
14/11/2020 02:59:24,0,0,0
14/11/2020 02:59:25,0,0,0
14/11/2020 02:59:26,0,0,0
14/11/2020 02:59:27,0,0,0
14/11/2020 02:59:28,0,0,0
14/11/2020 02:59:29,0,0,0
14/11/2020 02:59:30,0,0,0
14/11/2020 02:59:31,0,0,0
14/11/2020 02:59:32,0,0,0
14/11/2020 02:59:33,0,0,0
14/11/2020 02:59:34,0,0,0
14/11/2020 02:59:35,0,0,0
14/11/2020 02:59:36,0,0,0
14/11/2020 02:59:37,0,0,0
14/11/2020 02:59:38,0,0,0
14/11/2020 02:59:39,0,0,0
14/11/2020 02:59:40,0,0,0
14/11/2020 02:59:41,0,0,0
14/11/2020 02:59:42,0,0,0
14/11/2020 02:59:43,0,0,0
14/11/2020 02:59:44,0,0,0
14/11/2020 02:59:45,0,0,0
14/11/2020 02:59:46,0,0,0
14/11/2020 02:59:47,0,0,0
14/11/2020 02:59:48,0,0,0
14/11/2020 02:59:49,0,0,0
14/11/2020 02:59:50,0,0,0
14/11/2020 02:59:51,0,0,0
14/11/2020 02:59:52,0,0,0
14/11/2020 02:59:53,0,0,0
14/11/2020 02:59:54,0,0,0
14/11/2020 02:59:55,0,0,0
14/11/2020 02:59:56,0,0,0
14/11/2020 02:59:57,0,0,0
14/11/2020 02:59:58,0,0,0
14/11/2020 02:59:59,0,0,0
14/11/2020 03:00:00,0,0,0
14/11/2020 03:00:01,0,0,0
14/11/2020 03:00:02,0,0,0
14/11/2020 03:00:03,0,0,0
14/11/2020 03:00:04,0,0,0
14/11/2020 03:00:05,0,0,0
14/11/2020 03:00:06,0,0,0
14/11/2020 03:00:07,0,0,0
14/11/2020 03:00:08,0,0,0
14/11/2020 03:00:09,0,0,0
14/11/2020 03:00:10,0,0,0
14/11/2020 03:00:11,0,0,0
14/11/2020 03:00:12,0,0,0
14/11/2020 03:00:13,0,0,0
14/11/2020 03:00:14,0,0,0
14/11/2020 03:00:15,0,0,0
14/11/2020 03:00:16,0,0,0
14/11/2020 03:00:17,0,0,0
14/11/2020 03:00:18,0,0,0
14/11/2020 03:00:19,0,0,0
14/11/2020 03:00:20,0,0,0
14/11/2020 03:00:21,0,0,0
14/11/2020 03:00:22,0,0,0
14/11/2020 03:00:23,0,0,0
14/11/2020 03:00:24,0,0,0
14/11/2020 03:00:25,0,0,0
14/11/2020 03:00:26,0,0,0
14/11/2020 03:00:27,0,0,0
14/11/2020 03:00:28,0,0,0
14/11/2020 03:00:29,0,0,0
14/11/2020 03:00:30,0,0,0
14/11/2020 03:00:31,0,0,0
14/11/2020 03:00:32,0,0,0
14/11/2020 03:00:33,0,0,0
14/11/2020 03:00:34,0,0,0
14/11/2020 03:00:35,0,0,0
14/11/2020 03:00:36,0,0,0
14/11/2020 03:00:37,0,0,0
14/11/2020 03:00:38,0,0,0
14/11/2020 03:00:39,0,0,0
14/11/2020 03:00:40,0,0,0
14/11/2020 03:00:41,0,0,0
14/11/2020 03:00:42,0,0,0
14/11/2020 03:00:43,0,0,0
14/11/2020 03:00:44,0,0,0
14/11/2020 03:00:45,0,0,0
14/11/2020 03:00:46,0,0,0
14/11/2020 03:00:47,0,0,0
14/11/2020 03:00:48,0,0,0
14/11/2020 03:00:49,0,0,0
14/11/2020 03:00:50,0,0,0
14/11/2020 03:00:51,0,0,0
14/11/2020 03:00:52,0,0,0
14/11/2020 03:00:53,0,0,0
14/11/2020 03:00:54,0,0,0
14/11/2020 03:00:55,0,0,0
14/11/2020 03:00:56,0,0,0
14/11/2020 03:00:57,0,0,0
14/11/2020 03:00:58,0,0,0
14/11/2020 03:00:59,0,0,0
14/11/2020 03:01:00,0,0,0
14/11/2020 03:01:01,0,0,0
14/11/2020 03:01:02,0,0,0
14/11/2020 03:01:03,0,0,0
14/11/2020 03:01:04,0,0,0
14/11/2020 03:01:05,0,0,0
14/11/2020 03:01:06,0,0,0
14/11/2020 03:01:07,0,0,0
14/11/2020 03:01:08,0,0,0
14/11/2020 03:01:09,0,0,0
14/11/2020 03:01:10,0,0,0
14/11/2020 03:01:11,0,0,0
14/11/2020 03:01:12,0,0,0
14/11/2020 03:01:13,0,0,0
14/11/2020 03:01:14,0,0,0
14/11/2020 03:01:15,0,0,0
14/11/2020 03:01:16,0,0,0
14/11/2020 03:01:17,0,0,0
14/11/2020 03:01:18,0,0,0
14/11/2020 03:01:19,0,0,0
14/11/2020 03:01:20,0,0,0
14/11/2020 03:01:21,0,0,0
14/11/2020 03:01:22,0,0,0
14/11/2020 03:01:23,0,0,0
14/11/2020 03:01:24,0,0,0
14/11/2020 03:01:25,0,0,0
14/11/2020 03:01:26,0,0,0
14/11/2020 03:01:27,0,0,0
14/11/2020 03:01:28,0,0,0
14/11/2020 03:01:29,0,0,0
14/11/2020 03:01:30,0,0,0
14/11/2020 03:01:31,0,0,0
14/11/2020 03:01:32,0,0,0
14/11/2020 03:01:33,0,0,0
14/11/2020 03:01:34,0,0,0
14/11/2020 03:01:35,0,0,0
14/11/2020 03:01:36,0,0,0
14/11/2020 03:01:37,0,0,0
14/11/2020 03:01:38,0,0,0
14/11/2020 03:01:39,0,0,0
14/11/2020 03:01:40,0,0,0
14/11/2020 03:01:41,0,0,0
14/11/2020 03:01:42,0,0,0
14/11/2020 03:01:43,0,0,0
14/11/2020 03:01:44,0,0,0
14/11/2020 03:01:45,0,0,0
14/11/2020 03:01:46,0,0,0
14/11/2020 03:01:47,0,0,0
14/11/2020 03:01:48,0,0,0
14/11/2020 03:01:49,0,0,0
14/11/2020 03:01:50,0,0,0
14/11/2020 03:01:51,0,0,0
14/11/2020 03:01:52,0,0,0
14/11/2020 03:01:53,0,0,0
14/11/2020 03:01:54,0,0,0
14/11/2020 03:01:55,0,0,0
14/11/2020 03:01:56,0,0,0
14/11/2020 03:01:57,0,0,0
14/11/2020 03:01:58,0,0,0
14/11/2020 03:01:59,0,0,0
14/11/2020 03:02:00,0,0,0
14/11/2020 03:02:01,0,0,0
14/11/2020 03:02:02,0,0,0
14/11/2020 03:02:03,0,0,0
14/11/2020 03:02:04,0,0,0
14/11/2020 03:02:05,0,0,0
14/11/2020 03:02:06,0,0,0
14/11/2020 03:02:07,0,0,0
14/11/2020 03:02:08,0,0,0
14/11/2020 03:02:09,0,0,0
14/11/2020 03:02:10,0,0,0
14/11/2020 03:02:11,0,0,0
14/11/2020 03:02:12,0,0,0
14/11/2020 03:02:13,0,0,0
14/11/2020 03:02:14,0,0,0
14/11/2020 03:02:15,0,0,0
14/11/2020 03:02:16,0,0,0
14/11/2020 03:02:17,0,0,0
14/11/2020 03:02:18,0,0,0
14/11/2020 03:02:19,0,0,0
14/11/2020 03:02:20,0,0,0
14/11/2020 03:02:21,0,0,0
14/11/2020 03:02:22,0,0,0
14/11/2020 03:02:23,0,0,0
14/11/2020 03:02:24,0,0,0
14/11/2020 03:02:25,0,0,0
14/11/2020 03:02:26,0,0,0
14/11/2020 03:02:27,0,0,0
14/11/2020 03:02:28,0,0,0
14/11/2020 03:02:29,0,0,0
14/11/2020 03:02:30,0,0,0
14/11/2020 03:02:31,0,0,0
14/11/2020 03:02:32,0,0,0
14/11/2020 03:02:33,0,0,0
14/11/2020 03:02:34,0,0,0
14/11/2020 03:02:35,0,0,0
14/11/2020 03:02:36,0,0,0
14/11/2020 03:02:37,0,0,0
14/11/2020 03:02:38,0,0,0
14/11/2020 03:02:39,0,0,0
14/11/2020 03:02:40,0,0,0
14/11/2020 03:02:41,0,0,0
14/11/2020 03:02:42,0,0,0
14/11/2020 03:02:43,0,0,0
14/11/2020 03:02:44,0,0,0
14/11/2020 03:02:45,0,0,0
14/11/2020 03:02:46,0,0,0
14/11/2020 03:02:47,0,0,0
14/11/2020 03:02:48,0,0,0
14/11/2020 03:02:49,0,0,0
14/11/2020 03:02:50,0,0,0
14/11/2020 03:02:51,0,0,0
14/11/2020 03:02:52,0,0,0
14/11/2020 03:02:53,0,0,0
14/11/2020 03:02:54,0,0,0
14/11/2020 03:02:55,0,0,0
14/11/2020 03:02:56,0,0,0
14/11/2020 03:02:57,0,0,0
14/11/2020 03:02:58,0,0,0
14/11/2020 03:02:59,0,0,0
14/11/2020 03:03:00,0,0,0
14/11/2020 03:03:01,0,0,0
14/11/2020 03:03:02,0,0,0
14/11/2020 03:03:03,0,0,0
14/11/2020 03:03:04,0,0,0
14/11/2020 03:03:05,0,0,0
14/11/2020 03:03:06,0,0,0
14/11/2020 03:03:07,0,0,0
14/11/2020 03:03:08,0,0,0
14/11/2020 03:03:09,0,0,0
14/11/2020 03:03:10,0,0,0
14/11/2020 03:03:11,0,0,0
14/11/2020 03:03:12,0,0,0
14/11/2020 03:03:13,0,0,0
14/11/2020 03:03:14,0,0,0
14/11/2020 03:03:15,0,0,0
14/11/2020 03:03:16,0,0,0
14/11/2020 03:03:17,0,0,0
14/11/2020 03:03:18,0,0,0
14/11/2020 03:03:19,0,0,0
14/11/2020 03:03:20,0,0,0
14/11/2020 03:03:21,0,0,0
14/11/2020 03:03:22,0,0,0
14/11/2020 03:03:23,0,0,0
14/11/2020 03:03:24,0,0,0
14/11/2020 03:03:25,0,0,0
14/11/2020 03:03:26,0,0,0
14/11/2020 03:03:27,0,0,0
14/11/2020 03:03:28,0,0,0
14/11/2020 03:03:29,0,0,0
14/11/2020 03:03:30,0,0,0
14/11/2020 03:03:31,0,0,0
14/11/2020 03:03:32,0,0,0
14/11/2020 03:03:33,0,0,0
14/11/2020 03:03:34,0,0,0
14/11/2020 03:03:35,0,0,0
14/11/2020 03:03:36,0,0,0
14/11/2020 03:03:37,0,0,0
14/11/2020 03:03:38,0,0,0
14/11/2020 03:03:39,0,0,0
14/11/2020 03:03:40,0,0,0
14/11/2020 03:03:41,0,0,0
14/11/2020 03:03:42,0,0,0
14/11/2020 03:03:43,0,0,0
14/11/2020 03:03:44,0,0,0
14/11/2020 03:03:45,0,0,0
14/11/2020 03:03:46,0,0,0
14/11/2020 03:03:47,0,0,0
14/11/2020 03:03:48,0,0,0
14/11/2020 03:03:49,0,0,0
14/11/2020 03:03:50,0,0,0
14/11/2020 03:03:51,0,0,0
14/11/2020 03:03:52,0,0,0
14/11/2020 03:03:53,0,0,0
14/11/2020 03:03:54,0,0,0
14/11/2020 03:03:55,0,0,0
14/11/2020 03:03:56,0,0,0
14/11/2020 03:03:57,0,0,0
14/11/2020 03:03:58,0,0,0
14/11/2020 03:03:59,0,0,0
14/11/2020 03:04:00,0,0,0
14/11/2020 03:04:01,0,0,0
14/11/2020 03:04:02,0,0,0
14/11/2020 03:04:03,0,0,0
14/11/2020 03:04:04,0,0,0
14/11/2020 03:04:05,0,0,0
14/11/2020 03:04:06,0,0,0
14/11/2020 03:04:07,0,0,0
14/11/2020 03:04:08,0,0,0
14/11/2020 03:04:09,0,0,0
14/11/2020 03:04:10,0,0,0
14/11/2020 03:04:11,0,0,0
14/11/2020 03:04:12,0,0,0
14/11/2020 03:04:13,0,0,0
14/11/2020 03:04:14,0,0,0
14/11/2020 03:04:15,0,0,0
14/11/2020 03:04:16,0,0,0
14/11/2020 03:04:17,0,0,0
14/11/2020 03:04:18,0,0,0
14/11/2020 03:04:19,0,0,0
14/11/2020 03:04:20,0,0,0
14/11/2020 03:04:21,0,0,0
14/11/2020 03:04:22,0,0,0
14/11/2020 03:04:23,0,0,0
14/11/2020 03:04:24,0,0,0
14/11/2020 03:04:25,0,0,0
14/11/2020 03:04:26,0,0,0
14/11/2020 03:04:27,0,0,0
14/11/2020 03:04:28,0,0,0
14/11/2020 03:04:29,0,0,0
14/11/2020 03:04:30,0,0,0
14/11/2020 03:04:31,0,0,0
14/11/2020 03:04:32,0,0,0
14/11/2020 03:04:33,0,0,0
14/11/2020 03:04:34,0,0,0
14/11/2020 03:04:35,0,0,0
14/11/2020 03:04:36,0,0,0
14/11/2020 03:04:37,0,0,0
14/11/2020 03:04:38,0,0,0
14/11/2020 03:04:39,0,0,0
14/11/2020 03:04:40,0,0,0
14/11/2020 03:04:41,0,0,0
14/11/2020 03:04:42,0,0,0
14/11/2020 03:04:43,0,0,0
14/11/2020 03:04:44,0,0,0
14/11/2020 03:04:45,0,0,0
14/11/2020 03:04:46,0,0,0
14/11/2020 03:04:47,0,0,0
14/11/2020 03:04:48,0,0,0
14/11/2020 03:04:49,0,0,0
14/11/2020 03:04:50,0,0,0
14/11/2020 03:04:51,0,0,0
14/11/2020 03:04:52,0,0,0
14/11/2020 03:04:53,0,0,0
14/11/2020 03:04:54,0,0,0
14/11/2020 03:04:55,0,0,0
14/11/2020 03:04:56,0,0,0
14/11/2020 03:04:57,0,0,0
14/11/2020 03:04:58,0,0,0
14/11/2020 03:04:59,0,0,0
14/11/2020 03:05:00,0,0,0
14/11/2020 03:05:01,0,0,0
14/11/2020 03:05:02,0,0,0
14/11/2020 03:05:03,0,0,0
14/11/2020 03:05:04,0,0,0
14/11/2020 03:05:05,0,0,0
14/11/2020 03:05:06,0,0,0
14/11/2020 03:05:07,0,0,0
14/11/2020 03:05:08,0,0,0
14/11/2020 03:05:09,0,0,0
14/11/2020 03:05:10,0,0,0
14/11/2020 03:05:11,0,0,0
14/11/2020 03:05:12,0,0,0
14/11/2020 03:05:13,0,0,0
14/11/2020 03:05:14,0,0,0
14/11/2020 03:05:15,0,0,0
14/11/2020 03:05:16,0,0,0
14/11/2020 03:05:17,0,0,0
14/11/2020 03:05:18,0,0,0
14/11/2020 03:05:19,0,0,0
14/11/2020 03:05:20,0,0,0
14/11/2020 03:05:21,0,0,0
14/11/2020 03:05:22,0,0,0
14/11/2020 03:05:23,0,0,0
14/11/2020 03:05:24,0,0,0
14/11/2020 03:05:25,0,0,0
14/11/2020 03:05:26,0,0,0
14/11/2020 03:05:27,0,0,0
14/11/2020 03:05:28,0,0,0
14/11/2020 03:05:29,0,0,0
14/11/2020 03:05:30,0,0,0
14/11/2020 03:05:31,0,0,0
14/11/2020 03:05:32,0,0,0
14/11/2020 03:05:33,0,0,0
14/11/2020 03:05:34,0,0,0
14/11/2020 03:05:35,0,0,0
14/11/2020 03:05:36,0,0,0
14/11/2020 03:05:37,0,0,0
14/11/2020 03:05:38,0,0,0
14/11/2020 03:05:39,0,0,0
14/11/2020 03:05:40,0,0,0
14/11/2020 03:05:41,0,0,0
14/11/2020 03:05:42,0,0,0
14/11/2020 03:05:43,0,0,0
14/11/2020 03:05:44,0,0,0
14/11/2020 03:05:45,0,0,0
14/11/2020 03:05:46,0,0,0
14/11/2020 03:05:47,0,0,0
14/11/2020 03:05:48,0,0,0
14/11/2020 03:05:49,0,0,0
14/11/2020 03:05:50,0,0,0
14/11/2020 03:05:51,0,0,0
14/11/2020 03:05:52,0,0,0
14/11/2020 03:05:53,0,0,0
14/11/2020 03:05:54,0,0,0
14/11/2020 03:05:55,0,0,0
14/11/2020 03:05:56,0,0,0
14/11/2020 03:05:57,0,0,0
14/11/2020 03:05:58,0,0,0
14/11/2020 03:05:59,0,0,0
14/11/2020 03:06:00,0,0,0
14/11/2020 03:06:01,0,0,0
14/11/2020 03:06:02,0,0,0
14/11/2020 03:06:03,0,0,0
14/11/2020 03:06:04,0,0,0
14/11/2020 03:06:05,0,0,0
14/11/2020 03:06:06,0,0,0
14/11/2020 03:06:07,0,0,0
14/11/2020 03:06:08,0,0,0
14/11/2020 03:06:09,0,0,0
14/11/2020 03:06:10,0,0,0
14/11/2020 03:06:11,0,0,0
14/11/2020 03:06:12,0,0,0
14/11/2020 03:06:13,0,0,0
14/11/2020 03:06:14,0,0,0
14/11/2020 03:06:15,0,0,0
14/11/2020 03:06:16,0,0,0
14/11/2020 03:06:17,0,0,0
14/11/2020 03:06:18,0,0,0
14/11/2020 03:06:19,0,0,0
14/11/2020 03:06:20,0,0,0
14/11/2020 03:06:21,0,0,0
14/11/2020 03:06:22,0,0,0
14/11/2020 03:06:23,0,0,0
14/11/2020 03:06:24,0,0,0
14/11/2020 03:06:25,0,0,0
14/11/2020 03:06:26,0,0,0
14/11/2020 03:06:27,0,0,0
14/11/2020 03:06:28,0,0,0
14/11/2020 03:06:29,0,0,0
14/11/2020 03:06:30,0,0,0
14/11/2020 03:06:31,0,0,0
14/11/2020 03:06:32,0,0,0
14/11/2020 03:06:33,0,0,0
14/11/2020 03:06:34,0,0,0
14/11/2020 03:06:35,0,0,0
14/11/2020 03:06:36,0,0,0
14/11/2020 03:06:37,0,0,0
14/11/2020 03:06:38,0,0,0
14/11/2020 03:06:39,0,0,0
14/11/2020 03:06:40,0,0,0
14/11/2020 03:06:41,0,0,0
14/11/2020 03:06:42,0,0,0
14/11/2020 03:06:43,0,0,0
14/11/2020 03:06:44,0,0,0
14/11/2020 03:06:45,0,0,0
14/11/2020 03:06:46,0,0,0
14/11/2020 03:06:47,0,0,0
14/11/2020 03:06:48,0,0,0
14/11/2020 03:06:49,0,0,0
14/11/2020 03:06:50,0,0,0
14/11/2020 03:06:51,0,0,0
14/11/2020 03:06:52,0,0,0
14/11/2020 03:06:53,0,0,0
14/11/2020 03:06:54,0,0,0
14/11/2020 03:06:55,0,0,0
14/11/2020 03:06:56,0,0,0
14/11/2020 03:06:57,0,0,0
14/11/2020 03:06:58,0,0,0
14/11/2020 03:06:59,0,0,0
14/11/2020 03:07:00,0,0,0
14/11/2020 03:07:01,0,0,0
14/11/2020 03:07:02,0,0,0
14/11/2020 03:07:03,0,0,0
14/11/2020 03:07:04,0,0,0
14/11/2020 03:07:05,0,0,0
14/11/2020 03:07:06,0,0,0
14/11/2020 03:07:07,0,0,0
14/11/2020 03:07:08,0,0,0
14/11/2020 03:07:09,0,0,0
14/11/2020 03:07:10,0,0,0
14/11/2020 03:07:11,0,0,0
14/11/2020 03:07:12,0,0,0
14/11/2020 03:07:13,0,0,0
14/11/2020 03:07:14,0,0,0
14/11/2020 03:07:15,0,0,0
14/11/2020 03:07:16,0,0,0
14/11/2020 03:07:17,0,0,0
14/11/2020 03:07:18,0,0,0
14/11/2020 03:07:19,0,0,0
14/11/2020 03:07:20,0,0,0
14/11/2020 03:07:21,0,0,0
14/11/2020 03:07:22,0,0,0
14/11/2020 03:07:23,0,0,0
14/11/2020 03:07:24,0,0,0
14/11/2020 03:07:25,0,0,0
14/11/2020 03:07:26,0,0,0
14/11/2020 03:07:27,0,0,0
14/11/2020 03:07:28,0,0,0
14/11/2020 03:07:29,0,0,0
14/11/2020 03:07:30,0,0,0
14/11/2020 03:07:31,0,0,0
14/11/2020 03:07:32,0,0,0
14/11/2020 03:07:33,0,0,0
14/11/2020 03:07:34,0,0,0
14/11/2020 03:07:35,0,0,0
14/11/2020 03:07:36,0,0,0
14/11/2020 03:07:37,0,0,0
14/11/2020 03:07:38,0,0,0
14/11/2020 03:07:39,0,0,0
14/11/2020 03:07:40,0,0,0
14/11/2020 03:07:41,0,0,0
14/11/2020 03:07:42,0,0,0
14/11/2020 03:07:43,0,0,0
14/11/2020 03:07:44,0,0,0
14/11/2020 03:07:45,0,0,0
14/11/2020 03:07:46,0,0,0
14/11/2020 03:07:47,0,0,0
14/11/2020 03:07:48,0,0,0
14/11/2020 03:07:49,0,0,0
14/11/2020 03:07:50,0,0,0
14/11/2020 03:07:51,0,0,0
14/11/2020 03:07:52,0,0,0
14/11/2020 03:07:53,0,0,0
14/11/2020 03:07:54,0,0,0
14/11/2020 03:07:55,0,0,0
14/11/2020 03:07:56,0,0,0
14/11/2020 03:07:57,0,0,0
14/11/2020 03:07:58,0,0,0
14/11/2020 03:07:59,0,0,0
14/11/2020 03:08:00,0,0,0
14/11/2020 03:08:01,0,0,0
14/11/2020 03:08:02,0,0,0
14/11/2020 03:08:03,0,0,0
14/11/2020 03:08:04,0,0,0
14/11/2020 03:08:05,0,0,0
14/11/2020 03:08:06,0,0,0
14/11/2020 03:08:07,0,0,0
14/11/2020 03:08:08,0,0,0
14/11/2020 03:08:09,0,0,0
14/11/2020 03:08:10,0,0,0
14/11/2020 03:08:11,0,0,0
14/11/2020 03:08:12,0,0,0
14/11/2020 03:08:13,0,0,0
14/11/2020 03:08:14,0,0,0
14/11/2020 03:08:15,0,0,0
14/11/2020 03:08:16,0,0,0
14/11/2020 03:08:17,0,0,0
14/11/2020 03:08:18,0,0,0
14/11/2020 03:08:19,0,0,0
14/11/2020 03:08:20,0,0,0
14/11/2020 03:08:21,0,0,0
14/11/2020 03:08:22,0,0,0
14/11/2020 03:08:23,0,0,0
14/11/2020 03:08:24,0,0,0
14/11/2020 03:08:25,0,0,0
14/11/2020 03:08:26,0,0,0
14/11/2020 03:08:27,0,0,0
14/11/2020 03:08:28,0,0,0
14/11/2020 03:08:29,0,0,0
14/11/2020 03:08:30,0,0,0
14/11/2020 03:08:31,0,0,0
14/11/2020 03:08:32,0,0,0
14/11/2020 03:08:33,0,0,0
14/11/2020 03:08:34,0,0,0
14/11/2020 03:08:35,0,0,0
14/11/2020 03:08:36,0,0,0
14/11/2020 03:08:37,0,0,0
14/11/2020 03:08:38,0,0,0
14/11/2020 03:08:39,0,0,0
14/11/2020 03:08:40,0,0,0
14/11/2020 03:08:41,0,0,0
14/11/2020 03:08:42,0,0,0
14/11/2020 03:08:43,0,0,0
14/11/2020 03:08:44,0,0,0
14/11/2020 03:08:45,0,0,0
14/11/2020 03:08:46,0,0,0
14/11/2020 03:08:47,0,0,0
14/11/2020 03:08:48,0,0,0
14/11/2020 03:08:49,0,0,0
14/11/2020 03:08:50,0,0,0
14/11/2020 03:08:51,0,0,0
14/11/2020 03:08:52,0,0,0
14/11/2020 03:08:53,0,0,0
14/11/2020 03:08:54,0,0,0
14/11/2020 03:08:55,0,0,0
14/11/2020 03:08:56,0,0,0
14/11/2020 03:08:57,0,0,0
14/11/2020 03:08:58,0,0,0
14/11/2020 03:08:59,0,0,0
14/11/2020 03:09:00,0,0,0
14/11/2020 03:09:01,0,0,0
14/11/2020 03:09:02,0,0,0
14/11/2020 03:09:03,0,0,0
14/11/2020 03:09:04,0,0,0
14/11/2020 03:09:05,0,0,0
14/11/2020 03:09:06,0,0,0
14/11/2020 03:09:07,0,0,0
14/11/2020 03:09:08,0,0,0
14/11/2020 03:09:09,0,0,0
14/11/2020 03:09:10,0,0,0
14/11/2020 03:09:11,0,0,0
14/11/2020 03:09:12,0,0,0
14/11/2020 03:09:13,0,0,0
14/11/2020 03:09:14,0,0,0
14/11/2020 03:09:15,0,0,0
14/11/2020 03:09:16,0,0,0
14/11/2020 03:09:17,0,0,0
14/11/2020 03:09:18,0,0,0
14/11/2020 03:09:19,0,0,0
14/11/2020 03:09:20,0,0,0
14/11/2020 03:09:21,0,0,0
14/11/2020 03:09:22,0,0,0
14/11/2020 03:09:23,0,0,0
14/11/2020 03:09:24,0,0,0
14/11/2020 03:09:25,0,0,0
14/11/2020 03:09:26,0,0,0
14/11/2020 03:09:27,0,0,0
14/11/2020 03:09:28,0,0,0
14/11/2020 03:09:29,0,0,0
14/11/2020 03:09:30,0,0,0
14/11/2020 03:09:31,0,0,0
14/11/2020 03:09:32,0,0,0
14/11/2020 03:09:33,0,0,0
14/11/2020 03:09:34,0,0,0
14/11/2020 03:09:35,0,0,0
14/11/2020 03:09:36,0,0,0
14/11/2020 03:09:37,0,0,0
14/11/2020 03:09:38,0,0,0
14/11/2020 03:09:39,0,0,0
14/11/2020 03:09:40,0,0,0
14/11/2020 03:09:41,0,0,0
14/11/2020 03:09:42,0,0,0
14/11/2020 03:09:43,0,0,0
14/11/2020 03:09:44,0,0,0
14/11/2020 03:09:45,0,0,0
14/11/2020 03:09:46,0,0,0
14/11/2020 03:09:47,0,0,0
14/11/2020 03:09:48,0,0,0
14/11/2020 03:09:49,0,0,0
14/11/2020 03:09:50,0,0,0
14/11/2020 03:09:51,0,0,0
14/11/2020 03:09:52,0,0,0
14/11/2020 03:09:53,0,0,0
14/11/2020 03:09:54,0,0,0
14/11/2020 03:09:55,0,0,0
14/11/2020 03:09:56,0,0,0
14/11/2020 03:09:57,0,0,0
14/11/2020 03:09:58,0,0,0
14/11/2020 03:09:59,0,0,0
14/11/2020 03:10:00,0,0,0
14/11/2020 03:10:01,0,0,0
14/11/2020 03:10:02,0,0,0
14/11/2020 03:10:03,0,0,0
14/11/2020 03:10:04,0,0,0
14/11/2020 03:10:05,0,0,0
14/11/2020 03:10:06,0,0,0
14/11/2020 03:10:07,0,0,0
14/11/2020 03:10:08,0,0,0
14/11/2020 03:10:09,0,0,0
14/11/2020 03:10:10,0,0,0
14/11/2020 03:10:11,0,0,0
14/11/2020 03:10:12,0,0,0
14/11/2020 03:10:13,0,0,0
14/11/2020 03:10:14,0,0,0
14/11/2020 03:10:15,0,0,0
14/11/2020 03:10:16,0,0,0
14/11/2020 03:10:17,0,0,0
14/11/2020 03:10:18,0,0,0
14/11/2020 03:10:19,0,0,0
14/11/2020 03:10:20,0,0,0
14/11/2020 03:10:21,0,0,0
14/11/2020 03:10:22,0,0,0
14/11/2020 03:10:23,0,0,0
14/11/2020 03:10:24,0,0,0
14/11/2020 03:10:25,0,0,0
14/11/2020 03:10:26,0,0,0
14/11/2020 03:10:27,0,0,0
14/11/2020 03:10:28,0,0,0
14/11/2020 03:10:29,0,0,0
14/11/2020 03:10:30,0,0,0
14/11/2020 03:10:31,0,0,0
14/11/2020 03:10:32,0,0,0
14/11/2020 03:10:33,0,0,0
14/11/2020 03:10:34,0,0,0
14/11/2020 03:10:35,0,0,0
14/11/2020 03:10:36,0,0,0
14/11/2020 03:10:37,0,0,0
14/11/2020 03:10:38,0,0,0
14/11/2020 03:10:39,0,0,0
14/11/2020 03:10:40,0,0,0
14/11/2020 03:10:41,0,0,0
14/11/2020 03:10:42,0,0,0
14/11/2020 03:10:43,0,0,0
14/11/2020 03:10:44,0,0,0
14/11/2020 03:10:45,0,0,0
14/11/2020 03:10:46,0,0,0
14/11/2020 03:10:47,0,0,0
14/11/2020 03:10:48,0,0,0
14/11/2020 03:10:49,0,0,0
14/11/2020 03:10:50,0,0,0
14/11/2020 03:10:51,0,0,0
14/11/2020 03:10:52,0,0,0
14/11/2020 03:10:53,0,0,0
14/11/2020 03:10:54,0,0,0
14/11/2020 03:10:55,0,0,0
14/11/2020 03:10:56,0,0,0
14/11/2020 03:10:57,0,0,0
14/11/2020 03:10:58,0,0,0
14/11/2020 03:10:59,0,0,0
14/11/2020 03:11:00,0,0,0
14/11/2020 03:11:01,0,0,0
14/11/2020 03:11:02,0,0,0
14/11/2020 03:11:03,0,0,0
14/11/2020 03:11:04,0,0,0
14/11/2020 03:11:05,0,0,0
14/11/2020 03:11:06,0,0,0
14/11/2020 03:11:07,0,0,0
14/11/2020 03:11:08,0,0,0
14/11/2020 03:11:09,0,0,0
14/11/2020 03:11:10,0,0,0
14/11/2020 03:11:11,0,0,0
14/11/2020 03:11:12,0,0,0
14/11/2020 03:11:13,0,0,0
14/11/2020 03:11:14,0,0,0
14/11/2020 03:11:15,0,0,0
14/11/2020 03:11:16,0,0,0
14/11/2020 03:11:17,0,0,0
14/11/2020 03:11:18,0,0,0
14/11/2020 03:11:19,0,0,0
14/11/2020 03:11:20,0,0,0
14/11/2020 03:11:21,0,0,0
14/11/2020 03:11:22,0,0,0
14/11/2020 03:11:23,0,0,0
14/11/2020 03:11:24,0,0,0
14/11/2020 03:11:25,0,0,0
14/11/2020 03:11:26,0,0,0
14/11/2020 03:11:27,0,0,0
14/11/2020 03:11:28,0,0,0
14/11/2020 03:11:29,0,0,0
14/11/2020 03:11:30,0,0,0
14/11/2020 03:11:31,0,0,0
14/11/2020 03:11:32,0,0,0
14/11/2020 03:11:33,0,0,0
14/11/2020 03:11:34,0,0,0
14/11/2020 03:11:35,0,0,0
14/11/2020 03:11:36,0,0,0
14/11/2020 03:11:37,0,0,0
14/11/2020 03:11:38,0,0,0
14/11/2020 03:11:39,0,0,0
14/11/2020 03:11:40,0,0,0
14/11/2020 03:11:41,0,0,0
14/11/2020 03:11:42,0,0,0
14/11/2020 03:11:43,0,0,0
14/11/2020 03:11:44,0,0,0
14/11/2020 03:11:45,0,0,0
14/11/2020 03:11:46,0,0,0
14/11/2020 03:11:47,0,0,0
14/11/2020 03:11:48,0,0,0
14/11/2020 03:11:49,0,0,0
14/11/2020 03:11:50,0,0,0
14/11/2020 03:11:51,0,0,0
14/11/2020 03:11:52,0,0,0
14/11/2020 03:11:53,0,0,0
14/11/2020 03:11:54,0,0,0
14/11/2020 03:11:55,0,0,0
14/11/2020 03:11:56,0,0,0
14/11/2020 03:11:57,0,0,0
14/11/2020 03:11:58,0,0,0
14/11/2020 03:11:59,0,0,0
14/11/2020 03:12:00,0,0,0
14/11/2020 03:12:01,0,0,0
14/11/2020 03:12:02,0,0,0
14/11/2020 03:12:03,0,0,0
14/11/2020 03:12:04,0,0,0
14/11/2020 03:12:05,0,0,0
14/11/2020 03:12:06,0,0,0
14/11/2020 03:12:07,0,0,0
14/11/2020 03:12:08,0,0,0
14/11/2020 03:12:09,0,0,0
14/11/2020 03:12:10,0,0,0
14/11/2020 03:12:11,0,0,0
14/11/2020 03:12:12,0,0,0
14/11/2020 03:12:13,0,0,0
14/11/2020 03:12:14,0,0,0
14/11/2020 03:12:15,0,0,0
14/11/2020 03:12:16,0,0,0
14/11/2020 03:12:17,0,0,0
14/11/2020 03:12:18,0,0,0
14/11/2020 03:12:19,0,0,0
14/11/2020 03:12:20,0,0,0
14/11/2020 03:12:21,0,0,0
14/11/2020 03:12:22,0,0,0
14/11/2020 03:12:23,0,0,0
14/11/2020 03:12:24,0,0,0
14/11/2020 03:12:25,0,0,0
14/11/2020 03:12:26,0,0,0
14/11/2020 03:12:27,0,0,0
14/11/2020 03:12:28,0,0,0
14/11/2020 03:12:29,0,0,0
14/11/2020 03:12:30,0,0,0
14/11/2020 03:12:31,0,0,0
14/11/2020 03:12:32,0,0,0
14/11/2020 03:12:33,0,0,0
14/11/2020 03:12:34,0,0,0
14/11/2020 03:12:35,0,0,0
14/11/2020 03:12:36,0,0,0
14/11/2020 03:12:37,0,0,0
14/11/2020 03:12:38,0,0,0
14/11/2020 03:12:39,0,0,0
14/11/2020 03:12:40,0,0,0
14/11/2020 03:12:41,0,0,0
14/11/2020 03:12:42,0,0,0
14/11/2020 03:12:43,0,0,0
14/11/2020 03:12:44,0,0,0
14/11/2020 03:12:45,0,0,0
14/11/2020 03:12:46,0,0,0
14/11/2020 03:12:47,0,0,0
14/11/2020 03:12:48,0,0,0
14/11/2020 03:12:49,0,0,0
14/11/2020 03:12:50,0,0,0
14/11/2020 03:12:51,0,0,0
14/11/2020 03:12:52,0,0,0
14/11/2020 03:12:53,0,0,0
14/11/2020 03:12:54,0,0,0
14/11/2020 03:12:55,0,0,0
14/11/2020 03:12:56,0,0,0
14/11/2020 03:12:57,0,0,0
14/11/2020 03:12:58,0,0,0
14/11/2020 03:12:59,0,0,0
14/11/2020 03:13:00,0,0,0
14/11/2020 03:13:01,0,0,0
14/11/2020 03:13:02,0,0,0
14/11/2020 03:13:03,0,0,0
14/11/2020 03:13:04,0,0,0
14/11/2020 03:13:05,0,0,0
14/11/2020 03:13:06,0,0,0
14/11/2020 03:13:07,0,0,0
14/11/2020 03:13:08,0,0,0
14/11/2020 03:13:09,0,0,0
14/11/2020 03:13:10,0,0,0
14/11/2020 03:13:11,0,0,0
14/11/2020 03:13:12,0,0,0
14/11/2020 03:13:13,0,0,0
14/11/2020 03:13:14,0,0,0
14/11/2020 03:13:15,0,0,0
14/11/2020 03:13:16,0,0,0
14/11/2020 03:13:17,0,0,0
14/11/2020 03:13:18,0,0,0
14/11/2020 03:13:19,0,0,0
14/11/2020 03:13:20,0,0,0
14/11/2020 03:13:21,0,0,0
14/11/2020 03:13:22,0,0,0
14/11/2020 03:13:23,0,0,0
14/11/2020 03:13:24,0,0,0
14/11/2020 03:13:25,0,0,0
14/11/2020 03:13:26,0,0,0
14/11/2020 03:13:27,0,0,0
14/11/2020 03:13:28,0,0,0
14/11/2020 03:13:29,0,0,0
14/11/2020 03:13:30,0,0,0
14/11/2020 03:13:31,0,0,0
14/11/2020 03:13:32,0,0,0
14/11/2020 03:13:33,0,0,0
14/11/2020 03:13:34,0,0,0
14/11/2020 03:13:35,0,0,0
14/11/2020 03:13:36,0,0,0
14/11/2020 03:13:37,0,0,0
14/11/2020 03:13:38,0,0,0
14/11/2020 03:13:39,0,0,0
14/11/2020 03:13:40,0,0,0
14/11/2020 03:13:41,0,0,0
14/11/2020 03:13:42,0,0,0
14/11/2020 03:13:43,0,0,0
14/11/2020 03:13:44,0,0,0
14/11/2020 03:13:45,0,0,0
14/11/2020 03:13:46,0,0,0
14/11/2020 03:13:47,0,0,0
14/11/2020 03:13:48,0,0,0
14/11/2020 03:13:49,0,0,0
14/11/2020 03:13:50,0,0,0
14/11/2020 03:13:51,0,0,0
14/11/2020 03:13:52,0,0,0
14/11/2020 03:13:53,0,0,0
14/11/2020 03:13:54,0,0,0
14/11/2020 03:13:55,0,0,0
14/11/2020 03:13:56,0,0,0
14/11/2020 03:13:57,0,0,0
14/11/2020 03:13:58,0,0,0
14/11/2020 03:13:59,0,0,0
14/11/2020 03:14:00,0,0,0
14/11/2020 03:14:01,0,0,0
14/11/2020 03:14:02,0,0,0
14/11/2020 03:14:03,0,0,0
14/11/2020 03:14:04,0,0,0
14/11/2020 03:14:05,0,0,0
14/11/2020 03:14:06,0,0,0
14/11/2020 03:14:07,0,0,0
14/11/2020 03:14:08,0,0,0
14/11/2020 03:14:09,0,0,0
14/11/2020 03:14:10,0,0,0
14/11/2020 03:14:11,0,0,0
14/11/2020 03:14:12,0,0,0
14/11/2020 03:14:13,0,0,0
14/11/2020 03:14:14,0,0,0
14/11/2020 03:14:15,0,0,0
14/11/2020 03:14:16,0,0,0
14/11/2020 03:14:17,0,0,0
14/11/2020 03:14:18,0,0,0
14/11/2020 03:14:19,0,0,0
14/11/2020 03:14:20,0,0,0
14/11/2020 03:14:21,0,0,0
14/11/2020 03:14:22,0,0,0
14/11/2020 03:14:23,0,0,0
14/11/2020 03:14:24,0,0,0
14/11/2020 03:14:25,0,0,0
14/11/2020 03:14:26,0,0,0
14/11/2020 03:14:27,0,0,0
14/11/2020 03:14:28,0,0,0
14/11/2020 03:14:29,0,0,0
14/11/2020 03:14:30,0,0,0
14/11/2020 03:14:31,0,0,0
14/11/2020 03:14:32,0,0,0
14/11/2020 03:14:33,0,0,0
14/11/2020 03:14:34,0,0,0
14/11/2020 03:14:35,0,0,0
14/11/2020 03:14:36,0,0,0
14/11/2020 03:14:37,0,0,0
14/11/2020 03:14:38,0,0,0
14/11/2020 03:14:39,0,0,0
14/11/2020 03:14:40,0,0,0
14/11/2020 03:14:41,0,0,0
14/11/2020 03:14:42,0,0,0
14/11/2020 03:14:43,0,0,0
14/11/2020 03:14:44,0,0,0
14/11/2020 03:14:45,0,0,0
14/11/2020 03:14:46,0,0,0
14/11/2020 03:14:47,0,0,0
14/11/2020 03:14:48,0,0,0
14/11/2020 03:14:49,0,0,0
14/11/2020 03:14:50,0,0,0
14/11/2020 03:14:51,0,0,0
14/11/2020 03:14:52,0,0,0
14/11/2020 03:14:53,0,0,0
14/11/2020 03:14:54,0,0,0
14/11/2020 03:14:55,0,0,0
14/11/2020 03:14:56,0,0,0
14/11/2020 03:14:57,0,0,0
14/11/2020 03:14:58,0,0,0
14/11/2020 03:14:59,0,0,0
14/11/2020 03:15:00,0,0,0
14/11/2020 03:15:01,0,0,0
14/11/2020 03:15:02,0,0,0
14/11/2020 03:15:03,0,0,0
14/11/2020 03:15:04,0,0,0
14/11/2020 03:15:05,0,0,0
14/11/2020 03:15:06,0,0,0
14/11/2020 03:15:07,0,0,0
14/11/2020 03:15:08,0,0,0
14/11/2020 03:15:09,0,0,0
14/11/2020 03:15:10,0,0,0
14/11/2020 03:15:11,0,0,0
14/11/2020 03:15:12,0,0,0
14/11/2020 03:15:13,0,0,0
14/11/2020 03:15:14,0,0,0
14/11/2020 03:15:15,0,0,0
14/11/2020 03:15:16,0,0,0
14/11/2020 03:15:17,0,0,0
14/11/2020 03:15:18,0,0,0
14/11/2020 03:15:19,0,0,0
14/11/2020 03:15:20,0,0,0
14/11/2020 03:15:21,0,0,0
14/11/2020 03:15:22,0,0,0
14/11/2020 03:15:23,0,0,0
14/11/2020 03:15:24,0,0,0
14/11/2020 03:15:25,0,0,0
14/11/2020 03:15:26,0,0,0
14/11/2020 03:15:27,0,0,0
14/11/2020 03:15:28,0,0,0
14/11/2020 03:15:29,0,0,0
14/11/2020 03:15:30,0,0,0
14/11/2020 03:15:31,0,0,0
14/11/2020 03:15:32,0,0,0
14/11/2020 03:15:33,0,0,0
14/11/2020 03:15:34,0,0,0
14/11/2020 03:15:35,0,0,0
14/11/2020 03:15:36,0,0,0
14/11/2020 03:15:37,0,0,0
14/11/2020 03:15:38,0,0,0
14/11/2020 03:15:39,0,0,0
14/11/2020 03:15:40,0,0,0
14/11/2020 03:15:41,0,0,0
14/11/2020 03:15:42,0,0,0
14/11/2020 03:15:43,0,0,0
14/11/2020 03:15:44,0,0,0
14/11/2020 03:15:45,0,0,0
14/11/2020 03:15:46,0,0,0
14/11/2020 03:15:47,0,0,0
14/11/2020 03:15:48,0,0,0
14/11/2020 03:15:49,0,0,0
14/11/2020 03:15:50,0,0,0
14/11/2020 03:15:51,0,0,0
14/11/2020 03:15:52,0,0,0
14/11/2020 03:15:53,0,0,0
14/11/2020 03:15:54,0,0,0
14/11/2020 03:15:55,0,0,0
14/11/2020 03:15:56,0,0,0
14/11/2020 03:15:57,0,0,0
14/11/2020 03:15:58,0,0,0
14/11/2020 03:15:59,0,0,0
14/11/2020 03:16:00,0,0,0
14/11/2020 03:16:01,0,0,0
14/11/2020 03:16:02,0,0,0
14/11/2020 03:16:03,0,0,0
14/11/2020 03:16:04,0,0,0
14/11/2020 03:16:05,0,0,0
14/11/2020 03:16:06,0,0,0
14/11/2020 03:16:07,0,0,0
14/11/2020 03:16:08,0,0,0
14/11/2020 03:16:09,0,0,0
14/11/2020 03:16:10,0,0,0
14/11/2020 03:16:11,0,0,0
14/11/2020 03:16:12,0,0,0
14/11/2020 03:16:13,0,0,0
14/11/2020 03:16:14,0,0,0
14/11/2020 03:16:15,0,0,0
14/11/2020 03:16:16,0,0,0
14/11/2020 03:16:17,0,0,0
14/11/2020 03:16:18,0,0,0
14/11/2020 03:16:19,0,0,0
14/11/2020 03:16:20,0,0,0
14/11/2020 03:16:21,0,0,0
14/11/2020 03:16:22,0,0,0
14/11/2020 03:16:23,0,0,0
14/11/2020 03:16:24,0,0,0
14/11/2020 03:16:25,0,0,0
14/11/2020 03:16:26,0,0,0
14/11/2020 03:16:27,0,0,0
14/11/2020 03:16:28,0,0,0
14/11/2020 03:16:29,0,0,0
14/11/2020 03:16:30,0,0,0
14/11/2020 03:16:31,0,0,0
14/11/2020 03:16:32,0,0,0
14/11/2020 03:16:33,0,0,0
14/11/2020 03:16:34,0,0,0
14/11/2020 03:16:35,0,0,0
14/11/2020 03:16:36,0,0,0
14/11/2020 03:16:37,0,0,0
14/11/2020 03:16:38,0,0,0
14/11/2020 03:16:39,0,0,0
14/11/2020 03:16:40,0,0,0
14/11/2020 03:16:41,0,0,0
14/11/2020 03:16:42,0,0,0
14/11/2020 03:16:43,0,0,0
14/11/2020 03:16:44,0,0,0
14/11/2020 03:16:45,0,0,0
14/11/2020 03:16:46,0,0,0
14/11/2020 03:16:47,0,0,0
14/11/2020 03:16:48,0,0,0
14/11/2020 03:16:49,0,0,0
14/11/2020 03:16:50,0,0,0
14/11/2020 03:16:51,0,0,0
14/11/2020 03:16:52,0,0,0
14/11/2020 03:16:53,0,0,0
14/11/2020 03:16:54,0,0,0
14/11/2020 03:16:55,0,0,0
14/11/2020 03:16:56,0,0,0
14/11/2020 03:16:57,0,0,0
14/11/2020 03:16:58,0,0,0
14/11/2020 03:16:59,0,0,0
14/11/2020 03:17:00,0,0,0
14/11/2020 03:17:01,0,0,0
14/11/2020 03:17:02,0,0,0
14/11/2020 03:17:03,0,0,0
14/11/2020 03:17:04,0,0,0
14/11/2020 03:17:05,0,0,0
14/11/2020 03:17:06,0,0,0
14/11/2020 03:17:07,0,0,0
14/11/2020 03:17:08,0,0,0
14/11/2020 03:17:09,0,0,0
14/11/2020 03:17:10,0,0,0
14/11/2020 03:17:11,0,0,0
14/11/2020 03:17:12,0,0,0
14/11/2020 03:17:13,0,0,0
14/11/2020 03:17:14,0,0,0
14/11/2020 03:17:15,0,0,0
14/11/2020 03:17:16,0,0,0
14/11/2020 03:17:17,0,0,0
14/11/2020 03:17:18,0,0,0
14/11/2020 03:17:19,0,0,0
14/11/2020 03:17:20,0,0,0
14/11/2020 03:17:21,0,0,0
14/11/2020 03:17:22,0,0,0
14/11/2020 03:17:23,0,0,0
14/11/2020 03:17:24,0,0,0
14/11/2020 03:17:25,0,0,0
14/11/2020 03:17:26,0,0,0
14/11/2020 03:17:27,0,0,0
14/11/2020 03:17:28,0,0,0
14/11/2020 03:17:29,0,0,0
14/11/2020 03:17:30,0,0,0
14/11/2020 03:17:31,0,0,0
14/11/2020 03:17:32,0,0,0
14/11/2020 03:17:33,0,0,0
14/11/2020 03:17:34,0,0,0
14/11/2020 03:17:35,0,0,0
14/11/2020 03:17:36,0,0,0
14/11/2020 03:17:37,0,0,0
14/11/2020 03:17:38,0,0,0
14/11/2020 03:17:39,0,0,0
14/11/2020 03:17:40,0,0,0
14/11/2020 03:17:41,0,0,0
14/11/2020 03:17:42,0,0,0
14/11/2020 03:17:43,0,0,0
14/11/2020 03:17:44,0,0,0
14/11/2020 03:17:45,0,0,0
14/11/2020 03:17:46,0,0,0
14/11/2020 03:17:47,0,0,0
14/11/2020 03:17:48,0,0,0
14/11/2020 03:17:49,0,0,0
14/11/2020 03:17:50,0,0,0
14/11/2020 03:17:51,0,0,0
14/11/2020 03:17:52,0,0,0
14/11/2020 03:17:53,0,0,0
14/11/2020 03:17:54,0,0,0
14/11/2020 03:17:55,0,0,0
14/11/2020 03:17:56,0,0,0
14/11/2020 03:17:57,0,0,0
14/11/2020 03:17:58,0,0,0
14/11/2020 03:17:59,0,0,0
14/11/2020 03:18:00,0,0,0
14/11/2020 03:18:01,0,0,0
14/11/2020 03:18:02,0,0,0
14/11/2020 03:18:03,0,0,0
14/11/2020 03:18:04,0,0,0
14/11/2020 03:18:05,0,0,0
14/11/2020 03:18:06,0,0,0
14/11/2020 03:18:07,0,0,0
14/11/2020 03:18:08,0,0,0
14/11/2020 03:18:09,0,0,0
14/11/2020 03:18:10,0,0,0
14/11/2020 03:18:11,0,0,0
14/11/2020 03:18:12,0,0,0
14/11/2020 03:18:13,0,0,0
14/11/2020 03:18:14,0,0,0
14/11/2020 03:18:15,0,0,0
14/11/2020 03:18:16,0,0,0
14/11/2020 03:18:17,0,0,0
14/11/2020 03:18:18,0,0,0
14/11/2020 03:18:19,0,0,0
14/11/2020 03:18:20,0,0,0
14/11/2020 03:18:21,0,0,0
14/11/2020 03:18:22,0,0,0
14/11/2020 03:18:23,0,0,0
14/11/2020 03:18:24,0,0,0
14/11/2020 03:18:25,0,0,0
14/11/2020 03:18:26,0,0,0
14/11/2020 03:18:27,0,0,0
14/11/2020 03:18:28,0,0,0
14/11/2020 03:18:29,0,0,0
14/11/2020 03:18:30,0,0,0
14/11/2020 03:18:31,0,0,0
14/11/2020 03:18:32,0,0,0
14/11/2020 03:18:33,0,0,0
14/11/2020 03:18:34,0,0,0
14/11/2020 03:18:35,0,0,0
14/11/2020 03:18:36,0,0,0
14/11/2020 03:18:37,0,0,0
14/11/2020 03:18:38,0,0,0
14/11/2020 03:18:39,0,0,0
14/11/2020 03:18:40,0,0,0
14/11/2020 03:18:41,0,0,0
14/11/2020 03:18:42,0,0,0
14/11/2020 03:18:43,0,0,0
14/11/2020 03:18:44,0,0,0
14/11/2020 03:18:45,0,0,0
14/11/2020 03:18:46,0,0,0
14/11/2020 03:18:47,0,0,0
14/11/2020 03:18:48,0,0,0
14/11/2020 03:18:49,0,0,0
14/11/2020 03:18:50,0,0,0
14/11/2020 03:18:51,0,0,0
14/11/2020 03:18:52,0,0,0
14/11/2020 03:18:53,0,0,0
14/11/2020 03:18:54,0,0,0
14/11/2020 03:18:55,0,0,0
14/11/2020 03:18:56,0,0,0
14/11/2020 03:18:57,0,0,0
14/11/2020 03:18:58,0,0,0
14/11/2020 03:18:59,0,0,0
14/11/2020 03:19:00,0,0,0
14/11/2020 03:19:01,0,0,0
14/11/2020 03:19:02,0,0,0
14/11/2020 03:19:03,0,0,0
14/11/2020 03:19:04,0,0,0
14/11/2020 03:19:05,0,0,0
14/11/2020 03:19:06,0,0,0
14/11/2020 03:19:07,0,0,0
14/11/2020 03:19:08,0,0,0
14/11/2020 03:19:09,0,0,0
14/11/2020 03:19:10,0,0,0
14/11/2020 03:19:11,0,0,0
14/11/2020 03:19:12,0,0,0
14/11/2020 03:19:13,0,0,0
14/11/2020 03:19:14,0,0,0
14/11/2020 03:19:15,0,0,0
14/11/2020 03:19:16,0,0,0
14/11/2020 03:19:17,0,0,0
14/11/2020 03:19:18,0,0,0
14/11/2020 03:19:19,0,0,0
14/11/2020 03:19:20,0,0,0
14/11/2020 03:19:21,0,0,0
14/11/2020 03:19:22,0,0,0
14/11/2020 03:19:23,0,0,0
14/11/2020 03:19:24,0,0,0
14/11/2020 03:19:25,0,0,0
14/11/2020 03:19:26,0,0,0
14/11/2020 03:19:27,0,0,0
14/11/2020 03:19:28,0,0,0
14/11/2020 03:19:29,0,0,0
14/11/2020 03:19:30,0,0,0
14/11/2020 03:19:31,0,0,0
14/11/2020 03:19:32,0,0,0
14/11/2020 03:19:33,0,0,0
14/11/2020 03:19:34,0,0,0
14/11/2020 03:19:35,0,0,0
14/11/2020 03:19:36,0,0,0
14/11/2020 03:19:37,0,0,0
14/11/2020 03:19:38,0,0,0
14/11/2020 03:19:39,0,0,0
14/11/2020 03:19:40,0,0,0
14/11/2020 03:19:41,0,0,0
14/11/2020 03:19:42,0,0,0
14/11/2020 03:19:43,0,0,0
14/11/2020 03:19:44,0,0,0
14/11/2020 03:19:45,0,0,0
14/11/2020 03:19:46,0,0,0
14/11/2020 03:19:47,0,0,0
14/11/2020 03:19:48,0,0,0
14/11/2020 03:19:49,0,0,0
14/11/2020 03:19:50,0,0,0
14/11/2020 03:19:51,0,0,0
14/11/2020 03:19:52,0,0,0
14/11/2020 03:19:53,0,0,0
14/11/2020 03:19:54,0,0,0
14/11/2020 03:19:55,0,0,0
14/11/2020 03:19:56,0,0,0
14/11/2020 03:19:57,0,0,0
14/11/2020 03:19:58,0,0,0
14/11/2020 03:19:59,0,0,0
14/11/2020 03:20:00,0,0,0
14/11/2020 03:20:01,0,0,0
14/11/2020 03:20:02,0,0,0
14/11/2020 03:20:03,0,0,0
14/11/2020 03:20:04,0,0,0
14/11/2020 03:20:05,0,0,0
14/11/2020 03:20:06,0,0,0
14/11/2020 03:20:07,0,0,0
14/11/2020 03:20:08,0,0,0
14/11/2020 03:20:09,0,0,0
14/11/2020 03:20:10,0,0,0
14/11/2020 03:20:11,0,0,0
14/11/2020 03:20:12,0,0,0
14/11/2020 03:20:13,0,0,0
14/11/2020 03:20:14,0,0,0
14/11/2020 03:20:15,0,0,0
14/11/2020 03:20:16,0,0,0
14/11/2020 03:20:17,0,0,0
14/11/2020 03:20:18,0,0,0
14/11/2020 03:20:19,0,0,0
14/11/2020 03:20:20,0,0,0
14/11/2020 03:20:21,0,0,0
14/11/2020 03:20:22,0,0,0
14/11/2020 03:20:23,0,0,0
14/11/2020 03:20:24,0,0,0
14/11/2020 03:20:25,0,0,0
14/11/2020 03:20:26,0,0,0
14/11/2020 03:20:27,0,0,0
14/11/2020 03:20:28,0,0,0
14/11/2020 03:20:29,0,0,0
14/11/2020 03:20:30,0,0,0
14/11/2020 03:20:31,0,0,0
14/11/2020 03:20:32,0,0,0
14/11/2020 03:20:33,0,0,0
14/11/2020 03:20:34,0,0,0
14/11/2020 03:20:35,0,0,0
14/11/2020 03:20:36,0,0,0
14/11/2020 03:20:37,0,0,0
14/11/2020 03:20:38,0,0,0
14/11/2020 03:20:39,0,0,0
14/11/2020 03:20:40,0,0,0
14/11/2020 03:20:41,0,0,0
14/11/2020 03:20:42,0,0,0
14/11/2020 03:20:43,0,0,0
14/11/2020 03:20:44,0,0,0
14/11/2020 03:20:45,0,0,0
14/11/2020 03:20:46,0,0,0
14/11/2020 03:20:47,0,0,0
14/11/2020 03:20:48,0,0,0
14/11/2020 03:20:49,0,0,0
14/11/2020 03:20:50,0,0,0
14/11/2020 03:20:51,0,0,0
14/11/2020 03:20:52,0,0,0
14/11/2020 03:20:53,0,0,0
14/11/2020 03:20:54,0,0,0
14/11/2020 03:20:55,0,0,0
14/11/2020 03:20:56,0,0,0
14/11/2020 03:20:57,0,0,0
14/11/2020 03:20:58,0,0,0
14/11/2020 03:20:59,0,0,0
14/11/2020 03:21:00,0,0,0
14/11/2020 03:21:01,0,0,0
14/11/2020 03:21:02,0,0,0
14/11/2020 03:21:03,0,0,0
14/11/2020 03:21:04,0,0,0
14/11/2020 03:21:05,0,0,0
14/11/2020 03:21:06,0,0,0
14/11/2020 03:21:07,0,0,0
14/11/2020 03:21:08,0,0,0
14/11/2020 03:21:09,0,0,0
14/11/2020 03:21:10,0,0,0
14/11/2020 03:21:11,0,0,0
14/11/2020 03:21:12,0,0,0
14/11/2020 03:21:13,0,0,0
14/11/2020 03:21:14,0,0,0
14/11/2020 03:21:15,0,0,0
14/11/2020 03:21:16,0,0,0
14/11/2020 03:21:17,0,0,0
14/11/2020 03:21:18,0,0,0
14/11/2020 03:21:19,0,0,0
14/11/2020 03:21:20,0,0,0
14/11/2020 03:21:21,0,0,0
14/11/2020 03:21:22,0,0,0
14/11/2020 03:21:23,0,0,0
14/11/2020 03:21:24,0,0,0
14/11/2020 03:21:25,0,0,0
14/11/2020 03:21:26,0,0,0
14/11/2020 03:21:27,0,0,0
14/11/2020 03:21:28,0,0,0
14/11/2020 03:21:29,0,0,0
14/11/2020 03:21:30,0,0,0
14/11/2020 03:21:31,0,0,0
14/11/2020 03:21:32,0,0,0
14/11/2020 03:21:33,0,0,0
14/11/2020 03:21:34,0,0,0
14/11/2020 03:21:35,0,0,0
14/11/2020 03:21:36,0,0,0
14/11/2020 03:21:37,0,0,0
14/11/2020 03:21:38,0,0,0
14/11/2020 03:21:39,0,0,0
14/11/2020 03:21:40,0,0,0
14/11/2020 03:21:41,0,0,0
14/11/2020 03:21:42,0,0,0
14/11/2020 03:21:43,0,0,0
14/11/2020 03:21:44,0,0,0
14/11/2020 03:21:45,0,0,0
14/11/2020 03:21:46,0,0,0
14/11/2020 03:21:47,0,0,0
14/11/2020 03:21:48,0,0,0
14/11/2020 03:21:49,0,0,0
14/11/2020 03:21:50,0,0,0
14/11/2020 03:21:51,0,0,0
14/11/2020 03:21:52,0,0,0
14/11/2020 03:21:53,0,0,0
14/11/2020 03:21:54,0,0,0
14/11/2020 03:21:55,0,0,0
14/11/2020 03:21:56,0,0,0
14/11/2020 03:21:57,0,0,0
14/11/2020 03:21:58,0,0,0
14/11/2020 03:21:59,0,0,0
14/11/2020 03:22:00,0,0,0
14/11/2020 03:22:01,0,0,0
14/11/2020 03:22:02,0,0,0
14/11/2020 03:22:03,0,0,0
14/11/2020 03:22:04,0,0,0
14/11/2020 03:22:05,0,0,0
14/11/2020 03:22:06,0,0,0
14/11/2020 03:22:07,0,0,0
14/11/2020 03:22:08,0,0,0
14/11/2020 03:22:09,0,0,0
14/11/2020 03:22:10,0,0,0
14/11/2020 03:22:11,0,0,0
14/11/2020 03:22:12,0,0,0
14/11/2020 03:22:13,0,0,0
14/11/2020 03:22:14,0,0,0
14/11/2020 03:22:15,0,0,0
14/11/2020 03:22:16,0,0,0
14/11/2020 03:22:17,0,0,0
14/11/2020 03:22:18,0,0,0
14/11/2020 03:22:19,0,0,0
14/11/2020 03:22:20,0,0,0
14/11/2020 03:22:21,0,0,0
14/11/2020 03:22:22,0,0,0
14/11/2020 03:22:23,0,0,0
14/11/2020 03:22:24,0,0,0
14/11/2020 03:22:25,0,0,0
14/11/2020 03:22:26,0,0,0
14/11/2020 03:22:27,0,0,0
14/11/2020 03:22:28,0,0,0
14/11/2020 03:22:29,0,0,0
14/11/2020 03:22:30,0,0,0
14/11/2020 03:22:31,0,0,0
14/11/2020 03:22:32,0,0,0
14/11/2020 03:22:33,0,0,0
14/11/2020 03:22:34,0,0,0
14/11/2020 03:22:35,0,0,0
14/11/2020 03:22:36,0,0,0
14/11/2020 03:22:37,0,0,0
14/11/2020 03:22:38,0,0,0
14/11/2020 03:22:39,0,0,0
14/11/2020 03:22:40,0,0,0
14/11/2020 03:22:41,0,0,0
14/11/2020 03:22:42,0,0,0
14/11/2020 03:22:43,0,0,0
14/11/2020 03:22:44,0,0,0
14/11/2020 03:22:45,0,0,0
14/11/2020 03:22:46,0,0,0
14/11/2020 03:22:47,0,0,0
14/11/2020 03:22:48,0,0,0
14/11/2020 03:22:49,0,0,0
14/11/2020 03:22:50,0,0,0
14/11/2020 03:22:51,0,0,0
14/11/2020 03:22:52,0,0,0
14/11/2020 03:22:53,0,0,0
14/11/2020 03:22:54,0,0,0
14/11/2020 03:22:55,0,0,0
14/11/2020 03:22:56,0,0,0
14/11/2020 03:22:57,0,0,0
14/11/2020 03:22:58,0,0,0
14/11/2020 03:22:59,0,0,0
14/11/2020 03:23:00,0,0,0
14/11/2020 03:23:01,0,0,0
14/11/2020 03:23:02,0,0,0
14/11/2020 03:23:03,0,0,0
14/11/2020 03:23:04,0,0,0
14/11/2020 03:23:05,0,0,0
14/11/2020 03:23:06,0,0,0
14/11/2020 03:23:07,0,0,0
14/11/2020 03:23:08,0,0,0
14/11/2020 03:23:09,0,0,0
14/11/2020 03:23:10,0,0,0
14/11/2020 03:23:11,0,0,0
14/11/2020 03:23:12,0,0,0
14/11/2020 03:23:13,0,0,0
14/11/2020 03:23:14,0,0,0
14/11/2020 03:23:15,0,0,0
14/11/2020 03:23:16,0,0,0
14/11/2020 03:23:17,0,0,0
14/11/2020 03:23:18,0,0,0
14/11/2020 03:23:19,0,0,0
14/11/2020 03:23:20,0,0,0
14/11/2020 03:23:21,0,0,0
14/11/2020 03:23:22,0,0,0
14/11/2020 03:23:23,0,0,0
14/11/2020 03:23:24,0,0,0
14/11/2020 03:23:25,0,0,0
14/11/2020 03:23:26,0,0,0
14/11/2020 03:23:27,0,0,0
14/11/2020 03:23:28,0,0,0
14/11/2020 03:23:29,0,0,0
14/11/2020 03:23:30,0,0,0
14/11/2020 03:23:31,0,0,0
14/11/2020 03:23:32,0,0,0
14/11/2020 03:23:33,0,0,0
14/11/2020 03:23:34,0,0,0
14/11/2020 03:23:35,0,0,0
14/11/2020 03:23:36,0,0,0
14/11/2020 03:23:37,0,0,0
14/11/2020 03:23:38,0,0,0
14/11/2020 03:23:39,0,0,0
14/11/2020 03:23:40,0,0,0
14/11/2020 03:23:41,0,0,0
14/11/2020 03:23:42,0,0,0
14/11/2020 03:23:43,0,0,0
14/11/2020 03:23:44,0,0,0
14/11/2020 03:23:45,0,0,0
14/11/2020 03:23:46,0,0,0
14/11/2020 03:23:47,0,0,0
14/11/2020 03:23:48,0,0,0
14/11/2020 03:23:49,0,0,0
14/11/2020 03:23:50,0,0,0
14/11/2020 03:23:51,0,0,0
14/11/2020 03:23:52,0,0,0
14/11/2020 03:23:53,0,0,0
14/11/2020 03:23:54,0,0,0
14/11/2020 03:23:55,0,0,0
14/11/2020 03:23:56,0,0,0
14/11/2020 03:23:57,0,0,0
14/11/2020 03:23:58,0,0,0
14/11/2020 03:23:59,0,0,0
14/11/2020 03:24:00,0,0,0
14/11/2020 03:24:01,0,0,0
14/11/2020 03:24:02,0,0,0
14/11/2020 03:24:03,0,0,0
14/11/2020 03:24:04,0,0,0
14/11/2020 03:24:05,0,0,0
14/11/2020 03:24:06,0,0,0
14/11/2020 03:24:07,0,0,0
14/11/2020 03:24:08,0,0,0
14/11/2020 03:24:09,0,0,0
14/11/2020 03:24:10,0,0,0
14/11/2020 03:24:11,0,0,0
14/11/2020 03:24:12,0,0,0
14/11/2020 03:24:13,0,0,0
14/11/2020 03:24:14,0,0,0
14/11/2020 03:24:15,0,0,0
14/11/2020 03:24:16,0,0,0
14/11/2020 03:24:17,0,0,0
14/11/2020 03:24:18,0,0,0
14/11/2020 03:24:19,0,0,0
14/11/2020 03:24:20,0,0,0
14/11/2020 03:24:21,0,0,0
14/11/2020 03:24:22,0,0,0
14/11/2020 03:24:23,0,0,0
14/11/2020 03:24:24,0,0,0
14/11/2020 03:24:25,0,0,0
14/11/2020 03:24:26,0,0,0
14/11/2020 03:24:27,0,0,0
14/11/2020 03:24:28,0,0,0
14/11/2020 03:24:29,0,0,0
14/11/2020 03:24:30,0,0,0
14/11/2020 03:24:31,0,0,0
14/11/2020 03:24:32,0,0,0
14/11/2020 03:24:33,0,0,0
14/11/2020 03:24:34,0,0,0
14/11/2020 03:24:35,0,0,0
14/11/2020 03:24:36,0,0,0
14/11/2020 03:24:37,0,0,0
14/11/2020 03:24:38,0,0,0
14/11/2020 03:24:39,0,0,0
14/11/2020 03:24:40,0,0,0
14/11/2020 03:24:41,0,0,0
14/11/2020 03:24:42,0,0,0
14/11/2020 03:24:43,0,0,0
14/11/2020 03:24:44,0,0,0
14/11/2020 03:24:45,0,0,0
14/11/2020 03:24:46,0,0,0
14/11/2020 03:24:47,0,0,0
14/11/2020 03:24:48,0,0,0
14/11/2020 03:24:49,0,0,0
14/11/2020 03:24:50,0,0,0
14/11/2020 03:24:51,0,0,0
14/11/2020 03:24:52,0,0,0
14/11/2020 03:24:53,0,0,0
14/11/2020 03:24:54,0,0,0
14/11/2020 03:24:55,0,0,0
14/11/2020 03:24:56,0,0,0
14/11/2020 03:24:57,0,0,0
14/11/2020 03:24:58,0,0,0
14/11/2020 03:24:59,0,0,0
14/11/2020 03:25:00,0,0,0
14/11/2020 03:25:01,0,0,0
14/11/2020 03:25:02,0,0,0
14/11/2020 03:25:03,0,0,0
14/11/2020 03:25:04,0,0,0
14/11/2020 03:25:05,0,0,0
14/11/2020 03:25:06,0,0,0
14/11/2020 03:25:07,0,0,0
14/11/2020 03:25:08,0,0,0
14/11/2020 03:25:09,0,0,0
14/11/2020 03:25:10,0,0,0
14/11/2020 03:25:11,0,0,0
14/11/2020 03:25:12,0,0,0
14/11/2020 03:25:13,0,0,0
14/11/2020 03:25:14,0,0,0
14/11/2020 03:25:15,0,0,0
14/11/2020 03:25:16,0,0,0
14/11/2020 03:25:17,0,0,0
14/11/2020 03:25:18,0,0,0
14/11/2020 03:25:19,0,0,0
14/11/2020 03:25:20,0,0,0
14/11/2020 03:25:21,0,0,0
14/11/2020 03:25:22,0,0,0
14/11/2020 03:25:23,0,0,0
14/11/2020 03:25:24,0,0,0
14/11/2020 03:25:25,0,0,0
14/11/2020 03:25:26,0,0,0
14/11/2020 03:25:27,0,0,0
14/11/2020 03:25:28,0,0,0
14/11/2020 03:25:29,0,0,0
14/11/2020 03:25:30,0,0,0
14/11/2020 03:25:31,0,0,0
14/11/2020 03:25:32,0,0,0
14/11/2020 03:25:33,0,0,0
14/11/2020 03:25:34,0,0,0
14/11/2020 03:25:35,0,0,0
14/11/2020 03:25:36,0,0,0
14/11/2020 03:25:37,0,0,0
14/11/2020 03:25:38,0,0,0
14/11/2020 03:25:39,0,0,0
14/11/2020 03:25:40,0,0,0
14/11/2020 03:25:41,0,0,0
14/11/2020 03:25:42,0,0,0
14/11/2020 03:25:43,0,0,0
14/11/2020 03:25:44,0,0,0
14/11/2020 03:25:45,0,0,0
14/11/2020 03:25:46,0,0,0
14/11/2020 03:25:47,0,0,0
14/11/2020 03:25:48,0,0,0
14/11/2020 03:25:49,0,0,0
14/11/2020 03:25:50,0,0,0
14/11/2020 03:25:51,0,0,0
14/11/2020 03:25:52,0,0,0
14/11/2020 03:25:53,0,0,0
14/11/2020 03:25:54,0,0,0
14/11/2020 03:25:55,0,0,0
14/11/2020 03:25:56,0,0,0
14/11/2020 03:25:57,0,0,0
14/11/2020 03:25:58,0,0,0
14/11/2020 03:25:59,0,0,0
14/11/2020 03:26:00,0,0,0
14/11/2020 03:26:01,0,0,0
14/11/2020 03:26:02,0,0,0
14/11/2020 03:26:03,0,0,0
14/11/2020 03:26:04,0,0,0
14/11/2020 03:26:05,0,0,0
14/11/2020 03:26:06,0,0,0
14/11/2020 03:26:07,0,0,0
14/11/2020 03:26:08,0,0,0
14/11/2020 03:26:09,0,0,0
14/11/2020 03:26:10,0,0,0
14/11/2020 03:26:11,0,0,0
14/11/2020 03:26:12,0,0,0
14/11/2020 03:26:13,0,0,0
14/11/2020 03:26:14,0,0,0
14/11/2020 03:26:15,0,0,0
14/11/2020 03:26:16,0,0,0
14/11/2020 03:26:17,0,0,0
14/11/2020 03:26:18,0,0,0
14/11/2020 03:26:19,0,0,0
14/11/2020 03:26:20,0,0,0
14/11/2020 03:26:21,0,0,0
14/11/2020 03:26:22,0,0,0
14/11/2020 03:26:23,0,0,0
14/11/2020 03:26:24,0,0,0
14/11/2020 03:26:25,0,0,0
14/11/2020 03:26:26,0,0,0
14/11/2020 03:26:27,0,0,0
14/11/2020 03:26:28,0,0,0
14/11/2020 03:26:29,0,0,0
14/11/2020 03:26:30,0,0,0
14/11/2020 03:26:31,0,0,0
14/11/2020 03:26:32,0,0,0
14/11/2020 03:26:33,0,0,0
14/11/2020 03:26:34,0,0,0
14/11/2020 03:26:35,0,0,0
14/11/2020 03:26:36,0,0,0
14/11/2020 03:26:37,0,0,0
14/11/2020 03:26:38,0,0,0
14/11/2020 03:26:39,0,0,0
14/11/2020 03:26:40,0,0,0
14/11/2020 03:26:41,0,0,0
14/11/2020 03:26:42,0,0,0
14/11/2020 03:26:43,0,0,0
14/11/2020 03:26:44,0,0,0
14/11/2020 03:26:45,0,0,0
14/11/2020 03:26:46,0,0,0
14/11/2020 03:26:47,0,0,0
14/11/2020 03:26:48,0,0,0
14/11/2020 03:26:49,0,0,0
14/11/2020 03:26:50,0,0,0
14/11/2020 03:26:51,0,0,0
14/11/2020 03:26:52,0,0,0
14/11/2020 03:26:53,0,0,0
14/11/2020 03:26:54,0,0,0
14/11/2020 03:26:55,0,0,0
14/11/2020 03:26:56,0,0,0
14/11/2020 03:26:57,0,0,0
14/11/2020 03:26:58,0,0,0
14/11/2020 03:26:59,0,0,0
14/11/2020 03:27:00,0,0,0
14/11/2020 03:27:01,0,0,0
14/11/2020 03:27:02,0,0,0
14/11/2020 03:27:03,0,0,0
14/11/2020 03:27:04,0,0,0
14/11/2020 03:27:05,0,0,0
14/11/2020 03:27:06,0,0,0
14/11/2020 03:27:07,0,0,0
14/11/2020 03:27:08,0,0,0
14/11/2020 03:27:09,0,0,0
14/11/2020 03:27:10,0,0,0
14/11/2020 03:27:11,0,0,0
14/11/2020 03:27:12,0,0,0
14/11/2020 03:27:13,0,0,0
14/11/2020 03:27:14,0,0,0
14/11/2020 03:27:15,0,0,0
14/11/2020 03:27:16,0,0,0
14/11/2020 03:27:17,0,0,0
14/11/2020 03:27:18,0,0,0
14/11/2020 03:27:19,0,0,0
14/11/2020 03:27:20,0,0,0
14/11/2020 03:27:21,0,0,0
14/11/2020 03:27:22,0,0,0
14/11/2020 03:27:23,0,0,0
14/11/2020 03:27:24,0,0,0
14/11/2020 03:27:25,0,0,0
14/11/2020 03:27:26,0,0,0
14/11/2020 03:27:27,0,0,0
14/11/2020 03:27:28,0,0,0
14/11/2020 03:27:29,0,0,0
14/11/2020 03:27:30,0,0,0
14/11/2020 03:27:31,0,0,0
14/11/2020 03:27:32,0,0,0
14/11/2020 03:27:33,0,0,0
14/11/2020 03:27:34,0,0,0
14/11/2020 03:27:35,0,0,0
14/11/2020 03:27:36,0,0,0
14/11/2020 03:27:37,0,0,0
14/11/2020 03:27:38,0,0,0
14/11/2020 03:27:39,0,0,0
14/11/2020 03:27:40,0,0,0
14/11/2020 03:27:41,0,0,0
14/11/2020 03:27:42,0,0,0
14/11/2020 03:27:43,0,0,0
14/11/2020 03:27:44,0,0,0
14/11/2020 03:27:45,0,0,0
14/11/2020 03:27:46,0,0,0
14/11/2020 03:27:47,0,0,0
14/11/2020 03:27:48,0,0,0
14/11/2020 03:27:49,0,0,0
14/11/2020 03:27:50,0,0,0
14/11/2020 03:27:51,0,0,0
14/11/2020 03:27:52,0,0,0
14/11/2020 03:27:53,0,0,0
14/11/2020 03:27:54,0,0,0
14/11/2020 03:27:55,0,0,0
14/11/2020 03:27:56,0,0,0
14/11/2020 03:27:57,0,0,0
14/11/2020 03:27:58,0,0,0
14/11/2020 03:27:59,0,0,0
14/11/2020 03:28:00,0,0,0
14/11/2020 03:28:01,0,0,0
14/11/2020 03:28:02,0,0,0
14/11/2020 03:28:03,0,0,0
14/11/2020 03:28:04,0,0,0
14/11/2020 03:28:05,0,0,0
14/11/2020 03:28:06,0,0,0
14/11/2020 03:28:07,0,0,0
14/11/2020 03:28:08,0,0,0
14/11/2020 03:28:09,0,0,0
14/11/2020 03:28:10,0,0,0
14/11/2020 03:28:11,0,0,0
14/11/2020 03:28:12,0,0,0
14/11/2020 03:28:13,0,0,0
14/11/2020 03:28:14,0,0,0
14/11/2020 03:28:15,0,0,0
14/11/2020 03:28:16,0,0,0
14/11/2020 03:28:17,0,0,0
14/11/2020 03:28:18,0,0,0
14/11/2020 03:28:19,0,0,0
14/11/2020 03:28:20,0,0,0
14/11/2020 03:28:21,0,0,0
14/11/2020 03:28:22,0,0,0
14/11/2020 03:28:23,0,0,0
14/11/2020 03:28:24,0,0,0
14/11/2020 03:28:25,0,0,0
14/11/2020 03:28:26,0,0,0
14/11/2020 03:28:27,0,0,0
14/11/2020 03:28:28,0,0,0
14/11/2020 03:28:29,0,0,0
14/11/2020 03:28:30,0,0,0
14/11/2020 03:28:31,0,0,0
14/11/2020 03:28:32,0,0,0
14/11/2020 03:28:33,0,0,0
14/11/2020 03:28:34,0,0,0
14/11/2020 03:28:35,0,0,0
14/11/2020 03:28:36,0,0,0
14/11/2020 03:28:37,0,0,0
14/11/2020 03:28:38,0,0,0
14/11/2020 03:28:39,0,0,0
14/11/2020 03:28:40,0,0,0
14/11/2020 03:28:41,0,0,0
14/11/2020 03:28:42,0,0,0
14/11/2020 03:28:43,0,0,0
14/11/2020 03:28:44,0,0,0
14/11/2020 03:28:45,0,0,0
14/11/2020 03:28:46,0,0,0
14/11/2020 03:28:47,0,0,0
14/11/2020 03:28:48,0,0,0
14/11/2020 03:28:49,0,0,0
14/11/2020 03:28:50,0,0,0
14/11/2020 03:28:51,0,0,0
14/11/2020 03:28:52,0,0,0
14/11/2020 03:28:53,0,0,0
14/11/2020 03:28:54,0,0,0
14/11/2020 03:28:55,0,0,0
14/11/2020 03:28:56,0,0,0
14/11/2020 03:28:57,0,0,0
14/11/2020 03:28:58,0,0,0
14/11/2020 03:28:59,0,0,0
14/11/2020 03:29:00,0,0,0
14/11/2020 03:29:01,0,0,0
14/11/2020 03:29:02,0,0,0
14/11/2020 03:29:03,0,0,0
14/11/2020 03:29:04,0,0,0
14/11/2020 03:29:05,0,0,0
14/11/2020 03:29:06,0,0,0
14/11/2020 03:29:07,0,0,0
14/11/2020 03:29:08,0,0,0
14/11/2020 03:29:09,0,0,0
14/11/2020 03:29:10,0,0,0
14/11/2020 03:29:11,0,0,0
14/11/2020 03:29:12,0,0,0
14/11/2020 03:29:13,0,0,0
14/11/2020 03:29:14,0,0,0
14/11/2020 03:29:15,0,0,0
14/11/2020 03:29:16,0,0,0
14/11/2020 03:29:17,0,0,0
14/11/2020 03:29:18,0,0,0
14/11/2020 03:29:19,0,0,0
14/11/2020 03:29:20,0,0,0
14/11/2020 03:29:21,0,0,0
14/11/2020 03:29:22,0,0,0
14/11/2020 03:29:23,0,0,0
14/11/2020 03:29:24,0,0,0
14/11/2020 03:29:25,0,0,0
14/11/2020 03:29:26,0,0,0
14/11/2020 03:29:27,0,0,0
14/11/2020 03:29:28,0,0,0
14/11/2020 03:29:29,0,0,0
14/11/2020 03:29:30,0,0,0
14/11/2020 03:29:31,0,0,0
14/11/2020 03:29:32,0,0,0
14/11/2020 03:29:33,0,0,0
14/11/2020 03:29:34,0,0,0
14/11/2020 03:29:35,0,0,0
14/11/2020 03:29:36,0,0,0
14/11/2020 03:29:37,0,0,0
14/11/2020 03:29:38,0,0,0
14/11/2020 03:29:39,0,0,0
14/11/2020 03:29:40,0,0,0
14/11/2020 03:29:41,0,0,0
14/11/2020 03:29:42,0,0,0
14/11/2020 03:29:43,0,0,0
14/11/2020 03:29:44,0,0,0
14/11/2020 03:29:45,0,0,0
14/11/2020 03:29:46,0,0,0
14/11/2020 03:29:47,0,0,0
14/11/2020 03:29:48,0,0,0
14/11/2020 03:29:49,0,0,0
14/11/2020 03:29:50,0,0,0
14/11/2020 03:29:51,0,0,0
14/11/2020 03:29:52,0,0,0
14/11/2020 03:29:53,0,0,0
14/11/2020 03:29:54,0,0,0
14/11/2020 03:29:55,0,0,0
14/11/2020 03:29:56,0,0,0
14/11/2020 03:29:57,0,0,0
14/11/2020 03:29:58,0,0,0
14/11/2020 03:29:59,0,0,0
14/11/2020 03:30:00,0,0,0
14/11/2020 03:30:01,0,0,0
14/11/2020 03:30:02,0,0,0
14/11/2020 03:30:03,0,0,0
14/11/2020 03:30:04,0,0,0
14/11/2020 03:30:05,0,0,0
14/11/2020 03:30:06,0,0,0
14/11/2020 03:30:07,0,0,0
14/11/2020 03:30:08,0,0,0
14/11/2020 03:30:09,0,0,0
14/11/2020 03:30:10,0,0,0
14/11/2020 03:30:11,0,0,0
14/11/2020 03:30:12,0,0,0
14/11/2020 03:30:13,0,0,0
14/11/2020 03:30:14,0,0,0
14/11/2020 03:30:15,0,0,0
14/11/2020 03:30:16,0,0,0
14/11/2020 03:30:17,0,0,0
14/11/2020 03:30:18,0,0,0
14/11/2020 03:30:19,0,0,0
14/11/2020 03:30:20,0,0,0
14/11/2020 03:30:21,0,0,0
14/11/2020 03:30:22,0,0,0
14/11/2020 03:30:23,0,0,0
14/11/2020 03:30:24,0,0,0
14/11/2020 03:30:25,0,0,0
14/11/2020 03:30:26,0,0,0
14/11/2020 03:30:27,0,0,0
14/11/2020 03:30:28,0,0,0
14/11/2020 03:30:29,0,0,0
14/11/2020 03:30:30,0,0,0
14/11/2020 03:30:31,0,0,0
14/11/2020 03:30:32,0,0,0
14/11/2020 03:30:33,0,0,0
14/11/2020 03:30:34,0,0,0
14/11/2020 03:30:35,0,0,0
14/11/2020 03:30:36,0,0,0
14/11/2020 03:30:37,0,0,0
14/11/2020 03:30:38,0,0,0
14/11/2020 03:30:39,0,0,0
14/11/2020 03:30:40,0,0,0
14/11/2020 03:30:41,0,0,0
14/11/2020 03:30:42,0,0,0
14/11/2020 03:30:43,0,0,0
14/11/2020 03:30:44,0,0,0
14/11/2020 03:30:45,0,0,0
14/11/2020 03:30:46,0,0,0
14/11/2020 03:30:47,0,0,0
14/11/2020 03:30:48,0,0,0
14/11/2020 03:30:49,0,0,0
14/11/2020 03:30:50,0,0,0
14/11/2020 03:30:51,0,0,0
14/11/2020 03:30:52,0,0,0
14/11/2020 03:30:53,0,0,0
14/11/2020 03:30:54,0,0,0
14/11/2020 03:30:55,0,0,0
14/11/2020 03:30:56,0,0,0
14/11/2020 03:30:57,0,0,0
14/11/2020 03:30:58,0,0,0
14/11/2020 03:30:59,0,0,0
14/11/2020 03:31:00,0,0,0
14/11/2020 03:31:01,0,0,0
14/11/2020 03:31:02,0,0,0
14/11/2020 03:31:03,0,0,0
14/11/2020 03:31:04,0,0,0
14/11/2020 03:31:05,0,0,0
14/11/2020 03:31:06,0,0,0
14/11/2020 03:31:07,0,0,0
14/11/2020 03:31:08,0,0,0
14/11/2020 03:31:09,0,0,0
14/11/2020 03:31:10,0,0,0
14/11/2020 03:31:11,0,0,0
14/11/2020 03:31:12,0,0,0
14/11/2020 03:31:13,0,0,0
14/11/2020 03:31:14,0,0,0
14/11/2020 03:31:15,0,0,0
14/11/2020 03:31:16,0,0,0
14/11/2020 03:31:17,0,0,0
14/11/2020 03:31:18,0,0,0
14/11/2020 03:31:19,0,0,0
14/11/2020 03:31:20,0,0,0
14/11/2020 03:31:21,0,0,0
14/11/2020 03:31:22,0,0,0
14/11/2020 03:31:23,0,0,0
14/11/2020 03:31:24,0,0,0
14/11/2020 03:31:25,0,0,0
14/11/2020 03:31:26,0,0,0
14/11/2020 03:31:27,0,0,0
14/11/2020 03:31:28,0,0,0
14/11/2020 03:31:29,0,0,0
14/11/2020 03:31:30,0,0,0
14/11/2020 03:31:31,0,0,0
14/11/2020 03:31:32,0,0,0
14/11/2020 03:31:33,0,0,0
14/11/2020 03:31:34,0,0,0
14/11/2020 03:31:35,0,0,0
14/11/2020 03:31:36,0,0,0
14/11/2020 03:31:37,0,0,0
14/11/2020 03:31:38,0,0,0
14/11/2020 03:31:39,0,0,0
14/11/2020 03:31:40,0,0,0
14/11/2020 03:31:41,0,0,0
14/11/2020 03:31:42,0,0,0
14/11/2020 03:31:43,0,0,0
14/11/2020 03:31:44,0,0,0
14/11/2020 03:31:45,0,0,0
14/11/2020 03:31:46,0,0,0
14/11/2020 03:31:47,0,0,0
14/11/2020 03:31:48,0,0,0
14/11/2020 03:31:49,0,0,0
14/11/2020 03:31:50,0,0,0
14/11/2020 03:31:51,0,0,0
14/11/2020 03:31:52,0,0,0
14/11/2020 03:31:53,0,0,0
14/11/2020 03:31:54,0,0,0
14/11/2020 03:31:55,0,0,0
14/11/2020 03:31:56,0,0,0
14/11/2020 03:31:57,0,0,0
14/11/2020 03:31:58,0,0,0
14/11/2020 03:31:59,0,0,0
14/11/2020 03:32:00,0,0,0
14/11/2020 03:32:01,0,0,0
14/11/2020 03:32:02,0,0,0
14/11/2020 03:32:03,0,0,0
14/11/2020 03:32:04,0,0,0
14/11/2020 03:32:05,0,0,0
14/11/2020 03:32:06,0,0,0
14/11/2020 03:32:07,0,0,0
14/11/2020 03:32:08,0,0,0
14/11/2020 03:32:09,0,0,0
14/11/2020 03:32:10,0,0,0
14/11/2020 03:32:11,0,0,0
14/11/2020 03:32:12,0,0,0
14/11/2020 03:32:13,0,0,0
14/11/2020 03:32:14,0,0,0
14/11/2020 03:32:15,0,0,0
14/11/2020 03:32:16,0,0,0
14/11/2020 03:32:17,0,0,0
14/11/2020 03:32:18,0,0,0
14/11/2020 03:32:19,0,0,0
14/11/2020 03:32:20,0,0,0
14/11/2020 03:32:21,0,0,0
14/11/2020 03:32:22,0,0,0
14/11/2020 03:32:23,0,0,0
14/11/2020 03:32:24,0,0,0
14/11/2020 03:32:25,0,0,0
14/11/2020 03:32:26,0,0,0
14/11/2020 03:32:27,0,0,0
14/11/2020 03:32:28,0,0,0
14/11/2020 03:32:29,0,0,0
14/11/2020 03:32:30,0,0,0
14/11/2020 03:32:31,0,0,0
14/11/2020 03:32:32,0,0,0
14/11/2020 03:32:33,0,0,0
14/11/2020 03:32:34,0,0,0
14/11/2020 03:32:35,0,0,0
14/11/2020 03:32:36,0,0,0
14/11/2020 03:32:37,0,0,0
14/11/2020 03:32:38,0,0,0
14/11/2020 03:32:39,0,0,0
14/11/2020 03:32:40,0,0,0
14/11/2020 03:32:41,0,0,0
14/11/2020 03:32:42,0,0,0
14/11/2020 03:32:43,0,0,0
14/11/2020 03:32:44,0,0,0
14/11/2020 03:32:45,0,0,0
14/11/2020 03:32:46,0,0,0
14/11/2020 03:32:47,0,0,0
14/11/2020 03:32:48,0,0,0
14/11/2020 03:32:49,0,0,0
14/11/2020 03:32:50,0,0,0
14/11/2020 03:32:51,0,0,0
14/11/2020 03:32:52,0,0,0
14/11/2020 03:32:53,0,0,0
14/11/2020 03:32:54,0,0,0
14/11/2020 03:32:55,0,0,0
14/11/2020 03:32:56,0,0,0
14/11/2020 03:32:57,0,0,0
14/11/2020 03:32:58,0,0,0
14/11/2020 03:32:59,0,0,0
14/11/2020 03:33:00,0,0,0
14/11/2020 03:33:01,0,0,0
14/11/2020 03:33:02,0,0,0
14/11/2020 03:33:03,0,0,0
14/11/2020 03:33:04,0,0,0
14/11/2020 03:33:05,0,0,0
14/11/2020 03:33:06,0,0,0
14/11/2020 03:33:07,0,0,0
14/11/2020 03:33:08,0,0,0
14/11/2020 03:33:09,0,0,0
14/11/2020 03:33:10,0,0,0
14/11/2020 03:33:11,0,0,0
14/11/2020 03:33:12,0,0,0
14/11/2020 03:33:13,0,0,0
14/11/2020 03:33:14,0,0,0
14/11/2020 03:33:15,0,0,0
14/11/2020 03:33:16,0,0,0
14/11/2020 03:33:17,0,0,0
14/11/2020 03:33:18,0,0,0
14/11/2020 03:33:19,0,0,0
14/11/2020 03:33:20,0,0,0
14/11/2020 03:33:21,0,0,0
14/11/2020 03:33:22,0,0,0
14/11/2020 03:33:23,0,0,0
14/11/2020 03:33:24,0,0,0
14/11/2020 03:33:25,0,0,0
14/11/2020 03:33:26,0,0,0
14/11/2020 03:33:27,0,0,0
14/11/2020 03:33:28,0,0,0
14/11/2020 03:33:29,0,0,0
14/11/2020 03:33:30,0,0,0
14/11/2020 03:33:31,0,0,0
14/11/2020 03:33:32,0,0,0
14/11/2020 03:33:33,0,0,0
14/11/2020 03:33:34,0,0,0
14/11/2020 03:33:35,0,0,0
14/11/2020 03:33:36,0,0,0
14/11/2020 03:33:37,0,0,0
14/11/2020 03:33:38,0,0,0
14/11/2020 03:33:39,0,0,0
14/11/2020 03:33:40,0,0,0
14/11/2020 03:33:41,0,0,0
14/11/2020 03:33:42,0,0,0
14/11/2020 03:33:43,0,0,0
14/11/2020 03:33:44,0,0,0
14/11/2020 03:33:45,0,0,0
14/11/2020 03:33:46,0,0,0
14/11/2020 03:33:47,0,0,0
14/11/2020 03:33:48,0,0,0
14/11/2020 03:33:49,0,0,0
14/11/2020 03:33:50,0,0,0
14/11/2020 03:33:51,0,0,0
14/11/2020 03:33:52,0,0,0
14/11/2020 03:33:53,0,0,0
14/11/2020 03:33:54,0,0,0
14/11/2020 03:33:55,0,0,0
14/11/2020 03:33:56,0,0,0
14/11/2020 03:33:57,0,0,0
14/11/2020 03:33:58,0,0,0
14/11/2020 03:33:59,0,0,0
14/11/2020 03:34:00,0,0,0
14/11/2020 03:34:01,0,0,0
14/11/2020 03:34:02,0,0,0
14/11/2020 03:34:03,0,0,0
14/11/2020 03:34:04,0,0,0
14/11/2020 03:34:05,0,0,0
14/11/2020 03:34:06,0,0,0
14/11/2020 03:34:07,0,0,0
14/11/2020 03:34:08,0,0,0
14/11/2020 03:34:09,0,0,0
14/11/2020 03:34:10,0,0,0
14/11/2020 03:34:11,0,0,0
14/11/2020 03:34:12,0,0,0
14/11/2020 03:34:13,0,0,0
14/11/2020 03:34:14,0,0,0
14/11/2020 03:34:15,0,0,0
14/11/2020 03:34:16,0,0,0
14/11/2020 03:34:17,0,0,0
14/11/2020 03:34:18,0,0,0
14/11/2020 03:34:19,0,0,0
14/11/2020 03:34:20,0,0,0
14/11/2020 03:34:21,0,0,0
14/11/2020 03:34:22,0,0,0
14/11/2020 03:34:23,0,0,0
14/11/2020 03:34:24,0,0,0
14/11/2020 03:34:25,0,0,0
14/11/2020 03:34:26,0,0,0
14/11/2020 03:34:27,0,0,0
14/11/2020 03:34:28,0,0,0
14/11/2020 03:34:29,0,0,0
14/11/2020 03:34:30,0,0,0
14/11/2020 03:34:31,0,0,0
14/11/2020 03:34:32,0,0,0
14/11/2020 03:34:33,0,0,0
14/11/2020 03:34:34,0,0,0
14/11/2020 03:34:35,0,0,0
14/11/2020 03:34:36,0,0,0
14/11/2020 03:34:37,0,0,0
14/11/2020 03:34:38,0,0,0
14/11/2020 03:34:39,0,0,0
14/11/2020 03:34:40,0,0,0
14/11/2020 03:34:41,0,0,0
14/11/2020 03:34:42,0,0,0
14/11/2020 03:34:43,0,0,0
14/11/2020 03:34:44,0,0,0
14/11/2020 03:34:45,0,0,0
14/11/2020 03:34:46,0,0,0
14/11/2020 03:34:47,0,0,0
14/11/2020 03:34:48,0,0,0
14/11/2020 03:34:49,0,0,0
14/11/2020 03:34:50,0,0,0
14/11/2020 03:34:51,0,0,0
14/11/2020 03:34:52,0,0,0
14/11/2020 03:34:53,0,0,0
14/11/2020 03:34:54,0,0,0
14/11/2020 03:34:55,0,0,0
14/11/2020 03:34:56,0,0,0
14/11/2020 03:34:57,0,0,0
14/11/2020 03:34:58,0,0,0
14/11/2020 03:34:59,0,0,0
14/11/2020 03:35:00,0,0,0
14/11/2020 03:35:01,0,0,0
14/11/2020 03:35:02,0,0,0
14/11/2020 03:35:03,0,0,0
14/11/2020 03:35:04,0,0,0
14/11/2020 03:35:05,0,0,0
14/11/2020 03:35:06,0,0,0
14/11/2020 03:35:07,0,0,0
14/11/2020 03:35:08,0,0,0
14/11/2020 03:35:09,0,0,0
14/11/2020 03:35:10,0,0,0
14/11/2020 03:35:11,0,0,0
14/11/2020 03:35:12,0,0,0
14/11/2020 03:35:13,0,0,0
14/11/2020 03:35:14,0,0,0
14/11/2020 03:35:15,0,0,0
14/11/2020 03:35:16,0,0,0
14/11/2020 03:35:17,0,0,0
14/11/2020 03:35:18,0,0,0
14/11/2020 03:35:19,0,0,0
14/11/2020 03:35:20,0,0,0
14/11/2020 03:35:21,0,0,0
14/11/2020 03:35:22,0,0,0
14/11/2020 03:35:23,0,0,0
14/11/2020 03:35:24,0,0,0
14/11/2020 03:35:25,0,0,0
14/11/2020 03:35:26,0,0,0
14/11/2020 03:35:27,0,0,0
14/11/2020 03:35:28,0,0,0
14/11/2020 03:35:29,0,0,0
14/11/2020 03:35:30,0,0,0
14/11/2020 03:35:31,0,0,0
14/11/2020 03:35:32,0,0,0
14/11/2020 03:35:33,0,0,0
14/11/2020 03:35:34,0,0,0
14/11/2020 03:35:35,0,0,0
14/11/2020 03:35:36,0,0,0
14/11/2020 03:35:37,0,0,0
14/11/2020 03:35:38,0,0,0
14/11/2020 03:35:39,0,0,0
14/11/2020 03:35:40,0,0,0
14/11/2020 03:35:41,0,0,0
14/11/2020 03:35:42,0,0,0
14/11/2020 03:35:43,0,0,0
14/11/2020 03:35:44,0,0,0
14/11/2020 03:35:45,0,0,0
14/11/2020 03:35:46,0,0,0
14/11/2020 03:35:47,0,0,0
14/11/2020 03:35:48,0,0,0
14/11/2020 03:35:49,0,0,0
14/11/2020 03:35:50,0,0,0
14/11/2020 03:35:51,0,0,0
14/11/2020 03:35:52,0,0,0
14/11/2020 03:35:53,0,0,0
14/11/2020 03:35:54,0,0,0
14/11/2020 03:35:55,0,0,0
14/11/2020 03:35:56,0,0,0
14/11/2020 03:35:57,0,0,0
14/11/2020 03:35:58,0,0,0
14/11/2020 03:35:59,0,0,0
14/11/2020 03:36:00,0,0,0
14/11/2020 03:36:01,0,0,0
14/11/2020 03:36:02,0,0,0
14/11/2020 03:36:03,0,0,0
14/11/2020 03:36:04,0,0,0
14/11/2020 03:36:05,0,0,0
14/11/2020 03:36:06,0,0,0
14/11/2020 03:36:07,0,0,0
14/11/2020 03:36:08,0,0,0
14/11/2020 03:36:09,0,0,0
14/11/2020 03:36:10,0,0,0
14/11/2020 03:36:11,0,0,0
14/11/2020 03:36:12,0,0,0
14/11/2020 03:36:13,0,0,0
14/11/2020 03:36:14,0,0,0
14/11/2020 03:36:15,0,0,0
14/11/2020 03:36:16,0,0,0
14/11/2020 03:36:17,0,0,0
14/11/2020 03:36:18,0,0,0
14/11/2020 03:36:19,0,0,0
14/11/2020 03:36:20,0,0,0
14/11/2020 03:36:21,0,0,0
14/11/2020 03:36:22,0,0,0
14/11/2020 03:36:23,0,0,0
14/11/2020 03:36:24,0,0,0
14/11/2020 03:36:25,0,0,0
14/11/2020 03:36:26,0,0,0
14/11/2020 03:36:27,0,0,0
14/11/2020 03:36:28,0,0,0
14/11/2020 03:36:29,0,0,0
14/11/2020 03:36:30,0,0,0
14/11/2020 03:36:31,0,0,0
14/11/2020 03:36:32,0,0,0
14/11/2020 03:36:33,0,0,0
14/11/2020 03:36:34,0,0,0
14/11/2020 03:36:35,0,0,0
14/11/2020 03:36:36,0,0,0
14/11/2020 03:36:37,0,0,0
14/11/2020 03:36:38,0,0,0
14/11/2020 03:36:39,0,0,0
14/11/2020 03:36:40,0,0,0
14/11/2020 03:36:41,0,0,0
14/11/2020 03:36:42,0,0,0
14/11/2020 03:36:43,0,0,0
14/11/2020 03:36:44,0,0,0
14/11/2020 03:36:45,0,0,0
14/11/2020 03:36:46,0,0,0
14/11/2020 03:36:47,0,0,0
14/11/2020 03:36:48,0,0,0
14/11/2020 03:36:49,0,0,0
14/11/2020 03:36:50,0,0,0
14/11/2020 03:36:51,0,0,0
14/11/2020 03:36:52,0,0,0
14/11/2020 03:36:53,0,0,0
14/11/2020 03:36:54,0,0,0
14/11/2020 03:36:55,0,0,0
14/11/2020 03:36:56,0,0,0
14/11/2020 03:36:57,0,0,0
14/11/2020 03:36:58,0,0,0
14/11/2020 03:36:59,0,0,0
14/11/2020 03:37:00,0,0,0
14/11/2020 03:37:01,0,0,0
14/11/2020 03:37:02,0,0,0
14/11/2020 03:37:03,0,0,0
14/11/2020 03:37:04,0,0,0
14/11/2020 03:37:05,0,0,0
14/11/2020 03:37:06,0,0,0
14/11/2020 03:37:07,0,0,0
14/11/2020 03:37:08,0,0,0
14/11/2020 03:37:09,0,0,0
14/11/2020 03:37:10,0,0,0
14/11/2020 03:37:11,0,0,0
14/11/2020 03:37:12,0,0,0
14/11/2020 03:37:13,0,0,0
14/11/2020 03:37:14,0,0,0
14/11/2020 03:37:15,0,0,0
14/11/2020 03:37:16,0,0,0
14/11/2020 03:37:17,0,0,0
14/11/2020 03:37:18,0,0,0
14/11/2020 03:37:19,0,0,0
14/11/2020 03:37:20,0,0,0
14/11/2020 03:37:21,0,0,0
14/11/2020 03:37:22,0,0,0
14/11/2020 03:37:23,0,0,0
14/11/2020 03:37:24,0,0,0
14/11/2020 03:37:25,0,0,0
14/11/2020 03:37:26,0,0,0
14/11/2020 03:37:27,0,0,0
14/11/2020 03:37:28,0,0,0
14/11/2020 03:37:29,0,0,0
14/11/2020 03:37:30,0,0,0
14/11/2020 03:37:31,0,0,0
14/11/2020 03:37:32,0,0,0
14/11/2020 03:37:33,0,0,0
14/11/2020 03:37:34,0,0,0
14/11/2020 03:37:35,0,0,0
14/11/2020 03:37:36,0,0,0
14/11/2020 03:37:37,0,0,0
14/11/2020 03:37:38,0,0,0
14/11/2020 03:37:39,0,0,0
14/11/2020 03:37:40,0,0,0
14/11/2020 03:37:41,0,0,0
14/11/2020 03:37:42,0,0,0
14/11/2020 03:37:43,0,0,0
14/11/2020 03:37:44,0,0,0
14/11/2020 03:37:45,0,0,0
14/11/2020 03:37:46,0,0,0
14/11/2020 03:37:47,0,0,0
14/11/2020 03:37:48,0,0,0
14/11/2020 03:37:49,0,0,0
14/11/2020 03:37:50,0,0,0
14/11/2020 03:37:51,0,0,0
14/11/2020 03:37:52,0,0,0
14/11/2020 03:37:53,0,0,0
14/11/2020 03:37:54,0,0,0
14/11/2020 03:37:55,0,0,0
14/11/2020 03:37:56,0,0,0
14/11/2020 03:37:57,0,0,0
14/11/2020 03:37:58,0,0,0
14/11/2020 03:37:59,0,0,0
14/11/2020 03:38:00,0,0,0
14/11/2020 03:38:01,0,0,0
14/11/2020 03:38:02,0,0,0
14/11/2020 03:38:03,0,0,0
14/11/2020 03:38:04,0,0,0
14/11/2020 03:38:05,0,0,0
14/11/2020 03:38:06,0,0,0
14/11/2020 03:38:07,0,0,0
14/11/2020 03:38:08,0,0,0
14/11/2020 03:38:09,0,0,0
14/11/2020 03:38:10,0,0,0
14/11/2020 03:38:11,0,0,0
14/11/2020 03:38:12,0,0,0
14/11/2020 03:38:13,0,0,0
14/11/2020 03:38:14,0,0,0
14/11/2020 03:38:15,0,0,0
14/11/2020 03:38:16,0,0,0
14/11/2020 03:38:17,0,0,0
14/11/2020 03:38:18,0,0,0
14/11/2020 03:38:19,0,0,0
14/11/2020 03:38:20,0,0,0
14/11/2020 03:38:21,0,0,0
14/11/2020 03:38:22,0,0,0
14/11/2020 03:38:23,0,0,0
14/11/2020 03:38:24,0,0,0
14/11/2020 03:38:25,0,0,0
14/11/2020 03:38:26,0,0,0
14/11/2020 03:38:27,0,0,0
14/11/2020 03:38:28,0,0,0
14/11/2020 03:38:29,0,0,0
14/11/2020 03:38:30,0,0,0
14/11/2020 03:38:31,0,0,0
14/11/2020 03:38:32,0,0,0
14/11/2020 03:38:33,0,0,0
14/11/2020 03:38:34,0,0,0
14/11/2020 03:38:35,0,0,0
14/11/2020 03:38:36,0,0,0
14/11/2020 03:38:37,0,0,0
14/11/2020 03:38:38,0,0,0
14/11/2020 03:38:39,0,0,0
14/11/2020 03:38:40,0,0,0
14/11/2020 03:38:41,0,0,0
14/11/2020 03:38:42,0,0,0
14/11/2020 03:38:43,0,0,0
14/11/2020 03:38:44,0,0,0
14/11/2020 03:38:45,0,0,0
14/11/2020 03:38:46,0,0,0
14/11/2020 03:38:47,0,0,0
14/11/2020 03:38:48,0,0,0
14/11/2020 03:38:49,0,0,0
14/11/2020 03:38:50,0,0,0
14/11/2020 03:38:51,0,0,0
14/11/2020 03:38:52,0,0,0
14/11/2020 03:38:53,0,0,0
14/11/2020 03:38:54,0,0,0
14/11/2020 03:38:55,0,0,0
14/11/2020 03:38:56,0,0,0
14/11/2020 03:38:57,0,0,0
14/11/2020 03:38:58,0,0,0
14/11/2020 03:38:59,0,0,0
14/11/2020 03:39:00,0,0,0
14/11/2020 03:39:01,0,0,0
14/11/2020 03:39:02,0,0,0
14/11/2020 03:39:03,0,0,0
14/11/2020 03:39:04,0,0,0
14/11/2020 03:39:05,0,0,0
14/11/2020 03:39:06,0,0,0
14/11/2020 03:39:07,0,0,0
14/11/2020 03:39:08,0,0,0
14/11/2020 03:39:09,0,0,0
14/11/2020 03:39:10,0,0,0
14/11/2020 03:39:11,0,0,0
14/11/2020 03:39:12,0,0,0
14/11/2020 03:39:13,0,0,0
14/11/2020 03:39:14,0,0,0
14/11/2020 03:39:15,0,0,0
14/11/2020 03:39:16,0,0,0
14/11/2020 03:39:17,0,0,0
14/11/2020 03:39:18,0,0,0
14/11/2020 03:39:19,0,0,0
14/11/2020 03:39:20,0,0,0
14/11/2020 03:39:21,0,0,0
14/11/2020 03:39:22,0,0,0
14/11/2020 03:39:23,0,0,0
14/11/2020 03:39:24,0,0,0
14/11/2020 03:39:25,0,0,0
14/11/2020 03:39:26,0,0,0
14/11/2020 03:39:27,0,0,0
14/11/2020 03:39:28,0,0,0
14/11/2020 03:39:29,0,0,0
14/11/2020 03:39:30,0,0,0
14/11/2020 03:39:31,0,0,0
14/11/2020 03:39:32,0,0,0
14/11/2020 03:39:33,0,0,0
14/11/2020 03:39:34,0,0,0
14/11/2020 03:39:35,0,0,0
14/11/2020 03:39:36,0,0,0
14/11/2020 03:39:37,0,0,0
14/11/2020 03:39:38,0,0,0
14/11/2020 03:39:39,0,0,0
14/11/2020 03:39:40,0,0,0
14/11/2020 03:39:41,0,0,0
14/11/2020 03:39:42,0,0,0
14/11/2020 03:39:43,0,0,0
14/11/2020 03:39:44,0,0,0
14/11/2020 03:39:45,0,0,0
14/11/2020 03:39:46,0,0,0
14/11/2020 03:39:47,0,0,0
14/11/2020 03:39:48,0,0,0
14/11/2020 03:39:49,0,0,0
14/11/2020 03:39:50,0,0,0
14/11/2020 03:39:51,0,0,0
14/11/2020 03:39:52,0,0,0
14/11/2020 03:39:53,0,0,0
14/11/2020 03:39:54,0,0,0
14/11/2020 03:39:55,0,0,0
14/11/2020 03:39:56,0,0,0
14/11/2020 03:39:57,0,0,0
14/11/2020 03:39:58,0,0,0
14/11/2020 03:39:59,0,0,0
14/11/2020 03:40:00,0,0,0
14/11/2020 03:40:01,0,0,0
14/11/2020 03:40:02,0,0,0
14/11/2020 03:40:03,0,0,0
14/11/2020 03:40:04,0,0,0
14/11/2020 03:40:05,0,0,0
14/11/2020 03:40:06,0,0,0
14/11/2020 03:40:07,0,0,0
14/11/2020 03:40:08,0,0,0
14/11/2020 03:40:09,0,0,0
14/11/2020 03:40:10,0,0,0
14/11/2020 03:40:11,0,0,0
14/11/2020 03:40:12,0,0,0
14/11/2020 03:40:13,0,0,0
14/11/2020 03:40:14,0,0,0
14/11/2020 03:40:15,0,0,0
14/11/2020 03:40:16,0,0,0
14/11/2020 03:40:17,0,0,0
14/11/2020 03:40:18,0,0,0
14/11/2020 03:40:19,0,0,0
14/11/2020 03:40:20,0,0,0
14/11/2020 03:40:21,0,0,0
14/11/2020 03:40:22,0,0,0
14/11/2020 03:40:23,0,0,0
14/11/2020 03:40:24,0,0,0
14/11/2020 03:40:25,0,0,0
14/11/2020 03:40:26,0,0,0
14/11/2020 03:40:27,0,0,0
14/11/2020 03:40:28,0,0,0
14/11/2020 03:40:29,0,0,0
14/11/2020 03:40:30,0,0,0
14/11/2020 03:40:31,0,0,0
14/11/2020 03:40:32,0,0,0
14/11/2020 03:40:33,0,0,0
14/11/2020 03:40:34,0,0,0
14/11/2020 03:40:35,0,0,0
14/11/2020 03:40:36,0,0,0
14/11/2020 03:40:37,0,0,0
14/11/2020 03:40:38,0,0,0
14/11/2020 03:40:39,0,0,0
14/11/2020 03:40:40,0,0,0
14/11/2020 03:40:41,0,0,0
14/11/2020 03:40:42,0,0,0
14/11/2020 03:40:43,0,0,0
14/11/2020 03:40:44,0,0,0
14/11/2020 03:40:45,0,0,0
14/11/2020 03:40:46,0,0,0
14/11/2020 03:40:47,0,0,0
14/11/2020 03:40:48,0,0,0
14/11/2020 03:40:49,0,0,0
14/11/2020 03:40:50,0,0,0
14/11/2020 03:40:51,0,0,0
14/11/2020 03:40:52,0,0,0
14/11/2020 03:40:53,0,0,0
14/11/2020 03:40:54,0,0,0
14/11/2020 03:40:55,0,0,0
14/11/2020 03:40:56,0,0,0
14/11/2020 03:40:57,0,0,0
14/11/2020 03:40:58,0,0,0
14/11/2020 03:40:59,0,0,0
14/11/2020 03:41:00,0,0,0
14/11/2020 03:41:01,0,0,0
14/11/2020 03:41:02,0,0,0
14/11/2020 03:41:03,0,0,0
14/11/2020 03:41:04,0,0,0
14/11/2020 03:41:05,0,0,0
14/11/2020 03:41:06,0,0,0
14/11/2020 03:41:07,0,0,0
14/11/2020 03:41:08,0,0,0
14/11/2020 03:41:09,0,0,0
14/11/2020 03:41:10,0,0,0
14/11/2020 03:41:11,0,0,0
14/11/2020 03:41:12,0,0,0
14/11/2020 03:41:13,0,0,0
14/11/2020 03:41:14,0,0,0
14/11/2020 03:41:15,0,0,0
14/11/2020 03:41:16,0,0,0
14/11/2020 03:41:17,0,0,0
14/11/2020 03:41:18,0,0,0
14/11/2020 03:41:19,0,0,0
14/11/2020 03:41:20,0,0,0
14/11/2020 03:41:21,0,0,0
14/11/2020 03:41:22,0,0,0
14/11/2020 03:41:23,0,0,0
14/11/2020 03:41:24,0,0,0
14/11/2020 03:41:25,0,0,0
14/11/2020 03:41:26,0,0,0
14/11/2020 03:41:27,0,0,0
14/11/2020 03:41:28,0,0,0
14/11/2020 03:41:29,0,0,0
14/11/2020 03:41:30,0,0,0
14/11/2020 03:41:31,0,0,0
14/11/2020 03:41:32,0,0,0
14/11/2020 03:41:33,0,0,0
14/11/2020 03:41:34,0,0,0
14/11/2020 03:41:35,0,0,0
14/11/2020 03:41:36,0,0,0
14/11/2020 03:41:37,0,0,0
14/11/2020 03:41:38,0,0,0
14/11/2020 03:41:39,0,0,0
14/11/2020 03:41:40,0,0,0
14/11/2020 03:41:41,0,0,0
14/11/2020 03:41:42,0,0,0
14/11/2020 03:41:43,0,0,0
14/11/2020 03:41:44,0,0,0
14/11/2020 03:41:45,0,0,0
14/11/2020 03:41:46,0,0,0
14/11/2020 03:41:47,0,0,0
14/11/2020 03:41:48,0,0,0
14/11/2020 03:41:49,0,0,0
14/11/2020 03:41:50,0,0,0
14/11/2020 03:41:51,0,0,0
14/11/2020 03:41:52,0,0,0
14/11/2020 03:41:53,0,0,0
14/11/2020 03:41:54,0,0,0
14/11/2020 03:41:55,0,0,0
14/11/2020 03:41:56,0,0,0
14/11/2020 03:41:57,0,0,0
14/11/2020 03:41:58,0,0,0
14/11/2020 03:41:59,0,0,0
14/11/2020 03:42:00,0,0,0
14/11/2020 03:42:01,0,0,0
14/11/2020 03:42:02,0,0,0
14/11/2020 03:42:03,0,0,0
14/11/2020 03:42:04,0,0,0
14/11/2020 03:42:05,0,0,0
14/11/2020 03:42:06,0,0,0
14/11/2020 03:42:07,0,0,0
14/11/2020 03:42:08,0,0,0
14/11/2020 03:42:09,0,0,0
14/11/2020 03:42:10,0,0,0
14/11/2020 03:42:11,0,0,0
14/11/2020 03:42:12,0,0,0
14/11/2020 03:42:13,0,0,0
14/11/2020 03:42:14,0,0,0
14/11/2020 03:42:15,0,0,0
14/11/2020 03:42:16,0,0,0
14/11/2020 03:42:17,0,0,0
14/11/2020 03:42:18,0,0,0
14/11/2020 03:42:19,0,0,0
14/11/2020 03:42:20,0,0,0
14/11/2020 03:42:21,0,0,0
14/11/2020 03:42:22,0,0,0
14/11/2020 03:42:23,0,0,0
14/11/2020 03:42:24,0,0,0
14/11/2020 03:42:25,0,0,0
14/11/2020 03:42:26,0,0,0
14/11/2020 03:42:27,0,0,0
14/11/2020 03:42:28,0,0,0
14/11/2020 03:42:29,0,0,0
14/11/2020 03:42:30,0,0,0
14/11/2020 03:42:31,0,0,0
14/11/2020 03:42:32,0,0,0
14/11/2020 03:42:33,0,0,0
14/11/2020 03:42:34,0,0,0
14/11/2020 03:42:35,0,0,0
14/11/2020 03:42:36,0,0,0
14/11/2020 03:42:37,0,0,0
14/11/2020 03:42:38,0,0,0
14/11/2020 03:42:39,0,0,0
14/11/2020 03:42:40,0,0,0
14/11/2020 03:42:41,0,0,0
14/11/2020 03:42:42,0,0,0
14/11/2020 03:42:43,0,0,0
14/11/2020 03:42:44,0,0,0
14/11/2020 03:42:45,0,0,0
14/11/2020 03:42:46,0,0,0
14/11/2020 03:42:47,0,0,0
14/11/2020 03:42:48,0,0,0
14/11/2020 03:42:49,0,0,0
14/11/2020 03:42:50,0,0,0
14/11/2020 03:42:51,0,0,0
14/11/2020 03:42:52,0,0,0
14/11/2020 03:42:53,0,0,0
14/11/2020 03:42:54,0,0,0
14/11/2020 03:42:55,0,0,0
14/11/2020 03:42:56,0,0,0
14/11/2020 03:42:57,0,0,0
14/11/2020 03:42:58,0,0,0
14/11/2020 03:42:59,0,0,0
14/11/2020 03:43:00,0,0,0
14/11/2020 03:43:01,0,0,0
14/11/2020 03:43:02,0,0,0
14/11/2020 03:43:03,0,0,0
14/11/2020 03:43:04,0,0,0
14/11/2020 03:43:05,0,0,0
14/11/2020 03:43:06,0,0,0
14/11/2020 03:43:07,0,0,0
14/11/2020 03:43:08,0,0,0
14/11/2020 03:43:09,0,0,0
14/11/2020 03:43:10,0,0,0
14/11/2020 03:43:11,0,0,0
14/11/2020 03:43:12,0,0,0
14/11/2020 03:43:13,0,0,0
14/11/2020 03:43:14,0,0,0
14/11/2020 03:43:15,0,0,0
14/11/2020 03:43:16,0,0,0
14/11/2020 03:43:17,0,0,0
14/11/2020 03:43:18,0,0,0
14/11/2020 03:43:19,0,0,0
14/11/2020 03:43:20,0,0,0
14/11/2020 03:43:21,0,0,0
14/11/2020 03:43:22,0,0,0
14/11/2020 03:43:23,0,0,0
14/11/2020 03:43:24,0,0,0
14/11/2020 03:43:25,0,0,0
14/11/2020 03:43:26,0,0,0
14/11/2020 03:43:27,0,0,0
14/11/2020 03:43:28,0,0,0
14/11/2020 03:43:29,0,0,0
14/11/2020 03:43:30,0,0,0
14/11/2020 03:43:31,0,0,0
14/11/2020 03:43:32,0,0,0
14/11/2020 03:43:33,0,0,0
14/11/2020 03:43:34,0,0,0
14/11/2020 03:43:35,0,0,0
14/11/2020 03:43:36,0,0,0
14/11/2020 03:43:37,0,0,0
14/11/2020 03:43:38,0,0,0
14/11/2020 03:43:39,0,0,0
14/11/2020 03:43:40,0,0,0
14/11/2020 03:43:41,0,0,0
14/11/2020 03:43:42,0,0,0
14/11/2020 03:43:43,0,0,0
14/11/2020 03:43:44,0,0,0
14/11/2020 03:43:45,0,0,0
14/11/2020 03:43:46,0,0,0
14/11/2020 03:43:47,0,0,0
14/11/2020 03:43:48,0,0,0
14/11/2020 03:43:49,0,0,0
14/11/2020 03:43:50,0,0,0
14/11/2020 03:43:51,0,0,0
14/11/2020 03:43:52,0,0,0
14/11/2020 03:43:53,0,0,0
14/11/2020 03:43:54,0,0,0
14/11/2020 03:43:55,0,0,0
14/11/2020 03:43:56,0,0,0
14/11/2020 03:43:57,0,0,0
14/11/2020 03:43:58,0,0,0
14/11/2020 03:43:59,0,0,0
14/11/2020 03:44:00,0,0,0
14/11/2020 03:44:01,0,0,0
14/11/2020 03:44:02,0,0,0
14/11/2020 03:44:03,0,0,0
14/11/2020 03:44:04,0,0,0
14/11/2020 03:44:05,0,0,0
14/11/2020 03:44:06,0,0,0
14/11/2020 03:44:07,0,0,0
14/11/2020 03:44:08,0,0,0
14/11/2020 03:44:09,0,0,0
14/11/2020 03:44:10,0,0,0
14/11/2020 03:44:11,0,0,0
14/11/2020 03:44:12,0,0,0
14/11/2020 03:44:13,0,0,0
14/11/2020 03:44:14,0,0,0
14/11/2020 03:44:15,0,0,0
14/11/2020 03:44:16,0,0,0
14/11/2020 03:44:17,0,0,0
14/11/2020 03:44:18,0,0,0
14/11/2020 03:44:19,0,0,0
14/11/2020 03:44:20,0,0,0
14/11/2020 03:44:21,0,0,0
14/11/2020 03:44:22,0,0,0
14/11/2020 03:44:23,0,0,0
14/11/2020 03:44:24,0,0,0
14/11/2020 03:44:25,0,0,0
14/11/2020 03:44:26,0,0,0
14/11/2020 03:44:27,0,0,0
14/11/2020 03:44:28,0,0,0
14/11/2020 03:44:29,0,0,0
14/11/2020 03:44:30,0,0,0
14/11/2020 03:44:31,0,0,0
14/11/2020 03:44:32,0,0,0
14/11/2020 03:44:33,0,0,0
14/11/2020 03:44:34,0,0,0
14/11/2020 03:44:35,0,0,0
14/11/2020 03:44:36,0,0,0
14/11/2020 03:44:37,0,0,0
14/11/2020 03:44:38,0,0,0
14/11/2020 03:44:39,0,0,0
14/11/2020 03:44:40,0,0,0
14/11/2020 03:44:41,0,0,0
14/11/2020 03:44:42,0,0,0
14/11/2020 03:44:43,0,0,0
14/11/2020 03:44:44,0,0,0
14/11/2020 03:44:45,0,0,0
14/11/2020 03:44:46,0,0,0
14/11/2020 03:44:47,0,0,0
14/11/2020 03:44:48,0,0,0
14/11/2020 03:44:49,0,0,0
14/11/2020 03:44:50,0,0,0
14/11/2020 03:44:51,0,0,0
14/11/2020 03:44:52,0,0,0
14/11/2020 03:44:53,0,0,0
14/11/2020 03:44:54,0,0,0
14/11/2020 03:44:55,0,0,0
14/11/2020 03:44:56,0,0,0
14/11/2020 03:44:57,0,0,0
14/11/2020 03:44:58,0,0,0
14/11/2020 03:44:59,0,0,0
14/11/2020 03:45:00,0,0,0
14/11/2020 03:45:01,0,0,0
14/11/2020 03:45:02,0,0,0
14/11/2020 03:45:03,0,0,0
14/11/2020 03:45:04,0,0,0
14/11/2020 03:45:05,0,0,0
14/11/2020 03:45:06,0,0,0
14/11/2020 03:45:07,0,0,0
14/11/2020 03:45:08,0,0,0
14/11/2020 03:45:09,0,0,0
14/11/2020 03:45:10,0,0,0
14/11/2020 03:45:11,0,0,0
14/11/2020 03:45:12,0,0,0
14/11/2020 03:45:13,0,0,0
14/11/2020 03:45:14,0,0,0
14/11/2020 03:45:15,0,0,0
14/11/2020 03:45:16,0,0,0
14/11/2020 03:45:17,0,0,0
14/11/2020 03:45:18,0,0,0
14/11/2020 03:45:19,0,0,0
14/11/2020 03:45:20,0,0,0
14/11/2020 03:45:21,0,0,0
14/11/2020 03:45:22,0,0,0
14/11/2020 03:45:23,0,0,0
14/11/2020 03:45:24,0,0,0
14/11/2020 03:45:25,0,0,0
14/11/2020 03:45:26,0,0,0
14/11/2020 03:45:27,0,0,0
14/11/2020 03:45:28,0,0,0
14/11/2020 03:45:29,0,0,0
14/11/2020 03:45:30,0,0,0
14/11/2020 03:45:31,0,0,0
14/11/2020 03:45:32,0,0,0
14/11/2020 03:45:33,0,0,0
14/11/2020 03:45:34,0,0,0
14/11/2020 03:45:35,0,0,0
14/11/2020 03:45:36,0,0,0
14/11/2020 03:45:37,0,0,0
14/11/2020 03:45:38,0,0,0
14/11/2020 03:45:39,0,0,0
14/11/2020 03:45:40,0,0,0
14/11/2020 03:45:41,0,0,0
14/11/2020 03:45:42,0,0,0
14/11/2020 03:45:43,0,0,0
14/11/2020 03:45:44,0,0,0
14/11/2020 03:45:45,0,0,0
14/11/2020 03:45:46,0,0,0
14/11/2020 03:45:47,0,0,0
14/11/2020 03:45:48,0,0,0
14/11/2020 03:45:49,0,0,0
14/11/2020 03:45:50,0,0,0
14/11/2020 03:45:51,0,0,0
14/11/2020 03:45:52,0,0,0
14/11/2020 03:45:53,0,0,0
14/11/2020 03:45:54,0,0,0
14/11/2020 03:45:55,0,0,0
14/11/2020 03:45:56,0,0,0
14/11/2020 03:45:57,0,0,0
14/11/2020 03:45:58,0,0,0
14/11/2020 03:45:59,0,0,0
14/11/2020 03:46:00,0,0,0
14/11/2020 03:46:01,0,0,0
14/11/2020 03:46:02,0,0,0
14/11/2020 03:46:03,0,0,0
14/11/2020 03:46:04,0,0,0
14/11/2020 03:46:05,0,0,0
14/11/2020 03:46:06,0,0,0
14/11/2020 03:46:07,0,0,0
14/11/2020 03:46:08,0,0,0
14/11/2020 03:46:09,0,0,0
14/11/2020 03:46:10,0,0,0
14/11/2020 03:46:11,0,0,0
14/11/2020 03:46:12,0,0,0
14/11/2020 03:46:13,0,0,0
14/11/2020 03:46:14,0,0,0
14/11/2020 03:46:15,0,0,0
14/11/2020 03:46:16,0,0,0
14/11/2020 03:46:17,0,0,0
14/11/2020 03:46:18,0,0,0
14/11/2020 03:46:19,0,0,0
14/11/2020 03:46:20,0,0,0
14/11/2020 03:46:21,0,0,0
14/11/2020 03:46:22,0,0,0
14/11/2020 03:46:23,0,0,0
14/11/2020 03:46:24,0,0,0
14/11/2020 03:46:25,0,0,0
14/11/2020 03:46:26,0,0,0
14/11/2020 03:46:27,0,0,0
14/11/2020 03:46:28,0,0,0
14/11/2020 03:46:29,0,0,0
14/11/2020 03:46:30,0,0,0
14/11/2020 03:46:31,0,0,0
14/11/2020 03:46:32,0,0,0
14/11/2020 03:46:33,0,0,0
14/11/2020 03:46:34,0,0,0
14/11/2020 03:46:35,0,0,0
14/11/2020 03:46:36,0,0,0
14/11/2020 03:46:37,0,0,0
14/11/2020 03:46:38,0,0,0
14/11/2020 03:46:39,0,0,0
14/11/2020 03:46:40,0,0,0
14/11/2020 03:46:41,0,0,0
14/11/2020 03:46:42,0,0,0
14/11/2020 03:46:43,0,0,0
14/11/2020 03:46:44,0,0,0
14/11/2020 03:46:45,0,0,0
14/11/2020 03:46:46,0,0,0
14/11/2020 03:46:47,0,0,0
14/11/2020 03:46:48,0,0,0
14/11/2020 03:46:49,0,0,0
14/11/2020 03:46:50,0,0,0
14/11/2020 03:46:51,0,0,0
14/11/2020 03:46:52,0,0,0
14/11/2020 03:46:53,0,0,0
14/11/2020 03:46:54,0,0,0
14/11/2020 03:46:55,0,0,0
14/11/2020 03:46:56,0,0,0
14/11/2020 03:46:57,0,0,0
14/11/2020 03:46:58,0,0,0
14/11/2020 03:46:59,0,0,0
14/11/2020 03:47:00,0,0,0
14/11/2020 03:47:01,0,0,0
14/11/2020 03:47:02,0,0,0
14/11/2020 03:47:03,0,0,0
14/11/2020 03:47:04,0,0,0
14/11/2020 03:47:05,0,0,0
14/11/2020 03:47:06,0,0,0
14/11/2020 03:47:07,0,0,0
14/11/2020 03:47:08,0,0,0
14/11/2020 03:47:09,0,0,0
14/11/2020 03:47:10,0,0,0
14/11/2020 03:47:11,0,0,0
14/11/2020 03:47:12,0,0,0
14/11/2020 03:47:13,0,0,0
14/11/2020 03:47:14,0,0,0
14/11/2020 03:47:15,0,0,0
14/11/2020 03:47:16,0,0,0
14/11/2020 03:47:17,0,0,0
14/11/2020 03:47:18,0,0,0
14/11/2020 03:47:19,0,0,0
14/11/2020 03:47:20,0,0,0
14/11/2020 03:47:21,0,0,0
14/11/2020 03:47:22,0,0,0
14/11/2020 03:47:23,0,0,0
14/11/2020 03:47:24,0,0,0
14/11/2020 03:47:25,0,0,0
14/11/2020 03:47:26,0,0,0
14/11/2020 03:47:27,0,0,0
14/11/2020 03:47:28,0,0,0
14/11/2020 03:47:29,0,0,0
14/11/2020 03:47:30,0,0,0
14/11/2020 03:47:31,0,0,0
14/11/2020 03:47:32,0,0,0
14/11/2020 03:47:33,0,0,0
14/11/2020 03:47:34,0,0,0
14/11/2020 03:47:35,0,0,0
14/11/2020 03:47:36,0,0,0
14/11/2020 03:47:37,0,0,0
14/11/2020 03:47:38,0,0,0
14/11/2020 03:47:39,0,0,0
14/11/2020 03:47:40,0,0,0
14/11/2020 03:47:41,0,0,0
14/11/2020 03:47:42,0,0,0
14/11/2020 03:47:43,0,0,0
14/11/2020 03:47:44,0,0,0
14/11/2020 03:47:45,0,0,0
14/11/2020 03:47:46,0,0,0
14/11/2020 03:47:47,0,0,0
14/11/2020 03:47:48,0,0,0
14/11/2020 03:47:49,0,0,0
14/11/2020 03:47:50,0,0,0
14/11/2020 03:47:51,0,0,0
14/11/2020 03:47:52,0,0,0
14/11/2020 03:47:53,0,0,0
14/11/2020 03:47:54,0,0,0
14/11/2020 03:47:55,0,0,0
14/11/2020 03:47:56,0,0,0
14/11/2020 03:47:57,0,0,0
14/11/2020 03:47:58,0,0,0
14/11/2020 03:47:59,0,0,0
14/11/2020 03:48:00,0,0,0
14/11/2020 03:48:01,0,0,0
14/11/2020 03:48:02,0,0,0
14/11/2020 03:48:03,0,0,0
14/11/2020 03:48:04,0,0,0
14/11/2020 03:48:05,0,0,0
14/11/2020 03:48:06,0,0,0
14/11/2020 03:48:07,0,0,0
14/11/2020 03:48:08,0,0,0
14/11/2020 03:48:09,0,0,0
14/11/2020 03:48:10,0,0,0
14/11/2020 03:48:11,0,0,0
14/11/2020 03:48:12,0,0,0
14/11/2020 03:48:13,0,0,0
14/11/2020 03:48:14,0,0,0
14/11/2020 03:48:15,0,0,0
14/11/2020 03:48:16,0,0,0
14/11/2020 03:48:17,0,0,0
14/11/2020 03:48:18,0,0,0
14/11/2020 03:48:19,0,0,0
14/11/2020 03:48:20,0,0,0
14/11/2020 03:48:21,0,0,0
14/11/2020 03:48:22,0,0,0
14/11/2020 03:48:23,0,0,0
14/11/2020 03:48:24,0,0,0
14/11/2020 03:48:25,0,0,0
14/11/2020 03:48:26,0,0,0
14/11/2020 03:48:27,0,0,0
14/11/2020 03:48:28,0,0,0
14/11/2020 03:48:29,0,0,0
14/11/2020 03:48:30,0,0,0
14/11/2020 03:48:31,0,0,0
14/11/2020 03:48:32,0,0,0
14/11/2020 03:48:33,0,0,0
14/11/2020 03:48:34,0,0,0
14/11/2020 03:48:35,0,0,0
14/11/2020 03:48:36,0,0,0
14/11/2020 03:48:37,0,0,0
14/11/2020 03:48:38,0,0,0
14/11/2020 03:48:39,0,0,0
14/11/2020 03:48:40,0,0,0
14/11/2020 03:48:41,0,0,0
14/11/2020 03:48:42,0,0,0
14/11/2020 03:48:43,0,0,0
14/11/2020 03:48:44,0,0,0
14/11/2020 03:48:45,0,0,0
14/11/2020 03:48:46,0,0,0
14/11/2020 03:48:47,0,0,0
14/11/2020 03:48:48,0,0,0
14/11/2020 03:48:49,0,0,0
14/11/2020 03:48:50,0,0,0
14/11/2020 03:48:51,0,0,0
14/11/2020 03:48:52,0,0,0
14/11/2020 03:48:53,0,0,0
14/11/2020 03:48:54,0,0,0
14/11/2020 03:48:55,0,0,0
14/11/2020 03:48:56,0,0,0
14/11/2020 03:48:57,0,0,0
14/11/2020 03:48:58,0,0,0
14/11/2020 03:48:59,0,0,0
14/11/2020 03:49:00,0,0,0
14/11/2020 03:49:01,0,0,0
14/11/2020 03:49:02,0,0,0
14/11/2020 03:49:03,0,0,0
14/11/2020 03:49:04,0,0,0
14/11/2020 03:49:05,0,0,0
14/11/2020 03:49:06,0,0,0
14/11/2020 03:49:07,0,0,0
14/11/2020 03:49:08,0,0,0
14/11/2020 03:49:09,0,0,0
14/11/2020 03:49:10,0,0,0
14/11/2020 03:49:11,0,0,0
14/11/2020 03:49:12,0,0,0
14/11/2020 03:49:13,0,0,0
14/11/2020 03:49:14,0,0,0
14/11/2020 03:49:15,0,0,0
14/11/2020 03:49:16,0,0,0
14/11/2020 03:49:17,0,0,0
14/11/2020 03:49:18,0,0,0
14/11/2020 03:49:19,0,0,0
14/11/2020 03:49:20,0,0,0
14/11/2020 03:49:21,0,0,0
14/11/2020 03:49:22,0,0,0
14/11/2020 03:49:23,0,0,0
14/11/2020 03:49:24,0,0,0
14/11/2020 03:49:25,0,0,0
14/11/2020 03:49:26,0,0,0
14/11/2020 03:49:27,0,0,0
14/11/2020 03:49:28,0,0,0
14/11/2020 03:49:29,0,0,0
14/11/2020 03:49:30,0,0,0
14/11/2020 03:49:31,0,0,0
14/11/2020 03:49:32,0,0,0
14/11/2020 03:49:33,0,0,0
14/11/2020 03:49:34,0,0,0
14/11/2020 03:49:35,0,0,0
14/11/2020 03:49:36,0,0,0
14/11/2020 03:49:37,0,0,0
14/11/2020 03:49:38,0,0,0
14/11/2020 03:49:39,0,0,0
14/11/2020 03:49:40,0,0,0
14/11/2020 03:49:41,0,0,0
14/11/2020 03:49:42,0,0,0
14/11/2020 03:49:43,0,0,0
14/11/2020 03:49:44,0,0,0
14/11/2020 03:49:45,0,0,0
14/11/2020 03:49:46,0,0,0
14/11/2020 03:49:47,0,0,0
14/11/2020 03:49:48,0,0,0
14/11/2020 03:49:49,0,0,0
14/11/2020 03:49:50,0,0,0
14/11/2020 03:49:51,0,0,0
14/11/2020 03:49:52,0,0,0
14/11/2020 03:49:53,0,0,0
14/11/2020 03:49:54,0,0,0
14/11/2020 03:49:55,0,0,0
14/11/2020 03:49:56,0,0,0
14/11/2020 03:49:57,0,0,0
14/11/2020 03:49:58,0,0,0
14/11/2020 03:49:59,0,0,0
14/11/2020 03:50:00,0,0,0
14/11/2020 03:50:01,0,0,0
14/11/2020 03:50:02,0,0,0
14/11/2020 03:50:03,0,0,0
14/11/2020 03:50:04,0,0,0
14/11/2020 03:50:05,0,0,0
14/11/2020 03:50:06,0,0,0
14/11/2020 03:50:07,0,0,0
14/11/2020 03:50:08,0,0,0
14/11/2020 03:50:09,0,0,0
14/11/2020 03:50:10,0,0,0
14/11/2020 03:50:11,0,0,0
14/11/2020 03:50:12,0,0,0
14/11/2020 03:50:13,0,0,0
14/11/2020 03:50:14,0,0,0
14/11/2020 03:50:15,0,0,0
14/11/2020 03:50:16,0,0,0
14/11/2020 03:50:17,0,0,0
14/11/2020 03:50:18,0,0,0
14/11/2020 03:50:19,0,0,0
14/11/2020 03:50:20,0,0,0
14/11/2020 03:50:21,0,0,0
14/11/2020 03:50:22,0,0,0
14/11/2020 03:50:23,0,0,0
14/11/2020 03:50:24,0,0,0
14/11/2020 03:50:25,0,0,0
14/11/2020 03:50:26,0,0,0
14/11/2020 03:50:27,0,0,0
14/11/2020 03:50:28,0,0,0
14/11/2020 03:50:29,0,0,0
14/11/2020 03:50:30,0,0,0
14/11/2020 03:50:31,0,0,0
14/11/2020 03:50:32,0,0,0
14/11/2020 03:50:33,0,0,0
14/11/2020 03:50:34,0,0,0
14/11/2020 03:50:35,0,0,0
14/11/2020 03:50:36,0,0,0
14/11/2020 03:50:37,0,0,0
14/11/2020 03:50:38,0,0,0
14/11/2020 03:50:39,0,0,0
14/11/2020 03:50:40,0,0,0
14/11/2020 03:50:41,0,0,0
14/11/2020 03:50:42,0,0,0
14/11/2020 03:50:43,0,0,0
14/11/2020 03:50:44,0,0,0
14/11/2020 03:50:45,0,0,0
14/11/2020 03:50:46,0,0,0
14/11/2020 03:50:47,0,0,0
14/11/2020 03:50:48,0,0,0
14/11/2020 03:50:49,0,0,0
14/11/2020 03:50:50,0,0,0
14/11/2020 03:50:51,0,0,0
14/11/2020 03:50:52,0,0,0
14/11/2020 03:50:53,0,0,0
14/11/2020 03:50:54,0,0,0
14/11/2020 03:50:55,0,0,0
14/11/2020 03:50:56,0,0,0
14/11/2020 03:50:57,0,0,0
14/11/2020 03:50:58,0,0,0
14/11/2020 03:50:59,0,0,0
14/11/2020 03:51:00,0,0,0
14/11/2020 03:51:01,0,0,0
14/11/2020 03:51:02,0,0,0
14/11/2020 03:51:03,0,0,0
14/11/2020 03:51:04,0,0,0
14/11/2020 03:51:05,0,0,0
14/11/2020 03:51:06,0,0,0
14/11/2020 03:51:07,0,0,0
14/11/2020 03:51:08,0,0,0
14/11/2020 03:51:09,0,0,0
14/11/2020 03:51:10,0,0,0
14/11/2020 03:51:11,0,0,0
14/11/2020 03:51:12,0,0,0
14/11/2020 03:51:13,0,0,0
14/11/2020 03:51:14,0,0,0
14/11/2020 03:51:15,0,0,0
14/11/2020 03:51:16,0,0,0
14/11/2020 03:51:17,0,0,0
14/11/2020 03:51:18,0,0,0
14/11/2020 03:51:19,0,0,0
14/11/2020 03:51:20,0,0,0
14/11/2020 03:51:21,0,0,0
14/11/2020 03:51:22,0,0,0
14/11/2020 03:51:23,0,0,0
14/11/2020 03:51:24,0,0,0
14/11/2020 03:51:25,0,0,0
14/11/2020 03:51:26,0,0,0
14/11/2020 03:51:27,0,0,0
14/11/2020 03:51:28,0,0,0
14/11/2020 03:51:29,0,0,0
14/11/2020 03:51:30,0,0,0
14/11/2020 03:51:31,0,0,0
14/11/2020 03:51:32,0,0,0
14/11/2020 03:51:33,0,0,0
14/11/2020 03:51:34,0,0,0
14/11/2020 03:51:35,0,0,0
14/11/2020 03:51:36,0,0,0
14/11/2020 03:51:37,0,0,0
14/11/2020 03:51:38,0,0,0
14/11/2020 03:51:39,0,0,0
14/11/2020 03:51:40,0,0,0
14/11/2020 03:51:41,0,0,0
14/11/2020 03:51:42,0,0,0
14/11/2020 03:51:43,0,0,0
14/11/2020 03:51:44,0,0,0
14/11/2020 03:51:45,0,0,0
14/11/2020 03:51:46,0,0,0
14/11/2020 03:51:47,0,0,0
14/11/2020 03:51:48,0,0,0
14/11/2020 03:51:49,0,0,0
14/11/2020 03:51:50,0,0,0
14/11/2020 03:51:51,0,0,0
14/11/2020 03:51:52,0,0,0
14/11/2020 03:51:53,0,0,0
14/11/2020 03:51:54,0,0,0
14/11/2020 03:51:55,0,0,0
14/11/2020 03:51:56,0,0,0
14/11/2020 03:51:57,0,0,0
14/11/2020 03:51:58,0,0,0
14/11/2020 03:51:59,0,0,0
14/11/2020 03:52:00,0,0,0
14/11/2020 03:52:01,0,0,0
14/11/2020 03:52:02,0,0,0
14/11/2020 03:52:03,0,0,0
14/11/2020 03:52:04,0,0,0
14/11/2020 03:52:05,0,0,0
14/11/2020 03:52:06,0,0,0
14/11/2020 03:52:07,0,0,0
14/11/2020 03:52:08,0,0,0
14/11/2020 03:52:09,0,0,0
14/11/2020 03:52:10,0,0,0
14/11/2020 03:52:11,0,0,0
14/11/2020 03:52:12,0,0,0
14/11/2020 03:52:13,0,0,0
14/11/2020 03:52:14,0,0,0
14/11/2020 03:52:15,0,0,0
14/11/2020 03:52:16,0,0,0
14/11/2020 03:52:17,0,0,0
14/11/2020 03:52:18,0,0,0
14/11/2020 03:52:19,0,0,0
14/11/2020 03:52:20,0,0,0
14/11/2020 03:52:21,0,0,0
14/11/2020 03:52:22,0,0,0
14/11/2020 03:52:23,0,0,0
14/11/2020 03:52:24,0,0,0
14/11/2020 03:52:25,0,0,0
14/11/2020 03:52:26,0,0,0
14/11/2020 03:52:27,0,0,0
14/11/2020 03:52:28,0,0,0
14/11/2020 03:52:29,0,0,0
14/11/2020 03:52:30,0,0,0
14/11/2020 03:52:31,0,0,0
14/11/2020 03:52:32,0,0,0
14/11/2020 03:52:33,0,0,0
14/11/2020 03:52:34,0,0,0
14/11/2020 03:52:35,0,0,0
14/11/2020 03:52:36,0,0,0
14/11/2020 03:52:37,0,0,0
14/11/2020 03:52:38,0,0,0
14/11/2020 03:52:39,0,0,0
14/11/2020 03:52:40,0,0,0
14/11/2020 03:52:41,0,0,0
14/11/2020 03:52:42,0,0,0
14/11/2020 03:52:43,0,0,0
14/11/2020 03:52:44,0,0,0
14/11/2020 03:52:45,0,0,0
14/11/2020 03:52:46,0,0,0
14/11/2020 03:52:47,0,0,0
14/11/2020 03:52:48,0,0,0
14/11/2020 03:52:49,0,0,0
14/11/2020 03:52:50,0,0,0
14/11/2020 03:52:51,0,0,0
14/11/2020 03:52:52,0,0,0
14/11/2020 03:52:53,0,0,0
14/11/2020 03:52:54,0,0,0
14/11/2020 03:52:55,0,0,0
14/11/2020 03:52:56,0,0,0
14/11/2020 03:52:57,0,0,0
14/11/2020 03:52:58,0,0,0
14/11/2020 03:52:59,0,0,0
14/11/2020 03:53:00,0,0,0
14/11/2020 03:53:01,0,0,0
14/11/2020 03:53:02,0,0,0
14/11/2020 03:53:03,0,0,0
14/11/2020 03:53:04,0,0,0
14/11/2020 03:53:05,0,0,0
14/11/2020 03:53:06,0,0,0
14/11/2020 03:53:07,0,0,0
14/11/2020 03:53:08,0,0,0
14/11/2020 03:53:09,0,0,0
14/11/2020 03:53:10,0,0,0
14/11/2020 03:53:11,0,0,0
14/11/2020 03:53:12,0,0,0
14/11/2020 03:53:13,0,0,0
14/11/2020 03:53:14,0,0,0
14/11/2020 03:53:15,0,0,0
14/11/2020 03:53:16,0,0,0
14/11/2020 03:53:17,0,0,0
14/11/2020 03:53:18,0,0,0
14/11/2020 03:53:19,0,0,0
14/11/2020 03:53:20,0,0,0
14/11/2020 03:53:21,0,0,0
14/11/2020 03:53:22,0,0,0
14/11/2020 03:53:23,0,0,0
14/11/2020 03:53:24,0,0,0
14/11/2020 03:53:25,0,0,0
14/11/2020 03:53:26,0,0,0
14/11/2020 03:53:27,0,0,0
14/11/2020 03:53:28,0,0,0
14/11/2020 03:53:29,0,0,0
14/11/2020 03:53:30,0,0,0
14/11/2020 03:53:31,0,0,0
14/11/2020 03:53:32,0,0,0
14/11/2020 03:53:33,0,0,0
14/11/2020 03:53:34,0,0,0
14/11/2020 03:53:35,0,0,0
14/11/2020 03:53:36,0,0,0
14/11/2020 03:53:37,0,0,0
14/11/2020 03:53:38,0,0,0
14/11/2020 03:53:39,0,0,0
14/11/2020 03:53:40,0,0,0
14/11/2020 03:53:41,0,0,0
14/11/2020 03:53:42,0,0,0
14/11/2020 03:53:43,0,0,0
14/11/2020 03:53:44,0,0,0
14/11/2020 03:53:45,0,0,0
14/11/2020 03:53:46,0,0,0
14/11/2020 03:53:47,0,0,0
14/11/2020 03:53:48,0,0,0
14/11/2020 03:53:49,0,0,0
14/11/2020 03:53:50,0,0,0
14/11/2020 03:53:51,0,0,0
14/11/2020 03:53:52,0,0,0
14/11/2020 03:53:53,0,0,0
14/11/2020 03:53:54,0,0,0
14/11/2020 03:53:55,0,0,0
14/11/2020 03:53:56,0,0,0
14/11/2020 03:53:57,0,0,0
14/11/2020 03:53:58,0,0,0
14/11/2020 03:53:59,0,0,0
14/11/2020 03:54:00,0,0,0
14/11/2020 03:54:01,0,0,0
14/11/2020 03:54:02,0,0,0
14/11/2020 03:54:03,0,0,0
14/11/2020 03:54:04,0,0,0
14/11/2020 03:54:05,0,0,0
14/11/2020 03:54:06,0,0,0
14/11/2020 03:54:07,0,0,0
14/11/2020 03:54:08,0,0,0
14/11/2020 03:54:09,0,0,0
14/11/2020 03:54:10,0,0,0
14/11/2020 03:54:11,0,0,0
14/11/2020 03:54:12,0,0,0
14/11/2020 03:54:13,0,0,0
14/11/2020 03:54:14,0,0,0
14/11/2020 03:54:15,0,0,0
14/11/2020 03:54:16,0,0,0
14/11/2020 03:54:17,0,0,0
14/11/2020 03:54:18,0,0,0
14/11/2020 03:54:19,0,0,0
14/11/2020 03:54:20,0,0,0
14/11/2020 03:54:21,0,0,0
14/11/2020 03:54:22,0,0,0
14/11/2020 03:54:23,0,0,0
14/11/2020 03:54:24,0,0,0
14/11/2020 03:54:25,0,0,0
14/11/2020 03:54:26,0,0,0
14/11/2020 03:54:27,0,0,0
14/11/2020 03:54:28,0,0,0
14/11/2020 03:54:29,0,0,0
14/11/2020 03:54:30,0,0,0
14/11/2020 03:54:31,0,0,0
14/11/2020 03:54:32,0,0,0
14/11/2020 03:54:33,0,0,0
14/11/2020 03:54:34,0,0,0
14/11/2020 03:54:35,0,0,0
14/11/2020 03:54:36,0,0,0
14/11/2020 03:54:37,0,0,0
14/11/2020 03:54:38,0,0,0
14/11/2020 03:54:39,0,0,0
14/11/2020 03:54:40,0,0,0
14/11/2020 03:54:41,0,0,0
14/11/2020 03:54:42,0,0,0
14/11/2020 03:54:43,0,0,0
14/11/2020 03:54:44,0,0,0
14/11/2020 03:54:45,0,0,0
14/11/2020 03:54:46,0,0,0
14/11/2020 03:54:47,0,0,0
14/11/2020 03:54:48,0,0,0
14/11/2020 03:54:49,0,0,0
14/11/2020 03:54:50,0,0,0
14/11/2020 03:54:51,0,0,0
14/11/2020 03:54:52,0,0,0
14/11/2020 03:54:53,0,0,0
14/11/2020 03:54:54,0,0,0
14/11/2020 03:54:55,0,0,0
14/11/2020 03:54:56,0,0,0
14/11/2020 03:54:57,0,0,0
14/11/2020 03:54:58,0,0,0
14/11/2020 03:54:59,0,0,0
14/11/2020 03:55:00,0,0,0
14/11/2020 03:55:01,0,0,0
14/11/2020 03:55:02,0,0,0
14/11/2020 03:55:03,0,0,0
14/11/2020 03:55:04,0,0,0
14/11/2020 03:55:05,0,0,0
14/11/2020 03:55:06,0,0,0
14/11/2020 03:55:07,0,0,0
14/11/2020 03:55:08,0,0,0
14/11/2020 03:55:09,0,0,0
14/11/2020 03:55:10,0,0,0
14/11/2020 03:55:11,0,0,0
14/11/2020 03:55:12,0,0,0
14/11/2020 03:55:13,0,0,0
14/11/2020 03:55:14,0,0,0
14/11/2020 03:55:15,0,0,0
14/11/2020 03:55:16,0,0,0
14/11/2020 03:55:17,0,0,0
14/11/2020 03:55:18,0,0,0
14/11/2020 03:55:19,0,0,0
14/11/2020 03:55:20,0,0,0
14/11/2020 03:55:21,0,0,0
14/11/2020 03:55:22,0,0,0
14/11/2020 03:55:23,0,0,0
14/11/2020 03:55:24,0,0,0
14/11/2020 03:55:25,0,0,0
14/11/2020 03:55:26,0,0,0
14/11/2020 03:55:27,0,0,0
14/11/2020 03:55:28,0,0,0
14/11/2020 03:55:29,0,0,0
14/11/2020 03:55:30,0,0,0
14/11/2020 03:55:31,0,0,0
14/11/2020 03:55:32,0,0,0
14/11/2020 03:55:33,0,0,0
14/11/2020 03:55:34,0,0,0
14/11/2020 03:55:35,0,0,0
14/11/2020 03:55:36,0,0,0
14/11/2020 03:55:37,0,0,0
14/11/2020 03:55:38,0,0,0
14/11/2020 03:55:39,0,0,0
14/11/2020 03:55:40,0,0,0
14/11/2020 03:55:41,0,0,0
14/11/2020 03:55:42,0,0,0
14/11/2020 03:55:43,0,0,0
14/11/2020 03:55:44,0,0,0
14/11/2020 03:55:45,0,0,0
14/11/2020 03:55:46,0,0,0
14/11/2020 03:55:47,0,0,0
14/11/2020 03:55:48,0,0,0
14/11/2020 03:55:49,0,0,0
14/11/2020 03:55:50,0,0,0
14/11/2020 03:55:51,0,0,0
14/11/2020 03:55:52,0,0,0
14/11/2020 03:55:53,0,0,0
14/11/2020 03:55:54,0,0,0
14/11/2020 03:55:55,0,0,0
14/11/2020 03:55:56,0,0,0
14/11/2020 03:55:57,0,0,0
14/11/2020 03:55:58,0,0,0
14/11/2020 03:55:59,0,0,0
14/11/2020 03:56:00,0,0,0
14/11/2020 03:56:01,0,0,0
14/11/2020 03:56:02,0,0,0
14/11/2020 03:56:03,0,0,0
14/11/2020 03:56:04,0,0,0
14/11/2020 03:56:05,0,0,0
14/11/2020 03:56:06,0,0,0
14/11/2020 03:56:07,0,0,0
14/11/2020 03:56:08,0,0,0
14/11/2020 03:56:09,0,0,0
14/11/2020 03:56:10,0,0,0
14/11/2020 03:56:11,0,0,0
14/11/2020 03:56:12,0,0,0
14/11/2020 03:56:13,0,0,0
14/11/2020 03:56:14,0,0,0
14/11/2020 03:56:15,0,0,0
14/11/2020 03:56:16,0,0,0
14/11/2020 03:56:17,0,0,0
14/11/2020 03:56:18,0,0,0
14/11/2020 03:56:19,0,0,0
14/11/2020 03:56:20,0,0,0
14/11/2020 03:56:21,0,0,0
14/11/2020 03:56:22,0,0,0
14/11/2020 03:56:23,0,0,0
14/11/2020 03:56:24,0,0,0
14/11/2020 03:56:25,0,0,0
14/11/2020 03:56:26,0,0,0
14/11/2020 03:56:27,0,0,0
14/11/2020 03:56:28,0,0,0
14/11/2020 03:56:29,0,0,0
14/11/2020 03:56:30,0,0,0
14/11/2020 03:56:31,0,0,0
14/11/2020 03:56:32,0,0,0
14/11/2020 03:56:33,0,0,0
14/11/2020 03:56:34,0,0,0
14/11/2020 03:56:35,0,0,0
14/11/2020 03:56:36,0,0,0
14/11/2020 03:56:37,0,0,0
14/11/2020 03:56:38,0,0,0
14/11/2020 03:56:39,0,0,0
14/11/2020 03:56:40,0,0,0
14/11/2020 03:56:41,0,0,0
14/11/2020 03:56:42,0,0,0
14/11/2020 03:56:43,0,0,0
14/11/2020 03:56:44,0,0,0
14/11/2020 03:56:45,0,0,0
14/11/2020 03:56:46,0,0,0
14/11/2020 03:56:47,0,0,0
14/11/2020 03:56:48,0,0,0
14/11/2020 03:56:49,0,0,0
14/11/2020 03:56:50,0,0,0
14/11/2020 03:56:51,0,0,0
14/11/2020 03:56:52,0,0,0
14/11/2020 03:56:53,0,0,0
14/11/2020 03:56:54,0,0,0
14/11/2020 03:56:55,0,0,0
14/11/2020 03:56:56,0,0,0
14/11/2020 03:56:57,0,0,0
14/11/2020 03:56:58,0,0,0
14/11/2020 03:56:59,0,0,0
14/11/2020 03:57:00,0,0,0
14/11/2020 03:57:01,0,0,0
14/11/2020 03:57:02,0,0,0
14/11/2020 03:57:03,0,0,0
14/11/2020 03:57:04,0,0,0
14/11/2020 03:57:05,0,0,0
14/11/2020 03:57:06,0,0,0
14/11/2020 03:57:07,0,0,0
14/11/2020 03:57:08,0,0,0
14/11/2020 03:57:09,0,0,0
14/11/2020 03:57:10,0,0,0
14/11/2020 03:57:11,0,0,0
14/11/2020 03:57:12,0,0,0
14/11/2020 03:57:13,0,0,0
14/11/2020 03:57:14,0,0,0
14/11/2020 03:57:15,0,0,0
14/11/2020 03:57:16,0,0,0
14/11/2020 03:57:17,0,0,0
14/11/2020 03:57:18,0,0,0
14/11/2020 03:57:19,0,0,0
14/11/2020 03:57:20,0,0,0
14/11/2020 03:57:21,0,0,0
14/11/2020 03:57:22,0,0,0
14/11/2020 03:57:23,0,0,0
14/11/2020 03:57:24,0,0,0
14/11/2020 03:57:25,0,0,0
14/11/2020 03:57:26,0,0,0
14/11/2020 03:57:27,0,0,0
14/11/2020 03:57:28,0,0,0
14/11/2020 03:57:29,0,0,0
14/11/2020 03:57:30,0,0,0
14/11/2020 03:57:31,0,0,0
14/11/2020 03:57:32,0,0,0
14/11/2020 03:57:33,0,0,0
14/11/2020 03:57:34,0,0,0
14/11/2020 03:57:35,0,0,0
14/11/2020 03:57:36,0,0,0
14/11/2020 03:57:37,0,0,0
14/11/2020 03:57:38,0,0,0
14/11/2020 03:57:39,0,0,0
14/11/2020 03:57:40,0,0,0
14/11/2020 03:57:41,0,0,0
14/11/2020 03:57:42,0,0,0
14/11/2020 03:57:43,0,0,0
14/11/2020 03:57:44,0,0,0
14/11/2020 03:57:45,0,0,0
14/11/2020 03:57:46,0,0,0
14/11/2020 03:57:47,0,0,0
14/11/2020 03:57:48,0,0,0
14/11/2020 03:57:49,0,0,0
14/11/2020 03:57:50,0,0,0
14/11/2020 03:57:51,0,0,0
14/11/2020 03:57:52,0,0,0
14/11/2020 03:57:53,0,0,0
14/11/2020 03:57:54,0,0,0
14/11/2020 03:57:55,0,0,0
14/11/2020 03:57:56,0,0,0
14/11/2020 03:57:57,0,0,0
14/11/2020 03:57:58,0,0,0
14/11/2020 03:57:59,0,0,0
14/11/2020 03:58:00,0,0,0
14/11/2020 03:58:01,0,0,0
14/11/2020 03:58:02,0,0,0
14/11/2020 03:58:03,0,0,0
14/11/2020 03:58:04,0,0,0
14/11/2020 03:58:05,0,0,0
14/11/2020 03:58:06,0,0,0
14/11/2020 03:58:07,0,0,0
14/11/2020 03:58:08,0,0,0
14/11/2020 03:58:09,0,0,0
14/11/2020 03:58:10,0,0,0
14/11/2020 03:58:11,0,0,0
14/11/2020 03:58:12,0,0,0
14/11/2020 03:58:13,0,0,0
14/11/2020 03:58:14,0,0,0
14/11/2020 03:58:15,0,0,0
14/11/2020 03:58:16,0,0,0
14/11/2020 03:58:17,0,0,0
14/11/2020 03:58:18,0,0,0
14/11/2020 03:58:19,0,0,0
14/11/2020 03:58:20,0,0,0
14/11/2020 03:58:21,0,0,0
14/11/2020 03:58:22,0,0,0
14/11/2020 03:58:23,0,0,0
14/11/2020 03:58:24,0,0,0
14/11/2020 03:58:25,0,0,0
14/11/2020 03:58:26,0,0,0
14/11/2020 03:58:27,0,0,0
14/11/2020 03:58:28,0,0,0
14/11/2020 03:58:29,0,0,0
14/11/2020 03:58:30,0,0,0
14/11/2020 03:58:31,0,0,0
14/11/2020 03:58:32,0,0,0
14/11/2020 03:58:33,0,0,0
14/11/2020 03:58:34,0,0,0
14/11/2020 03:58:35,0,0,0
14/11/2020 03:58:36,0,0,0
14/11/2020 03:58:37,0,0,0
14/11/2020 03:58:38,0,0,0
14/11/2020 03:58:39,0,0,0
14/11/2020 03:58:40,0,0,0
14/11/2020 03:58:41,0,0,0
14/11/2020 03:58:42,0,0,0
14/11/2020 03:58:43,0,0,0
14/11/2020 03:58:44,0,0,0
14/11/2020 03:58:45,0,0,0
14/11/2020 03:58:46,0,0,0
14/11/2020 03:58:47,0,0,0
14/11/2020 03:58:48,0,0,0
14/11/2020 03:58:49,0,0,0
14/11/2020 03:58:50,0,0,0
14/11/2020 03:58:51,0,0,0
14/11/2020 03:58:52,0,0,0
14/11/2020 03:58:53,0,0,0
14/11/2020 03:58:54,0,0,0
14/11/2020 03:58:55,0,0,0
14/11/2020 03:58:56,0,0,0
14/11/2020 03:58:57,0,0,0
14/11/2020 03:58:58,0,0,0
14/11/2020 03:58:59,0,0,0
14/11/2020 03:59:00,0,0,0
14/11/2020 03:59:01,0,0,0
14/11/2020 03:59:02,0,0,0
14/11/2020 03:59:03,0,0,0
14/11/2020 03:59:04,0,0,0
14/11/2020 03:59:05,0,0,0
14/11/2020 03:59:06,0,0,0
14/11/2020 03:59:07,0,0,0
14/11/2020 03:59:08,0,0,0
14/11/2020 03:59:09,0,0,0
14/11/2020 03:59:10,0,0,0
14/11/2020 03:59:11,0,0,0
14/11/2020 03:59:12,0,0,0
14/11/2020 03:59:13,0,0,0
14/11/2020 03:59:14,0,0,0
14/11/2020 03:59:15,0,0,0
14/11/2020 03:59:16,0,0,0
14/11/2020 03:59:17,0,0,0
14/11/2020 03:59:18,0,0,0
14/11/2020 03:59:19,0,0,0
14/11/2020 03:59:20,0,0,0
14/11/2020 03:59:21,0,0,0
14/11/2020 03:59:22,0,0,0
14/11/2020 03:59:23,0,0,0
14/11/2020 03:59:24,0,0,0
14/11/2020 03:59:25,0,0,0
14/11/2020 03:59:26,0,0,0
14/11/2020 03:59:27,0,0,0
14/11/2020 03:59:28,0,0,0
14/11/2020 03:59:29,0,0,0
14/11/2020 03:59:30,0,0,0
14/11/2020 03:59:31,0,0,0
14/11/2020 03:59:32,0,0,0
14/11/2020 03:59:33,0,0,0
14/11/2020 03:59:34,0,0,0
14/11/2020 03:59:35,0,0,0
14/11/2020 03:59:36,0,0,0
14/11/2020 03:59:37,0,0,0
14/11/2020 03:59:38,0,0,0
14/11/2020 03:59:39,0,0,0
14/11/2020 03:59:40,0,0,0
14/11/2020 03:59:41,0,0,0
14/11/2020 03:59:42,0,0,0
14/11/2020 03:59:43,0,0,0
14/11/2020 03:59:44,0,0,0
14/11/2020 03:59:45,0,0,0
14/11/2020 03:59:46,0,0,0
14/11/2020 03:59:47,0,0,0
14/11/2020 03:59:48,0,0,0
14/11/2020 03:59:49,0,0,0
14/11/2020 03:59:50,0,0,0
14/11/2020 03:59:51,0,0,0
14/11/2020 03:59:52,0,0,0
14/11/2020 03:59:53,0,0,0
14/11/2020 03:59:54,0,0,0
14/11/2020 03:59:55,0,0,0
14/11/2020 03:59:56,0,0,0
14/11/2020 03:59:57,0,0,0
14/11/2020 03:59:58,0,0,0
14/11/2020 03:59:59,0,0,0
14/11/2020 04:00:00,0,0,0
14/11/2020 04:00:01,0,0,0
14/11/2020 04:00:02,0,0,0
14/11/2020 04:00:03,0,0,0
14/11/2020 04:00:04,0,0,0
14/11/2020 04:00:05,0,0,0
14/11/2020 04:00:06,0,0,0
14/11/2020 04:00:07,0,0,0
14/11/2020 04:00:08,0,0,0
14/11/2020 04:00:09,0,0,0
14/11/2020 04:00:10,0,0,0
14/11/2020 04:00:11,0,0,0
14/11/2020 04:00:12,0,0,0
14/11/2020 04:00:13,0,0,0
14/11/2020 04:00:14,0,0,0
14/11/2020 04:00:15,0,0,0
14/11/2020 04:00:16,0,0,0
14/11/2020 04:00:17,0,0,0
14/11/2020 04:00:18,0,0,0
14/11/2020 04:00:19,0,0,0
14/11/2020 04:00:20,0,0,0
14/11/2020 04:00:21,0,0,0
14/11/2020 04:00:22,0,0,0
14/11/2020 04:00:23,0,0,0
14/11/2020 04:00:24,0,0,0
14/11/2020 04:00:25,0,0,0
14/11/2020 04:00:26,0,0,0
14/11/2020 04:00:27,0,0,0
14/11/2020 04:00:28,0,0,0
14/11/2020 04:00:29,0,0,0
14/11/2020 04:00:30,0,0,0
14/11/2020 04:00:31,0,0,0
14/11/2020 04:00:32,0,0,0
14/11/2020 04:00:33,0,0,0
14/11/2020 04:00:34,0,0,0
14/11/2020 04:00:35,0,0,0
14/11/2020 04:00:36,0,0,0
14/11/2020 04:00:37,0,0,0
14/11/2020 04:00:38,0,0,0
14/11/2020 04:00:39,0,0,0
14/11/2020 04:00:40,0,0,0
14/11/2020 04:00:41,0,0,0
14/11/2020 04:00:42,0,0,0
14/11/2020 04:00:43,0,0,0
14/11/2020 04:00:44,0,0,0
14/11/2020 04:00:45,0,0,0
14/11/2020 04:00:46,0,0,0
14/11/2020 04:00:47,0,0,0
14/11/2020 04:00:48,0,0,0
14/11/2020 04:00:49,0,0,0
14/11/2020 04:00:50,0,0,0
14/11/2020 04:00:51,0,0,0
14/11/2020 04:00:52,0,0,0
14/11/2020 04:00:53,0,0,0
14/11/2020 04:00:54,0,0,0
14/11/2020 04:00:55,0,0,0
14/11/2020 04:00:56,0,0,0
14/11/2020 04:00:57,0,0,0
14/11/2020 04:00:58,0,0,0
14/11/2020 04:00:59,0,0,0
14/11/2020 04:01:00,0,0,0
14/11/2020 04:01:01,0,0,0
14/11/2020 04:01:02,0,0,0
14/11/2020 04:01:03,0,0,0
14/11/2020 04:01:04,0,0,0
14/11/2020 04:01:05,0,0,0
14/11/2020 04:01:06,0,0,0
14/11/2020 04:01:07,0,0,0
14/11/2020 04:01:08,0,0,0
14/11/2020 04:01:09,0,0,0
14/11/2020 04:01:10,0,0,0
14/11/2020 04:01:11,0,0,0
14/11/2020 04:01:12,0,0,0
14/11/2020 04:01:13,0,0,0
14/11/2020 04:01:14,0,0,0
14/11/2020 04:01:15,0,0,0
14/11/2020 04:01:16,0,0,0
14/11/2020 04:01:17,0,0,0
14/11/2020 04:01:18,0,0,0
14/11/2020 04:01:19,0,0,0
14/11/2020 04:01:20,0,0,0
14/11/2020 04:01:21,0,0,0
14/11/2020 04:01:22,0,0,0
14/11/2020 04:01:23,0,0,0
14/11/2020 04:01:24,0,0,0
14/11/2020 04:01:25,0,0,0
14/11/2020 04:01:26,0,0,0
14/11/2020 04:01:27,0,0,0
14/11/2020 04:01:28,0,0,0
14/11/2020 04:01:29,0,0,0
14/11/2020 04:01:30,0,0,0
14/11/2020 04:01:31,0,0,0
14/11/2020 04:01:32,0,0,0
14/11/2020 04:01:33,0,0,0
14/11/2020 04:01:34,0,0,0
14/11/2020 04:01:35,0,0,0
14/11/2020 04:01:36,0,0,0
14/11/2020 04:01:37,0,0,0
14/11/2020 04:01:38,0,0,0
14/11/2020 04:01:39,0,0,0
14/11/2020 04:01:40,0,0,0
14/11/2020 04:01:41,0,0,0
14/11/2020 04:01:42,0,0,0
14/11/2020 04:01:43,0,0,0
14/11/2020 04:01:44,0,0,0
14/11/2020 04:01:45,0,0,0
14/11/2020 04:01:46,0,0,0
14/11/2020 04:01:47,0,0,0
14/11/2020 04:01:48,0,0,0
14/11/2020 04:01:49,0,0,0
14/11/2020 04:01:50,0,0,0
14/11/2020 04:01:51,0,0,0
14/11/2020 04:01:52,0,0,0
14/11/2020 04:01:53,0,0,0
14/11/2020 04:01:54,0,0,0
14/11/2020 04:01:55,0,0,0
14/11/2020 04:01:56,0,0,0
14/11/2020 04:01:57,0,0,0
14/11/2020 04:01:58,0,0,0
14/11/2020 04:01:59,0,0,0
14/11/2020 04:02:00,0,0,0
14/11/2020 04:02:01,0,0,0
14/11/2020 04:02:02,0,0,0
14/11/2020 04:02:03,0,0,0
14/11/2020 04:02:04,0,0,0
14/11/2020 04:02:05,0,0,0
14/11/2020 04:02:06,0,0,0
14/11/2020 04:02:07,0,0,0
14/11/2020 04:02:08,0,0,0
14/11/2020 04:02:09,0,0,0
14/11/2020 04:02:10,0,0,0
14/11/2020 04:02:11,0,0,0
14/11/2020 04:02:12,0,0,0
14/11/2020 04:02:13,0,0,0
14/11/2020 04:02:14,0,0,0
14/11/2020 04:02:15,0,0,0
14/11/2020 04:02:16,0,0,0
14/11/2020 04:02:17,0,0,0
14/11/2020 04:02:18,0,0,0
14/11/2020 04:02:19,0,0,0
14/11/2020 04:02:20,0,0,0
14/11/2020 04:02:21,0,0,0
14/11/2020 04:02:22,0,0,0
14/11/2020 04:02:23,0,0,0
14/11/2020 04:02:24,0,0,0
14/11/2020 04:02:25,0,0,0
14/11/2020 04:02:26,0,0,0
14/11/2020 04:02:27,0,0,0
14/11/2020 04:02:28,0,0,0
14/11/2020 04:02:29,0,0,0
14/11/2020 04:02:30,0,0,0
14/11/2020 04:02:31,0,0,0
14/11/2020 04:02:32,0,0,0
14/11/2020 04:02:33,0,0,0
14/11/2020 04:02:34,0,0,0
14/11/2020 04:02:35,0,0,0
14/11/2020 04:02:36,0,0,0
14/11/2020 04:02:37,0,0,0
14/11/2020 04:02:38,0,0,0
14/11/2020 04:02:39,0,0,0
14/11/2020 04:02:40,0,0,0
14/11/2020 04:02:41,0,0,0
14/11/2020 04:02:42,0,0,0
14/11/2020 04:02:43,0,0,0
14/11/2020 04:02:44,0,0,0
14/11/2020 04:02:45,0,0,0
14/11/2020 04:02:46,0,0,0
14/11/2020 04:02:47,0,0,0
14/11/2020 04:02:48,0,0,0
14/11/2020 04:02:49,0,0,0
14/11/2020 04:02:50,0,0,0
14/11/2020 04:02:51,0,0,0
14/11/2020 04:02:52,0,0,0
14/11/2020 04:02:53,0,0,0
14/11/2020 04:02:54,0,0,0
14/11/2020 04:02:55,0,0,0
14/11/2020 04:02:56,0,0,0
14/11/2020 04:02:57,0,0,0
14/11/2020 04:02:58,0,0,0
14/11/2020 04:02:59,0,0,0
14/11/2020 04:03:00,0,0,0
14/11/2020 04:03:01,0,0,0
14/11/2020 04:03:02,0,0,0
14/11/2020 04:03:03,0,0,0
14/11/2020 04:03:04,0,0,0
14/11/2020 04:03:05,0,0,0
14/11/2020 04:03:06,0,0,0
14/11/2020 04:03:07,0,0,0
14/11/2020 04:03:08,0,0,0
14/11/2020 04:03:09,0,0,0
14/11/2020 04:03:10,0,0,0
14/11/2020 04:03:11,0,0,0
14/11/2020 04:03:12,0,0,0
14/11/2020 04:03:13,0,0,0
14/11/2020 04:03:14,0,0,0
14/11/2020 04:03:15,0,0,0
14/11/2020 04:03:16,0,0,0
14/11/2020 04:03:17,0,0,0
14/11/2020 04:03:18,0,0,0
14/11/2020 04:03:19,0,0,0
14/11/2020 04:03:20,0,0,0
14/11/2020 04:03:21,0,0,0
14/11/2020 04:03:22,0,0,0
14/11/2020 04:03:23,0,0,0
14/11/2020 04:03:24,0,0,0
14/11/2020 04:03:25,0,0,0
14/11/2020 04:03:26,0,0,0
14/11/2020 04:03:27,0,0,0
14/11/2020 04:03:28,0,0,0
14/11/2020 04:03:29,0,0,0
14/11/2020 04:03:30,0,0,0
14/11/2020 04:03:31,0,0,0
14/11/2020 04:03:32,0,0,0
14/11/2020 04:03:33,0,0,0
14/11/2020 04:03:34,0,0,0
14/11/2020 04:03:35,0,0,0
14/11/2020 04:03:36,0,0,0
14/11/2020 04:03:37,0,0,0
14/11/2020 04:03:38,0,0,0
14/11/2020 04:03:39,0,0,0
14/11/2020 04:03:40,0,0,0
14/11/2020 04:03:41,0,0,0
14/11/2020 04:03:42,0,0,0
14/11/2020 04:03:43,0,0,0
14/11/2020 04:03:44,0,0,0
14/11/2020 04:03:45,0,0,0
14/11/2020 04:03:46,0,0,0
14/11/2020 04:03:47,0,0,0
14/11/2020 04:03:48,0,0,0
14/11/2020 04:03:49,0,0,0
14/11/2020 04:03:50,0,0,0
14/11/2020 04:03:51,0,0,0
14/11/2020 04:03:52,0,0,0
14/11/2020 04:03:53,0,0,0
14/11/2020 04:03:54,0,0,0
14/11/2020 04:03:55,0,0,0
14/11/2020 04:03:56,0,0,0
14/11/2020 04:03:57,0,0,0
14/11/2020 04:03:58,0,0,0
14/11/2020 04:03:59,0,0,0
14/11/2020 04:04:00,0,0,0
14/11/2020 04:04:01,0,0,0
14/11/2020 04:04:02,0,0,0
14/11/2020 04:04:03,0,0,0
14/11/2020 04:04:04,0,0,0
14/11/2020 04:04:05,0,0,0
14/11/2020 04:04:06,0,0,0
14/11/2020 04:04:07,0,0,0
14/11/2020 04:04:08,0,0,0
14/11/2020 04:04:09,0,0,0
14/11/2020 04:04:10,0,0,0
14/11/2020 04:04:11,0,0,0
14/11/2020 04:04:12,0,0,0
14/11/2020 04:04:13,0,0,0
14/11/2020 04:04:14,0,0,0
14/11/2020 04:04:15,0,0,0
14/11/2020 04:04:16,0,0,0
14/11/2020 04:04:17,0,0,0
14/11/2020 04:04:18,0,0,0
14/11/2020 04:04:19,0,0,0
14/11/2020 04:04:20,0,0,0
14/11/2020 04:04:21,0,0,0
14/11/2020 04:04:22,0,0,0
14/11/2020 04:04:23,0,0,0
14/11/2020 04:04:24,0,0,0
14/11/2020 04:04:25,0,0,0
14/11/2020 04:04:26,0,0,0
14/11/2020 04:04:27,0,0,0
14/11/2020 04:04:28,0,0,0
14/11/2020 04:04:29,0,0,0
14/11/2020 04:04:30,0,0,0
14/11/2020 04:04:31,0,0,0
14/11/2020 04:04:32,0,0,0
14/11/2020 04:04:33,0,0,0
14/11/2020 04:04:34,0,0,0
14/11/2020 04:04:35,0,0,0
14/11/2020 04:04:36,0,0,0
14/11/2020 04:04:37,0,0,0
14/11/2020 04:04:38,0,0,0
14/11/2020 04:04:39,0,0,0
14/11/2020 04:04:40,0,0,0
14/11/2020 04:04:41,0,0,0
14/11/2020 04:04:42,0,0,0
14/11/2020 04:04:43,0,0,0
14/11/2020 04:04:44,0,0,0
14/11/2020 04:04:45,0,0,0
14/11/2020 04:04:46,0,0,0
14/11/2020 04:04:47,0,0,0
14/11/2020 04:04:48,0,0,0
14/11/2020 04:04:49,0,0,0
14/11/2020 04:04:50,0,0,0
14/11/2020 04:04:51,0,0,0
14/11/2020 04:04:52,0,0,0
14/11/2020 04:04:53,0,0,0
14/11/2020 04:04:54,0,0,0
14/11/2020 04:04:55,0,0,0
14/11/2020 04:04:56,0,0,0
14/11/2020 04:04:57,0,0,0
14/11/2020 04:04:58,0,0,0
14/11/2020 04:04:59,0,0,0
14/11/2020 04:05:00,0,0,0
14/11/2020 04:05:01,0,0,0
14/11/2020 04:05:02,0,0,0
14/11/2020 04:05:03,0,0,0
14/11/2020 04:05:04,0,0,0
14/11/2020 04:05:05,0,0,0
14/11/2020 04:05:06,0,0,0
14/11/2020 04:05:07,0,0,0
14/11/2020 04:05:08,0,0,0
14/11/2020 04:05:09,0,0,0
14/11/2020 04:05:10,0,0,0
14/11/2020 04:05:11,0,0,0
14/11/2020 04:05:12,0,0,0
14/11/2020 04:05:13,0,0,0
14/11/2020 04:05:14,0,0,0
14/11/2020 04:05:15,0,0,0
14/11/2020 04:05:16,0,0,0
14/11/2020 04:05:17,0,0,0
14/11/2020 04:05:18,0,0,0
14/11/2020 04:05:19,0,0,0
14/11/2020 04:05:20,0,0,0
14/11/2020 04:05:21,0,0,0
14/11/2020 04:05:22,0,0,0
14/11/2020 04:05:23,0,0,0
14/11/2020 04:05:24,0,0,0
14/11/2020 04:05:25,0,0,0
14/11/2020 04:05:26,0,0,0
14/11/2020 04:05:27,0,0,0
14/11/2020 04:05:28,0,0,0
14/11/2020 04:05:29,0,0,0
14/11/2020 04:05:30,0,0,0
14/11/2020 04:05:31,0,0,0
14/11/2020 04:05:32,0,0,0
14/11/2020 04:05:33,0,0,0
14/11/2020 04:05:34,0,0,0
14/11/2020 04:05:35,0,0,0
14/11/2020 04:05:36,0,0,0
14/11/2020 04:05:37,0,0,0
14/11/2020 04:05:38,0,0,0
14/11/2020 04:05:39,0,0,0
14/11/2020 04:05:40,0,0,0
14/11/2020 04:05:41,0,0,0
14/11/2020 04:05:42,0,0,0
14/11/2020 04:05:43,0,0,0
14/11/2020 04:05:44,0,0,0
14/11/2020 04:05:45,0,0,0
14/11/2020 04:05:46,0,0,0
14/11/2020 04:05:47,0,0,0
14/11/2020 04:05:48,0,0,0
14/11/2020 04:05:49,0,0,0
14/11/2020 04:05:50,0,0,0
14/11/2020 04:05:51,0,0,0
14/11/2020 04:05:52,0,0,0
14/11/2020 04:05:53,0,0,0
14/11/2020 04:05:54,0,0,0
14/11/2020 04:05:55,0,0,0
14/11/2020 04:05:56,0,0,0
14/11/2020 04:05:57,0,0,0
14/11/2020 04:05:58,0,0,0
14/11/2020 04:05:59,0,0,0
14/11/2020 04:06:00,0,0,0
14/11/2020 04:06:01,0,0,0
14/11/2020 04:06:02,0,0,0
14/11/2020 04:06:03,0,0,0
14/11/2020 04:06:04,0,0,0
14/11/2020 04:06:05,0,0,0
14/11/2020 04:06:06,0,0,0
14/11/2020 04:06:07,0,0,0
14/11/2020 04:06:08,0,0,0
14/11/2020 04:06:09,0,0,0
14/11/2020 04:06:10,0,0,0
14/11/2020 04:06:11,0,0,0
14/11/2020 04:06:12,0,0,0
14/11/2020 04:06:13,0,0,0
14/11/2020 04:06:14,0,0,0
14/11/2020 04:06:15,0,0,0
14/11/2020 04:06:16,0,0,0
14/11/2020 04:06:17,0,0,0
14/11/2020 04:06:18,0,0,0
14/11/2020 04:06:19,0,0,0
14/11/2020 04:06:20,0,0,0
14/11/2020 04:06:21,0,0,0
14/11/2020 04:06:22,0,0,0
14/11/2020 04:06:23,0,0,0
14/11/2020 04:06:24,0,0,0
14/11/2020 04:06:25,0,0,0
14/11/2020 04:06:26,0,0,0
14/11/2020 04:06:27,0,0,0
14/11/2020 04:06:28,0,0,0
14/11/2020 04:06:29,0,0,0
14/11/2020 04:06:30,0,0,0
14/11/2020 04:06:31,0,0,0
14/11/2020 04:06:32,0,0,0
14/11/2020 04:06:33,0,0,0
14/11/2020 04:06:34,0,0,0
14/11/2020 04:06:35,0,0,0
14/11/2020 04:06:36,0,0,0
14/11/2020 04:06:37,0,0,0
14/11/2020 04:06:38,0,0,0
14/11/2020 04:06:39,0,0,0
14/11/2020 04:06:40,0,0,0
14/11/2020 04:06:41,0,0,0
14/11/2020 04:06:42,0,0,0
14/11/2020 04:06:43,0,0,0
14/11/2020 04:06:44,0,0,0
14/11/2020 04:06:45,0,0,0
14/11/2020 04:06:46,0,0,0
14/11/2020 04:06:47,0,0,0
14/11/2020 04:06:48,0,0,0
14/11/2020 04:06:49,0,0,0
14/11/2020 04:06:50,0,0,0
14/11/2020 04:06:51,0,0,0
14/11/2020 04:06:52,0,0,0
14/11/2020 04:06:53,0,0,0
14/11/2020 04:06:54,0,0,0
14/11/2020 04:06:55,0,0,0
14/11/2020 04:06:56,0,0,0
14/11/2020 04:06:57,0,0,0
14/11/2020 04:06:58,0,0,0
14/11/2020 04:06:59,0,0,0
14/11/2020 04:07:00,0,0,0
14/11/2020 04:07:01,0,0,0
14/11/2020 04:07:02,0,0,0
14/11/2020 04:07:03,0,0,0
14/11/2020 04:07:04,0,0,0
14/11/2020 04:07:05,0,0,0
14/11/2020 04:07:06,0,0,0
14/11/2020 04:07:07,0,0,0
14/11/2020 04:07:08,0,0,0
14/11/2020 04:07:09,0,0,0
14/11/2020 04:07:10,0,0,0
14/11/2020 04:07:11,0,0,0
14/11/2020 04:07:12,0,0,0
14/11/2020 04:07:13,0,0,0
14/11/2020 04:07:14,0,0,0
14/11/2020 04:07:15,0,0,0
14/11/2020 04:07:16,0,0,0
14/11/2020 04:07:17,0,0,0
14/11/2020 04:07:18,0,0,0
14/11/2020 04:07:19,0,0,0
14/11/2020 04:07:20,0,0,0
14/11/2020 04:07:21,0,0,0
14/11/2020 04:07:22,0,0,0
14/11/2020 04:07:23,0,0,0
14/11/2020 04:07:24,0,0,0
14/11/2020 04:07:25,0,0,0
14/11/2020 04:07:26,0,0,0
14/11/2020 04:07:27,0,0,0
14/11/2020 04:07:28,0,0,0
14/11/2020 04:07:29,0,0,0
14/11/2020 04:07:30,0,0,0
14/11/2020 04:07:31,0,0,0
14/11/2020 04:07:32,0,0,0
14/11/2020 04:07:33,0,0,0
14/11/2020 04:07:34,0,0,0
14/11/2020 04:07:35,0,0,0
14/11/2020 04:07:36,0,0,0
14/11/2020 04:07:37,0,0,0
14/11/2020 04:07:38,0,0,0
14/11/2020 04:07:39,0,0,0
14/11/2020 04:07:40,0,0,0
14/11/2020 04:07:41,0,0,0
14/11/2020 04:07:42,0,0,0
14/11/2020 04:07:43,0,0,0
14/11/2020 04:07:44,0,0,0
14/11/2020 04:07:45,0,0,0
14/11/2020 04:07:46,0,0,0
14/11/2020 04:07:47,0,0,0
14/11/2020 04:07:48,0,0,0
14/11/2020 04:07:49,0,0,0
14/11/2020 04:07:50,0,0,0
14/11/2020 04:07:51,0,0,0
14/11/2020 04:07:52,0,0,0
14/11/2020 04:07:53,0,0,0
14/11/2020 04:07:54,0,0,0
14/11/2020 04:07:55,0,0,0
14/11/2020 04:07:56,0,0,0
14/11/2020 04:07:57,0,0,0
14/11/2020 04:07:58,0,0,0
14/11/2020 04:07:59,0,0,0
14/11/2020 04:08:00,0,0,0
14/11/2020 04:08:01,0,0,0
14/11/2020 04:08:02,0,0,0
14/11/2020 04:08:03,0,0,0
14/11/2020 04:08:04,0,0,0
14/11/2020 04:08:05,0,0,0
14/11/2020 04:08:06,0,0,0
14/11/2020 04:08:07,0,0,0
14/11/2020 04:08:08,0,0,0
14/11/2020 04:08:09,0,0,0
14/11/2020 04:08:10,0,0,0
14/11/2020 04:08:11,0,0,0
14/11/2020 04:08:12,0,0,0
14/11/2020 04:08:13,0,0,0
14/11/2020 04:08:14,0,0,0
14/11/2020 04:08:15,0,0,0
14/11/2020 04:08:16,0,0,0
14/11/2020 04:08:17,0,0,0
14/11/2020 04:08:18,0,0,0
14/11/2020 04:08:19,0,0,0
14/11/2020 04:08:20,0,0,0
14/11/2020 04:08:21,0,0,0
14/11/2020 04:08:22,0,0,0
14/11/2020 04:08:23,0,0,0
14/11/2020 04:08:24,0,0,0
14/11/2020 04:08:25,0,0,0
14/11/2020 04:08:26,0,0,0
14/11/2020 04:08:27,0,0,0
14/11/2020 04:08:28,0,0,0
14/11/2020 04:08:29,0,0,0
14/11/2020 04:08:30,0,0,0
14/11/2020 04:08:31,0,0,0
14/11/2020 04:08:32,0,0,0
14/11/2020 04:08:33,0,0,0
14/11/2020 04:08:34,0,0,0
14/11/2020 04:08:35,0,0,0
14/11/2020 04:08:36,0,0,0
14/11/2020 04:08:37,0,0,0
14/11/2020 04:08:38,0,0,0
14/11/2020 04:08:39,0,0,0
14/11/2020 04:08:40,0,0,0
14/11/2020 04:08:41,0,0,0
14/11/2020 04:08:42,0,0,0
14/11/2020 04:08:43,0,0,0
14/11/2020 04:08:44,0,0,0
14/11/2020 04:08:45,0,0,0
14/11/2020 04:08:46,0,0,0
14/11/2020 04:08:47,0,0,0
14/11/2020 04:08:48,0,0,0
14/11/2020 04:08:49,0,0,0
14/11/2020 04:08:50,0,0,0
14/11/2020 04:08:51,0,0,0
14/11/2020 04:08:52,0,0,0
14/11/2020 04:08:53,0,0,0
14/11/2020 04:08:54,0,0,0
14/11/2020 04:08:55,0,0,0
14/11/2020 04:08:56,0,0,0
14/11/2020 04:08:57,0,0,0
14/11/2020 04:08:58,0,0,0
14/11/2020 04:08:59,0,0,0
14/11/2020 04:09:00,0,0,0
14/11/2020 04:09:01,0,0,0
14/11/2020 04:09:02,0,0,0
14/11/2020 04:09:03,0,0,0
14/11/2020 04:09:04,0,0,0
14/11/2020 04:09:05,0,0,0
14/11/2020 04:09:06,0,0,0
14/11/2020 04:09:07,0,0,0
14/11/2020 04:09:08,0,0,0
14/11/2020 04:09:09,0,0,0
14/11/2020 04:09:10,0,0,0
14/11/2020 04:09:11,0,0,0
14/11/2020 04:09:12,0,0,0
14/11/2020 04:09:13,0,0,0
14/11/2020 04:09:14,0,0,0
14/11/2020 04:09:15,0,0,0
14/11/2020 04:09:16,0,0,0
14/11/2020 04:09:17,0,0,0
14/11/2020 04:09:18,0,0,0
14/11/2020 04:09:19,0,0,0
14/11/2020 04:09:20,0,0,0
14/11/2020 04:09:21,0,0,0
14/11/2020 04:09:22,0,0,0
14/11/2020 04:09:23,0,0,0
14/11/2020 04:09:24,0,0,0
14/11/2020 04:09:25,0,0,0
14/11/2020 04:09:26,0,0,0
14/11/2020 04:09:27,0,0,0
14/11/2020 04:09:28,0,0,0
14/11/2020 04:09:29,0,0,0
14/11/2020 04:09:30,0,0,0
14/11/2020 04:09:31,0,0,0
14/11/2020 04:09:32,0,0,0
14/11/2020 04:09:33,0,0,0
14/11/2020 04:09:34,0,0,0
14/11/2020 04:09:35,0,0,0
14/11/2020 04:09:36,0,0,0
14/11/2020 04:09:37,0,0,0
14/11/2020 04:09:38,0,0,0
14/11/2020 04:09:39,0,0,0
14/11/2020 04:09:40,0,0,0
14/11/2020 04:09:41,0,0,0
14/11/2020 04:09:42,0,0,0
14/11/2020 04:09:43,0,0,0
14/11/2020 04:09:44,0,0,0
14/11/2020 04:09:45,0,0,0
14/11/2020 04:09:46,0,0,0
14/11/2020 04:09:47,0,0,0
14/11/2020 04:09:48,0,0,0
14/11/2020 04:09:49,0,0,0
14/11/2020 04:09:50,0,0,0
14/11/2020 04:09:51,0,0,0
14/11/2020 04:09:52,0,0,0
14/11/2020 04:09:53,0,0,0
14/11/2020 04:09:54,0,0,0
14/11/2020 04:09:55,0,0,0
14/11/2020 04:09:56,0,0,0
14/11/2020 04:09:57,0,0,0
14/11/2020 04:09:58,0,0,0
14/11/2020 04:09:59,0,0,0
14/11/2020 04:10:00,0,0,0
14/11/2020 04:10:01,0,0,0
14/11/2020 04:10:02,0,0,0
14/11/2020 04:10:03,0,0,0
14/11/2020 04:10:04,0,0,0
14/11/2020 04:10:05,0,0,0
14/11/2020 04:10:06,0,0,0
14/11/2020 04:10:07,0,0,0
14/11/2020 04:10:08,0,0,0
14/11/2020 04:10:09,0,0,0
14/11/2020 04:10:10,0,0,0
14/11/2020 04:10:11,0,0,0
14/11/2020 04:10:12,0,0,0
14/11/2020 04:10:13,0,0,0
14/11/2020 04:10:14,0,0,0
14/11/2020 04:10:15,0,0,0
14/11/2020 04:10:16,0,0,0
14/11/2020 04:10:17,0,0,0
14/11/2020 04:10:18,0,0,0
14/11/2020 04:10:19,0,0,0
14/11/2020 04:10:20,0,0,0
14/11/2020 04:10:21,0,0,0
14/11/2020 04:10:22,0,0,0
14/11/2020 04:10:23,0,0,0
14/11/2020 04:10:24,0,0,0
14/11/2020 04:10:25,0,0,0
14/11/2020 04:10:26,0,0,0
14/11/2020 04:10:27,0,0,0
14/11/2020 04:10:28,0,0,0
14/11/2020 04:10:29,0,0,0
14/11/2020 04:10:30,0,0,0
14/11/2020 04:10:31,0,0,0
14/11/2020 04:10:32,0,0,0
14/11/2020 04:10:33,0,0,0
14/11/2020 04:10:34,0,0,0
14/11/2020 04:10:35,0,0,0
14/11/2020 04:10:36,0,0,0
14/11/2020 04:10:37,0,0,0
14/11/2020 04:10:38,0,0,0
14/11/2020 04:10:39,0,0,0
14/11/2020 04:10:40,0,0,0
14/11/2020 04:10:41,0,0,0
14/11/2020 04:10:42,0,0,0
14/11/2020 04:10:43,0,0,0
14/11/2020 04:10:44,0,0,0
14/11/2020 04:10:45,0,0,0
14/11/2020 04:10:46,0,0,0
14/11/2020 04:10:47,0,0,0
14/11/2020 04:10:48,0,0,0
14/11/2020 04:10:49,0,0,0
14/11/2020 04:10:50,0,0,0
14/11/2020 04:10:51,0,0,0
14/11/2020 04:10:52,0,0,0
14/11/2020 04:10:53,0,0,0
14/11/2020 04:10:54,0,0,0
14/11/2020 04:10:55,0,0,0
14/11/2020 04:10:56,0,0,0
14/11/2020 04:10:57,0,0,0
14/11/2020 04:10:58,0,0,0
14/11/2020 04:10:59,0,0,0
14/11/2020 04:11:00,0,0,0
14/11/2020 04:11:01,0,0,0
14/11/2020 04:11:02,0,0,0
14/11/2020 04:11:03,0,0,0
14/11/2020 04:11:04,0,0,0
14/11/2020 04:11:05,0,0,0
14/11/2020 04:11:06,0,0,0
14/11/2020 04:11:07,0,0,0
14/11/2020 04:11:08,0,0,0
14/11/2020 04:11:09,0,0,0
14/11/2020 04:11:10,0,0,0
14/11/2020 04:11:11,0,0,0
14/11/2020 04:11:12,0,0,0
14/11/2020 04:11:13,0,0,0
14/11/2020 04:11:14,0,0,0
14/11/2020 04:11:15,0,0,0
14/11/2020 04:11:16,0,0,0
14/11/2020 04:11:17,0,0,0
14/11/2020 04:11:18,0,0,0
14/11/2020 04:11:19,0,0,0
14/11/2020 04:11:20,0,0,0
14/11/2020 04:11:21,0,0,0
14/11/2020 04:11:22,0,0,0
14/11/2020 04:11:23,0,0,0
14/11/2020 04:11:24,0,0,0
14/11/2020 04:11:25,0,0,0
14/11/2020 04:11:26,0,0,0
14/11/2020 04:11:27,0,0,0
14/11/2020 04:11:28,0,0,0
14/11/2020 04:11:29,0,0,0
14/11/2020 04:11:30,0,0,0
14/11/2020 04:11:31,0,0,0
14/11/2020 04:11:32,0,0,0
14/11/2020 04:11:33,0,0,0
14/11/2020 04:11:34,0,0,0
14/11/2020 04:11:35,0,0,0
14/11/2020 04:11:36,0,0,0
14/11/2020 04:11:37,0,0,0
14/11/2020 04:11:38,0,0,0
14/11/2020 04:11:39,0,0,0
14/11/2020 04:11:40,0,0,0
14/11/2020 04:11:41,0,0,0
14/11/2020 04:11:42,0,0,0
14/11/2020 04:11:43,0,0,0
14/11/2020 04:11:44,0,0,0
14/11/2020 04:11:45,0,0,0
14/11/2020 04:11:46,0,0,0
14/11/2020 04:11:47,0,0,0
14/11/2020 04:11:48,0,0,0
14/11/2020 04:11:49,0,0,0
14/11/2020 04:11:50,0,0,0
14/11/2020 04:11:51,0,0,0
14/11/2020 04:11:52,0,0,0
14/11/2020 04:11:53,0,0,0
14/11/2020 04:11:54,0,0,0
14/11/2020 04:11:55,0,0,0
14/11/2020 04:11:56,0,0,0
14/11/2020 04:11:57,0,0,0
14/11/2020 04:11:58,0,0,0
14/11/2020 04:11:59,0,0,0
14/11/2020 04:12:00,0,0,0
14/11/2020 04:12:01,0,0,0
14/11/2020 04:12:02,0,0,0
14/11/2020 04:12:03,0,0,0
14/11/2020 04:12:04,0,0,0
14/11/2020 04:12:05,0,0,0
14/11/2020 04:12:06,0,0,0
14/11/2020 04:12:07,0,0,0
14/11/2020 04:12:08,0,0,0
14/11/2020 04:12:09,0,0,0
14/11/2020 04:12:10,0,0,0
14/11/2020 04:12:11,0,0,0
14/11/2020 04:12:12,0,0,0
14/11/2020 04:12:13,0,0,0
14/11/2020 04:12:14,0,0,0
14/11/2020 04:12:15,0,0,0
14/11/2020 04:12:16,0,0,0
14/11/2020 04:12:17,0,0,0
14/11/2020 04:12:18,0,0,0
14/11/2020 04:12:19,0,0,0
14/11/2020 04:12:20,0,0,0
14/11/2020 04:12:21,0,0,0
14/11/2020 04:12:22,0,0,0
14/11/2020 04:12:23,0,0,0
14/11/2020 04:12:24,0,0,0
14/11/2020 04:12:25,0,0,0
14/11/2020 04:12:26,0,0,0
14/11/2020 04:12:27,0,0,0
14/11/2020 04:12:28,0,0,0
14/11/2020 04:12:29,0,0,0
14/11/2020 04:12:30,0,0,0
14/11/2020 04:12:31,0,0,0
14/11/2020 04:12:32,0,0,0
14/11/2020 04:12:33,0,0,0
14/11/2020 04:12:34,0,0,0
14/11/2020 04:12:35,0,0,0
14/11/2020 04:12:36,0,0,0
14/11/2020 04:12:37,0,0,0
14/11/2020 04:12:38,0,0,0
14/11/2020 04:12:39,0,0,0
14/11/2020 04:12:40,0,0,0
14/11/2020 04:12:41,0,0,0
14/11/2020 04:12:42,0,0,0
14/11/2020 04:12:43,0,0,0
14/11/2020 04:12:44,0,0,0
14/11/2020 04:12:45,0,0,0
14/11/2020 04:12:46,0,0,0
14/11/2020 04:12:47,0,0,0
14/11/2020 04:12:48,0,0,0
14/11/2020 04:12:49,0,0,0
14/11/2020 04:12:50,0,0,0
14/11/2020 04:12:51,0,0,0
14/11/2020 04:12:52,0,0,0
14/11/2020 04:12:53,0,0,0
14/11/2020 04:12:54,0,0,0
14/11/2020 04:12:55,0,0,0
14/11/2020 04:12:56,0,0,0
14/11/2020 04:12:57,0,0,0
14/11/2020 04:12:58,0,0,0
14/11/2020 04:12:59,0,0,0
14/11/2020 04:13:00,0,0,0
14/11/2020 04:13:01,0,0,0
14/11/2020 04:13:02,0,0,0
14/11/2020 04:13:03,0,0,0
14/11/2020 04:13:04,0,0,0
14/11/2020 04:13:05,0,0,0
14/11/2020 04:13:06,0,0,0
14/11/2020 04:13:07,0,0,0
14/11/2020 04:13:08,0,0,0
14/11/2020 04:13:09,0,0,0
14/11/2020 04:13:10,0,0,0
14/11/2020 04:13:11,0,0,0
14/11/2020 04:13:12,0,0,0
14/11/2020 04:13:13,0,0,0
14/11/2020 04:13:14,0,0,0
14/11/2020 04:13:15,0,0,0
14/11/2020 04:13:16,0,0,0
14/11/2020 04:13:17,0,0,0
14/11/2020 04:13:18,0,0,0
14/11/2020 04:13:19,0,0,0
14/11/2020 04:13:20,0,0,0
14/11/2020 04:13:21,0,0,0
14/11/2020 04:13:22,0,0,0
14/11/2020 04:13:23,0,0,0
14/11/2020 04:13:24,0,0,0
14/11/2020 04:13:25,0,0,0
14/11/2020 04:13:26,0,0,0
14/11/2020 04:13:27,0,0,0
14/11/2020 04:13:28,0,0,0
14/11/2020 04:13:29,0,0,0
14/11/2020 04:13:30,0,0,0
14/11/2020 04:13:31,0,0,0
14/11/2020 04:13:32,0,0,0
14/11/2020 04:13:33,0,0,0
14/11/2020 04:13:34,0,0,0
14/11/2020 04:13:35,0,0,0
14/11/2020 04:13:36,0,0,0
14/11/2020 04:13:37,0,0,0
14/11/2020 04:13:38,0,0,0
14/11/2020 04:13:39,0,0,0
14/11/2020 04:13:40,0,0,0
14/11/2020 04:13:41,0,0,0
14/11/2020 04:13:42,0,0,0
14/11/2020 04:13:43,0,0,0
14/11/2020 04:13:44,0,0,0
14/11/2020 04:13:45,0,0,0
14/11/2020 04:13:46,0,0,0
14/11/2020 04:13:47,0,0,0
14/11/2020 04:13:48,0,0,0
14/11/2020 04:13:49,0,0,0
14/11/2020 04:13:50,0,0,0
14/11/2020 04:13:51,0,0,0
14/11/2020 04:13:52,0,0,0
14/11/2020 04:13:53,0,0,0
14/11/2020 04:13:54,0,0,0
14/11/2020 04:13:55,0,0,0
14/11/2020 04:13:56,0,0,0
14/11/2020 04:13:57,0,0,0
14/11/2020 04:13:58,0,0,0
14/11/2020 04:13:59,0,0,0
14/11/2020 04:14:00,0,0,0
14/11/2020 04:14:01,0,0,0
14/11/2020 04:14:02,0,0,0
14/11/2020 04:14:03,0,0,0
14/11/2020 04:14:04,0,0,0
14/11/2020 04:14:05,0,0,0
14/11/2020 04:14:06,0,0,0
14/11/2020 04:14:07,0,0,0
14/11/2020 04:14:08,0,0,0
14/11/2020 04:14:09,0,0,0
14/11/2020 04:14:10,0,0,0
14/11/2020 04:14:11,0,0,0
14/11/2020 04:14:12,0,0,0
14/11/2020 04:14:13,0,0,0
14/11/2020 04:14:14,0,0,0
14/11/2020 04:14:15,0,0,0
14/11/2020 04:14:16,0,0,0
14/11/2020 04:14:17,0,0,0
14/11/2020 04:14:18,0,0,0
14/11/2020 04:14:19,0,0,0
14/11/2020 04:14:20,0,0,0
14/11/2020 04:14:21,0,0,0
14/11/2020 04:14:22,0,0,0
14/11/2020 04:14:23,0,0,0
14/11/2020 04:14:24,0,0,0
14/11/2020 04:14:25,0,0,0
14/11/2020 04:14:26,0,0,0
14/11/2020 04:14:27,0,0,0
14/11/2020 04:14:28,0,0,0
14/11/2020 04:14:29,0,0,0
14/11/2020 04:14:30,0,0,0
14/11/2020 04:14:31,0,0,0
14/11/2020 04:14:32,0,0,0
14/11/2020 04:14:33,0,0,0
14/11/2020 04:14:34,0,0,0
14/11/2020 04:14:35,0,0,0
14/11/2020 04:14:36,0,0,0
14/11/2020 04:14:37,0,0,0
14/11/2020 04:14:38,0,0,0
14/11/2020 04:14:39,0,0,0
14/11/2020 04:14:40,0,0,0
14/11/2020 04:14:41,0,0,0
14/11/2020 04:14:42,0,0,0
14/11/2020 04:14:43,0,0,0
14/11/2020 04:14:44,0,0,0
14/11/2020 04:14:45,0,0,0
14/11/2020 04:14:46,0,0,0
14/11/2020 04:14:47,0,0,0
14/11/2020 04:14:48,0,0,0
14/11/2020 04:14:49,0,0,0
14/11/2020 04:14:50,0,0,0
14/11/2020 04:14:51,0,0,0
14/11/2020 04:14:52,0,0,0
14/11/2020 04:14:53,0,0,0
14/11/2020 04:14:54,0,0,0
14/11/2020 04:14:55,0,0,0
14/11/2020 04:14:56,0,0,0
14/11/2020 04:14:57,0,0,0
14/11/2020 04:14:58,0,0,0
14/11/2020 04:14:59,0,0,0
14/11/2020 04:15:00,0,0,0
14/11/2020 04:15:01,0,0,0
14/11/2020 04:15:02,0,0,0
14/11/2020 04:15:03,0,0,0
14/11/2020 04:15:04,0,0,0
14/11/2020 04:15:05,0,0,0
14/11/2020 04:15:06,0,0,0
14/11/2020 04:15:07,0,0,0
14/11/2020 04:15:08,0,0,0
14/11/2020 04:15:09,0,0,0
14/11/2020 04:15:10,0,0,0
14/11/2020 04:15:11,0,0,0
14/11/2020 04:15:12,0,0,0
14/11/2020 04:15:13,0,0,0
14/11/2020 04:15:14,0,0,0
14/11/2020 04:15:15,0,0,0
14/11/2020 04:15:16,0,0,0
14/11/2020 04:15:17,0,0,0
14/11/2020 04:15:18,0,0,0
14/11/2020 04:15:19,0,0,0
14/11/2020 04:15:20,0,0,0
14/11/2020 04:15:21,0,0,0
14/11/2020 04:15:22,0,0,0
14/11/2020 04:15:23,0,0,0
14/11/2020 04:15:24,0,0,0
14/11/2020 04:15:25,0,0,0
14/11/2020 04:15:26,0,0,0
14/11/2020 04:15:27,0,0,0
14/11/2020 04:15:28,0,0,0
14/11/2020 04:15:29,0,0,0
14/11/2020 04:15:30,0,0,0
14/11/2020 04:15:31,0,0,0
14/11/2020 04:15:32,0,0,0
14/11/2020 04:15:33,0,0,0
14/11/2020 04:15:34,0,0,0
14/11/2020 04:15:35,0,0,0
14/11/2020 04:15:36,0,0,0
14/11/2020 04:15:37,0,0,0
14/11/2020 04:15:38,0,0,0
14/11/2020 04:15:39,0,0,0
14/11/2020 04:15:40,0,0,0
14/11/2020 04:15:41,0,0,0
14/11/2020 04:15:42,0,0,0
14/11/2020 04:15:43,0,0,0
14/11/2020 04:15:44,0,0,0
14/11/2020 04:15:45,0,0,0
14/11/2020 04:15:46,0,0,0
14/11/2020 04:15:47,0,0,0
14/11/2020 04:15:48,0,0,0
14/11/2020 04:15:49,0,0,0
14/11/2020 04:15:50,0,0,0
14/11/2020 04:15:51,0,0,0
14/11/2020 04:15:52,0,0,0
14/11/2020 04:15:53,0,0,0
14/11/2020 04:15:54,0,0,0
14/11/2020 04:15:55,0,0,0
14/11/2020 04:15:56,0,0,0
14/11/2020 04:15:57,0,0,0
14/11/2020 04:15:58,0,0,0
14/11/2020 04:15:59,0,0,0
14/11/2020 04:16:00,0,0,0
14/11/2020 04:16:01,0,0,0
14/11/2020 04:16:02,0,0,0
14/11/2020 04:16:03,0,0,0
14/11/2020 04:16:04,0,0,0
14/11/2020 04:16:05,0,0,0
14/11/2020 04:16:06,0,0,0
14/11/2020 04:16:07,0,0,0
14/11/2020 04:16:08,0,0,0
14/11/2020 04:16:09,0,0,0
14/11/2020 04:16:10,0,0,0
14/11/2020 04:16:11,0,0,0
14/11/2020 04:16:12,0,0,0
14/11/2020 04:16:13,0,0,0
14/11/2020 04:16:14,0,0,0
14/11/2020 04:16:15,0,0,0
14/11/2020 04:16:16,0,0,0
14/11/2020 04:16:17,0,0,0
14/11/2020 04:16:18,0,0,0
14/11/2020 04:16:19,0,0,0
14/11/2020 04:16:20,0,0,0
14/11/2020 04:16:21,0,0,0
14/11/2020 04:16:22,0,0,0
14/11/2020 04:16:23,0,0,0
14/11/2020 04:16:24,0,0,0
14/11/2020 04:16:25,0,0,0
14/11/2020 04:16:26,0,0,0
14/11/2020 04:16:27,0,0,0
14/11/2020 04:16:28,0,0,0
14/11/2020 04:16:29,0,0,0
14/11/2020 04:16:30,0,0,0
14/11/2020 04:16:31,0,0,0
14/11/2020 04:16:32,0,0,0
14/11/2020 04:16:33,0,0,0
14/11/2020 04:16:34,0,0,0
14/11/2020 04:16:35,0,0,0
14/11/2020 04:16:36,0,0,0
14/11/2020 04:16:37,0,0,0
14/11/2020 04:16:38,0,0,0
14/11/2020 04:16:39,0,0,0
14/11/2020 04:16:40,0,0,0
14/11/2020 04:16:41,0,0,0
14/11/2020 04:16:42,0,0,0
14/11/2020 04:16:43,0,0,0
14/11/2020 04:16:44,0,0,0
14/11/2020 04:16:45,0,0,0
14/11/2020 04:16:46,0,0,0
14/11/2020 04:16:47,0,0,0
14/11/2020 04:16:48,0,0,0
14/11/2020 04:16:49,0,0,0
14/11/2020 04:16:50,0,0,0
14/11/2020 04:16:51,0,0,0
14/11/2020 04:16:52,0,0,0
14/11/2020 04:16:53,0,0,0
14/11/2020 04:16:54,0,0,0
14/11/2020 04:16:55,0,0,0
14/11/2020 04:16:56,0,0,0
14/11/2020 04:16:57,0,0,0
14/11/2020 04:16:58,0,0,0
14/11/2020 04:16:59,0,0,0
14/11/2020 04:17:00,0,0,0
14/11/2020 04:17:01,0,0,0
14/11/2020 04:17:02,0,0,0
14/11/2020 04:17:03,0,0,0
14/11/2020 04:17:04,0,0,0
14/11/2020 04:17:05,0,0,0
14/11/2020 04:17:06,0,0,0
14/11/2020 04:17:07,0,0,0
14/11/2020 04:17:08,0,0,0
14/11/2020 04:17:09,0,0,0
14/11/2020 04:17:10,0,0,0
14/11/2020 04:17:11,0,0,0
14/11/2020 04:17:12,0,0,0
14/11/2020 04:17:13,0,0,0
14/11/2020 04:17:14,0,0,0
14/11/2020 04:17:15,0,0,0
14/11/2020 04:17:16,0,0,0
14/11/2020 04:17:17,0,0,0
14/11/2020 04:17:18,0,0,0
14/11/2020 04:17:19,0,0,0
14/11/2020 04:17:20,0,0,0
14/11/2020 04:17:21,0,0,0
14/11/2020 04:17:22,0,0,0
14/11/2020 04:17:23,0,0,0
14/11/2020 04:17:24,0,0,0
14/11/2020 04:17:25,0,0,0
14/11/2020 04:17:26,0,0,0
14/11/2020 04:17:27,0,0,0
14/11/2020 04:17:28,0,0,0
14/11/2020 04:17:29,0,0,0
14/11/2020 04:17:30,0,0,0
14/11/2020 04:17:31,0,0,0
14/11/2020 04:17:32,0,0,0
14/11/2020 04:17:33,0,0,0
14/11/2020 04:17:34,0,0,0
14/11/2020 04:17:35,0,0,0
14/11/2020 04:17:36,0,0,0
14/11/2020 04:17:37,0,0,0
14/11/2020 04:17:38,0,0,0
14/11/2020 04:17:39,0,0,0
14/11/2020 04:17:40,0,0,0
14/11/2020 04:17:41,0,0,0
14/11/2020 04:17:42,0,0,0
14/11/2020 04:17:43,0,0,0
14/11/2020 04:17:44,0,0,0
14/11/2020 04:17:45,0,0,0
14/11/2020 04:17:46,0,0,0
14/11/2020 04:17:47,0,0,0
14/11/2020 04:17:48,0,0,0
14/11/2020 04:17:49,0,0,0
14/11/2020 04:17:50,0,0,0
14/11/2020 04:17:51,0,0,0
14/11/2020 04:17:52,0,0,0
14/11/2020 04:17:53,0,0,0
14/11/2020 04:17:54,0,0,0
14/11/2020 04:17:55,0,0,0
14/11/2020 04:17:56,0,0,0
14/11/2020 04:17:57,0,0,0
14/11/2020 04:17:58,0,0,0
14/11/2020 04:17:59,0,0,0
14/11/2020 04:18:00,0,0,0
14/11/2020 04:18:01,0,0,0
14/11/2020 04:18:02,0,0,0
14/11/2020 04:18:03,0,0,0
14/11/2020 04:18:04,0,0,0
14/11/2020 04:18:05,0,0,0
14/11/2020 04:18:06,0,0,0
14/11/2020 04:18:07,0,0,0
14/11/2020 04:18:08,0,0,0
14/11/2020 04:18:09,0,0,0
14/11/2020 04:18:10,0,0,0
14/11/2020 04:18:11,0,0,0
14/11/2020 04:18:12,0,0,0
14/11/2020 04:18:13,0,0,0
14/11/2020 04:18:14,0,0,0
14/11/2020 04:18:15,0,0,0
14/11/2020 04:18:16,0,0,0
14/11/2020 04:18:17,0,0,0
14/11/2020 04:18:18,0,0,0
14/11/2020 04:18:19,0,0,0
14/11/2020 04:18:20,0,0,0
14/11/2020 04:18:21,0,0,0
14/11/2020 04:18:22,0,0,0
14/11/2020 04:18:23,0,0,0
14/11/2020 04:18:24,0,0,0
14/11/2020 04:18:25,0,0,0
14/11/2020 04:18:26,0,0,0
14/11/2020 04:18:27,0,0,0
14/11/2020 04:18:28,0,0,0
14/11/2020 04:18:29,0,0,0
14/11/2020 04:18:30,0,0,0
14/11/2020 04:18:31,0,0,0
14/11/2020 04:18:32,0,0,0
14/11/2020 04:18:33,0,0,0
14/11/2020 04:18:34,0,0,0
14/11/2020 04:18:35,0,0,0
14/11/2020 04:18:36,0,0,0
14/11/2020 04:18:37,0,0,0
14/11/2020 04:18:38,0,0,0
14/11/2020 04:18:39,0,0,0
14/11/2020 04:18:40,0,0,0
14/11/2020 04:18:41,0,0,0
14/11/2020 04:18:42,0,0,0
14/11/2020 04:18:43,0,0,0
14/11/2020 04:18:44,0,0,0
14/11/2020 04:18:45,0,0,0
14/11/2020 04:18:46,0,0,0
14/11/2020 04:18:47,0,0,0
14/11/2020 04:18:48,0,0,0
14/11/2020 04:18:49,0,0,0
14/11/2020 04:18:50,0,0,0
14/11/2020 04:18:51,0,0,0
14/11/2020 04:18:52,0,0,0
14/11/2020 04:18:53,0,0,0
14/11/2020 04:18:54,0,0,0
14/11/2020 04:18:55,0,0,0
14/11/2020 04:18:56,0,0,0
14/11/2020 04:18:57,0,0,0
14/11/2020 04:18:58,0,0,0
14/11/2020 04:18:59,0,0,0
14/11/2020 04:19:00,0,0,0
14/11/2020 04:19:01,0,0,0
14/11/2020 04:19:02,0,0,0
14/11/2020 04:19:03,0,0,0
14/11/2020 04:19:04,0,0,0
14/11/2020 04:19:05,0,0,0
14/11/2020 04:19:06,0,0,0
14/11/2020 04:19:07,0,0,0
14/11/2020 04:19:08,0,0,0
14/11/2020 04:19:09,0,0,0
14/11/2020 04:19:10,0,0,0
14/11/2020 04:19:11,0,0,0
14/11/2020 04:19:12,0,0,0
14/11/2020 04:19:13,0,0,0
14/11/2020 04:19:14,0,0,0
14/11/2020 04:19:15,0,0,0
14/11/2020 04:19:16,0,0,0
14/11/2020 04:19:17,0,0,0
14/11/2020 04:19:18,0,0,0
14/11/2020 04:19:19,0,0,0
14/11/2020 04:19:20,0,0,0
14/11/2020 04:19:21,0,0,0
14/11/2020 04:19:22,0,0,0
14/11/2020 04:19:23,0,0,0
14/11/2020 04:19:24,0,0,0
14/11/2020 04:19:25,0,0,0
14/11/2020 04:19:26,0,0,0
14/11/2020 04:19:27,0,0,0
14/11/2020 04:19:28,0,0,0
14/11/2020 04:19:29,0,0,0
14/11/2020 04:19:30,0,0,0
14/11/2020 04:19:31,0,0,0
14/11/2020 04:19:32,0,0,0
14/11/2020 04:19:33,0,0,0
14/11/2020 04:19:34,0,0,0
14/11/2020 04:19:35,0,0,0
14/11/2020 04:19:36,0,0,0
14/11/2020 04:19:37,0,0,0
14/11/2020 04:19:38,0,0,0
14/11/2020 04:19:39,0,0,0
14/11/2020 04:19:40,0,0,0
14/11/2020 04:19:41,0,0,0
14/11/2020 04:19:42,0,0,0
14/11/2020 04:19:43,0,0,0
14/11/2020 04:19:44,0,0,0
14/11/2020 04:19:45,0,0,0
14/11/2020 04:19:46,0,0,0
14/11/2020 04:19:47,0,0,0
14/11/2020 04:19:48,0,0,0
14/11/2020 04:19:49,0,0,0
14/11/2020 04:19:50,0,0,0
14/11/2020 04:19:51,0,0,0
14/11/2020 04:19:52,0,0,0
14/11/2020 04:19:53,0,0,0
14/11/2020 04:19:54,0,0,0
14/11/2020 04:19:55,0,0,0
14/11/2020 04:19:56,0,0,0
14/11/2020 04:19:57,0,0,0
14/11/2020 04:19:58,0,0,0
14/11/2020 04:19:59,0,0,0
14/11/2020 04:20:00,0,0,0
14/11/2020 04:20:01,0,0,0
14/11/2020 04:20:02,0,0,0
14/11/2020 04:20:03,0,0,0
14/11/2020 04:20:04,0,0,0
14/11/2020 04:20:05,0,0,0
14/11/2020 04:20:06,0,0,0
14/11/2020 04:20:07,0,0,0
14/11/2020 04:20:08,0,0,0
14/11/2020 04:20:09,0,0,0
14/11/2020 04:20:10,0,0,0
14/11/2020 04:20:11,0,0,0
14/11/2020 04:20:12,0,0,0
14/11/2020 04:20:13,0,0,0
14/11/2020 04:20:14,0,0,0
14/11/2020 04:20:15,0,0,0
14/11/2020 04:20:16,0,0,0
14/11/2020 04:20:17,0,0,0
14/11/2020 04:20:18,0,0,0
14/11/2020 04:20:19,0,0,0
14/11/2020 04:20:20,0,0,0
14/11/2020 04:20:21,0,0,0
14/11/2020 04:20:22,0,0,0
14/11/2020 04:20:23,0,0,0
14/11/2020 04:20:24,0,0,0
14/11/2020 04:20:25,0,0,0
14/11/2020 04:20:26,0,0,0
14/11/2020 04:20:27,0,0,0
14/11/2020 04:20:28,0,0,0
14/11/2020 04:20:29,0,0,0
14/11/2020 04:20:30,0,0,0
14/11/2020 04:20:31,0,0,0
14/11/2020 04:20:32,0,0,0
14/11/2020 04:20:33,0,0,0
14/11/2020 04:20:34,0,0,0
14/11/2020 04:20:35,0,0,0
14/11/2020 04:20:36,0,0,0
14/11/2020 04:20:37,0,0,0
14/11/2020 04:20:38,0,0,0
14/11/2020 04:20:39,0,0,0
14/11/2020 04:20:40,0,0,0
14/11/2020 04:20:41,0,0,0
14/11/2020 04:20:42,0,0,0
14/11/2020 04:20:43,0,0,0
14/11/2020 04:20:44,0,0,0
14/11/2020 04:20:45,0,0,0
14/11/2020 04:20:46,0,0,0
14/11/2020 04:20:47,0,0,0
14/11/2020 04:20:48,0,0,0
14/11/2020 04:20:49,0,0,0
14/11/2020 04:20:50,0,0,0
14/11/2020 04:20:51,0,0,0
14/11/2020 04:20:52,0,0,0
14/11/2020 04:20:53,0,0,0
14/11/2020 04:20:54,0,0,0
14/11/2020 04:20:55,0,0,0
14/11/2020 04:20:56,0,0,0
14/11/2020 04:20:57,0,0,0
14/11/2020 04:20:58,0,0,0
14/11/2020 04:20:59,0,0,0
14/11/2020 04:21:00,0,0,0
14/11/2020 04:21:01,0,0,0
14/11/2020 04:21:02,0,0,0
14/11/2020 04:21:03,0,0,0
14/11/2020 04:21:04,0,0,0
14/11/2020 04:21:05,0,0,0
14/11/2020 04:21:06,0,0,0
14/11/2020 04:21:07,0,0,0
14/11/2020 04:21:08,0,0,0
14/11/2020 04:21:09,0,0,0
14/11/2020 04:21:10,0,0,0
14/11/2020 04:21:11,0,0,0
14/11/2020 04:21:12,0,0,0
14/11/2020 04:21:13,0,0,0
14/11/2020 04:21:14,0,0,0
14/11/2020 04:21:15,0,0,0
14/11/2020 04:21:16,0,0,0
14/11/2020 04:21:17,0,0,0
14/11/2020 04:21:18,0,0,0
14/11/2020 04:21:19,0,0,0
14/11/2020 04:21:20,0,0,0
14/11/2020 04:21:21,0,0,0
14/11/2020 04:21:22,0,0,0
14/11/2020 04:21:23,0,0,0
14/11/2020 04:21:24,0,0,0
14/11/2020 04:21:25,0,0,0
14/11/2020 04:21:26,0,0,0
14/11/2020 04:21:27,0,0,0
14/11/2020 04:21:28,0,0,0
14/11/2020 04:21:29,0,0,0
14/11/2020 04:21:30,0,0,0
14/11/2020 04:21:31,0,0,0
14/11/2020 04:21:32,0,0,0
14/11/2020 04:21:33,0,0,0
14/11/2020 04:21:34,0,0,0
14/11/2020 04:21:35,0,0,0
14/11/2020 04:21:36,0,0,0
14/11/2020 04:21:37,0,0,0
14/11/2020 04:21:38,0,0,0
14/11/2020 04:21:39,0,0,0
14/11/2020 04:21:40,0,0,0
14/11/2020 04:21:41,0,0,0
14/11/2020 04:21:42,0,0,0
14/11/2020 04:21:43,0,0,0
14/11/2020 04:21:44,0,0,0
14/11/2020 04:21:45,0,0,0
14/11/2020 04:21:46,0,0,0
14/11/2020 04:21:47,0,0,0
14/11/2020 04:21:48,0,0,0
14/11/2020 04:21:49,0,0,0
14/11/2020 04:21:50,0,0,0
14/11/2020 04:21:51,0,0,0
14/11/2020 04:21:52,0,0,0
14/11/2020 04:21:53,0,0,0
14/11/2020 04:21:54,0,0,0
14/11/2020 04:21:55,0,0,0
14/11/2020 04:21:56,0,0,0
14/11/2020 04:21:57,0,0,0
14/11/2020 04:21:58,0,0,0
14/11/2020 04:21:59,0,0,0
14/11/2020 04:22:00,0,0,0
14/11/2020 04:22:01,0,0,0
14/11/2020 04:22:02,0,0,0
14/11/2020 04:22:03,0,0,0
14/11/2020 04:22:04,0,0,0
14/11/2020 04:22:05,0,0,0
14/11/2020 04:22:06,0,0,0
14/11/2020 04:22:07,0,0,0
14/11/2020 04:22:08,0,0,0
14/11/2020 04:22:09,0,0,0
14/11/2020 04:22:10,0,0,0
14/11/2020 04:22:11,0,0,0
14/11/2020 04:22:12,0,0,0
14/11/2020 04:22:13,0,0,0
14/11/2020 04:22:14,0,0,0
14/11/2020 04:22:15,0,0,0
14/11/2020 04:22:16,0,0,0
14/11/2020 04:22:17,0,0,0
14/11/2020 04:22:18,0,0,0
14/11/2020 04:22:19,0,0,0
14/11/2020 04:22:20,0,0,0
14/11/2020 04:22:21,0,0,0
14/11/2020 04:22:22,0,0,0
14/11/2020 04:22:23,0,0,0
14/11/2020 04:22:24,0,0,0
14/11/2020 04:22:25,0,0,0
14/11/2020 04:22:26,0,0,0
14/11/2020 04:22:27,0,0,0
14/11/2020 04:22:28,0,0,0
14/11/2020 04:22:29,0,0,0
14/11/2020 04:22:30,0,0,0
14/11/2020 04:22:31,0,0,0
14/11/2020 04:22:32,0,0,0
14/11/2020 04:22:33,0,0,0
14/11/2020 04:22:34,0,0,0
14/11/2020 04:22:35,0,0,0
14/11/2020 04:22:36,0,0,0
14/11/2020 04:22:37,0,0,0
14/11/2020 04:22:38,0,0,0
14/11/2020 04:22:39,0,0,0
14/11/2020 04:22:40,0,0,0
14/11/2020 04:22:41,0,0,0
14/11/2020 04:22:42,0,0,0
14/11/2020 04:22:43,0,0,0
14/11/2020 04:22:44,0,0,0
14/11/2020 04:22:45,0,0,0
14/11/2020 04:22:46,0,0,0
14/11/2020 04:22:47,0,0,0
14/11/2020 04:22:48,0,0,0
14/11/2020 04:22:49,0,0,0
14/11/2020 04:22:50,0,0,0
14/11/2020 04:22:51,0,0,0
14/11/2020 04:22:52,0,0,0
14/11/2020 04:22:53,0,0,0
14/11/2020 04:22:54,0,0,0
14/11/2020 04:22:55,0,0,0
14/11/2020 04:22:56,0,0,0
14/11/2020 04:22:57,0,0,0
14/11/2020 04:22:58,0,0,0
14/11/2020 04:22:59,0,0,0
14/11/2020 04:23:00,0,0,0
14/11/2020 04:23:01,0,0,0
14/11/2020 04:23:02,0,0,0
14/11/2020 04:23:03,0,0,0
14/11/2020 04:23:04,0,0,0
14/11/2020 04:23:05,0,0,0
14/11/2020 04:23:06,0,0,0
14/11/2020 04:23:07,0,0,0
14/11/2020 04:23:08,0,0,0
14/11/2020 04:23:09,0,0,0
14/11/2020 04:23:10,0,0,0
14/11/2020 04:23:11,0,0,0
14/11/2020 04:23:12,0,0,0
14/11/2020 04:23:13,0,0,0
14/11/2020 04:23:14,0,0,0
14/11/2020 04:23:15,0,0,0
14/11/2020 04:23:16,0,0,0
14/11/2020 04:23:17,0,0,0
14/11/2020 04:23:18,0,0,0
14/11/2020 04:23:19,0,0,0
14/11/2020 04:23:20,0,0,0
14/11/2020 04:23:21,0,0,0
14/11/2020 04:23:22,0,0,0
14/11/2020 04:23:23,0,0,0
14/11/2020 04:23:24,0,0,0
14/11/2020 04:23:25,0,0,0
14/11/2020 04:23:26,0,0,0
14/11/2020 04:23:27,0,0,0
14/11/2020 04:23:28,0,0,0
14/11/2020 04:23:29,0,0,0
14/11/2020 04:23:30,0,0,0
14/11/2020 04:23:31,0,0,0
14/11/2020 04:23:32,0,0,0
14/11/2020 04:23:33,0,0,0
14/11/2020 04:23:34,0,0,0
14/11/2020 04:23:35,0,0,0
14/11/2020 04:23:36,0,0,0
14/11/2020 04:23:37,0,0,0
14/11/2020 04:23:38,0,0,0
14/11/2020 04:23:39,0,0,0
14/11/2020 04:23:40,0,0,0
14/11/2020 04:23:41,0,0,0
14/11/2020 04:23:42,0,0,0
14/11/2020 04:23:43,0,0,0
14/11/2020 04:23:44,0,0,0
14/11/2020 04:23:45,0,0,0
14/11/2020 04:23:46,0,0,0
14/11/2020 04:23:47,0,0,0
14/11/2020 04:23:48,0,0,0
14/11/2020 04:23:49,0,0,0
14/11/2020 04:23:50,0,0,0
14/11/2020 04:23:51,0,0,0
14/11/2020 04:23:52,0,0,0
14/11/2020 04:23:53,0,0,0
14/11/2020 04:23:54,0,0,0
14/11/2020 04:23:55,0,0,0
14/11/2020 04:23:56,0,0,0
14/11/2020 04:23:57,0,0,0
14/11/2020 04:23:58,0,0,0
14/11/2020 04:23:59,0,0,0
14/11/2020 04:24:00,0,0,0
14/11/2020 04:24:01,0,0,0
14/11/2020 04:24:02,0,0,0
14/11/2020 04:24:03,0,0,0
14/11/2020 04:24:04,0,0,0
14/11/2020 04:24:05,0,0,0
14/11/2020 04:24:06,0,0,0
14/11/2020 04:24:07,0,0,0
14/11/2020 04:24:08,0,0,0
14/11/2020 04:24:09,0,0,0
14/11/2020 04:24:10,0,0,0
14/11/2020 04:24:11,0,0,0
14/11/2020 04:24:12,0,0,0
14/11/2020 04:24:13,0,0,0
14/11/2020 04:24:14,0,0,0
14/11/2020 04:24:15,0,0,0
14/11/2020 04:24:16,0,0,0
14/11/2020 04:24:17,0,0,0
14/11/2020 04:24:18,0,0,0
14/11/2020 04:24:19,0,0,0
14/11/2020 04:24:20,0,0,0
14/11/2020 04:24:21,0,0,0
14/11/2020 04:24:22,0,0,0
14/11/2020 04:24:23,0,0,0
14/11/2020 04:24:24,0,0,0
14/11/2020 04:24:25,0,0,0
14/11/2020 04:24:26,0,0,0
14/11/2020 04:24:27,0,0,0
14/11/2020 04:24:28,0,0,0
14/11/2020 04:24:29,0,0,0
14/11/2020 04:24:30,0,0,0
14/11/2020 04:24:31,0,0,0
14/11/2020 04:24:32,0,0,0
14/11/2020 04:24:33,0,0,0
14/11/2020 04:24:34,0,0,0
14/11/2020 04:24:35,0,0,0
14/11/2020 04:24:36,0,0,0
14/11/2020 04:24:37,0,0,0
14/11/2020 04:24:38,0,0,0
14/11/2020 04:24:39,0,0,0
14/11/2020 04:24:40,0,0,0
14/11/2020 04:24:41,0,0,0
14/11/2020 04:24:42,0,0,0
14/11/2020 04:24:43,0,0,0
14/11/2020 04:24:44,0,0,0
14/11/2020 04:24:45,0,0,0
14/11/2020 04:24:46,0,0,0
14/11/2020 04:24:47,0,0,0
14/11/2020 04:24:48,0,0,0
14/11/2020 04:24:49,0,0,0
14/11/2020 04:24:50,0,0,0
14/11/2020 04:24:51,0,0,0
14/11/2020 04:24:52,0,0,0
14/11/2020 04:24:53,0,0,0
14/11/2020 04:24:54,0,0,0
14/11/2020 04:24:55,0,0,0
14/11/2020 04:24:56,0,0,0
14/11/2020 04:24:57,0,0,0
14/11/2020 04:24:58,0,0,0
14/11/2020 04:24:59,0,0,0
14/11/2020 04:25:00,0,0,0
14/11/2020 04:25:01,0,0,0
14/11/2020 04:25:02,0,0,0
14/11/2020 04:25:03,0,0,0
14/11/2020 04:25:04,0,0,0
14/11/2020 04:25:05,0,0,0
14/11/2020 04:25:06,0,0,0
14/11/2020 04:25:07,0,0,0
14/11/2020 04:25:08,0,0,0
14/11/2020 04:25:09,0,0,0
14/11/2020 04:25:10,0,0,0
14/11/2020 04:25:11,0,0,0
14/11/2020 04:25:12,0,0,0
14/11/2020 04:25:13,0,0,0
14/11/2020 04:25:14,0,0,0
14/11/2020 04:25:15,0,0,0
14/11/2020 04:25:16,0,0,0
14/11/2020 04:25:17,0,0,0
14/11/2020 04:25:18,0,0,0
14/11/2020 04:25:19,0,0,0
14/11/2020 04:25:20,0,0,0
14/11/2020 04:25:21,0,0,0
14/11/2020 04:25:22,0,0,0
14/11/2020 04:25:23,0,0,0
14/11/2020 04:25:24,0,0,0
14/11/2020 04:25:25,0,0,0
14/11/2020 04:25:26,0,0,0
14/11/2020 04:25:27,0,0,0
14/11/2020 04:25:28,0,0,0
14/11/2020 04:25:29,0,0,0
14/11/2020 04:25:30,0,0,0
14/11/2020 04:25:31,0,0,0
14/11/2020 04:25:32,0,0,0
14/11/2020 04:25:33,0,0,0
14/11/2020 04:25:34,0,0,0
14/11/2020 04:25:35,0,0,0
14/11/2020 04:25:36,0,0,0
14/11/2020 04:25:37,0,0,0
14/11/2020 04:25:38,0,0,0
14/11/2020 04:25:39,0,0,0
14/11/2020 04:25:40,0,0,0
14/11/2020 04:25:41,0,0,0
14/11/2020 04:25:42,0,0,0
14/11/2020 04:25:43,0,0,0
14/11/2020 04:25:44,0,0,0
14/11/2020 04:25:45,0,0,0
14/11/2020 04:25:46,0,0,0
14/11/2020 04:25:47,0,0,0
14/11/2020 04:25:48,0,0,0
14/11/2020 04:25:49,0,0,0
14/11/2020 04:25:50,0,0,0
14/11/2020 04:25:51,0,0,0
14/11/2020 04:25:52,0,0,0
14/11/2020 04:25:53,0,0,0
14/11/2020 04:25:54,0,0,0
14/11/2020 04:25:55,0,0,0
14/11/2020 04:25:56,0,0,0
14/11/2020 04:25:57,0,0,0
14/11/2020 04:25:58,0,0,0
14/11/2020 04:25:59,0,0,0
14/11/2020 04:26:00,0,0,0
14/11/2020 04:26:01,0,0,0
14/11/2020 04:26:02,0,0,0
14/11/2020 04:26:03,0,0,0
14/11/2020 04:26:04,0,0,0
14/11/2020 04:26:05,0,0,0
14/11/2020 04:26:06,0,0,0
14/11/2020 04:26:07,0,0,0
14/11/2020 04:26:08,0,0,0
14/11/2020 04:26:09,0,0,0
14/11/2020 04:26:10,0,0,0
14/11/2020 04:26:11,0,0,0
14/11/2020 04:26:12,0,0,0
14/11/2020 04:26:13,0,0,0
14/11/2020 04:26:14,0,0,0
14/11/2020 04:26:15,0,0,0
14/11/2020 04:26:16,0,0,0
14/11/2020 04:26:17,0,0,0
14/11/2020 04:26:18,0,0,0
14/11/2020 04:26:19,0,0,0
14/11/2020 04:26:20,0,0,0
14/11/2020 04:26:21,0,0,0
14/11/2020 04:26:22,0,0,0
14/11/2020 04:26:23,0,0,0
14/11/2020 04:26:24,0,0,0
14/11/2020 04:26:25,0,0,0
14/11/2020 04:26:26,0,0,0
14/11/2020 04:26:27,0,0,0
14/11/2020 04:26:28,0,0,0
14/11/2020 04:26:29,0,0,0
14/11/2020 04:26:30,0,0,0
14/11/2020 04:26:31,0,0,0
14/11/2020 04:26:32,0,0,0
14/11/2020 04:26:33,0,0,0
14/11/2020 04:26:34,0,0,0
14/11/2020 04:26:35,0,0,0
14/11/2020 04:26:36,0,0,0
14/11/2020 04:26:37,0,0,0
14/11/2020 04:26:38,0,0,0
14/11/2020 04:26:39,0,0,0
14/11/2020 04:26:40,0,0,0
14/11/2020 04:26:41,0,0,0
14/11/2020 04:26:42,0,0,0
14/11/2020 04:26:43,0,0,0
14/11/2020 04:26:44,0,0,0
14/11/2020 04:26:45,0,0,0
14/11/2020 04:26:46,0,0,0
14/11/2020 04:26:47,0,0,0
14/11/2020 04:26:48,0,0,0
14/11/2020 04:26:49,0,0,0
14/11/2020 04:26:50,0,0,0
14/11/2020 04:26:51,0,0,0
14/11/2020 04:26:52,0,0,0
14/11/2020 04:26:53,0,0,0
14/11/2020 04:26:54,0,0,0
14/11/2020 04:26:55,0,0,0
14/11/2020 04:26:56,0,0,0
14/11/2020 04:26:57,0,0,0
14/11/2020 04:26:58,0,0,0
14/11/2020 04:26:59,0,0,0
14/11/2020 04:27:00,0,0,0
14/11/2020 04:27:01,0,0,0
14/11/2020 04:27:02,0,0,0
14/11/2020 04:27:03,0,0,0
14/11/2020 04:27:04,0,0,0
14/11/2020 04:27:05,0,0,0
14/11/2020 04:27:06,0,0,0
14/11/2020 04:27:07,0,0,0
14/11/2020 04:27:08,0,0,0
14/11/2020 04:27:09,0,0,0
14/11/2020 04:27:10,0,0,0
14/11/2020 04:27:11,0,0,0
14/11/2020 04:27:12,0,0,0
14/11/2020 04:27:13,0,0,0
14/11/2020 04:27:14,0,0,0
14/11/2020 04:27:15,0,0,0
14/11/2020 04:27:16,0,0,0
14/11/2020 04:27:17,0,0,0
14/11/2020 04:27:18,0,0,0
14/11/2020 04:27:19,0,0,0
14/11/2020 04:27:20,0,0,0
14/11/2020 04:27:21,0,0,0
14/11/2020 04:27:22,0,0,0
14/11/2020 04:27:23,0,0,0
14/11/2020 04:27:24,0,0,0
14/11/2020 04:27:25,0,0,0
14/11/2020 04:27:26,0,0,0
14/11/2020 04:27:27,0,0,0
14/11/2020 04:27:28,0,0,0
14/11/2020 04:27:29,0,0,0
14/11/2020 04:27:30,0,0,0
14/11/2020 04:27:31,0,0,0
14/11/2020 04:27:32,0,0,0
14/11/2020 04:27:33,0,0,0
14/11/2020 04:27:34,0,0,0
14/11/2020 04:27:35,0,0,0
14/11/2020 04:27:36,0,0,0
14/11/2020 04:27:37,0,0,0
14/11/2020 04:27:38,0,0,0
14/11/2020 04:27:39,0,0,0
14/11/2020 04:27:40,0,0,0
14/11/2020 04:27:41,0,0,0
14/11/2020 04:27:42,0,0,0
14/11/2020 04:27:43,0,0,0
14/11/2020 04:27:44,0,0,0
14/11/2020 04:27:45,0,0,0
14/11/2020 04:27:46,0,0,0
14/11/2020 04:27:47,0,0,0
14/11/2020 04:27:48,0,0,0
14/11/2020 04:27:49,0,0,0
14/11/2020 04:27:50,0,0,0
14/11/2020 04:27:51,0,0,0
14/11/2020 04:27:52,0,0,0
14/11/2020 04:27:53,0,0,0
14/11/2020 04:27:54,0,0,0
14/11/2020 04:27:55,0,0,0
14/11/2020 04:27:56,0,0,0
14/11/2020 04:27:57,0,0,0
14/11/2020 04:27:58,0,0,0
14/11/2020 04:27:59,0,0,0
14/11/2020 04:28:00,0,0,0
14/11/2020 04:28:01,0,0,0
14/11/2020 04:28:02,0,0,0
14/11/2020 04:28:03,0,0,0
14/11/2020 04:28:04,0,0,0
14/11/2020 04:28:05,0,0,0
14/11/2020 04:28:06,0,0,0
14/11/2020 04:28:07,0,0,0
14/11/2020 04:28:08,0,0,0
14/11/2020 04:28:09,0,0,0
14/11/2020 04:28:10,0,0,0
14/11/2020 04:28:11,0,0,0
14/11/2020 04:28:12,0,0,0
14/11/2020 04:28:13,0,0,0
14/11/2020 04:28:14,0,0,0
14/11/2020 04:28:15,0,0,0
14/11/2020 04:28:16,0,0,0
14/11/2020 04:28:17,0,0,0
14/11/2020 04:28:18,0,0,0
14/11/2020 04:28:19,0,0,0
14/11/2020 04:28:20,0,0,0
14/11/2020 04:28:21,0,0,0
14/11/2020 04:28:22,0,0,0
14/11/2020 04:28:23,0,0,0
14/11/2020 04:28:24,0,0,0
14/11/2020 04:28:25,0,0,0
14/11/2020 04:28:26,0,0,0
14/11/2020 04:28:27,0,0,0
14/11/2020 04:28:28,0,0,0
14/11/2020 04:28:29,0,0,0
14/11/2020 04:28:30,0,0,0
14/11/2020 04:28:31,0,0,0
14/11/2020 04:28:32,0,0,0
14/11/2020 04:28:33,0,0,0
14/11/2020 04:28:34,0,0,0
14/11/2020 04:28:35,0,0,0
14/11/2020 04:28:36,0,0,0
14/11/2020 04:28:37,0,0,0
14/11/2020 04:28:38,0,0,0
14/11/2020 04:28:39,0,0,0
14/11/2020 04:28:40,0,0,0
14/11/2020 04:28:41,0,0,0
14/11/2020 04:28:42,0,0,0
14/11/2020 04:28:43,0,0,0
14/11/2020 04:28:44,0,0,0
14/11/2020 04:28:45,0,0,0
14/11/2020 04:28:46,0,0,0
14/11/2020 04:28:47,0,0,0
14/11/2020 04:28:48,0,0,0
14/11/2020 04:28:49,0,0,0
14/11/2020 04:28:50,0,0,0
14/11/2020 04:28:51,0,0,0
14/11/2020 04:28:52,0,0,0
14/11/2020 04:28:53,0,0,0
14/11/2020 04:28:54,0,0,0
14/11/2020 04:28:55,0,0,0
14/11/2020 04:28:56,0,0,0
14/11/2020 04:28:57,0,0,0
14/11/2020 04:28:58,0,0,0
14/11/2020 04:28:59,0,0,0
14/11/2020 04:29:00,0,0,0
14/11/2020 04:29:01,0,0,0
14/11/2020 04:29:02,0,0,0
14/11/2020 04:29:03,0,0,0
14/11/2020 04:29:04,0,0,0
14/11/2020 04:29:05,0,0,0
14/11/2020 04:29:06,0,0,0
14/11/2020 04:29:07,0,0,0
14/11/2020 04:29:08,0,0,0
14/11/2020 04:29:09,0,0,0
14/11/2020 04:29:10,0,0,0
14/11/2020 04:29:11,0,0,0
14/11/2020 04:29:12,0,0,0
14/11/2020 04:29:13,0,0,0
14/11/2020 04:29:14,0,0,0
14/11/2020 04:29:15,0,0,0
14/11/2020 04:29:16,0,0,0
14/11/2020 04:29:17,0,0,0
14/11/2020 04:29:18,0,0,0
14/11/2020 04:29:19,0,0,0
14/11/2020 04:29:20,0,0,0
14/11/2020 04:29:21,0,0,0
14/11/2020 04:29:22,0,0,0
14/11/2020 04:29:23,0,0,0
14/11/2020 04:29:24,0,0,0
14/11/2020 04:29:25,0,0,0
14/11/2020 04:29:26,0,0,0
14/11/2020 04:29:27,0,0,0
14/11/2020 04:29:28,0,0,0
14/11/2020 04:29:29,0,0,0
14/11/2020 04:29:30,0,0,0
14/11/2020 04:29:31,0,0,0
14/11/2020 04:29:32,0,0,0
14/11/2020 04:29:33,0,0,0
14/11/2020 04:29:34,0,0,0
14/11/2020 04:29:35,0,0,0
14/11/2020 04:29:36,0,0,0
14/11/2020 04:29:37,0,0,0
14/11/2020 04:29:38,0,0,0
14/11/2020 04:29:39,0,0,0
14/11/2020 04:29:40,0,0,0
14/11/2020 04:29:41,0,0,0
14/11/2020 04:29:42,0,0,0
14/11/2020 04:29:43,0,0,0
14/11/2020 04:29:44,0,0,0
14/11/2020 04:29:45,0,0,0
14/11/2020 04:29:46,0,0,0
14/11/2020 04:29:47,0,0,0
14/11/2020 04:29:48,0,0,0
14/11/2020 04:29:49,0,0,0
14/11/2020 04:29:50,0,0,0
14/11/2020 04:29:51,0,0,0
14/11/2020 04:29:52,0,0,0
14/11/2020 04:29:53,0,0,0
14/11/2020 04:29:54,0,0,0
14/11/2020 04:29:55,0,0,0
14/11/2020 04:29:56,0,0,0
14/11/2020 04:29:57,0,0,0
14/11/2020 04:29:58,0,0,0
14/11/2020 04:29:59,0,0,0
14/11/2020 04:30:00,0,0,0
14/11/2020 04:30:01,0,0,0
14/11/2020 04:30:02,0,0,0
14/11/2020 04:30:03,0,0,0
14/11/2020 04:30:04,0,0,0
14/11/2020 04:30:05,0,0,0
14/11/2020 04:30:06,0,0,0
14/11/2020 04:30:07,0,0,0
14/11/2020 04:30:08,0,0,0
14/11/2020 04:30:09,0,0,0
14/11/2020 04:30:10,0,0,0
14/11/2020 04:30:11,0,0,0
14/11/2020 04:30:12,0,0,0
14/11/2020 04:30:13,0,0,0
14/11/2020 04:30:14,0,0,0
14/11/2020 04:30:15,0,0,0
14/11/2020 04:30:16,0,0,0
14/11/2020 04:30:17,0,0,0
14/11/2020 04:30:18,0,0,0
14/11/2020 04:30:19,0,0,0
14/11/2020 04:30:20,0,0,0
14/11/2020 04:30:21,0,0,0
14/11/2020 04:30:22,0,0,0
14/11/2020 04:30:23,0,0,0
14/11/2020 04:30:24,0,0,0
14/11/2020 04:30:25,0,0,0
14/11/2020 04:30:26,0,0,0
14/11/2020 04:30:27,0,0,0
14/11/2020 04:30:28,0,0,0
14/11/2020 04:30:29,0,0,0
14/11/2020 04:30:30,0,0,0
14/11/2020 04:30:31,0,0,0
14/11/2020 04:30:32,0,0,0
14/11/2020 04:30:33,0,0,0
14/11/2020 04:30:34,0,0,0
14/11/2020 04:30:35,0,0,0
14/11/2020 04:30:36,0,0,0
14/11/2020 04:30:37,0,0,0
14/11/2020 04:30:38,0,0,0
14/11/2020 04:30:39,0,0,0
14/11/2020 04:30:40,0,0,0
14/11/2020 04:30:41,0,0,0
14/11/2020 04:30:42,0,0,0
14/11/2020 04:30:43,0,0,0
14/11/2020 04:30:44,0,0,0
14/11/2020 04:30:45,0,0,0
14/11/2020 04:30:46,0,0,0
14/11/2020 04:30:47,0,0,0
14/11/2020 04:30:48,0,0,0
14/11/2020 04:30:49,0,0,0
14/11/2020 04:30:50,0,0,0
14/11/2020 04:30:51,0,0,0
14/11/2020 04:30:52,0,0,0
14/11/2020 04:30:53,0,0,0
14/11/2020 04:30:54,0,0,0
14/11/2020 04:30:55,0,0,0
14/11/2020 04:30:56,0,0,0
14/11/2020 04:30:57,0,0,0
14/11/2020 04:30:58,0,0,0
14/11/2020 04:30:59,0,0,0
14/11/2020 04:31:00,0,0,0
14/11/2020 04:31:01,0,0,0
14/11/2020 04:31:02,0,0,0
14/11/2020 04:31:03,0,0,0
14/11/2020 04:31:04,0,0,0
14/11/2020 04:31:05,0,0,0
14/11/2020 04:31:06,0,0,0
14/11/2020 04:31:07,0,0,0
14/11/2020 04:31:08,0,0,0
14/11/2020 04:31:09,0,0,0
14/11/2020 04:31:10,0,0,0
14/11/2020 04:31:11,0,0,0
14/11/2020 04:31:12,0,0,0
14/11/2020 04:31:13,0,0,0
14/11/2020 04:31:14,0,0,0
14/11/2020 04:31:15,0,0,0
14/11/2020 04:31:16,0,0,0
14/11/2020 04:31:17,0,0,0
14/11/2020 04:31:18,0,0,0
14/11/2020 04:31:19,0,0,0
14/11/2020 04:31:20,0,0,0
14/11/2020 04:31:21,0,0,0
14/11/2020 04:31:22,0,0,0
14/11/2020 04:31:23,0,0,0
14/11/2020 04:31:24,0,0,0
14/11/2020 04:31:25,0,0,0
14/11/2020 04:31:26,0,0,0
14/11/2020 04:31:27,0,0,0
14/11/2020 04:31:28,0,0,0
14/11/2020 04:31:29,0,0,0
14/11/2020 04:31:30,0,0,0
14/11/2020 04:31:31,0,0,0
14/11/2020 04:31:32,0,0,0
14/11/2020 04:31:33,0,0,0
14/11/2020 04:31:34,0,0,0
14/11/2020 04:31:35,0,0,0
14/11/2020 04:31:36,0,0,0
14/11/2020 04:31:37,0,0,0
14/11/2020 04:31:38,0,0,0
14/11/2020 04:31:39,0,0,0
14/11/2020 04:31:40,0,0,0
14/11/2020 04:31:41,0,0,0
14/11/2020 04:31:42,0,0,0
14/11/2020 04:31:43,0,0,0
14/11/2020 04:31:44,0,0,0
14/11/2020 04:31:45,0,0,0
14/11/2020 04:31:46,0,0,0
14/11/2020 04:31:47,0,0,0
14/11/2020 04:31:48,0,0,0
14/11/2020 04:31:49,0,0,0
14/11/2020 04:31:50,0,0,0
14/11/2020 04:31:51,0,0,0
14/11/2020 04:31:52,0,0,0
14/11/2020 04:31:53,0,0,0
14/11/2020 04:31:54,0,0,0
14/11/2020 04:31:55,0,0,0
14/11/2020 04:31:56,0,0,0
14/11/2020 04:31:57,0,0,0
14/11/2020 04:31:58,0,0,0
14/11/2020 04:31:59,0,0,0
14/11/2020 04:32:00,0,0,0
14/11/2020 04:32:01,0,0,0
14/11/2020 04:32:02,0,0,0
14/11/2020 04:32:03,0,0,0
14/11/2020 04:32:04,0,0,0
14/11/2020 04:32:05,0,0,0
14/11/2020 04:32:06,0,0,0
14/11/2020 04:32:07,0,0,0
14/11/2020 04:32:08,0,0,0
14/11/2020 04:32:09,0,0,0
14/11/2020 04:32:10,0,0,0
14/11/2020 04:32:11,0,0,0
14/11/2020 04:32:12,0,0,0
14/11/2020 04:32:13,0,0,0
14/11/2020 04:32:14,0,0,0
14/11/2020 04:32:15,0,0,0
14/11/2020 04:32:16,0,0,0
14/11/2020 04:32:17,0,0,0
14/11/2020 04:32:18,0,0,0
14/11/2020 04:32:19,0,0,0
14/11/2020 04:32:20,0,0,0
14/11/2020 04:32:21,0,0,0
14/11/2020 04:32:22,0,0,0
14/11/2020 04:32:23,0,0,0
14/11/2020 04:32:24,0,0,0
14/11/2020 04:32:25,0,0,0
14/11/2020 04:32:26,0,0,0
14/11/2020 04:32:27,0,0,0
14/11/2020 04:32:28,0,0,0
14/11/2020 04:32:29,0,0,0
14/11/2020 04:32:30,0,0,0
14/11/2020 04:32:31,0,0,0
14/11/2020 04:32:32,0,0,0
14/11/2020 04:32:33,0,0,0
14/11/2020 04:32:34,0,0,0
14/11/2020 04:32:35,0,0,0
14/11/2020 04:32:36,0,0,0
14/11/2020 04:32:37,0,0,0
14/11/2020 04:32:38,0,0,0
14/11/2020 04:32:39,0,0,0
14/11/2020 04:32:40,0,0,0
14/11/2020 04:32:41,0,0,0
14/11/2020 04:32:42,0,0,0
14/11/2020 04:32:43,0,0,0
14/11/2020 04:32:44,0,0,0
14/11/2020 04:32:45,0,0,0
14/11/2020 04:32:46,0,0,0
14/11/2020 04:32:47,0,0,0
14/11/2020 04:32:48,0,0,0
14/11/2020 04:32:49,0,0,0
14/11/2020 04:32:50,0,0,0
14/11/2020 04:32:51,0,0,0
14/11/2020 04:32:52,0,0,0
14/11/2020 04:32:53,0,0,0
14/11/2020 04:32:54,0,0,0
14/11/2020 04:32:55,0,0,0
14/11/2020 04:32:56,0,0,0
14/11/2020 04:32:57,0,0,0
14/11/2020 04:32:58,0,0,0
14/11/2020 04:32:59,0,0,0
14/11/2020 04:33:00,0,0,0
14/11/2020 04:33:01,0,0,0
14/11/2020 04:33:02,0,0,0
14/11/2020 04:33:03,0,0,0
14/11/2020 04:33:04,0,0,0
14/11/2020 04:33:05,0,0,0
14/11/2020 04:33:06,0,0,0
14/11/2020 04:33:07,0,0,0
14/11/2020 04:33:08,0,0,0
14/11/2020 04:33:09,0,0,0
14/11/2020 04:33:10,0,0,0
14/11/2020 04:33:11,0,0,0
14/11/2020 04:33:12,0,0,0
14/11/2020 04:33:13,0,0,0
14/11/2020 04:33:14,0,0,0
14/11/2020 04:33:15,0,0,0
14/11/2020 04:33:16,0,0,0
14/11/2020 04:33:17,0,0,0
14/11/2020 04:33:18,0,0,0
14/11/2020 04:33:19,0,0,0
14/11/2020 04:33:20,0,0,0
14/11/2020 04:33:21,0,0,0
14/11/2020 04:33:22,0,0,0
14/11/2020 04:33:23,0,0,0
14/11/2020 04:33:24,0,0,0
14/11/2020 04:33:25,0,0,0
14/11/2020 04:33:26,0,0,0
14/11/2020 04:33:27,0,0,0
14/11/2020 04:33:28,0,0,0
14/11/2020 04:33:29,0,0,0
14/11/2020 04:33:30,0,0,0
14/11/2020 04:33:31,0,0,0
14/11/2020 04:33:32,0,0,0
14/11/2020 04:33:33,0,0,0
14/11/2020 04:33:34,0,0,0
14/11/2020 04:33:35,0,0,0
14/11/2020 04:33:36,0,0,0
14/11/2020 04:33:37,0,0,0
14/11/2020 04:33:38,0,0,0
14/11/2020 04:33:39,0,0,0
14/11/2020 04:33:40,0,0,0
14/11/2020 04:33:41,0,0,0
14/11/2020 04:33:42,0,0,0
14/11/2020 04:33:43,0,0,0
14/11/2020 04:33:44,0,0,0
14/11/2020 04:33:45,0,0,0
14/11/2020 04:33:46,0,0,0
14/11/2020 04:33:47,0,0,0
14/11/2020 04:33:48,0,0,0
14/11/2020 04:33:49,0,0,0
14/11/2020 04:33:50,0,0,0
14/11/2020 04:33:51,0,0,0
14/11/2020 04:33:52,0,0,0
14/11/2020 04:33:53,0,0,0
14/11/2020 04:33:54,0,0,0
14/11/2020 04:33:55,0,0,0
14/11/2020 04:33:56,0,0,0
14/11/2020 04:33:57,0,0,0
14/11/2020 04:33:58,0,0,0
14/11/2020 04:33:59,0,0,0
14/11/2020 04:34:00,0,0,0
14/11/2020 04:34:01,0,0,0
14/11/2020 04:34:02,0,0,0
14/11/2020 04:34:03,0,0,0
14/11/2020 04:34:04,0,0,0
14/11/2020 04:34:05,0,0,0
14/11/2020 04:34:06,0,0,0
14/11/2020 04:34:07,0,0,0
14/11/2020 04:34:08,0,0,0
14/11/2020 04:34:09,0,0,0
14/11/2020 04:34:10,0,0,0
14/11/2020 04:34:11,0,0,0
14/11/2020 04:34:12,0,0,0
14/11/2020 04:34:13,0,0,0
14/11/2020 04:34:14,0,0,0
14/11/2020 04:34:15,0,0,0
14/11/2020 04:34:16,0,0,0
14/11/2020 04:34:17,0,0,0
14/11/2020 04:34:18,0,0,0
14/11/2020 04:34:19,0,0,0
14/11/2020 04:34:20,0,0,0
14/11/2020 04:34:21,0,0,0
14/11/2020 04:34:22,0,0,0
14/11/2020 04:34:23,0,0,0
14/11/2020 04:34:24,0,0,0
14/11/2020 04:34:25,0,0,0
14/11/2020 04:34:26,0,0,0
14/11/2020 04:34:27,0,0,0
14/11/2020 04:34:28,0,0,0
14/11/2020 04:34:29,0,0,0
14/11/2020 04:34:30,0,0,0
14/11/2020 04:34:31,0,0,0
14/11/2020 04:34:32,0,0,0
14/11/2020 04:34:33,0,0,0
14/11/2020 04:34:34,0,0,0
14/11/2020 04:34:35,0,0,0
14/11/2020 04:34:36,0,0,0
14/11/2020 04:34:37,0,0,0
14/11/2020 04:34:38,0,0,0
14/11/2020 04:34:39,0,0,0
14/11/2020 04:34:40,0,0,0
14/11/2020 04:34:41,0,0,0
14/11/2020 04:34:42,0,0,0
14/11/2020 04:34:43,0,0,0
14/11/2020 04:34:44,0,0,0
14/11/2020 04:34:45,0,0,0
14/11/2020 04:34:46,0,0,0
14/11/2020 04:34:47,0,0,0
14/11/2020 04:34:48,0,0,0
14/11/2020 04:34:49,0,0,0
14/11/2020 04:34:50,0,0,0
14/11/2020 04:34:51,0,0,0
14/11/2020 04:34:52,0,0,0
14/11/2020 04:34:53,0,0,0
14/11/2020 04:34:54,0,0,0
14/11/2020 04:34:55,0,0,0
14/11/2020 04:34:56,0,0,0
14/11/2020 04:34:57,0,0,0
14/11/2020 04:34:58,0,0,0
14/11/2020 04:34:59,0,0,0
14/11/2020 04:35:00,0,0,0
14/11/2020 04:35:01,0,0,0
14/11/2020 04:35:02,0,0,0
14/11/2020 04:35:03,0,0,0
14/11/2020 04:35:04,0,0,0
14/11/2020 04:35:05,0,0,0
14/11/2020 04:35:06,0,0,0
14/11/2020 04:35:07,0,0,0
14/11/2020 04:35:08,0,0,0
14/11/2020 04:35:09,0,0,0
14/11/2020 04:35:10,0,0,0
14/11/2020 04:35:11,0,0,0
14/11/2020 04:35:12,0,0,0
14/11/2020 04:35:13,0,0,0
14/11/2020 04:35:14,0,0,0
14/11/2020 04:35:15,0,0,0
14/11/2020 04:35:16,0,0,0
14/11/2020 04:35:17,0,0,0
14/11/2020 04:35:18,0,0,0
14/11/2020 04:35:19,0,0,0
14/11/2020 04:35:20,0,0,0
14/11/2020 04:35:21,0,0,0
14/11/2020 04:35:22,0,0,0
14/11/2020 04:35:23,0,0,0
14/11/2020 04:35:24,0,0,0
14/11/2020 04:35:25,0,0,0
14/11/2020 04:35:26,0,0,0
14/11/2020 04:35:27,0,0,0
14/11/2020 04:35:28,0,0,0
14/11/2020 04:35:29,0,0,0
14/11/2020 04:35:30,0,0,0
14/11/2020 04:35:31,0,0,0
14/11/2020 04:35:32,0,0,0
14/11/2020 04:35:33,0,0,0
14/11/2020 04:35:34,0,0,0
14/11/2020 04:35:35,0,0,0
14/11/2020 04:35:36,0,0,0
14/11/2020 04:35:37,0,0,0
14/11/2020 04:35:38,0,0,0
14/11/2020 04:35:39,0,0,0
14/11/2020 04:35:40,0,0,0
14/11/2020 04:35:41,0,0,0
14/11/2020 04:35:42,0,0,0
14/11/2020 04:35:43,0,0,0
14/11/2020 04:35:44,0,0,0
14/11/2020 04:35:45,0,0,0
14/11/2020 04:35:46,0,0,0
14/11/2020 04:35:47,0,0,0
14/11/2020 04:35:48,0,0,0
14/11/2020 04:35:49,0,0,0
14/11/2020 04:35:50,0,0,0
14/11/2020 04:35:51,0,0,0
14/11/2020 04:35:52,0,0,0
14/11/2020 04:35:53,0,0,0
14/11/2020 04:35:54,0,0,0
14/11/2020 04:35:55,0,0,0
14/11/2020 04:35:56,0,0,0
14/11/2020 04:35:57,0,0,0
14/11/2020 04:35:58,0,0,0
14/11/2020 04:35:59,0,0,0
14/11/2020 04:36:00,0,0,0
14/11/2020 04:36:01,0,0,0
14/11/2020 04:36:02,0,0,0
14/11/2020 04:36:03,0,0,0
14/11/2020 04:36:04,0,0,0
14/11/2020 04:36:05,0,0,0
14/11/2020 04:36:06,0,0,0
14/11/2020 04:36:07,0,0,0
14/11/2020 04:36:08,0,0,0
14/11/2020 04:36:09,0,0,0
14/11/2020 04:36:10,0,0,0
14/11/2020 04:36:11,0,0,0
14/11/2020 04:36:12,0,0,0
14/11/2020 04:36:13,0,0,0
14/11/2020 04:36:14,0,0,0
14/11/2020 04:36:15,0,0,0
14/11/2020 04:36:16,0,0,0
14/11/2020 04:36:17,0,0,0
14/11/2020 04:36:18,0,0,0
14/11/2020 04:36:19,0,0,0
14/11/2020 04:36:20,0,0,0
14/11/2020 04:36:21,0,0,0
14/11/2020 04:36:22,0,0,0
14/11/2020 04:36:23,0,0,0
14/11/2020 04:36:24,0,0,0
14/11/2020 04:36:25,0,0,0
14/11/2020 04:36:26,0,0,0
14/11/2020 04:36:27,0,0,0
14/11/2020 04:36:28,0,0,0
14/11/2020 04:36:29,0,0,0
14/11/2020 04:36:30,0,0,0
14/11/2020 04:36:31,0,0,0
14/11/2020 04:36:32,0,0,0
14/11/2020 04:36:33,0,0,0
14/11/2020 04:36:34,0,0,0
14/11/2020 04:36:35,0,0,0
14/11/2020 04:36:36,0,0,0
14/11/2020 04:36:37,0,0,0
14/11/2020 04:36:38,0,0,0
14/11/2020 04:36:39,0,0,0
14/11/2020 04:36:40,0,0,0
14/11/2020 04:36:41,0,0,0
14/11/2020 04:36:42,0,0,0
14/11/2020 04:36:43,0,0,0
14/11/2020 04:36:44,0,0,0
14/11/2020 04:36:45,0,0,0
14/11/2020 04:36:46,0,0,0
14/11/2020 04:36:47,0,0,0
14/11/2020 04:36:48,0,0,0
14/11/2020 04:36:49,0,0,0
14/11/2020 04:36:50,0,0,0
14/11/2020 04:36:51,0,0,0
14/11/2020 04:36:52,0,0,0
14/11/2020 04:36:53,0,0,0
14/11/2020 04:36:54,0,0,0
14/11/2020 04:36:55,0,0,0
14/11/2020 04:36:56,0,0,0
14/11/2020 04:36:57,0,0,0
14/11/2020 04:36:58,0,0,0
14/11/2020 04:36:59,0,0,0
14/11/2020 04:37:00,0,0,0
14/11/2020 04:37:01,0,0,0
14/11/2020 04:37:02,0,0,0
14/11/2020 04:37:03,0,0,0
14/11/2020 04:37:04,0,0,0
14/11/2020 04:37:05,0,0,0
14/11/2020 04:37:06,0,0,0
14/11/2020 04:37:07,0,0,0
14/11/2020 04:37:08,0,0,0
14/11/2020 04:37:09,0,0,0
14/11/2020 04:37:10,0,0,0
14/11/2020 04:37:11,0,0,0
14/11/2020 04:37:12,0,0,0
14/11/2020 04:37:13,0,0,0
14/11/2020 04:37:14,0,0,0
14/11/2020 04:37:15,0,0,0
14/11/2020 04:37:16,0,0,0
14/11/2020 04:37:17,0,0,0
14/11/2020 04:37:18,0,0,0
14/11/2020 04:37:19,0,0,0
14/11/2020 04:37:20,0,0,0
14/11/2020 04:37:21,0,0,0
14/11/2020 04:37:22,0,0,0
14/11/2020 04:37:23,0,0,0
14/11/2020 04:37:24,0,0,0
14/11/2020 04:37:25,0,0,0
14/11/2020 04:37:26,0,0,0
14/11/2020 04:37:27,0,0,0
14/11/2020 04:37:28,0,0,0
14/11/2020 04:37:29,0,0,0
14/11/2020 04:37:30,0,0,0
14/11/2020 04:37:31,0,0,0
14/11/2020 04:37:32,0,0,0
14/11/2020 04:37:33,0,0,0
14/11/2020 04:37:34,0,0,0
14/11/2020 04:37:35,0,0,0
14/11/2020 04:37:36,0,0,0
14/11/2020 04:37:37,0,0,0
14/11/2020 04:37:38,0,0,0
14/11/2020 04:37:39,0,0,0
14/11/2020 04:37:40,0,0,0
14/11/2020 04:37:41,0,0,0
14/11/2020 04:37:42,0,0,0
14/11/2020 04:37:43,0,0,0
14/11/2020 04:37:44,0,0,0
14/11/2020 04:37:45,0,0,0
14/11/2020 04:37:46,0,0,0
14/11/2020 04:37:47,0,0,0
14/11/2020 04:37:48,0,0,0
14/11/2020 04:37:49,0,0,0
14/11/2020 04:37:50,0,0,0
14/11/2020 04:37:51,0,0,0
14/11/2020 04:37:52,0,0,0
14/11/2020 04:37:53,0,0,0
14/11/2020 04:37:54,0,0,0
14/11/2020 04:37:55,0,0,0
14/11/2020 04:37:56,0,0,0
14/11/2020 04:37:57,0,0,0
14/11/2020 04:37:58,0,0,0
14/11/2020 04:37:59,0,0,0
14/11/2020 04:38:00,0,0,0
14/11/2020 04:38:01,0,0,0
14/11/2020 04:38:02,0,0,0
14/11/2020 04:38:03,0,0,0
14/11/2020 04:38:04,0,0,0
14/11/2020 04:38:05,0,0,0
14/11/2020 04:38:06,0,0,0
14/11/2020 04:38:07,0,0,0
14/11/2020 04:38:08,0,0,0
14/11/2020 04:38:09,0,0,0
14/11/2020 04:38:10,0,0,0
14/11/2020 04:38:11,0,0,0
14/11/2020 04:38:12,0,0,0
14/11/2020 04:38:13,0,0,0
14/11/2020 04:38:14,0,0,0
14/11/2020 04:38:15,0,0,0
14/11/2020 04:38:16,0,0,0
14/11/2020 04:38:17,0,0,0
14/11/2020 04:38:18,0,0,0
14/11/2020 04:38:19,0,0,0
14/11/2020 04:38:20,0,0,0
14/11/2020 04:38:21,0,0,0
14/11/2020 04:38:22,0,0,0
14/11/2020 04:38:23,0,0,0
14/11/2020 04:38:24,0,0,0
14/11/2020 04:38:25,0,0,0
14/11/2020 04:38:26,0,0,0
14/11/2020 04:38:27,0,0,0
14/11/2020 04:38:28,0,0,0
14/11/2020 04:38:29,0,0,0
14/11/2020 04:38:30,0,0,0
14/11/2020 04:38:31,0,0,0
14/11/2020 04:38:32,0,0,0
14/11/2020 04:38:33,0,0,0
14/11/2020 04:38:34,0,0,0
14/11/2020 04:38:35,0,0,0
14/11/2020 04:38:36,0,0,0
14/11/2020 04:38:37,0,0,0
14/11/2020 04:38:38,0,0,0
14/11/2020 04:38:39,0,0,0
14/11/2020 04:38:40,0,0,0
14/11/2020 04:38:41,0,0,0
14/11/2020 04:38:42,0,0,0
14/11/2020 04:38:43,0,0,0
14/11/2020 04:38:44,0,0,0
14/11/2020 04:38:45,0,0,0
14/11/2020 04:38:46,0,0,0
14/11/2020 04:38:47,0,0,0
14/11/2020 04:38:48,0,0,0
14/11/2020 04:38:49,0,0,0
14/11/2020 04:38:50,0,0,0
14/11/2020 04:38:51,0,0,0
14/11/2020 04:38:52,0,0,0
14/11/2020 04:38:53,0,0,0
14/11/2020 04:38:54,0,0,0
14/11/2020 04:38:55,0,0,0
14/11/2020 04:38:56,0,0,0
14/11/2020 04:38:57,0,0,0
14/11/2020 04:38:58,0,0,0
14/11/2020 04:38:59,0,0,0
14/11/2020 04:39:00,0,0,0
14/11/2020 04:39:01,0,0,0
14/11/2020 04:39:02,0,0,0
14/11/2020 04:39:03,0,0,0
14/11/2020 04:39:04,0,0,0
14/11/2020 04:39:05,0,0,0
14/11/2020 04:39:06,0,0,0
14/11/2020 04:39:07,0,0,0
14/11/2020 04:39:08,0,0,0
14/11/2020 04:39:09,0,0,0
14/11/2020 04:39:10,0,0,0
14/11/2020 04:39:11,0,0,0
14/11/2020 04:39:12,0,0,0
14/11/2020 04:39:13,0,0,0
14/11/2020 04:39:14,0,0,0
14/11/2020 04:39:15,0,0,0
14/11/2020 04:39:16,0,0,0
14/11/2020 04:39:17,0,0,0
14/11/2020 04:39:18,0,0,0
14/11/2020 04:39:19,0,0,0
14/11/2020 04:39:20,0,0,0
14/11/2020 04:39:21,0,0,0
14/11/2020 04:39:22,0,0,0
14/11/2020 04:39:23,0,0,0
14/11/2020 04:39:24,0,0,0
14/11/2020 04:39:25,0,0,0
14/11/2020 04:39:26,0,0,0
14/11/2020 04:39:27,0,0,0
14/11/2020 04:39:28,0,0,0
14/11/2020 04:39:29,0,0,0
14/11/2020 04:39:30,0,0,0
14/11/2020 04:39:31,0,0,0
14/11/2020 04:39:32,0,0,0
14/11/2020 04:39:33,0,0,0
14/11/2020 04:39:34,0,0,0
14/11/2020 04:39:35,0,0,0
14/11/2020 04:39:36,0,0,0
14/11/2020 04:39:37,0,0,0
14/11/2020 04:39:38,0,0,0
14/11/2020 04:39:39,0,0,0
14/11/2020 04:39:40,0,0,0
14/11/2020 04:39:41,0,0,0
14/11/2020 04:39:42,0,0,0
14/11/2020 04:39:43,0,0,0
14/11/2020 04:39:44,0,0,0
14/11/2020 04:39:45,0,0,0
14/11/2020 04:39:46,0,0,0
14/11/2020 04:39:47,0,0,0
14/11/2020 04:39:48,0,0,0
14/11/2020 04:39:49,0,0,0
14/11/2020 04:39:50,0,0,0
14/11/2020 04:39:51,0,0,0
14/11/2020 04:39:52,0,0,0
14/11/2020 04:39:53,0,0,0
14/11/2020 04:39:54,0,0,0
14/11/2020 04:39:55,0,0,0
14/11/2020 04:39:56,0,0,0
14/11/2020 04:39:57,0,0,0
14/11/2020 04:39:58,0,0,0
14/11/2020 04:39:59,0,0,0
14/11/2020 04:40:00,0,0,0
14/11/2020 04:40:01,0,0,0
14/11/2020 04:40:02,0,0,0
14/11/2020 04:40:03,0,0,0
14/11/2020 04:40:04,0,0,0
14/11/2020 04:40:05,0,0,0
14/11/2020 04:40:06,0,0,0
14/11/2020 04:40:07,0,0,0
14/11/2020 04:40:08,0,0,0
14/11/2020 04:40:09,0,0,0
14/11/2020 04:40:10,0,0,0
14/11/2020 04:40:11,0,0,0
14/11/2020 04:40:12,0,0,0
14/11/2020 04:40:13,0,0,0
14/11/2020 04:40:14,0,0,0
14/11/2020 04:40:15,0,0,0
14/11/2020 04:40:16,0,0,0
14/11/2020 04:40:17,0,0,0
14/11/2020 04:40:18,0,0,0
14/11/2020 04:40:19,0,0,0
14/11/2020 04:40:20,0,0,0
14/11/2020 04:40:21,0,0,0
14/11/2020 04:40:22,0,0,0
14/11/2020 04:40:23,0,0,0
14/11/2020 04:40:24,0,0,0
14/11/2020 04:40:25,0,0,0
14/11/2020 04:40:26,0,0,0
14/11/2020 04:40:27,0,0,0
14/11/2020 04:40:28,0,0,0
14/11/2020 04:40:29,0,0,0
14/11/2020 04:40:30,0,0,0
14/11/2020 04:40:31,0,0,0
14/11/2020 04:40:32,0,0,0
14/11/2020 04:40:33,0,0,0
14/11/2020 04:40:34,0,0,0
14/11/2020 04:40:35,0,0,0
14/11/2020 04:40:36,0,0,0
14/11/2020 04:40:37,0,0,0
14/11/2020 04:40:38,0,0,0
14/11/2020 04:40:39,0,0,0
14/11/2020 04:40:40,0,0,0
14/11/2020 04:40:41,0,0,0
14/11/2020 04:40:42,0,0,0
14/11/2020 04:40:43,0,0,0
14/11/2020 04:40:44,0,0,0
14/11/2020 04:40:45,0,0,0
14/11/2020 04:40:46,0,0,0
14/11/2020 04:40:47,0,0,0
14/11/2020 04:40:48,0,0,0
14/11/2020 04:40:49,0,0,0
14/11/2020 04:40:50,0,0,0
14/11/2020 04:40:51,0,0,0
14/11/2020 04:40:52,0,0,0
14/11/2020 04:40:53,0,0,0
14/11/2020 04:40:54,0,0,0
14/11/2020 04:40:55,0,0,0
14/11/2020 04:40:56,0,0,0
14/11/2020 04:40:57,0,0,0
14/11/2020 04:40:58,0,0,0
14/11/2020 04:40:59,0,0,0
14/11/2020 04:41:00,0,0,0
14/11/2020 04:41:01,0,0,0
14/11/2020 04:41:02,0,0,0
14/11/2020 04:41:03,0,0,0
14/11/2020 04:41:04,0,0,0
14/11/2020 04:41:05,0,0,0
14/11/2020 04:41:06,0,0,0
14/11/2020 04:41:07,0,0,0
14/11/2020 04:41:08,0,0,0
14/11/2020 04:41:09,0,0,0
14/11/2020 04:41:10,0,0,0
14/11/2020 04:41:11,0,0,0
14/11/2020 04:41:12,0,0,0
14/11/2020 04:41:13,0,0,0
14/11/2020 04:41:14,0,0,0
14/11/2020 04:41:15,0,0,0
14/11/2020 04:41:16,0,0,0
14/11/2020 04:41:17,0,0,0
14/11/2020 04:41:18,0,0,0
14/11/2020 04:41:19,0,0,0
14/11/2020 04:41:20,0,0,0
14/11/2020 04:41:21,0,0,0
14/11/2020 04:41:22,0,0,0
14/11/2020 04:41:23,0,0,0
14/11/2020 04:41:24,0,0,0
14/11/2020 04:41:25,0,0,0
14/11/2020 04:41:26,0,0,0
14/11/2020 04:41:27,0,0,0
14/11/2020 04:41:28,0,0,0
14/11/2020 04:41:29,0,0,0
14/11/2020 04:41:30,0,0,0
14/11/2020 04:41:31,0,0,0
14/11/2020 04:41:32,0,0,0
14/11/2020 04:41:33,0,0,0
14/11/2020 04:41:34,0,0,0
14/11/2020 04:41:35,0,0,0
14/11/2020 04:41:36,0,0,0
14/11/2020 04:41:37,0,0,0
14/11/2020 04:41:38,0,0,0
14/11/2020 04:41:39,0,0,0
14/11/2020 04:41:40,0,0,0
14/11/2020 04:41:41,0,0,0
14/11/2020 04:41:42,0,0,0
14/11/2020 04:41:43,0,0,0
14/11/2020 04:41:44,0,0,0
14/11/2020 04:41:45,0,0,0
14/11/2020 04:41:46,0,0,0
14/11/2020 04:41:47,0,0,0
14/11/2020 04:41:48,0,0,0
14/11/2020 04:41:49,0,0,0
14/11/2020 04:41:50,0,0,0
14/11/2020 04:41:51,0,0,0
14/11/2020 04:41:52,0,0,0
14/11/2020 04:41:53,0,0,0
14/11/2020 04:41:54,0,0,0
14/11/2020 04:41:55,0,0,0
14/11/2020 04:41:56,0,0,0
14/11/2020 04:41:57,0,0,0
14/11/2020 04:41:58,0,0,0
14/11/2020 04:41:59,0,0,0
14/11/2020 04:42:00,0,0,0
14/11/2020 04:42:01,0,0,0
14/11/2020 04:42:02,0,0,0
14/11/2020 04:42:03,0,0,0
14/11/2020 04:42:04,0,0,0
14/11/2020 04:42:05,0,0,0
14/11/2020 04:42:06,0,0,0
14/11/2020 04:42:07,0,0,0
14/11/2020 04:42:08,0,0,0
14/11/2020 04:42:09,0,0,0
14/11/2020 04:42:10,0,0,0
14/11/2020 04:42:11,0,0,0
14/11/2020 04:42:12,0,0,0
14/11/2020 04:42:13,0,0,0
14/11/2020 04:42:14,0,0,0
14/11/2020 04:42:15,0,0,0
14/11/2020 04:42:16,0,0,0
14/11/2020 04:42:17,0,0,0
14/11/2020 04:42:18,0,0,0
14/11/2020 04:42:19,0,0,0
14/11/2020 04:42:20,0,0,0
14/11/2020 04:42:21,0,0,0
14/11/2020 04:42:22,0,0,0
14/11/2020 04:42:23,0,0,0
14/11/2020 04:42:24,0,0,0
14/11/2020 04:42:25,0,0,0
14/11/2020 04:42:26,0,0,0
14/11/2020 04:42:27,0,0,0
14/11/2020 04:42:28,0,0,0
14/11/2020 04:42:29,0,0,0
14/11/2020 04:42:30,0,0,0
14/11/2020 04:42:31,0,0,0
14/11/2020 04:42:32,0,0,0
14/11/2020 04:42:33,0,0,0
14/11/2020 04:42:34,0,0,0
14/11/2020 04:42:35,0,0,0
14/11/2020 04:42:36,0,0,0
14/11/2020 04:42:37,0,0,0
14/11/2020 04:42:38,0,0,0
14/11/2020 04:42:39,0,0,0
14/11/2020 04:42:40,0,0,0
14/11/2020 04:42:41,0,0,0
14/11/2020 04:42:42,0,0,0
14/11/2020 04:42:43,0,0,0
14/11/2020 04:42:44,0,0,0
14/11/2020 04:42:45,0,0,0
14/11/2020 04:42:46,0,0,0
14/11/2020 04:42:47,0,0,0
14/11/2020 04:42:48,0,0,0
14/11/2020 04:42:49,0,0,0
14/11/2020 04:42:50,0,0,0
14/11/2020 04:42:51,0,0,0
14/11/2020 04:42:52,0,0,0
14/11/2020 04:42:53,0,0,0
14/11/2020 04:42:54,0,0,0
14/11/2020 04:42:55,0,0,0
14/11/2020 04:42:56,0,0,0
14/11/2020 04:42:57,0,0,0
14/11/2020 04:42:58,0,0,0
14/11/2020 04:42:59,0,0,0
14/11/2020 04:43:00,0,0,0
14/11/2020 04:43:01,0,0,0
14/11/2020 04:43:02,0,0,0
14/11/2020 04:43:03,0,0,0
14/11/2020 04:43:04,0,0,0
14/11/2020 04:43:05,0,0,0
14/11/2020 04:43:06,0,0,0
14/11/2020 04:43:07,0,0,0
14/11/2020 04:43:08,0,0,0
14/11/2020 04:43:09,0,0,0
14/11/2020 04:43:10,0,0,0
14/11/2020 04:43:11,0,0,0
14/11/2020 04:43:12,0,0,0
14/11/2020 04:43:13,0,0,0
14/11/2020 04:43:14,0,0,0
14/11/2020 04:43:15,0,0,0
14/11/2020 04:43:16,0,0,0
14/11/2020 04:43:17,0,0,0
14/11/2020 04:43:18,0,0,0
14/11/2020 04:43:19,0,0,0
14/11/2020 04:43:20,0,0,0
14/11/2020 04:43:21,0,0,0
14/11/2020 04:43:22,0,0,0
14/11/2020 04:43:23,0,0,0
14/11/2020 04:43:24,0,0,0
14/11/2020 04:43:25,0,0,0
14/11/2020 04:43:26,0,0,0
14/11/2020 04:43:27,0,0,0
14/11/2020 04:43:28,0,0,0
14/11/2020 04:43:29,0,0,0
14/11/2020 04:43:30,0,0,0
14/11/2020 04:43:31,0,0,0
14/11/2020 04:43:32,0,0,0
14/11/2020 04:43:33,0,0,0
14/11/2020 04:43:34,0,0,0
14/11/2020 04:43:35,0,0,0
14/11/2020 04:43:36,0,0,0
14/11/2020 04:43:37,0,0,0
14/11/2020 04:43:38,0,0,0
14/11/2020 04:43:39,0,0,0
14/11/2020 04:43:40,0,0,0
14/11/2020 04:43:41,0,0,0
14/11/2020 04:43:42,0,0,0
14/11/2020 04:43:43,0,0,0
14/11/2020 04:43:44,0,0,0
14/11/2020 04:43:45,0,0,0
14/11/2020 04:43:46,0,0,0
14/11/2020 04:43:47,0,0,0
14/11/2020 04:43:48,0,0,0
14/11/2020 04:43:49,0,0,0
14/11/2020 04:43:50,0,0,0
14/11/2020 04:43:51,0,0,0
14/11/2020 04:43:52,0,0,0
14/11/2020 04:43:53,0,0,0
14/11/2020 04:43:54,0,0,0
14/11/2020 04:43:55,0,0,0
14/11/2020 04:43:56,0,0,0
14/11/2020 04:43:57,0,0,0
14/11/2020 04:43:58,0,0,0
14/11/2020 04:43:59,0,0,0
14/11/2020 04:44:00,0,0,0
14/11/2020 04:44:01,0,0,0
14/11/2020 04:44:02,0,0,0
14/11/2020 04:44:03,0,0,0
14/11/2020 04:44:04,0,0,0
14/11/2020 04:44:05,0,0,0
14/11/2020 04:44:06,0,0,0
14/11/2020 04:44:07,0,0,0
14/11/2020 04:44:08,0,0,0
14/11/2020 04:44:09,0,0,0
14/11/2020 04:44:10,0,0,0
14/11/2020 04:44:11,0,0,0
14/11/2020 04:44:12,0,0,0
14/11/2020 04:44:13,0,0,0
14/11/2020 04:44:14,0,0,0
14/11/2020 04:44:15,0,0,0
14/11/2020 04:44:16,0,0,0
14/11/2020 04:44:17,0,0,0
14/11/2020 04:44:18,0,0,0
14/11/2020 04:44:19,0,0,0
14/11/2020 04:44:20,0,0,0
14/11/2020 04:44:21,0,0,0
14/11/2020 04:44:22,0,0,0
14/11/2020 04:44:23,0,0,0
14/11/2020 04:44:24,0,0,0
14/11/2020 04:44:25,0,0,0
14/11/2020 04:44:26,0,0,0
14/11/2020 04:44:27,0,0,0
14/11/2020 04:44:28,0,0,0
14/11/2020 04:44:29,0,0,0
14/11/2020 04:44:30,0,0,0
14/11/2020 04:44:31,0,0,0
14/11/2020 04:44:32,0,0,0
14/11/2020 04:44:33,0,0,0
14/11/2020 04:44:34,0,0,0
14/11/2020 04:44:35,0,0,0
14/11/2020 04:44:36,0,0,0
14/11/2020 04:44:37,0,0,0
14/11/2020 04:44:38,0,0,0
14/11/2020 04:44:39,0,0,0
14/11/2020 04:44:40,0,0,0
14/11/2020 04:44:41,0,0,0
14/11/2020 04:44:42,0,0,0
14/11/2020 04:44:43,0,0,0
14/11/2020 04:44:44,0,0,0
14/11/2020 04:44:45,0,0,0
14/11/2020 04:44:46,0,0,0
14/11/2020 04:44:47,0,0,0
14/11/2020 04:44:48,0,0,0
14/11/2020 04:44:49,0,0,0
14/11/2020 04:44:50,0,0,0
14/11/2020 04:44:51,0,0,0
14/11/2020 04:44:52,0,0,0
14/11/2020 04:44:53,0,0,0
14/11/2020 04:44:54,0,0,0
14/11/2020 04:44:55,0,0,0
14/11/2020 04:44:56,0,0,0
14/11/2020 04:44:57,0,0,0
14/11/2020 04:44:58,0,0,0
14/11/2020 04:44:59,0,0,0
14/11/2020 04:45:00,0,0,0
14/11/2020 04:45:01,0,0,0
14/11/2020 04:45:02,0,0,0
14/11/2020 04:45:03,0,0,0
14/11/2020 04:45:04,0,0,0
14/11/2020 04:45:05,0,0,0
14/11/2020 04:45:06,0,0,0
14/11/2020 04:45:07,0,0,0
14/11/2020 04:45:08,0,0,0
14/11/2020 04:45:09,0,0,0
14/11/2020 04:45:10,0,0,0
14/11/2020 04:45:11,0,0,0
14/11/2020 04:45:12,0,0,0
14/11/2020 04:45:13,0,0,0
14/11/2020 04:45:14,0,0,0
14/11/2020 04:45:15,0,0,0
14/11/2020 04:45:16,0,0,0
14/11/2020 04:45:17,0,0,0
14/11/2020 04:45:18,0,0,0
14/11/2020 04:45:19,0,0,0
14/11/2020 04:45:20,0,0,0
14/11/2020 04:45:21,0,0,0
14/11/2020 04:45:22,0,0,0
14/11/2020 04:45:23,0,0,0
14/11/2020 04:45:24,0,0,0
14/11/2020 04:45:25,0,0,0
14/11/2020 04:45:26,0,0,0
14/11/2020 04:45:27,0,0,0
14/11/2020 04:45:28,0,0,0
14/11/2020 04:45:29,0,0,0
14/11/2020 04:45:30,0,0,0
14/11/2020 04:45:31,0,0,0
14/11/2020 04:45:32,0,0,0
14/11/2020 04:45:33,0,0,0
14/11/2020 04:45:34,0,0,0
14/11/2020 04:45:35,0,0,0
14/11/2020 04:45:36,0,0,0
14/11/2020 04:45:37,0,0,0
14/11/2020 04:45:38,0,0,0
14/11/2020 04:45:39,0,0,0
14/11/2020 04:45:40,0,0,0
14/11/2020 04:45:41,0,0,0
14/11/2020 04:45:42,0,0,0
14/11/2020 04:45:43,0,0,0
14/11/2020 04:45:44,0,0,0
14/11/2020 04:45:45,0,0,0
14/11/2020 04:45:46,0,0,0
14/11/2020 04:45:47,0,0,0
14/11/2020 04:45:48,0,0,0
14/11/2020 04:45:49,0,0,0
14/11/2020 04:45:50,0,0,0
14/11/2020 04:45:51,0,0,0
14/11/2020 04:45:52,0,0,0
14/11/2020 04:45:53,0,0,0
14/11/2020 04:45:54,0,0,0
14/11/2020 04:45:55,0,0,0
14/11/2020 04:45:56,0,0,0
14/11/2020 04:45:57,0,0,0
14/11/2020 04:45:58,0,0,0
14/11/2020 04:45:59,0,0,0
14/11/2020 04:46:00,0,0,0
14/11/2020 04:46:01,0,0,0
14/11/2020 04:46:02,0,0,0
14/11/2020 04:46:03,0,0,0
14/11/2020 04:46:04,0,0,0
14/11/2020 04:46:05,0,0,0
14/11/2020 04:46:06,0,0,0
14/11/2020 04:46:07,0,0,0
14/11/2020 04:46:08,0,0,0
14/11/2020 04:46:09,0,0,0
14/11/2020 04:46:10,0,0,0
14/11/2020 04:46:11,0,0,0
14/11/2020 04:46:12,0,0,0
14/11/2020 04:46:13,0,0,0
14/11/2020 04:46:14,0,0,0
14/11/2020 04:46:15,0,0,0
14/11/2020 04:46:16,0,0,0
14/11/2020 04:46:17,0,0,0
14/11/2020 04:46:18,0,0,0
14/11/2020 04:46:19,0,0,0
14/11/2020 04:46:20,0,0,0
14/11/2020 04:46:21,0,0,0
14/11/2020 04:46:22,0,0,0
14/11/2020 04:46:23,0,0,0
14/11/2020 04:46:24,0,0,0
14/11/2020 04:46:25,0,0,0
14/11/2020 04:46:26,0,0,0
14/11/2020 04:46:27,0,0,0
14/11/2020 04:46:28,0,0,0
14/11/2020 04:46:29,0,0,0
14/11/2020 04:46:30,0,0,0
14/11/2020 04:46:31,0,0,0
14/11/2020 04:46:32,0,0,0
14/11/2020 04:46:33,0,0,0
14/11/2020 04:46:34,0,0,0
14/11/2020 04:46:35,0,0,0
14/11/2020 04:46:36,0,0,0
14/11/2020 04:46:37,0,0,0
14/11/2020 04:46:38,0,0,0
14/11/2020 04:46:39,0,0,0
14/11/2020 04:46:40,0,0,0
14/11/2020 04:46:41,0,0,0
14/11/2020 04:46:42,0,0,0
14/11/2020 04:46:43,0,0,0
14/11/2020 04:46:44,0,0,0
14/11/2020 04:46:45,0,0,0
14/11/2020 04:46:46,0,0,0
14/11/2020 04:46:47,0,0,0
14/11/2020 04:46:48,0,0,0
14/11/2020 04:46:49,0,0,0
14/11/2020 04:46:50,0,0,0
14/11/2020 04:46:51,0,0,0
14/11/2020 04:46:52,0,0,0
14/11/2020 04:46:53,0,0,0
14/11/2020 04:46:54,0,0,0
14/11/2020 04:46:55,0,0,0
14/11/2020 04:46:56,0,0,0
14/11/2020 04:46:57,0,0,0
14/11/2020 04:46:58,0,0,0
14/11/2020 04:46:59,0,0,0
14/11/2020 04:47:00,0,0,0
14/11/2020 04:47:01,0,0,0
14/11/2020 04:47:02,0,0,0
14/11/2020 04:47:03,0,0,0
14/11/2020 04:47:04,0,0,0
14/11/2020 04:47:05,0,0,0
14/11/2020 04:47:06,0,0,0
14/11/2020 04:47:07,0,0,0
14/11/2020 04:47:08,0,0,0
14/11/2020 04:47:09,0,0,0
14/11/2020 04:47:10,0,0,0
14/11/2020 04:47:11,0,0,0
14/11/2020 04:47:12,0,0,0
14/11/2020 04:47:13,0,0,0
14/11/2020 04:47:14,0,0,0
14/11/2020 04:47:15,0,0,0
14/11/2020 04:47:16,0,0,0
14/11/2020 04:47:17,0,0,0
14/11/2020 04:47:18,0,0,0
14/11/2020 04:47:19,0,0,0
14/11/2020 04:47:20,0,0,0
14/11/2020 04:47:21,0,0,0
14/11/2020 04:47:22,0,0,0
14/11/2020 04:47:23,0,0,0
14/11/2020 04:47:24,0,0,0
14/11/2020 04:47:25,0,0,0
14/11/2020 04:47:26,0,0,0
14/11/2020 04:47:27,0,0,0
14/11/2020 04:47:28,0,0,0
14/11/2020 04:47:29,0,0,0
14/11/2020 04:47:30,0,0,0
14/11/2020 04:47:31,0,0,0
14/11/2020 04:47:32,0,0,0
14/11/2020 04:47:33,0,0,0
14/11/2020 04:47:34,0,0,0
14/11/2020 04:47:35,0,0,0
14/11/2020 04:47:36,0,0,0
14/11/2020 04:47:37,0,0,0
14/11/2020 04:47:38,0,0,0
14/11/2020 04:47:39,0,0,0
14/11/2020 04:47:40,0,0,0
14/11/2020 04:47:41,0,0,0
14/11/2020 04:47:42,0,0,0
14/11/2020 04:47:43,0,0,0
14/11/2020 04:47:44,0,0,0
14/11/2020 04:47:45,0,0,0
14/11/2020 04:47:46,0,0,0
14/11/2020 04:47:47,0,0,0
14/11/2020 04:47:48,0,0,0
14/11/2020 04:47:49,0,0,0
14/11/2020 04:47:50,0,0,0
14/11/2020 04:47:51,0,0,0
14/11/2020 04:47:52,0,0,0
14/11/2020 04:47:53,0,0,0
14/11/2020 04:47:54,0,0,0
14/11/2020 04:47:55,0,0,0
14/11/2020 04:47:56,0,0,0
14/11/2020 04:47:57,0,0,0
14/11/2020 04:47:58,0,0,0
14/11/2020 04:47:59,0,0,0
14/11/2020 04:48:00,0,0,0
14/11/2020 04:48:01,0,0,0
14/11/2020 04:48:02,0,0,0
14/11/2020 04:48:03,0,0,0
14/11/2020 04:48:04,0,0,0
14/11/2020 04:48:05,0,0,0
14/11/2020 04:48:06,0,0,0
14/11/2020 04:48:07,0,0,0
14/11/2020 04:48:08,0,0,0
14/11/2020 04:48:09,0,0,0
14/11/2020 04:48:10,0,0,0
14/11/2020 04:48:11,0,0,0
14/11/2020 04:48:12,0,0,0
14/11/2020 04:48:13,0,0,0
14/11/2020 04:48:14,0,0,0
14/11/2020 04:48:15,0,0,0
14/11/2020 04:48:16,0,0,0
14/11/2020 04:48:17,0,0,0
14/11/2020 04:48:18,0,0,0
14/11/2020 04:48:19,0,0,0
14/11/2020 04:48:20,0,0,0
14/11/2020 04:48:21,0,0,0
14/11/2020 04:48:22,0,0,0
14/11/2020 04:48:23,0,0,0
14/11/2020 04:48:24,0,0,0
14/11/2020 04:48:25,0,0,0
14/11/2020 04:48:26,0,0,0
14/11/2020 04:48:27,0,0,0
14/11/2020 04:48:28,0,0,0
14/11/2020 04:48:29,0,0,0
14/11/2020 04:48:30,0,0,0
14/11/2020 04:48:31,0,0,0
14/11/2020 04:48:32,0,0,0
14/11/2020 04:48:33,0,0,0
14/11/2020 04:48:34,0,0,0
14/11/2020 04:48:35,0,0,0
14/11/2020 04:48:36,0,0,0
14/11/2020 04:48:37,0,0,0
14/11/2020 04:48:38,0,0,0
14/11/2020 04:48:39,0,0,0
14/11/2020 04:48:40,0,0,0
14/11/2020 04:48:41,0,0,0
14/11/2020 04:48:42,0,0,0
14/11/2020 04:48:43,0,0,0
14/11/2020 04:48:44,0,0,0
14/11/2020 04:48:45,0,0,0
14/11/2020 04:48:46,0,0,0
14/11/2020 04:48:47,0,0,0
14/11/2020 04:48:48,0,0,0
14/11/2020 04:48:49,0,0,0
14/11/2020 04:48:50,0,0,0
14/11/2020 04:48:51,0,0,0
14/11/2020 04:48:52,0,0,0
14/11/2020 04:48:53,0,0,0
14/11/2020 04:48:54,0,0,0
14/11/2020 04:48:55,0,0,0
14/11/2020 04:48:56,0,0,0
14/11/2020 04:48:57,0,0,0
14/11/2020 04:48:58,0,0,0
14/11/2020 04:48:59,0,0,0
14/11/2020 04:49:00,0,0,0
14/11/2020 04:49:01,0,0,0
14/11/2020 04:49:02,0,0,0
14/11/2020 04:49:03,0,0,0
14/11/2020 04:49:04,0,0,0
14/11/2020 04:49:05,0,0,0
14/11/2020 04:49:06,0,0,0
14/11/2020 04:49:07,0,0,0
14/11/2020 04:49:08,0,0,0
14/11/2020 04:49:09,0,0,0
14/11/2020 04:49:10,0,0,0
14/11/2020 04:49:11,0,0,0
14/11/2020 04:49:12,0,0,0
14/11/2020 04:49:13,0,0,0
14/11/2020 04:49:14,0,0,0
14/11/2020 04:49:15,0,0,0
14/11/2020 04:49:16,0,0,0
14/11/2020 04:49:17,0,0,0
14/11/2020 04:49:18,0,0,0
14/11/2020 04:49:19,0,0,0
14/11/2020 04:49:20,0,0,0
14/11/2020 04:49:21,0,0,0
14/11/2020 04:49:22,0,0,0
14/11/2020 04:49:23,0,0,0
14/11/2020 04:49:24,0,0,0
14/11/2020 04:49:25,0,0,0
14/11/2020 04:49:26,0,0,0
14/11/2020 04:49:27,0,0,0
14/11/2020 04:49:28,0,0,0
14/11/2020 04:49:29,0,0,0
14/11/2020 04:49:30,0,0,0
14/11/2020 04:49:31,0,0,0
14/11/2020 04:49:32,0,0,0
14/11/2020 04:49:33,0,0,0
14/11/2020 04:49:34,0,0,0
14/11/2020 04:49:35,0,0,0
14/11/2020 04:49:36,0,0,0
14/11/2020 04:49:37,0,0,0
14/11/2020 04:49:38,0,0,0
14/11/2020 04:49:39,0,0,0
14/11/2020 04:49:40,0,0,0
14/11/2020 04:49:41,0,0,0
14/11/2020 04:49:42,0,0,0
14/11/2020 04:49:43,0,0,0
14/11/2020 04:49:44,0,0,0
14/11/2020 04:49:45,0,0,0
14/11/2020 04:49:46,0,0,0
14/11/2020 04:49:47,0,0,0
14/11/2020 04:49:48,0,0,0
14/11/2020 04:49:49,0,0,0
14/11/2020 04:49:50,0,0,0
14/11/2020 04:49:51,0,0,0
14/11/2020 04:49:52,0,0,0
14/11/2020 04:49:53,0,0,0
14/11/2020 04:49:54,0,0,0
14/11/2020 04:49:55,0,0,0
14/11/2020 04:49:56,0,0,0
14/11/2020 04:49:57,0,0,0
14/11/2020 04:49:58,0,0,0
14/11/2020 04:49:59,0,0,0
14/11/2020 04:50:00,0,0,0
14/11/2020 04:50:01,0,0,0
14/11/2020 04:50:02,0,0,0
14/11/2020 04:50:03,0,0,0
14/11/2020 04:50:04,0,0,0
14/11/2020 04:50:05,0,0,0
14/11/2020 04:50:06,0,0,0
14/11/2020 04:50:07,0,0,0
14/11/2020 04:50:08,0,0,0
14/11/2020 04:50:09,0,0,0
14/11/2020 04:50:10,0,0,0
14/11/2020 04:50:11,0,0,0
14/11/2020 04:50:12,0,0,0
14/11/2020 04:50:13,0,0,0
14/11/2020 04:50:14,0,0,0
14/11/2020 04:50:15,0,0,0
14/11/2020 04:50:16,0,0,0
14/11/2020 04:50:17,0,0,0
14/11/2020 04:50:18,0,0,0
14/11/2020 04:50:19,0,0,0
14/11/2020 04:50:20,0,0,0
14/11/2020 04:50:21,0,0,0
14/11/2020 04:50:22,0,0,0
14/11/2020 04:50:23,0,0,0
14/11/2020 04:50:24,0,0,0
14/11/2020 04:50:25,0,0,0
14/11/2020 04:50:26,0,0,0
14/11/2020 04:50:27,0,0,0
14/11/2020 04:50:28,0,0,0
14/11/2020 04:50:29,0,0,0
14/11/2020 04:50:30,0,0,0
14/11/2020 04:50:31,0,0,0
14/11/2020 04:50:32,0,0,0
14/11/2020 04:50:33,0,0,0
14/11/2020 04:50:34,0,0,0
14/11/2020 04:50:35,0,0,0
14/11/2020 04:50:36,0,0,0
14/11/2020 04:50:37,0,0,0
14/11/2020 04:50:38,0,0,0
14/11/2020 04:50:39,0,0,0
14/11/2020 04:50:40,0,0,0
14/11/2020 04:50:41,0,0,0
14/11/2020 04:50:42,0,0,0
14/11/2020 04:50:43,0,0,0
14/11/2020 04:50:44,0,0,0
14/11/2020 04:50:45,0,0,0
14/11/2020 04:50:46,0,0,0
14/11/2020 04:50:47,0,0,0
14/11/2020 04:50:48,0,0,0
14/11/2020 04:50:49,0,0,0
14/11/2020 04:50:50,0,0,0
14/11/2020 04:50:51,0,0,0
14/11/2020 04:50:52,0,0,0
14/11/2020 04:50:53,0,0,0
14/11/2020 04:50:54,0,0,0
14/11/2020 04:50:55,0,0,0
14/11/2020 04:50:56,0,0,0
14/11/2020 04:50:57,0,0,0
14/11/2020 04:50:58,0,0,0
14/11/2020 04:50:59,0,0,0
14/11/2020 04:51:00,0,0,0
14/11/2020 04:51:01,0,0,0
14/11/2020 04:51:02,0,0,0
14/11/2020 04:51:03,0,0,0
14/11/2020 04:51:04,0,0,0
14/11/2020 04:51:05,0,0,0
14/11/2020 04:51:06,0,0,0
14/11/2020 04:51:07,0,0,0
14/11/2020 04:51:08,0,0,0
14/11/2020 04:51:09,0,0,0
14/11/2020 04:51:10,0,0,0
14/11/2020 04:51:11,0,0,0
14/11/2020 04:51:12,0,0,0
14/11/2020 04:51:13,0,0,0
14/11/2020 04:51:14,0,0,0
14/11/2020 04:51:15,0,0,0
14/11/2020 04:51:16,0,0,0
14/11/2020 04:51:17,0,0,0
14/11/2020 04:51:18,0,0,0
14/11/2020 04:51:19,0,0,0
14/11/2020 04:51:20,0,0,0
14/11/2020 04:51:21,0,0,0
14/11/2020 04:51:22,0,0,0
14/11/2020 04:51:23,0,0,0
14/11/2020 04:51:24,0,0,0
14/11/2020 04:51:25,0,0,0
14/11/2020 04:51:26,0,0,0
14/11/2020 04:51:27,0,0,0
14/11/2020 04:51:28,0,0,0
14/11/2020 04:51:29,0,0,0
14/11/2020 04:51:30,0,0,0
14/11/2020 04:51:31,0,0,0
14/11/2020 04:51:32,0,0,0
14/11/2020 04:51:33,0,0,0
14/11/2020 04:51:34,0,0,0
14/11/2020 04:51:35,0,0,0
14/11/2020 04:51:36,0,0,0
14/11/2020 04:51:37,0,0,0
14/11/2020 04:51:38,0,0,0
14/11/2020 04:51:39,0,0,0
14/11/2020 04:51:40,0,0,0
14/11/2020 04:51:41,0,0,0
14/11/2020 04:51:42,0,0,0
14/11/2020 04:51:43,0,0,0
14/11/2020 04:51:44,0,0,0
14/11/2020 04:51:45,0,0,0
14/11/2020 04:51:46,0,0,0
14/11/2020 04:51:47,0,0,0
14/11/2020 04:51:48,0,0,0
14/11/2020 04:51:49,0,0,0
14/11/2020 04:51:50,0,0,0
14/11/2020 04:51:51,0,0,0
14/11/2020 04:51:52,0,0,0
14/11/2020 04:51:53,0,0,0
14/11/2020 04:51:54,0,0,0
14/11/2020 04:51:55,0,0,0
14/11/2020 04:51:56,0,0,0
14/11/2020 04:51:57,0,0,0
14/11/2020 04:51:58,0,0,0
14/11/2020 04:51:59,0,0,0
14/11/2020 04:52:00,0,0,0
14/11/2020 04:52:01,0,0,0
14/11/2020 04:52:02,0,0,0
14/11/2020 04:52:03,0,0,0
14/11/2020 04:52:04,0,0,0
14/11/2020 04:52:05,0,0,0
14/11/2020 04:52:06,0,0,0
14/11/2020 04:52:07,0,0,0
14/11/2020 04:52:08,0,0,0
14/11/2020 04:52:09,0,0,0
14/11/2020 04:52:10,0,0,0
14/11/2020 04:52:11,0,0,0
14/11/2020 04:52:12,0,0,0
14/11/2020 04:52:13,0,0,0
14/11/2020 04:52:14,0,0,0
14/11/2020 04:52:15,0,0,0
14/11/2020 04:52:16,0,0,0
14/11/2020 04:52:17,0,0,0
14/11/2020 04:52:18,0,0,0
14/11/2020 04:52:19,0,0,0
14/11/2020 04:52:20,0,0,0
14/11/2020 04:52:21,0,0,0
14/11/2020 04:52:22,0,0,0
14/11/2020 04:52:23,0,0,0
14/11/2020 04:52:24,0,0,0
14/11/2020 04:52:25,0,0,0
14/11/2020 04:52:26,0,0,0
14/11/2020 04:52:27,0,0,0
14/11/2020 04:52:28,0,0,0
14/11/2020 04:52:29,0,0,0
14/11/2020 04:52:30,0,0,0
14/11/2020 04:52:31,0,0,0
14/11/2020 04:52:32,0,0,0
14/11/2020 04:52:33,0,0,0
14/11/2020 04:52:34,0,0,0
14/11/2020 04:52:35,0,0,0
14/11/2020 04:52:36,0,0,0
14/11/2020 04:52:37,0,0,0
14/11/2020 04:52:38,0,0,0
14/11/2020 04:52:39,0,0,0
14/11/2020 04:52:40,0,0,0
14/11/2020 04:52:41,0,0,0
14/11/2020 04:52:42,0,0,0
14/11/2020 04:52:43,0,0,0
14/11/2020 04:52:44,0,0,0
14/11/2020 04:52:45,0,0,0
14/11/2020 04:52:46,0,0,0
14/11/2020 04:52:47,0,0,0
14/11/2020 04:52:48,0,0,0
14/11/2020 04:52:49,0,0,0
14/11/2020 04:52:50,0,0,0
14/11/2020 04:52:51,0,0,0
14/11/2020 04:52:52,0,0,0
14/11/2020 04:52:53,0,0,0
14/11/2020 04:52:54,0,0,0
14/11/2020 04:52:55,0,0,0
14/11/2020 04:52:56,0,0,0
14/11/2020 04:52:57,0,0,0
14/11/2020 04:52:58,0,0,0
14/11/2020 04:52:59,0,0,0
14/11/2020 04:53:00,0,0,0
14/11/2020 04:53:01,0,0,0
14/11/2020 04:53:02,0,0,0
14/11/2020 04:53:03,0,0,0
14/11/2020 04:53:04,0,0,0
14/11/2020 04:53:05,0,0,0
14/11/2020 04:53:06,0,0,0
14/11/2020 04:53:07,0,0,0
14/11/2020 04:53:08,0,0,0
14/11/2020 04:53:09,0,0,0
14/11/2020 04:53:10,0,0,0
14/11/2020 04:53:11,0,0,0
14/11/2020 04:53:12,0,0,0
14/11/2020 04:53:13,0,0,0
14/11/2020 04:53:14,0,0,0
14/11/2020 04:53:15,0,0,0
14/11/2020 04:53:16,0,0,0
14/11/2020 04:53:17,0,0,0
14/11/2020 04:53:18,0,0,0
14/11/2020 04:53:19,0,0,0
14/11/2020 04:53:20,0,0,0
14/11/2020 04:53:21,0,0,0
14/11/2020 04:53:22,0,0,0
14/11/2020 04:53:23,0,0,0
14/11/2020 04:53:24,0,0,0
14/11/2020 04:53:25,0,0,0
14/11/2020 04:53:26,0,0,0
14/11/2020 04:53:27,0,0,0
14/11/2020 04:53:28,0,0,0
14/11/2020 04:53:29,0,0,0
14/11/2020 04:53:30,0,0,0
14/11/2020 04:53:31,0,0,0
14/11/2020 04:53:32,0,0,0
14/11/2020 04:53:33,0,0,0
14/11/2020 04:53:34,0,0,0
14/11/2020 04:53:35,0,0,0
14/11/2020 04:53:36,0,0,0
14/11/2020 04:53:37,0,0,0
14/11/2020 04:53:38,0,0,0
14/11/2020 04:53:39,0,0,0
14/11/2020 04:53:40,0,0,0
14/11/2020 04:53:41,0,0,0
14/11/2020 04:53:42,0,0,0
14/11/2020 04:53:43,0,0,0
14/11/2020 04:53:44,0,0,0
14/11/2020 04:53:45,0,0,0
14/11/2020 04:53:46,0,0,0
14/11/2020 04:53:47,0,0,0
14/11/2020 04:53:48,0,0,0
14/11/2020 04:53:49,0,0,0
14/11/2020 04:53:50,0,0,0
14/11/2020 04:53:51,0,0,0
14/11/2020 04:53:52,0,0,0
14/11/2020 04:53:53,0,0,0
14/11/2020 04:53:54,0,0,0
14/11/2020 04:53:55,0,0,0
14/11/2020 04:53:56,0,0,0
14/11/2020 04:53:57,0,0,0
14/11/2020 04:53:58,0,0,0
14/11/2020 04:53:59,0,0,0
14/11/2020 04:54:00,0,0,0
14/11/2020 04:54:01,0,0,0
14/11/2020 04:54:02,0,0,0
14/11/2020 04:54:03,0,0,0
14/11/2020 04:54:04,0,0,0
14/11/2020 04:54:05,0,0,0
14/11/2020 04:54:06,0,0,0
14/11/2020 04:54:07,0,0,0
14/11/2020 04:54:08,0,0,0
14/11/2020 04:54:09,0,0,0
14/11/2020 04:54:10,0,0,0
14/11/2020 04:54:11,0,0,0
14/11/2020 04:54:12,0,0,0
14/11/2020 04:54:13,0,0,0
14/11/2020 04:54:14,0,0,0
14/11/2020 04:54:15,0,0,0
14/11/2020 04:54:16,0,0,0
14/11/2020 04:54:17,0,0,0
14/11/2020 04:54:18,0,0,0
14/11/2020 04:54:19,0,0,0
14/11/2020 04:54:20,0,0,0
14/11/2020 04:54:21,0,0,0
14/11/2020 04:54:22,0,0,0
14/11/2020 04:54:23,0,0,0
14/11/2020 04:54:24,0,0,0
14/11/2020 04:54:25,0,0,0
14/11/2020 04:54:26,0,0,0
14/11/2020 04:54:27,0,0,0
14/11/2020 04:54:28,0,0,0
14/11/2020 04:54:29,0,0,0
14/11/2020 04:54:30,0,0,0
14/11/2020 04:54:31,0,0,0
14/11/2020 04:54:32,0,0,0
14/11/2020 04:54:33,0,0,0
14/11/2020 04:54:34,0,0,0
14/11/2020 04:54:35,0,0,0
14/11/2020 04:54:36,0,0,0
14/11/2020 04:54:37,0,0,0
14/11/2020 04:54:38,0,0,0
14/11/2020 04:54:39,0,0,0
14/11/2020 04:54:40,0,0,0
14/11/2020 04:54:41,0,0,0
14/11/2020 04:54:42,0,0,0
14/11/2020 04:54:43,0,0,0
14/11/2020 04:54:44,0,0,0
14/11/2020 04:54:45,0,0,0
14/11/2020 04:54:46,0,0,0
14/11/2020 04:54:47,0,0,0
14/11/2020 04:54:48,0,0,0
14/11/2020 04:54:49,0,0,0
14/11/2020 04:54:50,0,0,0
14/11/2020 04:54:51,0,0,0
14/11/2020 04:54:52,0,0,0
14/11/2020 04:54:53,0,0,0
14/11/2020 04:54:54,0,0,0
14/11/2020 04:54:55,0,0,0
14/11/2020 04:54:56,0,0,0
14/11/2020 04:54:57,0,0,0
14/11/2020 04:54:58,0,0,0
14/11/2020 04:54:59,0,0,0
14/11/2020 04:55:00,0,0,0
14/11/2020 04:55:01,0,0,0
14/11/2020 04:55:02,0,0,0
14/11/2020 04:55:03,0,0,0
14/11/2020 04:55:04,0,0,0
14/11/2020 04:55:05,0,0,0
14/11/2020 04:55:06,0,0,0
14/11/2020 04:55:07,0,0,0
14/11/2020 04:55:08,0,0,0
14/11/2020 04:55:09,0,0,0
14/11/2020 04:55:10,0,0,0
14/11/2020 04:55:11,0,0,0
14/11/2020 04:55:12,0,0,0
14/11/2020 04:55:13,0,0,0
14/11/2020 04:55:14,0,0,0
14/11/2020 04:55:15,0,0,0
14/11/2020 04:55:16,0,0,0
14/11/2020 04:55:17,0,0,0
14/11/2020 04:55:18,0,0,0
14/11/2020 04:55:19,0,0,0
14/11/2020 04:55:20,0,0,0
14/11/2020 04:55:21,0,0,0
14/11/2020 04:55:22,0,0,0
14/11/2020 04:55:23,0,0,0
14/11/2020 04:55:24,0,0,0
14/11/2020 04:55:25,0,0,0
14/11/2020 04:55:26,0,0,0
14/11/2020 04:55:27,0,0,0
14/11/2020 04:55:28,0,0,0
14/11/2020 04:55:29,0,0,0
14/11/2020 04:55:30,0,0,0
14/11/2020 04:55:31,0,0,0
14/11/2020 04:55:32,0,0,0
14/11/2020 04:55:33,0,0,0
14/11/2020 04:55:34,0,0,0
14/11/2020 04:55:35,0,0,0
14/11/2020 04:55:36,0,0,0
14/11/2020 04:55:37,0,0,0
14/11/2020 04:55:38,0,0,0
14/11/2020 04:55:39,0,0,0
14/11/2020 04:55:40,0,0,0
14/11/2020 04:55:41,0,0,0
14/11/2020 04:55:42,0,0,0
14/11/2020 04:55:43,0,0,0
14/11/2020 04:55:44,0,0,0
14/11/2020 04:55:45,0,0,0
14/11/2020 04:55:46,0,0,0
14/11/2020 04:55:47,0,0,0
14/11/2020 04:55:48,0,0,0
14/11/2020 04:55:49,0,0,0
14/11/2020 04:55:50,0,0,0
14/11/2020 04:55:51,0,0,0
14/11/2020 04:55:52,0,0,0
14/11/2020 04:55:53,0,0,0
14/11/2020 04:55:54,0,0,0
14/11/2020 04:55:55,0,0,0
14/11/2020 04:55:56,0,0,0
14/11/2020 04:55:57,0,0,0
14/11/2020 04:55:58,0,0,0
14/11/2020 04:55:59,0,0,0
14/11/2020 04:56:00,0,0,0
14/11/2020 04:56:01,0,0,0
14/11/2020 04:56:02,0,0,0
14/11/2020 04:56:03,0,0,0
14/11/2020 04:56:04,0,0,0
14/11/2020 04:56:05,0,0,0
14/11/2020 04:56:06,0,0,0
14/11/2020 04:56:07,0,0,0
14/11/2020 04:56:08,0,0,0
14/11/2020 04:56:09,0,0,0
14/11/2020 04:56:10,0,0,0
14/11/2020 04:56:11,0,0,0
14/11/2020 04:56:12,0,0,0
14/11/2020 04:56:13,0,0,0
14/11/2020 04:56:14,0,0,0
14/11/2020 04:56:15,0,0,0
14/11/2020 04:56:16,0,0,0
14/11/2020 04:56:17,0,0,0
14/11/2020 04:56:18,0,0,0
14/11/2020 04:56:19,0,0,0
14/11/2020 04:56:20,0,0,0
14/11/2020 04:56:21,0,0,0
14/11/2020 04:56:22,0,0,0
14/11/2020 04:56:23,0,0,0
14/11/2020 04:56:24,0,0,0
14/11/2020 04:56:25,0,0,0
14/11/2020 04:56:26,0,0,0
14/11/2020 04:56:27,0,0,0
14/11/2020 04:56:28,0,0,0
14/11/2020 04:56:29,0,0,0
14/11/2020 04:56:30,0,0,0
14/11/2020 04:56:31,0,0,0
14/11/2020 04:56:32,0,0,0
14/11/2020 04:56:33,0,0,0
14/11/2020 04:56:34,0,0,0
14/11/2020 04:56:35,0,0,0
14/11/2020 04:56:36,0,0,0
14/11/2020 04:56:37,0,0,0
14/11/2020 04:56:38,0,0,0
14/11/2020 04:56:39,0,0,0
14/11/2020 04:56:40,0,0,0
14/11/2020 04:56:41,0,0,0
14/11/2020 04:56:42,0,0,0
14/11/2020 04:56:43,0,0,0
14/11/2020 04:56:44,0,0,0
14/11/2020 04:56:45,0,0,0
14/11/2020 04:56:46,0,0,0
14/11/2020 04:56:47,0,0,0
14/11/2020 04:56:48,0,0,0
14/11/2020 04:56:49,0,0,0
14/11/2020 04:56:50,0,0,0
14/11/2020 04:56:51,0,0,0
14/11/2020 04:56:52,0,0,0
14/11/2020 04:56:53,0,0,0
14/11/2020 04:56:54,0,0,0
14/11/2020 04:56:55,0,0,0
14/11/2020 04:56:56,0,0,0
14/11/2020 04:56:57,0,0,0
14/11/2020 04:56:58,0,0,0
14/11/2020 04:56:59,0,0,0
14/11/2020 04:57:00,0,0,0
14/11/2020 04:57:01,0,0,0
14/11/2020 04:57:02,0,0,0
14/11/2020 04:57:03,0,0,0
14/11/2020 04:57:04,0,0,0
14/11/2020 04:57:05,0,0,0
14/11/2020 04:57:06,0,0,0
14/11/2020 04:57:07,0,0,0
14/11/2020 04:57:08,0,0,0
14/11/2020 04:57:09,0,0,0
14/11/2020 04:57:10,0,0,0
14/11/2020 04:57:11,0,0,0
14/11/2020 04:57:12,0,0,0
14/11/2020 04:57:13,0,0,0
14/11/2020 04:57:14,0,0,0
14/11/2020 04:57:15,0,0,0
14/11/2020 04:57:16,0,0,0
14/11/2020 04:57:17,0,0,0
14/11/2020 04:57:18,0,0,0
14/11/2020 04:57:19,0,0,0
14/11/2020 04:57:20,0,0,0
14/11/2020 04:57:21,0,0,0
14/11/2020 04:57:22,0,0,0
14/11/2020 04:57:23,0,0,0
14/11/2020 04:57:24,0,0,0
14/11/2020 04:57:25,0,0,0
14/11/2020 04:57:26,0,0,0
14/11/2020 04:57:27,0,0,0
14/11/2020 04:57:28,0,0,0
14/11/2020 04:57:29,0,0,0
14/11/2020 04:57:30,0,0,0
14/11/2020 04:57:31,0,0,0
14/11/2020 04:57:32,0,0,0
14/11/2020 04:57:33,0,0,0
14/11/2020 04:57:34,0,0,0
14/11/2020 04:57:35,0,0,0
14/11/2020 04:57:36,0,0,0
14/11/2020 04:57:37,0,0,0
14/11/2020 04:57:38,0,0,0
14/11/2020 04:57:39,0,0,0
14/11/2020 04:57:40,0,0,0
14/11/2020 04:57:41,0,0,0
14/11/2020 04:57:42,0,0,0
14/11/2020 04:57:43,0,0,0
14/11/2020 04:57:44,0,0,0
14/11/2020 04:57:45,0,0,0
14/11/2020 04:57:46,0,0,0
14/11/2020 04:57:47,0,0,0
14/11/2020 04:57:48,0,0,0
14/11/2020 04:57:49,0,0,0
14/11/2020 04:57:50,0,0,0
14/11/2020 04:57:51,0,0,0
14/11/2020 04:57:52,0,0,0
14/11/2020 04:57:53,0,0,0
14/11/2020 04:57:54,0,0,0
14/11/2020 04:57:55,0,0,0
14/11/2020 04:57:56,0,0,0
14/11/2020 04:57:57,0,0,0
14/11/2020 04:57:58,0,0,0
14/11/2020 04:57:59,0,0,0
14/11/2020 04:58:00,0,0,0
14/11/2020 04:58:01,0,0,0
14/11/2020 04:58:02,0,0,0
14/11/2020 04:58:03,0,0,0
14/11/2020 04:58:04,0,0,0
14/11/2020 04:58:05,0,0,0
14/11/2020 04:58:06,0,0,0
14/11/2020 04:58:07,0,0,0
14/11/2020 04:58:08,0,0,0
14/11/2020 04:58:09,0,0,0
14/11/2020 04:58:10,0,0,0
14/11/2020 04:58:11,0,0,0
14/11/2020 04:58:12,0,0,0
14/11/2020 04:58:13,0,0,0
14/11/2020 04:58:14,0,0,0
14/11/2020 04:58:15,0,0,0
14/11/2020 04:58:16,0,0,0
14/11/2020 04:58:17,0,0,0
14/11/2020 04:58:18,0,0,0
14/11/2020 04:58:19,0,0,0
14/11/2020 04:58:20,0,0,0
14/11/2020 04:58:21,0,0,0
14/11/2020 04:58:22,0,0,0
14/11/2020 04:58:23,0,0,0
14/11/2020 04:58:24,0,0,0
14/11/2020 04:58:25,0,0,0
14/11/2020 04:58:26,0,0,0
14/11/2020 04:58:27,0,0,0
14/11/2020 04:58:28,0,0,0
14/11/2020 04:58:29,0,0,0
14/11/2020 04:58:30,0,0,0
14/11/2020 04:58:31,0,0,0
14/11/2020 04:58:32,0,0,0
14/11/2020 04:58:33,0,0,0
14/11/2020 04:58:34,0,0,0
14/11/2020 04:58:35,0,0,0
14/11/2020 04:58:36,0,0,0
14/11/2020 04:58:37,0,0,0
14/11/2020 04:58:38,0,0,0
14/11/2020 04:58:39,0,0,0
14/11/2020 04:58:40,0,0,0
14/11/2020 04:58:41,0,0,0
14/11/2020 04:58:42,0,0,0
14/11/2020 04:58:43,0,0,0
14/11/2020 04:58:44,0,0,0
14/11/2020 04:58:45,0,0,0
14/11/2020 04:58:46,0,0,0
14/11/2020 04:58:47,0,0,0
14/11/2020 04:58:48,0,0,0
14/11/2020 04:58:49,0,0,0
14/11/2020 04:58:50,0,0,0
14/11/2020 04:58:51,0,0,0
14/11/2020 04:58:52,0,0,0
14/11/2020 04:58:53,0,0,0
14/11/2020 04:58:54,0,0,0
14/11/2020 04:58:55,0,0,0
14/11/2020 04:58:56,0,0,0
14/11/2020 04:58:57,0,0,0
14/11/2020 04:58:58,0,0,0
14/11/2020 04:58:59,0,0,0
14/11/2020 04:59:00,0,0,0
14/11/2020 04:59:01,0,0,0
14/11/2020 04:59:02,0,0,0
14/11/2020 04:59:03,0,0,0
14/11/2020 04:59:04,0,0,0
14/11/2020 04:59:05,0,0,0
14/11/2020 04:59:06,0,0,0
14/11/2020 04:59:07,0,0,0
14/11/2020 04:59:08,0,0,0
14/11/2020 04:59:09,0,0,0
14/11/2020 04:59:10,0,0,0
14/11/2020 04:59:11,0,0,0
14/11/2020 04:59:12,0,0,0
14/11/2020 04:59:13,0,0,0
14/11/2020 04:59:14,0,0,0
14/11/2020 04:59:15,0,0,0
14/11/2020 04:59:16,0,0,0
14/11/2020 04:59:17,0,0,0
14/11/2020 04:59:18,0,0,0
14/11/2020 04:59:19,0,0,0
14/11/2020 04:59:20,0,0,0
14/11/2020 04:59:21,0,0,0
14/11/2020 04:59:22,0,0,0
14/11/2020 04:59:23,0,0,0
14/11/2020 04:59:24,0,0,0
14/11/2020 04:59:25,0,0,0
14/11/2020 04:59:26,0,0,0
14/11/2020 04:59:27,0,0,0
14/11/2020 04:59:28,0,0,0
14/11/2020 04:59:29,0,0,0
14/11/2020 04:59:30,0,0,0
14/11/2020 04:59:31,0,0,0
14/11/2020 04:59:32,0,0,0
14/11/2020 04:59:33,0,0,0
14/11/2020 04:59:34,0,0,0
14/11/2020 04:59:35,0,0,0
14/11/2020 04:59:36,0,0,0
14/11/2020 04:59:37,0,0,0
14/11/2020 04:59:38,0,0,0
14/11/2020 04:59:39,0,0,0
14/11/2020 04:59:40,0,0,0
14/11/2020 04:59:41,0,0,0
14/11/2020 04:59:42,0,0,0
14/11/2020 04:59:43,0,0,0
14/11/2020 04:59:44,0,0,0
14/11/2020 04:59:45,0,0,0
14/11/2020 04:59:46,0,0,0
14/11/2020 04:59:47,0,0,0
14/11/2020 04:59:48,0,0,0
14/11/2020 04:59:49,0,0,0
14/11/2020 04:59:50,0,0,0
14/11/2020 04:59:51,0,0,0
14/11/2020 04:59:52,0,0,0
14/11/2020 04:59:53,0,0,0
14/11/2020 04:59:54,0,0,0
14/11/2020 04:59:55,0,0,0
14/11/2020 04:59:56,0,0,0
14/11/2020 04:59:57,0,0,0
14/11/2020 04:59:58,0,0,0
14/11/2020 04:59:59,0,0,0
14/11/2020 05:00:00,0,0,0
14/11/2020 05:00:01,0,0,0
14/11/2020 05:00:02,0,0,0
14/11/2020 05:00:03,0,0,0
14/11/2020 05:00:04,0,0,0
14/11/2020 05:00:05,0,0,0
14/11/2020 05:00:06,0,0,0
14/11/2020 05:00:07,0,0,0
14/11/2020 05:00:08,0,0,0
14/11/2020 05:00:09,0,0,0
14/11/2020 05:00:10,0,0,0
14/11/2020 05:00:11,0,0,0
14/11/2020 05:00:12,0,0,0
14/11/2020 05:00:13,0,0,0
14/11/2020 05:00:14,0,0,0
14/11/2020 05:00:15,0,0,0
14/11/2020 05:00:16,0,0,0
14/11/2020 05:00:17,0,0,0
14/11/2020 05:00:18,0,0,0
14/11/2020 05:00:19,0,0,0
14/11/2020 05:00:20,0,0,0
14/11/2020 05:00:21,0,0,0
14/11/2020 05:00:22,0,0,0
14/11/2020 05:00:23,0,0,0
14/11/2020 05:00:24,0,0,0
14/11/2020 05:00:25,0,0,0
14/11/2020 05:00:26,0,0,0
14/11/2020 05:00:27,0,0,0
14/11/2020 05:00:28,0,0,0
14/11/2020 05:00:29,0,0,0
14/11/2020 05:00:30,0,0,0
14/11/2020 05:00:31,0,0,0
14/11/2020 05:00:32,0,0,0
14/11/2020 05:00:33,0,0,0
14/11/2020 05:00:34,0,0,0
14/11/2020 05:00:35,0,0,0
14/11/2020 05:00:36,0,0,0
14/11/2020 05:00:37,0,0,0
14/11/2020 05:00:38,0,0,0
14/11/2020 05:00:39,0,0,0
14/11/2020 05:00:40,0,0,0
14/11/2020 05:00:41,0,0,0
14/11/2020 05:00:42,0,0,0
14/11/2020 05:00:43,0,0,0
14/11/2020 05:00:44,0,0,0
14/11/2020 05:00:45,0,0,0
14/11/2020 05:00:46,0,0,0
14/11/2020 05:00:47,0,0,0
14/11/2020 05:00:48,0,0,0
14/11/2020 05:00:49,0,0,0
14/11/2020 05:00:50,0,0,0
14/11/2020 05:00:51,0,0,0
14/11/2020 05:00:52,0,0,0
14/11/2020 05:00:53,0,0,0
14/11/2020 05:00:54,0,0,0
14/11/2020 05:00:55,0,0,0
14/11/2020 05:00:56,0,0,0
14/11/2020 05:00:57,0,0,0
14/11/2020 05:00:58,0,0,0
14/11/2020 05:00:59,0,0,0
14/11/2020 05:01:00,0,0,0
14/11/2020 05:01:01,0,0,0
14/11/2020 05:01:02,0,0,0
14/11/2020 05:01:03,0,0,0
14/11/2020 05:01:04,0,0,0
14/11/2020 05:01:05,0,0,0
14/11/2020 05:01:06,0,0,0
14/11/2020 05:01:07,0,0,0
14/11/2020 05:01:08,0,0,0
14/11/2020 05:01:09,0,0,0
14/11/2020 05:01:10,0,0,0
14/11/2020 05:01:11,0,0,0
14/11/2020 05:01:12,0,0,0
14/11/2020 05:01:13,0,0,0
14/11/2020 05:01:14,0,0,0
14/11/2020 05:01:15,0,0,0
14/11/2020 05:01:16,0,0,0
14/11/2020 05:01:17,0,0,0
14/11/2020 05:01:18,0,0,0
14/11/2020 05:01:19,0,0,0
14/11/2020 05:01:20,0,0,0
14/11/2020 05:01:21,0,0,0
14/11/2020 05:01:22,0,0,0
14/11/2020 05:01:23,0,0,0
14/11/2020 05:01:24,0,0,0
14/11/2020 05:01:25,0,0,0
14/11/2020 05:01:26,0,0,0
14/11/2020 05:01:27,0,0,0
14/11/2020 05:01:28,0,0,0
14/11/2020 05:01:29,0,0,0
14/11/2020 05:01:30,0,0,0
14/11/2020 05:01:31,0,0,0
14/11/2020 05:01:32,0,0,0
14/11/2020 05:01:33,0,0,0
14/11/2020 05:01:34,0,0,0
14/11/2020 05:01:35,0,0,0
14/11/2020 05:01:36,0,0,0
14/11/2020 05:01:37,0,0,0
14/11/2020 05:01:38,0,0,0
14/11/2020 05:01:39,0,0,0
14/11/2020 05:01:40,0,0,0
14/11/2020 05:01:41,0,0,0
14/11/2020 05:01:42,0,0,0
14/11/2020 05:01:43,0,0,0
14/11/2020 05:01:44,0,0,0
14/11/2020 05:01:45,0,0,0
14/11/2020 05:01:46,0,0,0
14/11/2020 05:01:47,0,0,0
14/11/2020 05:01:48,0,0,0
14/11/2020 05:01:49,0,0,0
14/11/2020 05:01:50,0,0,0
14/11/2020 05:01:51,0,0,0
14/11/2020 05:01:52,0,0,0
14/11/2020 05:01:53,0,0,0
14/11/2020 05:01:54,0,0,0
14/11/2020 05:01:55,0,0,0
14/11/2020 05:01:56,0,0,0
14/11/2020 05:01:57,0,0,0
14/11/2020 05:01:58,0,0,0
14/11/2020 05:01:59,0,0,0
14/11/2020 05:02:00,0,0,0
14/11/2020 05:02:01,0,0,0
14/11/2020 05:02:02,0,0,0
14/11/2020 05:02:03,0,0,0
14/11/2020 05:02:04,0,0,0
14/11/2020 05:02:05,0,0,0
14/11/2020 05:02:06,0,0,0
14/11/2020 05:02:07,0,0,0
14/11/2020 05:02:08,0,0,0
14/11/2020 05:02:09,0,0,0
14/11/2020 05:02:10,0,0,0
14/11/2020 05:02:11,0,0,0
14/11/2020 05:02:12,0,0,0
14/11/2020 05:02:13,0,0,0
14/11/2020 05:02:14,0,0,0
14/11/2020 05:02:15,0,0,0
14/11/2020 05:02:16,0,0,0
14/11/2020 05:02:17,0,0,0
14/11/2020 05:02:18,0,0,0
14/11/2020 05:02:19,0,0,0
14/11/2020 05:02:20,0,0,0
14/11/2020 05:02:21,0,0,0
14/11/2020 05:02:22,0,0,0
14/11/2020 05:02:23,0,0,0
14/11/2020 05:02:24,0,0,0
14/11/2020 05:02:25,0,0,0
14/11/2020 05:02:26,0,0,0
14/11/2020 05:02:27,0,0,0
14/11/2020 05:02:28,0,0,0
14/11/2020 05:02:29,0,0,0
14/11/2020 05:02:30,0,0,0
14/11/2020 05:02:31,0,0,0
14/11/2020 05:02:32,0,0,0
14/11/2020 05:02:33,0,0,0
14/11/2020 05:02:34,0,0,0
14/11/2020 05:02:35,0,0,0
14/11/2020 05:02:36,0,0,0
14/11/2020 05:02:37,0,0,0
14/11/2020 05:02:38,0,0,0
14/11/2020 05:02:39,0,0,0
14/11/2020 05:02:40,0,0,0
14/11/2020 05:02:41,0,0,0
14/11/2020 05:02:42,0,0,0
14/11/2020 05:02:43,0,0,0
14/11/2020 05:02:44,0,0,0
14/11/2020 05:02:45,0,0,0
14/11/2020 05:02:46,0,0,0
14/11/2020 05:02:47,0,0,0
14/11/2020 05:02:48,0,0,0
14/11/2020 05:02:49,0,0,0
14/11/2020 05:02:50,0,0,0
14/11/2020 05:02:51,0,0,0
14/11/2020 05:02:52,0,0,0
14/11/2020 05:02:53,0,0,0
14/11/2020 05:02:54,0,0,0
14/11/2020 05:02:55,0,0,0
14/11/2020 05:02:56,0,0,0
14/11/2020 05:02:57,0,0,0
14/11/2020 05:02:58,0,0,0
14/11/2020 05:02:59,0,0,0
14/11/2020 05:03:00,0,0,0
14/11/2020 05:03:01,0,0,0
14/11/2020 05:03:02,0,0,0
14/11/2020 05:03:03,0,0,0
14/11/2020 05:03:04,0,0,0
14/11/2020 05:03:05,0,0,0
14/11/2020 05:03:06,0,0,0
14/11/2020 05:03:07,0,0,0
14/11/2020 05:03:08,0,0,0
14/11/2020 05:03:09,0,0,0
14/11/2020 05:03:10,0,0,0
14/11/2020 05:03:11,0,0,0
14/11/2020 05:03:12,0,0,0
14/11/2020 05:03:13,0,0,0
14/11/2020 05:03:14,0,0,0
14/11/2020 05:03:15,0,0,0
14/11/2020 05:03:16,0,0,0
14/11/2020 05:03:17,0,0,0
14/11/2020 05:03:18,0,0,0
14/11/2020 05:03:19,0,0,0
14/11/2020 05:03:20,0,0,0
14/11/2020 05:03:21,0,0,0
14/11/2020 05:03:22,0,0,0
14/11/2020 05:03:23,0,0,0
14/11/2020 05:03:24,0,0,0
14/11/2020 05:03:25,0,0,0
14/11/2020 05:03:26,0,0,0
14/11/2020 05:03:27,0,0,0
14/11/2020 05:03:28,0,0,0
14/11/2020 05:03:29,0,0,0
14/11/2020 05:03:30,0,0,0
14/11/2020 05:03:31,0,0,0
14/11/2020 05:03:32,0,0,0
14/11/2020 05:03:33,0,0,0
14/11/2020 05:03:34,0,0,0
14/11/2020 05:03:35,0,0,0
14/11/2020 05:03:36,0,0,0
14/11/2020 05:03:37,0,0,0
14/11/2020 05:03:38,0,0,0
14/11/2020 05:03:39,0,0,0
14/11/2020 05:03:40,0,0,0
14/11/2020 05:03:41,0,0,0
14/11/2020 05:03:42,0,0,0
14/11/2020 05:03:43,0,0,0
14/11/2020 05:03:44,0,0,0
14/11/2020 05:03:45,0,0,0
14/11/2020 05:03:46,0,0,0
14/11/2020 05:03:47,0,0,0
14/11/2020 05:03:48,0,0,0
14/11/2020 05:03:49,0,0,0
14/11/2020 05:03:50,0,0,0
14/11/2020 05:03:51,0,0,0
14/11/2020 05:03:52,0,0,0
14/11/2020 05:03:53,0,0,0
14/11/2020 05:03:54,0,0,0
14/11/2020 05:03:55,0,0,0
14/11/2020 05:03:56,0,0,0
14/11/2020 05:03:57,0,0,0
14/11/2020 05:03:58,0,0,0
14/11/2020 05:03:59,0,0,0
14/11/2020 05:04:00,0,0,0
14/11/2020 05:04:01,0,0,0
14/11/2020 05:04:02,0,0,0
14/11/2020 05:04:03,0,0,0
14/11/2020 05:04:04,0,0,0
14/11/2020 05:04:05,0,0,0
14/11/2020 05:04:06,0,0,0
14/11/2020 05:04:07,0,0,0
14/11/2020 05:04:08,0,0,0
14/11/2020 05:04:09,0,0,0
14/11/2020 05:04:10,0,0,0
14/11/2020 05:04:11,0,0,0
14/11/2020 05:04:12,0,0,0
14/11/2020 05:04:13,0,0,0
14/11/2020 05:04:14,0,0,0
14/11/2020 05:04:15,0,0,0
14/11/2020 05:04:16,0,0,0
14/11/2020 05:04:17,0,0,0
14/11/2020 05:04:18,0,0,0
14/11/2020 05:04:19,0,0,0
14/11/2020 05:04:20,0,0,0
14/11/2020 05:04:21,0,0,0
14/11/2020 05:04:22,0,0,0
14/11/2020 05:04:23,0,0,0
14/11/2020 05:04:24,0,0,0
14/11/2020 05:04:25,0,0,0
14/11/2020 05:04:26,0,0,0
14/11/2020 05:04:27,0,0,0
14/11/2020 05:04:28,0,0,0
14/11/2020 05:04:29,0,0,0
14/11/2020 05:04:30,0,0,0
14/11/2020 05:04:31,0,0,0
14/11/2020 05:04:32,0,0,0
14/11/2020 05:04:33,0,0,0
14/11/2020 05:04:34,0,0,0
14/11/2020 05:04:35,0,0,0
14/11/2020 05:04:36,0,0,0
14/11/2020 05:04:37,0,0,0
14/11/2020 05:04:38,0,0,0
14/11/2020 05:04:39,0,0,0
14/11/2020 05:04:40,0,0,0
14/11/2020 05:04:41,0,0,0
14/11/2020 05:04:42,0,0,0
14/11/2020 05:04:43,0,0,0
14/11/2020 05:04:44,0,0,0
14/11/2020 05:04:45,0,0,0
14/11/2020 05:04:46,0,0,0
14/11/2020 05:04:47,0,0,0
14/11/2020 05:04:48,0,0,0
14/11/2020 05:04:49,0,0,0
14/11/2020 05:04:50,0,0,0
14/11/2020 05:04:51,0,0,0
14/11/2020 05:04:52,0,0,0
14/11/2020 05:04:53,0,0,0
14/11/2020 05:04:54,0,0,0
14/11/2020 05:04:55,0,0,0
14/11/2020 05:04:56,0,0,0
14/11/2020 05:04:57,0,0,0
14/11/2020 05:04:58,0,0,0
14/11/2020 05:04:59,0,0,0
14/11/2020 05:05:00,0,0,0
14/11/2020 05:05:01,0,0,0
14/11/2020 05:05:02,0,0,0
14/11/2020 05:05:03,0,0,0
14/11/2020 05:05:04,0,0,0
14/11/2020 05:05:05,0,0,0
14/11/2020 05:05:06,0,0,0
14/11/2020 05:05:07,0,0,0
14/11/2020 05:05:08,0,0,0
14/11/2020 05:05:09,0,0,0
14/11/2020 05:05:10,0,0,0
14/11/2020 05:05:11,0,0,0
14/11/2020 05:05:12,0,0,0
14/11/2020 05:05:13,0,0,0
14/11/2020 05:05:14,0,0,0
14/11/2020 05:05:15,0,0,0
14/11/2020 05:05:16,0,0,0
14/11/2020 05:05:17,0,0,0
14/11/2020 05:05:18,0,0,0
14/11/2020 05:05:19,0,0,0
14/11/2020 05:05:20,0,0,0
14/11/2020 05:05:21,0,0,0
14/11/2020 05:05:22,0,0,0
14/11/2020 05:05:23,0,0,0
14/11/2020 05:05:24,0,0,0
14/11/2020 05:05:25,0,0,0
14/11/2020 05:05:26,0,0,0
14/11/2020 05:05:27,0,0,0
14/11/2020 05:05:28,0,0,0
14/11/2020 05:05:29,0,0,0
14/11/2020 05:05:30,0,0,0
14/11/2020 05:05:31,0,0,0
14/11/2020 05:05:32,0,0,0
14/11/2020 05:05:33,0,0,0
14/11/2020 05:05:34,0,0,0
14/11/2020 05:05:35,0,0,0
14/11/2020 05:05:36,0,0,0
14/11/2020 05:05:37,0,0,0
14/11/2020 05:05:38,0,0,0
14/11/2020 05:05:39,0,0,0
14/11/2020 05:05:40,0,0,0
14/11/2020 05:05:41,0,0,0
14/11/2020 05:05:42,0,0,0
14/11/2020 05:05:43,0,0,0
14/11/2020 05:05:44,0,0,0
14/11/2020 05:05:45,0,0,0
14/11/2020 05:05:46,0,0,0
14/11/2020 05:05:47,0,0,0
14/11/2020 05:05:48,0,0,0
14/11/2020 05:05:49,0,0,0
14/11/2020 05:05:50,0,0,0
14/11/2020 05:05:51,0,0,0
14/11/2020 05:05:52,0,0,0
14/11/2020 05:05:53,0,0,0
14/11/2020 05:05:54,0,0,0
14/11/2020 05:05:55,0,0,0
14/11/2020 05:05:56,0,0,0
14/11/2020 05:05:57,0,0,0
14/11/2020 05:05:58,0,0,0
14/11/2020 05:05:59,0,0,0
14/11/2020 05:06:00,0,0,0
14/11/2020 05:06:01,0,0,0
14/11/2020 05:06:02,0,0,0
14/11/2020 05:06:03,0,0,0
14/11/2020 05:06:04,0,0,0
14/11/2020 05:06:05,0,0,0
14/11/2020 05:06:06,0,0,0
14/11/2020 05:06:07,0,0,0
14/11/2020 05:06:08,0,0,0
14/11/2020 05:06:09,0,0,0
14/11/2020 05:06:10,0,0,0
14/11/2020 05:06:11,0,0,0
14/11/2020 05:06:12,0,0,0
14/11/2020 05:06:13,0,0,0
14/11/2020 05:06:14,0,0,0
14/11/2020 05:06:15,0,0,0
14/11/2020 05:06:16,0,0,0
14/11/2020 05:06:17,0,0,0
14/11/2020 05:06:18,0,0,0
14/11/2020 05:06:19,0,0,0
14/11/2020 05:06:20,0,0,0
14/11/2020 05:06:21,0,0,0
14/11/2020 05:06:22,0,0,0
14/11/2020 05:06:23,0,0,0
14/11/2020 05:06:24,0,0,0
14/11/2020 05:06:25,0,0,0
14/11/2020 05:06:26,0,0,0
14/11/2020 05:06:27,0,0,0
14/11/2020 05:06:28,0,0,0
14/11/2020 05:06:29,0,0,0
14/11/2020 05:06:30,0,0,0
14/11/2020 05:06:31,0,0,0
14/11/2020 05:06:32,0,0,0
14/11/2020 05:06:33,0,0,0
14/11/2020 05:06:34,0,0,0
14/11/2020 05:06:35,0,0,0
14/11/2020 05:06:36,0,0,0
14/11/2020 05:06:37,0,0,0
14/11/2020 05:06:38,0,0,0
14/11/2020 05:06:39,0,0,0
14/11/2020 05:06:40,0,0,0
14/11/2020 05:06:41,0,0,0
14/11/2020 05:06:42,0,0,0
14/11/2020 05:06:43,0,0,0
14/11/2020 05:06:44,0,0,0
14/11/2020 05:06:45,0,0,0
14/11/2020 05:06:46,0,0,0
14/11/2020 05:06:47,0,0,0
14/11/2020 05:06:48,0,0,0
14/11/2020 05:06:49,0,0,0
14/11/2020 05:06:50,0,0,0
14/11/2020 05:06:51,0,0,0
14/11/2020 05:06:52,0,0,0
14/11/2020 05:06:53,0,0,0
14/11/2020 05:06:54,0,0,0
14/11/2020 05:06:55,0,0,0
14/11/2020 05:06:56,0,0,0
14/11/2020 05:06:57,0,0,0
14/11/2020 05:06:58,0,0,0
14/11/2020 05:06:59,0,0,0
14/11/2020 05:07:00,0,0,0
14/11/2020 05:07:01,0,0,0
14/11/2020 05:07:02,0,0,0
14/11/2020 05:07:03,0,0,0
14/11/2020 05:07:04,0,0,0
14/11/2020 05:07:05,0,0,0
14/11/2020 05:07:06,0,0,0
14/11/2020 05:07:07,0,0,0
14/11/2020 05:07:08,0,0,0
14/11/2020 05:07:09,0,0,0
14/11/2020 05:07:10,0,0,0
14/11/2020 05:07:11,0,0,0
14/11/2020 05:07:12,0,0,0
14/11/2020 05:07:13,0,0,0
14/11/2020 05:07:14,0,0,0
14/11/2020 05:07:15,0,0,0
14/11/2020 05:07:16,0,0,0
14/11/2020 05:07:17,0,0,0
14/11/2020 05:07:18,0,0,0
14/11/2020 05:07:19,0,0,0
14/11/2020 05:07:20,0,0,0
14/11/2020 05:07:21,0,0,0
14/11/2020 05:07:22,0,0,0
14/11/2020 05:07:23,0,0,0
14/11/2020 05:07:24,0,0,0
14/11/2020 05:07:25,0,0,0
14/11/2020 05:07:26,0,0,0
14/11/2020 05:07:27,0,0,0
14/11/2020 05:07:28,0,0,0
14/11/2020 05:07:29,0,0,0
14/11/2020 05:07:30,0,0,0
14/11/2020 05:07:31,0,0,0
14/11/2020 05:07:32,0,0,0
14/11/2020 05:07:33,0,0,0
14/11/2020 05:07:34,0,0,0
14/11/2020 05:07:35,0,0,0
14/11/2020 05:07:36,0,0,0
14/11/2020 05:07:37,0,0,0
14/11/2020 05:07:38,0,0,0
14/11/2020 05:07:39,0,0,0
14/11/2020 05:07:40,0,0,0
14/11/2020 05:07:41,0,0,0
14/11/2020 05:07:42,0,0,0
14/11/2020 05:07:43,0,0,0
14/11/2020 05:07:44,0,0,0
14/11/2020 05:07:45,0,0,0
14/11/2020 05:07:46,0,0,0
14/11/2020 05:07:47,0,0,0
14/11/2020 05:07:48,0,0,0
14/11/2020 05:07:49,0,0,0
14/11/2020 05:07:50,0,0,0
14/11/2020 05:07:51,0,0,0
14/11/2020 05:07:52,0,0,0
14/11/2020 05:07:53,0,0,0
14/11/2020 05:07:54,0,0,0
14/11/2020 05:07:55,0,0,0
14/11/2020 05:07:56,0,0,0
14/11/2020 05:07:57,0,0,0
14/11/2020 05:07:58,0,0,0
14/11/2020 05:07:59,0,0,0
14/11/2020 05:08:00,0,0,0
14/11/2020 05:08:01,0,0,0
14/11/2020 05:08:02,0,0,0
14/11/2020 05:08:03,0,0,0
14/11/2020 05:08:04,0,0,0
14/11/2020 05:08:05,0,0,0
14/11/2020 05:08:06,0,0,0
14/11/2020 05:08:07,0,0,0
14/11/2020 05:08:08,0,0,0
14/11/2020 05:08:09,0,0,0
14/11/2020 05:08:10,0,0,0
14/11/2020 05:08:11,0,0,0
14/11/2020 05:08:12,0,0,0
14/11/2020 05:08:13,0,0,0
14/11/2020 05:08:14,0,0,0
14/11/2020 05:08:15,0,0,0
14/11/2020 05:08:16,0,0,0
14/11/2020 05:08:17,0,0,0
14/11/2020 05:08:18,0,0,0
14/11/2020 05:08:19,0,0,0
14/11/2020 05:08:20,0,0,0
14/11/2020 05:08:21,0,0,0
14/11/2020 05:08:22,0,0,0
14/11/2020 05:08:23,0,0,0
14/11/2020 05:08:24,0,0,0
14/11/2020 05:08:25,0,0,0
14/11/2020 05:08:26,0,0,0
14/11/2020 05:08:27,0,0,0
14/11/2020 05:08:28,0,0,0
14/11/2020 05:08:29,0,0,0
14/11/2020 05:08:30,0,0,0
14/11/2020 05:08:31,0,0,0
14/11/2020 05:08:32,0,0,0
14/11/2020 05:08:33,0,0,0
14/11/2020 05:08:34,0,0,0
14/11/2020 05:08:35,0,0,0
14/11/2020 05:08:36,0,0,0
14/11/2020 05:08:37,0,0,0
14/11/2020 05:08:38,0,0,0
14/11/2020 05:08:39,0,0,0
14/11/2020 05:08:40,0,0,0
14/11/2020 05:08:41,0,0,0
14/11/2020 05:08:42,0,0,0
14/11/2020 05:08:43,0,0,0
14/11/2020 05:08:44,0,0,0
14/11/2020 05:08:45,0,0,0
14/11/2020 05:08:46,0,0,0
14/11/2020 05:08:47,0,0,0
14/11/2020 05:08:48,0,0,0
14/11/2020 05:08:49,0,0,0
14/11/2020 05:08:50,0,0,0
14/11/2020 05:08:51,0,0,0
14/11/2020 05:08:52,0,0,0
14/11/2020 05:08:53,0,0,0
14/11/2020 05:08:54,0,0,0
14/11/2020 05:08:55,0,0,0
14/11/2020 05:08:56,0,0,0
14/11/2020 05:08:57,0,0,0
14/11/2020 05:08:58,0,0,0
14/11/2020 05:08:59,0,0,0
14/11/2020 05:09:00,0,0,0
14/11/2020 05:09:01,0,0,0
14/11/2020 05:09:02,0,0,0
14/11/2020 05:09:03,0,0,0
14/11/2020 05:09:04,0,0,0
14/11/2020 05:09:05,0,0,0
14/11/2020 05:09:06,0,0,0
14/11/2020 05:09:07,0,0,0
14/11/2020 05:09:08,0,0,0
14/11/2020 05:09:09,0,0,0
14/11/2020 05:09:10,0,0,0
14/11/2020 05:09:11,0,0,0
14/11/2020 05:09:12,0,0,0
14/11/2020 05:09:13,0,0,0
14/11/2020 05:09:14,0,0,0
14/11/2020 05:09:15,0,0,0
14/11/2020 05:09:16,0,0,0
14/11/2020 05:09:17,0,0,0
14/11/2020 05:09:18,0,0,0
14/11/2020 05:09:19,0,0,0
14/11/2020 05:09:20,0,0,0
14/11/2020 05:09:21,0,0,0
14/11/2020 05:09:22,0,0,0
14/11/2020 05:09:23,0,0,0
14/11/2020 05:09:24,0,0,0
14/11/2020 05:09:25,0,0,0
14/11/2020 05:09:26,0,0,0
14/11/2020 05:09:27,0,0,0
14/11/2020 05:09:28,0,0,0
14/11/2020 05:09:29,0,0,0
14/11/2020 05:09:30,0,0,0
14/11/2020 05:09:31,0,0,0
14/11/2020 05:09:32,0,0,0
14/11/2020 05:09:33,0,0,0
14/11/2020 05:09:34,0,0,0
14/11/2020 05:09:35,0,0,0
14/11/2020 05:09:36,0,0,0
14/11/2020 05:09:37,0,0,0
14/11/2020 05:09:38,0,0,0
14/11/2020 05:09:39,0,0,0
14/11/2020 05:09:40,0,0,0
14/11/2020 05:09:41,0,0,0
14/11/2020 05:09:42,0,0,0
14/11/2020 05:09:43,0,0,0
14/11/2020 05:09:44,0,0,0
14/11/2020 05:09:45,0,0,0
14/11/2020 05:09:46,0,0,0
14/11/2020 05:09:47,0,0,0
14/11/2020 05:09:48,0,0,0
14/11/2020 05:09:49,0,0,0
14/11/2020 05:09:50,0,0,0
14/11/2020 05:09:51,0,0,0
14/11/2020 05:09:52,0,0,0
14/11/2020 05:09:53,0,0,0
14/11/2020 05:09:54,0,0,0
14/11/2020 05:09:55,0,0,0
14/11/2020 05:09:56,0,0,0
14/11/2020 05:09:57,0,0,0
14/11/2020 05:09:58,0,0,0
14/11/2020 05:09:59,0,0,0
14/11/2020 05:10:00,0,0,0
14/11/2020 05:10:01,0,0,0
14/11/2020 05:10:02,0,0,0
14/11/2020 05:10:03,0,0,0
14/11/2020 05:10:04,0,0,0
14/11/2020 05:10:05,0,0,0
14/11/2020 05:10:06,0,0,0
14/11/2020 05:10:07,0,0,0
14/11/2020 05:10:08,0,0,0
14/11/2020 05:10:09,0,0,0
14/11/2020 05:10:10,0,0,0
14/11/2020 05:10:11,0,0,0
14/11/2020 05:10:12,0,0,0
14/11/2020 05:10:13,0,0,0
14/11/2020 05:10:14,0,0,0
14/11/2020 05:10:15,0,0,0
14/11/2020 05:10:16,0,0,0
14/11/2020 05:10:17,0,0,0
14/11/2020 05:10:18,0,0,0
14/11/2020 05:10:19,0,0,0
14/11/2020 05:10:20,0,0,0
14/11/2020 05:10:21,0,0,0
14/11/2020 05:10:22,0,0,0
14/11/2020 05:10:23,0,0,0
14/11/2020 05:10:24,0,0,0
14/11/2020 05:10:25,0,0,0
14/11/2020 05:10:26,0,0,0
14/11/2020 05:10:27,0,0,0
14/11/2020 05:10:28,0,0,0
14/11/2020 05:10:29,0,0,0
14/11/2020 05:10:30,0,0,0
14/11/2020 05:10:31,0,0,0
14/11/2020 05:10:32,0,0,0
14/11/2020 05:10:33,0,0,0
14/11/2020 05:10:34,0,0,0
14/11/2020 05:10:35,0,0,0
14/11/2020 05:10:36,0,0,0
14/11/2020 05:10:37,0,0,0
14/11/2020 05:10:38,0,0,0
14/11/2020 05:10:39,0,0,0
14/11/2020 05:10:40,0,0,0
14/11/2020 05:10:41,0,0,0
14/11/2020 05:10:42,0,0,0
14/11/2020 05:10:43,0,0,0
14/11/2020 05:10:44,0,0,0
14/11/2020 05:10:45,0,0,0
14/11/2020 05:10:46,0,0,0
14/11/2020 05:10:47,0,0,0
14/11/2020 05:10:48,0,0,0
14/11/2020 05:10:49,0,0,0
14/11/2020 05:10:50,0,0,0
14/11/2020 05:10:51,0,0,0
14/11/2020 05:10:52,0,0,0
14/11/2020 05:10:53,0,0,0
14/11/2020 05:10:54,0,0,0
14/11/2020 05:10:55,0,0,0
14/11/2020 05:10:56,0,0,0
14/11/2020 05:10:57,0,0,0
14/11/2020 05:10:58,0,0,0
14/11/2020 05:10:59,0,0,0
14/11/2020 05:11:00,0,0,0
14/11/2020 05:11:01,0,0,0
14/11/2020 05:11:02,0,0,0
14/11/2020 05:11:03,0,0,0
14/11/2020 05:11:04,0,0,0
14/11/2020 05:11:05,0,0,0
14/11/2020 05:11:06,0,0,0
14/11/2020 05:11:07,0,0,0
14/11/2020 05:11:08,0,0,0
14/11/2020 05:11:09,0,0,0
14/11/2020 05:11:10,0,0,0
14/11/2020 05:11:11,0,0,0
14/11/2020 05:11:12,0,0,0
14/11/2020 05:11:13,0,0,0
14/11/2020 05:11:14,0,0,0
14/11/2020 05:11:15,0,0,0
14/11/2020 05:11:16,0,0,0
14/11/2020 05:11:17,0,0,0
14/11/2020 05:11:18,0,0,0
14/11/2020 05:11:19,0,0,0
14/11/2020 05:11:20,0,0,0
14/11/2020 05:11:21,0,0,0
14/11/2020 05:11:22,0,0,0
14/11/2020 05:11:23,0,0,0
14/11/2020 05:11:24,0,0,0
14/11/2020 05:11:25,0,0,0
14/11/2020 05:11:26,0,0,0
14/11/2020 05:11:27,0,0,0
14/11/2020 05:11:28,0,0,0
14/11/2020 05:11:29,0,0,0
14/11/2020 05:11:30,0,0,0
14/11/2020 05:11:31,0,0,0
14/11/2020 05:11:32,0,0,0
14/11/2020 05:11:33,0,0,0
14/11/2020 05:11:34,0,0,0
14/11/2020 05:11:35,0,0,0
14/11/2020 05:11:36,0,0,0
14/11/2020 05:11:37,0,0,0
14/11/2020 05:11:38,0,0,0
14/11/2020 05:11:39,0,0,0
14/11/2020 05:11:40,0,0,0
14/11/2020 05:11:41,0,0,0
14/11/2020 05:11:42,0,0,0
14/11/2020 05:11:43,0,0,0
14/11/2020 05:11:44,0,0,0
14/11/2020 05:11:45,0,0,0
14/11/2020 05:11:46,0,0,0
14/11/2020 05:11:47,0,0,0
14/11/2020 05:11:48,0,0,0
14/11/2020 05:11:49,0,0,0
14/11/2020 05:11:50,0,0,0
14/11/2020 05:11:51,0,0,0
14/11/2020 05:11:52,0,0,0
14/11/2020 05:11:53,0,0,0
14/11/2020 05:11:54,0,0,0
14/11/2020 05:11:55,0,0,0
14/11/2020 05:11:56,0,0,0
14/11/2020 05:11:57,0,0,0
14/11/2020 05:11:58,0,0,0
14/11/2020 05:11:59,0,0,0
14/11/2020 05:12:00,0,0,0
14/11/2020 05:12:01,0,0,0
14/11/2020 05:12:02,0,0,0
14/11/2020 05:12:03,0,0,0
14/11/2020 05:12:04,0,0,0
14/11/2020 05:12:05,0,0,0
14/11/2020 05:12:06,0,0,0
14/11/2020 05:12:07,0,0,0
14/11/2020 05:12:08,0,0,0
14/11/2020 05:12:09,0,0,0
14/11/2020 05:12:10,0,0,0
14/11/2020 05:12:11,0,0,0
14/11/2020 05:12:12,0,0,0
14/11/2020 05:12:13,0,0,0
14/11/2020 05:12:14,0,0,0
14/11/2020 05:12:15,0,0,0
14/11/2020 05:12:16,0,0,0
14/11/2020 05:12:17,0,0,0
14/11/2020 05:12:18,0,0,0
14/11/2020 05:12:19,0,0,0
14/11/2020 05:12:20,0,0,0
14/11/2020 05:12:21,0,0,0
14/11/2020 05:12:22,0,0,0
14/11/2020 05:12:23,0,0,0
14/11/2020 05:12:24,0,0,0
14/11/2020 05:12:25,0,0,0
14/11/2020 05:12:26,0,0,0
14/11/2020 05:12:27,0,0,0
14/11/2020 05:12:28,0,0,0
14/11/2020 05:12:29,0,0,0
14/11/2020 05:12:30,0,0,0
14/11/2020 05:12:31,0,0,0
14/11/2020 05:12:32,0,0,0
14/11/2020 05:12:33,0,0,0
14/11/2020 05:12:34,0,0,0
14/11/2020 05:12:35,0,0,0
14/11/2020 05:12:36,0,0,0
14/11/2020 05:12:37,0,0,0
14/11/2020 05:12:38,0,0,0
14/11/2020 05:12:39,0,0,0
14/11/2020 05:12:40,0,0,0
14/11/2020 05:12:41,0,0,0
14/11/2020 05:12:42,0,0,0
14/11/2020 05:12:43,0,0,0
14/11/2020 05:12:44,0,0,0
14/11/2020 05:12:45,0,0,0
14/11/2020 05:12:46,0,0,0
14/11/2020 05:12:47,0,0,0
14/11/2020 05:12:48,0,0,0
14/11/2020 05:12:49,0,0,0
14/11/2020 05:12:50,0,0,0
14/11/2020 05:12:51,0,0,0
14/11/2020 05:12:52,0,0,0
14/11/2020 05:12:53,0,0,0
14/11/2020 05:12:54,0,0,0
14/11/2020 05:12:55,0,0,0
14/11/2020 05:12:56,0,0,0
14/11/2020 05:12:57,0,0,0
14/11/2020 05:12:58,0,0,0
14/11/2020 05:12:59,0,0,0
14/11/2020 05:13:00,0,0,0
14/11/2020 05:13:01,0,0,0
14/11/2020 05:13:02,0,0,0
14/11/2020 05:13:03,0,0,0
14/11/2020 05:13:04,0,0,0
14/11/2020 05:13:05,0,0,0
14/11/2020 05:13:06,0,0,0
14/11/2020 05:13:07,0,0,0
14/11/2020 05:13:08,0,0,0
14/11/2020 05:13:09,0,0,0
14/11/2020 05:13:10,0,0,0
14/11/2020 05:13:11,0,0,0
14/11/2020 05:13:12,0,0,0
14/11/2020 05:13:13,0,0,0
14/11/2020 05:13:14,0,0,0
14/11/2020 05:13:15,0,0,0
14/11/2020 05:13:16,0,0,0
14/11/2020 05:13:17,0,0,0
14/11/2020 05:13:18,0,0,0
14/11/2020 05:13:19,0,0,0
14/11/2020 05:13:20,0,0,0
14/11/2020 05:13:21,0,0,0
14/11/2020 05:13:22,0,0,0
14/11/2020 05:13:23,0,0,0
14/11/2020 05:13:24,0,0,0
14/11/2020 05:13:25,0,0,0
14/11/2020 05:13:26,0,0,0
14/11/2020 05:13:27,0,0,0
14/11/2020 05:13:28,0,0,0
14/11/2020 05:13:29,0,0,0
14/11/2020 05:13:30,0,0,0
14/11/2020 05:13:31,0,0,0
14/11/2020 05:13:32,0,0,0
14/11/2020 05:13:33,0,0,0
14/11/2020 05:13:34,0,0,0
14/11/2020 05:13:35,0,0,0
14/11/2020 05:13:36,0,0,0
14/11/2020 05:13:37,0,0,0
14/11/2020 05:13:38,0,0,0
14/11/2020 05:13:39,0,0,0
14/11/2020 05:13:40,0,0,0
14/11/2020 05:13:41,0,0,0
14/11/2020 05:13:42,0,0,0
14/11/2020 05:13:43,0,0,0
14/11/2020 05:13:44,0,0,0
14/11/2020 05:13:45,0,0,0
14/11/2020 05:13:46,0,0,0
14/11/2020 05:13:47,0,0,0
14/11/2020 05:13:48,0,0,0
14/11/2020 05:13:49,0,0,0
14/11/2020 05:13:50,0,0,0
14/11/2020 05:13:51,0,0,0
14/11/2020 05:13:52,0,0,0
14/11/2020 05:13:53,0,0,0
14/11/2020 05:13:54,0,0,0
14/11/2020 05:13:55,0,0,0
14/11/2020 05:13:56,0,0,0
14/11/2020 05:13:57,0,0,0
14/11/2020 05:13:58,0,0,0
14/11/2020 05:13:59,0,0,0
14/11/2020 05:14:00,0,0,0
14/11/2020 05:14:01,0,0,0
14/11/2020 05:14:02,0,0,0
14/11/2020 05:14:03,0,0,0
14/11/2020 05:14:04,0,0,0
14/11/2020 05:14:05,0,0,0
14/11/2020 05:14:06,0,0,0
14/11/2020 05:14:07,0,0,0
14/11/2020 05:14:08,0,0,0
14/11/2020 05:14:09,0,0,0
14/11/2020 05:14:10,0,0,0
14/11/2020 05:14:11,0,0,0
14/11/2020 05:14:12,0,0,0
14/11/2020 05:14:13,0,0,0
14/11/2020 05:14:14,0,0,0
14/11/2020 05:14:15,0,0,0
14/11/2020 05:14:16,0,0,0
14/11/2020 05:14:17,0,0,0
14/11/2020 05:14:18,0,0,0
14/11/2020 05:14:19,0,0,0
14/11/2020 05:14:20,0,0,0
14/11/2020 05:14:21,0,0,0
14/11/2020 05:14:22,0,0,0
14/11/2020 05:14:23,0,0,0
14/11/2020 05:14:24,0,0,0
14/11/2020 05:14:25,0,0,0
14/11/2020 05:14:26,0,0,0
14/11/2020 05:14:27,0,0,0
14/11/2020 05:14:28,0,0,0
14/11/2020 05:14:29,0,0,0
14/11/2020 05:14:30,0,0,0
14/11/2020 05:14:31,0,0,0
14/11/2020 05:14:32,0,0,0
14/11/2020 05:14:33,0,0,0
14/11/2020 05:14:34,0,0,0
14/11/2020 05:14:35,0,0,0
14/11/2020 05:14:36,0,0,0
14/11/2020 05:14:37,0,0,0
14/11/2020 05:14:38,0,0,0
14/11/2020 05:14:39,0,0,0
14/11/2020 05:14:40,0,0,0
14/11/2020 05:14:41,0,0,0
14/11/2020 05:14:42,0,0,0
14/11/2020 05:14:43,0,0,0
14/11/2020 05:14:44,0,0,0
14/11/2020 05:14:45,0,0,0
14/11/2020 05:14:46,0,0,0
14/11/2020 05:14:47,0,0,0
14/11/2020 05:14:48,0,0,0
14/11/2020 05:14:49,0,0,0
14/11/2020 05:14:50,0,0,0
14/11/2020 05:14:51,0,0,0
14/11/2020 05:14:52,0,0,0
14/11/2020 05:14:53,0,0,0
14/11/2020 05:14:54,0,0,0
14/11/2020 05:14:55,0,0,0
14/11/2020 05:14:56,0,0,0
14/11/2020 05:14:57,0,0,0
14/11/2020 05:14:58,0,0,0
14/11/2020 05:14:59,0,0,0
14/11/2020 05:15:00,0,0,0
14/11/2020 05:15:01,0,0,0
14/11/2020 05:15:02,0,0,0
14/11/2020 05:15:03,0,0,0
14/11/2020 05:15:04,0,0,0
14/11/2020 05:15:05,0,0,0
14/11/2020 05:15:06,0,0,0
14/11/2020 05:15:07,0,0,0
14/11/2020 05:15:08,0,0,0
14/11/2020 05:15:09,0,0,0
14/11/2020 05:15:10,0,0,0
14/11/2020 05:15:11,0,0,0
14/11/2020 05:15:12,0,0,0
14/11/2020 05:15:13,0,0,0
14/11/2020 05:15:14,0,0,0
14/11/2020 05:15:15,0,0,0
14/11/2020 05:15:16,0,0,0
14/11/2020 05:15:17,0,0,0
14/11/2020 05:15:18,0,0,0
14/11/2020 05:15:19,0,0,0
14/11/2020 05:15:20,0,0,0
14/11/2020 05:15:21,0,0,0
14/11/2020 05:15:22,0,0,0
14/11/2020 05:15:23,0,0,0
14/11/2020 05:15:24,0,0,0
14/11/2020 05:15:25,0,0,0
14/11/2020 05:15:26,0,0,0
14/11/2020 05:15:27,0,0,0
14/11/2020 05:15:28,0,0,0
14/11/2020 05:15:29,0,0,0
14/11/2020 05:15:30,0,0,0
14/11/2020 05:15:31,0,0,0
14/11/2020 05:15:32,0,0,0
14/11/2020 05:15:33,0,0,0
14/11/2020 05:15:34,0,0,0
14/11/2020 05:15:35,0,0,0
14/11/2020 05:15:36,0,0,0
14/11/2020 05:15:37,0,0,0
14/11/2020 05:15:38,0,0,0
14/11/2020 05:15:39,0,0,0
14/11/2020 05:15:40,0,0,0
14/11/2020 05:15:41,0,0,0
14/11/2020 05:15:42,0,0,0
14/11/2020 05:15:43,0,0,0
14/11/2020 05:15:44,0,0,0
14/11/2020 05:15:45,0,0,0
14/11/2020 05:15:46,0,0,0
14/11/2020 05:15:47,0,0,0
14/11/2020 05:15:48,0,0,0
14/11/2020 05:15:49,0,0,0
14/11/2020 05:15:50,0,0,0
14/11/2020 05:15:51,0,0,0
14/11/2020 05:15:52,0,0,0
14/11/2020 05:15:53,0,0,0
14/11/2020 05:15:54,0,0,0
14/11/2020 05:15:55,0,0,0
14/11/2020 05:15:56,0,0,0
14/11/2020 05:15:57,0,0,0
14/11/2020 05:15:58,0,0,0
14/11/2020 05:15:59,0,0,0
14/11/2020 05:16:00,0,0,0
14/11/2020 05:16:01,0,0,0
14/11/2020 05:16:02,0,0,0
14/11/2020 05:16:03,0,0,0
14/11/2020 05:16:04,0,0,0
14/11/2020 05:16:05,0,0,0
14/11/2020 05:16:06,0,0,0
14/11/2020 05:16:07,0,0,0
14/11/2020 05:16:08,0,0,0
14/11/2020 05:16:09,0,0,0
14/11/2020 05:16:10,0,0,0
14/11/2020 05:16:11,0,0,0
14/11/2020 05:16:12,0,0,0
14/11/2020 05:16:13,0,0,0
14/11/2020 05:16:14,0,0,0
14/11/2020 05:16:15,0,0,0
14/11/2020 05:16:16,0,0,0
14/11/2020 05:16:17,0,0,0
14/11/2020 05:16:18,0,0,0
14/11/2020 05:16:19,0,0,0
14/11/2020 05:16:20,0,0,0
14/11/2020 05:16:21,0,0,0
14/11/2020 05:16:22,0,0,0
14/11/2020 05:16:23,0,0,0
14/11/2020 05:16:24,0,0,0
14/11/2020 05:16:25,0,0,0
14/11/2020 05:16:26,0,0,0
14/11/2020 05:16:27,0,0,0
14/11/2020 05:16:28,0,0,0
14/11/2020 05:16:29,0,0,0
14/11/2020 05:16:30,0,0,0
14/11/2020 05:16:31,0,0,0
14/11/2020 05:16:32,0,0,0
14/11/2020 05:16:33,0,0,0
14/11/2020 05:16:34,0,0,0
14/11/2020 05:16:35,0,0,0
14/11/2020 05:16:36,0,0,0
14/11/2020 05:16:37,0,0,0
14/11/2020 05:16:38,0,0,0
14/11/2020 05:16:39,0,0,0
14/11/2020 05:16:40,0,0,0
14/11/2020 05:16:41,0,0,0
14/11/2020 05:16:42,0,0,0
14/11/2020 05:16:43,0,0,0
14/11/2020 05:16:44,0,0,0
14/11/2020 05:16:45,0,0,0
14/11/2020 05:16:46,0,0,0
14/11/2020 05:16:47,0,0,0
14/11/2020 05:16:48,0,0,0
14/11/2020 05:16:49,0,0,0
14/11/2020 05:16:50,0,0,0
14/11/2020 05:16:51,0,0,0
14/11/2020 05:16:52,0,0,0
14/11/2020 05:16:53,0,0,0
14/11/2020 05:16:54,0,0,0
14/11/2020 05:16:55,0,0,0
14/11/2020 05:16:56,0,0,0
14/11/2020 05:16:57,0,0,0
14/11/2020 05:16:58,0,0,0
14/11/2020 05:16:59,0,0,0
14/11/2020 05:17:00,0,0,0
14/11/2020 05:17:01,0,0,0
14/11/2020 05:17:02,0,0,0
14/11/2020 05:17:03,0,0,0
14/11/2020 05:17:04,0,0,0
14/11/2020 05:17:05,0,0,0
14/11/2020 05:17:06,0,0,0
14/11/2020 05:17:07,0,0,0
14/11/2020 05:17:08,0,0,0
14/11/2020 05:17:09,0,0,0
14/11/2020 05:17:10,0,0,0
14/11/2020 05:17:11,0,0,0
14/11/2020 05:17:12,0,0,0
14/11/2020 05:17:13,0,0,0
14/11/2020 05:17:14,0,0,0
14/11/2020 05:17:15,0,0,0
14/11/2020 05:17:16,0,0,0
14/11/2020 05:17:17,0,0,0
14/11/2020 05:17:18,0,0,0
14/11/2020 05:17:19,0,0,0
14/11/2020 05:17:20,0,0,0
14/11/2020 05:17:21,0,0,0
14/11/2020 05:17:22,0,0,0
14/11/2020 05:17:23,0,0,0
14/11/2020 05:17:24,0,0,0
14/11/2020 05:17:25,0,0,0
14/11/2020 05:17:26,0,0,0
14/11/2020 05:17:27,0,0,0
14/11/2020 05:17:28,0,0,0
14/11/2020 05:17:29,0,0,0
14/11/2020 05:17:30,0,0,0
14/11/2020 05:17:31,0,0,0
14/11/2020 05:17:32,0,0,0
14/11/2020 05:17:33,0,0,0
14/11/2020 05:17:34,0,0,0
14/11/2020 05:17:35,0,0,0
14/11/2020 05:17:36,0,0,0
14/11/2020 05:17:37,0,0,0
14/11/2020 05:17:38,0,0,0
14/11/2020 05:17:39,0,0,0
14/11/2020 05:17:40,0,0,0
14/11/2020 05:17:41,0,0,0
14/11/2020 05:17:42,0,0,0
14/11/2020 05:17:43,0,0,0
14/11/2020 05:17:44,0,0,0
14/11/2020 05:17:45,0,0,0
14/11/2020 05:17:46,0,0,0
14/11/2020 05:17:47,0,0,0
14/11/2020 05:17:48,0,0,0
14/11/2020 05:17:49,0,0,0
14/11/2020 05:17:50,0,0,0
14/11/2020 05:17:51,0,0,0
14/11/2020 05:17:52,0,0,0
14/11/2020 05:17:53,0,0,0
14/11/2020 05:17:54,0,0,0
14/11/2020 05:17:55,0,0,0
14/11/2020 05:17:56,0,0,0
14/11/2020 05:17:57,0,0,0
14/11/2020 05:17:58,0,0,0
14/11/2020 05:17:59,0,0,0
14/11/2020 05:18:00,0,0,0
14/11/2020 05:18:01,0,0,0
14/11/2020 05:18:02,0,0,0
14/11/2020 05:18:03,0,0,0
14/11/2020 05:18:04,0,0,0
14/11/2020 05:18:05,0,0,0
14/11/2020 05:18:06,0,0,0
14/11/2020 05:18:07,0,0,0
14/11/2020 05:18:08,0,0,0
14/11/2020 05:18:09,0,0,0
14/11/2020 05:18:10,0,0,0
14/11/2020 05:18:11,0,0,0
14/11/2020 05:18:12,0,0,0
14/11/2020 05:18:13,0,0,0
14/11/2020 05:18:14,0,0,0
14/11/2020 05:18:15,0,0,0
14/11/2020 05:18:16,0,0,0
14/11/2020 05:18:17,0,0,0
14/11/2020 05:18:18,0,0,0
14/11/2020 05:18:19,0,0,0
14/11/2020 05:18:20,0,0,0
14/11/2020 05:18:21,0,0,0
14/11/2020 05:18:22,0,0,0
14/11/2020 05:18:23,0,0,0
14/11/2020 05:18:24,0,0,0
14/11/2020 05:18:25,0,0,0
14/11/2020 05:18:26,0,0,0
14/11/2020 05:18:27,0,0,0
14/11/2020 05:18:28,0,0,0
14/11/2020 05:18:29,0,0,0
14/11/2020 05:18:30,0,0,0
14/11/2020 05:18:31,0,0,0
14/11/2020 05:18:32,0,0,0
14/11/2020 05:18:33,0,0,0
14/11/2020 05:18:34,0,0,0
14/11/2020 05:18:35,0,0,0
14/11/2020 05:18:36,0,0,0
14/11/2020 05:18:37,0,0,0
14/11/2020 05:18:38,0,0,0
14/11/2020 05:18:39,0,0,0
14/11/2020 05:18:40,0,0,0
14/11/2020 05:18:41,0,0,0
14/11/2020 05:18:42,0,0,0
14/11/2020 05:18:43,0,0,0
14/11/2020 05:18:44,0,0,0
14/11/2020 05:18:45,0,0,0
14/11/2020 05:18:46,0,0,0
14/11/2020 05:18:47,0,0,0
14/11/2020 05:18:48,0,0,0
14/11/2020 05:18:49,0,0,0
14/11/2020 05:18:50,0,0,0
14/11/2020 05:18:51,0,0,0
14/11/2020 05:18:52,0,0,0
14/11/2020 05:18:53,0,0,0
14/11/2020 05:18:54,0,0,0
14/11/2020 05:18:55,0,0,0
14/11/2020 05:18:56,0,0,0
14/11/2020 05:18:57,0,0,0
14/11/2020 05:18:58,0,0,0
14/11/2020 05:18:59,0,0,0
14/11/2020 05:19:00,0,0,0
14/11/2020 05:19:01,0,0,0
14/11/2020 05:19:02,0,0,0
14/11/2020 05:19:03,0,0,0
14/11/2020 05:19:04,0,0,0
14/11/2020 05:19:05,0,0,0
14/11/2020 05:19:06,0,0,0
14/11/2020 05:19:07,0,0,0
14/11/2020 05:19:08,0,0,0
14/11/2020 05:19:09,0,0,0
14/11/2020 05:19:10,0,0,0
14/11/2020 05:19:11,0,0,0
14/11/2020 05:19:12,0,0,0
14/11/2020 05:19:13,0,0,0
14/11/2020 05:19:14,0,0,0
14/11/2020 05:19:15,0,0,0
14/11/2020 05:19:16,0,0,0
14/11/2020 05:19:17,0,0,0
14/11/2020 05:19:18,0,0,0
14/11/2020 05:19:19,0,0,0
14/11/2020 05:19:20,0,0,0
14/11/2020 05:19:21,0,0,0
14/11/2020 05:19:22,0,0,0
14/11/2020 05:19:23,0,0,0
14/11/2020 05:19:24,0,0,0
14/11/2020 05:19:25,0,0,0
14/11/2020 05:19:26,0,0,0
14/11/2020 05:19:27,0,0,0
14/11/2020 05:19:28,0,0,0
14/11/2020 05:19:29,0,0,0
14/11/2020 05:19:30,0,0,0
14/11/2020 05:19:31,0,0,0
14/11/2020 05:19:32,0,0,0
14/11/2020 05:19:33,0,0,0
14/11/2020 05:19:34,0,0,0
14/11/2020 05:19:35,0,0,0
14/11/2020 05:19:36,0,0,0
14/11/2020 05:19:37,0,0,0
14/11/2020 05:19:38,0,0,0
14/11/2020 05:19:39,0,0,0
14/11/2020 05:19:40,0,0,0
14/11/2020 05:19:41,0,0,0
14/11/2020 05:19:42,0,0,0
14/11/2020 05:19:43,0,0,0
14/11/2020 05:19:44,0,0,0
14/11/2020 05:19:45,0,0,0
14/11/2020 05:19:46,0,0,0
14/11/2020 05:19:47,0,0,0
14/11/2020 05:19:48,0,0,0
14/11/2020 05:19:49,0,0,0
14/11/2020 05:19:50,0,0,0
14/11/2020 05:19:51,0,0,0
14/11/2020 05:19:52,0,0,0
14/11/2020 05:19:53,0,0,0
14/11/2020 05:19:54,0,0,0
14/11/2020 05:19:55,0,0,0
14/11/2020 05:19:56,0,0,0
14/11/2020 05:19:57,0,0,0
14/11/2020 05:19:58,0,0,0
14/11/2020 05:19:59,0,0,0
14/11/2020 05:20:00,0,0,0
14/11/2020 05:20:01,0,0,0
14/11/2020 05:20:02,0,0,0
14/11/2020 05:20:03,0,0,0
14/11/2020 05:20:04,0,0,0
14/11/2020 05:20:05,0,0,0
14/11/2020 05:20:06,0,0,0
14/11/2020 05:20:07,0,0,0
14/11/2020 05:20:08,0,0,0
14/11/2020 05:20:09,0,0,0
14/11/2020 05:20:10,0,0,0
14/11/2020 05:20:11,0,0,0
14/11/2020 05:20:12,0,0,0
14/11/2020 05:20:13,0,0,0
14/11/2020 05:20:14,0,0,0
14/11/2020 05:20:15,0,0,0
14/11/2020 05:20:16,0,0,0
14/11/2020 05:20:17,0,0,0
14/11/2020 05:20:18,0,0,0
14/11/2020 05:20:19,0,0,0
14/11/2020 05:20:20,0,0,0
14/11/2020 05:20:21,0,0,0
14/11/2020 05:20:22,0,0,0
14/11/2020 05:20:23,0,0,0
14/11/2020 05:20:24,0,0,0
14/11/2020 05:20:25,0,0,0
14/11/2020 05:20:26,0,0,0
14/11/2020 05:20:27,0,0,0
14/11/2020 05:20:28,0,0,0
14/11/2020 05:20:29,0,0,0
14/11/2020 05:20:30,0,0,0
14/11/2020 05:20:31,0,0,0
14/11/2020 05:20:32,0,0,0
14/11/2020 05:20:33,0,0,0
14/11/2020 05:20:34,0,0,0
14/11/2020 05:20:35,0,0,0
14/11/2020 05:20:36,0,0,0
14/11/2020 05:20:37,0,0,0
14/11/2020 05:20:38,0,0,0
14/11/2020 05:20:39,0,0,0
14/11/2020 05:20:40,0,0,0
14/11/2020 05:20:41,0,0,0
14/11/2020 05:20:42,0,0,0
14/11/2020 05:20:43,0,0,0
14/11/2020 05:20:44,0,0,0
14/11/2020 05:20:45,0,0,0
14/11/2020 05:20:46,0,0,0
14/11/2020 05:20:47,0,0,0
14/11/2020 05:20:48,0,0,0
14/11/2020 05:20:49,0,0,0
14/11/2020 05:20:50,0,0,0
14/11/2020 05:20:51,0,0,0
14/11/2020 05:20:52,0,0,0
14/11/2020 05:20:53,0,0,0
14/11/2020 05:20:54,0,0,0
14/11/2020 05:20:55,0,0,0
14/11/2020 05:20:56,0,0,0
14/11/2020 05:20:57,0,0,0
14/11/2020 05:20:58,0,0,0
14/11/2020 05:20:59,0,0,0
14/11/2020 05:21:00,0,0,0
14/11/2020 05:21:01,0,0,0
14/11/2020 05:21:02,0,0,0
14/11/2020 05:21:03,0,0,0
14/11/2020 05:21:04,0,0,0
14/11/2020 05:21:05,0,0,0
14/11/2020 05:21:06,0,0,0
14/11/2020 05:21:07,0,0,0
14/11/2020 05:21:08,0,0,0
14/11/2020 05:21:09,0,0,0
14/11/2020 05:21:10,0,0,0
14/11/2020 05:21:11,0,0,0
14/11/2020 05:21:12,0,0,0
14/11/2020 05:21:13,0,0,0
14/11/2020 05:21:14,0,0,0
14/11/2020 05:21:15,0,0,0
14/11/2020 05:21:16,0,0,0
14/11/2020 05:21:17,0,0,0
14/11/2020 05:21:18,0,0,0
14/11/2020 05:21:19,0,0,0
14/11/2020 05:21:20,0,0,0
14/11/2020 05:21:21,0,0,0
14/11/2020 05:21:22,0,0,0
14/11/2020 05:21:23,0,0,0
14/11/2020 05:21:24,0,0,0
14/11/2020 05:21:25,0,0,0
14/11/2020 05:21:26,0,0,0
14/11/2020 05:21:27,0,0,0
14/11/2020 05:21:28,0,0,0
14/11/2020 05:21:29,0,0,0
14/11/2020 05:21:30,0,0,0
14/11/2020 05:21:31,0,0,0
14/11/2020 05:21:32,0,0,0
14/11/2020 05:21:33,0,0,0
14/11/2020 05:21:34,0,0,0
14/11/2020 05:21:35,0,0,0
14/11/2020 05:21:36,0,0,0
14/11/2020 05:21:37,0,0,0
14/11/2020 05:21:38,0,0,0
14/11/2020 05:21:39,0,0,0
14/11/2020 05:21:40,0,0,0
14/11/2020 05:21:41,0,0,0
14/11/2020 05:21:42,0,0,0
14/11/2020 05:21:43,0,0,0
14/11/2020 05:21:44,0,0,0
14/11/2020 05:21:45,0,0,0
14/11/2020 05:21:46,0,0,0
14/11/2020 05:21:47,0,0,0
14/11/2020 05:21:48,0,0,0
14/11/2020 05:21:49,0,0,0
14/11/2020 05:21:50,0,0,0
14/11/2020 05:21:51,0,0,0
14/11/2020 05:21:52,0,0,0
14/11/2020 05:21:53,0,0,0
14/11/2020 05:21:54,0,0,0
14/11/2020 05:21:55,0,0,0
14/11/2020 05:21:56,0,0,0
14/11/2020 05:21:57,0,0,0
14/11/2020 05:21:58,0,0,0
14/11/2020 05:21:59,0,0,0
14/11/2020 05:22:00,0,0,0
14/11/2020 05:22:01,0,0,0
14/11/2020 05:22:02,0,0,0
14/11/2020 05:22:03,0,0,0
14/11/2020 05:22:04,0,0,0
14/11/2020 05:22:05,0,0,0
14/11/2020 05:22:06,0,0,0
14/11/2020 05:22:07,0,0,0
14/11/2020 05:22:08,0,0,0
14/11/2020 05:22:09,0,0,0
14/11/2020 05:22:10,0,0,0
14/11/2020 05:22:11,0,0,0
14/11/2020 05:22:12,0,0,0
14/11/2020 05:22:13,0,0,0
14/11/2020 05:22:14,0,0,0
14/11/2020 05:22:15,0,0,0
14/11/2020 05:22:16,0,0,0
14/11/2020 05:22:17,0,0,0
14/11/2020 05:22:18,0,0,0
14/11/2020 05:22:19,0,0,0
14/11/2020 05:22:20,0,0,0
14/11/2020 05:22:21,0,0,0
14/11/2020 05:22:22,0,0,0
14/11/2020 05:22:23,0,0,0
14/11/2020 05:22:24,0,0,0
14/11/2020 05:22:25,0,0,0
14/11/2020 05:22:26,0,0,0
14/11/2020 05:22:27,0,0,0
14/11/2020 05:22:28,0,0,0
14/11/2020 05:22:29,0,0,0
14/11/2020 05:22:30,0,0,0
14/11/2020 05:22:31,0,0,0
14/11/2020 05:22:32,0,0,0
14/11/2020 05:22:33,0,0,0
14/11/2020 05:22:34,0,0,0
14/11/2020 05:22:35,0,0,0
14/11/2020 05:22:36,0,0,0
14/11/2020 05:22:37,0,0,0
14/11/2020 05:22:38,0,0,0
14/11/2020 05:22:39,0,0,0
14/11/2020 05:22:40,0,0,0
14/11/2020 05:22:41,0,0,0
14/11/2020 05:22:42,0,0,0
14/11/2020 05:22:43,0,0,0
14/11/2020 05:22:44,0,0,0
14/11/2020 05:22:45,0,0,0
14/11/2020 05:22:46,0,0,0
14/11/2020 05:22:47,0,0,0
14/11/2020 05:22:48,0,0,0
14/11/2020 05:22:49,0,0,0
14/11/2020 05:22:50,0,0,0
14/11/2020 05:22:51,0,0,0
14/11/2020 05:22:52,0,0,0
14/11/2020 05:22:53,0,0,0
14/11/2020 05:22:54,0,0,0
14/11/2020 05:22:55,0,0,0
14/11/2020 05:22:56,0,0,0
14/11/2020 05:22:57,0,0,0
14/11/2020 05:22:58,0,0,0
14/11/2020 05:22:59,0,0,0
14/11/2020 05:23:00,0,0,0
14/11/2020 05:23:01,0,0,0
14/11/2020 05:23:02,0,0,0
14/11/2020 05:23:03,0,0,0
14/11/2020 05:23:04,0,0,0
14/11/2020 05:23:05,0,0,0
14/11/2020 05:23:06,0,0,0
14/11/2020 05:23:07,0,0,0
14/11/2020 05:23:08,0,0,0
14/11/2020 05:23:09,0,0,0
14/11/2020 05:23:10,0,0,0
14/11/2020 05:23:11,0,0,0
14/11/2020 05:23:12,0,0,0
14/11/2020 05:23:13,0,0,0
14/11/2020 05:23:14,0,0,0
14/11/2020 05:23:15,0,0,0
14/11/2020 05:23:16,0,0,0
14/11/2020 05:23:17,0,0,0
14/11/2020 05:23:18,0,0,0
14/11/2020 05:23:19,0,0,0
14/11/2020 05:23:20,0,0,0
14/11/2020 05:23:21,0,0,0
14/11/2020 05:23:22,0,0,0
14/11/2020 05:23:23,0,0,0
14/11/2020 05:23:24,0,0,0
14/11/2020 05:23:25,0,0,0
14/11/2020 05:23:26,0,0,0
14/11/2020 05:23:27,0,0,0
14/11/2020 05:23:28,0,0,0
14/11/2020 05:23:29,0,0,0
14/11/2020 05:23:30,0,0,0
14/11/2020 05:23:31,0,0,0
14/11/2020 05:23:32,0,0,0
14/11/2020 05:23:33,0,0,0
14/11/2020 05:23:34,0,0,0
14/11/2020 05:23:35,0,0,0
14/11/2020 05:23:36,0,0,0
14/11/2020 05:23:37,0,0,0
14/11/2020 05:23:38,0,0,0
14/11/2020 05:23:39,0,0,0
14/11/2020 05:23:40,0,0,0
14/11/2020 05:23:41,0,0,0
14/11/2020 05:23:42,0,0,0
14/11/2020 05:23:43,0,0,0
14/11/2020 05:23:44,0,0,0
14/11/2020 05:23:45,0,0,0
14/11/2020 05:23:46,0,0,0
14/11/2020 05:23:47,0,0,0
14/11/2020 05:23:48,0,0,0
14/11/2020 05:23:49,0,0,0
14/11/2020 05:23:50,0,0,0
14/11/2020 05:23:51,0,0,0
14/11/2020 05:23:52,0,0,0
14/11/2020 05:23:53,0,0,0
14/11/2020 05:23:54,0,0,0
14/11/2020 05:23:55,0,0,0
14/11/2020 05:23:56,0,0,0
14/11/2020 05:23:57,0,0,0
14/11/2020 05:23:58,0,0,0
14/11/2020 05:23:59,0,0,0
14/11/2020 05:24:00,0,0,0
14/11/2020 05:24:01,0,0,0
14/11/2020 05:24:02,0,0,0
14/11/2020 05:24:03,0,0,0
14/11/2020 05:24:04,0,0,0
14/11/2020 05:24:05,0,0,0
14/11/2020 05:24:06,0,0,0
14/11/2020 05:24:07,0,0,0
14/11/2020 05:24:08,0,0,0
14/11/2020 05:24:09,0,0,0
14/11/2020 05:24:10,0,0,0
14/11/2020 05:24:11,0,0,0
14/11/2020 05:24:12,0,0,0
14/11/2020 05:24:13,0,0,0
14/11/2020 05:24:14,0,0,0
14/11/2020 05:24:15,0,0,0
14/11/2020 05:24:16,0,0,0
14/11/2020 05:24:17,0,0,0
14/11/2020 05:24:18,0,0,0
14/11/2020 05:24:19,0,0,0
14/11/2020 05:24:20,0,0,0
14/11/2020 05:24:21,0,0,0
14/11/2020 05:24:22,0,0,0
14/11/2020 05:24:23,0,0,0
14/11/2020 05:24:24,0,0,0
14/11/2020 05:24:25,0,0,0
14/11/2020 05:24:26,0,0,0
14/11/2020 05:24:27,0,0,0
14/11/2020 05:24:28,0,0,0
14/11/2020 05:24:29,0,0,0
14/11/2020 05:24:30,0,0,0
14/11/2020 05:24:31,0,0,0
14/11/2020 05:24:32,0,0,0
14/11/2020 05:24:33,0,0,0
14/11/2020 05:24:34,0,0,0
14/11/2020 05:24:35,0,0,0
14/11/2020 05:24:36,0,0,0
14/11/2020 05:24:37,0,0,0
14/11/2020 05:24:38,0,0,0
14/11/2020 05:24:39,0,0,0
14/11/2020 05:24:40,0,0,0
14/11/2020 05:24:41,0,0,0
14/11/2020 05:24:42,0,0,0
14/11/2020 05:24:43,0,0,0
14/11/2020 05:24:44,0,0,0
14/11/2020 05:24:45,0,0,0
14/11/2020 05:24:46,0,0,0
14/11/2020 05:24:47,0,0,0
14/11/2020 05:24:48,0,0,0
14/11/2020 05:24:49,0,0,0
14/11/2020 05:24:50,0,0,0
14/11/2020 05:24:51,0,0,0
14/11/2020 05:24:52,0,0,0
14/11/2020 05:24:53,0,0,0
14/11/2020 05:24:54,0,0,0
14/11/2020 05:24:55,0,0,0
14/11/2020 05:24:56,0,0,0
14/11/2020 05:24:57,0,0,0
14/11/2020 05:24:58,0,0,0
14/11/2020 05:24:59,0,0,0
14/11/2020 05:25:00,0,0,0
14/11/2020 05:25:01,0,0,0
14/11/2020 05:25:02,0,0,0
14/11/2020 05:25:03,0,0,0
14/11/2020 05:25:04,0,0,0
14/11/2020 05:25:05,0,0,0
14/11/2020 05:25:06,0,0,0
14/11/2020 05:25:07,0,0,0
14/11/2020 05:25:08,0,0,0
14/11/2020 05:25:09,0,0,0
14/11/2020 05:25:10,0,0,0
14/11/2020 05:25:11,0,0,0
14/11/2020 05:25:12,0,0,0
14/11/2020 05:25:13,0,0,0
14/11/2020 05:25:14,0,0,0
14/11/2020 05:25:15,0,0,0
14/11/2020 05:25:16,0,0,0
14/11/2020 05:25:17,0,0,0
14/11/2020 05:25:18,0,0,0
14/11/2020 05:25:19,0,0,0
14/11/2020 05:25:20,0,0,0
14/11/2020 05:25:21,0,0,0
14/11/2020 05:25:22,0,0,0
14/11/2020 05:25:23,0,0,0
14/11/2020 05:25:24,0,0,0
14/11/2020 05:25:25,0,0,0
14/11/2020 05:25:26,0,0,0
14/11/2020 05:25:27,0,0,0
14/11/2020 05:25:28,0,0,0
14/11/2020 05:25:29,0,0,0
14/11/2020 05:25:30,0,0,0
14/11/2020 05:25:31,0,0,0
14/11/2020 05:25:32,0,0,0
14/11/2020 05:25:33,0,0,0
14/11/2020 05:25:34,0,0,0
14/11/2020 05:25:35,0,0,0
14/11/2020 05:25:36,0,0,0
14/11/2020 05:25:37,0,0,0
14/11/2020 05:25:38,0,0,0
14/11/2020 05:25:39,0,0,0
14/11/2020 05:25:40,0,0,0
14/11/2020 05:25:41,0,0,0
14/11/2020 05:25:42,0,0,0
14/11/2020 05:25:43,0,0,0
14/11/2020 05:25:44,0,0,0
14/11/2020 05:25:45,0,0,0
14/11/2020 05:25:46,0,0,0
14/11/2020 05:25:47,0,0,0
14/11/2020 05:25:48,0,0,0
14/11/2020 05:25:49,0,0,0
14/11/2020 05:25:50,0,0,0
14/11/2020 05:25:51,0,0,0
14/11/2020 05:25:52,0,0,0
14/11/2020 05:25:53,0,0,0
14/11/2020 05:25:54,0,0,0
14/11/2020 05:25:55,0,0,0
14/11/2020 05:25:56,0,0,0
14/11/2020 05:25:57,0,0,0
14/11/2020 05:25:58,0,0,0
14/11/2020 05:25:59,0,0,0
14/11/2020 05:26:00,0,0,0
14/11/2020 05:26:01,0,0,0
14/11/2020 05:26:02,0,0,0
14/11/2020 05:26:03,0,0,0
14/11/2020 05:26:04,0,0,0
14/11/2020 05:26:05,0,0,0
14/11/2020 05:26:06,0,0,0
14/11/2020 05:26:07,0,0,0
14/11/2020 05:26:08,0,0,0
14/11/2020 05:26:09,0,0,0
14/11/2020 05:26:10,0,0,0
14/11/2020 05:26:11,0,0,0
14/11/2020 05:26:12,0,0,0
14/11/2020 05:26:13,0,0,0
14/11/2020 05:26:14,0,0,0
14/11/2020 05:26:15,0,0,0
14/11/2020 05:26:16,0,0,0
14/11/2020 05:26:17,0,0,0
14/11/2020 05:26:18,0,0,0
14/11/2020 05:26:19,0,0,0
14/11/2020 05:26:20,0,0,0
14/11/2020 05:26:21,0,0,0
14/11/2020 05:26:22,0,0,0
14/11/2020 05:26:23,0,0,0
14/11/2020 05:26:24,0,0,0
14/11/2020 05:26:25,0,0,0
14/11/2020 05:26:26,0,0,0
14/11/2020 05:26:27,0,0,0
14/11/2020 05:26:28,0,0,0
14/11/2020 05:26:29,0,0,0
14/11/2020 05:26:30,0,0,0
14/11/2020 05:26:31,0,0,0
14/11/2020 05:26:32,0,0,0
14/11/2020 05:26:33,0,0,0
14/11/2020 05:26:34,0,0,0
14/11/2020 05:26:35,0,0,0
14/11/2020 05:26:36,0,0,0
14/11/2020 05:26:37,0,0,0
14/11/2020 05:26:38,0,0,0
14/11/2020 05:26:39,0,0,0
14/11/2020 05:26:40,0,0,0
14/11/2020 05:26:41,0,0,0
14/11/2020 05:26:42,0,0,0
14/11/2020 05:26:43,0,0,0
14/11/2020 05:26:44,0,0,0
14/11/2020 05:26:45,0,0,0
14/11/2020 05:26:46,0,0,0
14/11/2020 05:26:47,0,0,0
14/11/2020 05:26:48,0,0,0
14/11/2020 05:26:49,0,0,0
14/11/2020 05:26:50,0,0,0
14/11/2020 05:26:51,0,0,0
14/11/2020 05:26:52,0,0,0
14/11/2020 05:26:53,0,0,0
14/11/2020 05:26:54,0,0,0
14/11/2020 05:26:55,0,0,0
14/11/2020 05:26:56,0,0,0
14/11/2020 05:26:57,0,0,0
14/11/2020 05:26:58,0,0,0
14/11/2020 05:26:59,0,0,0
14/11/2020 05:27:00,0,0,0
14/11/2020 05:27:01,0,0,0
14/11/2020 05:27:02,0,0,0
14/11/2020 05:27:03,0,0,0
14/11/2020 05:27:04,0,0,0
14/11/2020 05:27:05,0,0,0
14/11/2020 05:27:06,0,0,0
14/11/2020 05:27:07,0,0,0
14/11/2020 05:27:08,0,0,0
14/11/2020 05:27:09,0,0,0
14/11/2020 05:27:10,0,0,0
14/11/2020 05:27:11,0,0,0
14/11/2020 05:27:12,0,0,0
14/11/2020 05:27:13,0,0,0
14/11/2020 05:27:14,0,0,0
14/11/2020 05:27:15,0,0,0
14/11/2020 05:27:16,0,0,0
14/11/2020 05:27:17,0,0,0
14/11/2020 05:27:18,0,0,0
14/11/2020 05:27:19,0,0,0
14/11/2020 05:27:20,0,0,0
14/11/2020 05:27:21,0,0,0
14/11/2020 05:27:22,0,0,0
14/11/2020 05:27:23,0,0,0
14/11/2020 05:27:24,0,0,0
14/11/2020 05:27:25,0,0,0
14/11/2020 05:27:26,0,0,0
14/11/2020 05:27:27,0,0,0
14/11/2020 05:27:28,0,0,0
14/11/2020 05:27:29,0,0,0
14/11/2020 05:27:30,0,0,0
14/11/2020 05:27:31,0,0,0
14/11/2020 05:27:32,0,0,0
14/11/2020 05:27:33,0,0,0
14/11/2020 05:27:34,0,0,0
14/11/2020 05:27:35,0,0,0
14/11/2020 05:27:36,0,0,0
14/11/2020 05:27:37,0,0,0
14/11/2020 05:27:38,0,0,0
14/11/2020 05:27:39,0,0,0
14/11/2020 05:27:40,0,0,0
14/11/2020 05:27:41,0,0,0
14/11/2020 05:27:42,0,0,0
14/11/2020 05:27:43,0,0,0
14/11/2020 05:27:44,0,0,0
14/11/2020 05:27:45,0,0,0
14/11/2020 05:27:46,0,0,0
14/11/2020 05:27:47,0,0,0
14/11/2020 05:27:48,0,0,0
14/11/2020 05:27:49,0,0,0
14/11/2020 05:27:50,0,0,0
14/11/2020 05:27:51,0,0,0
14/11/2020 05:27:52,0,0,0
14/11/2020 05:27:53,0,0,0
14/11/2020 05:27:54,0,0,0
14/11/2020 05:27:55,0,0,0
14/11/2020 05:27:56,0,0,0
14/11/2020 05:27:57,0,0,0
14/11/2020 05:27:58,0,0,0
14/11/2020 05:27:59,0,0,0
14/11/2020 05:28:00,0,0,0
14/11/2020 05:28:01,0,0,0
14/11/2020 05:28:02,0,0,0
14/11/2020 05:28:03,0,0,0
14/11/2020 05:28:04,0,0,0
14/11/2020 05:28:05,0,0,0
14/11/2020 05:28:06,0,0,0
14/11/2020 05:28:07,0,0,0
14/11/2020 05:28:08,0,0,0
14/11/2020 05:28:09,0,0,0
14/11/2020 05:28:10,0,0,0
14/11/2020 05:28:11,0,0,0
14/11/2020 05:28:12,0,0,0
14/11/2020 05:28:13,0,0,0
14/11/2020 05:28:14,0,0,0
14/11/2020 05:28:15,0,0,0
14/11/2020 05:28:16,0,0,0
14/11/2020 05:28:17,0,0,0
14/11/2020 05:28:18,0,0,0
14/11/2020 05:28:19,0,0,0
14/11/2020 05:28:20,0,0,0
14/11/2020 05:28:21,0,0,0
14/11/2020 05:28:22,0,0,0
14/11/2020 05:28:23,0,0,0
14/11/2020 05:28:24,0,0,0
14/11/2020 05:28:25,0,0,0
14/11/2020 05:28:26,0,0,0
14/11/2020 05:28:27,0,0,0
14/11/2020 05:28:28,0,0,0
14/11/2020 05:28:29,0,0,0
14/11/2020 05:28:30,0,0,0
14/11/2020 05:28:31,0,0,0
14/11/2020 05:28:32,0,0,0
14/11/2020 05:28:33,0,0,0
14/11/2020 05:28:34,0,0,0
14/11/2020 05:28:35,0,0,0
14/11/2020 05:28:36,0,0,0
14/11/2020 05:28:37,0,0,0
14/11/2020 05:28:38,0,0,0
14/11/2020 05:28:39,0,0,0
14/11/2020 05:28:40,0,0,0
14/11/2020 05:28:41,0,0,0
14/11/2020 05:28:42,0,0,0
14/11/2020 05:28:43,0,0,0
14/11/2020 05:28:44,0,0,0
14/11/2020 05:28:45,0,0,0
14/11/2020 05:28:46,0,0,0
14/11/2020 05:28:47,0,0,0
14/11/2020 05:28:48,0,0,0
14/11/2020 05:28:49,0,0,0
14/11/2020 05:28:50,0,0,0
14/11/2020 05:28:51,0,0,0
14/11/2020 05:28:52,0,0,0
14/11/2020 05:28:53,0,0,0
14/11/2020 05:28:54,0,0,0
14/11/2020 05:28:55,0,0,0
14/11/2020 05:28:56,0,0,0
14/11/2020 05:28:57,0,0,0
14/11/2020 05:28:58,0,0,0
14/11/2020 05:28:59,0,0,0
14/11/2020 05:29:00,0,0,0
14/11/2020 05:29:01,0,0,0
14/11/2020 05:29:02,0,0,0
14/11/2020 05:29:03,0,0,0
14/11/2020 05:29:04,0,0,0
14/11/2020 05:29:05,0,0,0
14/11/2020 05:29:06,0,0,0
14/11/2020 05:29:07,0,0,0
14/11/2020 05:29:08,0,0,0
14/11/2020 05:29:09,0,0,0
14/11/2020 05:29:10,0,0,0
14/11/2020 05:29:11,0,0,0
14/11/2020 05:29:12,0,0,0
14/11/2020 05:29:13,0,0,0
14/11/2020 05:29:14,0,0,0
14/11/2020 05:29:15,0,0,0
14/11/2020 05:29:16,0,0,0
14/11/2020 05:29:17,0,0,0
14/11/2020 05:29:18,0,0,0
14/11/2020 05:29:19,0,0,0
14/11/2020 05:29:20,0,0,0
14/11/2020 05:29:21,0,0,0
14/11/2020 05:29:22,0,0,0
14/11/2020 05:29:23,0,0,0
14/11/2020 05:29:24,0,0,0
14/11/2020 05:29:25,0,0,0
14/11/2020 05:29:26,0,0,0
14/11/2020 05:29:27,0,0,0
14/11/2020 05:29:28,0,0,0
14/11/2020 05:29:29,0,0,0
14/11/2020 05:29:30,0,0,0
14/11/2020 05:29:31,0,0,0
14/11/2020 05:29:32,0,0,0
14/11/2020 05:29:33,0,0,0
14/11/2020 05:29:34,0,0,0
14/11/2020 05:29:35,0,0,0
14/11/2020 05:29:36,0,0,0
14/11/2020 05:29:37,0,0,0
14/11/2020 05:29:38,0,0,0
14/11/2020 05:29:39,0,0,0
14/11/2020 05:29:40,0,0,0
14/11/2020 05:29:41,0,0,0
14/11/2020 05:29:42,0,0,0
14/11/2020 05:29:43,0,0,0
14/11/2020 05:29:44,0,0,0
14/11/2020 05:29:45,0,0,0
14/11/2020 05:29:46,0,0,0
14/11/2020 05:29:47,0,0,0
14/11/2020 05:29:48,0,0,0
14/11/2020 05:29:49,0,0,0
14/11/2020 05:29:50,0,0,0
14/11/2020 05:29:51,0,0,0
14/11/2020 05:29:52,0,0,0
14/11/2020 05:29:53,0,0,0
14/11/2020 05:29:54,0,0,0
14/11/2020 05:29:55,0,0,0
14/11/2020 05:29:56,0,0,0
14/11/2020 05:29:57,0,0,0
14/11/2020 05:29:58,0,0,0
14/11/2020 05:29:59,0,0,0
14/11/2020 05:30:00,0,0,0
14/11/2020 05:30:01,0,0,0
14/11/2020 05:30:02,0,0,0
14/11/2020 05:30:03,0,0,0
14/11/2020 05:30:04,0,0,0
14/11/2020 05:30:05,0,0,0
14/11/2020 05:30:06,0,0,0
14/11/2020 05:30:07,0,0,0
14/11/2020 05:30:08,0,0,0
14/11/2020 05:30:09,0,0,0
14/11/2020 05:30:10,0,0,0
14/11/2020 05:30:11,0,0,0
14/11/2020 05:30:12,0,0,0
14/11/2020 05:30:13,0,0,0
14/11/2020 05:30:14,0,0,0
14/11/2020 05:30:15,0,0,0
14/11/2020 05:30:16,0,0,0
14/11/2020 05:30:17,0,0,0
14/11/2020 05:30:18,0,0,0
14/11/2020 05:30:19,0,0,0
14/11/2020 05:30:20,0,0,0
14/11/2020 05:30:21,0,0,0
14/11/2020 05:30:22,0,0,0
14/11/2020 05:30:23,0,0,0
14/11/2020 05:30:24,0,0,0
14/11/2020 05:30:25,0,0,0
14/11/2020 05:30:26,0,0,0
14/11/2020 05:30:27,0,0,0
14/11/2020 05:30:28,0,0,0
14/11/2020 05:30:29,0,0,0
14/11/2020 05:30:30,0,0,0
14/11/2020 05:30:31,0,0,0
14/11/2020 05:30:32,0,0,0
14/11/2020 05:30:33,0,0,0
14/11/2020 05:30:34,0,0,0
14/11/2020 05:30:35,0,0,0
14/11/2020 05:30:36,0,0,0
14/11/2020 05:30:37,0,0,0
14/11/2020 05:30:38,0,0,0
14/11/2020 05:30:39,0,0,0
14/11/2020 05:30:40,0,0,0
14/11/2020 05:30:41,0,0,0
14/11/2020 05:30:42,0,0,0
14/11/2020 05:30:43,0,0,0
14/11/2020 05:30:44,0,0,0
14/11/2020 05:30:45,0,0,0
14/11/2020 05:30:46,0,0,0
14/11/2020 05:30:47,0,0,0
14/11/2020 05:30:48,0,0,0
14/11/2020 05:30:49,0,0,0
14/11/2020 05:30:50,0,0,0
14/11/2020 05:30:51,0,0,0
14/11/2020 05:30:52,0,0,0
14/11/2020 05:30:53,0,0,0
14/11/2020 05:30:54,0,0,0
14/11/2020 05:30:55,0,0,0
14/11/2020 05:30:56,0,0,0
14/11/2020 05:30:57,0,0,0
14/11/2020 05:30:58,0,0,0
14/11/2020 05:30:59,0,0,0
14/11/2020 05:31:00,0,0,0
14/11/2020 05:31:01,0,0,0
14/11/2020 05:31:02,0,0,0
14/11/2020 05:31:03,0,0,0
14/11/2020 05:31:04,0,0,0
14/11/2020 05:31:05,0,0,0
14/11/2020 05:31:06,0,0,0
14/11/2020 05:31:07,0,0,0
14/11/2020 05:31:08,0,0,0
14/11/2020 05:31:09,0,0,0
14/11/2020 05:31:10,0,0,0
14/11/2020 05:31:11,0,0,0
14/11/2020 05:31:12,0,0,0
14/11/2020 05:31:13,0,0,0
14/11/2020 05:31:14,0,0,0
14/11/2020 05:31:15,0,0,0
14/11/2020 05:31:16,0,0,0
14/11/2020 05:31:17,0,0,0
14/11/2020 05:31:18,0,0,0
14/11/2020 05:31:19,0,0,0
14/11/2020 05:31:20,0,0,0
14/11/2020 05:31:21,0,0,0
14/11/2020 05:31:22,0,0,0
14/11/2020 05:31:23,0,0,0
14/11/2020 05:31:24,0,0,0
14/11/2020 05:31:25,0,0,0
14/11/2020 05:31:26,0,0,0
14/11/2020 05:31:27,0,0,0
14/11/2020 05:31:28,0,0,0
14/11/2020 05:31:29,0,0,0
14/11/2020 05:31:30,0,0,0
14/11/2020 05:31:31,0,0,0
14/11/2020 05:31:32,0,0,0
14/11/2020 05:31:33,0,0,0
14/11/2020 05:31:34,0,0,0
14/11/2020 05:31:35,0,0,0
14/11/2020 05:31:36,0,0,0
14/11/2020 05:31:37,0,0,0
14/11/2020 05:31:38,0,0,0
14/11/2020 05:31:39,0,0,0
14/11/2020 05:31:40,0,0,0
14/11/2020 05:31:41,0,0,0
14/11/2020 05:31:42,0,0,0
14/11/2020 05:31:43,0,0,0
14/11/2020 05:31:44,0,0,0
14/11/2020 05:31:45,0,0,0
14/11/2020 05:31:46,0,0,0
14/11/2020 05:31:47,0,0,0
14/11/2020 05:31:48,0,0,0
14/11/2020 05:31:49,0,0,0
14/11/2020 05:31:50,0,0,0
14/11/2020 05:31:51,0,0,0
14/11/2020 05:31:52,0,0,0
14/11/2020 05:31:53,0,0,0
14/11/2020 05:31:54,0,0,0
14/11/2020 05:31:55,0,0,0
14/11/2020 05:31:56,0,0,0
14/11/2020 05:31:57,0,0,0
14/11/2020 05:31:58,0,0,0
14/11/2020 05:31:59,0,0,0
14/11/2020 05:32:00,0,0,0
14/11/2020 05:32:01,0,0,0
14/11/2020 05:32:02,0,0,0
14/11/2020 05:32:03,0,0,0
14/11/2020 05:32:04,0,0,0
14/11/2020 05:32:05,0,0,0
14/11/2020 05:32:06,0,0,0
14/11/2020 05:32:07,0,0,0
14/11/2020 05:32:08,0,0,0
14/11/2020 05:32:09,0,0,0
14/11/2020 05:32:10,0,0,0
14/11/2020 05:32:11,0,0,0
14/11/2020 05:32:12,0,0,0
14/11/2020 05:32:13,0,0,0
14/11/2020 05:32:14,0,0,0
14/11/2020 05:32:15,0,0,0
14/11/2020 05:32:16,0,0,0
14/11/2020 05:32:17,0,0,0
14/11/2020 05:32:18,0,0,0
14/11/2020 05:32:19,0,0,0
14/11/2020 05:32:20,0,0,0
14/11/2020 05:32:21,0,0,0
14/11/2020 05:32:22,0,0,0
14/11/2020 05:32:23,0,0,0
14/11/2020 05:32:24,0,0,0
14/11/2020 05:32:25,0,0,0
14/11/2020 05:32:26,0,0,0
14/11/2020 05:32:27,0,0,0
14/11/2020 05:32:28,0,0,0
14/11/2020 05:32:29,0,0,0
14/11/2020 05:32:30,0,0,0
14/11/2020 05:32:31,0,0,0
14/11/2020 05:32:32,0,0,0
14/11/2020 05:32:33,0,0,0
14/11/2020 05:32:34,0,0,0
14/11/2020 05:32:35,0,0,0
14/11/2020 05:32:36,0,0,0
14/11/2020 05:32:37,0,0,0
14/11/2020 05:32:38,0,0,0
14/11/2020 05:32:39,0,0,0
14/11/2020 05:32:40,0,0,0
14/11/2020 05:32:41,0,0,0
14/11/2020 05:32:42,0,0,0
14/11/2020 05:32:43,0,0,0
14/11/2020 05:32:44,0,0,0
14/11/2020 05:32:45,0,0,0
14/11/2020 05:32:46,0,0,0
14/11/2020 05:32:47,0,0,0
14/11/2020 05:32:48,0,0,0
14/11/2020 05:32:49,0,0,0
14/11/2020 05:32:50,0,0,0
14/11/2020 05:32:51,0,0,0
14/11/2020 05:32:52,0,0,0
14/11/2020 05:32:53,0,0,0
14/11/2020 05:32:54,0,0,0
14/11/2020 05:32:55,0,0,0
14/11/2020 05:32:56,0,0,0
14/11/2020 05:32:57,0,0,0
14/11/2020 05:32:58,0,0,0
14/11/2020 05:32:59,0,0,0
14/11/2020 05:33:00,0,0,0
14/11/2020 05:33:01,0,0,0
14/11/2020 05:33:02,0,0,0
14/11/2020 05:33:03,0,0,0
14/11/2020 05:33:04,0,0,0
14/11/2020 05:33:05,0,0,0
14/11/2020 05:33:06,0,0,0
14/11/2020 05:33:07,0,0,0
14/11/2020 05:33:08,0,0,0
14/11/2020 05:33:09,0,0,0
14/11/2020 05:33:10,0,0,0
14/11/2020 05:33:11,0,0,0
14/11/2020 05:33:12,0,0,0
14/11/2020 05:33:13,0,0,0
14/11/2020 05:33:14,0,0,0
14/11/2020 05:33:15,0,0,0
14/11/2020 05:33:16,0,0,0
14/11/2020 05:33:17,0,0,0
14/11/2020 05:33:18,0,0,0
14/11/2020 05:33:19,0,0,0
14/11/2020 05:33:20,0,0,0
14/11/2020 05:33:21,0,0,0
14/11/2020 05:33:22,0,0,0
14/11/2020 05:33:23,0,0,0
14/11/2020 05:33:24,0,0,0
14/11/2020 05:33:25,0,0,0
14/11/2020 05:33:26,0,0,0
14/11/2020 05:33:27,0,0,0
14/11/2020 05:33:28,0,0,0
14/11/2020 05:33:29,0,0,0
14/11/2020 05:33:30,0,0,0
14/11/2020 05:33:31,0,0,0
14/11/2020 05:33:32,0,0,0
14/11/2020 05:33:33,0,0,0
14/11/2020 05:33:34,0,0,0
14/11/2020 05:33:35,0,0,0
14/11/2020 05:33:36,0,0,0
14/11/2020 05:33:37,0,0,0
14/11/2020 05:33:38,0,0,0
14/11/2020 05:33:39,0,0,0
14/11/2020 05:33:40,0,0,0
14/11/2020 05:33:41,0,0,0
14/11/2020 05:33:42,0,0,0
14/11/2020 05:33:43,0,0,0
14/11/2020 05:33:44,0,0,0
14/11/2020 05:33:45,0,0,0
14/11/2020 05:33:46,0,0,0
14/11/2020 05:33:47,0,0,0
14/11/2020 05:33:48,0,0,0
14/11/2020 05:33:49,0,0,0
14/11/2020 05:33:50,0,0,0
14/11/2020 05:33:51,0,0,0
14/11/2020 05:33:52,0,0,0
14/11/2020 05:33:53,0,0,0
14/11/2020 05:33:54,0,0,0
14/11/2020 05:33:55,0,0,0
14/11/2020 05:33:56,0,0,0
14/11/2020 05:33:57,0,0,0
14/11/2020 05:33:58,0,0,0
14/11/2020 05:33:59,0,0,0
14/11/2020 05:34:00,0,0,0
14/11/2020 05:34:01,0,0,0
14/11/2020 05:34:02,0,0,0
14/11/2020 05:34:03,0,0,0
14/11/2020 05:34:04,0,0,0
14/11/2020 05:34:05,0,0,0
14/11/2020 05:34:06,0,0,0
14/11/2020 05:34:07,0,0,0
14/11/2020 05:34:08,0,0,0
14/11/2020 05:34:09,0,0,0
14/11/2020 05:34:10,0,0,0
14/11/2020 05:34:11,0,0,0
14/11/2020 05:34:12,0,0,0
14/11/2020 05:34:13,0,0,0
14/11/2020 05:34:14,0,0,0
14/11/2020 05:34:15,0,0,0
14/11/2020 05:34:16,0,0,0
14/11/2020 05:34:17,0,0,0
14/11/2020 05:34:18,0,0,0
14/11/2020 05:34:19,0,0,0
14/11/2020 05:34:20,0,0,0
14/11/2020 05:34:21,0,0,0
14/11/2020 05:34:22,0,0,0
14/11/2020 05:34:23,0,0,0
14/11/2020 05:34:24,0,0,0
14/11/2020 05:34:25,0,0,0
14/11/2020 05:34:26,0,0,0
14/11/2020 05:34:27,0,0,0
14/11/2020 05:34:28,0,0,0
14/11/2020 05:34:29,0,0,0
14/11/2020 05:34:30,0,0,0
14/11/2020 05:34:31,0,0,0
14/11/2020 05:34:32,0,0,0
14/11/2020 05:34:33,0,0,0
14/11/2020 05:34:34,0,0,0
14/11/2020 05:34:35,0,0,0
14/11/2020 05:34:36,0,0,0
14/11/2020 05:34:37,0,0,0
14/11/2020 05:34:38,0,0,0
14/11/2020 05:34:39,0,0,0
14/11/2020 05:34:40,0,0,0
14/11/2020 05:34:41,0,0,0
14/11/2020 05:34:42,0,0,0
14/11/2020 05:34:43,0,0,0
14/11/2020 05:34:44,0,0,0
14/11/2020 05:34:45,0,0,0
14/11/2020 05:34:46,0,0,0
14/11/2020 05:34:47,0,0,0
14/11/2020 05:34:48,0,0,0
14/11/2020 05:34:49,0,0,0
14/11/2020 05:34:50,0,0,0
14/11/2020 05:34:51,0,0,0
14/11/2020 05:34:52,0,0,0
14/11/2020 05:34:53,0,0,0
14/11/2020 05:34:54,0,0,0
14/11/2020 05:34:55,0,0,0
14/11/2020 05:34:56,0,0,0
14/11/2020 05:34:57,0,0,0
14/11/2020 05:34:58,0,0,0
14/11/2020 05:34:59,0,0,0
14/11/2020 05:35:00,0,0,0
14/11/2020 05:35:01,0,0,0
14/11/2020 05:35:02,0,0,0
14/11/2020 05:35:03,0,0,0
14/11/2020 05:35:04,0,0,0
14/11/2020 05:35:05,0,0,0
14/11/2020 05:35:06,0,0,0
14/11/2020 05:35:07,0,0,0
14/11/2020 05:35:08,0,0,0
14/11/2020 05:35:09,0,0,0
14/11/2020 05:35:10,0,0,0
14/11/2020 05:35:11,0,0,0
14/11/2020 05:35:12,0,0,0
14/11/2020 05:35:13,0,0,0
14/11/2020 05:35:14,0,0,0
14/11/2020 05:35:15,0,0,0
14/11/2020 05:35:16,0,0,0
14/11/2020 05:35:17,0,0,0
14/11/2020 05:35:18,0,0,0
14/11/2020 05:35:19,0,0,0
14/11/2020 05:35:20,0,0,0
14/11/2020 05:35:21,0,0,0
14/11/2020 05:35:22,0,0,0
14/11/2020 05:35:23,0,0,0
14/11/2020 05:35:24,0,0,0
14/11/2020 05:35:25,0,0,0
14/11/2020 05:35:26,0,0,0
14/11/2020 05:35:27,0,0,0
14/11/2020 05:35:28,0,0,0
14/11/2020 05:35:29,0,0,0
14/11/2020 05:35:30,0,0,0
14/11/2020 05:35:31,0,0,0
14/11/2020 05:35:32,0,0,0
14/11/2020 05:35:33,0,0,0
14/11/2020 05:35:34,0,0,0
14/11/2020 05:35:35,0,0,0
14/11/2020 05:35:36,0,0,0
14/11/2020 05:35:37,0,0,0
14/11/2020 05:35:38,0,0,0
14/11/2020 05:35:39,0,0,0
14/11/2020 05:35:40,0,0,0
14/11/2020 05:35:41,0,0,0
14/11/2020 05:35:42,0,0,0
14/11/2020 05:35:43,0,0,0
14/11/2020 05:35:44,0,0,0
14/11/2020 05:35:45,0,0,0
14/11/2020 05:35:46,0,0,0
14/11/2020 05:35:47,0,0,0
14/11/2020 05:35:48,0,0,0
14/11/2020 05:35:49,0,0,0
14/11/2020 05:35:50,0,0,0
14/11/2020 05:35:51,0,0,0
14/11/2020 05:35:52,0,0,0
14/11/2020 05:35:53,0,0,0
14/11/2020 05:35:54,0,0,0
14/11/2020 05:35:55,0,0,0
14/11/2020 05:35:56,0,0,0
14/11/2020 05:35:57,0,0,0
14/11/2020 05:35:58,0,0,0
14/11/2020 05:35:59,0,0,0
14/11/2020 05:36:00,0,0,0
14/11/2020 05:36:01,0,0,0
14/11/2020 05:36:02,0,0,0
14/11/2020 05:36:03,0,0,0
14/11/2020 05:36:04,0,0,0
14/11/2020 05:36:05,0,0,0
14/11/2020 05:36:06,0,0,0
14/11/2020 05:36:07,0,0,0
14/11/2020 05:36:08,0,0,0
14/11/2020 05:36:09,0,0,0
14/11/2020 05:36:10,0,0,0
14/11/2020 05:36:11,0,0,0
14/11/2020 05:36:12,0,0,0
14/11/2020 05:36:13,0,0,0
14/11/2020 05:36:14,0,0,0
14/11/2020 05:36:15,0,0,0
14/11/2020 05:36:16,0,0,0
14/11/2020 05:36:17,0,0,0
14/11/2020 05:36:18,0,0,0
14/11/2020 05:36:19,0,0,0
14/11/2020 05:36:20,0,0,0
14/11/2020 05:36:21,0,0,0
14/11/2020 05:36:22,0,0,0
14/11/2020 05:36:23,0,0,0
14/11/2020 05:36:24,0,0,0
14/11/2020 05:36:25,0,0,0
14/11/2020 05:36:26,0,0,0
14/11/2020 05:36:27,0,0,0
14/11/2020 05:36:28,0,0,0
14/11/2020 05:36:29,0,0,0
14/11/2020 05:36:30,0,0,0
14/11/2020 05:36:31,0,0,0
14/11/2020 05:36:32,0,0,0
14/11/2020 05:36:33,0,0,0
14/11/2020 05:36:34,0,0,0
14/11/2020 05:36:35,0,0,0
14/11/2020 05:36:36,0,0,0
14/11/2020 05:36:37,0,0,0
14/11/2020 05:36:38,0,0,0
14/11/2020 05:36:39,0,0,0
14/11/2020 05:36:40,0,0,0
14/11/2020 05:36:41,0,0,0
14/11/2020 05:36:42,0,0,0
14/11/2020 05:36:43,0,0,0
14/11/2020 05:36:44,0,0,0
14/11/2020 05:36:45,0,0,0
14/11/2020 05:36:46,0,0,0
14/11/2020 05:36:47,0,0,0
14/11/2020 05:36:48,0,0,0
14/11/2020 05:36:49,0,0,0
14/11/2020 05:36:50,0,0,0
14/11/2020 05:36:51,0,0,0
14/11/2020 05:36:52,0,0,0
14/11/2020 05:36:53,0,0,0
14/11/2020 05:36:54,0,0,0
14/11/2020 05:36:55,0,0,0
14/11/2020 05:36:56,0,0,0
14/11/2020 05:36:57,0,0,0
14/11/2020 05:36:58,0,0,0
14/11/2020 05:36:59,0,0,0
14/11/2020 05:37:00,0,0,0
14/11/2020 05:37:01,0,0,0
14/11/2020 05:37:02,0,0,0
14/11/2020 05:37:03,0,0,0
14/11/2020 05:37:04,0,0,0
14/11/2020 05:37:05,0,0,0
14/11/2020 05:37:06,0,0,0
14/11/2020 05:37:07,0,0,0
14/11/2020 05:37:08,0,0,0
14/11/2020 05:37:09,0,0,0
14/11/2020 05:37:10,0,0,0
14/11/2020 05:37:11,0,0,0
14/11/2020 05:37:12,0,0,0
14/11/2020 05:37:13,0,0,0
14/11/2020 05:37:14,0,0,0
14/11/2020 05:37:15,0,0,0
14/11/2020 05:37:16,0,0,0
14/11/2020 05:37:17,0,0,0
14/11/2020 05:37:18,0,0,0
14/11/2020 05:37:19,0,0,0
14/11/2020 05:37:20,0,0,0
14/11/2020 05:37:21,0,0,0
14/11/2020 05:37:22,0,0,0
14/11/2020 05:37:23,0,0,0
14/11/2020 05:37:24,0,0,0
14/11/2020 05:37:25,0,0,0
14/11/2020 05:37:26,0,0,0
14/11/2020 05:37:27,0,0,0
14/11/2020 05:37:28,0,0,0
14/11/2020 05:37:29,0,0,0
14/11/2020 05:37:30,0,0,0
14/11/2020 05:37:31,0,0,0
14/11/2020 05:37:32,0,0,0
14/11/2020 05:37:33,0,0,0
14/11/2020 05:37:34,0,0,0
14/11/2020 05:37:35,0,0,0
14/11/2020 05:37:36,0,0,0
14/11/2020 05:37:37,0,0,0
14/11/2020 05:37:38,0,0,0
14/11/2020 05:37:39,0,0,0
14/11/2020 05:37:40,0,0,0
14/11/2020 05:37:41,0,0,0
14/11/2020 05:37:42,0,0,0
14/11/2020 05:37:43,0,0,0
14/11/2020 05:37:44,0,0,0
14/11/2020 05:37:45,0,0,0
14/11/2020 05:37:46,0,0,0
14/11/2020 05:37:47,0,0,0
14/11/2020 05:37:48,0,0,0
14/11/2020 05:37:49,0,0,0
14/11/2020 05:37:50,0,0,0
14/11/2020 05:37:51,0,0,0
14/11/2020 05:37:52,0,0,0
14/11/2020 05:37:53,0,0,0
14/11/2020 05:37:54,0,0,0
14/11/2020 05:37:55,0,0,0
14/11/2020 05:37:56,0,0,0
14/11/2020 05:37:57,0,0,0
14/11/2020 05:37:58,0,0,0
14/11/2020 05:37:59,0,0,0
14/11/2020 05:38:00,0,0,0
14/11/2020 05:38:01,0,0,0
14/11/2020 05:38:02,0,0,0
14/11/2020 05:38:03,0,0,0
14/11/2020 05:38:04,0,0,0
14/11/2020 05:38:05,0,0,0
14/11/2020 05:38:06,0,0,0
14/11/2020 05:38:07,0,0,0
14/11/2020 05:38:08,0,0,0
14/11/2020 05:38:09,0,0,0
14/11/2020 05:38:10,0,0,0
14/11/2020 05:38:11,0,0,0
14/11/2020 05:38:12,0,0,0
14/11/2020 05:38:13,0,0,0
14/11/2020 05:38:14,0,0,0
14/11/2020 05:38:15,0,0,0
14/11/2020 05:38:16,0,0,0
14/11/2020 05:38:17,0,0,0
14/11/2020 05:38:18,0,0,0
14/11/2020 05:38:19,0,0,0
14/11/2020 05:38:20,0,0,0
14/11/2020 05:38:21,0,0,0
14/11/2020 05:38:22,0,0,0
14/11/2020 05:38:23,0,0,0
14/11/2020 05:38:24,0,0,0
14/11/2020 05:38:25,0,0,0
14/11/2020 05:38:26,0,0,0
14/11/2020 05:38:27,0,0,0
14/11/2020 05:38:28,0,0,0
14/11/2020 05:38:29,0,0,0
14/11/2020 05:38:30,0,0,0
14/11/2020 05:38:31,0,0,0
14/11/2020 05:38:32,0,0,0
14/11/2020 05:38:33,0,0,0
14/11/2020 05:38:34,0,0,0
14/11/2020 05:38:35,0,0,0
14/11/2020 05:38:36,0,0,0
14/11/2020 05:38:37,0,0,0
14/11/2020 05:38:38,0,0,0
14/11/2020 05:38:39,0,0,0
14/11/2020 05:38:40,0,0,0
14/11/2020 05:38:41,0,0,0
14/11/2020 05:38:42,0,0,0
14/11/2020 05:38:43,0,0,0
14/11/2020 05:38:44,0,0,0
14/11/2020 05:38:45,0,0,0
14/11/2020 05:38:46,0,0,0
14/11/2020 05:38:47,0,0,0
14/11/2020 05:38:48,0,0,0
14/11/2020 05:38:49,0,0,0
14/11/2020 05:38:50,0,0,0
14/11/2020 05:38:51,0,0,0
14/11/2020 05:38:52,0,0,0
14/11/2020 05:38:53,0,0,0
14/11/2020 05:38:54,0,0,0
14/11/2020 05:38:55,0,0,0
14/11/2020 05:38:56,0,0,0
14/11/2020 05:38:57,0,0,0
14/11/2020 05:38:58,0,0,0
14/11/2020 05:38:59,0,0,0
14/11/2020 05:39:00,0,0,0
14/11/2020 05:39:01,0,0,0
14/11/2020 05:39:02,0,0,0
14/11/2020 05:39:03,0,0,0
14/11/2020 05:39:04,0,0,0
14/11/2020 05:39:05,0,0,0
14/11/2020 05:39:06,0,0,0
14/11/2020 05:39:07,0,0,0
14/11/2020 05:39:08,0,0,0
14/11/2020 05:39:09,0,0,0
14/11/2020 05:39:10,0,0,0
14/11/2020 05:39:11,0,0,0
14/11/2020 05:39:12,0,0,0
14/11/2020 05:39:13,0,0,0
14/11/2020 05:39:14,0,0,0
14/11/2020 05:39:15,0,0,0
14/11/2020 05:39:16,0,0,0
14/11/2020 05:39:17,0,0,0
14/11/2020 05:39:18,0,0,0
14/11/2020 05:39:19,0,0,0
14/11/2020 05:39:20,0,0,0
14/11/2020 05:39:21,0,0,0
14/11/2020 05:39:22,0,0,0
14/11/2020 05:39:23,0,0,0
14/11/2020 05:39:24,0,0,0
14/11/2020 05:39:25,0,0,0
14/11/2020 05:39:26,0,0,0
14/11/2020 05:39:27,0,0,0
14/11/2020 05:39:28,0,0,0
14/11/2020 05:39:29,0,0,0
14/11/2020 05:39:30,0,0,0
14/11/2020 05:39:31,0,0,0
14/11/2020 05:39:32,0,0,0
14/11/2020 05:39:33,0,0,0
14/11/2020 05:39:34,0,0,0
14/11/2020 05:39:35,0,0,0
14/11/2020 05:39:36,0,0,0
14/11/2020 05:39:37,0,0,0
14/11/2020 05:39:38,0,0,0
14/11/2020 05:39:39,0,0,0
14/11/2020 05:39:40,0,0,0
14/11/2020 05:39:41,0,0,0
14/11/2020 05:39:42,0,0,0
14/11/2020 05:39:43,0,0,0
14/11/2020 05:39:44,0,0,0
14/11/2020 05:39:45,0,0,0
14/11/2020 05:39:46,0,0,0
14/11/2020 05:39:47,0,0,0
14/11/2020 05:39:48,0,0,0
14/11/2020 05:39:49,0,0,0
14/11/2020 05:39:50,0,0,0
14/11/2020 05:39:51,0,0,0
14/11/2020 05:39:52,0,0,0
14/11/2020 05:39:53,0,0,0
14/11/2020 05:39:54,0,0,0
14/11/2020 05:39:55,0,0,0
14/11/2020 05:39:56,0,0,0
14/11/2020 05:39:57,0,0,0
14/11/2020 05:39:58,0,0,0
14/11/2020 05:39:59,0,0,0
14/11/2020 05:40:00,0,0,0
14/11/2020 05:40:01,0,0,0
14/11/2020 05:40:02,0,0,0
14/11/2020 05:40:03,0,0,0
14/11/2020 05:40:04,0,0,0
14/11/2020 05:40:05,0,0,0
14/11/2020 05:40:06,0,0,0
14/11/2020 05:40:07,0,0,0
14/11/2020 05:40:08,0,0,0
14/11/2020 05:40:09,0,0,0
14/11/2020 05:40:10,0,0,0
14/11/2020 05:40:11,0,0,0
14/11/2020 05:40:12,0,0,0
14/11/2020 05:40:13,0,0,0
14/11/2020 05:40:14,0,0,0
14/11/2020 05:40:15,0,0,0
14/11/2020 05:40:16,0,0,0
14/11/2020 05:40:17,0,0,0
14/11/2020 05:40:18,0,0,0
14/11/2020 05:40:19,0,0,0
14/11/2020 05:40:20,0,0,0
14/11/2020 05:40:21,0,0,0
14/11/2020 05:40:22,0,0,0
14/11/2020 05:40:23,0,0,0
14/11/2020 05:40:24,0,0,0
14/11/2020 05:40:25,0,0,0
14/11/2020 05:40:26,0,0,0
14/11/2020 05:40:27,0,0,0
14/11/2020 05:40:28,0,0,0
14/11/2020 05:40:29,0,0,0
14/11/2020 05:40:30,0,0,0
14/11/2020 05:40:31,0,0,0
14/11/2020 05:40:32,0,0,0
14/11/2020 05:40:33,0,0,0
14/11/2020 05:40:34,0,0,0
14/11/2020 05:40:35,0,0,0
14/11/2020 05:40:36,0,0,0
14/11/2020 05:40:37,0,0,0
14/11/2020 05:40:38,0,0,0
14/11/2020 05:40:39,0,0,0
14/11/2020 05:40:40,0,0,0
14/11/2020 05:40:41,0,0,0
14/11/2020 05:40:42,0,0,0
14/11/2020 05:40:43,0,0,0
14/11/2020 05:40:44,0,0,0
14/11/2020 05:40:45,0,0,0
14/11/2020 05:40:46,0,0,0
14/11/2020 05:40:47,0,0,0
14/11/2020 05:40:48,0,0,0
14/11/2020 05:40:49,0,0,0
14/11/2020 05:40:50,0,0,0
14/11/2020 05:40:51,0,0,0
14/11/2020 05:40:52,0,0,0
14/11/2020 05:40:53,0,0,0
14/11/2020 05:40:54,0,0,0
14/11/2020 05:40:55,0,0,0
14/11/2020 05:40:56,0,0,0
14/11/2020 05:40:57,0,0,0
14/11/2020 05:40:58,0,0,0
14/11/2020 05:40:59,0,0,0
14/11/2020 05:41:00,0,0,0
14/11/2020 05:41:01,0,0,0
14/11/2020 05:41:02,0,0,0
14/11/2020 05:41:03,0,0,0
14/11/2020 05:41:04,0,0,0
14/11/2020 05:41:05,0,0,0
14/11/2020 05:41:06,0,0,0
14/11/2020 05:41:07,0,0,0
14/11/2020 05:41:08,0,0,0
14/11/2020 05:41:09,0,0,0
14/11/2020 05:41:10,0,0,0
14/11/2020 05:41:11,0,0,0
14/11/2020 05:41:12,0,0,0
14/11/2020 05:41:13,0,0,0
14/11/2020 05:41:14,0,0,0
14/11/2020 05:41:15,0,0,0
14/11/2020 05:41:16,0,0,0
14/11/2020 05:41:17,0,0,0
14/11/2020 05:41:18,0,0,0
14/11/2020 05:41:19,0,0,0
14/11/2020 05:41:20,0,0,0
14/11/2020 05:41:21,0,0,0
14/11/2020 05:41:22,0,0,0
14/11/2020 05:41:23,0,0,0
14/11/2020 05:41:24,0,0,0
14/11/2020 05:41:25,0,0,0
14/11/2020 05:41:26,0,0,0
14/11/2020 05:41:27,0,0,0
14/11/2020 05:41:28,0,0,0
14/11/2020 05:41:29,0,0,0
14/11/2020 05:41:30,0,0,0
14/11/2020 05:41:31,0,0,0
14/11/2020 05:41:32,0,0,0
14/11/2020 05:41:33,0,0,0
14/11/2020 05:41:34,0,0,0
14/11/2020 05:41:35,0,0,0
14/11/2020 05:41:36,0,0,0
14/11/2020 05:41:37,0,0,0
14/11/2020 05:41:38,0,0,0
14/11/2020 05:41:39,0,0,0
14/11/2020 05:41:40,0,0,0
14/11/2020 05:41:41,0,0,0
14/11/2020 05:41:42,0,0,0
14/11/2020 05:41:43,0,0,0
14/11/2020 05:41:44,0,0,0
14/11/2020 05:41:45,0,0,0
14/11/2020 05:41:46,0,0,0
14/11/2020 05:41:47,0,0,0
14/11/2020 05:41:48,0,0,0
14/11/2020 05:41:49,0,0,0
14/11/2020 05:41:50,0,0,0
14/11/2020 05:41:51,0,0,0
14/11/2020 05:41:52,0,0,0
14/11/2020 05:41:53,0,0,0
14/11/2020 05:41:54,0,0,0
14/11/2020 05:41:55,0,0,0
14/11/2020 05:41:56,0,0,0
14/11/2020 05:41:57,0,0,0
14/11/2020 05:41:58,0,0,0
14/11/2020 05:41:59,0,0,0
14/11/2020 05:42:00,0,0,0
14/11/2020 05:42:01,0,0,0
14/11/2020 05:42:02,0,0,0
14/11/2020 05:42:03,0,0,0
14/11/2020 05:42:04,0,0,0
14/11/2020 05:42:05,0,0,0
14/11/2020 05:42:06,0,0,0
14/11/2020 05:42:07,0,0,0
14/11/2020 05:42:08,0,0,0
14/11/2020 05:42:09,0,0,0
14/11/2020 05:42:10,0,0,0
14/11/2020 05:42:11,0,0,0
14/11/2020 05:42:12,0,0,0
14/11/2020 05:42:13,0,0,0
14/11/2020 05:42:14,0,0,0
14/11/2020 05:42:15,0,0,0
14/11/2020 05:42:16,0,0,0
14/11/2020 05:42:17,0,0,0
14/11/2020 05:42:18,0,0,0
14/11/2020 05:42:19,0,0,0
14/11/2020 05:42:20,0,0,0
14/11/2020 05:42:21,0,0,0
14/11/2020 05:42:22,0,0,0
14/11/2020 05:42:23,0,0,0
14/11/2020 05:42:24,0,0,0
14/11/2020 05:42:25,0,0,0
14/11/2020 05:42:26,0,0,0
14/11/2020 05:42:27,0,0,0
14/11/2020 05:42:28,0,0,0
14/11/2020 05:42:29,0,0,0
14/11/2020 05:42:30,0,0,0
14/11/2020 05:42:31,0,0,0
14/11/2020 05:42:32,0,0,0
14/11/2020 05:42:33,0,0,0
14/11/2020 05:42:34,0,0,0
14/11/2020 05:42:35,0,0,0
14/11/2020 05:42:36,0,0,0
14/11/2020 05:42:37,0,0,0
14/11/2020 05:42:38,0,0,0
14/11/2020 05:42:39,0,0,0
14/11/2020 05:42:40,0,0,0
14/11/2020 05:42:41,0,0,0
14/11/2020 05:42:42,0,0,0
14/11/2020 05:42:43,0,0,0
14/11/2020 05:42:44,0,0,0
14/11/2020 05:42:45,0,0,0
14/11/2020 05:42:46,0,0,0
14/11/2020 05:42:47,0,0,0
14/11/2020 05:42:48,0,0,0
14/11/2020 05:42:49,0,0,0
14/11/2020 05:42:50,0,0,0
14/11/2020 05:42:51,0,0,0
14/11/2020 05:42:52,0,0,0
14/11/2020 05:42:53,0,0,0
14/11/2020 05:42:54,0,0,0
14/11/2020 05:42:55,0,0,0
14/11/2020 05:42:56,0,0,0
14/11/2020 05:42:57,0,0,0
14/11/2020 05:42:58,0,0,0
14/11/2020 05:42:59,0,0,0
14/11/2020 05:43:00,0,0,0
14/11/2020 05:43:01,0,0,0
14/11/2020 05:43:02,0,0,0
14/11/2020 05:43:03,0,0,0
14/11/2020 05:43:04,0,0,0
14/11/2020 05:43:05,0,0,0
14/11/2020 05:43:06,0,0,0
14/11/2020 05:43:07,0,0,0
14/11/2020 05:43:08,0,0,0
14/11/2020 05:43:09,0,0,0
14/11/2020 05:43:10,0,0,0
14/11/2020 05:43:11,0,0,0
14/11/2020 05:43:12,0,0,0
14/11/2020 05:43:13,0,0,0
14/11/2020 05:43:14,0,0,0
14/11/2020 05:43:15,0,0,0
14/11/2020 05:43:16,0,0,0
14/11/2020 05:43:17,0,0,0
14/11/2020 05:43:18,0,0,0
14/11/2020 05:43:19,0,0,0
14/11/2020 05:43:20,0,0,0
14/11/2020 05:43:21,0,0,0
14/11/2020 05:43:22,0,0,0
14/11/2020 05:43:23,0,0,0
14/11/2020 05:43:24,0,0,0
14/11/2020 05:43:25,0,0,0
14/11/2020 05:43:26,0,0,0
14/11/2020 05:43:27,0,0,0
14/11/2020 05:43:28,0,0,0
14/11/2020 05:43:29,0,0,0
14/11/2020 05:43:30,0,0,0
14/11/2020 05:43:31,0,0,0
14/11/2020 05:43:32,0,0,0
14/11/2020 05:43:33,0,0,0
14/11/2020 05:43:34,0,0,0
14/11/2020 05:43:35,0,0,0
14/11/2020 05:43:36,0,0,0
14/11/2020 05:43:37,0,0,0
14/11/2020 05:43:38,0,0,0
14/11/2020 05:43:39,0,0,0
14/11/2020 05:43:40,0,0,0
14/11/2020 05:43:41,0,0,0
14/11/2020 05:43:42,0,0,0
14/11/2020 05:43:43,0,0,0
14/11/2020 05:43:44,0,0,0
14/11/2020 05:43:45,0,0,0
14/11/2020 05:43:46,0,0,0
14/11/2020 05:43:47,0,0,0
14/11/2020 05:43:48,0,0,0
14/11/2020 05:43:49,0,0,0
14/11/2020 05:43:50,0,0,0
14/11/2020 05:43:51,0,0,0
14/11/2020 05:43:52,0,0,0
14/11/2020 05:43:53,0,0,0
14/11/2020 05:43:54,0,0,0
14/11/2020 05:43:55,0,0,0
14/11/2020 05:43:56,0,0,0
14/11/2020 05:43:57,0,0,0
14/11/2020 05:43:58,0,0,0
14/11/2020 05:43:59,0,0,0
14/11/2020 05:44:00,0,0,0
14/11/2020 05:44:01,0,0,0
14/11/2020 05:44:02,0,0,0
14/11/2020 05:44:03,0,0,0
14/11/2020 05:44:04,0,0,0
14/11/2020 05:44:05,0,0,0
14/11/2020 05:44:06,0,0,0
14/11/2020 05:44:07,0,0,0
14/11/2020 05:44:08,0,0,0
14/11/2020 05:44:09,0,0,0
14/11/2020 05:44:10,0,0,0
14/11/2020 05:44:11,0,0,0
14/11/2020 05:44:12,0,0,0
14/11/2020 05:44:13,0,0,0
14/11/2020 05:44:14,0,0,0
14/11/2020 05:44:15,0,0,0
14/11/2020 05:44:16,0,0,0
14/11/2020 05:44:17,0,0,0
14/11/2020 05:44:18,0,0,0
14/11/2020 05:44:19,0,0,0
14/11/2020 05:44:20,0,0,0
14/11/2020 05:44:21,0,0,0
14/11/2020 05:44:22,0,0,0
14/11/2020 05:44:23,0,0,0
14/11/2020 05:44:24,0,0,0
14/11/2020 05:44:25,0,0,0
14/11/2020 05:44:26,0,0,0
14/11/2020 05:44:27,0,0,0
14/11/2020 05:44:28,0,0,0
14/11/2020 05:44:29,0,0,0
14/11/2020 05:44:30,0,0,0
14/11/2020 05:44:31,0,0,0
14/11/2020 05:44:32,0,0,0
14/11/2020 05:44:33,0,0,0
14/11/2020 05:44:34,0,0,0
14/11/2020 05:44:35,0,0,0
14/11/2020 05:44:36,0,0,0
14/11/2020 05:44:37,0,0,0
14/11/2020 05:44:38,0,0,0
14/11/2020 05:44:39,0,0,0
14/11/2020 05:44:40,0,0,0
14/11/2020 05:44:41,0,0,0
14/11/2020 05:44:42,0,0,0
14/11/2020 05:44:43,0,0,0
14/11/2020 05:44:44,0,0,0
14/11/2020 05:44:45,0,0,0
14/11/2020 05:44:46,0,0,0
14/11/2020 05:44:47,0,0,0
14/11/2020 05:44:48,0,0,0
14/11/2020 05:44:49,0,0,0
14/11/2020 05:44:50,0,0,0
14/11/2020 05:44:51,0,0,0
14/11/2020 05:44:52,0,0,0
14/11/2020 05:44:53,0,0,0
14/11/2020 05:44:54,0,0,0
14/11/2020 05:44:55,0,0,0
14/11/2020 05:44:56,0,0,0
14/11/2020 05:44:57,0,0,0
14/11/2020 05:44:58,0,0,0
14/11/2020 05:44:59,0,0,0
14/11/2020 05:45:00,0,0,0
14/11/2020 05:45:01,0,0,0
14/11/2020 05:45:02,0,0,0
14/11/2020 05:45:03,0,0,0
14/11/2020 05:45:04,0,0,0
14/11/2020 05:45:05,0,0,0
14/11/2020 05:45:06,0,0,0
14/11/2020 05:45:07,0,0,0
14/11/2020 05:45:08,0,0,0
14/11/2020 05:45:09,0,0,0
14/11/2020 05:45:10,0,0,0
14/11/2020 05:45:11,0,0,0
14/11/2020 05:45:12,0,0,0
14/11/2020 05:45:13,0,0,0
14/11/2020 05:45:14,0,0,0
14/11/2020 05:45:15,0,0,0
14/11/2020 05:45:16,0,0,0
14/11/2020 05:45:17,0,0,0
14/11/2020 05:45:18,0,0,0
14/11/2020 05:45:19,0,0,0
14/11/2020 05:45:20,0,0,0
14/11/2020 05:45:21,0,0,0
14/11/2020 05:45:22,0,0,0
14/11/2020 05:45:23,0,0,0
14/11/2020 05:45:24,0,0,0
14/11/2020 05:45:25,0,0,0
14/11/2020 05:45:26,0,0,0
14/11/2020 05:45:27,0,0,0
14/11/2020 05:45:28,0,0,0
14/11/2020 05:45:29,0,0,0
14/11/2020 05:45:30,0,0,0
14/11/2020 05:45:31,0,0,0
14/11/2020 05:45:32,0,0,0
14/11/2020 05:45:33,0,0,0
14/11/2020 05:45:34,0,0,0
14/11/2020 05:45:35,0,0,0
14/11/2020 05:45:36,0,0,0
14/11/2020 05:45:37,0,0,0
14/11/2020 05:45:38,0,0,0
14/11/2020 05:45:39,0,0,0
14/11/2020 05:45:40,0,0,0
14/11/2020 05:45:41,0,0,0
14/11/2020 05:45:42,0,0,0
14/11/2020 05:45:43,0,0,0
14/11/2020 05:45:44,0,0,0
14/11/2020 05:45:45,0,0,0
14/11/2020 05:45:46,0,0,0
14/11/2020 05:45:47,0,0,0
14/11/2020 05:45:48,0,0,0
14/11/2020 05:45:49,0,0,0
14/11/2020 05:45:50,0,0,0
14/11/2020 05:45:51,0,0,0
14/11/2020 05:45:52,0,0,0
14/11/2020 05:45:53,0,0,0
14/11/2020 05:45:54,0,0,0
14/11/2020 05:45:55,0,0,0
14/11/2020 05:45:56,0,0,0
14/11/2020 05:45:57,0,0,0
14/11/2020 05:45:58,0,0,0
14/11/2020 05:45:59,0,0,0
14/11/2020 05:46:00,0,0,0
14/11/2020 05:46:01,0,0,0
14/11/2020 05:46:02,0,0,0
14/11/2020 05:46:03,0,0,0
14/11/2020 05:46:04,0,0,0
14/11/2020 05:46:05,0,0,0
14/11/2020 05:46:06,0,0,0
14/11/2020 05:46:07,0,0,0
14/11/2020 05:46:08,0,0,0
14/11/2020 05:46:09,0,0,0
14/11/2020 05:46:10,0,0,0
14/11/2020 05:46:11,0,0,0
14/11/2020 05:46:12,0,0,0
14/11/2020 05:46:13,0,0,0
14/11/2020 05:46:14,0,0,0
14/11/2020 05:46:15,0,0,0
14/11/2020 05:46:16,0,0,0
14/11/2020 05:46:17,0,0,0
14/11/2020 05:46:18,0,0,0
14/11/2020 05:46:19,0,0,0
14/11/2020 05:46:20,0,0,0
14/11/2020 05:46:21,0,0,0
14/11/2020 05:46:22,0,0,0
14/11/2020 05:46:23,0,0,0
14/11/2020 05:46:24,0,0,0
14/11/2020 05:46:25,0,0,0
14/11/2020 05:46:26,0,0,0
14/11/2020 05:46:27,0,0,0
14/11/2020 05:46:28,0,0,0
14/11/2020 05:46:29,0,0,0
14/11/2020 05:46:30,0,0,0
14/11/2020 05:46:31,0,0,0
14/11/2020 05:46:32,0,0,0
14/11/2020 05:46:33,0,0,0
14/11/2020 05:46:34,0,0,0
14/11/2020 05:46:35,0,0,0
14/11/2020 05:46:36,0,0,0
14/11/2020 05:46:37,0,0,0
14/11/2020 05:46:38,0,0,0
14/11/2020 05:46:39,0,0,0
14/11/2020 05:46:40,0,0,0
14/11/2020 05:46:41,0,0,0
14/11/2020 05:46:42,0,0,0
14/11/2020 05:46:43,0,0,0
14/11/2020 05:46:44,0,0,0
14/11/2020 05:46:45,0,0,0
14/11/2020 05:46:46,0,0,0
14/11/2020 05:46:47,0,0,0
14/11/2020 05:46:48,0,0,0
14/11/2020 05:46:49,0,0,0
14/11/2020 05:46:50,0,0,0
14/11/2020 05:46:51,0,0,0
14/11/2020 05:46:52,0,0,0
14/11/2020 05:46:53,0,0,0
14/11/2020 05:46:54,0,0,0
14/11/2020 05:46:55,0,0,0
14/11/2020 05:46:56,0,0,0
14/11/2020 05:46:57,0,0,0
14/11/2020 05:46:58,0,0,0
14/11/2020 05:46:59,0,0,0
14/11/2020 05:47:00,0,0,0
14/11/2020 05:47:01,0,0,0
14/11/2020 05:47:02,0,0,0
14/11/2020 05:47:03,0,0,0
14/11/2020 05:47:04,0,0,0
14/11/2020 05:47:05,0,0,0
14/11/2020 05:47:06,0,0,0
14/11/2020 05:47:07,0,0,0
14/11/2020 05:47:08,0,0,0
14/11/2020 05:47:09,0,0,0
14/11/2020 05:47:10,0,0,0
14/11/2020 05:47:11,0,0,0
14/11/2020 05:47:12,0,0,0
14/11/2020 05:47:13,0,0,0
14/11/2020 05:47:14,0,0,0
14/11/2020 05:47:15,0,0,0
14/11/2020 05:47:16,0,0,0
14/11/2020 05:47:17,0,0,0
14/11/2020 05:47:18,0,0,0
14/11/2020 05:47:19,0,0,0
14/11/2020 05:47:20,0,0,0
14/11/2020 05:47:21,0,0,0
14/11/2020 05:47:22,0,0,0
14/11/2020 05:47:23,0,0,0
14/11/2020 05:47:24,0,0,0
14/11/2020 05:47:25,0,0,0
14/11/2020 05:47:26,0,0,0
14/11/2020 05:47:27,0,0,0
14/11/2020 05:47:28,0,0,0
14/11/2020 05:47:29,0,0,0
14/11/2020 05:47:30,0,0,0
14/11/2020 05:47:31,0,0,0
14/11/2020 05:47:32,0,0,0
14/11/2020 05:47:33,0,0,0
14/11/2020 05:47:34,0,0,0
14/11/2020 05:47:35,0,0,0
14/11/2020 05:47:36,0,0,0
14/11/2020 05:47:37,0,0,0
14/11/2020 05:47:38,0,0,0
14/11/2020 05:47:39,0,0,0
14/11/2020 05:47:40,0,0,0
14/11/2020 05:47:41,0,0,0
14/11/2020 05:47:42,0,0,0
14/11/2020 05:47:43,0,0,0
14/11/2020 05:47:44,0,0,0
14/11/2020 05:47:45,0,0,0
14/11/2020 05:47:46,0,0,0
14/11/2020 05:47:47,0,0,0
14/11/2020 05:47:48,0,0,0
14/11/2020 05:47:49,0,0,0
14/11/2020 05:47:50,0,0,0
14/11/2020 05:47:51,0,0,0
14/11/2020 05:47:52,0,0,0
14/11/2020 05:47:53,0,0,0
14/11/2020 05:47:54,0,0,0
14/11/2020 05:47:55,0,0,0
14/11/2020 05:47:56,0,0,0
14/11/2020 05:47:57,0,0,0
14/11/2020 05:47:58,0,0,0
14/11/2020 05:47:59,0,0,0
14/11/2020 05:48:00,0,0,0
14/11/2020 05:48:01,0,0,0
14/11/2020 05:48:02,0,0,0
14/11/2020 05:48:03,0,0,0
14/11/2020 05:48:04,0,0,0
14/11/2020 05:48:05,0,0,0
14/11/2020 05:48:06,0,0,0
14/11/2020 05:48:07,0,0,0
14/11/2020 05:48:08,0,0,0
14/11/2020 05:48:09,0,0,0
14/11/2020 05:48:10,0,0,0
14/11/2020 05:48:11,0,0,0
14/11/2020 05:48:12,0,0,0
14/11/2020 05:48:13,0,0,0
14/11/2020 05:48:14,0,0,0
14/11/2020 05:48:15,0,0,0
14/11/2020 05:48:16,0,0,0
14/11/2020 05:48:17,0,0,0
14/11/2020 05:48:18,0,0,0
14/11/2020 05:48:19,0,0,0
14/11/2020 05:48:20,0,0,0
14/11/2020 05:48:21,0,0,0
14/11/2020 05:48:22,0,0,0
14/11/2020 05:48:23,0,0,0
14/11/2020 05:48:24,0,0,0
14/11/2020 05:48:25,0,0,0
14/11/2020 05:48:26,0,0,0
14/11/2020 05:48:27,0,0,0
14/11/2020 05:48:28,0,0,0
14/11/2020 05:48:29,0,0,0
14/11/2020 05:48:30,0,0,0
14/11/2020 05:48:31,0,0,0
14/11/2020 05:48:32,0,0,0
14/11/2020 05:48:33,0,0,0
14/11/2020 05:48:34,0,0,0
14/11/2020 05:48:35,0,0,0
14/11/2020 05:48:36,0,0,0
14/11/2020 05:48:37,0,0,0
14/11/2020 05:48:38,0,0,0
14/11/2020 05:48:39,0,0,0
14/11/2020 05:48:40,0,0,0
14/11/2020 05:48:41,0,0,0
14/11/2020 05:48:42,0,0,0
14/11/2020 05:48:43,0,0,0
14/11/2020 05:48:44,0,0,0
14/11/2020 05:48:45,0,0,0
14/11/2020 05:48:46,0,0,0
14/11/2020 05:48:47,0,0,0
14/11/2020 05:48:48,0,0,0
14/11/2020 05:48:49,0,0,0
14/11/2020 05:48:50,0,0,0
14/11/2020 05:48:51,0,0,0
14/11/2020 05:48:52,0,0,0
14/11/2020 05:48:53,0,0,0
14/11/2020 05:48:54,0,0,0
14/11/2020 05:48:55,0,0,0
14/11/2020 05:48:56,0,0,0
14/11/2020 05:48:57,0,0,0
14/11/2020 05:48:58,0,0,0
14/11/2020 05:48:59,0,0,0
14/11/2020 05:49:00,0,0,0
14/11/2020 05:49:01,0,0,0
14/11/2020 05:49:02,0,0,0
14/11/2020 05:49:03,0,0,0
14/11/2020 05:49:04,0,0,0
14/11/2020 05:49:05,0,0,0
14/11/2020 05:49:06,0,0,0
14/11/2020 05:49:07,0,0,0
14/11/2020 05:49:08,0,0,0
14/11/2020 05:49:09,0,0,0
14/11/2020 05:49:10,0,0,0
14/11/2020 05:49:11,0,0,0
14/11/2020 05:49:12,0,0,0
14/11/2020 05:49:13,0,0,0
14/11/2020 05:49:14,0,0,0
14/11/2020 05:49:15,0,0,0
14/11/2020 05:49:16,0,0,0
14/11/2020 05:49:17,0,0,0
14/11/2020 05:49:18,0,0,0
14/11/2020 05:49:19,0,0,0
14/11/2020 05:49:20,0,0,0
14/11/2020 05:49:21,0,0,0
14/11/2020 05:49:22,0,0,0
14/11/2020 05:49:23,0,0,0
14/11/2020 05:49:24,0,0,0
14/11/2020 05:49:25,0,0,0
14/11/2020 05:49:26,0,0,0
14/11/2020 05:49:27,0,0,0
14/11/2020 05:49:28,0,0,0
14/11/2020 05:49:29,0,0,0
14/11/2020 05:49:30,0,0,0
14/11/2020 05:49:31,0,0,0
14/11/2020 05:49:32,0,0,0
14/11/2020 05:49:33,0,0,0
14/11/2020 05:49:34,0,0,0
14/11/2020 05:49:35,0,0,0
14/11/2020 05:49:36,0,0,0
14/11/2020 05:49:37,0,0,0
14/11/2020 05:49:38,0,0,0
14/11/2020 05:49:39,0,0,0
14/11/2020 05:49:40,0,0,0
14/11/2020 05:49:41,0,0,0
14/11/2020 05:49:42,0,0,0
14/11/2020 05:49:43,0,0,0
14/11/2020 05:49:44,0,0,0
14/11/2020 05:49:45,0,0,0
14/11/2020 05:49:46,0,0,0
14/11/2020 05:49:47,0,0,0
14/11/2020 05:49:48,0,0,0
14/11/2020 05:49:49,0,0,0
14/11/2020 05:49:50,0,0,0
14/11/2020 05:49:51,0,0,0
14/11/2020 05:49:52,0,0,0
14/11/2020 05:49:53,0,0,0
14/11/2020 05:49:54,0,0,0
14/11/2020 05:49:55,0,0,0
14/11/2020 05:49:56,0,0,0
14/11/2020 05:49:57,0,0,0
14/11/2020 05:49:58,0,0,0
14/11/2020 05:49:59,0,0,0
14/11/2020 05:50:00,0,0,0
14/11/2020 05:50:01,0,0,0
14/11/2020 05:50:02,0,0,0
14/11/2020 05:50:03,0,0,0
14/11/2020 05:50:04,0,0,0
14/11/2020 05:50:05,0,0,0
14/11/2020 05:50:06,0,0,0
14/11/2020 05:50:07,0,0,0
14/11/2020 05:50:08,0,0,0
14/11/2020 05:50:09,0,0,0
14/11/2020 05:50:10,0,0,0
14/11/2020 05:50:11,0,0,0
14/11/2020 05:50:12,0,0,0
14/11/2020 05:50:13,0,0,0
14/11/2020 05:50:14,0,0,0
14/11/2020 05:50:15,0,0,0
14/11/2020 05:50:16,0,0,0
14/11/2020 05:50:17,0,0,0
14/11/2020 05:50:18,0,0,0
14/11/2020 05:50:19,0,0,0
14/11/2020 05:50:20,0,0,0
14/11/2020 05:50:21,0,0,0
14/11/2020 05:50:22,0,0,0
14/11/2020 05:50:23,0,0,0
14/11/2020 05:50:24,0,0,0
14/11/2020 05:50:25,0,0,0
14/11/2020 05:50:26,0,0,0
14/11/2020 05:50:27,0,0,0
14/11/2020 05:50:28,0,0,0
14/11/2020 05:50:29,0,0,0
14/11/2020 05:50:30,0,0,0
14/11/2020 05:50:31,0,0,0
14/11/2020 05:50:32,0,0,0
14/11/2020 05:50:33,0,0,0
14/11/2020 05:50:34,0,0,0
14/11/2020 05:50:35,0,0,0
14/11/2020 05:50:36,0,0,0
14/11/2020 05:50:37,0,0,0
14/11/2020 05:50:38,0,0,0
14/11/2020 05:50:39,0,0,0
14/11/2020 05:50:40,0,0,0
14/11/2020 05:50:41,0,0,0
14/11/2020 05:50:42,0,0,0
14/11/2020 05:50:43,0,0,0
14/11/2020 05:50:44,0,0,0
14/11/2020 05:50:45,0,0,0
14/11/2020 05:50:46,0,0,0
14/11/2020 05:50:47,0,0,0
14/11/2020 05:50:48,0,0,0
14/11/2020 05:50:49,0,0,0
14/11/2020 05:50:50,0,0,0
14/11/2020 05:50:51,0,0,0
14/11/2020 05:50:52,0,0,0
14/11/2020 05:50:53,0,0,0
14/11/2020 05:50:54,0,0,0
14/11/2020 05:50:55,0,0,0
14/11/2020 05:50:56,0,0,0
14/11/2020 05:50:57,0,0,0
14/11/2020 05:50:58,0,0,0
14/11/2020 05:50:59,0,0,0
14/11/2020 05:51:00,0,0,0
14/11/2020 05:51:01,0,0,0
14/11/2020 05:51:02,0,0,0
14/11/2020 05:51:03,0,0,0
14/11/2020 05:51:04,0,0,0
14/11/2020 05:51:05,0,0,0
14/11/2020 05:51:06,0,0,0
14/11/2020 05:51:07,0,0,0
14/11/2020 05:51:08,0,0,0
14/11/2020 05:51:09,0,0,0
14/11/2020 05:51:10,0,0,0
14/11/2020 05:51:11,0,0,0
14/11/2020 05:51:12,0,0,0
14/11/2020 05:51:13,0,0,0
14/11/2020 05:51:14,0,0,0
14/11/2020 05:51:15,0,0,0
14/11/2020 05:51:16,0,0,0
14/11/2020 05:51:17,0,0,0
14/11/2020 05:51:18,0,0,0
14/11/2020 05:51:19,0,0,0
14/11/2020 05:51:20,0,0,0
14/11/2020 05:51:21,0,0,0
14/11/2020 05:51:22,0,0,0
14/11/2020 05:51:23,0,0,0
14/11/2020 05:51:24,0,0,0
14/11/2020 05:51:25,0,0,0
14/11/2020 05:51:26,0,0,0
14/11/2020 05:51:27,0,0,0
14/11/2020 05:51:28,0,0,0
14/11/2020 05:51:29,0,0,0
14/11/2020 05:51:30,0,0,0
14/11/2020 05:51:31,0,0,0
14/11/2020 05:51:32,0,0,0
14/11/2020 05:51:33,0,0,0
14/11/2020 05:51:34,0,0,0
14/11/2020 05:51:35,0,0,0
14/11/2020 05:51:36,0,0,0
14/11/2020 05:51:37,0,0,0
14/11/2020 05:51:38,0,0,0
14/11/2020 05:51:39,0,0,0
14/11/2020 05:51:40,0,0,0
14/11/2020 05:51:41,0,0,0
14/11/2020 05:51:42,0,0,0
14/11/2020 05:51:43,0,0,0
14/11/2020 05:51:44,0,0,0
14/11/2020 05:51:45,0,0,0
14/11/2020 05:51:46,0,0,0
14/11/2020 05:51:47,0,0,0
14/11/2020 05:51:48,0,0,0
14/11/2020 05:51:49,0,0,0
14/11/2020 05:51:50,0,0,0
14/11/2020 05:51:51,0,0,0
14/11/2020 05:51:52,0,0,0
14/11/2020 05:51:53,0,0,0
14/11/2020 05:51:54,0,0,0
14/11/2020 05:51:55,0,0,0
14/11/2020 05:51:56,0,0,0
14/11/2020 05:51:57,0,0,0
14/11/2020 05:51:58,0,0,0
14/11/2020 05:51:59,0,0,0
14/11/2020 05:52:00,0,0,0
14/11/2020 05:52:01,0,0,0
14/11/2020 05:52:02,0,0,0
14/11/2020 05:52:03,0,0,0
14/11/2020 05:52:04,0,0,0
14/11/2020 05:52:05,0,0,0
14/11/2020 05:52:06,0,0,0
14/11/2020 05:52:07,0,0,0
14/11/2020 05:52:08,0,0,0
14/11/2020 05:52:09,0,0,0
14/11/2020 05:52:10,0,0,0
14/11/2020 05:52:11,0,0,0
14/11/2020 05:52:12,0,0,0
14/11/2020 05:52:13,0,0,0
14/11/2020 05:52:14,0,0,0
14/11/2020 05:52:15,0,0,0
14/11/2020 05:52:16,0,0,0
14/11/2020 05:52:17,0,0,0
14/11/2020 05:52:18,0,0,0
14/11/2020 05:52:19,0,0,0
14/11/2020 05:52:20,0,0,0
14/11/2020 05:52:21,0,0,0
14/11/2020 05:52:22,0,0,0
14/11/2020 05:52:23,0,0,0
14/11/2020 05:52:24,0,0,0
14/11/2020 05:52:25,0,0,0
14/11/2020 05:52:26,0,0,0
14/11/2020 05:52:27,0,0,0
14/11/2020 05:52:28,0,0,0
14/11/2020 05:52:29,0,0,0
14/11/2020 05:52:30,0,0,0
14/11/2020 05:52:31,0,0,0
14/11/2020 05:52:32,0,0,0
14/11/2020 05:52:33,0,0,0
14/11/2020 05:52:34,0,0,0
14/11/2020 05:52:35,0,0,0
14/11/2020 05:52:36,0,0,0
14/11/2020 05:52:37,0,0,0
14/11/2020 05:52:38,0,0,0
14/11/2020 05:52:39,0,0,0
14/11/2020 05:52:40,0,0,0
14/11/2020 05:52:41,0,0,0
14/11/2020 05:52:42,0,0,0
14/11/2020 05:52:43,0,0,0
14/11/2020 05:52:44,0,0,0
14/11/2020 05:52:45,0,0,0
14/11/2020 05:52:46,0,0,0
14/11/2020 05:52:47,0,0,0
14/11/2020 05:52:48,0,0,0
14/11/2020 05:52:49,0,0,0
14/11/2020 05:52:50,0,0,0
14/11/2020 05:52:51,0,0,0
14/11/2020 05:52:52,0,0,0
14/11/2020 05:52:53,0,0,0
14/11/2020 05:52:54,0,0,0
14/11/2020 05:52:55,0,0,0
14/11/2020 05:52:56,0,0,0
14/11/2020 05:52:57,0,0,0
14/11/2020 05:52:58,0,0,0
14/11/2020 05:52:59,0,0,0
14/11/2020 05:53:00,0,0,0
14/11/2020 05:53:01,0,0,0
14/11/2020 05:53:02,0,0,0
14/11/2020 05:53:03,0,0,0
14/11/2020 05:53:04,0,0,0
14/11/2020 05:53:05,0,0,0
14/11/2020 05:53:06,0,0,0
14/11/2020 05:53:07,0,0,0
14/11/2020 05:53:08,0,0,0
14/11/2020 05:53:09,0,0,0
14/11/2020 05:53:10,0,0,0
14/11/2020 05:53:11,0,0,0
14/11/2020 05:53:12,0,0,0
14/11/2020 05:53:13,0,0,0
14/11/2020 05:53:14,0,0,0
14/11/2020 05:53:15,0,0,0
14/11/2020 05:53:16,0,0,0
14/11/2020 05:53:17,0,0,0
14/11/2020 05:53:18,0,0,0
14/11/2020 05:53:19,0,0,0
14/11/2020 05:53:20,0,0,0
14/11/2020 05:53:21,0,0,0
14/11/2020 05:53:22,0,0,0
14/11/2020 05:53:23,0,0,0
14/11/2020 05:53:24,0,0,0
14/11/2020 05:53:25,0,0,0
14/11/2020 05:53:26,0,0,0
14/11/2020 05:53:27,0,0,0
14/11/2020 05:53:28,0,0,0
14/11/2020 05:53:29,0,0,0
14/11/2020 05:53:30,0,0,0
14/11/2020 05:53:31,0,0,0
14/11/2020 05:53:32,0,0,0
14/11/2020 05:53:33,0,0,0
14/11/2020 05:53:34,0,0,0
14/11/2020 05:53:35,0,0,0
14/11/2020 05:53:36,0,0,0
14/11/2020 05:53:37,0,0,0
14/11/2020 05:53:38,0,0,0
14/11/2020 05:53:39,0,0,0
14/11/2020 05:53:40,0,0,0
14/11/2020 05:53:41,0,0,0
14/11/2020 05:53:42,0,0,0
14/11/2020 05:53:43,0,0,0
14/11/2020 05:53:44,0,0,0
14/11/2020 05:53:45,0,0,0
14/11/2020 05:53:46,0,0,0
14/11/2020 05:53:47,0,0,0
14/11/2020 05:53:48,0,0,0
14/11/2020 05:53:49,0,0,0
14/11/2020 05:53:50,0,0,0
14/11/2020 05:53:51,0,0,0
14/11/2020 05:53:52,0,0,0
14/11/2020 05:53:53,0,0,0
14/11/2020 05:53:54,0,0,0
14/11/2020 05:53:55,0,0,0
14/11/2020 05:53:56,0,0,0
14/11/2020 05:53:57,0,0,0
14/11/2020 05:53:58,0,0,0
14/11/2020 05:53:59,0,0,0
14/11/2020 05:54:00,0,0,0
14/11/2020 05:54:01,0,0,0
14/11/2020 05:54:02,0,0,0
14/11/2020 05:54:03,0,0,0
14/11/2020 05:54:04,0,0,0
14/11/2020 05:54:05,0,0,0
14/11/2020 05:54:06,0,0,0
14/11/2020 05:54:07,0,0,0
14/11/2020 05:54:08,0,0,0
14/11/2020 05:54:09,0,0,0
14/11/2020 05:54:10,0,0,0
14/11/2020 05:54:11,0,0,0
14/11/2020 05:54:12,0,0,0
14/11/2020 05:54:13,0,0,0
14/11/2020 05:54:14,0,0,0
14/11/2020 05:54:15,0,0,0
14/11/2020 05:54:16,0,0,0
14/11/2020 05:54:17,0,0,0
14/11/2020 05:54:18,0,0,0
14/11/2020 05:54:19,0,0,0
14/11/2020 05:54:20,0,0,0
14/11/2020 05:54:21,0,0,0
14/11/2020 05:54:22,0,0,0
14/11/2020 05:54:23,0,0,0
14/11/2020 05:54:24,0,0,0
14/11/2020 05:54:25,0,0,0
14/11/2020 05:54:26,0,0,0
14/11/2020 05:54:27,0,0,0
14/11/2020 05:54:28,0,0,0
14/11/2020 05:54:29,0,0,0
14/11/2020 05:54:30,0,0,0
14/11/2020 05:54:31,0,0,0
14/11/2020 05:54:32,0,0,0
14/11/2020 05:54:33,0,0,0
14/11/2020 05:54:34,0,0,0
14/11/2020 05:54:35,0,0,0
14/11/2020 05:54:36,0,0,0
14/11/2020 05:54:37,0,0,0
14/11/2020 05:54:38,0,0,0
14/11/2020 05:54:39,0,0,0
14/11/2020 05:54:40,0,0,0
14/11/2020 05:54:41,0,0,0
14/11/2020 05:54:42,0,0,0
14/11/2020 05:54:43,0,0,0
14/11/2020 05:54:44,0,0,0
14/11/2020 05:54:45,0,0,0
14/11/2020 05:54:46,0,0,0
14/11/2020 05:54:47,0,0,0
14/11/2020 05:54:48,0,0,0
14/11/2020 05:54:49,0,0,0
14/11/2020 05:54:50,0,0,0
14/11/2020 05:54:51,0,0,0
14/11/2020 05:54:52,0,0,0
14/11/2020 05:54:53,0,0,0
14/11/2020 05:54:54,0,0,0
14/11/2020 05:54:55,0,0,0
14/11/2020 05:54:56,0,0,0
14/11/2020 05:54:57,0,0,0
14/11/2020 05:54:58,0,0,0
14/11/2020 05:54:59,0,0,0
14/11/2020 05:55:00,0,0,0
14/11/2020 05:55:01,0,0,0
14/11/2020 05:55:02,0,0,0
14/11/2020 05:55:03,0,0,0
14/11/2020 05:55:04,0,0,0
14/11/2020 05:55:05,0,0,0
14/11/2020 05:55:06,0,0,0
14/11/2020 05:55:07,0,0,0
14/11/2020 05:55:08,0,0,0
14/11/2020 05:55:09,0,0,0
14/11/2020 05:55:10,0,0,0
14/11/2020 05:55:11,0,0,0
14/11/2020 05:55:12,0,0,0
14/11/2020 05:55:13,0,0,0
14/11/2020 05:55:14,0,0,0
14/11/2020 05:55:15,0,0,0
14/11/2020 05:55:16,0,0,0
14/11/2020 05:55:17,0,0,0
14/11/2020 05:55:18,0,0,0
14/11/2020 05:55:19,0,0,0
14/11/2020 05:55:20,0,0,0
14/11/2020 05:55:21,0,0,0
14/11/2020 05:55:22,0,0,0
14/11/2020 05:55:23,0,0,0
14/11/2020 05:55:24,0,0,0
14/11/2020 05:55:25,0,0,0
14/11/2020 05:55:26,0,0,0
14/11/2020 05:55:27,0,0,0
14/11/2020 05:55:28,0,0,0
14/11/2020 05:55:29,0,0,0
14/11/2020 05:55:30,0,0,0
14/11/2020 05:55:31,0,0,0
14/11/2020 05:55:32,0,0,0
14/11/2020 05:55:33,0,0,0
14/11/2020 05:55:34,0,0,0
14/11/2020 05:55:35,0,0,0
14/11/2020 05:55:36,0,0,0
14/11/2020 05:55:37,0,0,0
14/11/2020 05:55:38,0,0,0
14/11/2020 05:55:39,0,0,0
14/11/2020 05:55:40,0,0,0
14/11/2020 05:55:41,0,0,0
14/11/2020 05:55:42,0,0,0
14/11/2020 05:55:43,0,0,0
14/11/2020 05:55:44,0,0,0
14/11/2020 05:55:45,0,0,0
14/11/2020 05:55:46,0,0,0
14/11/2020 05:55:47,0,0,0
14/11/2020 05:55:48,0,0,0
14/11/2020 05:55:49,0,0,0
14/11/2020 05:55:50,0,0,0
14/11/2020 05:55:51,0,0,0
14/11/2020 05:55:52,0,0,0
14/11/2020 05:55:53,0,0,0
14/11/2020 05:55:54,0,0,0
14/11/2020 05:55:55,0,0,0
14/11/2020 05:55:56,0,0,0
14/11/2020 05:55:57,0,0,0
14/11/2020 05:55:58,0,0,0
14/11/2020 05:55:59,0,0,0
14/11/2020 05:56:00,0,0,0
14/11/2020 05:56:01,0,0,0
14/11/2020 05:56:02,0,0,0
14/11/2020 05:56:03,0,0,0
14/11/2020 05:56:04,0,0,0
14/11/2020 05:56:05,0,0,0
14/11/2020 05:56:06,0,0,0
14/11/2020 05:56:07,0,0,0
14/11/2020 05:56:08,0,0,0
14/11/2020 05:56:09,0,0,0
14/11/2020 05:56:10,0,0,0
14/11/2020 05:56:11,0,0,0
14/11/2020 05:56:12,0,0,0
14/11/2020 05:56:13,0,0,0
14/11/2020 05:56:14,0,0,0
14/11/2020 05:56:15,0,0,0
14/11/2020 05:56:16,0,0,0
14/11/2020 05:56:17,0,0,0
14/11/2020 05:56:18,0,0,0
14/11/2020 05:56:19,0,0,0
14/11/2020 05:56:20,0,0,0
14/11/2020 05:56:21,0,0,0
14/11/2020 05:56:22,0,0,0
14/11/2020 05:56:23,0,0,0
14/11/2020 05:56:24,0,0,0
14/11/2020 05:56:25,0,0,0
14/11/2020 05:56:26,0,0,0
14/11/2020 05:56:27,0,0,0
14/11/2020 05:56:28,0,0,0
14/11/2020 05:56:29,0,0,0
14/11/2020 05:56:30,0,0,0
14/11/2020 05:56:31,0,0,0
14/11/2020 05:56:32,0,0,0
14/11/2020 05:56:33,0,0,0
14/11/2020 05:56:34,0,0,0
14/11/2020 05:56:35,0,0,0
14/11/2020 05:56:36,0,0,0
14/11/2020 05:56:37,0,0,0
14/11/2020 05:56:38,0,0,0
14/11/2020 05:56:39,0,0,0
14/11/2020 05:56:40,0,0,0
14/11/2020 05:56:41,0,0,0
14/11/2020 05:56:42,0,0,0
14/11/2020 05:56:43,0,0,0
14/11/2020 05:56:44,0,0,0
14/11/2020 05:56:45,0,0,0
14/11/2020 05:56:46,0,0,0
14/11/2020 05:56:47,0,0,0
14/11/2020 05:56:48,0,0,0
14/11/2020 05:56:49,0,0,0
14/11/2020 05:56:50,0,0,0
14/11/2020 05:56:51,0,0,0
14/11/2020 05:56:52,0,0,0
14/11/2020 05:56:53,0,0,0
14/11/2020 05:56:54,0,0,0
14/11/2020 05:56:55,0,0,0
14/11/2020 05:56:56,0,0,0
14/11/2020 05:56:57,0,0,0
14/11/2020 05:56:58,0,0,0
14/11/2020 05:56:59,0,0,0
14/11/2020 05:57:00,0,0,0
14/11/2020 05:57:01,0,0,0
14/11/2020 05:57:02,0,0,0
14/11/2020 05:57:03,0,0,0
14/11/2020 05:57:04,0,0,0
14/11/2020 05:57:05,0,0,0
14/11/2020 05:57:06,0,0,0
14/11/2020 05:57:07,0,0,0
14/11/2020 05:57:08,0,0,0
14/11/2020 05:57:09,0,0,0
14/11/2020 05:57:10,0,0,0
14/11/2020 05:57:11,0,0,0
14/11/2020 05:57:12,0,0,0
14/11/2020 05:57:13,0,0,0
14/11/2020 05:57:14,0,0,0
14/11/2020 05:57:15,0,0,0
14/11/2020 05:57:16,0,0,0
14/11/2020 05:57:17,0,0,0
14/11/2020 05:57:18,0,0,0
14/11/2020 05:57:19,0,0,0
14/11/2020 05:57:20,0,0,0
14/11/2020 05:57:21,0,0,0
14/11/2020 05:57:22,0,0,0
14/11/2020 05:57:23,0,0,0
14/11/2020 05:57:24,0,0,0
14/11/2020 05:57:25,0,0,0
14/11/2020 05:57:26,0,0,0
14/11/2020 05:57:27,0,0,0
14/11/2020 05:57:28,0,0,0
14/11/2020 05:57:29,0,0,0
14/11/2020 05:57:30,0,0,0
14/11/2020 05:57:31,0,0,0
14/11/2020 05:57:32,0,0,0
14/11/2020 05:57:33,0,0,0
14/11/2020 05:57:34,0,0,0
14/11/2020 05:57:35,0,0,0
14/11/2020 05:57:36,0,0,0
14/11/2020 05:57:37,0,0,0
14/11/2020 05:57:38,0,0,0
14/11/2020 05:57:39,0,0,0
14/11/2020 05:57:40,0,0,0
14/11/2020 05:57:41,0,0,0
14/11/2020 05:57:42,0,0,0
14/11/2020 05:57:43,0,0,0
14/11/2020 05:57:44,0,0,0
14/11/2020 05:57:45,0,0,0
14/11/2020 05:57:46,0,0,0
14/11/2020 05:57:47,0,0,0
14/11/2020 05:57:48,0,0,0
14/11/2020 05:57:49,0,0,0
14/11/2020 05:57:50,0,0,0
14/11/2020 05:57:51,0,0,0
14/11/2020 05:57:52,0,0,0
14/11/2020 05:57:53,0,0,0
14/11/2020 05:57:54,0,0,0
14/11/2020 05:57:55,0,0,0
14/11/2020 05:57:56,0,0,0
14/11/2020 05:57:57,0,0,0
14/11/2020 05:57:58,0,0,0
14/11/2020 05:57:59,0,0,0
14/11/2020 05:58:00,0,0,0
14/11/2020 05:58:01,0,0,0
14/11/2020 05:58:02,0,0,0
14/11/2020 05:58:03,0,0,0
14/11/2020 05:58:04,0,0,0
14/11/2020 05:58:05,0,0,0
14/11/2020 05:58:06,0,0,0
14/11/2020 05:58:07,0,0,0
14/11/2020 05:58:08,0,0,0
14/11/2020 05:58:09,0,0,0
14/11/2020 05:58:10,0,0,0
14/11/2020 05:58:11,0,0,0
14/11/2020 05:58:12,0,0,0
14/11/2020 05:58:13,0,0,0
14/11/2020 05:58:14,0,0,0
14/11/2020 05:58:15,0,0,0
14/11/2020 05:58:16,0,0,0
14/11/2020 05:58:17,0,0,0
14/11/2020 05:58:18,0,0,0
14/11/2020 05:58:19,0,0,0
14/11/2020 05:58:20,0,0,0
14/11/2020 05:58:21,0,0,0
14/11/2020 05:58:22,0,0,0
14/11/2020 05:58:23,0,0,0
14/11/2020 05:58:24,0,0,0
14/11/2020 05:58:25,0,0,0
14/11/2020 05:58:26,0,0,0
14/11/2020 05:58:27,0,0,0
14/11/2020 05:58:28,0,0,0
14/11/2020 05:58:29,0,0,0
14/11/2020 05:58:30,0,0,0
14/11/2020 05:58:31,0,0,0
14/11/2020 05:58:32,0,0,0
14/11/2020 05:58:33,0,0,0
14/11/2020 05:58:34,0,0,0
14/11/2020 05:58:35,0,0,0
14/11/2020 05:58:36,0,0,0
14/11/2020 05:58:37,0,0,0
14/11/2020 05:58:38,0,0,0
14/11/2020 05:58:39,0,0,0
14/11/2020 05:58:40,0,0,0
14/11/2020 05:58:41,0,0,0
14/11/2020 05:58:42,0,0,0
14/11/2020 05:58:43,0,0,0
14/11/2020 05:58:44,0,0,0
14/11/2020 05:58:45,0,0,0
14/11/2020 05:58:46,0,0,0
14/11/2020 05:58:47,0,0,0
14/11/2020 05:58:48,0,0,0
14/11/2020 05:58:49,0,0,0
14/11/2020 05:58:50,0,0,0
14/11/2020 05:58:51,0,0,0
14/11/2020 05:58:52,0,0,0
14/11/2020 05:58:53,0,0,0
14/11/2020 05:58:54,0,0,0
14/11/2020 05:58:55,0,0,0
14/11/2020 05:58:56,0,0,0
14/11/2020 05:58:57,0,0,0
14/11/2020 05:58:58,0,0,0
14/11/2020 05:58:59,0,0,0
14/11/2020 05:59:00,0,0,0
14/11/2020 05:59:01,0,0,0
14/11/2020 05:59:02,0,0,0
14/11/2020 05:59:03,0,0,0
14/11/2020 05:59:04,0,0,0
14/11/2020 05:59:05,0,0,0
14/11/2020 05:59:06,0,0,0
14/11/2020 05:59:07,0,0,0
14/11/2020 05:59:08,0,0,0
14/11/2020 05:59:09,0,0,0
14/11/2020 05:59:10,0,0,0
14/11/2020 05:59:11,0,0,0
14/11/2020 05:59:12,0,0,0
14/11/2020 05:59:13,0,0,0
14/11/2020 05:59:14,0,0,0
14/11/2020 05:59:15,0,0,0
14/11/2020 05:59:16,0,0,0
14/11/2020 05:59:17,0,0,0
14/11/2020 05:59:18,0,0,0
14/11/2020 05:59:19,0,0,0
14/11/2020 05:59:20,0,0,0
14/11/2020 05:59:21,0,0,0
14/11/2020 05:59:22,0,0,0
14/11/2020 05:59:23,0,0,0
14/11/2020 05:59:24,0,0,0
14/11/2020 05:59:25,0,0,0
14/11/2020 05:59:26,0,0,0
14/11/2020 05:59:27,0,0,0
14/11/2020 05:59:28,0,0,0
14/11/2020 05:59:29,0,0,0
14/11/2020 05:59:30,0,0,0
14/11/2020 05:59:31,0,0,0
14/11/2020 05:59:32,0,0,0
14/11/2020 05:59:33,0,0,0
14/11/2020 05:59:34,0,0,0
14/11/2020 05:59:35,0,0,0
14/11/2020 05:59:36,0,0,0
14/11/2020 05:59:37,0,0,0
14/11/2020 05:59:38,0,0,0
14/11/2020 05:59:39,0,0,0
14/11/2020 05:59:40,0,0,0
14/11/2020 05:59:41,0,0,0
14/11/2020 05:59:42,0,0,0
14/11/2020 05:59:43,0,0,0
14/11/2020 05:59:44,0,0,0
14/11/2020 05:59:45,0,0,0
14/11/2020 05:59:46,0,0,0
14/11/2020 05:59:47,0,0,0
14/11/2020 05:59:48,0,0,0
14/11/2020 05:59:49,0,0,0
14/11/2020 05:59:50,0,0,0
14/11/2020 05:59:51,0,0,0
14/11/2020 05:59:52,0,0,0
14/11/2020 05:59:53,0,0,0
14/11/2020 05:59:54,0,0,0
14/11/2020 05:59:55,0,0,0
14/11/2020 05:59:56,0,0,0
14/11/2020 05:59:57,0,0,0
14/11/2020 05:59:58,0,0,0
14/11/2020 05:59:59,0,0,0
14/11/2020 06:00:00,0,0,0
14/11/2020 06:00:01,0,0,0
14/11/2020 06:00:02,0,0,0
14/11/2020 06:00:03,0,0,0
14/11/2020 06:00:04,0,0,0
14/11/2020 06:00:05,0,0,0
14/11/2020 06:00:06,0,0,0
14/11/2020 06:00:07,0,0,0
14/11/2020 06:00:08,0,0,0
14/11/2020 06:00:09,0,0,0
14/11/2020 06:00:10,0,0,0
14/11/2020 06:00:11,0,0,0
14/11/2020 06:00:12,0,0,0
14/11/2020 06:00:13,0,0,0
14/11/2020 06:00:14,0,0,0
14/11/2020 06:00:15,0,0,0
14/11/2020 06:00:16,0,0,0
14/11/2020 06:00:17,0,0,0
14/11/2020 06:00:18,0,0,0
14/11/2020 06:00:19,0,0,0
14/11/2020 06:00:20,0,0,0
14/11/2020 06:00:21,0,0,0
14/11/2020 06:00:22,0,0,0
14/11/2020 06:00:23,0,0,0
14/11/2020 06:00:24,0,0,0
14/11/2020 06:00:25,0,0,0
14/11/2020 06:00:26,0,0,0
14/11/2020 06:00:27,0,0,0
14/11/2020 06:00:28,0,0,0
14/11/2020 06:00:29,0,0,0
14/11/2020 06:00:30,0,0,0
14/11/2020 06:00:31,0,0,0
14/11/2020 06:00:32,0,0,0
14/11/2020 06:00:33,0,0,0
14/11/2020 06:00:34,0,0,0
14/11/2020 06:00:35,0,0,0
14/11/2020 06:00:36,0,0,0
14/11/2020 06:00:37,0,0,0
14/11/2020 06:00:38,0,0,0
14/11/2020 06:00:39,0,0,0
14/11/2020 06:00:40,0,0,0
14/11/2020 06:00:41,0,0,0
14/11/2020 06:00:42,0,0,0
14/11/2020 06:00:43,0,0,0
14/11/2020 06:00:44,0,0,0
14/11/2020 06:00:45,0,0,0
14/11/2020 06:00:46,0,0,0
14/11/2020 06:00:47,0,0,0
14/11/2020 06:00:48,0,0,0
14/11/2020 06:00:49,0,0,0
14/11/2020 06:00:50,0,0,0
14/11/2020 06:00:51,0,0,0
14/11/2020 06:00:52,0,0,0
14/11/2020 06:00:53,0,0,0
14/11/2020 06:00:54,0,0,0
14/11/2020 06:00:55,0,0,0
14/11/2020 06:00:56,0,0,0
14/11/2020 06:00:57,0,0,0
14/11/2020 06:00:58,0,0,0
14/11/2020 06:00:59,0,0,0
14/11/2020 06:01:00,0,0,0
14/11/2020 06:01:01,0,0,0
14/11/2020 06:01:02,0,0,0
14/11/2020 06:01:03,0,0,0
14/11/2020 06:01:04,0,0,0
14/11/2020 06:01:05,0,0,0
14/11/2020 06:01:06,0,0,0
14/11/2020 06:01:07,0,0,0
14/11/2020 06:01:08,0,0,0
14/11/2020 06:01:09,0,0,0
14/11/2020 06:01:10,0,0,0
14/11/2020 06:01:11,0,0,0
14/11/2020 06:01:12,0,0,0
14/11/2020 06:01:13,0,0,0
14/11/2020 06:01:14,0,0,0
14/11/2020 06:01:15,0,0,0
14/11/2020 06:01:16,0,0,0
14/11/2020 06:01:17,0,0,0
14/11/2020 06:01:18,0,0,0
14/11/2020 06:01:19,0,0,0
14/11/2020 06:01:20,0,0,0
14/11/2020 06:01:21,0,0,0
14/11/2020 06:01:22,0,0,0
14/11/2020 06:01:23,0,0,0
14/11/2020 06:01:24,0,0,0
14/11/2020 06:01:25,0,0,0
14/11/2020 06:01:26,0,0,0
14/11/2020 06:01:27,0,0,0
14/11/2020 06:01:28,0,0,0
14/11/2020 06:01:29,0,0,0
14/11/2020 06:01:30,0,0,0
14/11/2020 06:01:31,0,0,0
14/11/2020 06:01:32,0,0,0
14/11/2020 06:01:33,0,0,0
14/11/2020 06:01:34,0,0,0
14/11/2020 06:01:35,0,0,0
14/11/2020 06:01:36,0,0,0
14/11/2020 06:01:37,0,0,0
14/11/2020 06:01:38,0,0,0
14/11/2020 06:01:39,0,0,0
14/11/2020 06:01:40,0,0,0
14/11/2020 06:01:41,0,0,0
14/11/2020 06:01:42,0,0,0
14/11/2020 06:01:43,0,0,0
14/11/2020 06:01:44,0,0,0
14/11/2020 06:01:45,0,0,0
14/11/2020 06:01:46,0,0,0
14/11/2020 06:01:47,0,0,0
14/11/2020 06:01:48,0,0,0
14/11/2020 06:01:49,0,0,0
14/11/2020 06:01:50,0,0,0
14/11/2020 06:01:51,0,0,0
14/11/2020 06:01:52,0,0,0
14/11/2020 06:01:53,0,0,0
14/11/2020 06:01:54,0,0,0
14/11/2020 06:01:55,0,0,0
14/11/2020 06:01:56,0,0,0
14/11/2020 06:01:57,0,0,0
14/11/2020 06:01:58,0,0,0
14/11/2020 06:01:59,0,0,0
14/11/2020 06:02:00,0,0,0
14/11/2020 06:02:01,0,0,0
14/11/2020 06:02:02,0,0,0
14/11/2020 06:02:03,0,0,0
14/11/2020 06:02:04,0,0,0
14/11/2020 06:02:05,0,0,0
14/11/2020 06:02:06,0,0,0
14/11/2020 06:02:07,0,0,0
14/11/2020 06:02:08,0,0,0
14/11/2020 06:02:09,0,0,0
14/11/2020 06:02:10,0,0,0
14/11/2020 06:02:11,0,0,0
14/11/2020 06:02:12,0,0,0
14/11/2020 06:02:13,0,0,0
14/11/2020 06:02:14,0,0,0
14/11/2020 06:02:15,0,0,0
14/11/2020 06:02:16,0,0,0
14/11/2020 06:02:17,0,0,0
14/11/2020 06:02:18,0,0,0
14/11/2020 06:02:19,0,0,0
14/11/2020 06:02:20,0,0,0
14/11/2020 06:02:21,0,0,0
14/11/2020 06:02:22,0,0,0
14/11/2020 06:02:23,0,0,0
14/11/2020 06:02:24,0,0,0
14/11/2020 06:02:25,0,0,0
14/11/2020 06:02:26,0,0,0
14/11/2020 06:02:27,0,0,0
14/11/2020 06:02:28,0,0,0
14/11/2020 06:02:29,0,0,0
14/11/2020 06:02:30,0,0,0
14/11/2020 06:02:31,0,0,0
14/11/2020 06:02:32,0,0,0
14/11/2020 06:02:33,0,0,0
14/11/2020 06:02:34,0,0,0
14/11/2020 06:02:35,0,0,0
14/11/2020 06:02:36,0,0,0
14/11/2020 06:02:37,0,0,0
14/11/2020 06:02:38,0,0,0
14/11/2020 06:02:39,0,0,0
14/11/2020 06:02:40,0,0,0
14/11/2020 06:02:41,0,0,0
14/11/2020 06:02:42,0,0,0
14/11/2020 06:02:43,0,0,0
14/11/2020 06:02:44,0,0,0
14/11/2020 06:02:45,0,0,0
14/11/2020 06:02:46,0,0,0
14/11/2020 06:02:47,0,0,0
14/11/2020 06:02:48,0,0,0
14/11/2020 06:02:49,0,0,0
14/11/2020 06:02:50,0,0,0
14/11/2020 06:02:51,0,0,0
14/11/2020 06:02:52,0,0,0
14/11/2020 06:02:53,0,0,0
14/11/2020 06:02:54,0,0,0
14/11/2020 06:02:55,0,0,0
14/11/2020 06:02:56,0,0,0
14/11/2020 06:02:57,0,0,0
14/11/2020 06:02:58,0,0,0
14/11/2020 06:02:59,0,0,0
14/11/2020 06:03:00,0,0,0
14/11/2020 06:03:01,0,0,0
14/11/2020 06:03:02,0,0,0
14/11/2020 06:03:03,0,0,0
14/11/2020 06:03:04,0,0,0
14/11/2020 06:03:05,0,0,0
14/11/2020 06:03:06,0,0,0
14/11/2020 06:03:07,0,0,0
14/11/2020 06:03:08,0,0,0
14/11/2020 06:03:09,0,0,0
14/11/2020 06:03:10,0,0,0
14/11/2020 06:03:11,0,0,0
14/11/2020 06:03:12,0,0,0
14/11/2020 06:03:13,0,0,0
14/11/2020 06:03:14,0,0,0
14/11/2020 06:03:15,0,0,0
14/11/2020 06:03:16,0,0,0
14/11/2020 06:03:17,0,0,0
14/11/2020 06:03:18,0,0,0
14/11/2020 06:03:19,0,0,0
14/11/2020 06:03:20,0,0,0
14/11/2020 06:03:21,0,0,0
14/11/2020 06:03:22,0,0,0
14/11/2020 06:03:23,0,0,0
14/11/2020 06:03:24,0,0,0
14/11/2020 06:03:25,0,0,0
14/11/2020 06:03:26,0,0,0
14/11/2020 06:03:27,0,0,0
14/11/2020 06:03:28,0,0,0
14/11/2020 06:03:29,0,0,0
14/11/2020 06:03:30,0,0,0
14/11/2020 06:03:31,0,0,0
14/11/2020 06:03:32,0,0,0
14/11/2020 06:03:33,0,0,0
14/11/2020 06:03:34,0,0,0
14/11/2020 06:03:35,0,0,0
14/11/2020 06:03:36,0,0,0
14/11/2020 06:03:37,0,0,0
14/11/2020 06:03:38,0,0,0
14/11/2020 06:03:39,0,0,0
14/11/2020 06:03:40,0,0,0
14/11/2020 06:03:41,0,0,0
14/11/2020 06:03:42,0,0,0
14/11/2020 06:03:43,0,0,0
14/11/2020 06:03:44,0,0,0
14/11/2020 06:03:45,0,0,0
14/11/2020 06:03:46,0,0,0
14/11/2020 06:03:47,0,0,0
14/11/2020 06:03:48,0,0,0
14/11/2020 06:03:49,0,0,0
14/11/2020 06:03:50,0,0,0
14/11/2020 06:03:51,0,0,0
14/11/2020 06:03:52,0,0,0
14/11/2020 06:03:53,0,0,0
14/11/2020 06:03:54,0,0,0
14/11/2020 06:03:55,0,0,0
14/11/2020 06:03:56,0,0,0
14/11/2020 06:03:57,0,0,0
14/11/2020 06:03:58,0,0,0
14/11/2020 06:03:59,0,0,0
14/11/2020 06:04:00,0,0,0
14/11/2020 06:04:01,0,0,0
14/11/2020 06:04:02,0,0,0
14/11/2020 06:04:03,0,0,0
14/11/2020 06:04:04,0,0,0
14/11/2020 06:04:05,0,0,0
14/11/2020 06:04:06,0,0,0
14/11/2020 06:04:07,0,0,0
14/11/2020 06:04:08,0,0,0
14/11/2020 06:04:09,0,0,0
14/11/2020 06:04:10,0,0,0
14/11/2020 06:04:11,0,0,0
14/11/2020 06:04:12,0,0,0
14/11/2020 06:04:13,0,0,0
14/11/2020 06:04:14,0,0,0
14/11/2020 06:04:15,0,0,0
14/11/2020 06:04:16,0,0,0
14/11/2020 06:04:17,0,0,0
14/11/2020 06:04:18,0,0,0
14/11/2020 06:04:19,0,0,0
14/11/2020 06:04:20,0,0,0
14/11/2020 06:04:21,0,0,0
14/11/2020 06:04:22,0,0,0
14/11/2020 06:04:23,0,0,0
14/11/2020 06:04:24,0,0,0
14/11/2020 06:04:25,0,0,0
14/11/2020 06:04:26,0,0,0
14/11/2020 06:04:27,0,0,0
14/11/2020 06:04:28,0,0,0
14/11/2020 06:04:29,0,0,0
14/11/2020 06:04:30,0,0,0
14/11/2020 06:04:31,0,0,0
14/11/2020 06:04:32,0,0,0
14/11/2020 06:04:33,0,0,0
14/11/2020 06:04:34,0,0,0
14/11/2020 06:04:35,0,0,0
14/11/2020 06:04:36,0,0,0
14/11/2020 06:04:37,0,0,0
14/11/2020 06:04:38,0,0,0
14/11/2020 06:04:39,0,0,0
14/11/2020 06:04:40,0,0,0
14/11/2020 06:04:41,0,0,0
14/11/2020 06:04:42,0,0,0
14/11/2020 06:04:43,0,0,0
14/11/2020 06:04:44,0,0,0
14/11/2020 06:04:45,0,0,0
14/11/2020 06:04:46,0,0,0
14/11/2020 06:04:47,0,0,0
14/11/2020 06:04:48,0,0,0
14/11/2020 06:04:49,0,0,0
14/11/2020 06:04:50,0,0,0
14/11/2020 06:04:51,0,0,0
14/11/2020 06:04:52,0,0,0
14/11/2020 06:04:53,0,0,0
14/11/2020 06:04:54,0,0,0
14/11/2020 06:04:55,0,0,0
14/11/2020 06:04:56,0,0,0
14/11/2020 06:04:57,0,0,0
14/11/2020 06:04:58,0,0,0
14/11/2020 06:04:59,0,0,0
14/11/2020 06:05:00,0,0,0
14/11/2020 06:05:01,0,0,0
14/11/2020 06:05:02,0,0,0
14/11/2020 06:05:03,0,0,0
14/11/2020 06:05:04,0,0,0
14/11/2020 06:05:05,0,0,0
14/11/2020 06:05:06,0,0,0
14/11/2020 06:05:07,0,0,0
14/11/2020 06:05:08,0,0,0
14/11/2020 06:05:09,0,0,0
14/11/2020 06:05:10,0,0,0
14/11/2020 06:05:11,0,0,0
14/11/2020 06:05:12,0,0,0
14/11/2020 06:05:13,0,0,0
14/11/2020 06:05:14,0,0,0
14/11/2020 06:05:15,0,0,0
14/11/2020 06:05:16,0,0,0
14/11/2020 06:05:17,0,0,0
14/11/2020 06:05:18,0,0,0
14/11/2020 06:05:19,0,0,0
14/11/2020 06:05:20,0,0,0
14/11/2020 06:05:21,0,0,0
14/11/2020 06:05:22,0,0,0
14/11/2020 06:05:23,0,0,0
14/11/2020 06:05:24,0,0,0
14/11/2020 06:05:25,0,0,0
14/11/2020 06:05:26,0,0,0
14/11/2020 06:05:27,0,0,0
14/11/2020 06:05:28,0,0,0
14/11/2020 06:05:29,0,0,0
14/11/2020 06:05:30,0,0,0
14/11/2020 06:05:31,0,0,0
14/11/2020 06:05:32,0,0,0
14/11/2020 06:05:33,0,0,0
14/11/2020 06:05:34,0,0,0
14/11/2020 06:05:35,0,0,0
14/11/2020 06:05:36,0,0,0
14/11/2020 06:05:37,0,0,0
14/11/2020 06:05:38,0,0,0
14/11/2020 06:05:39,0,0,0
14/11/2020 06:05:40,0,0,0
14/11/2020 06:05:41,0,0,0
14/11/2020 06:05:42,0,0,0
14/11/2020 06:05:43,0,0,0
14/11/2020 06:05:44,0,0,0
14/11/2020 06:05:45,0,0,0
14/11/2020 06:05:46,0,0,0
14/11/2020 06:05:47,0,0,0
14/11/2020 06:05:48,0,0,0
14/11/2020 06:05:49,0,0,0
14/11/2020 06:05:50,0,0,0
14/11/2020 06:05:51,0,0,0
14/11/2020 06:05:52,0,0,0
14/11/2020 06:05:53,0,0,0
14/11/2020 06:05:54,0,0,0
14/11/2020 06:05:55,0,0,0
14/11/2020 06:05:56,0,0,0
14/11/2020 06:05:57,0,0,0
14/11/2020 06:05:58,0,0,0
14/11/2020 06:05:59,0,0,0
14/11/2020 06:06:00,0,0,0
14/11/2020 06:06:01,0,0,0
14/11/2020 06:06:02,0,0,0
14/11/2020 06:06:03,0,0,0
14/11/2020 06:06:04,0,0,0
14/11/2020 06:06:05,0,0,0
14/11/2020 06:06:06,0,0,0
14/11/2020 06:06:07,0,0,0
14/11/2020 06:06:08,0,0,0
14/11/2020 06:06:09,0,0,0
14/11/2020 06:06:10,0,0,0
14/11/2020 06:06:11,0,0,0
14/11/2020 06:06:12,0,0,0
14/11/2020 06:06:13,0,0,0
14/11/2020 06:06:14,0,0,0
14/11/2020 06:06:15,0,0,0
14/11/2020 06:06:16,0,0,0
14/11/2020 06:06:17,0,0,0
14/11/2020 06:06:18,0,0,0
14/11/2020 06:06:19,0,0,0
14/11/2020 06:06:20,0,0,0
14/11/2020 06:06:21,0,0,0
14/11/2020 06:06:22,0,0,0
14/11/2020 06:06:23,0,0,0
14/11/2020 06:06:24,0,0,0
14/11/2020 06:06:25,0,0,0
14/11/2020 06:06:26,0,0,0
14/11/2020 06:06:27,0,0,0
14/11/2020 06:06:28,0,0,0
14/11/2020 06:06:29,0,0,0
14/11/2020 06:06:30,0,0,0
14/11/2020 06:06:31,0,0,0
14/11/2020 06:06:32,0,0,0
14/11/2020 06:06:33,0,0,0
14/11/2020 06:06:34,0,0,0
14/11/2020 06:06:35,0,0,0
14/11/2020 06:06:36,0,0,0
14/11/2020 06:06:37,0,0,0
14/11/2020 06:06:38,0,0,0
14/11/2020 06:06:39,0,0,0
14/11/2020 06:06:40,0,0,0
14/11/2020 06:06:41,0,0,0
14/11/2020 06:06:42,0,0,0
14/11/2020 06:06:43,0,0,0
14/11/2020 06:06:44,0,0,0
14/11/2020 06:06:45,0,0,0
14/11/2020 06:06:46,0,0,0
14/11/2020 06:06:47,0,0,0
14/11/2020 06:06:48,0,0,0
14/11/2020 06:06:49,0,0,0
14/11/2020 06:06:50,0,0,0
14/11/2020 06:06:51,0,0,0
14/11/2020 06:06:52,0,0,0
14/11/2020 06:06:53,0,0,0
14/11/2020 06:06:54,0,0,0
14/11/2020 06:06:55,0,0,0
14/11/2020 06:06:56,0,0,0
14/11/2020 06:06:57,0,0,0
14/11/2020 06:06:58,0,0,0
14/11/2020 06:06:59,0,0,0
14/11/2020 06:07:00,0,0,0
14/11/2020 06:07:01,0,0,0
14/11/2020 06:07:02,0,0,0
14/11/2020 06:07:03,0,0,0
14/11/2020 06:07:04,0,0,0
14/11/2020 06:07:05,0,0,0
14/11/2020 06:07:06,0,0,0
14/11/2020 06:07:07,0,0,0
14/11/2020 06:07:08,0,0,0
14/11/2020 06:07:09,0,0,0
14/11/2020 06:07:10,0,0,0
14/11/2020 06:07:11,0,0,0
14/11/2020 06:07:12,0,0,0
14/11/2020 06:07:13,0,0,0
14/11/2020 06:07:14,0,0,0
14/11/2020 06:07:15,0,0,0
14/11/2020 06:07:16,0,0,0
14/11/2020 06:07:17,0,0,0
14/11/2020 06:07:18,0,0,0
14/11/2020 06:07:19,0,0,0
14/11/2020 06:07:20,0,0,0
14/11/2020 06:07:21,0,0,0
14/11/2020 06:07:22,0,0,0
14/11/2020 06:07:23,0,0,0
14/11/2020 06:07:24,0,0,0
14/11/2020 06:07:25,0,0,0
14/11/2020 06:07:26,0,0,0
14/11/2020 06:07:27,0,0,0
14/11/2020 06:07:28,0,0,0
14/11/2020 06:07:29,0,0,0
14/11/2020 06:07:30,0,0,0
14/11/2020 06:07:31,0,0,0
14/11/2020 06:07:32,0,0,0
14/11/2020 06:07:33,0,0,0
14/11/2020 06:07:34,0,0,0
14/11/2020 06:07:35,0,0,0
14/11/2020 06:07:36,0,0,0
14/11/2020 06:07:37,0,0,0
14/11/2020 06:07:38,0,0,0
14/11/2020 06:07:39,0,0,0
14/11/2020 06:07:40,0,0,0
14/11/2020 06:07:41,0,0,0
14/11/2020 06:07:42,0,0,0
14/11/2020 06:07:43,0,0,0
14/11/2020 06:07:44,0,0,0
14/11/2020 06:07:45,0,0,0
14/11/2020 06:07:46,0,0,0
14/11/2020 06:07:47,0,0,0
14/11/2020 06:07:48,0,0,0
14/11/2020 06:07:49,0,0,0
14/11/2020 06:07:50,0,0,0
14/11/2020 06:07:51,0,0,0
14/11/2020 06:07:52,0,0,0
14/11/2020 06:07:53,0,0,0
14/11/2020 06:07:54,0,0,0
14/11/2020 06:07:55,0,0,0
14/11/2020 06:07:56,0,0,0
14/11/2020 06:07:57,0,0,0
14/11/2020 06:07:58,0,0,0
14/11/2020 06:07:59,0,0,0
14/11/2020 06:08:00,0,0,0
14/11/2020 06:08:01,0,0,0
14/11/2020 06:08:02,0,0,0
14/11/2020 06:08:03,0,0,0
14/11/2020 06:08:04,0,0,0
14/11/2020 06:08:05,0,0,0
14/11/2020 06:08:06,0,0,0
14/11/2020 06:08:07,0,0,0
14/11/2020 06:08:08,0,0,0
14/11/2020 06:08:09,0,0,0
14/11/2020 06:08:10,0,0,0
14/11/2020 06:08:11,0,0,0
14/11/2020 06:08:12,0,0,0
14/11/2020 06:08:13,0,0,0
14/11/2020 06:08:14,0,0,0
14/11/2020 06:08:15,0,0,0
14/11/2020 06:08:16,0,0,0
14/11/2020 06:08:17,0,0,0
14/11/2020 06:08:18,0,0,0
14/11/2020 06:08:19,0,0,0
14/11/2020 06:08:20,0,0,0
14/11/2020 06:08:21,0,0,0
14/11/2020 06:08:22,0,0,0
14/11/2020 06:08:23,0,0,0
14/11/2020 06:08:24,0,0,0
14/11/2020 06:08:25,0,0,0
14/11/2020 06:08:26,0,0,0
14/11/2020 06:08:27,0,0,0
14/11/2020 06:08:28,0,0,0
14/11/2020 06:08:29,0,0,0
14/11/2020 06:08:30,0,0,0
14/11/2020 06:08:31,0,0,0
14/11/2020 06:08:32,0,0,0
14/11/2020 06:08:33,0,0,0
14/11/2020 06:08:34,0,0,0
14/11/2020 06:08:35,0,0,0
14/11/2020 06:08:36,0,0,0
14/11/2020 06:08:37,0,0,0
14/11/2020 06:08:38,0,0,0
14/11/2020 06:08:39,0,0,0
14/11/2020 06:08:40,0,0,0
14/11/2020 06:08:41,0,0,0
14/11/2020 06:08:42,0,0,0
14/11/2020 06:08:43,0,0,0
14/11/2020 06:08:44,0,0,0
14/11/2020 06:08:45,0,0,0
14/11/2020 06:08:46,0,0,0
14/11/2020 06:08:47,0,0,0
14/11/2020 06:08:48,0,0,0
14/11/2020 06:08:49,0,0,0
14/11/2020 06:08:50,0,0,0
14/11/2020 06:08:51,0,0,0
14/11/2020 06:08:52,0,0,0
14/11/2020 06:08:53,0,0,0
14/11/2020 06:08:54,0,0,0
14/11/2020 06:08:55,0,0,0
14/11/2020 06:08:56,0,0,0
14/11/2020 06:08:57,0,0,0
14/11/2020 06:08:58,0,0,0
14/11/2020 06:08:59,0,0,0
14/11/2020 06:09:00,0,0,0
14/11/2020 06:09:01,0,0,0
14/11/2020 06:09:02,0,0,0
14/11/2020 06:09:03,0,0,0
14/11/2020 06:09:04,0,0,0
14/11/2020 06:09:05,0,0,0
14/11/2020 06:09:06,0,0,0
14/11/2020 06:09:07,0,0,0
14/11/2020 06:09:08,0,0,0
14/11/2020 06:09:09,0,0,0
14/11/2020 06:09:10,0,0,0
14/11/2020 06:09:11,0,0,0
14/11/2020 06:09:12,0,0,0
14/11/2020 06:09:13,0,0,0
14/11/2020 06:09:14,0,0,0
14/11/2020 06:09:15,0,0,0
14/11/2020 06:09:16,0,0,0
14/11/2020 06:09:17,0,0,0
14/11/2020 06:09:18,0,0,0
14/11/2020 06:09:19,0,0,0
14/11/2020 06:09:20,0,0,0
14/11/2020 06:09:21,0,0,0
14/11/2020 06:09:22,0,0,0
14/11/2020 06:09:23,0,0,0
14/11/2020 06:09:24,0,0,0
14/11/2020 06:09:25,0,0,0
14/11/2020 06:09:26,0,0,0
14/11/2020 06:09:27,0,0,0
14/11/2020 06:09:28,0,0,0
14/11/2020 06:09:29,0,0,0
14/11/2020 06:09:30,0,0,0
14/11/2020 06:09:31,0,0,0
14/11/2020 06:09:32,0,0,0
14/11/2020 06:09:33,0,0,0
14/11/2020 06:09:34,0,0,0
14/11/2020 06:09:35,0,0,0
14/11/2020 06:09:36,0,0,0
14/11/2020 06:09:37,0,0,0
14/11/2020 06:09:38,0,0,0
14/11/2020 06:09:39,0,0,0
14/11/2020 06:09:40,0,0,0
14/11/2020 06:09:41,0,0,0
14/11/2020 06:09:42,0,0,0
14/11/2020 06:09:43,0,0,0
14/11/2020 06:09:44,0,0,0
14/11/2020 06:09:45,0,0,0
14/11/2020 06:09:46,0,0,0
14/11/2020 06:09:47,0,0,0
14/11/2020 06:09:48,0,0,0
14/11/2020 06:09:49,0,0,0
14/11/2020 06:09:50,0,0,0
14/11/2020 06:09:51,0,0,0
14/11/2020 06:09:52,0,0,0
14/11/2020 06:09:53,0,0,0
14/11/2020 06:09:54,0,0,0
14/11/2020 06:09:55,0,0,0
14/11/2020 06:09:56,0,0,0
14/11/2020 06:09:57,0,0,0
14/11/2020 06:09:58,0,0,0
14/11/2020 06:09:59,0,0,0
14/11/2020 06:10:00,0,0,0
14/11/2020 06:10:01,0,0,0
14/11/2020 06:10:02,0,0,0
14/11/2020 06:10:03,0,0,0
14/11/2020 06:10:04,0,0,0
14/11/2020 06:10:05,0,0,0
14/11/2020 06:10:06,0,0,0
14/11/2020 06:10:07,0,0,0
14/11/2020 06:10:08,0,0,0
14/11/2020 06:10:09,0,0,0
14/11/2020 06:10:10,0,0,0
14/11/2020 06:10:11,0,0,0
14/11/2020 06:10:12,0,0,0
14/11/2020 06:10:13,0,0,0
14/11/2020 06:10:14,0,0,0
14/11/2020 06:10:15,0,0,0
14/11/2020 06:10:16,0,0,0
14/11/2020 06:10:17,0,0,0
14/11/2020 06:10:18,0,0,0
14/11/2020 06:10:19,0,0,0
14/11/2020 06:10:20,0,0,0
14/11/2020 06:10:21,0,0,0
14/11/2020 06:10:22,0,0,0
14/11/2020 06:10:23,0,0,0
14/11/2020 06:10:24,0,0,0
14/11/2020 06:10:25,0,0,0
14/11/2020 06:10:26,0,0,0
14/11/2020 06:10:27,0,0,0
14/11/2020 06:10:28,0,0,0
14/11/2020 06:10:29,0,0,0
14/11/2020 06:10:30,0,0,0
14/11/2020 06:10:31,0,0,0
14/11/2020 06:10:32,0,0,0
14/11/2020 06:10:33,0,0,0
14/11/2020 06:10:34,0,0,0
14/11/2020 06:10:35,0,0,0
14/11/2020 06:10:36,0,0,0
14/11/2020 06:10:37,0,0,0
14/11/2020 06:10:38,0,0,0
14/11/2020 06:10:39,0,0,0
14/11/2020 06:10:40,0,0,0
14/11/2020 06:10:41,0,0,0
14/11/2020 06:10:42,0,0,0
14/11/2020 06:10:43,0,0,0
14/11/2020 06:10:44,0,0,0
14/11/2020 06:10:45,0,0,0
14/11/2020 06:10:46,0,0,0
14/11/2020 06:10:47,0,0,0
14/11/2020 06:10:48,0,0,0
14/11/2020 06:10:49,0,0,0
14/11/2020 06:10:50,0,0,0
14/11/2020 06:10:51,0,0,0
14/11/2020 06:10:52,0,0,0
14/11/2020 06:10:53,0,0,0
14/11/2020 06:10:54,0,0,0
14/11/2020 06:10:55,0,0,0
14/11/2020 06:10:56,0,0,0
14/11/2020 06:10:57,0,0,0
14/11/2020 06:10:58,0,0,0
14/11/2020 06:10:59,0,0,0
14/11/2020 06:11:00,0,0,0
14/11/2020 06:11:01,0,0,0
14/11/2020 06:11:02,0,0,0
14/11/2020 06:11:03,0,0,0
14/11/2020 06:11:04,0,0,0
14/11/2020 06:11:05,0,0,0
14/11/2020 06:11:06,0,0,0
14/11/2020 06:11:07,0,0,0
14/11/2020 06:11:08,0,0,0
14/11/2020 06:11:09,0,0,0
14/11/2020 06:11:10,0,0,0
14/11/2020 06:11:11,0,0,0
14/11/2020 06:11:12,0,0,0
14/11/2020 06:11:13,0,0,0
14/11/2020 06:11:14,0,0,0
14/11/2020 06:11:15,0,0,0
14/11/2020 06:11:16,0,0,0
14/11/2020 06:11:17,0,0,0
14/11/2020 06:11:18,0,0,0
14/11/2020 06:11:19,0,0,0
14/11/2020 06:11:20,0,0,0
14/11/2020 06:11:21,0,0,0
14/11/2020 06:11:22,0,0,0
14/11/2020 06:11:23,0,0,0
14/11/2020 06:11:24,0,0,0
14/11/2020 06:11:25,0,0,0
14/11/2020 06:11:26,0,0,0
14/11/2020 06:11:27,0,0,0
14/11/2020 06:11:28,0,0,0
14/11/2020 06:11:29,0,0,0
14/11/2020 06:11:30,0,0,0
14/11/2020 06:11:31,0,0,0
14/11/2020 06:11:32,0,0,0
14/11/2020 06:11:33,0,0,0
14/11/2020 06:11:34,0,0,0
14/11/2020 06:11:35,0,0,0
14/11/2020 06:11:36,0,0,0
14/11/2020 06:11:37,0,0,0
14/11/2020 06:11:38,0,0,0
14/11/2020 06:11:39,0,0,0
14/11/2020 06:11:40,0,0,0
14/11/2020 06:11:41,0,0,0
14/11/2020 06:11:42,0,0,0
14/11/2020 06:11:43,0,0,0
14/11/2020 06:11:44,0,0,0
14/11/2020 06:11:45,0,0,0
14/11/2020 06:11:46,0,0,0
14/11/2020 06:11:47,0,0,0
14/11/2020 06:11:48,0,0,0
14/11/2020 06:11:49,0,0,0
14/11/2020 06:11:50,0,0,0
14/11/2020 06:11:51,0,0,0
14/11/2020 06:11:52,0,0,0
14/11/2020 06:11:53,0,0,0
14/11/2020 06:11:54,0,0,0
14/11/2020 06:11:55,0,0,0
14/11/2020 06:11:56,0,0,0
14/11/2020 06:11:57,0,0,0
14/11/2020 06:11:58,0,0,0
14/11/2020 06:11:59,0,0,0
14/11/2020 06:12:00,0,0,0
14/11/2020 06:12:01,0,0,0
14/11/2020 06:12:02,0,0,0
14/11/2020 06:12:03,0,0,0
14/11/2020 06:12:04,0,0,0
14/11/2020 06:12:05,0,0,0
14/11/2020 06:12:06,0,0,0
14/11/2020 06:12:07,0,0,0
14/11/2020 06:12:08,0,0,0
14/11/2020 06:12:09,0,0,0
14/11/2020 06:12:10,0,0,0
14/11/2020 06:12:11,0,0,0
14/11/2020 06:12:12,0,0,0
14/11/2020 06:12:13,0,0,0
14/11/2020 06:12:14,0,0,0
14/11/2020 06:12:15,0,0,0
14/11/2020 06:12:16,0,0,0
14/11/2020 06:12:17,0,0,0
14/11/2020 06:12:18,0,0,0
14/11/2020 06:12:19,0,0,0
14/11/2020 06:12:20,0,0,0
14/11/2020 06:12:21,0,0,0
14/11/2020 06:12:22,0,0,0
14/11/2020 06:12:23,0,0,0
14/11/2020 06:12:24,0,0,0
14/11/2020 06:12:25,0,0,0
14/11/2020 06:12:26,0,0,0
14/11/2020 06:12:27,0,0,0
14/11/2020 06:12:28,0,0,0
14/11/2020 06:12:29,0,0,0
14/11/2020 06:12:30,0,0,0
14/11/2020 06:12:31,0,0,0
14/11/2020 06:12:32,0,0,0
14/11/2020 06:12:33,0,0,0
14/11/2020 06:12:34,0,0,0
14/11/2020 06:12:35,0,0,0
14/11/2020 06:12:36,0,0,0
14/11/2020 06:12:37,0,0,0
14/11/2020 06:12:38,0,0,0
14/11/2020 06:12:39,0,0,0
14/11/2020 06:12:40,0,0,0
14/11/2020 06:12:41,0,0,0
14/11/2020 06:12:42,0,0,0
14/11/2020 06:12:43,0,0,0
14/11/2020 06:12:44,0,0,0
14/11/2020 06:12:45,0,0,0
14/11/2020 06:12:46,0,0,0
14/11/2020 06:12:47,0,0,0
14/11/2020 06:12:48,0,0,0
14/11/2020 06:12:49,0,0,0
14/11/2020 06:12:50,0,0,0
14/11/2020 06:12:51,0,0,0
14/11/2020 06:12:52,0,0,0
14/11/2020 06:12:53,0,0,0
14/11/2020 06:12:54,0,0,0
14/11/2020 06:12:55,0,0,0
14/11/2020 06:12:56,0,0,0
14/11/2020 06:12:57,0,0,0
14/11/2020 06:12:58,0,0,0
14/11/2020 06:12:59,0,0,0
14/11/2020 06:13:00,0,0,0
14/11/2020 06:13:01,0,0,0
14/11/2020 06:13:02,0,0,0
14/11/2020 06:13:03,0,0,0
14/11/2020 06:13:04,0,0,0
14/11/2020 06:13:05,0,0,0
14/11/2020 06:13:06,0,0,0
14/11/2020 06:13:07,0,0,0
14/11/2020 06:13:08,0,0,0
14/11/2020 06:13:09,0,0,0
14/11/2020 06:13:10,0,0,0
14/11/2020 06:13:11,0,0,0
14/11/2020 06:13:12,0,0,0
14/11/2020 06:13:13,0,0,0
14/11/2020 06:13:14,0,0,0
14/11/2020 06:13:15,0,0,0
14/11/2020 06:13:16,0,0,0
14/11/2020 06:13:17,0,0,0
14/11/2020 06:13:18,0,0,0
14/11/2020 06:13:19,0,0,0
14/11/2020 06:13:20,0,0,0
14/11/2020 06:13:21,0,0,0
14/11/2020 06:13:22,0,0,0
14/11/2020 06:13:23,0,0,0
14/11/2020 06:13:24,0,0,0
14/11/2020 06:13:25,0,0,0
14/11/2020 06:13:26,0,0,0
14/11/2020 06:13:27,0,0,0
14/11/2020 06:13:28,0,0,0
14/11/2020 06:13:29,0,0,0
14/11/2020 06:13:30,0,0,0
14/11/2020 06:13:31,0,0,0
14/11/2020 06:13:32,0,0,0
14/11/2020 06:13:33,0,0,0
14/11/2020 06:13:34,0,0,0
14/11/2020 06:13:35,0,0,0
14/11/2020 06:13:36,0,0,0
14/11/2020 06:13:37,0,0,0
14/11/2020 06:13:38,0,0,0
14/11/2020 06:13:39,0,0,0
14/11/2020 06:13:40,0,0,0
14/11/2020 06:13:41,0,0,0
14/11/2020 06:13:42,0,0,0
14/11/2020 06:13:43,0,0,0
14/11/2020 06:13:44,0,0,0
14/11/2020 06:13:45,0,0,0
14/11/2020 06:13:46,0,0,0
14/11/2020 06:13:47,0,0,0
14/11/2020 06:13:48,0,0,0
14/11/2020 06:13:49,0,0,0
14/11/2020 06:13:50,0,0,0
14/11/2020 06:13:51,0,0,0
14/11/2020 06:13:52,0,0,0
14/11/2020 06:13:53,0,0,0
14/11/2020 06:13:54,0,0,0
14/11/2020 06:13:55,0,0,0
14/11/2020 06:13:56,0,0,0
14/11/2020 06:13:57,0,0,0
14/11/2020 06:13:58,0,0,0
14/11/2020 06:13:59,0,0,0
14/11/2020 06:14:00,0,0,0
14/11/2020 06:14:01,0,0,0
14/11/2020 06:14:02,0,0,0
14/11/2020 06:14:03,0,0,0
14/11/2020 06:14:04,0,0,0
14/11/2020 06:14:05,0,0,0
14/11/2020 06:14:06,0,0,0
14/11/2020 06:14:07,0,0,0
14/11/2020 06:14:08,0,0,0
14/11/2020 06:14:09,0,0,0
14/11/2020 06:14:10,0,0,0
14/11/2020 06:14:11,0,0,0
14/11/2020 06:14:12,0,0,0
14/11/2020 06:14:13,0,0,0
14/11/2020 06:14:14,0,0,0
14/11/2020 06:14:15,0,0,0
14/11/2020 06:14:16,0,0,0
14/11/2020 06:14:17,0,0,0
14/11/2020 06:14:18,0,0,0
14/11/2020 06:14:19,0,0,0
14/11/2020 06:14:20,0,0,0
14/11/2020 06:14:21,0,0,0
14/11/2020 06:14:22,0,0,0
14/11/2020 06:14:23,0,0,0
14/11/2020 06:14:24,0,0,0
14/11/2020 06:14:25,0,0,0
14/11/2020 06:14:26,0,0,0
14/11/2020 06:14:27,0,0,0
14/11/2020 06:14:28,0,0,0
14/11/2020 06:14:29,0,0,0
14/11/2020 06:14:30,0,0,0
14/11/2020 06:14:31,0,0,0
14/11/2020 06:14:32,0,0,0
14/11/2020 06:14:33,0,0,0
14/11/2020 06:14:34,0,0,0
14/11/2020 06:14:35,0,0,0
14/11/2020 06:14:36,0,0,0
14/11/2020 06:14:37,0,0,0
14/11/2020 06:14:38,0,0,0
14/11/2020 06:14:39,0,0,0
14/11/2020 06:14:40,0,0,0
14/11/2020 06:14:41,0,0,0
14/11/2020 06:14:42,0,0,0
14/11/2020 06:14:43,0,0,0
14/11/2020 06:14:44,0,0,0
14/11/2020 06:14:45,0,0,0
14/11/2020 06:14:46,0,0,0
14/11/2020 06:14:47,0,0,0
14/11/2020 06:14:48,0,0,0
14/11/2020 06:14:49,0,0,0
14/11/2020 06:14:50,0,0,0
14/11/2020 06:14:51,0,0,0
14/11/2020 06:14:52,0,0,0
14/11/2020 06:14:53,0,0,0
14/11/2020 06:14:54,0,0,0
14/11/2020 06:14:55,0,0,0
14/11/2020 06:14:56,0,0,0
14/11/2020 06:14:57,0,0,0
14/11/2020 06:14:58,0,0,0
14/11/2020 06:14:59,0,0,0
14/11/2020 06:15:00,0,0,0
14/11/2020 06:15:01,0,0,0
14/11/2020 06:15:02,0,0,0
14/11/2020 06:15:03,0,0,0
14/11/2020 06:15:04,0,0,0
14/11/2020 06:15:05,0,0,0
14/11/2020 06:15:06,0,0,0
14/11/2020 06:15:07,0,0,0
14/11/2020 06:15:08,0,0,0
14/11/2020 06:15:09,0,0,0
14/11/2020 06:15:10,0,0,0
14/11/2020 06:15:11,0,0,0
14/11/2020 06:15:12,0,0,0
14/11/2020 06:15:13,0,0,0
14/11/2020 06:15:14,0,0,0
14/11/2020 06:15:15,0,0,0
14/11/2020 06:15:16,0,0,0
14/11/2020 06:15:17,0,0,0
14/11/2020 06:15:18,0,0,0
14/11/2020 06:15:19,0,0,0
14/11/2020 06:15:20,0,0,0
14/11/2020 06:15:21,0,0,0
14/11/2020 06:15:22,0,0,0
14/11/2020 06:15:23,0,0,0
14/11/2020 06:15:24,0,0,0
14/11/2020 06:15:25,0,0,0
14/11/2020 06:15:26,0,0,0
14/11/2020 06:15:27,0,0,0
14/11/2020 06:15:28,0,0,0
14/11/2020 06:15:29,0,0,0
14/11/2020 06:15:30,0,0,0
14/11/2020 06:15:31,0,0,0
14/11/2020 06:15:32,0,0,0
14/11/2020 06:15:33,0,0,0
14/11/2020 06:15:34,0,0,0
14/11/2020 06:15:35,0,0,0
14/11/2020 06:15:36,0,0,0
14/11/2020 06:15:37,0,0,0
14/11/2020 06:15:38,0,0,0
14/11/2020 06:15:39,0,0,0
14/11/2020 06:15:40,0,0,0
14/11/2020 06:15:41,0,0,0
14/11/2020 06:15:42,0,0,0
14/11/2020 06:15:43,0,0,0
14/11/2020 06:15:44,0,0,0
14/11/2020 06:15:45,0,0,0
14/11/2020 06:15:46,0,0,0
14/11/2020 06:15:47,0,0,0
14/11/2020 06:15:48,0,0,0
14/11/2020 06:15:49,0,0,0
14/11/2020 06:15:50,0,0,0
14/11/2020 06:15:51,0,0,0
14/11/2020 06:15:52,0,0,0
14/11/2020 06:15:53,0,0,0
14/11/2020 06:15:54,0,0,0
14/11/2020 06:15:55,0,0,0
14/11/2020 06:15:56,0,0,0
14/11/2020 06:15:57,0,0,0
14/11/2020 06:15:58,0,0,0
14/11/2020 06:15:59,0,0,0
14/11/2020 06:16:00,0,0,0
14/11/2020 06:16:01,0,0,0
14/11/2020 06:16:02,0,0,0
14/11/2020 06:16:03,0,0,0
14/11/2020 06:16:04,0,0,0
14/11/2020 06:16:05,0,0,0
14/11/2020 06:16:06,0,0,0
14/11/2020 06:16:07,0,0,0
14/11/2020 06:16:08,0,0,0
14/11/2020 06:16:09,0,0,0
14/11/2020 06:16:10,0,0,0
14/11/2020 06:16:11,0,0,0
14/11/2020 06:16:12,0,0,0
14/11/2020 06:16:13,0,0,0
14/11/2020 06:16:14,0,0,0
14/11/2020 06:16:15,0,0,0
14/11/2020 06:16:16,0,0,0
14/11/2020 06:16:17,0,0,0
14/11/2020 06:16:18,0,0,0
14/11/2020 06:16:19,0,0,0
14/11/2020 06:16:20,0,0,0
14/11/2020 06:16:21,0,0,0
14/11/2020 06:16:22,0,0,0
14/11/2020 06:16:23,0,0,0
14/11/2020 06:16:24,0,0,0
14/11/2020 06:16:25,0,0,0
14/11/2020 06:16:26,0,0,0
14/11/2020 06:16:27,0,0,0
14/11/2020 06:16:28,0,0,0
14/11/2020 06:16:29,0,0,0
14/11/2020 06:16:30,0,0,0
14/11/2020 06:16:31,0,0,0
14/11/2020 06:16:32,0,0,0
14/11/2020 06:16:33,0,0,0
14/11/2020 06:16:34,0,0,0
14/11/2020 06:16:35,0,0,0
14/11/2020 06:16:36,0,0,0
14/11/2020 06:16:37,0,0,0
14/11/2020 06:16:38,0,0,0
14/11/2020 06:16:39,0,0,0
14/11/2020 06:16:40,0,0,0
14/11/2020 06:16:41,0,0,0
14/11/2020 06:16:42,0,0,0
14/11/2020 06:16:43,0,0,0
14/11/2020 06:16:44,0,0,0
14/11/2020 06:16:45,0,0,0
14/11/2020 06:16:46,0,0,0
14/11/2020 06:16:47,0,0,0
14/11/2020 06:16:48,0,0,0
14/11/2020 06:16:49,0,0,0
14/11/2020 06:16:50,0,0,0
14/11/2020 06:16:51,0,0,0
14/11/2020 06:16:52,0,0,0
14/11/2020 06:16:53,0,0,0
14/11/2020 06:16:54,0,0,0
14/11/2020 06:16:55,0,0,0
14/11/2020 06:16:56,0,0,0
14/11/2020 06:16:57,0,0,0
14/11/2020 06:16:58,0,0,0
14/11/2020 06:16:59,0,0,0
14/11/2020 06:17:00,0,0,0
14/11/2020 06:17:01,0,0,0
14/11/2020 06:17:02,0,0,0
14/11/2020 06:17:03,0,0,0
14/11/2020 06:17:04,0,0,0
14/11/2020 06:17:05,0,0,0
14/11/2020 06:17:06,0,0,0
14/11/2020 06:17:07,0,0,0
14/11/2020 06:17:08,0,0,0
14/11/2020 06:17:09,0,0,0
14/11/2020 06:17:10,0,0,0
14/11/2020 06:17:11,0,0,0
14/11/2020 06:17:12,0,0,0
14/11/2020 06:17:13,0,0,0
14/11/2020 06:17:14,0,0,0
14/11/2020 06:17:15,0,0,0
14/11/2020 06:17:16,0,0,0
14/11/2020 06:17:17,0,0,0
14/11/2020 06:17:18,0,0,0
14/11/2020 06:17:19,0,0,0
14/11/2020 06:17:20,0,0,0
14/11/2020 06:17:21,0,0,0
14/11/2020 06:17:22,0,0,0
14/11/2020 06:17:23,0,0,0
14/11/2020 06:17:24,0,0,0
14/11/2020 06:17:25,0,0,0
14/11/2020 06:17:26,0,0,0
14/11/2020 06:17:27,0,0,0
14/11/2020 06:17:28,0,0,0
14/11/2020 06:17:29,0,0,0
14/11/2020 06:17:30,0,0,0
14/11/2020 06:17:31,0,0,0
14/11/2020 06:17:32,0,0,0
14/11/2020 06:17:33,0,0,0
14/11/2020 06:17:34,0,0,0
14/11/2020 06:17:35,0,0,0
14/11/2020 06:17:36,0,0,0
14/11/2020 06:17:37,0,0,0
14/11/2020 06:17:38,0,0,0
14/11/2020 06:17:39,0,0,0
14/11/2020 06:17:40,0,0,0
14/11/2020 06:17:41,0,0,0
14/11/2020 06:17:42,0,0,0
14/11/2020 06:17:43,0,0,0
14/11/2020 06:17:44,0,0,0
14/11/2020 06:17:45,0,0,0
14/11/2020 06:17:46,0,0,0
14/11/2020 06:17:47,0,0,0
14/11/2020 06:17:48,0,0,0
14/11/2020 06:17:49,0,0,0
14/11/2020 06:17:50,0,0,0
14/11/2020 06:17:51,0,0,0
14/11/2020 06:17:52,0,0,0
14/11/2020 06:17:53,0,0,0
14/11/2020 06:17:54,0,0,0
14/11/2020 06:17:55,0,0,0
14/11/2020 06:17:56,0,0,0
14/11/2020 06:17:57,0,0,0
14/11/2020 06:17:58,0,0,0
14/11/2020 06:17:59,0,0,0
14/11/2020 06:18:00,0,0,0
14/11/2020 06:18:01,0,0,0
14/11/2020 06:18:02,0,0,0
14/11/2020 06:18:03,0,0,0
14/11/2020 06:18:04,0,0,0
14/11/2020 06:18:05,0,0,0
14/11/2020 06:18:06,0,0,0
14/11/2020 06:18:07,0,0,0
14/11/2020 06:18:08,0,0,0
14/11/2020 06:18:09,0,0,0
14/11/2020 06:18:10,0,0,0
14/11/2020 06:18:11,0,0,0
14/11/2020 06:18:12,0,0,0
14/11/2020 06:18:13,0,0,0
14/11/2020 06:18:14,0,0,0
14/11/2020 06:18:15,0,0,0
14/11/2020 06:18:16,0,0,0
14/11/2020 06:18:17,0,0,0
14/11/2020 06:18:18,0,0,0
14/11/2020 06:18:19,0,0,0
14/11/2020 06:18:20,0,0,0
14/11/2020 06:18:21,0,0,0
14/11/2020 06:18:22,0,0,0
14/11/2020 06:18:23,0,0,0
14/11/2020 06:18:24,0,0,0
14/11/2020 06:18:25,0,0,0
14/11/2020 06:18:26,0,0,0
14/11/2020 06:18:27,0,0,0
14/11/2020 06:18:28,0,0,0
14/11/2020 06:18:29,0,0,0
14/11/2020 06:18:30,0,0,0
14/11/2020 06:18:31,0,0,0
14/11/2020 06:18:32,0,0,0
14/11/2020 06:18:33,0,0,0
14/11/2020 06:18:34,0,0,0
14/11/2020 06:18:35,0,0,0
14/11/2020 06:18:36,0,0,0
14/11/2020 06:18:37,0,0,0
14/11/2020 06:18:38,0,0,0
14/11/2020 06:18:39,0,0,0
14/11/2020 06:18:40,0,0,0
14/11/2020 06:18:41,0,0,0
14/11/2020 06:18:42,0,0,0
14/11/2020 06:18:43,0,0,0
14/11/2020 06:18:44,0,0,0
14/11/2020 06:18:45,0,0,0
14/11/2020 06:18:46,0,0,0
14/11/2020 06:18:47,0,0,0
14/11/2020 06:18:48,0,0,0
14/11/2020 06:18:49,0,0,0
14/11/2020 06:18:50,0,0,0
14/11/2020 06:18:51,0,0,0
14/11/2020 06:18:52,0,0,0
14/11/2020 06:18:53,0,0,0
14/11/2020 06:18:54,0,0,0
14/11/2020 06:18:55,0,0,0
14/11/2020 06:18:56,0,0,0
14/11/2020 06:18:57,0,0,0
14/11/2020 06:18:58,0,0,0
14/11/2020 06:18:59,0,0,0
14/11/2020 06:19:00,0,0,0
14/11/2020 06:19:01,0,0,0
14/11/2020 06:19:02,0,0,0
14/11/2020 06:19:03,0,0,0
14/11/2020 06:19:04,0,0,0
14/11/2020 06:19:05,0,0,0
14/11/2020 06:19:06,0,0,0
14/11/2020 06:19:07,0,0,0
14/11/2020 06:19:08,0,0,0
14/11/2020 06:19:09,0,0,0
14/11/2020 06:19:10,0,0,0
14/11/2020 06:19:11,0,0,0
14/11/2020 06:19:12,0,0,0
14/11/2020 06:19:13,0,0,0
14/11/2020 06:19:14,0,0,0
14/11/2020 06:19:15,0,0,0
14/11/2020 06:19:16,0,0,0
14/11/2020 06:19:17,0,0,0
14/11/2020 06:19:18,0,0,0
14/11/2020 06:19:19,0,0,0
14/11/2020 06:19:20,0,0,0
14/11/2020 06:19:21,0,0,0
14/11/2020 06:19:22,0,0,0
14/11/2020 06:19:23,0,0,0
14/11/2020 06:19:24,0,0,0
14/11/2020 06:19:25,0,0,0
14/11/2020 06:19:26,0,0,0
14/11/2020 06:19:27,0,0,0
14/11/2020 06:19:28,0,0,0
14/11/2020 06:19:29,0,0,0
14/11/2020 06:19:30,0,0,0
14/11/2020 06:19:31,0,0,0
14/11/2020 06:19:32,0,0,0
14/11/2020 06:19:33,0,0,0
14/11/2020 06:19:34,0,0,0
14/11/2020 06:19:35,0,0,0
14/11/2020 06:19:36,0,0,0
14/11/2020 06:19:37,0,0,0
14/11/2020 06:19:38,0,0,0
14/11/2020 06:19:39,0,0,0
14/11/2020 06:19:40,0,0,0
14/11/2020 06:19:41,0,0,0
14/11/2020 06:19:42,0,0,0
14/11/2020 06:19:43,0,0,0
14/11/2020 06:19:44,0,0,0
14/11/2020 06:19:45,0,0,0
14/11/2020 06:19:46,0,0,0
14/11/2020 06:19:47,0,0,0
14/11/2020 06:19:48,0,0,0
14/11/2020 06:19:49,0,0,0
14/11/2020 06:19:50,0,0,0
14/11/2020 06:19:51,0,0,0
14/11/2020 06:19:52,0,0,0
14/11/2020 06:19:53,0,0,0
14/11/2020 06:19:54,0,0,0
14/11/2020 06:19:55,0,0,0
14/11/2020 06:19:56,0,0,0
14/11/2020 06:19:57,0,0,0
14/11/2020 06:19:58,0,0,0
14/11/2020 06:19:59,0,0,0
14/11/2020 06:20:00,0,0,0
14/11/2020 06:20:01,0,0,0
14/11/2020 06:20:02,0,0,0
14/11/2020 06:20:03,0,0,0
14/11/2020 06:20:04,0,0,0
14/11/2020 06:20:05,0,0,0
14/11/2020 06:20:06,0,0,0
14/11/2020 06:20:07,0,0,0
14/11/2020 06:20:08,0,0,0
14/11/2020 06:20:09,0,0,0
14/11/2020 06:20:10,0,0,0
14/11/2020 06:20:11,0,0,0
14/11/2020 06:20:12,0,0,0
14/11/2020 06:20:13,0,0,0
14/11/2020 06:20:14,0,0,0
14/11/2020 06:20:15,0,0,0
14/11/2020 06:20:16,0,0,0
14/11/2020 06:20:17,0,0,0
14/11/2020 06:20:18,0,0,0
14/11/2020 06:20:19,0,0,0
14/11/2020 06:20:20,0,0,0
14/11/2020 06:20:21,0,0,0
14/11/2020 06:20:22,0,0,0
14/11/2020 06:20:23,0,0,0
14/11/2020 06:20:24,0,0,0
14/11/2020 06:20:25,0,0,0
14/11/2020 06:20:26,0,0,0
14/11/2020 06:20:27,0,0,0
14/11/2020 06:20:28,0,0,0
14/11/2020 06:20:29,0,0,0
14/11/2020 06:20:30,0,0,0
14/11/2020 06:20:31,0,0,0
14/11/2020 06:20:32,0,0,0
14/11/2020 06:20:33,0,0,0
14/11/2020 06:20:34,0,0,0
14/11/2020 06:20:35,0,0,0
14/11/2020 06:20:36,0,0,0
14/11/2020 06:20:37,0,0,0
14/11/2020 06:20:38,0,0,0
14/11/2020 06:20:39,0,0,0
14/11/2020 06:20:40,0,0,0
14/11/2020 06:20:41,0,0,0
14/11/2020 06:20:42,0,0,0
14/11/2020 06:20:43,0,0,0
14/11/2020 06:20:44,0,0,0
14/11/2020 06:20:45,0,0,0
14/11/2020 06:20:46,0,0,0
14/11/2020 06:20:47,0,0,0
14/11/2020 06:20:48,0,0,0
14/11/2020 06:20:49,0,0,0
14/11/2020 06:20:50,0,0,0
14/11/2020 06:20:51,0,0,0
14/11/2020 06:20:52,0,0,0
14/11/2020 06:20:53,0,0,0
14/11/2020 06:20:54,0,0,0
14/11/2020 06:20:55,0,0,0
14/11/2020 06:20:56,0,0,0
14/11/2020 06:20:57,0,0,0
14/11/2020 06:20:58,0,0,0
14/11/2020 06:20:59,0,0,0
14/11/2020 06:21:00,0,0,0
14/11/2020 06:21:01,0,0,0
14/11/2020 06:21:02,0,0,0
14/11/2020 06:21:03,0,0,0
14/11/2020 06:21:04,0,0,0
14/11/2020 06:21:05,0,0,0
14/11/2020 06:21:06,0,0,0
14/11/2020 06:21:07,0,0,0
14/11/2020 06:21:08,0,0,0
14/11/2020 06:21:09,0,0,0
14/11/2020 06:21:10,0,0,0
14/11/2020 06:21:11,0,0,0
14/11/2020 06:21:12,0,0,0
14/11/2020 06:21:13,0,0,0
14/11/2020 06:21:14,0,0,0
14/11/2020 06:21:15,0,0,0
14/11/2020 06:21:16,0,0,0
14/11/2020 06:21:17,0,0,0
14/11/2020 06:21:18,0,0,0
14/11/2020 06:21:19,0,0,0
14/11/2020 06:21:20,0,0,0
14/11/2020 06:21:21,0,0,0
14/11/2020 06:21:22,0,0,0
14/11/2020 06:21:23,0,0,0
14/11/2020 06:21:24,0,0,0
14/11/2020 06:21:25,0,0,0
14/11/2020 06:21:26,0,0,0
14/11/2020 06:21:27,0,0,0
14/11/2020 06:21:28,0,0,0
14/11/2020 06:21:29,0,0,0
14/11/2020 06:21:30,0,0,0
14/11/2020 06:21:31,0,0,0
14/11/2020 06:21:32,0,0,0
14/11/2020 06:21:33,0,0,0
14/11/2020 06:21:34,0,0,0
14/11/2020 06:21:35,0,0,0
14/11/2020 06:21:36,0,0,0
14/11/2020 06:21:37,0,0,0
14/11/2020 06:21:38,0,0,0
14/11/2020 06:21:39,0,0,0
14/11/2020 06:21:40,0,0,0
14/11/2020 06:21:41,0,0,0
14/11/2020 06:21:42,0,0,0
14/11/2020 06:21:43,0,0,0
14/11/2020 06:21:44,0,0,0
14/11/2020 06:21:45,0,0,0
14/11/2020 06:21:46,0,0,0
14/11/2020 06:21:47,0,0,0
14/11/2020 06:21:48,0,0,0
14/11/2020 06:21:49,0,0,0
14/11/2020 06:21:50,0,0,0
14/11/2020 06:21:51,0,0,0
14/11/2020 06:21:52,0,0,0
14/11/2020 06:21:53,0,0,0
14/11/2020 06:21:54,0,0,0
14/11/2020 06:21:55,0,0,0
14/11/2020 06:21:56,0,0,0
14/11/2020 06:21:57,0,0,0
14/11/2020 06:21:58,0,0,0
14/11/2020 06:21:59,0,0,0
14/11/2020 06:22:00,0,0,0
14/11/2020 06:22:01,0,0,0
14/11/2020 06:22:02,0,0,0
14/11/2020 06:22:03,0,0,0
14/11/2020 06:22:04,0,0,0
14/11/2020 06:22:05,0,0,0
14/11/2020 06:22:06,0,0,0
14/11/2020 06:22:07,0,0,0
14/11/2020 06:22:08,0,0,0
14/11/2020 06:22:09,0,0,0
14/11/2020 06:22:10,0,0,0
14/11/2020 06:22:11,0,0,0
14/11/2020 06:22:12,0,0,0
14/11/2020 06:22:13,0,0,0
14/11/2020 06:22:14,0,0,0
14/11/2020 06:22:15,0,0,0
14/11/2020 06:22:16,0,0,0
14/11/2020 06:22:17,0,0,0
14/11/2020 06:22:18,0,0,0
14/11/2020 06:22:19,0,0,0
14/11/2020 06:22:20,0,0,0
14/11/2020 06:22:21,0,0,0
14/11/2020 06:22:22,0,0,0
14/11/2020 06:22:23,0,0,0
14/11/2020 06:22:24,0,0,0
14/11/2020 06:22:25,0,0,0
14/11/2020 06:22:26,0,0,0
14/11/2020 06:22:27,0,0,0
14/11/2020 06:22:28,0,0,0
14/11/2020 06:22:29,0,0,0
14/11/2020 06:22:30,0,0,0
14/11/2020 06:22:31,0,0,0
14/11/2020 06:22:32,0,0,0
14/11/2020 06:22:33,0,0,0
14/11/2020 06:22:34,0,0,0
14/11/2020 06:22:35,0,0,0
14/11/2020 06:22:36,0,0,0
14/11/2020 06:22:37,0,0,0
14/11/2020 06:22:38,0,0,0
14/11/2020 06:22:39,0,0,0
14/11/2020 06:22:40,0,0,0
14/11/2020 06:22:41,0,0,0
14/11/2020 06:22:42,0,0,0
14/11/2020 06:22:43,0,0,0
14/11/2020 06:22:44,0,0,0
14/11/2020 06:22:45,0,0,0
14/11/2020 06:22:46,0,0,0
14/11/2020 06:22:47,0,0,0
14/11/2020 06:22:48,0,0,0
14/11/2020 06:22:49,0,0,0
14/11/2020 06:22:50,0,0,0
14/11/2020 06:22:51,0,0,0
14/11/2020 06:22:52,0,0,0
14/11/2020 06:22:53,0,0,0
14/11/2020 06:22:54,0,0,0
14/11/2020 06:22:55,0,0,0
14/11/2020 06:22:56,0,0,0
14/11/2020 06:22:57,0,0,0
14/11/2020 06:22:58,0,0,0
14/11/2020 06:22:59,0,0,0
14/11/2020 06:23:00,0,0,0
14/11/2020 06:23:01,0,0,0
14/11/2020 06:23:02,0,0,0
14/11/2020 06:23:03,0,0,0
14/11/2020 06:23:04,0,0,0
14/11/2020 06:23:05,0,0,0
14/11/2020 06:23:06,0,0,0
14/11/2020 06:23:07,0,0,0
14/11/2020 06:23:08,0,0,0
14/11/2020 06:23:09,0,0,0
14/11/2020 06:23:10,0,0,0
14/11/2020 06:23:11,0,0,0
14/11/2020 06:23:12,0,0,0
14/11/2020 06:23:13,0,0,0
14/11/2020 06:23:14,0,0,0
14/11/2020 06:23:15,0,0,0
14/11/2020 06:23:16,0,0,0
14/11/2020 06:23:17,0,0,0
14/11/2020 06:23:18,0,0,0
14/11/2020 06:23:19,0,0,0
14/11/2020 06:23:20,0,0,0
14/11/2020 06:23:21,0,0,0
14/11/2020 06:23:22,0,0,0
14/11/2020 06:23:23,0,0,0
14/11/2020 06:23:24,0,0,0
14/11/2020 06:23:25,0,0,0
14/11/2020 06:23:26,0,0,0
14/11/2020 06:23:27,0,0,0
14/11/2020 06:23:28,0,0,0
14/11/2020 06:23:29,0,0,0
14/11/2020 06:23:30,0,0,0
14/11/2020 06:23:31,0,0,0
14/11/2020 06:23:32,0,0,0
14/11/2020 06:23:33,0,0,0
14/11/2020 06:23:34,0,0,0
14/11/2020 06:23:35,0,0,0
14/11/2020 06:23:36,0,0,0
14/11/2020 06:23:37,0,0,0
14/11/2020 06:23:38,0,0,0
14/11/2020 06:23:39,0,0,0
14/11/2020 06:23:40,0,0,0
14/11/2020 06:23:41,0,0,0
14/11/2020 06:23:42,0,0,0
14/11/2020 06:23:43,0,0,0
14/11/2020 06:23:44,0,0,0
14/11/2020 06:23:45,0,0,0
14/11/2020 06:23:46,0,0,0
14/11/2020 06:23:47,0,0,0
14/11/2020 06:23:48,0,0,0
14/11/2020 06:23:49,0,0,0
14/11/2020 06:23:50,0,0,0
14/11/2020 06:23:51,0,0,0
14/11/2020 06:23:52,0,0,0
14/11/2020 06:23:53,0,0,0
14/11/2020 06:23:54,0,0,0
14/11/2020 06:23:55,0,0,0
14/11/2020 06:23:56,0,0,0
14/11/2020 06:23:57,0,0,0
14/11/2020 06:23:58,0,0,0
14/11/2020 06:23:59,0,0,0
14/11/2020 06:24:00,0,0,0
14/11/2020 06:24:01,0,0,0
14/11/2020 06:24:02,0,0,0
14/11/2020 06:24:03,0,0,0
14/11/2020 06:24:04,0,0,0
14/11/2020 06:24:05,0,0,0
14/11/2020 06:24:06,0,0,0
14/11/2020 06:24:07,0,0,0
14/11/2020 06:24:08,0,0,0
14/11/2020 06:24:09,0,0,0
14/11/2020 06:24:10,0,0,0
14/11/2020 06:24:11,0,0,0
14/11/2020 06:24:12,0,0,0
14/11/2020 06:24:13,0,0,0
14/11/2020 06:24:14,0,0,0
14/11/2020 06:24:15,0,0,0
14/11/2020 06:24:16,0,0,0
14/11/2020 06:24:17,0,0,0
14/11/2020 06:24:18,0,0,0
14/11/2020 06:24:19,0,0,0
14/11/2020 06:24:20,0,0,0
14/11/2020 06:24:21,0,0,0
14/11/2020 06:24:22,0,0,0
14/11/2020 06:24:23,0,0,0
14/11/2020 06:24:24,0,0,0
14/11/2020 06:24:25,0,0,0
14/11/2020 06:24:26,0,0,0
14/11/2020 06:24:27,0,0,0
14/11/2020 06:24:28,0,0,0
14/11/2020 06:24:29,0,0,0
14/11/2020 06:24:30,0,0,0
14/11/2020 06:24:31,0,0,0
14/11/2020 06:24:32,0,0,0
14/11/2020 06:24:33,0,0,0
14/11/2020 06:24:34,0,0,0
14/11/2020 06:24:35,0,0,0
14/11/2020 06:24:36,0,0,0
14/11/2020 06:24:37,0,0,0
14/11/2020 06:24:38,0,0,0
14/11/2020 06:24:39,0,0,0
14/11/2020 06:24:40,0,0,0
14/11/2020 06:24:41,0,0,0
14/11/2020 06:24:42,0,0,0
14/11/2020 06:24:43,0,0,0
14/11/2020 06:24:44,0,0,0
14/11/2020 06:24:45,0,0,0
14/11/2020 06:24:46,0,0,0
14/11/2020 06:24:47,0,0,0
14/11/2020 06:24:48,0,0,0
14/11/2020 06:24:49,0,0,0
14/11/2020 06:24:50,0,0,0
14/11/2020 06:24:51,0,0,0
14/11/2020 06:24:52,0,0,0
14/11/2020 06:24:53,0,0,0
14/11/2020 06:24:54,0,0,0
14/11/2020 06:24:55,0,0,0
14/11/2020 06:24:56,0,0,0
14/11/2020 06:24:57,0,0,0
14/11/2020 06:24:58,0,0,0
14/11/2020 06:24:59,0,0,0
14/11/2020 06:25:00,0,0,0
14/11/2020 06:25:01,0,0,0
14/11/2020 06:25:02,0,0,0
14/11/2020 06:25:03,0,0,0
14/11/2020 06:25:04,0,0,0
14/11/2020 06:25:05,0,0,0
14/11/2020 06:25:06,0,0,0
14/11/2020 06:25:07,0,0,0
14/11/2020 06:25:08,0,0,0
14/11/2020 06:25:09,0,0,0
14/11/2020 06:25:10,0,0,0
14/11/2020 06:25:11,0,0,0
14/11/2020 06:25:12,0,0,0
14/11/2020 06:25:13,0,0,0
14/11/2020 06:25:14,0,0,0
14/11/2020 06:25:15,0,0,0
14/11/2020 06:25:16,0,0,0
14/11/2020 06:25:17,0,0,0
14/11/2020 06:25:18,0,0,0
14/11/2020 06:25:19,0,0,0
14/11/2020 06:25:20,0,0,0
14/11/2020 06:25:21,0,0,0
14/11/2020 06:25:22,0,0,0
14/11/2020 06:25:23,0,0,0
14/11/2020 06:25:24,0,0,0
14/11/2020 06:25:25,0,0,0
14/11/2020 06:25:26,0,0,0
14/11/2020 06:25:27,0,0,0
14/11/2020 06:25:28,0,0,0
14/11/2020 06:25:29,0,0,0
14/11/2020 06:25:30,0,0,0
14/11/2020 06:25:31,0,0,0
14/11/2020 06:25:32,0,0,0
14/11/2020 06:25:33,0,0,0
14/11/2020 06:25:34,0,0,0
14/11/2020 06:25:35,0,0,0
14/11/2020 06:25:36,0,0,0
14/11/2020 06:25:37,0,0,0
14/11/2020 06:25:38,0,0,0
14/11/2020 06:25:39,0,0,0
14/11/2020 06:25:40,0,0,0
14/11/2020 06:25:41,0,0,0
14/11/2020 06:25:42,0,0,0
14/11/2020 06:25:43,0,0,0
14/11/2020 06:25:44,0,0,0
14/11/2020 06:25:45,0,0,0
14/11/2020 06:25:46,0,0,0
14/11/2020 06:25:47,0,0,0
14/11/2020 06:25:48,0,0,0
14/11/2020 06:25:49,0,0,0
14/11/2020 06:25:50,0,0,0
14/11/2020 06:25:51,0,0,0
14/11/2020 06:25:52,0,0,0
14/11/2020 06:25:53,0,0,0
14/11/2020 06:25:54,0,0,0
14/11/2020 06:25:55,0,0,0
14/11/2020 06:25:56,0,0,0
14/11/2020 06:25:57,0,0,0
14/11/2020 06:25:58,0,0,0
14/11/2020 06:25:59,0,0,0
14/11/2020 06:26:00,0,0,0
14/11/2020 06:26:01,0,0,0
14/11/2020 06:26:02,0,0,0
14/11/2020 06:26:03,0,0,0
14/11/2020 06:26:04,0,0,0
14/11/2020 06:26:05,0,0,0
14/11/2020 06:26:06,0,0,0
14/11/2020 06:26:07,0,0,0
14/11/2020 06:26:08,0,0,0
14/11/2020 06:26:09,0,0,0
14/11/2020 06:26:10,0,0,0
14/11/2020 06:26:11,0,0,0
14/11/2020 06:26:12,0,0,0
14/11/2020 06:26:13,0,0,0
14/11/2020 06:26:14,0,0,0
14/11/2020 06:26:15,0,0,0
14/11/2020 06:26:16,0,0,0
14/11/2020 06:26:17,0,0,0
14/11/2020 06:26:18,0,0,0
14/11/2020 06:26:19,0,0,0
14/11/2020 06:26:20,0,0,0
14/11/2020 06:26:21,0,0,0
14/11/2020 06:26:22,0,0,0
14/11/2020 06:26:23,0,0,0
14/11/2020 06:26:24,0,0,0
14/11/2020 06:26:25,0,0,0
14/11/2020 06:26:26,0,0,0
14/11/2020 06:26:27,0,0,0
14/11/2020 06:26:28,0,0,0
14/11/2020 06:26:29,0,0,0
14/11/2020 06:26:30,0,0,0
14/11/2020 06:26:31,0,0,0
14/11/2020 06:26:32,0,0,0
14/11/2020 06:26:33,0,0,0
14/11/2020 06:26:34,0,0,0
14/11/2020 06:26:35,0,0,0
14/11/2020 06:26:36,0,0,0
14/11/2020 06:26:37,0,0,0
14/11/2020 06:26:38,0,0,0
14/11/2020 06:26:39,0,0,0
14/11/2020 06:26:40,0,0,0
14/11/2020 06:26:41,0,0,0
14/11/2020 06:26:42,0,0,0
14/11/2020 06:26:43,0,0,0
14/11/2020 06:26:44,0,0,0
14/11/2020 06:26:45,0,0,0
14/11/2020 06:26:46,0,0,0
14/11/2020 06:26:47,0,0,0
14/11/2020 06:26:48,0,0,0
14/11/2020 06:26:49,0,0,0
14/11/2020 06:26:50,0,0,0
14/11/2020 06:26:51,0,0,0
14/11/2020 06:26:52,0,0,0
14/11/2020 06:26:53,0,0,0
14/11/2020 06:26:54,0,0,0
14/11/2020 06:26:55,0,0,0
14/11/2020 06:26:56,0,0,0
14/11/2020 06:26:57,0,0,0
14/11/2020 06:26:58,0,0,0
14/11/2020 06:26:59,0,0,0
14/11/2020 06:27:00,0,0,0
14/11/2020 06:27:01,0,0,0
14/11/2020 06:27:02,0,0,0
14/11/2020 06:27:03,0,0,0
14/11/2020 06:27:04,0,0,0
14/11/2020 06:27:05,0,0,0
14/11/2020 06:27:06,0,0,0
14/11/2020 06:27:07,0,0,0
14/11/2020 06:27:08,0,0,0
14/11/2020 06:27:09,0,0,0
14/11/2020 06:27:10,0,0,0
14/11/2020 06:27:11,0,0,0
14/11/2020 06:27:12,0,0,0
14/11/2020 06:27:13,0,0,0
14/11/2020 06:27:14,0,0,0
14/11/2020 06:27:15,0,0,0
14/11/2020 06:27:16,0,0,0
14/11/2020 06:27:17,0,0,0
14/11/2020 06:27:18,0,0,0
14/11/2020 06:27:19,0,0,0
14/11/2020 06:27:20,0,0,0
14/11/2020 06:27:21,0,0,0
14/11/2020 06:27:22,0,0,0
14/11/2020 06:27:23,0,0,0
14/11/2020 06:27:24,0,0,0
14/11/2020 06:27:25,0,0,0
14/11/2020 06:27:26,0,0,0
14/11/2020 06:27:27,0,0,0
14/11/2020 06:27:28,0,0,0
14/11/2020 06:27:29,0,0,0
14/11/2020 06:27:30,0,0,0
14/11/2020 06:27:31,0,0,0
14/11/2020 06:27:32,0,0,0
14/11/2020 06:27:33,0,0,0
14/11/2020 06:27:34,0,0,0
14/11/2020 06:27:35,0,0,0
14/11/2020 06:27:36,0,0,0
14/11/2020 06:27:37,0,0,0
14/11/2020 06:27:38,0,0,0
14/11/2020 06:27:39,0,0,0
14/11/2020 06:27:40,0,0,0
14/11/2020 06:27:41,0,0,0
14/11/2020 06:27:42,0,0,0
14/11/2020 06:27:43,0,0,0
14/11/2020 06:27:44,0,0,0
14/11/2020 06:27:45,0,0,0
14/11/2020 06:27:46,0,0,0
14/11/2020 06:27:47,0,0,0
14/11/2020 06:27:48,0,0,0
14/11/2020 06:27:49,0,0,0
14/11/2020 06:27:50,0,0,0
14/11/2020 06:27:51,0,0,0
14/11/2020 06:27:52,0,0,0
14/11/2020 06:27:53,0,0,0
14/11/2020 06:27:54,0,0,0
14/11/2020 06:27:55,0,0,0
14/11/2020 06:27:56,0,0,0
14/11/2020 06:27:57,0,0,0
14/11/2020 06:27:58,0,0,0
14/11/2020 06:27:59,0,0,0
14/11/2020 06:28:00,0,0,0
14/11/2020 06:28:01,0,0,0
14/11/2020 06:28:02,0,0,0
14/11/2020 06:28:03,0,0,0
14/11/2020 06:28:04,0,0,0
14/11/2020 06:28:05,0,0,0
14/11/2020 06:28:06,0,0,0
14/11/2020 06:28:07,0,0,0
14/11/2020 06:28:08,0,0,0
14/11/2020 06:28:09,0,0,0
14/11/2020 06:28:10,0,0,0
14/11/2020 06:28:11,0,0,0
14/11/2020 06:28:12,0,0,0
14/11/2020 06:28:13,0,0,0
14/11/2020 06:28:14,0,0,0
14/11/2020 06:28:15,0,0,0
14/11/2020 06:28:16,0,0,0
14/11/2020 06:28:17,0,0,0
14/11/2020 06:28:18,0,0,0
14/11/2020 06:28:19,0,0,0
14/11/2020 06:28:20,0,0,0
14/11/2020 06:28:21,0,0,0
14/11/2020 06:28:22,0,0,0
14/11/2020 06:28:23,0,0,0
14/11/2020 06:28:24,0,0,0
14/11/2020 06:28:25,0,0,0
14/11/2020 06:28:26,0,0,0
14/11/2020 06:28:27,0,0,0
14/11/2020 06:28:28,0,0,0
14/11/2020 06:28:29,0,0,0
14/11/2020 06:28:30,0,0,0
14/11/2020 06:28:31,0,0,0
14/11/2020 06:28:32,0,0,0
14/11/2020 06:28:33,0,0,0
14/11/2020 06:28:34,0,0,0
14/11/2020 06:28:35,0,0,0
14/11/2020 06:28:36,0,0,0
14/11/2020 06:28:37,0,0,0
14/11/2020 06:28:38,0,0,0
14/11/2020 06:28:39,0,0,0
14/11/2020 06:28:40,0,0,0
14/11/2020 06:28:41,0,0,0
14/11/2020 06:28:42,0,0,0
14/11/2020 06:28:43,0,0,0
14/11/2020 06:28:44,0,0,0
14/11/2020 06:28:45,0,0,0
14/11/2020 06:28:46,0,0,0
14/11/2020 06:28:47,0,0,0
14/11/2020 06:28:48,0,0,0
14/11/2020 06:28:49,0,0,0
14/11/2020 06:28:50,0,0,0
14/11/2020 06:28:51,0,0,0
14/11/2020 06:28:52,0,0,0
14/11/2020 06:28:53,0,0,0
14/11/2020 06:28:54,0,0,0
14/11/2020 06:28:55,0,0,0
14/11/2020 06:28:56,0,0,0
14/11/2020 06:28:57,0,0,0
14/11/2020 06:28:58,0,0,0
14/11/2020 06:28:59,0,0,0
14/11/2020 06:29:00,0,0,0
14/11/2020 06:29:01,0,0,0
14/11/2020 06:29:02,0,0,0
14/11/2020 06:29:03,0,0,0
14/11/2020 06:29:04,0,0,0
14/11/2020 06:29:05,0,0,0
14/11/2020 06:29:06,0,0,0
14/11/2020 06:29:07,0,0,0
14/11/2020 06:29:08,0,0,0
14/11/2020 06:29:09,0,0,0
14/11/2020 06:29:10,0,0,0
14/11/2020 06:29:11,0,0,0
14/11/2020 06:29:12,0,0,0
14/11/2020 06:29:13,0,0,0
14/11/2020 06:29:14,0,0,0
14/11/2020 06:29:15,0,0,0
14/11/2020 06:29:16,0,0,0
14/11/2020 06:29:17,0,0,0
14/11/2020 06:29:18,0,0,0
14/11/2020 06:29:19,0,0,0
14/11/2020 06:29:20,0,0,0
14/11/2020 06:29:21,0,0,0
14/11/2020 06:29:22,0,0,0
14/11/2020 06:29:23,0,0,0
14/11/2020 06:29:24,0,0,0
14/11/2020 06:29:25,0,0,0
14/11/2020 06:29:26,0,0,0
14/11/2020 06:29:27,0,0,0
14/11/2020 06:29:28,0,0,0
14/11/2020 06:29:29,0,0,0
14/11/2020 06:29:30,0,0,0
14/11/2020 06:29:31,0,0,0
14/11/2020 06:29:32,0,0,0
14/11/2020 06:29:33,0,0,0
14/11/2020 06:29:34,0,0,0
14/11/2020 06:29:35,0,0,0
14/11/2020 06:29:36,0,0,0
14/11/2020 06:29:37,0,0,0
14/11/2020 06:29:38,0,0,0
14/11/2020 06:29:39,0,0,0
14/11/2020 06:29:40,0,0,0
14/11/2020 06:29:41,0,0,0
14/11/2020 06:29:42,0,0,0
14/11/2020 06:29:43,0,0,0
14/11/2020 06:29:44,0,0,0
14/11/2020 06:29:45,0,0,0
14/11/2020 06:29:46,0,0,0
14/11/2020 06:29:47,0,0,0
14/11/2020 06:29:48,0,0,0
14/11/2020 06:29:49,0,0,0
14/11/2020 06:29:50,0,0,0
14/11/2020 06:29:51,0,0,0
14/11/2020 06:29:52,0,0,0
14/11/2020 06:29:53,0,0,0
14/11/2020 06:29:54,0,0,0
14/11/2020 06:29:55,0,0,0
14/11/2020 06:29:56,0,0,0
14/11/2020 06:29:57,0,0,0
14/11/2020 06:29:58,0,0,0
14/11/2020 06:29:59,0,0,0
14/11/2020 06:30:00,0,0,0
14/11/2020 06:30:01,0,0,0
14/11/2020 06:30:02,0,0,0
14/11/2020 06:30:03,0,0,0
14/11/2020 06:30:04,0,0,0
14/11/2020 06:30:05,0,0,0
14/11/2020 06:30:06,0,0,0
14/11/2020 06:30:07,0,0,0
14/11/2020 06:30:08,0,0,0
14/11/2020 06:30:09,0,0,0
14/11/2020 06:30:10,0,0,0
14/11/2020 06:30:11,0,0,0
14/11/2020 06:30:12,0,0,0
14/11/2020 06:30:13,0,0,0
14/11/2020 06:30:14,0,0,0
14/11/2020 06:30:15,0,0,0
14/11/2020 06:30:16,0,0,0
14/11/2020 06:30:17,0,0,0
14/11/2020 06:30:18,0,0,0
14/11/2020 06:30:19,0,0,0
14/11/2020 06:30:20,0,0,0
14/11/2020 06:30:21,0,0,0
14/11/2020 06:30:22,0,0,0
14/11/2020 06:30:23,0,0,0
14/11/2020 06:30:24,0,0,0
14/11/2020 06:30:25,0,0,0
14/11/2020 06:30:26,0,0,0
14/11/2020 06:30:27,0,0,0
14/11/2020 06:30:28,0,0,0
14/11/2020 06:30:29,0,0,0
14/11/2020 06:30:30,0,0,0
14/11/2020 06:30:31,0,0,0
14/11/2020 06:30:32,0,0,0
14/11/2020 06:30:33,0,0,0
14/11/2020 06:30:34,0,0,0
14/11/2020 06:30:35,0,0,0
14/11/2020 06:30:36,0,0,0
14/11/2020 06:30:37,0,0,0
14/11/2020 06:30:38,0,0,0
14/11/2020 06:30:39,0,0,0
14/11/2020 06:30:40,0,0,0
14/11/2020 06:30:41,0,0,0
14/11/2020 06:30:42,0,0,0
14/11/2020 06:30:43,0,0,0
14/11/2020 06:30:44,0,0,0
14/11/2020 06:30:45,0,0,0
14/11/2020 06:30:46,0,0,0
14/11/2020 06:30:47,0,0,0
14/11/2020 06:30:48,0,0,0
14/11/2020 06:30:49,0,0,0
14/11/2020 06:30:50,0,0,0
14/11/2020 06:30:51,0,0,0
14/11/2020 06:30:52,0,0,0
14/11/2020 06:30:53,0,0,0
14/11/2020 06:30:54,0,0,0
14/11/2020 06:30:55,0,0,0
14/11/2020 06:30:56,0,0,0
14/11/2020 06:30:57,0,0,0
14/11/2020 06:30:58,0,0,0
14/11/2020 06:30:59,0,0,0
14/11/2020 06:31:00,0,0,0
14/11/2020 06:31:01,0,0,0
14/11/2020 06:31:02,0,0,0
14/11/2020 06:31:03,0,0,0
14/11/2020 06:31:04,0,0,0
14/11/2020 06:31:05,0,0,0
14/11/2020 06:31:06,0,0,0
14/11/2020 06:31:07,0,0,0
14/11/2020 06:31:08,0,0,0
14/11/2020 06:31:09,0,0,0
14/11/2020 06:31:10,0,0,0
14/11/2020 06:31:11,0,0,0
14/11/2020 06:31:12,0,0,0
14/11/2020 06:31:13,0,0,0
14/11/2020 06:31:14,0,0,0
14/11/2020 06:31:15,0,0,0
14/11/2020 06:31:16,0,0,0
14/11/2020 06:31:17,0,0,0
14/11/2020 06:31:18,0,0,0
14/11/2020 06:31:19,0,0,0
14/11/2020 06:31:20,0,0,0
14/11/2020 06:31:21,0,0,0
14/11/2020 06:31:22,0,0,0
14/11/2020 06:31:23,0,0,0
14/11/2020 06:31:24,0,0,0
14/11/2020 06:31:25,0,0,0
14/11/2020 06:31:26,0,0,0
14/11/2020 06:31:27,0,0,0
14/11/2020 06:31:28,0,0,0
14/11/2020 06:31:29,0,0,0
14/11/2020 06:31:30,0,0,0
14/11/2020 06:31:31,0,0,0
14/11/2020 06:31:32,0,0,0
14/11/2020 06:31:33,0,0,0
14/11/2020 06:31:34,0,0,0
14/11/2020 06:31:35,0,0,0
14/11/2020 06:31:36,0,0,0
14/11/2020 06:31:37,0,0,0
14/11/2020 06:31:38,0,0,0
14/11/2020 06:31:39,0,0,0
14/11/2020 06:31:40,0,0,0
14/11/2020 06:31:41,0,0,0
14/11/2020 06:31:42,0,0,0
14/11/2020 06:31:43,0,0,0
14/11/2020 06:31:44,0,0,0
14/11/2020 06:31:45,0,0,0
14/11/2020 06:31:46,0,0,0
14/11/2020 06:31:47,0,0,0
14/11/2020 06:31:48,0,0,0
14/11/2020 06:31:49,0,0,0
14/11/2020 06:31:50,0,0,0
14/11/2020 06:31:51,0,0,0
14/11/2020 06:31:52,0,0,0
14/11/2020 06:31:53,0,0,0
14/11/2020 06:31:54,0,0,0
14/11/2020 06:31:55,0,0,0
14/11/2020 06:31:56,0,0,0
14/11/2020 06:31:57,0,0,0
14/11/2020 06:31:58,0,0,0
14/11/2020 06:31:59,0,0,0
14/11/2020 06:32:00,0,0,0
14/11/2020 06:32:01,0,0,0
14/11/2020 06:32:02,0,0,0
14/11/2020 06:32:03,0,0,0
14/11/2020 06:32:04,0,0,0
14/11/2020 06:32:05,0,0,0
14/11/2020 06:32:06,0,0,0
14/11/2020 06:32:07,0,0,0
14/11/2020 06:32:08,0,0,0
14/11/2020 06:32:09,0,0,0
14/11/2020 06:32:10,0,0,0
14/11/2020 06:32:11,0,0,0
14/11/2020 06:32:12,0,0,0
14/11/2020 06:32:13,0,0,0
14/11/2020 06:32:14,0,0,0
14/11/2020 06:32:15,0,0,0
14/11/2020 06:32:16,0,0,0
14/11/2020 06:32:17,0,0,0
14/11/2020 06:32:18,0,0,0
14/11/2020 06:32:19,0,0,0
14/11/2020 06:32:20,0,0,0
14/11/2020 06:32:21,0,0,0
14/11/2020 06:32:22,0,0,0
14/11/2020 06:32:23,0,0,0
14/11/2020 06:32:24,0,0,0
14/11/2020 06:32:25,0,0,0
14/11/2020 06:32:26,0,0,0
14/11/2020 06:32:27,0,0,0
14/11/2020 06:32:28,0,0,0
14/11/2020 06:32:29,0,0,0
14/11/2020 06:32:30,0,0,0
14/11/2020 06:32:31,0,0,0
14/11/2020 06:32:32,0,0,0
14/11/2020 06:32:33,0,0,0
14/11/2020 06:32:34,0,0,0
14/11/2020 06:32:35,0,0,0
14/11/2020 06:32:36,0,0,0
14/11/2020 06:32:37,0,0,0
14/11/2020 06:32:38,0,0,0
14/11/2020 06:32:39,0,0,0
14/11/2020 06:32:40,0,0,0
14/11/2020 06:32:41,0,0,0
14/11/2020 06:32:42,0,0,0
14/11/2020 06:32:43,0,0,0
14/11/2020 06:32:44,0,0,0
14/11/2020 06:32:45,0,0,0
14/11/2020 06:32:46,0,0,0
14/11/2020 06:32:47,0,0,0
14/11/2020 06:32:48,0,0,0
14/11/2020 06:32:49,0,0,0
14/11/2020 06:32:50,0,0,0
14/11/2020 06:32:51,0,0,0
14/11/2020 06:32:52,0,0,0
14/11/2020 06:32:53,0,0,0
14/11/2020 06:32:54,0,0,0
14/11/2020 06:32:55,0,0,0
14/11/2020 06:32:56,0,0,0
14/11/2020 06:32:57,0,0,0
14/11/2020 06:32:58,0,0,0
14/11/2020 06:32:59,0,0,0
14/11/2020 06:33:00,0,0,0
14/11/2020 06:33:01,0,0,0
14/11/2020 06:33:02,0,0,0
14/11/2020 06:33:03,0,0,0
14/11/2020 06:33:04,0,0,0
14/11/2020 06:33:05,0,0,0
14/11/2020 06:33:06,0,0,0
14/11/2020 06:33:07,0,0,0
14/11/2020 06:33:08,0,0,0
14/11/2020 06:33:09,0,0,0
14/11/2020 06:33:10,0,0,0
14/11/2020 06:33:11,0,0,0
14/11/2020 06:33:12,0,0,0
14/11/2020 06:33:13,0,0,0
14/11/2020 06:33:14,0,0,0
14/11/2020 06:33:15,0,0,0
14/11/2020 06:33:16,0,0,0
14/11/2020 06:33:17,0,0,0
14/11/2020 06:33:18,0,0,0
14/11/2020 06:33:19,0,0,0
14/11/2020 06:33:20,0,0,0
14/11/2020 06:33:21,0,0,0
14/11/2020 06:33:22,0,0,0
14/11/2020 06:33:23,0,0,0
14/11/2020 06:33:24,0,0,0
14/11/2020 06:33:25,0,0,0
14/11/2020 06:33:26,0,0,0
14/11/2020 06:33:27,0,0,0
14/11/2020 06:33:28,0,0,0
14/11/2020 06:33:29,0,0,0
14/11/2020 06:33:30,0,0,0
14/11/2020 06:33:31,0,0,0
14/11/2020 06:33:32,0,0,0
14/11/2020 06:33:33,0,0,0
14/11/2020 06:33:34,0,0,0
14/11/2020 06:33:35,0,0,0
14/11/2020 06:33:36,0,0,0
14/11/2020 06:33:37,0,0,0
14/11/2020 06:33:38,0,0,0
14/11/2020 06:33:39,0,0,0
14/11/2020 06:33:40,0,0,0
14/11/2020 06:33:41,0,0,0
14/11/2020 06:33:42,0,0,0
14/11/2020 06:33:43,0,0,0
14/11/2020 06:33:44,0,0,0
14/11/2020 06:33:45,0,0,0
14/11/2020 06:33:46,0,0,0
14/11/2020 06:33:47,0,0,0
14/11/2020 06:33:48,0,0,0
14/11/2020 06:33:49,0,0,0
14/11/2020 06:33:50,0,0,0
14/11/2020 06:33:51,0,0,0
14/11/2020 06:33:52,0,0,0
14/11/2020 06:33:53,0,0,0
14/11/2020 06:33:54,0,0,0
14/11/2020 06:33:55,0,0,0
14/11/2020 06:33:56,0,0,0
14/11/2020 06:33:57,0,0,0
14/11/2020 06:33:58,0,0,0
14/11/2020 06:33:59,0,0,0
14/11/2020 06:34:00,0,0,0
14/11/2020 06:34:01,0,0,0
14/11/2020 06:34:02,0,0,0
14/11/2020 06:34:03,0,0,0
14/11/2020 06:34:04,0,0,0
14/11/2020 06:34:05,0,0,0
14/11/2020 06:34:06,0,0,0
14/11/2020 06:34:07,0,0,0
14/11/2020 06:34:08,0,0,0
14/11/2020 06:34:09,0,0,0
14/11/2020 06:34:10,0,0,0
14/11/2020 06:34:11,0,0,0
14/11/2020 06:34:12,0,0,0
14/11/2020 06:34:13,0,0,0
14/11/2020 06:34:14,0,0,0
14/11/2020 06:34:15,0,0,0
14/11/2020 06:34:16,0,0,0
14/11/2020 06:34:17,0,0,0
14/11/2020 06:34:18,0,0,0
14/11/2020 06:34:19,0,0,0
14/11/2020 06:34:20,0,0,0
14/11/2020 06:34:21,0,0,0
14/11/2020 06:34:22,0,0,0
14/11/2020 06:34:23,0,0,0
14/11/2020 06:34:24,0,0,0
14/11/2020 06:34:25,0,0,0
14/11/2020 06:34:26,0,0,0
14/11/2020 06:34:27,0,0,0
14/11/2020 06:34:28,0,0,0
14/11/2020 06:34:29,0,0,0
14/11/2020 06:34:30,0,0,0
14/11/2020 06:34:31,0,0,0
14/11/2020 06:34:32,0,0,0
14/11/2020 06:34:33,0,0,0
14/11/2020 06:34:34,0,0,0
14/11/2020 06:34:35,0,0,0
14/11/2020 06:34:36,0,0,0
14/11/2020 06:34:37,0,0,0
14/11/2020 06:34:38,0,0,0
14/11/2020 06:34:39,0,0,0
14/11/2020 06:34:40,0,0,0
14/11/2020 06:34:41,0,0,0
14/11/2020 06:34:42,0,0,0
14/11/2020 06:34:43,0,0,0
14/11/2020 06:34:44,0,0,0
14/11/2020 06:34:45,0,0,0
14/11/2020 06:34:46,0,0,0
14/11/2020 06:34:47,0,0,0
14/11/2020 06:34:48,0,0,0
14/11/2020 06:34:49,0,0,0
14/11/2020 06:34:50,0,0,0
14/11/2020 06:34:51,0,0,0
14/11/2020 06:34:52,0,0,0
14/11/2020 06:34:53,0,0,0
14/11/2020 06:34:54,0,0,0
14/11/2020 06:34:55,0,0,0
14/11/2020 06:34:56,0,0,0
14/11/2020 06:34:57,0,0,0
14/11/2020 06:34:58,0,0,0
14/11/2020 06:34:59,0,0,0
14/11/2020 06:35:00,0,0,0
14/11/2020 06:35:01,0,0,0
14/11/2020 06:35:02,0,0,0
14/11/2020 06:35:03,0,0,0
14/11/2020 06:35:04,0,0,0
14/11/2020 06:35:05,0,0,0
14/11/2020 06:35:06,0,0,0
14/11/2020 06:35:07,0,0,0
14/11/2020 06:35:08,0,0,0
14/11/2020 06:35:09,0,0,0
14/11/2020 06:35:10,0,0,0
14/11/2020 06:35:11,0,0,0
14/11/2020 06:35:12,0,0,0
14/11/2020 06:35:13,0,0,0
14/11/2020 06:35:14,0,0,0
14/11/2020 06:35:15,0,0,0
14/11/2020 06:35:16,0,0,0
14/11/2020 06:35:17,0,0,0
14/11/2020 06:35:18,0,0,0
14/11/2020 06:35:19,0,0,0
14/11/2020 06:35:20,0,0,0
14/11/2020 06:35:21,0,0,0
14/11/2020 06:35:22,0,0,0
14/11/2020 06:35:23,0,0,0
14/11/2020 06:35:24,0,0,0
14/11/2020 06:35:25,0,0,0
14/11/2020 06:35:26,0,0,0
14/11/2020 06:35:27,0,0,0
14/11/2020 06:35:28,0,0,0
14/11/2020 06:35:29,0,0,0
14/11/2020 06:35:30,0,0,0
14/11/2020 06:35:31,0,0,0
14/11/2020 06:35:32,0,0,0
14/11/2020 06:35:33,0,0,0
14/11/2020 06:35:34,0,0,0
14/11/2020 06:35:35,0,0,0
14/11/2020 06:35:36,0,0,0
14/11/2020 06:35:37,0,0,0
14/11/2020 06:35:38,0,0,0
14/11/2020 06:35:39,0,0,0
14/11/2020 06:35:40,0,0,0
14/11/2020 06:35:41,0,0,0
14/11/2020 06:35:42,0,0,0
14/11/2020 06:35:43,0,0,0
14/11/2020 06:35:44,0,0,0
14/11/2020 06:35:45,0,0,0
14/11/2020 06:35:46,0,0,0
14/11/2020 06:35:47,0,0,0
14/11/2020 06:35:48,0,0,0
14/11/2020 06:35:49,0,0,0
14/11/2020 06:35:50,0,0,0
14/11/2020 06:35:51,0,0,0
14/11/2020 06:35:52,0,0,0
14/11/2020 06:35:53,0,0,0
14/11/2020 06:35:54,0,0,0
14/11/2020 06:35:55,0,0,0
14/11/2020 06:35:56,0,0,0
14/11/2020 06:35:57,0,0,0
14/11/2020 06:35:58,0,0,0
14/11/2020 06:35:59,0,0,0
14/11/2020 06:36:00,0,0,0
14/11/2020 06:36:01,0,0,0
14/11/2020 06:36:02,0,0,0
14/11/2020 06:36:03,0,0,0
14/11/2020 06:36:04,0,0,0
14/11/2020 06:36:05,0,0,0
14/11/2020 06:36:06,0,0,0
14/11/2020 06:36:07,0,0,0
14/11/2020 06:36:08,0,0,0
14/11/2020 06:36:09,0,0,0
14/11/2020 06:36:10,0,0,0
14/11/2020 06:36:11,0,0,0
14/11/2020 06:36:12,0,0,0
14/11/2020 06:36:13,0,0,0
14/11/2020 06:36:14,0,0,0
14/11/2020 06:36:15,0,0,0
14/11/2020 06:36:16,0,0,0
14/11/2020 06:36:17,0,0,0
14/11/2020 06:36:18,0,0,0
14/11/2020 06:36:19,0,0,0
14/11/2020 06:36:20,0,0,0
14/11/2020 06:36:21,0,0,0
14/11/2020 06:36:22,0,0,0
14/11/2020 06:36:23,0,0,0
14/11/2020 06:36:24,0,0,0
14/11/2020 06:36:25,0,0,0
14/11/2020 06:36:26,0,0,0
14/11/2020 06:36:27,0,0,0
14/11/2020 06:36:28,0,0,0
14/11/2020 06:36:29,0,0,0
14/11/2020 06:36:30,0,0,0
14/11/2020 06:36:31,0,0,0
14/11/2020 06:36:32,0,0,0
14/11/2020 06:36:33,0,0,0
14/11/2020 06:36:34,0,0,0
14/11/2020 06:36:35,0,0,0
14/11/2020 06:36:36,0,0,0
14/11/2020 06:36:37,0,0,0
14/11/2020 06:36:38,0,0,0
14/11/2020 06:36:39,0,0,0
14/11/2020 06:36:40,0,0,0
14/11/2020 06:36:41,0,0,0
14/11/2020 06:36:42,0,0,0
14/11/2020 06:36:43,0,0,0
14/11/2020 06:36:44,0,0,0
14/11/2020 06:36:45,0,0,0
14/11/2020 06:36:46,0,0,0
14/11/2020 06:36:47,0,0,0
14/11/2020 06:36:48,0,0,0
14/11/2020 06:36:49,0,0,0
14/11/2020 06:36:50,0,0,0
14/11/2020 06:36:51,0,0,0
14/11/2020 06:36:52,0,0,0
14/11/2020 06:36:53,0,0,0
14/11/2020 06:36:54,0,0,0
14/11/2020 06:36:55,0,0,0
14/11/2020 06:36:56,0,0,0
14/11/2020 06:36:57,0,0,0
14/11/2020 06:36:58,0,0,0
14/11/2020 06:36:59,0,0,0
14/11/2020 06:37:00,0,0,0
14/11/2020 06:37:01,0,0,0
14/11/2020 06:37:02,0,0,0
14/11/2020 06:37:03,0,0,0
14/11/2020 06:37:04,0,0,0
14/11/2020 06:37:05,0,0,0
14/11/2020 06:37:06,0,0,0
14/11/2020 06:37:07,0,0,0
14/11/2020 06:37:08,0,0,0
14/11/2020 06:37:09,0,0,0
14/11/2020 06:37:10,0,0,0
14/11/2020 06:37:11,0,0,0
14/11/2020 06:37:12,0,0,0
14/11/2020 06:37:13,0,0,0
14/11/2020 06:37:14,0,0,0
14/11/2020 06:37:15,0,0,0
14/11/2020 06:37:16,0,0,0
14/11/2020 06:37:17,0,0,0
14/11/2020 06:37:18,0,0,0
14/11/2020 06:37:19,0,0,0
14/11/2020 06:37:20,0,0,0
14/11/2020 06:37:21,0,0,0
14/11/2020 06:37:22,0,0,0
14/11/2020 06:37:23,0,0,0
14/11/2020 06:37:24,0,0,0
14/11/2020 06:37:25,0,0,0
14/11/2020 06:37:26,0,0,0
14/11/2020 06:37:27,0,0,0
14/11/2020 06:37:28,0,0,0
14/11/2020 06:37:29,0,0,0
14/11/2020 06:37:30,0,0,0
14/11/2020 06:37:31,0,0,0
14/11/2020 06:37:32,0,0,0
14/11/2020 06:37:33,0,0,0
14/11/2020 06:37:34,0,0,0
14/11/2020 06:37:35,0,0,0
14/11/2020 06:37:36,0,0,0
14/11/2020 06:37:37,0,0,0
14/11/2020 06:37:38,0,0,0
14/11/2020 06:37:39,0,0,0
14/11/2020 06:37:40,0,0,0
14/11/2020 06:37:41,0,0,0
14/11/2020 06:37:42,0,0,0
14/11/2020 06:37:43,0,0,0
14/11/2020 06:37:44,0,0,0
14/11/2020 06:37:45,0,0,0
14/11/2020 06:37:46,0,0,0
14/11/2020 06:37:47,0,0,0
14/11/2020 06:37:48,0,0,0
14/11/2020 06:37:49,0,0,0
14/11/2020 06:37:50,0,0,0
14/11/2020 06:37:51,0,0,0
14/11/2020 06:37:52,0,0,0
14/11/2020 06:37:53,0,0,0
14/11/2020 06:37:54,0,0,0
14/11/2020 06:37:55,0,0,0
14/11/2020 06:37:56,0,0,0
14/11/2020 06:37:57,0,0,0
14/11/2020 06:37:58,0,0,0
14/11/2020 06:37:59,0,0,0
14/11/2020 06:38:00,0,0,0
14/11/2020 06:38:01,0,0,0
14/11/2020 06:38:02,0,0,0
14/11/2020 06:38:03,0,0,0
14/11/2020 06:38:04,0,0,0
14/11/2020 06:38:05,0,0,0
14/11/2020 06:38:06,0,0,0
14/11/2020 06:38:07,0,0,0
14/11/2020 06:38:08,0,0,0
14/11/2020 06:38:09,0,0,0
14/11/2020 06:38:10,0,0,0
14/11/2020 06:38:11,0,0,0
14/11/2020 06:38:12,0,0,0
14/11/2020 06:38:13,0,0,0
14/11/2020 06:38:14,0,0,0
14/11/2020 06:38:15,0,0,0
14/11/2020 06:38:16,0,0,0
14/11/2020 06:38:17,0,0,0
14/11/2020 06:38:18,0,0,0
14/11/2020 06:38:19,0,0,0
14/11/2020 06:38:20,0,0,0
14/11/2020 06:38:21,0,0,0
14/11/2020 06:38:22,0,0,0
14/11/2020 06:38:23,0,0,0
14/11/2020 06:38:24,0,0,0
14/11/2020 06:38:25,0,0,0
14/11/2020 06:38:26,0,0,0
14/11/2020 06:38:27,0,0,0
14/11/2020 06:38:28,0,0,0
14/11/2020 06:38:29,0,0,0
14/11/2020 06:38:30,0,0,0
14/11/2020 06:38:31,0,0,0
14/11/2020 06:38:32,0,0,0
14/11/2020 06:38:33,0,0,0
14/11/2020 06:38:34,0,0,0
14/11/2020 06:38:35,0,0,0
14/11/2020 06:38:36,0,0,0
14/11/2020 06:38:37,0,0,0
14/11/2020 06:38:38,0,0,0
14/11/2020 06:38:39,0,0,0
14/11/2020 06:38:40,0,0,0
14/11/2020 06:38:41,0,0,0
14/11/2020 06:38:42,0,0,0
14/11/2020 06:38:43,0,0,0
14/11/2020 06:38:44,0,0,0
14/11/2020 06:38:45,0,0,0
14/11/2020 06:38:46,0,0,0
14/11/2020 06:38:47,0,0,0
14/11/2020 06:38:48,0,0,0
14/11/2020 06:38:49,0,0,0
14/11/2020 06:38:50,0,0,0
14/11/2020 06:38:51,0,0,0
14/11/2020 06:38:52,0,0,0
14/11/2020 06:38:53,0,0,0
14/11/2020 06:38:54,0,0,0
14/11/2020 06:38:55,0,0,0
14/11/2020 06:38:56,0,0,0
14/11/2020 06:38:57,0,0,0
14/11/2020 06:38:58,0,0,0
14/11/2020 06:38:59,0,0,0
14/11/2020 06:39:00,0,0,0
14/11/2020 06:39:01,0,0,0
14/11/2020 06:39:02,0,0,0
14/11/2020 06:39:03,0,0,0
14/11/2020 06:39:04,0,0,0
14/11/2020 06:39:05,0,0,0
14/11/2020 06:39:06,0,0,0
14/11/2020 06:39:07,0,0,0
14/11/2020 06:39:08,0,0,0
14/11/2020 06:39:09,0,0,0
14/11/2020 06:39:10,0,0,0
14/11/2020 06:39:11,0,0,0
14/11/2020 06:39:12,0,0,0
14/11/2020 06:39:13,0,0,0
14/11/2020 06:39:14,0,0,0
14/11/2020 06:39:15,0,0,0
14/11/2020 06:39:16,0,0,0
14/11/2020 06:39:17,0,0,0
14/11/2020 06:39:18,0,0,0
14/11/2020 06:39:19,0,0,0
14/11/2020 06:39:20,0,0,0
14/11/2020 06:39:21,0,0,0
14/11/2020 06:39:22,0,0,0
14/11/2020 06:39:23,0,0,0
14/11/2020 06:39:24,0,0,0
14/11/2020 06:39:25,0,0,0
14/11/2020 06:39:26,0,0,0
14/11/2020 06:39:27,0,0,0
14/11/2020 06:39:28,0,0,0
14/11/2020 06:39:29,0,0,0
14/11/2020 06:39:30,0,0,0
14/11/2020 06:39:31,0,0,0
14/11/2020 06:39:32,0,0,0
14/11/2020 06:39:33,0,0,0
14/11/2020 06:39:34,0,0,0
14/11/2020 06:39:35,0,0,0
14/11/2020 06:39:36,0,0,0
14/11/2020 06:39:37,0,0,0
14/11/2020 06:39:38,0,0,0
14/11/2020 06:39:39,0,0,0
14/11/2020 06:39:40,0,0,0
14/11/2020 06:39:41,0,0,0
14/11/2020 06:39:42,0,0,0
14/11/2020 06:39:43,0,0,0
14/11/2020 06:39:44,0,0,0
14/11/2020 06:39:45,0,0,0
14/11/2020 06:39:46,0,0,0
14/11/2020 06:39:47,0,0,0
14/11/2020 06:39:48,0,0,0
14/11/2020 06:39:49,0,0,0
14/11/2020 06:39:50,0,0,0
14/11/2020 06:39:51,0,0,0
14/11/2020 06:39:52,0,0,0
14/11/2020 06:39:53,0,0,0
14/11/2020 06:39:54,0,0,0
14/11/2020 06:39:55,0,0,0
14/11/2020 06:39:56,0,0,0
14/11/2020 06:39:57,0,0,0
14/11/2020 06:39:58,0,0,0
14/11/2020 06:39:59,0,0,0
14/11/2020 06:40:00,0,0,0
14/11/2020 06:40:01,0,0,0
14/11/2020 06:40:02,0,0,0
14/11/2020 06:40:03,0,0,0
14/11/2020 06:40:04,0,0,0
14/11/2020 06:40:05,0,0,0
14/11/2020 06:40:06,0,0,0
14/11/2020 06:40:07,0,0,0
14/11/2020 06:40:08,0,0,0
14/11/2020 06:40:09,0,0,0
14/11/2020 06:40:10,0,0,0
14/11/2020 06:40:11,0,0,0
14/11/2020 06:40:12,0,0,0
14/11/2020 06:40:13,0,0,0
14/11/2020 06:40:14,0,0,0
14/11/2020 06:40:15,0,0,0
14/11/2020 06:40:16,0,0,0
14/11/2020 06:40:17,0,0,0
14/11/2020 06:40:18,0,0,0
14/11/2020 06:40:19,0,0,0
14/11/2020 06:40:20,0,0,0
14/11/2020 06:40:21,0,0,0
14/11/2020 06:40:22,0,0,0
14/11/2020 06:40:23,0,0,0
14/11/2020 06:40:24,0,0,0
14/11/2020 06:40:25,0,0,0
14/11/2020 06:40:26,0,0,0
14/11/2020 06:40:27,0,0,0
14/11/2020 06:40:28,0,0,0
14/11/2020 06:40:29,0,0,0
14/11/2020 06:40:30,0,0,0
14/11/2020 06:40:31,0,0,0
14/11/2020 06:40:32,0,0,0
14/11/2020 06:40:33,0,0,0
14/11/2020 06:40:34,0,0,0
14/11/2020 06:40:35,0,0,0
14/11/2020 06:40:36,0,0,0
14/11/2020 06:40:37,0,0,0
14/11/2020 06:40:38,0,0,0
14/11/2020 06:40:39,0,0,0
14/11/2020 06:40:40,0,0,0
14/11/2020 06:40:41,0,0,0
14/11/2020 06:40:42,0,0,0
14/11/2020 06:40:43,0,0,0
14/11/2020 06:40:44,0,0,0
14/11/2020 06:40:45,0,0,0
14/11/2020 06:40:46,0,0,0
14/11/2020 06:40:47,0,0,0
14/11/2020 06:40:48,0,0,0
14/11/2020 06:40:49,0,0,0
14/11/2020 06:40:50,0,0,0
14/11/2020 06:40:51,0,0,0
14/11/2020 06:40:52,0,0,0
14/11/2020 06:40:53,0,0,0
14/11/2020 06:40:54,0,0,0
14/11/2020 06:40:55,0,0,0
14/11/2020 06:40:56,0,0,0
14/11/2020 06:40:57,0,0,0
14/11/2020 06:40:58,0,0,0
14/11/2020 06:40:59,0,0,0
14/11/2020 06:41:00,0,0,0
14/11/2020 06:41:01,0,0,0
14/11/2020 06:41:02,0,0,0
14/11/2020 06:41:03,0,0,0
14/11/2020 06:41:04,0,0,0
14/11/2020 06:41:05,0,0,0
14/11/2020 06:41:06,0,0,0
14/11/2020 06:41:07,0,0,0
14/11/2020 06:41:08,0,0,0
14/11/2020 06:41:09,0,0,0
14/11/2020 06:41:10,0,0,0
14/11/2020 06:41:11,0,0,0
14/11/2020 06:41:12,0,0,0
14/11/2020 06:41:13,0,0,0
14/11/2020 06:41:14,0,0,0
14/11/2020 06:41:15,0,0,0
14/11/2020 06:41:16,0,0,0
14/11/2020 06:41:17,0,0,0
14/11/2020 06:41:18,0,0,0
14/11/2020 06:41:19,0,0,0
14/11/2020 06:41:20,0,0,0
14/11/2020 06:41:21,0,0,0
14/11/2020 06:41:22,0,0,0
14/11/2020 06:41:23,0,0,0
14/11/2020 06:41:24,0,0,0
14/11/2020 06:41:25,0,0,0
14/11/2020 06:41:26,0,0,0
14/11/2020 06:41:27,0,0,0
14/11/2020 06:41:28,0,0,0
14/11/2020 06:41:29,0,0,0
14/11/2020 06:41:30,0,0,0
14/11/2020 06:41:31,0,0,0
14/11/2020 06:41:32,0,0,0
14/11/2020 06:41:33,0,0,0
14/11/2020 06:41:34,0,0,0
14/11/2020 06:41:35,0,0,0
14/11/2020 06:41:36,0,0,0
14/11/2020 06:41:37,0,0,0
14/11/2020 06:41:38,0,0,0
14/11/2020 06:41:39,0,0,0
14/11/2020 06:41:40,0,0,0
14/11/2020 06:41:41,0,0,0
14/11/2020 06:41:42,0,0,0
14/11/2020 06:41:43,0,0,0
14/11/2020 06:41:44,0,0,0
14/11/2020 06:41:45,0,0,0
14/11/2020 06:41:46,0,0,0
14/11/2020 06:41:47,0,0,0
14/11/2020 06:41:48,0,0,0
14/11/2020 06:41:49,0,0,0
14/11/2020 06:41:50,0,0,0
14/11/2020 06:41:51,0,0,0
14/11/2020 06:41:52,0,0,0
14/11/2020 06:41:53,0,0,0
14/11/2020 06:41:54,0,0,0
14/11/2020 06:41:55,0,0,0
14/11/2020 06:41:56,0,0,0
14/11/2020 06:41:57,0,0,0
14/11/2020 06:41:58,0,0,0
14/11/2020 06:41:59,0,0,0
14/11/2020 06:42:00,0,0,0
14/11/2020 06:42:01,0,0,0
14/11/2020 06:42:02,0,0,0
14/11/2020 06:42:03,0,0,0
14/11/2020 06:42:04,0,0,0
14/11/2020 06:42:05,0,0,0
14/11/2020 06:42:06,0,0,0
14/11/2020 06:42:07,0,0,0
14/11/2020 06:42:08,0,0,0
14/11/2020 06:42:09,0,0,0
14/11/2020 06:42:10,0,0,0
14/11/2020 06:42:11,0,0,0
14/11/2020 06:42:12,0,0,0
14/11/2020 06:42:13,0,0,0
14/11/2020 06:42:14,0,0,0
14/11/2020 06:42:15,0,0,0
14/11/2020 06:42:16,0,0,0
14/11/2020 06:42:17,0,0,0
14/11/2020 06:42:18,0,0,0
14/11/2020 06:42:19,0,0,0
14/11/2020 06:42:20,0,0,0
14/11/2020 06:42:21,0,0,0
14/11/2020 06:42:22,0,0,0
14/11/2020 06:42:23,0,0,0
14/11/2020 06:42:24,0,0,0
14/11/2020 06:42:25,0,0,0
14/11/2020 06:42:26,0,0,0
14/11/2020 06:42:27,0,0,0
14/11/2020 06:42:28,0,0,0
14/11/2020 06:42:29,0,0,0
14/11/2020 06:42:30,0,0,0
14/11/2020 06:42:31,0,0,0
14/11/2020 06:42:32,0,0,0
14/11/2020 06:42:33,0,0,0
14/11/2020 06:42:34,0,0,0
14/11/2020 06:42:35,0,0,0
14/11/2020 06:42:36,0,0,0
14/11/2020 06:42:37,0,0,0
14/11/2020 06:42:38,0,0,0
14/11/2020 06:42:39,0,0,0
14/11/2020 06:42:40,0,0,0
14/11/2020 06:42:41,0,0,0
14/11/2020 06:42:42,0,0,0
14/11/2020 06:42:43,0,0,0
14/11/2020 06:42:44,0,0,0
14/11/2020 06:42:45,0,0,0
14/11/2020 06:42:46,0,0,0
14/11/2020 06:42:47,0,0,0
14/11/2020 06:42:48,0,0,0
14/11/2020 06:42:49,0,0,0
14/11/2020 06:42:50,0,0,0
14/11/2020 06:42:51,0,0,0
14/11/2020 06:42:52,0,0,0
14/11/2020 06:42:53,0,0,0
14/11/2020 06:42:54,0,0,0
14/11/2020 06:42:55,0,0,0
14/11/2020 06:42:56,0,0,0
14/11/2020 06:42:57,0,0,0
14/11/2020 06:42:58,0,0,0
14/11/2020 06:42:59,0,0,0
14/11/2020 06:43:00,0,0,0
14/11/2020 06:43:01,0,0,0
14/11/2020 06:43:02,0,0,0
14/11/2020 06:43:03,0,0,0
14/11/2020 06:43:04,0,0,0
14/11/2020 06:43:05,0,0,0
14/11/2020 06:43:06,0,0,0
14/11/2020 06:43:07,0,0,0
14/11/2020 06:43:08,0,0,0
14/11/2020 06:43:09,0,0,0
14/11/2020 06:43:10,0,0,0
14/11/2020 06:43:11,0,0,0
14/11/2020 06:43:12,0,0,0
14/11/2020 06:43:13,0,0,0
14/11/2020 06:43:14,0,0,0
14/11/2020 06:43:15,0,0,0
14/11/2020 06:43:16,0,0,0
14/11/2020 06:43:17,0,0,0
14/11/2020 06:43:18,0,0,0
14/11/2020 06:43:19,0,0,0
14/11/2020 06:43:20,0,0,0
14/11/2020 06:43:21,0,0,0
14/11/2020 06:43:22,0,0,0
14/11/2020 06:43:23,0,0,0
14/11/2020 06:43:24,0,0,0
14/11/2020 06:43:25,0,0,0
14/11/2020 06:43:26,0,0,0
14/11/2020 06:43:27,0,0,0
14/11/2020 06:43:28,0,0,0
14/11/2020 06:43:29,0,0,0
14/11/2020 06:43:30,0,0,0
14/11/2020 06:43:31,0,0,0
14/11/2020 06:43:32,0,0,0
14/11/2020 06:43:33,0,0,0
14/11/2020 06:43:34,0,0,0
14/11/2020 06:43:35,0,0,0
14/11/2020 06:43:36,0,0,0
14/11/2020 06:43:37,0,0,0
14/11/2020 06:43:38,0,0,0
14/11/2020 06:43:39,0,0,0
14/11/2020 06:43:40,0,0,0
14/11/2020 06:43:41,0,0,0
14/11/2020 06:43:42,0,0,0
14/11/2020 06:43:43,0,0,0
14/11/2020 06:43:44,0,0,0
14/11/2020 06:43:45,0,0,0
14/11/2020 06:43:46,0,0,0
14/11/2020 06:43:47,0,0,0
14/11/2020 06:43:48,0,0,0
14/11/2020 06:43:49,0,0,0
14/11/2020 06:43:50,0,0,0
14/11/2020 06:43:51,0,0,0
14/11/2020 06:43:52,0,0,0
14/11/2020 06:43:53,0,0,0
14/11/2020 06:43:54,0,0,0
14/11/2020 06:43:55,0,0,0
14/11/2020 06:43:56,0,0,0
14/11/2020 06:43:57,0,0,0
14/11/2020 06:43:58,0,0,0
14/11/2020 06:43:59,0,0,0
14/11/2020 06:44:00,0,0,0
14/11/2020 06:44:01,0,0,0
14/11/2020 06:44:02,0,0,0
14/11/2020 06:44:03,0,0,0
14/11/2020 06:44:04,0,0,0
14/11/2020 06:44:05,0,0,0
14/11/2020 06:44:06,0,0,0
14/11/2020 06:44:07,0,0,0
14/11/2020 06:44:08,0,0,0
14/11/2020 06:44:09,0,0,0
14/11/2020 06:44:10,0,0,0
14/11/2020 06:44:11,0,0,0
14/11/2020 06:44:12,0,0,0
14/11/2020 06:44:13,0,0,0
14/11/2020 06:44:14,0,0,0
14/11/2020 06:44:15,0,0,0
14/11/2020 06:44:16,0,0,0
14/11/2020 06:44:17,0,0,0
14/11/2020 06:44:18,0,0,0
14/11/2020 06:44:19,0,0,0
14/11/2020 06:44:20,0,0,0
14/11/2020 06:44:21,0,0,0
14/11/2020 06:44:22,0,0,0
14/11/2020 06:44:23,0,0,0
14/11/2020 06:44:24,0,0,0
14/11/2020 06:44:25,0,0,0
14/11/2020 06:44:26,0,0,0
14/11/2020 06:44:27,0,0,0
14/11/2020 06:44:28,0,0,0
14/11/2020 06:44:29,0,0,0
14/11/2020 06:44:30,0,0,0
14/11/2020 06:44:31,0,0,0
14/11/2020 06:44:32,0,0,0
14/11/2020 06:44:33,0,0,0
14/11/2020 06:44:34,0,0,0
14/11/2020 06:44:35,0,0,0
14/11/2020 06:44:36,0,0,0
14/11/2020 06:44:37,0,0,0
14/11/2020 06:44:38,0,0,0
14/11/2020 06:44:39,0,0,0
14/11/2020 06:44:40,0,0,0
14/11/2020 06:44:41,0,0,0
14/11/2020 06:44:42,0,0,0
14/11/2020 06:44:43,0,0,0
14/11/2020 06:44:44,0,0,0
14/11/2020 06:44:45,0,0,0
14/11/2020 06:44:46,0,0,0
14/11/2020 06:44:47,0,0,0
14/11/2020 06:44:48,0,0,0
14/11/2020 06:44:49,0,0,0
14/11/2020 06:44:50,0,0,0
14/11/2020 06:44:51,0,0,0
14/11/2020 06:44:52,0,0,0
14/11/2020 06:44:53,0,0,0
14/11/2020 06:44:54,0,0,0
14/11/2020 06:44:55,0,0,0
14/11/2020 06:44:56,0,0,0
14/11/2020 06:44:57,0,0,0
14/11/2020 06:44:58,0,0,0
14/11/2020 06:44:59,0,0,0
14/11/2020 06:45:00,0,0,0
14/11/2020 06:45:01,0,0,0
14/11/2020 06:45:02,0,0,0
14/11/2020 06:45:03,0,0,0
14/11/2020 06:45:04,0,0,0
14/11/2020 06:45:05,0,0,0
14/11/2020 06:45:06,0,0,0
14/11/2020 06:45:07,0,0,0
14/11/2020 06:45:08,0,0,0
14/11/2020 06:45:09,0,0,0
14/11/2020 06:45:10,0,0,0
14/11/2020 06:45:11,0,0,0
14/11/2020 06:45:12,0,0,0
14/11/2020 06:45:13,0,0,0
14/11/2020 06:45:14,0,0,0
14/11/2020 06:45:15,0,0,0
14/11/2020 06:45:16,0,0,0
14/11/2020 06:45:17,0,0,0
14/11/2020 06:45:18,0,0,0
14/11/2020 06:45:19,0,0,0
14/11/2020 06:45:20,0,0,0
14/11/2020 06:45:21,0,0,0
14/11/2020 06:45:22,0,0,0
14/11/2020 06:45:23,0,0,0
14/11/2020 06:45:24,0,0,0
14/11/2020 06:45:25,0,0,0
14/11/2020 06:45:26,0,0,0
14/11/2020 06:45:27,0,0,0
14/11/2020 06:45:28,0,0,0
14/11/2020 06:45:29,0,0,0
14/11/2020 06:45:30,0,0,0
14/11/2020 06:45:31,0,0,0
14/11/2020 06:45:32,0,0,0
14/11/2020 06:45:33,0,0,0
14/11/2020 06:45:34,0,0,0
14/11/2020 06:45:35,0,0,0
14/11/2020 06:45:36,0,0,0
14/11/2020 06:45:37,0,0,0
14/11/2020 06:45:38,0,0,0
14/11/2020 06:45:39,0,0,0
14/11/2020 06:45:40,0,0,0
14/11/2020 06:45:41,0,0,0
14/11/2020 06:45:42,0,0,0
14/11/2020 06:45:43,0,0,0
14/11/2020 06:45:44,0,0,0
14/11/2020 06:45:45,0,0,0
14/11/2020 06:45:46,0,0,0
14/11/2020 06:45:47,0,0,0
14/11/2020 06:45:48,0,0,0
14/11/2020 06:45:49,0,0,0
14/11/2020 06:45:50,0,0,0
14/11/2020 06:45:51,0,0,0
14/11/2020 06:45:52,0,0,0
14/11/2020 06:45:53,0,0,0
14/11/2020 06:45:54,0,0,0
14/11/2020 06:45:55,0,0,0
14/11/2020 06:45:56,0,0,0
14/11/2020 06:45:57,0,0,0
14/11/2020 06:45:58,0,0,0
14/11/2020 06:45:59,0,0,0
14/11/2020 06:46:00,0,0,0
14/11/2020 06:46:01,0,0,0
14/11/2020 06:46:02,0,0,0
14/11/2020 06:46:03,0,0,0
14/11/2020 06:46:04,0,0,0
14/11/2020 06:46:05,0,0,0
14/11/2020 06:46:06,0,0,0
14/11/2020 06:46:07,0,0,0
14/11/2020 06:46:08,0,0,0
14/11/2020 06:46:09,0,0,0
14/11/2020 06:46:10,0,0,0
14/11/2020 06:46:11,0,0,0
14/11/2020 06:46:12,0,0,0
14/11/2020 06:46:13,0,0,0
14/11/2020 06:46:14,0,0,0
14/11/2020 06:46:15,0,0,0
14/11/2020 06:46:16,0,0,0
14/11/2020 06:46:17,0,0,0
14/11/2020 06:46:18,0,0,0
14/11/2020 06:46:19,0,0,0
14/11/2020 06:46:20,0,0,0
14/11/2020 06:46:21,0,0,0
14/11/2020 06:46:22,0,0,0
14/11/2020 06:46:23,0,0,0
14/11/2020 06:46:24,0,0,0
14/11/2020 06:46:25,0,0,0
14/11/2020 06:46:26,0,0,0
14/11/2020 06:46:27,0,0,0
14/11/2020 06:46:28,0,0,0
14/11/2020 06:46:29,0,0,0
14/11/2020 06:46:30,0,0,0
14/11/2020 06:46:31,0,0,0
14/11/2020 06:46:32,0,0,0
14/11/2020 06:46:33,0,0,0
14/11/2020 06:46:34,0,0,0
14/11/2020 06:46:35,0,0,0
14/11/2020 06:46:36,0,0,0
14/11/2020 06:46:37,0,0,0
14/11/2020 06:46:38,0,0,0
14/11/2020 06:46:39,0,0,0
14/11/2020 06:46:40,0,0,0
14/11/2020 06:46:41,0,0,0
14/11/2020 06:46:42,0,0,0
14/11/2020 06:46:43,0,0,0
14/11/2020 06:46:44,0,0,0
14/11/2020 06:46:45,0,0,0
14/11/2020 06:46:46,0,0,0
14/11/2020 06:46:47,0,0,0
14/11/2020 06:46:48,0,0,0
14/11/2020 06:46:49,0,0,0
14/11/2020 06:46:50,0,0,0
14/11/2020 06:46:51,0,0,0
14/11/2020 06:46:52,0,0,0
14/11/2020 06:46:53,0,0,0
14/11/2020 06:46:54,0,0,0
14/11/2020 06:46:55,0,0,0
14/11/2020 06:46:56,0,0,0
14/11/2020 06:46:57,0,0,0
14/11/2020 06:46:58,0,0,0
14/11/2020 06:46:59,0,0,0
14/11/2020 06:47:00,0,0,0
14/11/2020 06:47:01,0,0,0
14/11/2020 06:47:02,0,0,0
14/11/2020 06:47:03,0,0,0
14/11/2020 06:47:04,0,0,0
14/11/2020 06:47:05,0,0,0
14/11/2020 06:47:06,0,0,0
14/11/2020 06:47:07,0,0,0
14/11/2020 06:47:08,0,0,0
14/11/2020 06:47:09,0,0,0
14/11/2020 06:47:10,0,0,0
14/11/2020 06:47:11,0,0,0
14/11/2020 06:47:12,0,0,0
14/11/2020 06:47:13,0,0,0
14/11/2020 06:47:14,0,0,0
14/11/2020 06:47:15,0,0,0
14/11/2020 06:47:16,0,0,0
14/11/2020 06:47:17,0,0,0
14/11/2020 06:47:18,0,0,0
14/11/2020 06:47:19,0,0,0
14/11/2020 06:47:20,0,0,0
14/11/2020 06:47:21,0,0,0
14/11/2020 06:47:22,0,0,0
14/11/2020 06:47:23,0,0,0
14/11/2020 06:47:24,0,0,0
14/11/2020 06:47:25,0,0,0
14/11/2020 06:47:26,0,0,0
14/11/2020 06:47:27,0,0,0
14/11/2020 06:47:28,0,0,0
14/11/2020 06:47:29,0,0,0
14/11/2020 06:47:30,0,0,0
14/11/2020 06:47:31,0,0,0
14/11/2020 06:47:32,0,0,0
14/11/2020 06:47:33,0,0,0
14/11/2020 06:47:34,0,0,0
14/11/2020 06:47:35,0,0,0
14/11/2020 06:47:36,0,0,0
14/11/2020 06:47:37,0,0,0
14/11/2020 06:47:38,0,0,0
14/11/2020 06:47:39,0,0,0
14/11/2020 06:47:40,0,0,0
14/11/2020 06:47:41,0,0,0
14/11/2020 06:47:42,0,0,0
14/11/2020 06:47:43,0,0,0
14/11/2020 06:47:44,0,0,0
14/11/2020 06:47:45,0,0,0
14/11/2020 06:47:46,0,0,0
14/11/2020 06:47:47,0,0,0
14/11/2020 06:47:48,0,0,0
14/11/2020 06:47:49,0,0,0
14/11/2020 06:47:50,0,0,0
14/11/2020 06:47:51,0,0,0
14/11/2020 06:47:52,0,0,0
14/11/2020 06:47:53,0,0,0
14/11/2020 06:47:54,0,0,0
14/11/2020 06:47:55,0,0,0
14/11/2020 06:47:56,0,0,0
14/11/2020 06:47:57,0,0,0
14/11/2020 06:47:58,0,0,0
14/11/2020 06:47:59,0,0,0
14/11/2020 06:48:00,0,0,0
14/11/2020 06:48:01,0,0,0
14/11/2020 06:48:02,0,0,0
14/11/2020 06:48:03,0,0,0
14/11/2020 06:48:04,0,0,0
14/11/2020 06:48:05,0,0,0
14/11/2020 06:48:06,0,0,0
14/11/2020 06:48:07,0,0,0
14/11/2020 06:48:08,0,0,0
14/11/2020 06:48:09,0,0,0
14/11/2020 06:48:10,0,0,0
14/11/2020 06:48:11,0,0,0
14/11/2020 06:48:12,0,0,0
14/11/2020 06:48:13,0,0,0
14/11/2020 06:48:14,0,0,0
14/11/2020 06:48:15,0,0,0
14/11/2020 06:48:16,0,0,0
14/11/2020 06:48:17,0,0,0
14/11/2020 06:48:18,0,0,0
14/11/2020 06:48:19,0,0,0
14/11/2020 06:48:20,0,0,0
14/11/2020 06:48:21,0,0,0
14/11/2020 06:48:22,0,0,0
14/11/2020 06:48:23,0,0,0
14/11/2020 06:48:24,0,0,0
14/11/2020 06:48:25,0,0,0
14/11/2020 06:48:26,0,0,0
14/11/2020 06:48:27,0,0,0
14/11/2020 06:48:28,0,0,0
14/11/2020 06:48:29,0,0,0
14/11/2020 06:48:30,0,0,0
14/11/2020 06:48:31,0,0,0
14/11/2020 06:48:32,0,0,0
14/11/2020 06:48:33,0,0,0
14/11/2020 06:48:34,0,0,0
14/11/2020 06:48:35,0,0,0
14/11/2020 06:48:36,0,0,0
14/11/2020 06:48:37,0,0,0
14/11/2020 06:48:38,0,0,0
14/11/2020 06:48:39,0,0,0
14/11/2020 06:48:40,0,0,0
14/11/2020 06:48:41,0,0,0
14/11/2020 06:48:42,0,0,0
14/11/2020 06:48:43,0,0,0
14/11/2020 06:48:44,0,0,0
14/11/2020 06:48:45,0,0,0
14/11/2020 06:48:46,0,0,0
14/11/2020 06:48:47,0,0,0
14/11/2020 06:48:48,0,0,0
14/11/2020 06:48:49,0,0,0
14/11/2020 06:48:50,0,0,0
14/11/2020 06:48:51,0,0,0
14/11/2020 06:48:52,0,0,0
14/11/2020 06:48:53,0,0,0
14/11/2020 06:48:54,0,0,0
14/11/2020 06:48:55,0,0,0
14/11/2020 06:48:56,0,0,0
14/11/2020 06:48:57,0,0,0
14/11/2020 06:48:58,0,0,0
14/11/2020 06:48:59,0,0,0
14/11/2020 06:49:00,0,0,0
14/11/2020 06:49:01,0,0,0
14/11/2020 06:49:02,0,0,0
14/11/2020 06:49:03,0,0,0
14/11/2020 06:49:04,0,0,0
14/11/2020 06:49:05,0,0,0
14/11/2020 06:49:06,0,0,0
14/11/2020 06:49:07,0,0,0
14/11/2020 06:49:08,0,0,0
14/11/2020 06:49:09,0,0,0
14/11/2020 06:49:10,0,0,0
14/11/2020 06:49:11,0,0,0
14/11/2020 06:49:12,0,0,0
14/11/2020 06:49:13,0,0,0
14/11/2020 06:49:14,0,0,0
14/11/2020 06:49:15,0,0,0
14/11/2020 06:49:16,0,0,0
14/11/2020 06:49:17,0,0,0
14/11/2020 06:49:18,0,0,0
14/11/2020 06:49:19,0,0,0
14/11/2020 06:49:20,0,0,0
14/11/2020 06:49:21,0,0,0
14/11/2020 06:49:22,0,0,0
14/11/2020 06:49:23,0,0,0
14/11/2020 06:49:24,0,0,0
14/11/2020 06:49:25,0,0,0
14/11/2020 06:49:26,0,0,0
14/11/2020 06:49:27,0,0,0
14/11/2020 06:49:28,0,0,0
14/11/2020 06:49:29,0,0,0
14/11/2020 06:49:30,0,0,0
14/11/2020 06:49:31,0,0,0
14/11/2020 06:49:32,0,0,0
14/11/2020 06:49:33,0,0,0
14/11/2020 06:49:34,0,0,0
14/11/2020 06:49:35,0,0,0
14/11/2020 06:49:36,0,0,0
14/11/2020 06:49:37,0,0,0
14/11/2020 06:49:38,0,0,0
14/11/2020 06:49:39,0,0,0
14/11/2020 06:49:40,0,0,0
14/11/2020 06:49:41,0,0,0
14/11/2020 06:49:42,0,0,0
14/11/2020 06:49:43,0,0,0
14/11/2020 06:49:44,0,0,0
14/11/2020 06:49:45,0,0,0
14/11/2020 06:49:46,0,0,0
14/11/2020 06:49:47,0,0,0
14/11/2020 06:49:48,0,0,0
14/11/2020 06:49:49,0,0,0
14/11/2020 06:49:50,0,0,0
14/11/2020 06:49:51,0,0,0
14/11/2020 06:49:52,0,0,0
14/11/2020 06:49:53,0,0,0
14/11/2020 06:49:54,0,0,0
14/11/2020 06:49:55,0,0,0
14/11/2020 06:49:56,0,0,0
14/11/2020 06:49:57,0,0,0
14/11/2020 06:49:58,0,0,0
14/11/2020 06:49:59,0,0,0
14/11/2020 06:50:00,0,0,0
14/11/2020 06:50:01,0,0,0
14/11/2020 06:50:02,0,0,0
14/11/2020 06:50:03,0,0,0
14/11/2020 06:50:04,0,0,0
14/11/2020 06:50:05,0,0,0
14/11/2020 06:50:06,0,0,0
14/11/2020 06:50:07,0,0,0
14/11/2020 06:50:08,0,0,0
14/11/2020 06:50:09,0,0,0
14/11/2020 06:50:10,0,0,0
14/11/2020 06:50:11,0,0,0
14/11/2020 06:50:12,0,0,0
14/11/2020 06:50:13,0,0,0
14/11/2020 06:50:14,0,0,0
14/11/2020 06:50:15,0,0,0
14/11/2020 06:50:16,0,0,0
14/11/2020 06:50:17,0,0,0
14/11/2020 06:50:18,0,0,0
14/11/2020 06:50:19,0,0,0
14/11/2020 06:50:20,0,0,0
14/11/2020 06:50:21,0,0,0
14/11/2020 06:50:22,0,0,0
14/11/2020 06:50:23,0,0,0
14/11/2020 06:50:24,0,0,0
14/11/2020 06:50:25,0,0,0
14/11/2020 06:50:26,0,0,0
14/11/2020 06:50:27,0,0,0
14/11/2020 06:50:28,0,0,0
14/11/2020 06:50:29,0,0,0
14/11/2020 06:50:30,0,0,0
14/11/2020 06:50:31,0,0,0
14/11/2020 06:50:32,0,0,0
14/11/2020 06:50:33,0,0,0
14/11/2020 06:50:34,0,0,0
14/11/2020 06:50:35,0,0,0
14/11/2020 06:50:36,0,0,0
14/11/2020 06:50:37,0,0,0
14/11/2020 06:50:38,0,0,0
14/11/2020 06:50:39,0,0,0
14/11/2020 06:50:40,0,0,0
14/11/2020 06:50:41,0,0,0
14/11/2020 06:50:42,0,0,0
14/11/2020 06:50:43,0,0,0
14/11/2020 06:50:44,0,0,0
14/11/2020 06:50:45,0,0,0
14/11/2020 06:50:46,0,0,0
14/11/2020 06:50:47,0,0,0
14/11/2020 06:50:48,0,0,0
14/11/2020 06:50:49,0,0,0
14/11/2020 06:50:50,0,0,0
14/11/2020 06:50:51,0,0,0
14/11/2020 06:50:52,0,0,0
14/11/2020 06:50:53,0,0,0
14/11/2020 06:50:54,0,0,0
14/11/2020 06:50:55,0,0,0
14/11/2020 06:50:56,0,0,0
14/11/2020 06:50:57,0,0,0
14/11/2020 06:50:58,0,0,0
14/11/2020 06:50:59,0,0,0
14/11/2020 06:51:00,0,0,0
14/11/2020 06:51:01,0,0,0
14/11/2020 06:51:02,0,0,0
14/11/2020 06:51:03,0,0,0
14/11/2020 06:51:04,0,0,0
14/11/2020 06:51:05,0,0,0
14/11/2020 06:51:06,0,0,0
14/11/2020 06:51:07,0,0,0
14/11/2020 06:51:08,0,0,0
14/11/2020 06:51:09,0,0,0
14/11/2020 06:51:10,0,0,0
14/11/2020 06:51:11,0,0,0
14/11/2020 06:51:12,0,0,0
14/11/2020 06:51:13,0,0,0
14/11/2020 06:51:14,0,0,0
14/11/2020 06:51:15,0,0,0
14/11/2020 06:51:16,0,0,0
14/11/2020 06:51:17,0,0,0
14/11/2020 06:51:18,0,0,0
14/11/2020 06:51:19,0,0,0
14/11/2020 06:51:20,0,0,0
14/11/2020 06:51:21,0,0,0
14/11/2020 06:51:22,0,0,0
14/11/2020 06:51:23,0,0,0
14/11/2020 06:51:24,0,0,0
14/11/2020 06:51:25,0,0,0
14/11/2020 06:51:26,0,0,0
14/11/2020 06:51:27,0,0,0
14/11/2020 06:51:28,0,0,0
14/11/2020 06:51:29,0,0,0
14/11/2020 06:51:30,0,0,0
14/11/2020 06:51:31,0,0,0
14/11/2020 06:51:32,0,0,0
14/11/2020 06:51:33,0,0,0
14/11/2020 06:51:34,0,0,0
14/11/2020 06:51:35,0,0,0
14/11/2020 06:51:36,0,0,0
14/11/2020 06:51:37,0,0,0
14/11/2020 06:51:38,0,0,0
14/11/2020 06:51:39,0,0,0
14/11/2020 06:51:40,0,0,0
14/11/2020 06:51:41,0,0,0
14/11/2020 06:51:42,0,0,0
14/11/2020 06:51:43,0,0,0
14/11/2020 06:51:44,0,0,0
14/11/2020 06:51:45,0,0,0
14/11/2020 06:51:46,0,0,0
14/11/2020 06:51:47,0,0,0
14/11/2020 06:51:48,0,0,0
14/11/2020 06:51:49,0,0,0
14/11/2020 06:51:50,0,0,0
14/11/2020 06:51:51,0,0,0
14/11/2020 06:51:52,0,0,0
14/11/2020 06:51:53,0,0,0
14/11/2020 06:51:54,0,0,0
14/11/2020 06:51:55,0,0,0
14/11/2020 06:51:56,0,0,0
14/11/2020 06:51:57,0,0,0
14/11/2020 06:51:58,0,0,0
14/11/2020 06:51:59,0,0,0
14/11/2020 06:52:00,0,0,0
14/11/2020 06:52:01,0,0,0
14/11/2020 06:52:02,0,0,0
14/11/2020 06:52:03,0,0,0
14/11/2020 06:52:04,0,0,0
14/11/2020 06:52:05,0,0,0
14/11/2020 06:52:06,0,0,0
14/11/2020 06:52:07,0,0,0
14/11/2020 06:52:08,0,0,0
14/11/2020 06:52:09,0,0,0
14/11/2020 06:52:10,0,0,0
14/11/2020 06:52:11,0,0,0
14/11/2020 06:52:12,0,0,0
14/11/2020 06:52:13,0,0,0
14/11/2020 06:52:14,0,0,0
14/11/2020 06:52:15,0,0,0
14/11/2020 06:52:16,0,0,0
14/11/2020 06:52:17,0,0,0
14/11/2020 06:52:18,0,0,0
14/11/2020 06:52:19,0,0,0
14/11/2020 06:52:20,0,0,0
14/11/2020 06:52:21,0,0,0
14/11/2020 06:52:22,0,0,0
14/11/2020 06:52:23,0,0,0
14/11/2020 06:52:24,0,0,0
14/11/2020 06:52:25,0,0,0
14/11/2020 06:52:26,0,0,0
14/11/2020 06:52:27,0,0,0
14/11/2020 06:52:28,0,0,0
14/11/2020 06:52:29,0,0,0
14/11/2020 06:52:30,0,0,0
14/11/2020 06:52:31,0,0,0
14/11/2020 06:52:32,0,0,0
14/11/2020 06:52:33,0,0,0
14/11/2020 06:52:34,0,0,0
14/11/2020 06:52:35,0,0,0
14/11/2020 06:52:36,0,0,0
14/11/2020 06:52:37,0,0,0
14/11/2020 06:52:38,0,0,0
14/11/2020 06:52:39,0,0,0
14/11/2020 06:52:40,0,0,0
14/11/2020 06:52:41,0,0,0
14/11/2020 06:52:42,0,0,0
14/11/2020 06:52:43,0,0,0
14/11/2020 06:52:44,0,0,0
14/11/2020 06:52:45,0,0,0
14/11/2020 06:52:46,0,0,0
14/11/2020 06:52:47,0,0,0
14/11/2020 06:52:48,0,0,0
14/11/2020 06:52:49,0,0,0
14/11/2020 06:52:50,0,0,0
14/11/2020 06:52:51,0,0,0
14/11/2020 06:52:52,0,0,0
14/11/2020 06:52:53,0,0,0
14/11/2020 06:52:54,0,0,0
14/11/2020 06:52:55,0,0,0
14/11/2020 06:52:56,0,0,0
14/11/2020 06:52:57,0,0,0
14/11/2020 06:52:58,0,0,0
14/11/2020 06:52:59,0,0,0
14/11/2020 06:53:00,0,0,0
14/11/2020 06:53:01,0,0,0
14/11/2020 06:53:02,0,0,0
14/11/2020 06:53:03,0,0,0
14/11/2020 06:53:04,0,0,0
14/11/2020 06:53:05,0,0,0
14/11/2020 06:53:06,0,0,0
14/11/2020 06:53:07,0,0,0
14/11/2020 06:53:08,0,0,0
14/11/2020 06:53:09,0,0,0
14/11/2020 06:53:10,0,0,0
14/11/2020 06:53:11,0,0,0
14/11/2020 06:53:12,0,0,0
14/11/2020 06:53:13,0,0,0
14/11/2020 06:53:14,0,0,0
14/11/2020 06:53:15,0,0,0
14/11/2020 06:53:16,0,0,0
14/11/2020 06:53:17,0,0,0
14/11/2020 06:53:18,0,0,0
14/11/2020 06:53:19,0,0,0
14/11/2020 06:53:20,0,0,0
14/11/2020 06:53:21,0,0,0
14/11/2020 06:53:22,0,0,0
14/11/2020 06:53:23,0,0,0
14/11/2020 06:53:24,0,0,0
14/11/2020 06:53:25,0,0,0
14/11/2020 06:53:26,0,0,0
14/11/2020 06:53:27,0,0,0
14/11/2020 06:53:28,0,0,0
14/11/2020 06:53:29,0,0,0
14/11/2020 06:53:30,0,0,0
14/11/2020 06:53:31,0,0,0
14/11/2020 06:53:32,0,0,0
14/11/2020 06:53:33,0,0,0
14/11/2020 06:53:34,0,0,0
14/11/2020 06:53:35,0,0,0
14/11/2020 06:53:36,0,0,0
14/11/2020 06:53:37,0,0,0
14/11/2020 06:53:38,0,0,0
14/11/2020 06:53:39,0,0,0
14/11/2020 06:53:40,0,0,0
14/11/2020 06:53:41,0,0,0
14/11/2020 06:53:42,0,0,0
14/11/2020 06:53:43,0,0,0
14/11/2020 06:53:44,0,0,0
14/11/2020 06:53:45,0,0,0
14/11/2020 06:53:46,0,0,0
14/11/2020 06:53:47,0,0,0
14/11/2020 06:53:48,0,0,0
14/11/2020 06:53:49,0,0,0
14/11/2020 06:53:50,0,0,0
14/11/2020 06:53:51,0,0,0
14/11/2020 06:53:52,0,0,0
14/11/2020 06:53:53,0,0,0
14/11/2020 06:53:54,0,0,0
14/11/2020 06:53:55,0,0,0
14/11/2020 06:53:56,0,0,0
14/11/2020 06:53:57,0,0,0
14/11/2020 06:53:58,0,0,0
14/11/2020 06:53:59,0,0,0
14/11/2020 06:54:00,0,0,0
14/11/2020 06:54:01,0,0,0
14/11/2020 06:54:02,0,0,0
14/11/2020 06:54:03,0,0,0
14/11/2020 06:54:04,0,0,0
14/11/2020 06:54:05,0,0,0
14/11/2020 06:54:06,0,0,0
14/11/2020 06:54:07,0,0,0
14/11/2020 06:54:08,0,0,0
14/11/2020 06:54:09,0,0,0
14/11/2020 06:54:10,0,0,0
14/11/2020 06:54:11,0,0,0
14/11/2020 06:54:12,0,0,0
14/11/2020 06:54:13,0,0,0
14/11/2020 06:54:14,0,0,0
14/11/2020 06:54:15,0,0,0
14/11/2020 06:54:16,0,0,0
14/11/2020 06:54:17,0,0,0
14/11/2020 06:54:18,0,0,0
14/11/2020 06:54:19,0,0,0
14/11/2020 06:54:20,0,0,0
14/11/2020 06:54:21,0,0,0
14/11/2020 06:54:22,0,0,0
14/11/2020 06:54:23,0,0,0
14/11/2020 06:54:24,0,0,0
14/11/2020 06:54:25,0,0,0
14/11/2020 06:54:26,0,0,0
14/11/2020 06:54:27,0,0,0
14/11/2020 06:54:28,0,0,0
14/11/2020 06:54:29,0,0,0
14/11/2020 06:54:30,0,0,0
14/11/2020 06:54:31,0,0,0
14/11/2020 06:54:32,0,0,0
14/11/2020 06:54:33,0,0,0
14/11/2020 06:54:34,0,0,0
14/11/2020 06:54:35,0,0,0
14/11/2020 06:54:36,0,0,0
14/11/2020 06:54:37,0,0,0
14/11/2020 06:54:38,0,0,0
14/11/2020 06:54:39,0,0,0
14/11/2020 06:54:40,0,0,0
14/11/2020 06:54:41,0,0,0
14/11/2020 06:54:42,0,0,0
14/11/2020 06:54:43,0,0,0
14/11/2020 06:54:44,0,0,0
14/11/2020 06:54:45,0,0,0
14/11/2020 06:54:46,0,0,0
14/11/2020 06:54:47,0,0,0
14/11/2020 06:54:48,0,0,0
14/11/2020 06:54:49,0,0,0
14/11/2020 06:54:50,0,0,0
14/11/2020 06:54:51,0,0,0
14/11/2020 06:54:52,0,0,0
14/11/2020 06:54:53,0,0,0
14/11/2020 06:54:54,0,0,0
14/11/2020 06:54:55,0,0,0
14/11/2020 06:54:56,0,0,0
14/11/2020 06:54:57,0,0,0
14/11/2020 06:54:58,0,0,0
14/11/2020 06:54:59,0,0,0
14/11/2020 06:55:00,0,0,0
14/11/2020 06:55:01,0,0,0
14/11/2020 06:55:02,0,0,0
14/11/2020 06:55:03,0,0,0
14/11/2020 06:55:04,0,0,0
14/11/2020 06:55:05,0,0,0
14/11/2020 06:55:06,0,0,0
14/11/2020 06:55:07,0,0,0
14/11/2020 06:55:08,0,0,0
14/11/2020 06:55:09,0,0,0
14/11/2020 06:55:10,0,0,0
14/11/2020 06:55:11,0,0,0
14/11/2020 06:55:12,0,0,0
14/11/2020 06:55:13,0,0,0
14/11/2020 06:55:14,0,0,0
14/11/2020 06:55:15,0,0,0
14/11/2020 06:55:16,0,0,0
14/11/2020 06:55:17,0,0,0
14/11/2020 06:55:18,0,0,0
14/11/2020 06:55:19,0,0,0
14/11/2020 06:55:20,0,0,0
14/11/2020 06:55:21,0,0,0
14/11/2020 06:55:22,0,0,0
14/11/2020 06:55:23,0,0,0
14/11/2020 06:55:24,0,0,0
14/11/2020 06:55:25,0,0,0
14/11/2020 06:55:26,0,0,0
14/11/2020 06:55:27,0,0,0
14/11/2020 06:55:28,0,0,0
14/11/2020 06:55:29,0,0,0
14/11/2020 06:55:30,0,0,0
14/11/2020 06:55:31,0,0,0
14/11/2020 06:55:32,0,0,0
14/11/2020 06:55:33,0,0,0
14/11/2020 06:55:34,0,0,0
14/11/2020 06:55:35,0,0,0
14/11/2020 06:55:36,0,0,0
14/11/2020 06:55:37,0,0,0
14/11/2020 06:55:38,0,0,0
14/11/2020 06:55:39,0,0,0
14/11/2020 06:55:40,0,0,0
14/11/2020 06:55:41,0,0,0
14/11/2020 06:55:42,0,0,0
14/11/2020 06:55:43,0,0,0
14/11/2020 06:55:44,0,0,0
14/11/2020 06:55:45,0,0,0
14/11/2020 06:55:46,0,0,0
14/11/2020 06:55:47,0,0,0
14/11/2020 06:55:48,0,0,0
14/11/2020 06:55:49,0,0,0
14/11/2020 06:55:50,0,0,0
14/11/2020 06:55:51,0,0,0
14/11/2020 06:55:52,0,0,0
14/11/2020 06:55:53,0,0,0
14/11/2020 06:55:54,0,0,0
14/11/2020 06:55:55,0,0,0
14/11/2020 06:55:56,0,0,0
14/11/2020 06:55:57,0,0,0
14/11/2020 06:55:58,0,0,0
14/11/2020 06:55:59,0,0,0
14/11/2020 06:56:00,0,0,0
14/11/2020 06:56:01,0,0,0
14/11/2020 06:56:02,0,0,0
14/11/2020 06:56:03,0,0,0
14/11/2020 06:56:04,0,0,0
14/11/2020 06:56:05,0,0,0
14/11/2020 06:56:06,0,0,0
14/11/2020 06:56:07,0,0,0
14/11/2020 06:56:08,0,0,0
14/11/2020 06:56:09,0,0,0
14/11/2020 06:56:10,0,0,0
14/11/2020 06:56:11,0,0,0
14/11/2020 06:56:12,0,0,0
14/11/2020 06:56:13,0,0,0
14/11/2020 06:56:14,0,0,0
14/11/2020 06:56:15,0,0,0
14/11/2020 06:56:16,0,0,0
14/11/2020 06:56:17,0,0,0
14/11/2020 06:56:18,0,0,0
14/11/2020 06:56:19,0,0,0
14/11/2020 06:56:20,0,0,0
14/11/2020 06:56:21,0,0,0
14/11/2020 06:56:22,0,0,0
14/11/2020 06:56:23,0,0,0
14/11/2020 06:56:24,0,0,0
14/11/2020 06:56:25,0,0,0
14/11/2020 06:56:26,0,0,0
14/11/2020 06:56:27,0,0,0
14/11/2020 06:56:28,0,0,0
14/11/2020 06:56:29,0,0,0
14/11/2020 06:56:30,0,0,0
14/11/2020 06:56:31,0,0,0
14/11/2020 06:56:32,0,0,0
14/11/2020 06:56:33,0,0,0
14/11/2020 06:56:34,0,0,0
14/11/2020 06:56:35,0,0,0
14/11/2020 06:56:36,0,0,0
14/11/2020 06:56:37,0,0,0
14/11/2020 06:56:38,0,0,0
14/11/2020 06:56:39,0,0,0
14/11/2020 06:56:40,0,0,0
14/11/2020 06:56:41,0,0,0
14/11/2020 06:56:42,0,0,0
14/11/2020 06:56:43,0,0,0
14/11/2020 06:56:44,0,0,0
14/11/2020 06:56:45,0,0,0
14/11/2020 06:56:46,0,0,0
14/11/2020 06:56:47,0,0,0
14/11/2020 06:56:48,0,0,0
14/11/2020 06:56:49,0,0,0
14/11/2020 06:56:50,0,0,0
14/11/2020 06:56:51,0,0,0
14/11/2020 06:56:52,0,0,0
14/11/2020 06:56:53,0,0,0
14/11/2020 06:56:54,0,0,0
14/11/2020 06:56:55,0,0,0
14/11/2020 06:56:56,0,0,0
14/11/2020 06:56:57,0,0,0
14/11/2020 06:56:58,0,0,0
14/11/2020 06:56:59,0,0,0
14/11/2020 06:57:00,0,0,0
14/11/2020 06:57:01,0,0,0
14/11/2020 06:57:02,0,0,0
14/11/2020 06:57:03,0,0,0
14/11/2020 06:57:04,0,0,0
14/11/2020 06:57:05,0,0,0
14/11/2020 06:57:06,0,0,0
14/11/2020 06:57:07,0,0,0
14/11/2020 06:57:08,0,0,0
14/11/2020 06:57:09,0,0,0
14/11/2020 06:57:10,0,0,0
14/11/2020 06:57:11,0,0,0
14/11/2020 06:57:12,0,0,0
14/11/2020 06:57:13,0,0,0
14/11/2020 06:57:14,0,0,0
14/11/2020 06:57:15,0,0,0
14/11/2020 06:57:16,0,0,0
14/11/2020 06:57:17,0,0,0
14/11/2020 06:57:18,0,0,0
14/11/2020 06:57:19,0,0,0
14/11/2020 06:57:20,0,0,0
14/11/2020 06:57:21,0,0,0
14/11/2020 06:57:22,0,0,0
14/11/2020 06:57:23,0,0,0
14/11/2020 06:57:24,0,0,0
14/11/2020 06:57:25,0,0,0
14/11/2020 06:57:26,0,0,0
14/11/2020 06:57:27,0,0,0
14/11/2020 06:57:28,0,0,0
14/11/2020 06:57:29,0,0,0
14/11/2020 06:57:30,0,0,0
14/11/2020 06:57:31,0,0,0
14/11/2020 06:57:32,0,0,0
14/11/2020 06:57:33,0,0,0
14/11/2020 06:57:34,0,0,0
14/11/2020 06:57:35,0,0,0
14/11/2020 06:57:36,0,0,0
14/11/2020 06:57:37,0,0,0
14/11/2020 06:57:38,0,0,0
14/11/2020 06:57:39,0,0,0
14/11/2020 06:57:40,0,0,0
14/11/2020 06:57:41,0,0,0
14/11/2020 06:57:42,0,0,0
14/11/2020 06:57:43,0,0,0
14/11/2020 06:57:44,0,0,0
14/11/2020 06:57:45,0,0,0
14/11/2020 06:57:46,0,0,0
14/11/2020 06:57:47,0,0,0
14/11/2020 06:57:48,0,0,0
14/11/2020 06:57:49,0,0,0
14/11/2020 06:57:50,0,0,0
14/11/2020 06:57:51,0,0,0
14/11/2020 06:57:52,0,0,0
14/11/2020 06:57:53,0,0,0
14/11/2020 06:57:54,0,0,0
14/11/2020 06:57:55,0,0,0
14/11/2020 06:57:56,0,0,0
14/11/2020 06:57:57,0,0,0
14/11/2020 06:57:58,0,0,0
14/11/2020 06:57:59,0,0,0
14/11/2020 06:58:00,0,0,0
14/11/2020 06:58:01,0,0,0
14/11/2020 06:58:02,0,0,0
14/11/2020 06:58:03,0,0,0
14/11/2020 06:58:04,0,0,0
14/11/2020 06:58:05,0,0,0
14/11/2020 06:58:06,0,0,0
14/11/2020 06:58:07,0,0,0
14/11/2020 06:58:08,0,0,0
14/11/2020 06:58:09,0,0,0
14/11/2020 06:58:10,0,0,0
14/11/2020 06:58:11,0,0,0
14/11/2020 06:58:12,0,0,0
14/11/2020 06:58:13,0,0,0
14/11/2020 06:58:14,0,0,0
14/11/2020 06:58:15,0,0,0
14/11/2020 06:58:16,0,0,0
14/11/2020 06:58:17,0,0,0
14/11/2020 06:58:18,0,0,0
14/11/2020 06:58:19,0,0,0
14/11/2020 06:58:20,0,0,0
14/11/2020 06:58:21,0,0,0
14/11/2020 06:58:22,0,0,0
14/11/2020 06:58:23,0,0,0
14/11/2020 06:58:24,0,0,0
14/11/2020 06:58:25,0,0,0
14/11/2020 06:58:26,0,0,0
14/11/2020 06:58:27,0,0,0
14/11/2020 06:58:28,0,0,0
14/11/2020 06:58:29,0,0,0
14/11/2020 06:58:30,0,0,0
14/11/2020 06:58:31,0,0,0
14/11/2020 06:58:32,0,0,0
14/11/2020 06:58:33,0,0,0
14/11/2020 06:58:34,0,0,0
14/11/2020 06:58:35,0,0,0
14/11/2020 06:58:36,0,0,0
14/11/2020 06:58:37,0,0,0
14/11/2020 06:58:38,0,0,0
14/11/2020 06:58:39,0,0,0
14/11/2020 06:58:40,0,0,0
14/11/2020 06:58:41,0,0,0
14/11/2020 06:58:42,0,0,0
14/11/2020 06:58:43,0,0,0
14/11/2020 06:58:44,0,0,0
14/11/2020 06:58:45,0,0,0
14/11/2020 06:58:46,0,0,0
14/11/2020 06:58:47,0,0,0
14/11/2020 06:58:48,0,0,0
14/11/2020 06:58:49,0,0,0
14/11/2020 06:58:50,0,0,0
14/11/2020 06:58:51,0,0,0
14/11/2020 06:58:52,0,0,0
14/11/2020 06:58:53,0,0,0
14/11/2020 06:58:54,0,0,0
14/11/2020 06:58:55,0,0,0
14/11/2020 06:58:56,0,0,0
14/11/2020 06:58:57,0,0,0
14/11/2020 06:58:58,0,0,0
14/11/2020 06:58:59,0,0,0
14/11/2020 06:59:00,0,0,0
14/11/2020 06:59:01,0,0,0
14/11/2020 06:59:02,0,0,0
14/11/2020 06:59:03,0,0,0
14/11/2020 06:59:04,0,0,0
14/11/2020 06:59:05,0,0,0
14/11/2020 06:59:06,0,0,0
14/11/2020 06:59:07,0,0,0
14/11/2020 06:59:08,0,0,0
14/11/2020 06:59:09,0,0,0
14/11/2020 06:59:10,0,0,0
14/11/2020 06:59:11,0,0,0
14/11/2020 06:59:12,0,0,0
14/11/2020 06:59:13,0,0,0
14/11/2020 06:59:14,0,0,0
14/11/2020 06:59:15,0,0,0
14/11/2020 06:59:16,0,0,0
14/11/2020 06:59:17,0,0,0
14/11/2020 06:59:18,0,0,0
14/11/2020 06:59:19,0,0,0
14/11/2020 06:59:20,0,0,0
14/11/2020 06:59:21,0,0,0
14/11/2020 06:59:22,0,0,0
14/11/2020 06:59:23,0,0,0
14/11/2020 06:59:24,0,0,0
14/11/2020 06:59:25,0,0,0
14/11/2020 06:59:26,0,0,0
14/11/2020 06:59:27,0,0,0
14/11/2020 06:59:28,0,0,0
14/11/2020 06:59:29,0,0,0
14/11/2020 06:59:30,0,0,0
14/11/2020 06:59:31,0,0,0
14/11/2020 06:59:32,0,0,0
14/11/2020 06:59:33,0,0,0
14/11/2020 06:59:34,0,0,0
14/11/2020 06:59:35,0,0,0
14/11/2020 06:59:36,0,0,0
14/11/2020 06:59:37,0,0,0
14/11/2020 06:59:38,0,0,0
14/11/2020 06:59:39,0,0,0
14/11/2020 06:59:40,0,0,0
14/11/2020 06:59:41,0,0,0
14/11/2020 06:59:42,0,0,0
14/11/2020 06:59:43,0,0,0
14/11/2020 06:59:44,0,0,0
14/11/2020 06:59:45,0,0,0
14/11/2020 06:59:46,0,0,0
14/11/2020 06:59:47,0,0,0
14/11/2020 06:59:48,0,0,0
14/11/2020 06:59:49,0,0,0
14/11/2020 06:59:50,0,0,0
14/11/2020 06:59:51,0,0,0
14/11/2020 06:59:52,0,0,0
14/11/2020 06:59:53,0,0,0
14/11/2020 06:59:54,0,0,0
14/11/2020 06:59:55,0,0,0
14/11/2020 06:59:56,0,0,0
14/11/2020 06:59:57,0,0,0
14/11/2020 06:59:58,0,0,0
14/11/2020 06:59:59,0,0,0
14/11/2020 07:00:00,0,0,0
14/11/2020 07:00:01,0,0,0
14/11/2020 07:00:02,0,0,0
14/11/2020 07:00:03,0,0,0
14/11/2020 07:00:04,0,0,0
14/11/2020 07:00:05,0,0,0
14/11/2020 07:00:06,0,0,0
14/11/2020 07:00:07,0,0,0
14/11/2020 07:00:08,0,0,0
14/11/2020 07:00:09,0,0,0
14/11/2020 07:00:10,0,0,0
14/11/2020 07:00:11,0,0,0
14/11/2020 07:00:12,0,0,0
14/11/2020 07:00:13,0,0,0
14/11/2020 07:00:14,0,0,0
14/11/2020 07:00:15,0,0,0
14/11/2020 07:00:16,0,0,0
14/11/2020 07:00:17,0,0,0
14/11/2020 07:00:18,0,0,0
14/11/2020 07:00:19,0,0,0
14/11/2020 07:00:20,0,0,0
14/11/2020 07:00:21,0,0,0
14/11/2020 07:00:22,0,0,0
14/11/2020 07:00:23,0,0,0
14/11/2020 07:00:24,0,0,0
14/11/2020 07:00:25,0,0,0
14/11/2020 07:00:26,0,0,0
14/11/2020 07:00:27,0,0,0
14/11/2020 07:00:28,0,0,0
14/11/2020 07:00:29,0,0,0
14/11/2020 07:00:30,0,0,0
14/11/2020 07:00:31,0,0,0
14/11/2020 07:00:32,0,0,0
14/11/2020 07:00:33,0,0,0
14/11/2020 07:00:34,0,0,0
14/11/2020 07:00:35,0,0,0
14/11/2020 07:00:36,0,0,0
14/11/2020 07:00:37,0,0,0
14/11/2020 07:00:38,0,0,0
14/11/2020 07:00:39,0,0,0
14/11/2020 07:00:40,0,0,0
14/11/2020 07:00:41,0,0,0
14/11/2020 07:00:42,0,0,0
14/11/2020 07:00:43,0,0,0
14/11/2020 07:00:44,0,0,0
14/11/2020 07:00:45,0,0,0
14/11/2020 07:00:46,0,0,0
14/11/2020 07:00:47,0,0,0
14/11/2020 07:00:48,0,0,0
14/11/2020 07:00:49,0,0,0
14/11/2020 07:00:50,0,0,0
14/11/2020 07:00:51,0,0,0
14/11/2020 07:00:52,0,0,0
14/11/2020 07:00:53,0,0,0
14/11/2020 07:00:54,0,0,0
14/11/2020 07:00:55,0,0,0
14/11/2020 07:00:56,0,0,0
14/11/2020 07:00:57,0,0,0
14/11/2020 07:00:58,0,0,0
14/11/2020 07:00:59,0,0,0
14/11/2020 07:01:00,0,0,0
14/11/2020 07:01:01,0,0,0
14/11/2020 07:01:02,0,0,0
14/11/2020 07:01:03,0,0,0
14/11/2020 07:01:04,0,0,0
14/11/2020 07:01:05,0,0,0
14/11/2020 07:01:06,0,0,0
14/11/2020 07:01:07,0,0,0
14/11/2020 07:01:08,0,0,0
14/11/2020 07:01:09,0,0,0
14/11/2020 07:01:10,0,0,0
14/11/2020 07:01:11,0,0,0
14/11/2020 07:01:12,0,0,0
14/11/2020 07:01:13,0,0,0
14/11/2020 07:01:14,0,0,0
14/11/2020 07:01:15,0,0,0
14/11/2020 07:01:16,0,0,0
14/11/2020 07:01:17,0,0,0
14/11/2020 07:01:18,0,0,0
14/11/2020 07:01:19,0,0,0
14/11/2020 07:01:20,0,0,0
14/11/2020 07:01:21,0,0,0
14/11/2020 07:01:22,0,0,0
14/11/2020 07:01:23,0,0,0
14/11/2020 07:01:24,0,0,0
14/11/2020 07:01:25,0,0,0
14/11/2020 07:01:26,0,0,0
14/11/2020 07:01:27,0,0,0
14/11/2020 07:01:28,0,0,0
14/11/2020 07:01:29,0,0,0
14/11/2020 07:01:30,0,0,0
14/11/2020 07:01:31,0,0,0
14/11/2020 07:01:32,0,0,0
14/11/2020 07:01:33,0,0,0
14/11/2020 07:01:34,0,0,0
14/11/2020 07:01:35,0,0,0
14/11/2020 07:01:36,0,0,0
14/11/2020 07:01:37,0,0,0
14/11/2020 07:01:38,0,0,0
14/11/2020 07:01:39,0,0,0
14/11/2020 07:01:40,0,0,0
14/11/2020 07:01:41,0,0,0
14/11/2020 07:01:42,0,0,0
14/11/2020 07:01:43,0,0,0
14/11/2020 07:01:44,0,0,0
14/11/2020 07:01:45,0,0,0
14/11/2020 07:01:46,0,0,0
14/11/2020 07:01:47,0,0,0
14/11/2020 07:01:48,0,0,0
14/11/2020 07:01:49,0,0,0
14/11/2020 07:01:50,0,0,0
14/11/2020 07:01:51,0,0,0
14/11/2020 07:01:52,0,0,0
14/11/2020 07:01:53,0,0,0
14/11/2020 07:01:54,0,0,0
14/11/2020 07:01:55,0,0,0
14/11/2020 07:01:56,0,0,0
14/11/2020 07:01:57,0,0,0
14/11/2020 07:01:58,0,0,0
14/11/2020 07:01:59,0,0,0
14/11/2020 07:02:00,0,0,0
14/11/2020 07:02:01,0,0,0
14/11/2020 07:02:02,0,0,0
14/11/2020 07:02:03,0,0,0
14/11/2020 07:02:04,0,0,0
14/11/2020 07:02:05,0,0,0
14/11/2020 07:02:06,0,0,0
14/11/2020 07:02:07,0,0,0
14/11/2020 07:02:08,0,0,0
14/11/2020 07:02:09,0,0,0
14/11/2020 07:02:10,0,0,0
14/11/2020 07:02:11,0,0,0
14/11/2020 07:02:12,0,0,0
14/11/2020 07:02:13,0,0,0
14/11/2020 07:02:14,0,0,0
14/11/2020 07:02:15,0,0,0
14/11/2020 07:02:16,0,0,0
14/11/2020 07:02:17,0,0,0
14/11/2020 07:02:18,0,0,0
14/11/2020 07:02:19,0,0,0
14/11/2020 07:02:20,0,0,0
14/11/2020 07:02:21,0,0,0
14/11/2020 07:02:22,0,0,0
14/11/2020 07:02:23,0,0,0
14/11/2020 07:02:24,0,0,0
14/11/2020 07:02:25,0,0,0
14/11/2020 07:02:26,0,0,0
14/11/2020 07:02:27,0,0,0
14/11/2020 07:02:28,0,0,0
14/11/2020 07:02:29,0,0,0
14/11/2020 07:02:30,0,0,0
14/11/2020 07:02:31,0,0,0
14/11/2020 07:02:32,0,0,0
14/11/2020 07:02:33,0,0,0
14/11/2020 07:02:34,0,0,0
14/11/2020 07:02:35,0,0,0
14/11/2020 07:02:36,0,0,0
14/11/2020 07:02:37,0,0,0
14/11/2020 07:02:38,0,0,0
14/11/2020 07:02:39,0,0,0
14/11/2020 07:02:40,0,0,0
14/11/2020 07:02:41,0,0,0
14/11/2020 07:02:42,0,0,0
14/11/2020 07:02:43,0,0,0
14/11/2020 07:02:44,0,0,0
14/11/2020 07:02:45,0,0,0
14/11/2020 07:02:46,0,0,0
14/11/2020 07:02:47,0,0,0
14/11/2020 07:02:48,0,0,0
14/11/2020 07:02:49,0,0,0
14/11/2020 07:02:50,0,0,0
14/11/2020 07:02:51,0,0,0
14/11/2020 07:02:52,0,0,0
14/11/2020 07:02:53,0,0,0
14/11/2020 07:02:54,0,0,0
14/11/2020 07:02:55,0,0,0
14/11/2020 07:02:56,0,0,0
14/11/2020 07:02:57,0,0,0
14/11/2020 07:02:58,0,0,0
14/11/2020 07:02:59,0,0,0
14/11/2020 07:03:00,0,0,0
14/11/2020 07:03:01,0,0,0
14/11/2020 07:03:02,0,0,0
14/11/2020 07:03:03,0,0,0
14/11/2020 07:03:04,0,0,0
14/11/2020 07:03:05,0,0,0
14/11/2020 07:03:06,0,0,0
14/11/2020 07:03:07,0,0,0
14/11/2020 07:03:08,0,0,0
14/11/2020 07:03:09,0,0,0
14/11/2020 07:03:10,0,0,0
14/11/2020 07:03:11,0,0,0
14/11/2020 07:03:12,0,0,0
14/11/2020 07:03:13,0,0,0
14/11/2020 07:03:14,0,0,0
14/11/2020 07:03:15,0,0,0
14/11/2020 07:03:16,0,0,0
14/11/2020 07:03:17,0,0,0
14/11/2020 07:03:18,0,0,0
14/11/2020 07:03:19,0,0,0
14/11/2020 07:03:20,0,0,0
14/11/2020 07:03:21,0,0,0
14/11/2020 07:03:22,0,0,0
14/11/2020 07:03:23,0,0,0
14/11/2020 07:03:24,0,0,0
14/11/2020 07:03:25,0,0,0
14/11/2020 07:03:26,0,0,0
14/11/2020 07:03:27,0,0,0
14/11/2020 07:03:28,0,0,0
14/11/2020 07:03:29,0,0,0
14/11/2020 07:03:30,0,0,0
14/11/2020 07:03:31,0,0,0
14/11/2020 07:03:32,0,0,0
14/11/2020 07:03:33,0,0,0
14/11/2020 07:03:34,0,0,0
14/11/2020 07:03:35,0,0,0
14/11/2020 07:03:36,0,0,0
14/11/2020 07:03:37,0,0,0
14/11/2020 07:03:38,0,0,0
14/11/2020 07:03:39,0,0,0
14/11/2020 07:03:40,0,0,0
14/11/2020 07:03:41,0,0,0
14/11/2020 07:03:42,0,0,0
14/11/2020 07:03:43,0,0,0
14/11/2020 07:03:44,0,0,0
14/11/2020 07:03:45,0,0,0
14/11/2020 07:03:46,0,0,0
14/11/2020 07:03:47,0,0,0
14/11/2020 07:03:48,0,0,0
14/11/2020 07:03:49,0,0,0
14/11/2020 07:03:50,0,0,0
14/11/2020 07:03:51,0,0,0
14/11/2020 07:03:52,0,0,0
14/11/2020 07:03:53,0,0,0
14/11/2020 07:03:54,0,0,0
14/11/2020 07:03:55,0,0,0
14/11/2020 07:03:56,0,0,0
14/11/2020 07:03:57,0,0,0
14/11/2020 07:03:58,0,0,0
14/11/2020 07:03:59,0,0,0
14/11/2020 07:04:00,0,0,0
14/11/2020 07:04:01,0,0,0
14/11/2020 07:04:02,0,0,0
14/11/2020 07:04:03,0,0,0
14/11/2020 07:04:04,0,0,0
14/11/2020 07:04:05,0,0,0
14/11/2020 07:04:06,0,0,0
14/11/2020 07:04:07,0,0,0
14/11/2020 07:04:08,0,0,0
14/11/2020 07:04:09,0,0,0
14/11/2020 07:04:10,0,0,0
14/11/2020 07:04:11,0,0,0
14/11/2020 07:04:12,0,0,0
14/11/2020 07:04:13,0,0,0
14/11/2020 07:04:14,0,0,0
14/11/2020 07:04:15,0,0,0
14/11/2020 07:04:16,0,0,0
14/11/2020 07:04:17,0,0,0
14/11/2020 07:04:18,0,0,0
14/11/2020 07:04:19,0,0,0
14/11/2020 07:04:20,0,0,0
14/11/2020 07:04:21,0,0,0
14/11/2020 07:04:22,0,0,0
14/11/2020 07:04:23,0,0,0
14/11/2020 07:04:24,0,0,0
14/11/2020 07:04:25,0,0,0
14/11/2020 07:04:26,0,0,0
14/11/2020 07:04:27,0,0,0
14/11/2020 07:04:28,0,0,0
14/11/2020 07:04:29,0,0,0
14/11/2020 07:04:30,0,0,0
14/11/2020 07:04:31,0,0,0
14/11/2020 07:04:32,0,0,0
14/11/2020 07:04:33,0,0,0
14/11/2020 07:04:34,0,0,0
14/11/2020 07:04:35,0,0,0
14/11/2020 07:04:36,0,0,0
14/11/2020 07:04:37,0,0,0
14/11/2020 07:04:38,0,0,0
14/11/2020 07:04:39,0,0,0
14/11/2020 07:04:40,0,0,0
14/11/2020 07:04:41,0,0,0
14/11/2020 07:04:42,0,0,0
14/11/2020 07:04:43,0,0,0
14/11/2020 07:04:44,0,0,0
14/11/2020 07:04:45,0,0,0
14/11/2020 07:04:46,0,0,0
14/11/2020 07:04:47,0,0,0
14/11/2020 07:04:48,0,0,0
14/11/2020 07:04:49,0,0,0
14/11/2020 07:04:50,0,0,0
14/11/2020 07:04:51,0,0,0
14/11/2020 07:04:52,0,0,0
14/11/2020 07:04:53,0,0,0
14/11/2020 07:04:54,0,0,0
14/11/2020 07:04:55,0,0,0
14/11/2020 07:04:56,0,0,0
14/11/2020 07:04:57,0,0,0
14/11/2020 07:04:58,0,0,0
14/11/2020 07:04:59,0,0,0
14/11/2020 07:05:00,0,0,0
14/11/2020 07:05:01,0,0,0
14/11/2020 07:05:02,0,0,0
14/11/2020 07:05:03,0,0,0
14/11/2020 07:05:04,0,0,0
14/11/2020 07:05:05,0,0,0
14/11/2020 07:05:06,0,0,0
14/11/2020 07:05:07,0,0,0
14/11/2020 07:05:08,0,0,0
14/11/2020 07:05:09,0,0,0
14/11/2020 07:05:10,0,0,0
14/11/2020 07:05:11,0,0,0
14/11/2020 07:05:12,0,0,0
14/11/2020 07:05:13,0,0,0
14/11/2020 07:05:14,0,0,0
14/11/2020 07:05:15,0,0,0
14/11/2020 07:05:16,0,0,0
14/11/2020 07:05:17,0,0,0
14/11/2020 07:05:18,0,0,0
14/11/2020 07:05:19,0,0,0
14/11/2020 07:05:20,0,0,0
14/11/2020 07:05:21,0,0,0
14/11/2020 07:05:22,0,0,0
14/11/2020 07:05:23,0,0,0
14/11/2020 07:05:24,0,0,0
14/11/2020 07:05:25,0,0,0
14/11/2020 07:05:26,0,0,0
14/11/2020 07:05:27,0,0,0
14/11/2020 07:05:28,0,0,0
14/11/2020 07:05:29,0,0,0
14/11/2020 07:05:30,0,0,0
14/11/2020 07:05:31,0,0,0
14/11/2020 07:05:32,0,0,0
14/11/2020 07:05:33,0,0,0
14/11/2020 07:05:34,0,0,0
14/11/2020 07:05:35,0,0,0
14/11/2020 07:05:36,0,0,0
14/11/2020 07:05:37,0,0,0
14/11/2020 07:05:38,0,0,0
14/11/2020 07:05:39,0,0,0
14/11/2020 07:05:40,0,0,0
14/11/2020 07:05:41,0,0,0
14/11/2020 07:05:42,0,0,0
14/11/2020 07:05:43,0,0,0
14/11/2020 07:05:44,0,0,0
14/11/2020 07:05:45,0,0,0
14/11/2020 07:05:46,0,0,0
14/11/2020 07:05:47,0,0,0
14/11/2020 07:05:48,0,0,0
14/11/2020 07:05:49,0,0,0
14/11/2020 07:05:50,0,0,0
14/11/2020 07:05:51,0,0,0
14/11/2020 07:05:52,0,0,0
14/11/2020 07:05:53,0,0,0
14/11/2020 07:05:54,0,0,0
14/11/2020 07:05:55,0,0,0
14/11/2020 07:05:56,0,0,0
14/11/2020 07:05:57,0,0,0
14/11/2020 07:05:58,0,0,0
14/11/2020 07:05:59,0,0,0
14/11/2020 07:06:00,0,0,0
14/11/2020 07:06:01,0,0,0
14/11/2020 07:06:02,0,0,0
14/11/2020 07:06:03,0,0,0
14/11/2020 07:06:04,0,0,0
14/11/2020 07:06:05,0,0,0
14/11/2020 07:06:06,0,0,0
14/11/2020 07:06:07,0,0,0
14/11/2020 07:06:08,0,0,0
14/11/2020 07:06:09,0,0,0
14/11/2020 07:06:10,0,0,0
14/11/2020 07:06:11,0,0,0
14/11/2020 07:06:12,0,0,0
14/11/2020 07:06:13,0,0,0
14/11/2020 07:06:14,0,0,0
14/11/2020 07:06:15,0,0,0
14/11/2020 07:06:16,0,0,0
14/11/2020 07:06:17,0,0,0
14/11/2020 07:06:18,0,0,0
14/11/2020 07:06:19,0,0,0
14/11/2020 07:06:20,0,0,0
14/11/2020 07:06:21,0,0,0
14/11/2020 07:06:22,0,0,0
14/11/2020 07:06:23,0,0,0
14/11/2020 07:06:24,0,0,0
14/11/2020 07:06:25,0,0,0
14/11/2020 07:06:26,0,0,0
14/11/2020 07:06:27,0,0,0
14/11/2020 07:06:28,0,0,0
14/11/2020 07:06:29,0,0,0
14/11/2020 07:06:30,0,0,0
14/11/2020 07:06:31,0,0,0
14/11/2020 07:06:32,0,0,0
14/11/2020 07:06:33,0,0,0
14/11/2020 07:06:34,0,0,0
14/11/2020 07:06:35,0,0,0
14/11/2020 07:06:36,0,0,0
14/11/2020 07:06:37,0,0,0
14/11/2020 07:06:38,0,0,0
14/11/2020 07:06:39,0,0,0
14/11/2020 07:06:40,0,0,0
14/11/2020 07:06:41,0,0,0
14/11/2020 07:06:42,0,0,0
14/11/2020 07:06:43,0,0,0
14/11/2020 07:06:44,0,0,0
14/11/2020 07:06:45,0,0,0
14/11/2020 07:06:46,0,0,0
14/11/2020 07:06:47,0,0,0
14/11/2020 07:06:48,0,0,0
14/11/2020 07:06:49,0,0,0
14/11/2020 07:06:50,0,0,0
14/11/2020 07:06:51,0,0,0
14/11/2020 07:06:52,0,0,0
14/11/2020 07:06:53,0,0,0
14/11/2020 07:06:54,0,0,0
14/11/2020 07:06:55,0,0,0
14/11/2020 07:06:56,0,0,0
14/11/2020 07:06:57,0,0,0
14/11/2020 07:06:58,0,0,0
14/11/2020 07:06:59,0,0,0
14/11/2020 07:07:00,0,0,0
14/11/2020 07:07:01,0,0,0
14/11/2020 07:07:02,0,0,0
14/11/2020 07:07:03,0,0,0
14/11/2020 07:07:04,0,0,0
14/11/2020 07:07:05,0,0,0
14/11/2020 07:07:06,0,0,0
14/11/2020 07:07:07,0,0,0
14/11/2020 07:07:08,0,0,0
14/11/2020 07:07:09,0,0,0
14/11/2020 07:07:10,0,0,0
14/11/2020 07:07:11,0,0,0
14/11/2020 07:07:12,0,0,0
14/11/2020 07:07:13,0,0,0
14/11/2020 07:07:14,0,0,0
14/11/2020 07:07:15,0,0,0
14/11/2020 07:07:16,0,0,0
14/11/2020 07:07:17,0,0,0
14/11/2020 07:07:18,0,0,0
14/11/2020 07:07:19,0,0,0
14/11/2020 07:07:20,0,0,0
14/11/2020 07:07:21,0,0,0
14/11/2020 07:07:22,0,0,0
14/11/2020 07:07:23,0,0,0
14/11/2020 07:07:24,0,0,0
14/11/2020 07:07:25,0,0,0
14/11/2020 07:07:26,0,0,0
14/11/2020 07:07:27,0,0,0
14/11/2020 07:07:28,0,0,0
14/11/2020 07:07:29,0,0,0
14/11/2020 07:07:30,0,0,0
14/11/2020 07:07:31,0,0,0
14/11/2020 07:07:32,0,0,0
14/11/2020 07:07:33,0,0,0
14/11/2020 07:07:34,0,0,0
14/11/2020 07:07:35,0,0,0
14/11/2020 07:07:36,0,0,0
14/11/2020 07:07:37,0,0,0
14/11/2020 07:07:38,0,0,0
14/11/2020 07:07:39,0,0,0
14/11/2020 07:07:40,0,0,0
14/11/2020 07:07:41,0,0,0
14/11/2020 07:07:42,0,0,0
14/11/2020 07:07:43,0,0,0
14/11/2020 07:07:44,0,0,0
14/11/2020 07:07:45,0,0,0
14/11/2020 07:07:46,0,0,0
14/11/2020 07:07:47,0,0,0
14/11/2020 07:07:48,0,0,0
14/11/2020 07:07:49,0,0,0
14/11/2020 07:07:50,0,0,0
14/11/2020 07:07:51,0,0,0
14/11/2020 07:07:52,0,0,0
14/11/2020 07:07:53,0,0,0
14/11/2020 07:07:54,0,0,0
14/11/2020 07:07:55,0,0,0
14/11/2020 07:07:56,0,0,0
14/11/2020 07:07:57,0,0,0
14/11/2020 07:07:58,0,0,0
14/11/2020 07:07:59,0,0,0
14/11/2020 07:08:00,0,0,0
14/11/2020 07:08:01,0,0,0
14/11/2020 07:08:02,0,0,0
14/11/2020 07:08:03,0,0,0
14/11/2020 07:08:04,0,0,0
14/11/2020 07:08:05,0,0,0
14/11/2020 07:08:06,0,0,0
14/11/2020 07:08:07,0,0,0
14/11/2020 07:08:08,0,0,0
14/11/2020 07:08:09,0,0,0
14/11/2020 07:08:10,0,0,0
14/11/2020 07:08:11,0,0,0
14/11/2020 07:08:12,0,0,0
14/11/2020 07:08:13,0,0,0
14/11/2020 07:08:14,0,0,0
14/11/2020 07:08:15,0,0,0
14/11/2020 07:08:16,0,0,0
14/11/2020 07:08:17,0,0,0
14/11/2020 07:08:18,0,0,0
14/11/2020 07:08:19,0,0,0
14/11/2020 07:08:20,0,0,0
14/11/2020 07:08:21,0,0,0
14/11/2020 07:08:22,0,0,0
14/11/2020 07:08:23,0,0,0
14/11/2020 07:08:24,0,0,0
14/11/2020 07:08:25,0,0,0
14/11/2020 07:08:26,0,0,0
14/11/2020 07:08:27,0,0,0
14/11/2020 07:08:28,0,0,0
14/11/2020 07:08:29,0,0,0
14/11/2020 07:08:30,0,0,0
14/11/2020 07:08:31,0,0,0
14/11/2020 07:08:32,0,0,0
14/11/2020 07:08:33,0,0,0
14/11/2020 07:08:34,0,0,0
14/11/2020 07:08:35,0,0,0
14/11/2020 07:08:36,0,0,0
14/11/2020 07:08:37,0,0,0
14/11/2020 07:08:38,0,0,0
14/11/2020 07:08:39,0,0,0
14/11/2020 07:08:40,0,0,0
14/11/2020 07:08:41,0,0,0
14/11/2020 07:08:42,0,0,0
14/11/2020 07:08:43,0,0,0
14/11/2020 07:08:44,0,0,0
14/11/2020 07:08:45,0,0,0
14/11/2020 07:08:46,0,0,0
14/11/2020 07:08:47,0,0,0
14/11/2020 07:08:48,0,0,0
14/11/2020 07:08:49,0,0,0
14/11/2020 07:08:50,0,0,0
14/11/2020 07:08:51,0,0,0
14/11/2020 07:08:52,0,0,0
14/11/2020 07:08:53,0,0,0
14/11/2020 07:08:54,0,0,0
14/11/2020 07:08:55,0,0,0
14/11/2020 07:08:56,0,0,0
14/11/2020 07:08:57,0,0,0
14/11/2020 07:08:58,0,0,0
14/11/2020 07:08:59,0,0,0
14/11/2020 07:09:00,0,0,0
14/11/2020 07:09:01,0,0,0
14/11/2020 07:09:02,0,0,0
14/11/2020 07:09:03,0,0,0
14/11/2020 07:09:04,0,0,0
14/11/2020 07:09:05,0,0,0
14/11/2020 07:09:06,0,0,0
14/11/2020 07:09:07,0,0,0
14/11/2020 07:09:08,0,0,0
14/11/2020 07:09:09,0,0,0
14/11/2020 07:09:10,0,0,0
14/11/2020 07:09:11,0,0,0
14/11/2020 07:09:12,0,0,0
14/11/2020 07:09:13,0,0,0
14/11/2020 07:09:14,0,0,0
14/11/2020 07:09:15,0,0,0
14/11/2020 07:09:16,0,0,0
14/11/2020 07:09:17,0,0,0
14/11/2020 07:09:18,0,0,0
14/11/2020 07:09:19,0,0,0
14/11/2020 07:09:20,0,0,0
14/11/2020 07:09:21,0,0,0
14/11/2020 07:09:22,0,0,0
14/11/2020 07:09:23,0,0,0
14/11/2020 07:09:24,0,0,0
14/11/2020 07:09:25,0,0,0
14/11/2020 07:09:26,0,0,0
14/11/2020 07:09:27,0,0,0
14/11/2020 07:09:28,0,0,0
14/11/2020 07:09:29,0,0,0
14/11/2020 07:09:30,0,0,0
14/11/2020 07:09:31,0,0,0
14/11/2020 07:09:32,0,0,0
14/11/2020 07:09:33,0,0,0
14/11/2020 07:09:34,0,0,0
14/11/2020 07:09:35,0,0,0
14/11/2020 07:09:36,0,0,0
14/11/2020 07:09:37,0,0,0
14/11/2020 07:09:38,0,0,0
14/11/2020 07:09:39,0,0,0
14/11/2020 07:09:40,0,0,0
14/11/2020 07:09:41,0,0,0
14/11/2020 07:09:42,0,0,0
14/11/2020 07:09:43,0,0,0
14/11/2020 07:09:44,0,0,0
14/11/2020 07:09:45,0,0,0
14/11/2020 07:09:46,0,0,0
14/11/2020 07:09:47,0,0,0
14/11/2020 07:09:48,0,0,0
14/11/2020 07:09:49,0,0,0
14/11/2020 07:09:50,0,0,0
14/11/2020 07:09:51,0,0,0
14/11/2020 07:09:52,0,0,0
14/11/2020 07:09:53,0,0,0
14/11/2020 07:09:54,0,0,0
14/11/2020 07:09:55,0,0,0
14/11/2020 07:09:56,0,0,0
14/11/2020 07:09:57,0,0,0
14/11/2020 07:09:58,0,0,0
14/11/2020 07:09:59,0,0,0
14/11/2020 07:10:00,0,0,0
14/11/2020 07:10:01,0,0,0
14/11/2020 07:10:02,0,0,0
14/11/2020 07:10:03,0,0,0
14/11/2020 07:10:04,0,0,0
14/11/2020 07:10:05,0,0,0
14/11/2020 07:10:06,0,0,0
14/11/2020 07:10:07,0,0,0
14/11/2020 07:10:08,0,0,0
14/11/2020 07:10:09,0,0,0
14/11/2020 07:10:10,0,0,0
14/11/2020 07:10:11,0,0,0
14/11/2020 07:10:12,0,0,0
14/11/2020 07:10:13,0,0,0
14/11/2020 07:10:14,0,0,0
14/11/2020 07:10:15,0,0,0
14/11/2020 07:10:16,0,0,0
14/11/2020 07:10:17,0,0,0
14/11/2020 07:10:18,0,0,0
14/11/2020 07:10:19,0,0,0
14/11/2020 07:10:20,0,0,0
14/11/2020 07:10:21,0,0,0
14/11/2020 07:10:22,0,0,0
14/11/2020 07:10:23,0,0,0
14/11/2020 07:10:24,0,0,0
14/11/2020 07:10:25,0,0,0
14/11/2020 07:10:26,0,0,0
14/11/2020 07:10:27,0,0,0
14/11/2020 07:10:28,0,0,0
14/11/2020 07:10:29,0,0,0
14/11/2020 07:10:30,0,0,0
14/11/2020 07:10:31,0,0,0
14/11/2020 07:10:32,0,0,0
14/11/2020 07:10:33,0,0,0
14/11/2020 07:10:34,0,0,0
14/11/2020 07:10:35,0,0,0
14/11/2020 07:10:36,0,0,0
14/11/2020 07:10:37,0,0,0
14/11/2020 07:10:38,0,0,0
14/11/2020 07:10:39,0,0,0
14/11/2020 07:10:40,0,0,0
14/11/2020 07:10:41,0,0,0
14/11/2020 07:10:42,0,0,0
14/11/2020 07:10:43,0,0,0
14/11/2020 07:10:44,0,0,0
14/11/2020 07:10:45,0,0,0
14/11/2020 07:10:46,0,0,0
14/11/2020 07:10:47,0,0,0
14/11/2020 07:10:48,0,0,0
14/11/2020 07:10:49,0,0,0
14/11/2020 07:10:50,0,0,0
14/11/2020 07:10:51,0,0,0
14/11/2020 07:10:52,0,0,0
14/11/2020 07:10:53,0,0,0
14/11/2020 07:10:54,0,0,0
14/11/2020 07:10:55,0,0,0
14/11/2020 07:10:56,0,0,0
14/11/2020 07:10:57,0,0,0
14/11/2020 07:10:58,0,0,0
14/11/2020 07:10:59,0,0,0
14/11/2020 07:11:00,0,0,0
14/11/2020 07:11:01,0,0,0
14/11/2020 07:11:02,0,0,0
14/11/2020 07:11:03,0,0,0
14/11/2020 07:11:04,0,0,0
14/11/2020 07:11:05,0,0,0
14/11/2020 07:11:06,0,0,0
14/11/2020 07:11:07,0,0,0
14/11/2020 07:11:08,0,0,0
14/11/2020 07:11:09,0,0,0
14/11/2020 07:11:10,0,0,0
14/11/2020 07:11:11,0,0,0
14/11/2020 07:11:12,0,0,0
14/11/2020 07:11:13,0,0,0
14/11/2020 07:11:14,0,0,0
14/11/2020 07:11:15,0,0,0
14/11/2020 07:11:16,0,0,0
14/11/2020 07:11:17,0,0,0
14/11/2020 07:11:18,0,0,0
14/11/2020 07:11:19,0,0,0
14/11/2020 07:11:20,0,0,0
14/11/2020 07:11:21,0,0,0
14/11/2020 07:11:22,0,0,0
14/11/2020 07:11:23,0,0,0
14/11/2020 07:11:24,0,0,0
14/11/2020 07:11:25,0,0,0
14/11/2020 07:11:26,0,0,0
14/11/2020 07:11:27,0,0,0
14/11/2020 07:11:28,0,0,0
14/11/2020 07:11:29,0,0,0
14/11/2020 07:11:30,0,0,0
14/11/2020 07:11:31,0,0,0
14/11/2020 07:11:32,0,0,0
14/11/2020 07:11:33,0,0,0
14/11/2020 07:11:34,0,0,0
14/11/2020 07:11:35,0,0,0
14/11/2020 07:11:36,0,0,0
14/11/2020 07:11:37,0,0,0
14/11/2020 07:11:38,0,0,0
14/11/2020 07:11:39,0,0,0
14/11/2020 07:11:40,0,0,0
14/11/2020 07:11:41,0,0,0
14/11/2020 07:11:42,0,0,0
14/11/2020 07:11:43,0,0,0
14/11/2020 07:11:44,0,0,0
14/11/2020 07:11:45,0,0,0
14/11/2020 07:11:46,0,0,0
14/11/2020 07:11:47,0,0,0
14/11/2020 07:11:48,0,0,0
14/11/2020 07:11:49,0,0,0
14/11/2020 07:11:50,0,0,0
14/11/2020 07:11:51,0,0,0
14/11/2020 07:11:52,0,0,0
14/11/2020 07:11:53,0,0,0
14/11/2020 07:11:54,0,0,0
14/11/2020 07:11:55,0,0,0
14/11/2020 07:11:56,0,0,0
14/11/2020 07:11:57,0,0,0
14/11/2020 07:11:58,0,0,0
14/11/2020 07:11:59,0,0,0
14/11/2020 07:12:00,0,0,0
14/11/2020 07:12:01,0,0,0
14/11/2020 07:12:02,0,0,0
14/11/2020 07:12:03,0,0,0
14/11/2020 07:12:04,0,0,0
14/11/2020 07:12:05,0,0,0
14/11/2020 07:12:06,0,0,0
14/11/2020 07:12:07,0,0,0
14/11/2020 07:12:08,0,0,0
14/11/2020 07:12:09,0,0,0
14/11/2020 07:12:10,0,0,0
14/11/2020 07:12:11,0,0,0
14/11/2020 07:12:12,0,0,0
14/11/2020 07:12:13,0,0,0
14/11/2020 07:12:14,0,0,0
14/11/2020 07:12:15,0,0,0
14/11/2020 07:12:16,0,0,0
14/11/2020 07:12:17,0,0,0
14/11/2020 07:12:18,0,0,0
14/11/2020 07:12:19,0,0,0
14/11/2020 07:12:20,0,0,0
14/11/2020 07:12:21,0,0,0
14/11/2020 07:12:22,0,0,0
14/11/2020 07:12:23,0,0,0
14/11/2020 07:12:24,0,0,0
14/11/2020 07:12:25,0,0,0
14/11/2020 07:12:26,0,0,0
14/11/2020 07:12:27,0,0,0
14/11/2020 07:12:28,0,0,0
14/11/2020 07:12:29,0,0,0
14/11/2020 07:12:30,0,0,0
14/11/2020 07:12:31,0,0,0
14/11/2020 07:12:32,0,0,0
14/11/2020 07:12:33,0,0,0
14/11/2020 07:12:34,0,0,0
14/11/2020 07:12:35,0,0,0
14/11/2020 07:12:36,0,0,0
14/11/2020 07:12:37,0,0,0
14/11/2020 07:12:38,0,0,0
14/11/2020 07:12:39,0,0,0
14/11/2020 07:12:40,0,0,0
14/11/2020 07:12:41,0,0,0
14/11/2020 07:12:42,0,0,0
14/11/2020 07:12:43,0,0,0
14/11/2020 07:12:44,0,0,0
14/11/2020 07:12:45,0,0,0
14/11/2020 07:12:46,0,0,0
14/11/2020 07:12:47,0,0,0
14/11/2020 07:12:48,0,0,0
14/11/2020 07:12:49,0,0,0
14/11/2020 07:12:50,0,0,0
14/11/2020 07:12:51,0,0,0
14/11/2020 07:12:52,0,0,0
14/11/2020 07:12:53,0,0,0
14/11/2020 07:12:54,0,0,0
14/11/2020 07:12:55,0,0,0
14/11/2020 07:12:56,0,0,0
14/11/2020 07:12:57,0,0,0
14/11/2020 07:12:58,0,0,0
14/11/2020 07:12:59,0,0,0
14/11/2020 07:13:00,0,0,0
14/11/2020 07:13:01,0,0,0
14/11/2020 07:13:02,0,0,0
14/11/2020 07:13:03,0,0,0
14/11/2020 07:13:04,0,0,0
14/11/2020 07:13:05,0,0,0
14/11/2020 07:13:06,0,0,0
14/11/2020 07:13:07,0,0,0
14/11/2020 07:13:08,0,0,0
14/11/2020 07:13:09,0,0,0
14/11/2020 07:13:10,0,0,0
14/11/2020 07:13:11,0,0,0
14/11/2020 07:13:12,0,0,0
14/11/2020 07:13:13,0,0,0
14/11/2020 07:13:14,0,0,0
14/11/2020 07:13:15,0,0,0
14/11/2020 07:13:16,0,0,0
14/11/2020 07:13:17,0,0,0
14/11/2020 07:13:18,0,0,0
14/11/2020 07:13:19,0,0,0
14/11/2020 07:13:20,0,0,0
14/11/2020 07:13:21,0,0,0
14/11/2020 07:13:22,0,0,0
14/11/2020 07:13:23,0,0,0
14/11/2020 07:13:24,0,0,0
14/11/2020 07:13:25,0,0,0
14/11/2020 07:13:26,0,0,0
14/11/2020 07:13:27,0,0,0
14/11/2020 07:13:28,0,0,0
14/11/2020 07:13:29,0,0,0
14/11/2020 07:13:30,0,0,0
14/11/2020 07:13:31,0,0,0
14/11/2020 07:13:32,0,0,0
14/11/2020 07:13:33,0,0,0
14/11/2020 07:13:34,0,0,0
14/11/2020 07:13:35,0,0,0
14/11/2020 07:13:36,0,0,0
14/11/2020 07:13:37,0,0,0
14/11/2020 07:13:38,0,0,0
14/11/2020 07:13:39,0,0,0
14/11/2020 07:13:40,0,0,0
14/11/2020 07:13:41,0,0,0
14/11/2020 07:13:42,0,0,0
14/11/2020 07:13:43,0,0,0
14/11/2020 07:13:44,0,0,0
14/11/2020 07:13:45,0,0,0
14/11/2020 07:13:46,0,0,0
14/11/2020 07:13:47,0,0,0
14/11/2020 07:13:48,0,0,0
14/11/2020 07:13:49,0,0,0
14/11/2020 07:13:50,0,0,0
14/11/2020 07:13:51,0,0,0
14/11/2020 07:13:52,0,0,0
14/11/2020 07:13:53,0,0,0
14/11/2020 07:13:54,0,0,0
14/11/2020 07:13:55,0,0,0
14/11/2020 07:13:56,0,0,0
14/11/2020 07:13:57,0,0,0
14/11/2020 07:13:58,0,0,0
14/11/2020 07:13:59,0,0,0
14/11/2020 07:14:00,0,0,0
14/11/2020 07:14:01,0,0,0
14/11/2020 07:14:02,0,0,0
14/11/2020 07:14:03,0,0,0
14/11/2020 07:14:04,0,0,0
14/11/2020 07:14:05,0,0,0
14/11/2020 07:14:06,0,0,0
14/11/2020 07:14:07,0,0,0
14/11/2020 07:14:08,0,0,0
14/11/2020 07:14:09,0,0,0
14/11/2020 07:14:10,0,0,0
14/11/2020 07:14:11,0,0,0
14/11/2020 07:14:12,0,0,0
14/11/2020 07:14:13,0,0,0
14/11/2020 07:14:14,0,0,0
14/11/2020 07:14:15,0,0,0
14/11/2020 07:14:16,0,0,0
14/11/2020 07:14:17,0,0,0
14/11/2020 07:14:18,0,0,0
14/11/2020 07:14:19,0,0,0
14/11/2020 07:14:20,0,0,0
14/11/2020 07:14:21,0,0,0
14/11/2020 07:14:22,0,0,0
14/11/2020 07:14:23,0,0,0
14/11/2020 07:14:24,0,0,0
14/11/2020 07:14:25,0,0,0
14/11/2020 07:14:26,0,0,0
14/11/2020 07:14:27,0,0,0
14/11/2020 07:14:28,0,0,0
14/11/2020 07:14:29,0,0,0
14/11/2020 07:14:30,0,0,0
14/11/2020 07:14:31,0,0,0
14/11/2020 07:14:32,0,0,0
14/11/2020 07:14:33,0,0,0
14/11/2020 07:14:34,0,0,0
14/11/2020 07:14:35,0,0,0
14/11/2020 07:14:36,0,0,0
14/11/2020 07:14:37,0,0,0
14/11/2020 07:14:38,0,0,0
14/11/2020 07:14:39,0,0,0
14/11/2020 07:14:40,0,0,0
14/11/2020 07:14:41,0,0,0
14/11/2020 07:14:42,0,0,0
14/11/2020 07:14:43,0,0,0
14/11/2020 07:14:44,0,0,0
14/11/2020 07:14:45,0,0,0
14/11/2020 07:14:46,0,0,0
14/11/2020 07:14:47,0,0,0
14/11/2020 07:14:48,0,0,0
14/11/2020 07:14:49,0,0,0
14/11/2020 07:14:50,0,0,0
14/11/2020 07:14:51,0,0,0
14/11/2020 07:14:52,0,0,0
14/11/2020 07:14:53,0,0,0
14/11/2020 07:14:54,0,0,0
14/11/2020 07:14:55,0,0,0
14/11/2020 07:14:56,0,0,0
14/11/2020 07:14:57,0,0,0
14/11/2020 07:14:58,0,0,0
14/11/2020 07:14:59,0,0,0
14/11/2020 07:15:00,0,0,0
14/11/2020 07:15:01,0,0,0
14/11/2020 07:15:02,0,0,0
14/11/2020 07:15:03,0,0,0
14/11/2020 07:15:04,0,0,0
14/11/2020 07:15:05,0,0,0
14/11/2020 07:15:06,0,0,0
14/11/2020 07:15:07,0,0,0
14/11/2020 07:15:08,0,0,0
14/11/2020 07:15:09,0,0,0
14/11/2020 07:15:10,0,0,0
14/11/2020 07:15:11,0,0,0
14/11/2020 07:15:12,0,0,0
14/11/2020 07:15:13,0,0,0
14/11/2020 07:15:14,0,0,0
14/11/2020 07:15:15,0,0,0
14/11/2020 07:15:16,0,0,0
14/11/2020 07:15:17,0,0,0
14/11/2020 07:15:18,0,0,0
14/11/2020 07:15:19,0,0,0
14/11/2020 07:15:20,0,0,0
14/11/2020 07:15:21,0,0,0
14/11/2020 07:15:22,0,0,0
14/11/2020 07:15:23,0,0,0
14/11/2020 07:15:24,0,0,0
14/11/2020 07:15:25,0,0,0
14/11/2020 07:15:26,0,0,0
14/11/2020 07:15:27,0,0,0
14/11/2020 07:15:28,0,0,0
14/11/2020 07:15:29,0,0,0
14/11/2020 07:15:30,0,0,0
14/11/2020 07:15:31,0,0,0
14/11/2020 07:15:32,0,0,0
14/11/2020 07:15:33,0,0,0
14/11/2020 07:15:34,0,0,0
14/11/2020 07:15:35,0,0,0
14/11/2020 07:15:36,0,0,0
14/11/2020 07:15:37,0,0,0
14/11/2020 07:15:38,0,0,0
14/11/2020 07:15:39,0,0,0
14/11/2020 07:15:40,0,0,0
14/11/2020 07:15:41,0,0,0
14/11/2020 07:15:42,0,0,0
14/11/2020 07:15:43,0,0,0
14/11/2020 07:15:44,0,0,0
14/11/2020 07:15:45,0,0,0
14/11/2020 07:15:46,0,0,0
14/11/2020 07:15:47,0,0,0
14/11/2020 07:15:48,0,0,0
14/11/2020 07:15:49,0,0,0
14/11/2020 07:15:50,0,0,0
14/11/2020 07:15:51,0,0,0
14/11/2020 07:15:52,0,0,0
14/11/2020 07:15:53,0,0,0
14/11/2020 07:15:54,0,0,0
14/11/2020 07:15:55,0,0,0
14/11/2020 07:15:56,0,0,0
14/11/2020 07:15:57,0,0,0
14/11/2020 07:15:58,0,0,0
14/11/2020 07:15:59,0,0,0
14/11/2020 07:16:00,0,0,0
14/11/2020 07:16:01,0,0,0
14/11/2020 07:16:02,0,0,0
14/11/2020 07:16:03,0,0,0
14/11/2020 07:16:04,0,0,0
14/11/2020 07:16:05,0,0,0
14/11/2020 07:16:06,0,0,0
14/11/2020 07:16:07,0,0,0
14/11/2020 07:16:08,0,0,0
14/11/2020 07:16:09,0,0,0
14/11/2020 07:16:10,0,0,0
14/11/2020 07:16:11,0,0,0
14/11/2020 07:16:12,0,0,0
14/11/2020 07:16:13,0,0,0
14/11/2020 07:16:14,0,0,0
14/11/2020 07:16:15,0,0,0
14/11/2020 07:16:16,0,0,0
14/11/2020 07:16:17,0,0,0
14/11/2020 07:16:18,0,0,0
14/11/2020 07:16:19,0,0,0
14/11/2020 07:16:20,0,0,0
14/11/2020 07:16:21,0,0,0
14/11/2020 07:16:22,0,0,0
14/11/2020 07:16:23,0,0,0
14/11/2020 07:16:24,0,0,0
14/11/2020 07:16:25,0,0,0
14/11/2020 07:16:26,0,0,0
14/11/2020 07:16:27,0,0,0
14/11/2020 07:16:28,0,0,0
14/11/2020 07:16:29,0,0,0
14/11/2020 07:16:30,0,0,0
14/11/2020 07:16:31,0,0,0
14/11/2020 07:16:32,0,0,0
14/11/2020 07:16:33,0,0,0
14/11/2020 07:16:34,0,0,0
14/11/2020 07:16:35,0,0,0
14/11/2020 07:16:36,0,0,0
14/11/2020 07:16:37,0,0,0
14/11/2020 07:16:38,0,0,0
14/11/2020 07:16:39,0,0,0
14/11/2020 07:16:40,0,0,0
14/11/2020 07:16:41,0,0,0
14/11/2020 07:16:42,0,0,0
14/11/2020 07:16:43,0,0,0
14/11/2020 07:16:44,0,0,0
14/11/2020 07:16:45,0,0,0
14/11/2020 07:16:46,0,0,0
14/11/2020 07:16:47,0,0,0
14/11/2020 07:16:48,0,0,0
14/11/2020 07:16:49,0,0,0
14/11/2020 07:16:50,0,0,0
14/11/2020 07:16:51,0,0,0
14/11/2020 07:16:52,0,0,0
14/11/2020 07:16:53,0,0,0
14/11/2020 07:16:54,0,0,0
14/11/2020 07:16:55,0,0,0
14/11/2020 07:16:56,0,0,0
14/11/2020 07:16:57,0,0,0
14/11/2020 07:16:58,0,0,0
14/11/2020 07:16:59,0,0,0
14/11/2020 07:17:00,0,0,0
14/11/2020 07:17:01,0,0,0
14/11/2020 07:17:02,0,0,0
14/11/2020 07:17:03,0,0,0
14/11/2020 07:17:04,0,0,0
14/11/2020 07:17:05,0,0,0
14/11/2020 07:17:06,0,0,0
14/11/2020 07:17:07,0,0,0
14/11/2020 07:17:08,0,0,0
14/11/2020 07:17:09,0,0,0
14/11/2020 07:17:10,0,0,0
14/11/2020 07:17:11,0,0,0
14/11/2020 07:17:12,0,0,0
14/11/2020 07:17:13,0,0,0
14/11/2020 07:17:14,0,0,0
14/11/2020 07:17:15,0,0,0
14/11/2020 07:17:16,0,0,0
14/11/2020 07:17:17,0,0,0
14/11/2020 07:17:18,0,0,0
14/11/2020 07:17:19,0,0,0
14/11/2020 07:17:20,0,0,0
14/11/2020 07:17:21,0,0,0
14/11/2020 07:17:22,0,0,0
14/11/2020 07:17:23,0,0,0
14/11/2020 07:17:24,0,0,0
14/11/2020 07:17:25,0,0,0
14/11/2020 07:17:26,0,0,0
14/11/2020 07:17:27,0,0,0
14/11/2020 07:17:28,0,0,0
14/11/2020 07:17:29,0,0,0
14/11/2020 07:17:30,0,0,0
14/11/2020 07:17:31,0,0,0
14/11/2020 07:17:32,0,0,0
14/11/2020 07:17:33,0,0,0
14/11/2020 07:17:34,0,0,0
14/11/2020 07:17:35,0,0,0
14/11/2020 07:17:36,0,0,0
14/11/2020 07:17:37,0,0,0
14/11/2020 07:17:38,0,0,0
14/11/2020 07:17:39,0,0,0
14/11/2020 07:17:40,0,0,0
14/11/2020 07:17:41,0,0,0
14/11/2020 07:17:42,0,0,0
14/11/2020 07:17:43,0,0,0
14/11/2020 07:17:44,0,0,0
14/11/2020 07:17:45,0,0,0
14/11/2020 07:17:46,0,0,0
14/11/2020 07:17:47,0,0,0
14/11/2020 07:17:48,0,0,0
14/11/2020 07:17:49,0,0,0
14/11/2020 07:17:50,0,0,0
14/11/2020 07:17:51,0,0,0
14/11/2020 07:17:52,0,0,0
14/11/2020 07:17:53,0,0,0
14/11/2020 07:17:54,0,0,0
14/11/2020 07:17:55,0,0,0
14/11/2020 07:17:56,0,0,0
14/11/2020 07:17:57,0,0,0
14/11/2020 07:17:58,0,0,0
14/11/2020 07:17:59,0,0,0
14/11/2020 07:18:00,0,0,0
14/11/2020 07:18:01,0,0,0
14/11/2020 07:18:02,0,0,0
14/11/2020 07:18:03,0,0,0
14/11/2020 07:18:04,0,0,0
14/11/2020 07:18:05,0,0,0
14/11/2020 07:18:06,0,0,0
14/11/2020 07:18:07,0,0,0
14/11/2020 07:18:08,0,0,0
14/11/2020 07:18:09,0,0,0
14/11/2020 07:18:10,0,0,0
14/11/2020 07:18:11,0,0,0
14/11/2020 07:18:12,0,0,0
14/11/2020 07:18:13,0,0,0
14/11/2020 07:18:14,0,0,0
14/11/2020 07:18:15,0,0,0
14/11/2020 07:18:16,0,0,0
14/11/2020 07:18:17,0,0,0
14/11/2020 07:18:18,0,0,0
14/11/2020 07:18:19,0,0,0
14/11/2020 07:18:20,0,0,0
14/11/2020 07:18:21,0,0,0
14/11/2020 07:18:22,0,0,0
14/11/2020 07:18:23,0,0,0
14/11/2020 07:18:24,0,0,0
14/11/2020 07:18:25,0,0,0
14/11/2020 07:18:26,0,0,0
14/11/2020 07:18:27,0,0,0
14/11/2020 07:18:28,0,0,0
14/11/2020 07:18:29,0,0,0
14/11/2020 07:18:30,0,0,0
14/11/2020 07:18:31,0,0,0
14/11/2020 07:18:32,0,0,0
14/11/2020 07:18:33,0,0,0
14/11/2020 07:18:34,0,0,0
14/11/2020 07:18:35,0,0,0
14/11/2020 07:18:36,0,0,0
14/11/2020 07:18:37,0,0,0
14/11/2020 07:18:38,0,0,0
14/11/2020 07:18:39,0,0,0
14/11/2020 07:18:40,0,0,0
14/11/2020 07:18:41,0,0,0
14/11/2020 07:18:42,0,0,0
14/11/2020 07:18:43,0,0,0
14/11/2020 07:18:44,0,0,0
14/11/2020 07:18:45,0,0,0
14/11/2020 07:18:46,0,0,0
14/11/2020 07:18:47,0,0,0
14/11/2020 07:18:48,0,0,0
14/11/2020 07:18:49,0,0,0
14/11/2020 07:18:50,0,0,0
14/11/2020 07:18:51,0,0,0
14/11/2020 07:18:52,0,0,0
14/11/2020 07:18:53,0,0,0
14/11/2020 07:18:54,0,0,0
14/11/2020 07:18:55,0,0,0
14/11/2020 07:18:56,0,0,0
14/11/2020 07:18:57,0,0,0
14/11/2020 07:18:58,0,0,0
14/11/2020 07:18:59,0,0,0
14/11/2020 07:19:00,0,0,0
14/11/2020 07:19:01,0,0,0
14/11/2020 07:19:02,0,0,0
14/11/2020 07:19:03,0,0,0
14/11/2020 07:19:04,0,0,0
14/11/2020 07:19:05,0,0,0
14/11/2020 07:19:06,0,0,0
14/11/2020 07:19:07,0,0,0
14/11/2020 07:19:08,0,0,0
14/11/2020 07:19:09,0,0,0
14/11/2020 07:19:10,0,0,0
14/11/2020 07:19:11,0,0,0
14/11/2020 07:19:12,0,0,0
14/11/2020 07:19:13,0,0,0
14/11/2020 07:19:14,0,0,0
14/11/2020 07:19:15,0,0,0
14/11/2020 07:19:16,0,0,0
14/11/2020 07:19:17,0,0,0
14/11/2020 07:19:18,0,0,0
14/11/2020 07:19:19,0,0,0
14/11/2020 07:19:20,0,0,0
14/11/2020 07:19:21,0,0,0
14/11/2020 07:19:22,0,0,0
14/11/2020 07:19:23,0,0,0
14/11/2020 07:19:24,0,0,0
14/11/2020 07:19:25,0,0,0
14/11/2020 07:19:26,0,0,0
14/11/2020 07:19:27,0,0,0
14/11/2020 07:19:28,0,0,0
14/11/2020 07:19:29,0,0,0
14/11/2020 07:19:30,0,0,0
14/11/2020 07:19:31,0,0,0
14/11/2020 07:19:32,0,0,0
14/11/2020 07:19:33,0,0,0
14/11/2020 07:19:34,0,0,0
14/11/2020 07:19:35,0,0,0
14/11/2020 07:19:36,0,0,0
14/11/2020 07:19:37,0,0,0
14/11/2020 07:19:38,0,0,0
14/11/2020 07:19:39,0,0,0
14/11/2020 07:19:40,0,0,0
14/11/2020 07:19:41,0,0,0
14/11/2020 07:19:42,0,0,0
14/11/2020 07:19:43,0,0,0
14/11/2020 07:19:44,0,0,0
14/11/2020 07:19:45,0,0,0
14/11/2020 07:19:46,0,0,0
14/11/2020 07:19:47,0,0,0
14/11/2020 07:19:48,0,0,0
14/11/2020 07:19:49,0,0,0
14/11/2020 07:19:50,0,0,0
14/11/2020 07:19:51,0,0,0
14/11/2020 07:19:52,0,0,0
14/11/2020 07:19:53,0,0,0
14/11/2020 07:19:54,0,0,0
14/11/2020 07:19:55,0,0,0
14/11/2020 07:19:56,0,0,0
14/11/2020 07:19:57,0,0,0
14/11/2020 07:19:58,0,0,0
14/11/2020 07:19:59,0,0,0
14/11/2020 07:20:00,0,0,0
14/11/2020 07:20:01,0,0,0
14/11/2020 07:20:02,0,0,0
14/11/2020 07:20:03,0,0,0
14/11/2020 07:20:04,0,0,0
14/11/2020 07:20:05,0,0,0
14/11/2020 07:20:06,0,0,0
14/11/2020 07:20:07,0,0,0
14/11/2020 07:20:08,0,0,0
14/11/2020 07:20:09,0,0,0
14/11/2020 07:20:10,0,0,0
14/11/2020 07:20:11,0,0,0
14/11/2020 07:20:12,0,0,0
14/11/2020 07:20:13,0,0,0
14/11/2020 07:20:14,0,0,0
14/11/2020 07:20:15,0,0,0
14/11/2020 07:20:16,0,0,0
14/11/2020 07:20:17,0,0,0
14/11/2020 07:20:18,0,0,0
14/11/2020 07:20:19,0,0,0
14/11/2020 07:20:20,0,0,0
14/11/2020 07:20:21,0,0,0
14/11/2020 07:20:22,0,0,0
14/11/2020 07:20:23,0,0,0
14/11/2020 07:20:24,0,0,0
14/11/2020 07:20:25,0,0,0
14/11/2020 07:20:26,0,0,0
14/11/2020 07:20:27,0,0,0
14/11/2020 07:20:28,0,0,0
14/11/2020 07:20:29,0,0,0
14/11/2020 07:20:30,0,0,0
14/11/2020 07:20:31,0,0,0
14/11/2020 07:20:32,0,0,0
14/11/2020 07:20:33,0,0,0
14/11/2020 07:20:34,0,0,0
14/11/2020 07:20:35,0,0,0
14/11/2020 07:20:36,0,0,0
14/11/2020 07:20:37,0,0,0
14/11/2020 07:20:38,0,0,0
14/11/2020 07:20:39,0,0,0
14/11/2020 07:20:40,0,0,0
14/11/2020 07:20:41,0,0,0
14/11/2020 07:20:42,0,0,0
14/11/2020 07:20:43,0,0,0
14/11/2020 07:20:44,0,0,0
14/11/2020 07:20:45,0,0,0
14/11/2020 07:20:46,0,0,0
14/11/2020 07:20:47,0,0,0
14/11/2020 07:20:48,0,0,0
14/11/2020 07:20:49,0,0,0
14/11/2020 07:20:50,0,0,0
14/11/2020 07:20:51,0,0,0
14/11/2020 07:20:52,0,0,0
14/11/2020 07:20:53,0,0,0
14/11/2020 07:20:54,0,0,0
14/11/2020 07:20:55,0,0,0
14/11/2020 07:20:56,0,0,0
14/11/2020 07:20:57,0,0,0
14/11/2020 07:20:58,0,0,0
14/11/2020 07:20:59,0,0,0
14/11/2020 07:21:00,0,0,0
14/11/2020 07:21:01,0,0,0
14/11/2020 07:21:02,0,0,0
14/11/2020 07:21:03,0,0,0
14/11/2020 07:21:04,0,0,0
14/11/2020 07:21:05,0,0,0
14/11/2020 07:21:06,0,0,0
14/11/2020 07:21:07,0,0,0
14/11/2020 07:21:08,0,0,0
14/11/2020 07:21:09,0,0,0
14/11/2020 07:21:10,0,0,0
14/11/2020 07:21:11,0,0,0
14/11/2020 07:21:12,0,0,0
14/11/2020 07:21:13,0,0,0
14/11/2020 07:21:14,0,0,0
14/11/2020 07:21:15,0,0,0
14/11/2020 07:21:16,0,0,0
14/11/2020 07:21:17,0,0,0
14/11/2020 07:21:18,0,0,0
14/11/2020 07:21:19,0,0,0
14/11/2020 07:21:20,0,0,0
14/11/2020 07:21:21,0,0,0
14/11/2020 07:21:22,0,0,0
14/11/2020 07:21:23,0,0,0
14/11/2020 07:21:24,0,0,0
14/11/2020 07:21:25,0,0,0
14/11/2020 07:21:26,0,0,0
14/11/2020 07:21:27,0,0,0
14/11/2020 07:21:28,0,0,0
14/11/2020 07:21:29,0,0,0
14/11/2020 07:21:30,0,0,0
14/11/2020 07:21:31,0,0,0
14/11/2020 07:21:32,0,0,0
14/11/2020 07:21:33,0,0,0
14/11/2020 07:21:34,0,0,0
14/11/2020 07:21:35,0,0,0
14/11/2020 07:21:36,0,0,0
14/11/2020 07:21:37,0,0,0
14/11/2020 07:21:38,0,0,0
14/11/2020 07:21:39,0,0,0
14/11/2020 07:21:40,0,0,0
14/11/2020 07:21:41,0,0,0
14/11/2020 07:21:42,0,0,0
14/11/2020 07:21:43,0,0,0
14/11/2020 07:21:44,0,0,0
14/11/2020 07:21:45,0,0,0
14/11/2020 07:21:46,0,0,0
14/11/2020 07:21:47,0,0,0
14/11/2020 07:21:48,0,0,0
14/11/2020 07:21:49,0,0,0
14/11/2020 07:21:50,0,0,0
14/11/2020 07:21:51,0,0,0
14/11/2020 07:21:52,0,0,0
14/11/2020 07:21:53,0,0,0
14/11/2020 07:21:54,0,0,0
14/11/2020 07:21:55,0,0,0
14/11/2020 07:21:56,0,0,0
14/11/2020 07:21:57,0,0,0
14/11/2020 07:21:58,0,0,0
14/11/2020 07:21:59,0,0,0
14/11/2020 07:22:00,0,0,0
14/11/2020 07:22:01,0,0,0
14/11/2020 07:22:02,0,0,0
14/11/2020 07:22:03,0,0,0
14/11/2020 07:22:04,0,0,0
14/11/2020 07:22:05,0,0,0
14/11/2020 07:22:06,0,0,0
14/11/2020 07:22:07,0,0,0
14/11/2020 07:22:08,0,0,0
14/11/2020 07:22:09,0,0,0
14/11/2020 07:22:10,0,0,0
14/11/2020 07:22:11,0,0,0
14/11/2020 07:22:12,0,0,0
14/11/2020 07:22:13,0,0,0
14/11/2020 07:22:14,0,0,0
14/11/2020 07:22:15,0,0,0
14/11/2020 07:22:16,0,0,0
14/11/2020 07:22:17,0,0,0
14/11/2020 07:22:18,0,0,0
14/11/2020 07:22:19,0,0,0
14/11/2020 07:22:20,0,0,0
14/11/2020 07:22:21,0,0,0
14/11/2020 07:22:22,0,0,0
14/11/2020 07:22:23,0,0,0
14/11/2020 07:22:24,0,0,0
14/11/2020 07:22:25,0,0,0
14/11/2020 07:22:26,0,0,0
14/11/2020 07:22:27,0,0,0
14/11/2020 07:22:28,0,0,0
14/11/2020 07:22:29,0,0,0
14/11/2020 07:22:30,0,0,0
14/11/2020 07:22:31,0,0,0
14/11/2020 07:22:32,0,0,0
14/11/2020 07:22:33,0,0,0
14/11/2020 07:22:34,0,0,0
14/11/2020 07:22:35,0,0,0
14/11/2020 07:22:36,0,0,0
14/11/2020 07:22:37,0,0,0
14/11/2020 07:22:38,0,0,0
14/11/2020 07:22:39,0,0,0
14/11/2020 07:22:40,0,0,0
14/11/2020 07:22:41,0,0,0
14/11/2020 07:22:42,0,0,0
14/11/2020 07:22:43,0,0,0
14/11/2020 07:22:44,0,0,0
14/11/2020 07:22:45,0,0,0
14/11/2020 07:22:46,0,0,0
14/11/2020 07:22:47,0,0,0
14/11/2020 07:22:48,0,0,0
14/11/2020 07:22:49,0,0,0
14/11/2020 07:22:50,0,0,0
14/11/2020 07:22:51,0,0,0
14/11/2020 07:22:52,0,0,0
14/11/2020 07:22:53,0,0,0
14/11/2020 07:22:54,0,0,0
14/11/2020 07:22:55,0,0,0
14/11/2020 07:22:56,0,0,0
14/11/2020 07:22:57,0,0,0
14/11/2020 07:22:58,0,0,0
14/11/2020 07:22:59,0,0,0
14/11/2020 07:23:00,0,0,0
14/11/2020 07:23:01,0,0,0
14/11/2020 07:23:02,0,0,0
14/11/2020 07:23:03,0,0,0
14/11/2020 07:23:04,0,0,0
14/11/2020 07:23:05,0,0,0
14/11/2020 07:23:06,0,0,0
14/11/2020 07:23:07,0,0,0
14/11/2020 07:23:08,0,0,0
14/11/2020 07:23:09,0,0,0
14/11/2020 07:23:10,0,0,0
14/11/2020 07:23:11,0,0,0
14/11/2020 07:23:12,0,0,0
14/11/2020 07:23:13,0,0,0
14/11/2020 07:23:14,0,0,0
14/11/2020 07:23:15,0,0,0
14/11/2020 07:23:16,0,0,0
14/11/2020 07:23:17,0,0,0
14/11/2020 07:23:18,0,0,0
14/11/2020 07:23:19,0,0,0
14/11/2020 07:23:20,0,0,0
14/11/2020 07:23:21,0,0,0
14/11/2020 07:23:22,0,0,0
14/11/2020 07:23:23,0,0,0
14/11/2020 07:23:24,0,0,0
14/11/2020 07:23:25,0,0,0
14/11/2020 07:23:26,0,0,0
14/11/2020 07:23:27,0,0,0
14/11/2020 07:23:28,0,0,0
14/11/2020 07:23:29,0,0,0
14/11/2020 07:23:30,0,0,0
14/11/2020 07:23:31,0,0,0
14/11/2020 07:23:32,0,0,0
14/11/2020 07:23:33,0,0,0
14/11/2020 07:23:34,0,0,0
14/11/2020 07:23:35,0,0,0
14/11/2020 07:23:36,0,0,0
14/11/2020 07:23:37,0,0,0
14/11/2020 07:23:38,0,0,0
14/11/2020 07:23:39,0,0,0
14/11/2020 07:23:40,0,0,0
14/11/2020 07:23:41,0,0,0
14/11/2020 07:23:42,0,0,0
14/11/2020 07:23:43,0,0,0
14/11/2020 07:23:44,0,0,0
14/11/2020 07:23:45,0,0,0
14/11/2020 07:23:46,0,0,0
14/11/2020 07:23:47,0,0,0
14/11/2020 07:23:48,0,0,0
14/11/2020 07:23:49,0,0,0
14/11/2020 07:23:50,0,0,0
14/11/2020 07:23:51,0,0,0
14/11/2020 07:23:52,0,0,0
14/11/2020 07:23:53,0,0,0
14/11/2020 07:23:54,0,0,0
14/11/2020 07:23:55,0,0,0
14/11/2020 07:23:56,0,0,0
14/11/2020 07:23:57,0,0,0
14/11/2020 07:23:58,0,0,0
14/11/2020 07:23:59,0,0,0
14/11/2020 07:24:00,0,0,0
14/11/2020 07:24:01,0,0,0
14/11/2020 07:24:02,0,0,0
14/11/2020 07:24:03,0,0,0
14/11/2020 07:24:04,0,0,0
14/11/2020 07:24:05,0,0,0
14/11/2020 07:24:06,0,0,0
14/11/2020 07:24:07,0,0,0
14/11/2020 07:24:08,0,0,0
14/11/2020 07:24:09,0,0,0
14/11/2020 07:24:10,0,0,0
14/11/2020 07:24:11,0,0,0
14/11/2020 07:24:12,0,0,0
14/11/2020 07:24:13,0,0,0
14/11/2020 07:24:14,0,0,0
14/11/2020 07:24:15,0,0,0
14/11/2020 07:24:16,0,0,0
14/11/2020 07:24:17,0,0,0
14/11/2020 07:24:18,0,0,0
14/11/2020 07:24:19,0,0,0
14/11/2020 07:24:20,0,0,0
14/11/2020 07:24:21,0,0,0
14/11/2020 07:24:22,0,0,0
14/11/2020 07:24:23,0,0,0
14/11/2020 07:24:24,0,0,0
14/11/2020 07:24:25,0,0,0
14/11/2020 07:24:26,0,0,0
14/11/2020 07:24:27,0,0,0
14/11/2020 07:24:28,0,0,0
14/11/2020 07:24:29,0,0,0
14/11/2020 07:24:30,0,0,0
14/11/2020 07:24:31,0,0,0
14/11/2020 07:24:32,0,0,0
14/11/2020 07:24:33,0,0,0
14/11/2020 07:24:34,0,0,0
14/11/2020 07:24:35,0,0,0
14/11/2020 07:24:36,0,0,0
14/11/2020 07:24:37,0,0,0
14/11/2020 07:24:38,0,0,0
14/11/2020 07:24:39,0,0,0
14/11/2020 07:24:40,0,0,0
14/11/2020 07:24:41,0,0,0
14/11/2020 07:24:42,0,0,0
14/11/2020 07:24:43,0,0,0
14/11/2020 07:24:44,0,0,0
14/11/2020 07:24:45,0,0,0
14/11/2020 07:24:46,0,0,0
14/11/2020 07:24:47,0,0,0
14/11/2020 07:24:48,0,0,0
14/11/2020 07:24:49,0,0,0
14/11/2020 07:24:50,0,0,0
14/11/2020 07:24:51,0,0,0
14/11/2020 07:24:52,0,0,0
14/11/2020 07:24:53,0,0,0
14/11/2020 07:24:54,0,0,0
14/11/2020 07:24:55,0,0,0
14/11/2020 07:24:56,0,0,0
14/11/2020 07:24:57,0,0,0
14/11/2020 07:24:58,0,0,0
14/11/2020 07:24:59,0,0,0
14/11/2020 07:25:00,0,0,0
14/11/2020 07:25:01,0,0,0
14/11/2020 07:25:02,0,0,0
14/11/2020 07:25:03,0,0,0
14/11/2020 07:25:04,0,0,0
14/11/2020 07:25:05,0,0,0
14/11/2020 07:25:06,0,0,0
14/11/2020 07:25:07,0,0,0
14/11/2020 07:25:08,0,0,0
14/11/2020 07:25:09,0,0,0
14/11/2020 07:25:10,0,0,0
14/11/2020 07:25:11,0,0,0
14/11/2020 07:25:12,0,0,0
14/11/2020 07:25:13,0,0,0
14/11/2020 07:25:14,0,0,0
14/11/2020 07:25:15,0,0,0
14/11/2020 07:25:16,0,0,0
14/11/2020 07:25:17,0,0,0
14/11/2020 07:25:18,0,0,0
14/11/2020 07:25:19,0,0,0
14/11/2020 07:25:20,0,0,0
14/11/2020 07:25:21,0,0,0
14/11/2020 07:25:22,0,0,0
14/11/2020 07:25:23,0,0,0
14/11/2020 07:25:24,0,0,0
14/11/2020 07:25:25,0,0,0
14/11/2020 07:25:26,0,0,0
14/11/2020 07:25:27,0,0,0
14/11/2020 07:25:28,0,0,0
14/11/2020 07:25:29,0,0,0
14/11/2020 07:25:30,0,0,0
14/11/2020 07:25:31,0,0,0
14/11/2020 07:25:32,0,0,0
14/11/2020 07:25:33,0,0,0
14/11/2020 07:25:34,0,0,0
14/11/2020 07:25:35,0,0,0
14/11/2020 07:25:36,0,0,0
14/11/2020 07:25:37,0,0,0
14/11/2020 07:25:38,0,0,0
14/11/2020 07:25:39,0,0,0
14/11/2020 07:25:40,0,0,0
14/11/2020 07:25:41,0,0,0
14/11/2020 07:25:42,0,0,0
14/11/2020 07:25:43,0,0,0
14/11/2020 07:25:44,0,0,0
14/11/2020 07:25:45,0,0,0
14/11/2020 07:25:46,0,0,0
14/11/2020 07:25:47,0,0,0
14/11/2020 07:25:48,0,0,0
14/11/2020 07:25:49,0,0,0
14/11/2020 07:25:50,0,0,0
14/11/2020 07:25:51,0,0,0
14/11/2020 07:25:52,0,0,0
14/11/2020 07:25:53,0,0,0
14/11/2020 07:25:54,0,0,0
14/11/2020 07:25:55,0,0,0
14/11/2020 07:25:56,0,0,0
14/11/2020 07:25:57,0,0,0
14/11/2020 07:25:58,0,0,0
14/11/2020 07:25:59,0,0,0
14/11/2020 07:26:00,0,0,0
14/11/2020 07:26:01,0,0,0
14/11/2020 07:26:02,0,0,0
14/11/2020 07:26:03,0,0,0
14/11/2020 07:26:04,0,0,0
14/11/2020 07:26:05,0,0,0
14/11/2020 07:26:06,0,0,0
14/11/2020 07:26:07,0,0,0
14/11/2020 07:26:08,0,0,0
14/11/2020 07:26:09,0,0,0
14/11/2020 07:26:10,0,0,0
14/11/2020 07:26:11,0,0,0
14/11/2020 07:26:12,0,0,0
14/11/2020 07:26:13,0,0,0
14/11/2020 07:26:14,0,0,0
14/11/2020 07:26:15,0,0,0
14/11/2020 07:26:16,0,0,0
14/11/2020 07:26:17,0,0,0
14/11/2020 07:26:18,0,0,0
14/11/2020 07:26:19,0,0,0
14/11/2020 07:26:20,0,0,0
14/11/2020 07:26:21,0,0,0
14/11/2020 07:26:22,0,0,0
14/11/2020 07:26:23,0,0,0
14/11/2020 07:26:24,0,0,0
14/11/2020 07:26:25,0,0,0
14/11/2020 07:26:26,0,0,0
14/11/2020 07:26:27,0,0,0
14/11/2020 07:26:28,0,0,0
14/11/2020 07:26:29,0,0,0
14/11/2020 07:26:30,0,0,0
14/11/2020 07:26:31,0,0,0
14/11/2020 07:26:32,0,0,0
14/11/2020 07:26:33,0,0,0
14/11/2020 07:26:34,0,0,0
14/11/2020 07:26:35,0,0,0
14/11/2020 07:26:36,0,0,0
14/11/2020 07:26:37,0,0,0
14/11/2020 07:26:38,0,0,0
14/11/2020 07:26:39,0,0,0
14/11/2020 07:26:40,0,0,0
14/11/2020 07:26:41,0,0,0
14/11/2020 07:26:42,0,0,0
14/11/2020 07:26:43,0,0,0
14/11/2020 07:26:44,0,0,0
14/11/2020 07:26:45,0,0,0
14/11/2020 07:26:46,0,0,0
14/11/2020 07:26:47,0,0,0
14/11/2020 07:26:48,0,0,0
14/11/2020 07:26:49,0,0,0
14/11/2020 07:26:50,0,0,0
14/11/2020 07:26:51,0,0,0
14/11/2020 07:26:52,0,0,0
14/11/2020 07:26:53,0,0,0
14/11/2020 07:26:54,0,0,0
14/11/2020 07:26:55,0,0,0
14/11/2020 07:26:56,0,0,0
14/11/2020 07:26:57,0,0,0
14/11/2020 07:26:58,0,0,0
14/11/2020 07:26:59,0,0,0
14/11/2020 07:27:00,0,0,0
14/11/2020 07:27:01,0,0,0
14/11/2020 07:27:02,0,0,0
14/11/2020 07:27:03,0,0,0
14/11/2020 07:27:04,0,0,0
14/11/2020 07:27:05,0,0,0
14/11/2020 07:27:06,0,0,0
14/11/2020 07:27:07,0,0,0
14/11/2020 07:27:08,0,0,0
14/11/2020 07:27:09,0,0,0
14/11/2020 07:27:10,0,0,0
14/11/2020 07:27:11,0,0,0
14/11/2020 07:27:12,0,0,0
14/11/2020 07:27:13,0,0,0
14/11/2020 07:27:14,0,0,0
14/11/2020 07:27:15,0,0,0
14/11/2020 07:27:16,0,0,0
14/11/2020 07:27:17,0,0,0
14/11/2020 07:27:18,0,0,0
14/11/2020 07:27:19,0,0,0
14/11/2020 07:27:20,0,0,0
14/11/2020 07:27:21,0,0,0
14/11/2020 07:27:22,0,0,0
14/11/2020 07:27:23,0,0,0
14/11/2020 07:27:24,0,0,0
14/11/2020 07:27:25,0,0,0
14/11/2020 07:27:26,0,0,0
14/11/2020 07:27:27,0,0,0
14/11/2020 07:27:28,0,0,0
14/11/2020 07:27:29,0,0,0
14/11/2020 07:27:30,0,0,0
14/11/2020 07:27:31,0,0,0
14/11/2020 07:27:32,0,0,0
14/11/2020 07:27:33,0,0,0
14/11/2020 07:27:34,0,0,0
14/11/2020 07:27:35,0,0,0
14/11/2020 07:27:36,0,0,0
14/11/2020 07:27:37,0,0,0
14/11/2020 07:27:38,0,0,0
14/11/2020 07:27:39,0,0,0
14/11/2020 07:27:40,0,0,0
14/11/2020 07:27:41,0,0,0
14/11/2020 07:27:42,0,0,0
14/11/2020 07:27:43,0,0,0
14/11/2020 07:27:44,0,0,0
14/11/2020 07:27:45,0,0,0
14/11/2020 07:27:46,0,0,0
14/11/2020 07:27:47,0,0,0
14/11/2020 07:27:48,0,0,0
14/11/2020 07:27:49,0,0,0
14/11/2020 07:27:50,0,0,0
14/11/2020 07:27:51,0,0,0
14/11/2020 07:27:52,0,0,0
14/11/2020 07:27:53,0,0,0
14/11/2020 07:27:54,0,0,0
14/11/2020 07:27:55,0,0,0
14/11/2020 07:27:56,0,0,0
14/11/2020 07:27:57,0,0,0
14/11/2020 07:27:58,0,0,0
14/11/2020 07:27:59,0,0,0
14/11/2020 07:28:00,0,0,0
14/11/2020 07:28:01,0,0,0
14/11/2020 07:28:02,0,0,0
14/11/2020 07:28:03,0,0,0
14/11/2020 07:28:04,0,0,0
14/11/2020 07:28:05,0,0,0
14/11/2020 07:28:06,0,0,0
14/11/2020 07:28:07,0,0,0
14/11/2020 07:28:08,0,0,0
14/11/2020 07:28:09,0,0,0
14/11/2020 07:28:10,0,0,0
14/11/2020 07:28:11,0,0,0
14/11/2020 07:28:12,0,0,0
14/11/2020 07:28:13,0,0,0
14/11/2020 07:28:14,0,0,0
14/11/2020 07:28:15,0,0,0
14/11/2020 07:28:16,0,0,0
14/11/2020 07:28:17,0,0,0
14/11/2020 07:28:18,0,0,0
14/11/2020 07:28:19,0,0,0
14/11/2020 07:28:20,0,0,0
14/11/2020 07:28:21,0,0,0
14/11/2020 07:28:22,0,0,0
14/11/2020 07:28:23,0,0,0
14/11/2020 07:28:24,0,0,0
14/11/2020 07:28:25,0,0,0
14/11/2020 07:28:26,0,0,0
14/11/2020 07:28:27,0,0,0
14/11/2020 07:28:28,0,0,0
14/11/2020 07:28:29,0,0,0
14/11/2020 07:28:30,0,0,0
14/11/2020 07:28:31,0,0,0
14/11/2020 07:28:32,0,0,0
14/11/2020 07:28:33,0,0,0
14/11/2020 07:28:34,0,0,0
14/11/2020 07:28:35,0,0,0
14/11/2020 07:28:36,0,0,0
14/11/2020 07:28:37,0,0,0
14/11/2020 07:28:38,0,0,0
14/11/2020 07:28:39,0,0,0
14/11/2020 07:28:40,0,0,0
14/11/2020 07:28:41,0,0,0
14/11/2020 07:28:42,0,0,0
14/11/2020 07:28:43,0,0,0
14/11/2020 07:28:44,0,0,0
14/11/2020 07:28:45,0,0,0
14/11/2020 07:28:46,0,0,0
14/11/2020 07:28:47,0,0,0
14/11/2020 07:28:48,0,0,0
14/11/2020 07:28:49,0,0,0
14/11/2020 07:28:50,0,0,0
14/11/2020 07:28:51,0,0,0
14/11/2020 07:28:52,0,0,0
14/11/2020 07:28:53,0,0,0
14/11/2020 07:28:54,0,0,0
14/11/2020 07:28:55,0,0,0
14/11/2020 07:28:56,0,0,0
14/11/2020 07:28:57,0,0,0
14/11/2020 07:28:58,0,0,0
14/11/2020 07:28:59,0,0,0
14/11/2020 07:29:00,0,0,0
14/11/2020 07:29:01,0,0,0
14/11/2020 07:29:02,0,0,0
14/11/2020 07:29:03,0,0,0
14/11/2020 07:29:04,0,0,0
14/11/2020 07:29:05,0,0,0
14/11/2020 07:29:06,0,0,0
14/11/2020 07:29:07,0,0,0
14/11/2020 07:29:08,0,0,0
14/11/2020 07:29:09,0,0,0
14/11/2020 07:29:10,0,0,0
14/11/2020 07:29:11,0,0,0
14/11/2020 07:29:12,0,0,0
14/11/2020 07:29:13,0,0,0
14/11/2020 07:29:14,0,0,0
14/11/2020 07:29:15,0,0,0
14/11/2020 07:29:16,0,0,0
14/11/2020 07:29:17,0,0,0
14/11/2020 07:29:18,0,0,0
14/11/2020 07:29:19,0,0,0
14/11/2020 07:29:20,0,0,0
14/11/2020 07:29:21,0,0,0
14/11/2020 07:29:22,0,0,0
14/11/2020 07:29:23,0,0,0
14/11/2020 07:29:24,0,0,0
14/11/2020 07:29:25,0,0,0
14/11/2020 07:29:26,0,0,0
14/11/2020 07:29:27,0,0,0
14/11/2020 07:29:28,0,0,0
14/11/2020 07:29:29,0,0,0
14/11/2020 07:29:30,0,0,0
14/11/2020 07:29:31,0,0,0
14/11/2020 07:29:32,0,0,0
14/11/2020 07:29:33,0,0,0
14/11/2020 07:29:34,0,0,0
14/11/2020 07:29:35,0,0,0
14/11/2020 07:29:36,0,0,0
14/11/2020 07:29:37,0,0,0
14/11/2020 07:29:38,0,0,0
14/11/2020 07:29:39,0,0,0
14/11/2020 07:29:40,0,0,0
14/11/2020 07:29:41,0,0,0
14/11/2020 07:29:42,0,0,0
14/11/2020 07:29:43,0,0,0
14/11/2020 07:29:44,0,0,0
14/11/2020 07:29:45,0,0,0
14/11/2020 07:29:46,0,0,0
14/11/2020 07:29:47,0,0,0
14/11/2020 07:29:48,0,0,0
14/11/2020 07:29:49,0,0,0
14/11/2020 07:29:50,0,0,0
14/11/2020 07:29:51,0,0,0
14/11/2020 07:29:52,0,0,0
14/11/2020 07:29:53,0,0,0
14/11/2020 07:29:54,0,0,0
14/11/2020 07:29:55,0,0,0
14/11/2020 07:29:56,0,0,0
14/11/2020 07:29:57,0,0,0
14/11/2020 07:29:58,0,0,0
14/11/2020 07:29:59,0,0,0
14/11/2020 07:30:00,0,0,0
14/11/2020 07:30:01,0,0,0
14/11/2020 07:30:02,0,0,0
14/11/2020 07:30:03,0,0,0
14/11/2020 07:30:04,0,0,0
14/11/2020 07:30:05,0,0,0
14/11/2020 07:30:06,0,0,0
14/11/2020 07:30:07,0,0,0
14/11/2020 07:30:08,0,0,0
14/11/2020 07:30:09,0,0,0
14/11/2020 07:30:10,0,0,0
14/11/2020 07:30:11,0,0,0
14/11/2020 07:30:12,0,0,0
14/11/2020 07:30:13,0,0,0
14/11/2020 07:30:14,0,0,0
14/11/2020 07:30:15,0,0,0
14/11/2020 07:30:16,0,0,0
14/11/2020 07:30:17,0,0,0
14/11/2020 07:30:18,0,0,0
14/11/2020 07:30:19,0,0,0
14/11/2020 07:30:20,0,0,0
14/11/2020 07:30:21,0,0,0
14/11/2020 07:30:22,0,0,0
14/11/2020 07:30:23,0,0,0
14/11/2020 07:30:24,0,0,0
14/11/2020 07:30:25,0,0,0
14/11/2020 07:30:26,0,0,0
14/11/2020 07:30:27,0,0,0
14/11/2020 07:30:28,0,0,0
14/11/2020 07:30:29,0,0,0
14/11/2020 07:30:30,0,0,0
14/11/2020 07:30:31,0,0,0
14/11/2020 07:30:32,0,0,0
14/11/2020 07:30:33,0,0,0
14/11/2020 07:30:34,0,0,0
14/11/2020 07:30:35,0,0,0
14/11/2020 07:30:36,0,0,0
14/11/2020 07:30:37,0,0,0
14/11/2020 07:30:38,0,0,0
14/11/2020 07:30:39,0,0,0
14/11/2020 07:30:40,0,0,0
14/11/2020 07:30:41,0,0,0
14/11/2020 07:30:42,0,0,0
14/11/2020 07:30:43,0,0,0
14/11/2020 07:30:44,0,0,0
14/11/2020 07:30:45,0,0,0
14/11/2020 07:30:46,0,0,0
14/11/2020 07:30:47,0,0,0
14/11/2020 07:30:48,0,0,0
14/11/2020 07:30:49,0,0,0
14/11/2020 07:30:50,0,0,0
14/11/2020 07:30:51,0,0,0
14/11/2020 07:30:52,0,0,0
14/11/2020 07:30:53,0,0,0
14/11/2020 07:30:54,0,0,0
14/11/2020 07:30:55,0,0,0
14/11/2020 07:30:56,0,0,0
14/11/2020 07:30:57,0,0,0
14/11/2020 07:30:58,0,0,0
14/11/2020 07:30:59,0,0,0
14/11/2020 07:31:00,0,0,0
14/11/2020 07:31:01,0,0,0
14/11/2020 07:31:02,0,0,0
14/11/2020 07:31:03,0,0,0
14/11/2020 07:31:04,0,0,0
14/11/2020 07:31:05,0,0,0
14/11/2020 07:31:06,0,0,0
14/11/2020 07:31:07,0,0,0
14/11/2020 07:31:08,0,0,0
14/11/2020 07:31:09,0,0,0
14/11/2020 07:31:10,0,0,0
14/11/2020 07:31:11,0,0,0
14/11/2020 07:31:12,0,0,0
14/11/2020 07:31:13,0,0,0
14/11/2020 07:31:14,0,0,0
14/11/2020 07:31:15,0,0,0
14/11/2020 07:31:16,0,0,0
14/11/2020 07:31:17,0,0,0
14/11/2020 07:31:18,0,0,0
14/11/2020 07:31:19,0,0,0
14/11/2020 07:31:20,0,0,0
14/11/2020 07:31:21,0,0,0
14/11/2020 07:31:22,0,0,0
14/11/2020 07:31:23,0,0,0
14/11/2020 07:31:24,0,0,0
14/11/2020 07:31:25,0,0,0
14/11/2020 07:31:26,0,0,0
14/11/2020 07:31:27,0,0,0
14/11/2020 07:31:28,0,0,0
14/11/2020 07:31:29,0,0,0
14/11/2020 07:31:30,0,0,0
14/11/2020 07:31:31,0,0,0
14/11/2020 07:31:32,0,0,0
14/11/2020 07:31:33,0,0,0
14/11/2020 07:31:34,0,0,0
14/11/2020 07:31:35,0,0,0
14/11/2020 07:31:36,0,0,0
14/11/2020 07:31:37,0,0,0
14/11/2020 07:31:38,0,0,0
14/11/2020 07:31:39,0,0,0
14/11/2020 07:31:40,0,0,0
14/11/2020 07:31:41,0,0,0
14/11/2020 07:31:42,0,0,0
14/11/2020 07:31:43,0,0,0
14/11/2020 07:31:44,0,0,0
14/11/2020 07:31:45,0,0,0
14/11/2020 07:31:46,0,0,0
14/11/2020 07:31:47,0,0,0
14/11/2020 07:31:48,0,0,0
14/11/2020 07:31:49,0,0,0
14/11/2020 07:31:50,0,0,0
14/11/2020 07:31:51,0,0,0
14/11/2020 07:31:52,0,0,0
14/11/2020 07:31:53,0,0,0
14/11/2020 07:31:54,0,0,0
14/11/2020 07:31:55,0,0,0
14/11/2020 07:31:56,0,0,0
14/11/2020 07:31:57,0,0,0
14/11/2020 07:31:58,0,0,0
14/11/2020 07:31:59,0,0,0
14/11/2020 07:32:00,0,0,0
14/11/2020 07:32:01,0,0,0
14/11/2020 07:32:02,0,0,0
14/11/2020 07:32:03,0,0,0
14/11/2020 07:32:04,0,0,0
14/11/2020 07:32:05,0,0,0
14/11/2020 07:32:06,0,0,0
14/11/2020 07:32:07,0,0,0
14/11/2020 07:32:08,0,0,0
14/11/2020 07:32:09,0,0,0
14/11/2020 07:32:10,0,0,0
14/11/2020 07:32:11,0,0,0
14/11/2020 07:32:12,0,0,0
14/11/2020 07:32:13,0,0,0
14/11/2020 07:32:14,0,0,0
14/11/2020 07:32:15,0,0,0
14/11/2020 07:32:16,0,0,0
14/11/2020 07:32:17,0,0,0
14/11/2020 07:32:18,0,0,0
14/11/2020 07:32:19,0,0,0
14/11/2020 07:32:20,0,0,0
14/11/2020 07:32:21,0,0,0
14/11/2020 07:32:22,0,0,0
14/11/2020 07:32:23,0,0,0
14/11/2020 07:32:24,0,0,0
14/11/2020 07:32:25,0,0,0
14/11/2020 07:32:26,0,0,0
14/11/2020 07:32:27,0,0,0
14/11/2020 07:32:28,0,0,0
14/11/2020 07:32:29,0,0,0
14/11/2020 07:32:30,0,0,0
14/11/2020 07:32:31,0,0,0
14/11/2020 07:32:32,0,0,0
14/11/2020 07:32:33,0,0,0
14/11/2020 07:32:34,0,0,0
14/11/2020 07:32:35,0,0,0
14/11/2020 07:32:36,0,0,0
14/11/2020 07:32:37,0,0,0
14/11/2020 07:32:38,0,0,0
14/11/2020 07:32:39,0,0,0
14/11/2020 07:32:40,0,0,0
14/11/2020 07:32:41,0,0,0
14/11/2020 07:32:42,0,0,0
14/11/2020 07:32:43,0,0,0
14/11/2020 07:32:44,0,0,0
14/11/2020 07:32:45,0,0,0
14/11/2020 07:32:46,0,0,0
14/11/2020 07:32:47,0,0,0
14/11/2020 07:32:48,0,0,0
14/11/2020 07:32:49,0,0,0
14/11/2020 07:32:50,0,0,0
14/11/2020 07:32:51,0,0,0
14/11/2020 07:32:52,0,0,0
14/11/2020 07:32:53,0,0,0
14/11/2020 07:32:54,0,0,0
14/11/2020 07:32:55,0,0,0
14/11/2020 07:32:56,0,0,0
14/11/2020 07:32:57,0,0,0
14/11/2020 07:32:58,0,0,0
14/11/2020 07:32:59,0,0,0
14/11/2020 07:33:00,0,0,0
14/11/2020 07:33:01,0,0,0
14/11/2020 07:33:02,0,0,0
14/11/2020 07:33:03,0,0,0
14/11/2020 07:33:04,0,0,0
14/11/2020 07:33:05,0,0,0
14/11/2020 07:33:06,0,0,0
14/11/2020 07:33:07,0,0,0
14/11/2020 07:33:08,0,0,0
14/11/2020 07:33:09,0,0,0
14/11/2020 07:33:10,0,0,0
14/11/2020 07:33:11,0,0,0
14/11/2020 07:33:12,0,0,0
14/11/2020 07:33:13,0,0,0
14/11/2020 07:33:14,0,0,0
14/11/2020 07:33:15,0,0,0
14/11/2020 07:33:16,0,0,0
14/11/2020 07:33:17,0,0,0
14/11/2020 07:33:18,0,0,0
14/11/2020 07:33:19,0,0,0
14/11/2020 07:33:20,0,0,0
14/11/2020 07:33:21,0,0,0
14/11/2020 07:33:22,0,0,0
14/11/2020 07:33:23,0,0,0
14/11/2020 07:33:24,0,0,0
14/11/2020 07:33:25,0,0,0
14/11/2020 07:33:26,0,0,0
14/11/2020 07:33:27,0,0,0
14/11/2020 07:33:28,0,0,0
14/11/2020 07:33:29,0,0,0
14/11/2020 07:33:30,0,0,0
14/11/2020 07:33:31,0,0,0
14/11/2020 07:33:32,0,0,0
14/11/2020 07:33:33,0,0,0
14/11/2020 07:33:34,0,0,0
14/11/2020 07:33:35,0,0,0
14/11/2020 07:33:36,0,0,0
14/11/2020 07:33:37,0,0,0
14/11/2020 07:33:38,0,0,0
14/11/2020 07:33:39,0,0,0
14/11/2020 07:33:40,0,0,0
14/11/2020 07:33:41,0,0,0
14/11/2020 07:33:42,0,0,0
14/11/2020 07:33:43,0,0,0
14/11/2020 07:33:44,0,0,0
14/11/2020 07:33:45,0,0,0
14/11/2020 07:33:46,0,0,0
14/11/2020 07:33:47,0,0,0
14/11/2020 07:33:48,0,0,0
14/11/2020 07:33:49,0,0,0
14/11/2020 07:33:50,0,0,0
14/11/2020 07:33:51,0,0,0
14/11/2020 07:33:52,0,0,0
14/11/2020 07:33:53,0,0,0
14/11/2020 07:33:54,0,0,0
14/11/2020 07:33:55,0,0,0
14/11/2020 07:33:56,0,0,0
14/11/2020 07:33:57,0,0,0
14/11/2020 07:33:58,0,0,0
14/11/2020 07:33:59,0,0,0
14/11/2020 07:34:00,0,0,0
14/11/2020 07:34:01,0,0,0
14/11/2020 07:34:02,0,0,0
14/11/2020 07:34:03,0,0,0
14/11/2020 07:34:04,0,0,0
14/11/2020 07:34:05,0,0,0
14/11/2020 07:34:06,0,0,0
14/11/2020 07:34:07,0,0,0
14/11/2020 07:34:08,0,0,0
14/11/2020 07:34:09,0,0,0
14/11/2020 07:34:10,0,0,0
14/11/2020 07:34:11,0,0,0
14/11/2020 07:34:12,0,0,0
14/11/2020 07:34:13,0,0,0
14/11/2020 07:34:14,0,0,0
14/11/2020 07:34:15,0,0,0
14/11/2020 07:34:16,0,0,0
14/11/2020 07:34:17,0,0,0
14/11/2020 07:34:18,0,0,0
14/11/2020 07:34:19,0,0,0
14/11/2020 07:34:20,0,0,0
14/11/2020 07:34:21,0,0,0
14/11/2020 07:34:22,0,0,0
14/11/2020 07:34:23,0,0,0
14/11/2020 07:34:24,0,0,0
14/11/2020 07:34:25,0,0,0
14/11/2020 07:34:26,0,0,0
14/11/2020 07:34:27,0,0,0
14/11/2020 07:34:28,0,0,0
14/11/2020 07:34:29,0,0,0
14/11/2020 07:34:30,0,0,0
14/11/2020 07:34:31,0,0,0
14/11/2020 07:34:32,0,0,0
14/11/2020 07:34:33,0,0,0
14/11/2020 07:34:34,0,0,0
14/11/2020 07:34:35,0,0,0
14/11/2020 07:34:36,0,0,0
14/11/2020 07:34:37,0,0,0
14/11/2020 07:34:38,0,0,0
14/11/2020 07:34:39,0,0,0
14/11/2020 07:34:40,0,0,0
14/11/2020 07:34:41,0,0,0
14/11/2020 07:34:42,0,0,0
14/11/2020 07:34:43,0,0,0
14/11/2020 07:34:44,0,0,0
14/11/2020 07:34:45,0,0,0
14/11/2020 07:34:46,0,0,0
14/11/2020 07:34:47,0,0,0
14/11/2020 07:34:48,0,0,0
14/11/2020 07:34:49,0,0,0
14/11/2020 07:34:50,0,0,0
14/11/2020 07:34:51,0,0,0
14/11/2020 07:34:52,0,0,0
14/11/2020 07:34:53,0,0,0
14/11/2020 07:34:54,0,0,0
14/11/2020 07:34:55,0,0,0
14/11/2020 07:34:56,0,0,0
14/11/2020 07:34:57,0,0,0
14/11/2020 07:34:58,0,0,0
14/11/2020 07:34:59,0,0,0
14/11/2020 07:35:00,0,0,0
14/11/2020 07:35:01,0,0,0
14/11/2020 07:35:02,0,0,0
14/11/2020 07:35:03,0,0,0
14/11/2020 07:35:04,0,0,0
14/11/2020 07:35:05,0,0,0
14/11/2020 07:35:06,0,0,0
14/11/2020 07:35:07,0,0,0
14/11/2020 07:35:08,0,0,0
14/11/2020 07:35:09,0,0,0
14/11/2020 07:35:10,0,0,0
14/11/2020 07:35:11,0,0,0
14/11/2020 07:35:12,0,0,0
14/11/2020 07:35:13,0,0,0
14/11/2020 07:35:14,0,0,0
14/11/2020 07:35:15,0,0,0
14/11/2020 07:35:16,0,0,0
14/11/2020 07:35:17,0,0,0
14/11/2020 07:35:18,0,0,0
14/11/2020 07:35:19,0,0,0
14/11/2020 07:35:20,0,0,0
14/11/2020 07:35:21,0,0,0
14/11/2020 07:35:22,0,0,0
14/11/2020 07:35:23,0,0,0
14/11/2020 07:35:24,0,0,0
14/11/2020 07:35:25,0,0,0
14/11/2020 07:35:26,0,0,0
14/11/2020 07:35:27,0,0,0
14/11/2020 07:35:28,0,0,0
14/11/2020 07:35:29,0,0,0
14/11/2020 07:35:30,0,0,0
14/11/2020 07:35:31,0,0,0
14/11/2020 07:35:32,0,0,0
14/11/2020 07:35:33,0,0,0
14/11/2020 07:35:34,0,0,0
14/11/2020 07:35:35,0,0,0
14/11/2020 07:35:36,0,0,0
14/11/2020 07:35:37,0,0,0
14/11/2020 07:35:38,0,0,0
14/11/2020 07:35:39,0,0,0
14/11/2020 07:35:40,0,0,0
14/11/2020 07:35:41,0,0,0
14/11/2020 07:35:42,0,0,0
14/11/2020 07:35:43,0,0,0
14/11/2020 07:35:44,0,0,0
14/11/2020 07:35:45,0,0,0
14/11/2020 07:35:46,0,0,0
14/11/2020 07:35:47,0,0,0
14/11/2020 07:35:48,0,0,0
14/11/2020 07:35:49,0,0,0
14/11/2020 07:35:50,0,0,0
14/11/2020 07:35:51,0,0,0
14/11/2020 07:35:52,0,0,0
14/11/2020 07:35:53,0,0,0
14/11/2020 07:35:54,0,0,0
14/11/2020 07:35:55,0,0,0
14/11/2020 07:35:56,0,0,0
14/11/2020 07:35:57,0,0,0
14/11/2020 07:35:58,0,0,0
14/11/2020 07:35:59,0,0,0
14/11/2020 07:36:00,0,0,0
14/11/2020 07:36:01,0,0,0
14/11/2020 07:36:02,0,0,0
14/11/2020 07:36:03,0,0,0
14/11/2020 07:36:04,0,0,0
14/11/2020 07:36:05,0,0,0
14/11/2020 07:36:06,0,0,0
14/11/2020 07:36:07,0,0,0
14/11/2020 07:36:08,0,0,0
14/11/2020 07:36:09,0,0,0
14/11/2020 07:36:10,0,0,0
14/11/2020 07:36:11,0,0,0
14/11/2020 07:36:12,0,0,0
14/11/2020 07:36:13,0,0,0
14/11/2020 07:36:14,0,0,0
14/11/2020 07:36:15,0,0,0
14/11/2020 07:36:16,0,0,0
14/11/2020 07:36:17,0,0,0
14/11/2020 07:36:18,0,0,0
14/11/2020 07:36:19,0,0,0
14/11/2020 07:36:20,0,0,0
14/11/2020 07:36:21,0,0,0
14/11/2020 07:36:22,0,0,0
14/11/2020 07:36:23,0,0,0
14/11/2020 07:36:24,0,0,0
14/11/2020 07:36:25,0,0,0
14/11/2020 07:36:26,0,0,0
14/11/2020 07:36:27,0,0,0
14/11/2020 07:36:28,0,0,0
14/11/2020 07:36:29,0,0,0
14/11/2020 07:36:30,0,0,0
14/11/2020 07:36:31,0,0,0
14/11/2020 07:36:32,0,0,0
14/11/2020 07:36:33,0,0,0
14/11/2020 07:36:34,0,0,0
14/11/2020 07:36:35,0,0,0
14/11/2020 07:36:36,0,0,0
14/11/2020 07:36:37,0,0,0
14/11/2020 07:36:38,0,0,0
14/11/2020 07:36:39,0,0,0
14/11/2020 07:36:40,0,0,0
14/11/2020 07:36:41,0,0,0
14/11/2020 07:36:42,0,0,0
14/11/2020 07:36:43,0,0,0
14/11/2020 07:36:44,0,0,0
14/11/2020 07:36:45,0,0,0
14/11/2020 07:36:46,0,0,0
14/11/2020 07:36:47,0,0,0
14/11/2020 07:36:48,0,0,0
14/11/2020 07:36:49,0,0,0
14/11/2020 07:36:50,0,0,0
14/11/2020 07:36:51,0,0,0
14/11/2020 07:36:52,0,0,0
14/11/2020 07:36:53,0,0,0
14/11/2020 07:36:54,0,0,0
14/11/2020 07:36:55,0,0,0
14/11/2020 07:36:56,0,0,0
14/11/2020 07:36:57,0,0,0
14/11/2020 07:36:58,0,0,0
14/11/2020 07:36:59,0,0,0
14/11/2020 07:37:00,0,0,0
14/11/2020 07:37:01,0,0,0
14/11/2020 07:37:02,0,0,0
14/11/2020 07:37:03,0,0,0
14/11/2020 07:37:04,0,0,0
14/11/2020 07:37:05,0,0,0
14/11/2020 07:37:06,0,0,0
14/11/2020 07:37:07,0,0,0
14/11/2020 07:37:08,0,0,0
14/11/2020 07:37:09,0,0,0
14/11/2020 07:37:10,0,0,0
14/11/2020 07:37:11,0,0,0
14/11/2020 07:37:12,0,0,0
14/11/2020 07:37:13,0,0,0
14/11/2020 07:37:14,0,0,0
14/11/2020 07:37:15,0,0,0
14/11/2020 07:37:16,0,0,0
14/11/2020 07:37:17,0,0,0
14/11/2020 07:37:18,0,0,0
14/11/2020 07:37:19,0,0,0
14/11/2020 07:37:20,0,0,0
14/11/2020 07:37:21,0,0,0
14/11/2020 07:37:22,0,0,0
14/11/2020 07:37:23,0,0,0
14/11/2020 07:37:24,0,0,0
14/11/2020 07:37:25,0,0,0
14/11/2020 07:37:26,0,0,0
14/11/2020 07:37:27,0,0,0
14/11/2020 07:37:28,0,0,0
14/11/2020 07:37:29,0,0,0
14/11/2020 07:37:30,0,0,0
14/11/2020 07:37:31,0,0,0
14/11/2020 07:37:32,0,0,0
14/11/2020 07:37:33,0,0,0
14/11/2020 07:37:34,0,0,0
14/11/2020 07:37:35,0,0,0
14/11/2020 07:37:36,0,0,0
14/11/2020 07:37:37,0,0,0
14/11/2020 07:37:38,0,0,0
14/11/2020 07:37:39,0,0,0
14/11/2020 07:37:40,0,0,0
14/11/2020 07:37:41,0,0,0
14/11/2020 07:37:42,0,0,0
14/11/2020 07:37:43,0,0,0
14/11/2020 07:37:44,0,0,0
14/11/2020 07:37:45,0,0,0
14/11/2020 07:37:46,0,0,0
14/11/2020 07:37:47,0,0,0
14/11/2020 07:37:48,0,0,0
14/11/2020 07:37:49,0,0,0
14/11/2020 07:37:50,0,0,0
14/11/2020 07:37:51,0,0,0
14/11/2020 07:37:52,0,0,0
14/11/2020 07:37:53,0,0,0
14/11/2020 07:37:54,0,0,0
14/11/2020 07:37:55,0,0,0
14/11/2020 07:37:56,0,0,0
14/11/2020 07:37:57,0,0,0
14/11/2020 07:37:58,0,0,0
14/11/2020 07:37:59,0,0,0
14/11/2020 07:38:00,0,0,0
14/11/2020 07:38:01,0,0,0
14/11/2020 07:38:02,0,0,0
14/11/2020 07:38:03,0,0,0
14/11/2020 07:38:04,0,0,0
14/11/2020 07:38:05,0,0,0
14/11/2020 07:38:06,0,0,0
14/11/2020 07:38:07,0,0,0
14/11/2020 07:38:08,0,0,0
14/11/2020 07:38:09,0,0,0
14/11/2020 07:38:10,0,0,0
14/11/2020 07:38:11,0,0,0
14/11/2020 07:38:12,0,0,0
14/11/2020 07:38:13,0,0,0
14/11/2020 07:38:14,0,0,0
14/11/2020 07:38:15,0,0,0
14/11/2020 07:38:16,0,0,0
14/11/2020 07:38:17,0,0,0
14/11/2020 07:38:18,0,0,0
14/11/2020 07:38:19,0,0,0
14/11/2020 07:38:20,0,0,0
14/11/2020 07:38:21,0,0,0
14/11/2020 07:38:22,0,0,0
14/11/2020 07:38:23,0,0,0
14/11/2020 07:38:24,0,0,0
14/11/2020 07:38:25,0,0,0
14/11/2020 07:38:26,0,0,0
14/11/2020 07:38:27,0,0,0
14/11/2020 07:38:28,0,0,0
14/11/2020 07:38:29,0,0,0
14/11/2020 07:38:30,0,0,0
14/11/2020 07:38:31,0,0,0
14/11/2020 07:38:32,0,0,0
14/11/2020 07:38:33,0,0,0
14/11/2020 07:38:34,0,0,0
14/11/2020 07:38:35,0,0,0
14/11/2020 07:38:36,0,0,0
14/11/2020 07:38:37,0,0,0
14/11/2020 07:38:38,0,0,0
14/11/2020 07:38:39,0,0,0
14/11/2020 07:38:40,0,0,0
14/11/2020 07:38:41,0,0,0
14/11/2020 07:38:42,0,0,0
14/11/2020 07:38:43,0,0,0
14/11/2020 07:38:44,0,0,0
14/11/2020 07:38:45,0,0,0
14/11/2020 07:38:46,0,0,0
14/11/2020 07:38:47,0,0,0
14/11/2020 07:38:48,0,0,0
14/11/2020 07:38:49,0,0,0
14/11/2020 07:38:50,0,0,0
14/11/2020 07:38:51,0,0,0
14/11/2020 07:38:52,0,0,0
14/11/2020 07:38:53,0,0,0
14/11/2020 07:38:54,0,0,0
14/11/2020 07:38:55,0,0,0
14/11/2020 07:38:56,0,0,0
14/11/2020 07:38:57,0,0,0
14/11/2020 07:38:58,0,0,0
14/11/2020 07:38:59,0,0,0
14/11/2020 07:39:00,0,0,0
14/11/2020 07:39:01,0,0,0
14/11/2020 07:39:02,0,0,0
14/11/2020 07:39:03,0,0,0
14/11/2020 07:39:04,0,0,0
14/11/2020 07:39:05,0,0,0
14/11/2020 07:39:06,0,0,0
14/11/2020 07:39:07,0,0,0
14/11/2020 07:39:08,0,0,0
14/11/2020 07:39:09,0,0,0
14/11/2020 07:39:10,0,0,0
14/11/2020 07:39:11,0,0,0
14/11/2020 07:39:12,0,0,0
14/11/2020 07:39:13,0,0,0
14/11/2020 07:39:14,0,0,0
14/11/2020 07:39:15,0,0,0
14/11/2020 07:39:16,0,0,0
14/11/2020 07:39:17,0,0,0
14/11/2020 07:39:18,0,0,0
14/11/2020 07:39:19,0,0,0
14/11/2020 07:39:20,0,0,0
14/11/2020 07:39:21,0,0,0
14/11/2020 07:39:22,0,0,0
14/11/2020 07:39:23,0,0,0
14/11/2020 07:39:24,0,0,0
14/11/2020 07:39:25,0,0,0
14/11/2020 07:39:26,0,0,0
14/11/2020 07:39:27,0,0,0
14/11/2020 07:39:28,0,0,0
14/11/2020 07:39:29,0,0,0
14/11/2020 07:39:30,0,0,0
14/11/2020 07:39:31,0,0,0
14/11/2020 07:39:32,0,0,0
14/11/2020 07:39:33,0,0,0
14/11/2020 07:39:34,0,0,0
14/11/2020 07:39:35,0,0,0
14/11/2020 07:39:36,0,0,0
14/11/2020 07:39:37,0,0,0
14/11/2020 07:39:38,0,0,0
14/11/2020 07:39:39,0,0,0
14/11/2020 07:39:40,0,0,0
14/11/2020 07:39:41,0,0,0
14/11/2020 07:39:42,0,0,0
14/11/2020 07:39:43,0,0,0
14/11/2020 07:39:44,0,0,0
14/11/2020 07:39:45,0,0,0
14/11/2020 07:39:46,0,0,0
14/11/2020 07:39:47,0,0,0
14/11/2020 07:39:48,0,0,0
14/11/2020 07:39:49,0,0,0
14/11/2020 07:39:50,0,0,0
14/11/2020 07:39:51,0,0,0
14/11/2020 07:39:52,0,0,0
14/11/2020 07:39:53,0,0,0
14/11/2020 07:39:54,0,0,0
14/11/2020 07:39:55,0,0,0
14/11/2020 07:39:56,0,0,0
14/11/2020 07:39:57,0,0,0
14/11/2020 07:39:58,0,0,0
14/11/2020 07:39:59,0,0,0
14/11/2020 07:40:00,0,0,0
14/11/2020 07:40:01,0,0,0
14/11/2020 07:40:02,0,0,0
14/11/2020 07:40:03,0,0,0
14/11/2020 07:40:04,0,0,0
14/11/2020 07:40:05,0,0,0
14/11/2020 07:40:06,0,0,0
14/11/2020 07:40:07,0,0,0
14/11/2020 07:40:08,0,0,0
14/11/2020 07:40:09,0,0,0
14/11/2020 07:40:10,0,0,0
14/11/2020 07:40:11,0,0,0
14/11/2020 07:40:12,0,0,0
14/11/2020 07:40:13,0,0,0
14/11/2020 07:40:14,0,0,0
14/11/2020 07:40:15,0,0,0
14/11/2020 07:40:16,0,0,0
14/11/2020 07:40:17,0,0,0
14/11/2020 07:40:18,0,0,0
14/11/2020 07:40:19,0,0,0
14/11/2020 07:40:20,0,0,0
14/11/2020 07:40:21,0,0,0
14/11/2020 07:40:22,0,0,0
14/11/2020 07:40:23,0,0,0
14/11/2020 07:40:24,0,0,0
14/11/2020 07:40:25,0,0,0
14/11/2020 07:40:26,0,0,0
14/11/2020 07:40:27,0,0,0
14/11/2020 07:40:28,0,0,0
14/11/2020 07:40:29,0,0,0
14/11/2020 07:40:30,0,0,0
14/11/2020 07:40:31,0,0,0
14/11/2020 07:40:32,0,0,0
14/11/2020 07:40:33,0,0,0
14/11/2020 07:40:34,0,0,0
14/11/2020 07:40:35,0,0,0
14/11/2020 07:40:36,0,0,0
14/11/2020 07:40:37,0,0,0
14/11/2020 07:40:38,0,0,0
14/11/2020 07:40:39,0,0,0
14/11/2020 07:40:40,0,0,0
14/11/2020 07:40:41,0,0,0
14/11/2020 07:40:42,0,0,0
14/11/2020 07:40:43,0,0,0
14/11/2020 07:40:44,0,0,0
14/11/2020 07:40:45,0,0,0
14/11/2020 07:40:46,0,0,0
14/11/2020 07:40:47,0,0,0
14/11/2020 07:40:48,0,0,0
14/11/2020 07:40:49,0,0,0
14/11/2020 07:40:50,0,0,0
14/11/2020 07:40:51,0,0,0
14/11/2020 07:40:52,0,0,0
14/11/2020 07:40:53,0,0,0
14/11/2020 07:40:54,0,0,0
14/11/2020 07:40:55,0,0,0
14/11/2020 07:40:56,0,0,0
14/11/2020 07:40:57,0,0,0
14/11/2020 07:40:58,0,0,0
14/11/2020 07:40:59,0,0,0
14/11/2020 07:41:00,0,0,0
14/11/2020 07:41:01,0,0,0
14/11/2020 07:41:02,0,0,0
14/11/2020 07:41:03,0,0,0
14/11/2020 07:41:04,0,0,0
14/11/2020 07:41:05,0,0,0
14/11/2020 07:41:06,0,0,0
14/11/2020 07:41:07,0,0,0
14/11/2020 07:41:08,0,0,0
14/11/2020 07:41:09,0,0,0
14/11/2020 07:41:10,0,0,0
14/11/2020 07:41:11,0,0,0
14/11/2020 07:41:12,0,0,0
14/11/2020 07:41:13,0,0,0
14/11/2020 07:41:14,0,0,0
14/11/2020 07:41:15,0,0,0
14/11/2020 07:41:16,0,0,0
14/11/2020 07:41:17,0,0,0
14/11/2020 07:41:18,0,0,0
14/11/2020 07:41:19,0,0,0
14/11/2020 07:41:20,0,0,0
14/11/2020 07:41:21,0,0,0
14/11/2020 07:41:22,0,0,0
14/11/2020 07:41:23,0,0,0
14/11/2020 07:41:24,0,0,0
14/11/2020 07:41:25,0,0,0
14/11/2020 07:41:26,0,0,0
14/11/2020 07:41:27,0,0,0
14/11/2020 07:41:28,0,0,0
14/11/2020 07:41:29,0,0,0
14/11/2020 07:41:30,0,0,0
14/11/2020 07:41:31,0,0,0
14/11/2020 07:41:32,0,0,0
14/11/2020 07:41:33,0,0,0
14/11/2020 07:41:34,0,0,0
14/11/2020 07:41:35,0,0,0
14/11/2020 07:41:36,0,0,0
14/11/2020 07:41:37,0,0,0
14/11/2020 07:41:38,0,0,0
14/11/2020 07:41:39,0,0,0
14/11/2020 07:41:40,0,0,0
14/11/2020 07:41:41,0,0,0
14/11/2020 07:41:42,0,0,0
14/11/2020 07:41:43,0,0,0
14/11/2020 07:41:44,0,0,0
14/11/2020 07:41:45,0,0,0
14/11/2020 07:41:46,0,0,0
14/11/2020 07:41:47,0,0,0
14/11/2020 07:41:48,0,0,0
14/11/2020 07:41:49,0,0,0
14/11/2020 07:41:50,0,0,0
14/11/2020 07:41:51,0,0,0
14/11/2020 07:41:52,0,0,0
14/11/2020 07:41:53,0,0,0
14/11/2020 07:41:54,0,0,0
14/11/2020 07:41:55,0,0,0
14/11/2020 07:41:56,0,0,0
14/11/2020 07:41:57,0,0,0
14/11/2020 07:41:58,0,0,0
14/11/2020 07:41:59,0,0,0
14/11/2020 07:42:00,0,0,0
14/11/2020 07:42:01,0,0,0
14/11/2020 07:42:02,0,0,0
14/11/2020 07:42:03,0,0,0
14/11/2020 07:42:04,0,0,0
14/11/2020 07:42:05,0,0,0
14/11/2020 07:42:06,0,0,0
14/11/2020 07:42:07,0,0,0
14/11/2020 07:42:08,0,0,0
14/11/2020 07:42:09,0,0,0
14/11/2020 07:42:10,0,0,0
14/11/2020 07:42:11,0,0,0
14/11/2020 07:42:12,0,0,0
14/11/2020 07:42:13,0,0,0
14/11/2020 07:42:14,0,0,0
14/11/2020 07:42:15,0,0,0
14/11/2020 07:42:16,0,0,0
14/11/2020 07:42:17,0,0,0
14/11/2020 07:42:18,0,0,0
14/11/2020 07:42:19,0,0,0
14/11/2020 07:42:20,0,0,0
14/11/2020 07:42:21,0,0,0
14/11/2020 07:42:22,0,0,0
14/11/2020 07:42:23,0,0,0
14/11/2020 07:42:24,0,0,0
14/11/2020 07:42:25,0,0,0
14/11/2020 07:42:26,0,0,0
14/11/2020 07:42:27,0,0,0
14/11/2020 07:42:28,0,0,0
14/11/2020 07:42:29,0,0,0
14/11/2020 07:42:30,0,0,0
14/11/2020 07:42:31,0,0,0
14/11/2020 07:42:32,0,0,0
14/11/2020 07:42:33,0,0,0
14/11/2020 07:42:34,0,0,0
14/11/2020 07:42:35,0,0,0
14/11/2020 07:42:36,0,0,0
14/11/2020 07:42:37,0,0,0
14/11/2020 07:42:38,0,0,0
14/11/2020 07:42:39,0,0,0
14/11/2020 07:42:40,0,0,0
14/11/2020 07:42:41,0,0,0
14/11/2020 07:42:42,0,0,0
14/11/2020 07:42:43,0,0,0
14/11/2020 07:42:44,0,0,0
14/11/2020 07:42:45,0,0,0
14/11/2020 07:42:46,0,0,0
14/11/2020 07:42:47,0,0,0
14/11/2020 07:42:48,0,0,0
14/11/2020 07:42:49,0,0,0
14/11/2020 07:42:50,0,0,0
14/11/2020 07:42:51,0,0,0
14/11/2020 07:42:52,0,0,0
14/11/2020 07:42:53,0,0,0
14/11/2020 07:42:54,0,0,0
14/11/2020 07:42:55,0,0,0
14/11/2020 07:42:56,0,0,0
14/11/2020 07:42:57,0,0,0
14/11/2020 07:42:58,0,0,0
14/11/2020 07:42:59,0,0,0
14/11/2020 07:43:00,0,0,0
14/11/2020 07:43:01,0,0,0
14/11/2020 07:43:02,0,0,0
14/11/2020 07:43:03,0,0,0
14/11/2020 07:43:04,0,0,0
14/11/2020 07:43:05,0,0,0
14/11/2020 07:43:06,0,0,0
14/11/2020 07:43:07,0,0,0
14/11/2020 07:43:08,0,0,0
14/11/2020 07:43:09,0,0,0
14/11/2020 07:43:10,0,0,0
14/11/2020 07:43:11,0,0,0
14/11/2020 07:43:12,0,0,0
14/11/2020 07:43:13,0,0,0
14/11/2020 07:43:14,0,0,0
14/11/2020 07:43:15,0,0,0
14/11/2020 07:43:16,0,0,0
14/11/2020 07:43:17,0,0,0
14/11/2020 07:43:18,0,0,0
14/11/2020 07:43:19,0,0,0
14/11/2020 07:43:20,0,0,0
14/11/2020 07:43:21,0,0,0
14/11/2020 07:43:22,0,0,0
14/11/2020 07:43:23,0,0,0
14/11/2020 07:43:24,0,0,0
14/11/2020 07:43:25,0,0,0
14/11/2020 07:43:26,0,0,0
14/11/2020 07:43:27,0,0,0
14/11/2020 07:43:28,0,0,0
14/11/2020 07:43:29,0,0,0
14/11/2020 07:43:30,0,0,0
14/11/2020 07:43:31,0,0,0
14/11/2020 07:43:32,0,0,0
14/11/2020 07:43:33,0,0,0
14/11/2020 07:43:34,0,0,0
14/11/2020 07:43:35,0,0,0
14/11/2020 07:43:36,0,0,0
14/11/2020 07:43:37,0,0,0
14/11/2020 07:43:38,0,0,0
14/11/2020 07:43:39,0,0,0
14/11/2020 07:43:40,0,0,0
14/11/2020 07:43:41,0,0,0
14/11/2020 07:43:42,0,0,0
14/11/2020 07:43:43,0,0,0
14/11/2020 07:43:44,0,0,0
14/11/2020 07:43:45,0,0,0
14/11/2020 07:43:46,0,0,0
14/11/2020 07:43:47,0,0,0
14/11/2020 07:43:48,0,0,0
14/11/2020 07:43:49,0,0,0
14/11/2020 07:43:50,0,0,0
14/11/2020 07:43:51,0,0,0
14/11/2020 07:43:52,0,0,0
14/11/2020 07:43:53,0,0,0
14/11/2020 07:43:54,0,0,0
14/11/2020 07:43:55,0,0,0
14/11/2020 07:43:56,0,0,0
14/11/2020 07:43:57,0,0,0
14/11/2020 07:43:58,0,0,0
14/11/2020 07:43:59,0,0,0
14/11/2020 07:44:00,0,0,0
14/11/2020 07:44:01,0,0,0
14/11/2020 07:44:02,0,0,0
14/11/2020 07:44:03,0,0,0
14/11/2020 07:44:04,0,0,0
14/11/2020 07:44:05,0,0,0
14/11/2020 07:44:06,0,0,0
14/11/2020 07:44:07,0,0,0
14/11/2020 07:44:08,0,0,0
14/11/2020 07:44:09,0,0,0
14/11/2020 07:44:10,0,0,0
14/11/2020 07:44:11,0,0,0
14/11/2020 07:44:12,0,0,0
14/11/2020 07:44:13,0,0,0
14/11/2020 07:44:14,0,0,0
14/11/2020 07:44:15,0,0,0
14/11/2020 07:44:16,0,0,0
14/11/2020 07:44:17,0,0,0
14/11/2020 07:44:18,0,0,0
14/11/2020 07:44:19,0,0,0
14/11/2020 07:44:20,0,0,0
14/11/2020 07:44:21,0,0,0
14/11/2020 07:44:22,0,0,0
14/11/2020 07:44:23,0,0,0
14/11/2020 07:44:24,0,0,0
14/11/2020 07:44:25,0,0,0
14/11/2020 07:44:26,0,0,0
14/11/2020 07:44:27,0,0,0
14/11/2020 07:44:28,0,0,0
14/11/2020 07:44:29,0,0,0
14/11/2020 07:44:30,0,0,0
14/11/2020 07:44:31,0,0,0
14/11/2020 07:44:32,0,0,0
14/11/2020 07:44:33,0,0,0
14/11/2020 07:44:34,0,0,0
14/11/2020 07:44:35,0,0,0
14/11/2020 07:44:36,0,0,0
14/11/2020 07:44:37,0,0,0
14/11/2020 07:44:38,0,0,0
14/11/2020 07:44:39,0,0,0
14/11/2020 07:44:40,0,0,0
14/11/2020 07:44:41,0,0,0
14/11/2020 07:44:42,0,0,0
14/11/2020 07:44:43,0,0,0
14/11/2020 07:44:44,0,0,0
14/11/2020 07:44:45,0,0,0
14/11/2020 07:44:46,0,0,0
14/11/2020 07:44:47,0,0,0
14/11/2020 07:44:48,0,0,0
14/11/2020 07:44:49,0,0,0
14/11/2020 07:44:50,0,0,0
14/11/2020 07:44:51,0,0,0
14/11/2020 07:44:52,0,0,0
14/11/2020 07:44:53,0,0,0
14/11/2020 07:44:54,0,0,0
14/11/2020 07:44:55,0,0,0
14/11/2020 07:44:56,0,0,0
14/11/2020 07:44:57,0,0,0
14/11/2020 07:44:58,0,0,0
14/11/2020 07:44:59,0,0,0
14/11/2020 07:45:00,0,0,0
14/11/2020 07:45:01,0,0,0
14/11/2020 07:45:02,0,0,0
14/11/2020 07:45:03,0,0,0
14/11/2020 07:45:04,0,0,0
14/11/2020 07:45:05,0,0,0
14/11/2020 07:45:06,0,0,0
14/11/2020 07:45:07,0,0,0
14/11/2020 07:45:08,0,0,0
14/11/2020 07:45:09,0,0,0
14/11/2020 07:45:10,0,0,0
14/11/2020 07:45:11,0,0,0
14/11/2020 07:45:12,0,0,0
14/11/2020 07:45:13,0,0,0
14/11/2020 07:45:14,0,0,0
14/11/2020 07:45:15,0,0,0
14/11/2020 07:45:16,0,0,0
14/11/2020 07:45:17,0,0,0
14/11/2020 07:45:18,0,0,0
14/11/2020 07:45:19,0,0,0
14/11/2020 07:45:20,0,0,0
14/11/2020 07:45:21,0,0,0
14/11/2020 07:45:22,0,0,0
14/11/2020 07:45:23,0,0,0
14/11/2020 07:45:24,0,0,0
14/11/2020 07:45:25,0,0,0
14/11/2020 07:45:26,0,0,0
14/11/2020 07:45:27,0,0,0
14/11/2020 07:45:28,0,0,0
14/11/2020 07:45:29,0,0,0
14/11/2020 07:45:30,0,0,0
14/11/2020 07:45:31,0,0,0
14/11/2020 07:45:32,0,0,0
14/11/2020 07:45:33,0,0,0
14/11/2020 07:45:34,0,0,0
14/11/2020 07:45:35,0,0,0
14/11/2020 07:45:36,0,0,0
14/11/2020 07:45:37,0,0,0
14/11/2020 07:45:38,0,0,0
14/11/2020 07:45:39,0,0,0
14/11/2020 07:45:40,0,0,0
14/11/2020 07:45:41,0,0,0
14/11/2020 07:45:42,0,0,0
14/11/2020 07:45:43,0,0,0
14/11/2020 07:45:44,0,0,0
14/11/2020 07:45:45,0,0,0
14/11/2020 07:45:46,0,0,0
14/11/2020 07:45:47,0,0,0
14/11/2020 07:45:48,0,0,0
14/11/2020 07:45:49,0,0,0
14/11/2020 07:45:50,0,0,0
14/11/2020 07:45:51,0,0,0
14/11/2020 07:45:52,0,0,0
14/11/2020 07:45:53,0,0,0
14/11/2020 07:45:54,0,0,0
14/11/2020 07:45:55,0,0,0
14/11/2020 07:45:56,0,0,0
14/11/2020 07:45:57,0,0,0
14/11/2020 07:45:58,0,0,0
14/11/2020 07:45:59,0,0,0
14/11/2020 07:46:00,0,0,0
14/11/2020 07:46:01,0,0,0
14/11/2020 07:46:02,0,0,0
14/11/2020 07:46:03,0,0,0
14/11/2020 07:46:04,0,0,0
14/11/2020 07:46:05,0,0,0
14/11/2020 07:46:06,0,0,0
14/11/2020 07:46:07,0,0,0
14/11/2020 07:46:08,0,0,0
14/11/2020 07:46:09,0,0,0
14/11/2020 07:46:10,0,0,0
14/11/2020 07:46:11,0,0,0
14/11/2020 07:46:12,0,0,0
14/11/2020 07:46:13,0,0,0
14/11/2020 07:46:14,0,0,0
14/11/2020 07:46:15,0,0,0
14/11/2020 07:46:16,0,0,0
14/11/2020 07:46:17,0,0,0
14/11/2020 07:46:18,0,0,0
14/11/2020 07:46:19,0,0,0
14/11/2020 07:46:20,0,0,0
14/11/2020 07:46:21,0,0,0
14/11/2020 07:46:22,0,0,0
14/11/2020 07:46:23,0,0,0
14/11/2020 07:46:24,0,0,0
14/11/2020 07:46:25,0,0,0
14/11/2020 07:46:26,0,0,0
14/11/2020 07:46:27,0,0,0
14/11/2020 07:46:28,0,0,0
14/11/2020 07:46:29,0,0,0
14/11/2020 07:46:30,0,0,0
14/11/2020 07:46:31,0,0,0
14/11/2020 07:46:32,0,0,0
14/11/2020 07:46:33,0,0,0
14/11/2020 07:46:34,0,0,0
14/11/2020 07:46:35,0,0,0
14/11/2020 07:46:36,0,0,0
14/11/2020 07:46:37,0,0,0
14/11/2020 07:46:38,0,0,0
14/11/2020 07:46:39,0,0,0
14/11/2020 07:46:40,0,0,0
14/11/2020 07:46:41,0,0,0
14/11/2020 07:46:42,0,0,0
14/11/2020 07:46:43,0,0,0
14/11/2020 07:46:44,0,0,0
14/11/2020 07:46:45,0,0,0
14/11/2020 07:46:46,0,0,0
14/11/2020 07:46:47,0,0,0
14/11/2020 07:46:48,0,0,0
14/11/2020 07:46:49,0,0,0
14/11/2020 07:46:50,0,0,0
14/11/2020 07:46:51,0,0,0
14/11/2020 07:46:52,0,0,0
14/11/2020 07:46:53,0,0,0
14/11/2020 07:46:54,0,0,0
14/11/2020 07:46:55,0,0,0
14/11/2020 07:46:56,0,0,0
14/11/2020 07:46:57,0,0,0
14/11/2020 07:46:58,0,0,0
14/11/2020 07:46:59,0,0,0
14/11/2020 07:47:00,0,0,0
14/11/2020 07:47:01,0,0,0
14/11/2020 07:47:02,0,0,0
14/11/2020 07:47:03,0,0,0
14/11/2020 07:47:04,0,0,0
14/11/2020 07:47:05,0,0,0
14/11/2020 07:47:06,0,0,0
14/11/2020 07:47:07,0,0,0
14/11/2020 07:47:08,0,0,0
14/11/2020 07:47:09,0,0,0
14/11/2020 07:47:10,0,0,0
14/11/2020 07:47:11,0,0,0
14/11/2020 07:47:12,0,0,0
14/11/2020 07:47:13,0,0,0
14/11/2020 07:47:14,0,0,0
14/11/2020 07:47:15,0,0,0
14/11/2020 07:47:16,0,0,0
14/11/2020 07:47:17,0,0,0
14/11/2020 07:47:18,0,0,0
14/11/2020 07:47:19,0,0,0
14/11/2020 07:47:20,0,0,0
14/11/2020 07:47:21,0,0,0
14/11/2020 07:47:22,0,0,0
14/11/2020 07:47:23,0,0,0
14/11/2020 07:47:24,0,0,0
14/11/2020 07:47:25,0,0,0
14/11/2020 07:47:26,0,0,0
14/11/2020 07:47:27,0,0,0
14/11/2020 07:47:28,0,0,0
14/11/2020 07:47:29,0,0,0
14/11/2020 07:47:30,0,0,0
14/11/2020 07:47:31,0,0,0
14/11/2020 07:47:32,0,0,0
14/11/2020 07:47:33,0,0,0
14/11/2020 07:47:34,0,0,0
14/11/2020 07:47:35,0,0,0
14/11/2020 07:47:36,0,0,0
14/11/2020 07:47:37,0,0,0
14/11/2020 07:47:38,0,0,0
14/11/2020 07:47:39,0,0,0
14/11/2020 07:47:40,0,0,0
14/11/2020 07:47:41,0,0,0
14/11/2020 07:47:42,0,0,0
14/11/2020 07:47:43,0,0,0
14/11/2020 07:47:44,0,0,0
14/11/2020 07:47:45,0,0,0
14/11/2020 07:47:46,0,0,0
14/11/2020 07:47:47,0,0,0
14/11/2020 07:47:48,0,0,0
14/11/2020 07:47:49,0,0,0
14/11/2020 07:47:50,0,0,0
14/11/2020 07:47:51,0,0,0
14/11/2020 07:47:52,0,0,0
14/11/2020 07:47:53,0,0,0
14/11/2020 07:47:54,0,0,0
14/11/2020 07:47:55,0,0,0
14/11/2020 07:47:56,0,0,0
14/11/2020 07:47:57,0,0,0
14/11/2020 07:47:58,0,0,0
14/11/2020 07:47:59,0,0,0
14/11/2020 07:48:00,0,0,0
14/11/2020 07:48:01,0,0,0
14/11/2020 07:48:02,0,0,0
14/11/2020 07:48:03,0,0,0
14/11/2020 07:48:04,0,0,0
14/11/2020 07:48:05,0,0,0
14/11/2020 07:48:06,0,0,0
14/11/2020 07:48:07,0,0,0
14/11/2020 07:48:08,0,0,0
14/11/2020 07:48:09,0,0,0
14/11/2020 07:48:10,0,0,0
14/11/2020 07:48:11,0,0,0
14/11/2020 07:48:12,0,0,0
14/11/2020 07:48:13,0,0,0
14/11/2020 07:48:14,0,0,0
14/11/2020 07:48:15,0,0,0
14/11/2020 07:48:16,0,0,0
14/11/2020 07:48:17,0,0,0
14/11/2020 07:48:18,0,0,0
14/11/2020 07:48:19,0,0,0
14/11/2020 07:48:20,0,0,0
14/11/2020 07:48:21,0,0,0
14/11/2020 07:48:22,0,0,0
14/11/2020 07:48:23,0,0,0
14/11/2020 07:48:24,0,0,0
14/11/2020 07:48:25,0,0,0
14/11/2020 07:48:26,0,0,0
14/11/2020 07:48:27,0,0,0
14/11/2020 07:48:28,0,0,0
14/11/2020 07:48:29,0,0,0
14/11/2020 07:48:30,0,0,0
14/11/2020 07:48:31,0,0,0
14/11/2020 07:48:32,0,0,0
14/11/2020 07:48:33,0,0,0
14/11/2020 07:48:34,0,0,0
14/11/2020 07:48:35,0,0,0
14/11/2020 07:48:36,0,0,0
14/11/2020 07:48:37,0,0,0
14/11/2020 07:48:38,0,0,0
14/11/2020 07:48:39,0,0,0
14/11/2020 07:48:40,0,0,0
14/11/2020 07:48:41,0,0,0
14/11/2020 07:48:42,0,0,0
14/11/2020 07:48:43,0,0,0
14/11/2020 07:48:44,0,0,0
14/11/2020 07:48:45,0,0,0
14/11/2020 07:48:46,0,0,0
14/11/2020 07:48:47,0,0,0
14/11/2020 07:48:48,0,0,0
14/11/2020 07:48:49,0,0,0
14/11/2020 07:48:50,0,0,0
14/11/2020 07:48:51,0,0,0
14/11/2020 07:48:52,0,0,0
14/11/2020 07:48:53,0,0,0
14/11/2020 07:48:54,0,0,0
14/11/2020 07:48:55,0,0,0
14/11/2020 07:48:56,0,0,0
14/11/2020 07:48:57,0,0,0
14/11/2020 07:48:58,0,0,0
14/11/2020 07:48:59,0,0,0
14/11/2020 07:49:00,0,0,0
14/11/2020 07:49:01,0,0,0
14/11/2020 07:49:02,0,0,0
14/11/2020 07:49:03,0,0,0
14/11/2020 07:49:04,0,0,0
14/11/2020 07:49:05,0,0,0
14/11/2020 07:49:06,0,0,0
14/11/2020 07:49:07,0,0,0
14/11/2020 07:49:08,0,0,0
14/11/2020 07:49:09,0,0,0
14/11/2020 07:49:10,0,0,0
14/11/2020 07:49:11,0,0,0
14/11/2020 07:49:12,0,0,0
14/11/2020 07:49:13,0,0,0
14/11/2020 07:49:14,0,0,0
14/11/2020 07:49:15,0,0,0
14/11/2020 07:49:16,0,0,0
14/11/2020 07:49:17,0,0,0
14/11/2020 07:49:18,0,0,0
14/11/2020 07:49:19,0,0,0
14/11/2020 07:49:20,0,0,0
14/11/2020 07:49:21,0,0,0
14/11/2020 07:49:22,0,0,0
14/11/2020 07:49:23,0,0,0
14/11/2020 07:49:24,0,0,0
14/11/2020 07:49:25,0,0,0
14/11/2020 07:49:26,0,0,0
14/11/2020 07:49:27,0,0,0
14/11/2020 07:49:28,0,0,0
14/11/2020 07:49:29,0,0,0
14/11/2020 07:49:30,0,0,0
14/11/2020 07:49:31,0,0,0
14/11/2020 07:49:32,0,0,0
14/11/2020 07:49:33,0,0,0
14/11/2020 07:49:34,0,0,0
14/11/2020 07:49:35,0,0,0
14/11/2020 07:49:36,0,0,0
14/11/2020 07:49:37,0,0,0
14/11/2020 07:49:38,0,0,0
14/11/2020 07:49:39,0,0,0
14/11/2020 07:49:40,0,0,0
14/11/2020 07:49:41,0,0,0
14/11/2020 07:49:42,0,0,0
14/11/2020 07:49:43,0,0,0
14/11/2020 07:49:44,0,0,0
14/11/2020 07:49:45,0,0,0
14/11/2020 07:49:46,0,0,0
14/11/2020 07:49:47,0,0,0
14/11/2020 07:49:48,0,0,0
14/11/2020 07:49:49,0,0,0
14/11/2020 07:49:50,0,0,0
14/11/2020 07:49:51,0,0,0
14/11/2020 07:49:52,0,0,0
14/11/2020 07:49:53,0,0,0
14/11/2020 07:49:54,0,0,0
14/11/2020 07:49:55,0,0,0
14/11/2020 07:49:56,0,0,0
14/11/2020 07:49:57,0,0,0
14/11/2020 07:49:58,0,0,0
14/11/2020 07:49:59,0,0,0
14/11/2020 07:50:00,0,0,0
14/11/2020 07:50:01,0,0,0
14/11/2020 07:50:02,0,0,0
14/11/2020 07:50:03,0,0,0
14/11/2020 07:50:04,0,0,0
14/11/2020 07:50:05,0,0,0
14/11/2020 07:50:06,0,0,0
14/11/2020 07:50:07,0,0,0
14/11/2020 07:50:08,0,0,0
14/11/2020 07:50:09,0,0,0
14/11/2020 07:50:10,0,0,0
14/11/2020 07:50:11,0,0,0
14/11/2020 07:50:12,0,0,0
14/11/2020 07:50:13,0,0,0
14/11/2020 07:50:14,0,0,0
14/11/2020 07:50:15,0,0,0
14/11/2020 07:50:16,0,0,0
14/11/2020 07:50:17,0,0,0
14/11/2020 07:50:18,0,0,0
14/11/2020 07:50:19,0,0,0
14/11/2020 07:50:20,0,0,0
14/11/2020 07:50:21,0,0,0
14/11/2020 07:50:22,0,0,0
14/11/2020 07:50:23,0,0,0
14/11/2020 07:50:24,0,0,0
14/11/2020 07:50:25,0,0,0
14/11/2020 07:50:26,0,0,0
14/11/2020 07:50:27,0,0,0
14/11/2020 07:50:28,0,0,0
14/11/2020 07:50:29,0,0,0
14/11/2020 07:50:30,0,0,0
14/11/2020 07:50:31,0,0,0
14/11/2020 07:50:32,0,0,0
14/11/2020 07:50:33,0,0,0
14/11/2020 07:50:34,0,0,0
14/11/2020 07:50:35,0,0,0
14/11/2020 07:50:36,0,0,0
14/11/2020 07:50:37,0,0,0
14/11/2020 07:50:38,0,0,0
14/11/2020 07:50:39,0,0,0
14/11/2020 07:50:40,0,0,0
14/11/2020 07:50:41,0,0,0
14/11/2020 07:50:42,0,0,0
14/11/2020 07:50:43,0,0,0
14/11/2020 07:50:44,0,0,0
14/11/2020 07:50:45,0,0,0
14/11/2020 07:50:46,0,0,0
14/11/2020 07:50:47,0,0,0
14/11/2020 07:50:48,0,0,0
14/11/2020 07:50:49,0,0,0
14/11/2020 07:50:50,0,0,0
14/11/2020 07:50:51,0,0,0
14/11/2020 07:50:52,0,0,0
14/11/2020 07:50:53,0,0,0
14/11/2020 07:50:54,0,0,0
14/11/2020 07:50:55,0,0,0
14/11/2020 07:50:56,0,0,0
14/11/2020 07:50:57,0,0,0
14/11/2020 07:50:58,0,0,0
14/11/2020 07:50:59,0,0,0
14/11/2020 07:51:00,0,0,0
14/11/2020 07:51:01,0,0,0
14/11/2020 07:51:02,0,0,0
14/11/2020 07:51:03,0,0,0
14/11/2020 07:51:04,0,0,0
14/11/2020 07:51:05,0,0,0
14/11/2020 07:51:06,0,0,0
14/11/2020 07:51:07,0,0,0
14/11/2020 07:51:08,0,0,0
14/11/2020 07:51:09,0,0,0
14/11/2020 07:51:10,0,0,0
14/11/2020 07:51:11,0,0,0
14/11/2020 07:51:12,0,0,0
14/11/2020 07:51:13,0,0,0
14/11/2020 07:51:14,0,0,0
14/11/2020 07:51:15,0,0,0
14/11/2020 07:51:16,0,0,0
14/11/2020 07:51:17,0,0,0
14/11/2020 07:51:18,0,0,0
14/11/2020 07:51:19,0,0,0
14/11/2020 07:51:20,0,0,0
14/11/2020 07:51:21,0,0,0
14/11/2020 07:51:22,0,0,0
14/11/2020 07:51:23,0,0,0
14/11/2020 07:51:24,0,0,0
14/11/2020 07:51:25,0,0,0
14/11/2020 07:51:26,0,0,0
14/11/2020 07:51:27,0,0,0
14/11/2020 07:51:28,0,0,0
14/11/2020 07:51:29,0,0,0
14/11/2020 07:51:30,0,0,0
14/11/2020 07:51:31,0,0,0
14/11/2020 07:51:32,0,0,0
14/11/2020 07:51:33,0,0,0
14/11/2020 07:51:34,0,0,0
14/11/2020 07:51:35,0,0,0
14/11/2020 07:51:36,0,0,0
14/11/2020 07:51:37,0,0,0
14/11/2020 07:51:38,0,0,0
14/11/2020 07:51:39,0,0,0
14/11/2020 07:51:40,0,0,0
14/11/2020 07:51:41,0,0,0
14/11/2020 07:51:42,0,0,0
14/11/2020 07:51:43,0,0,0
14/11/2020 07:51:44,0,0,0
14/11/2020 07:51:45,0,0,0
14/11/2020 07:51:46,0,0,0
14/11/2020 07:51:47,0,0,0
14/11/2020 07:51:48,0,0,0
14/11/2020 07:51:49,0,0,0
14/11/2020 07:51:50,0,0,0
14/11/2020 07:51:51,0,0,0
14/11/2020 07:51:52,0,0,0
14/11/2020 07:51:53,0,0,0
14/11/2020 07:51:54,0,0,0
14/11/2020 07:51:55,0,0,0
14/11/2020 07:51:56,0,0,0
14/11/2020 07:51:57,0,0,0
14/11/2020 07:51:58,0,0,0
14/11/2020 07:51:59,0,0,0
14/11/2020 07:52:00,0,0,0
14/11/2020 07:52:01,0,0,0
14/11/2020 07:52:02,0,0,0
14/11/2020 07:52:03,0,0,0
14/11/2020 07:52:04,0,0,0
14/11/2020 07:52:05,0,0,0
14/11/2020 07:52:06,0,0,0
14/11/2020 07:52:07,0,0,0
14/11/2020 07:52:08,0,0,0
14/11/2020 07:52:09,0,0,0
14/11/2020 07:52:10,0,0,0
14/11/2020 07:52:11,0,0,0
14/11/2020 07:52:12,0,0,0
14/11/2020 07:52:13,0,0,0
14/11/2020 07:52:14,0,0,0
14/11/2020 07:52:15,0,0,0
14/11/2020 07:52:16,0,0,0
14/11/2020 07:52:17,0,0,0
14/11/2020 07:52:18,0,0,0
14/11/2020 07:52:19,0,0,0
14/11/2020 07:52:20,0,0,0
14/11/2020 07:52:21,0,0,0
14/11/2020 07:52:22,0,0,0
14/11/2020 07:52:23,0,0,0
14/11/2020 07:52:24,0,0,0
14/11/2020 07:52:25,0,0,0
14/11/2020 07:52:26,0,0,0
14/11/2020 07:52:27,0,0,0
14/11/2020 07:52:28,0,0,0
14/11/2020 07:52:29,0,0,0
14/11/2020 07:52:30,0,0,0
14/11/2020 07:52:31,0,0,0
14/11/2020 07:52:32,0,0,0
14/11/2020 07:52:33,0,0,0
14/11/2020 07:52:34,0,0,0
14/11/2020 07:52:35,0,0,0
14/11/2020 07:52:36,0,0,0
14/11/2020 07:52:37,0,0,0
14/11/2020 07:52:38,0,0,0
14/11/2020 07:52:39,0,0,0
14/11/2020 07:52:40,0,0,0
14/11/2020 07:52:41,0,0,0
14/11/2020 07:52:42,0,0,0
14/11/2020 07:52:43,0,0,0
14/11/2020 07:52:44,0,0,0
14/11/2020 07:52:45,0,0,0
14/11/2020 07:52:46,0,0,0
14/11/2020 07:52:47,0,0,0
14/11/2020 07:52:48,0,0,0
14/11/2020 07:52:49,0,0,0
14/11/2020 07:52:50,0,0,0
14/11/2020 07:52:51,0,0,0
14/11/2020 07:52:52,0,0,0
14/11/2020 07:52:53,0,0,0
14/11/2020 07:52:54,0,0,0
14/11/2020 07:52:55,0,0,0
14/11/2020 07:52:56,0,0,0
14/11/2020 07:52:57,0,0,0
14/11/2020 07:52:58,0,0,0
14/11/2020 07:52:59,0,0,0
14/11/2020 07:53:00,0,0,0
14/11/2020 07:53:01,0,0,0
14/11/2020 07:53:02,0,0,0
14/11/2020 07:53:03,0,0,0
14/11/2020 07:53:04,0,0,0
14/11/2020 07:53:05,0,0,0
14/11/2020 07:53:06,0,0,0
14/11/2020 07:53:07,0,0,0
14/11/2020 07:53:08,0,0,0
14/11/2020 07:53:09,0,0,0
14/11/2020 07:53:10,0,0,0
14/11/2020 07:53:11,0,0,0
14/11/2020 07:53:12,0,0,0
14/11/2020 07:53:13,0,0,0
14/11/2020 07:53:14,0,0,0
14/11/2020 07:53:15,0,0,0
14/11/2020 07:53:16,0,0,0
14/11/2020 07:53:17,0,0,0
14/11/2020 07:53:18,0,0,0
14/11/2020 07:53:19,0,0,0
14/11/2020 07:53:20,0,0,0
14/11/2020 07:53:21,0,0,0
14/11/2020 07:53:22,0,0,0
14/11/2020 07:53:23,0,0,0
14/11/2020 07:53:24,0,0,0
14/11/2020 07:53:25,0,0,0
14/11/2020 07:53:26,0,0,0
14/11/2020 07:53:27,0,0,0
14/11/2020 07:53:28,0,0,0
14/11/2020 07:53:29,0,0,0
14/11/2020 07:53:30,0,0,0
14/11/2020 07:53:31,0,0,0
14/11/2020 07:53:32,0,0,0
14/11/2020 07:53:33,0,0,0
14/11/2020 07:53:34,0,0,0
14/11/2020 07:53:35,0,0,0
14/11/2020 07:53:36,0,0,0
14/11/2020 07:53:37,0,0,0
14/11/2020 07:53:38,0,0,0
14/11/2020 07:53:39,0,0,0
14/11/2020 07:53:40,0,0,0
14/11/2020 07:53:41,0,0,0
14/11/2020 07:53:42,0,0,0
14/11/2020 07:53:43,0,0,0
14/11/2020 07:53:44,0,0,0
14/11/2020 07:53:45,0,0,0
14/11/2020 07:53:46,0,0,0
14/11/2020 07:53:47,0,0,0
14/11/2020 07:53:48,0,0,0
14/11/2020 07:53:49,0,0,0
14/11/2020 07:53:50,0,0,0
14/11/2020 07:53:51,0,0,0
14/11/2020 07:53:52,0,0,0
14/11/2020 07:53:53,0,0,0
14/11/2020 07:53:54,0,0,0
14/11/2020 07:53:55,0,0,0
14/11/2020 07:53:56,0,0,0
14/11/2020 07:53:57,0,0,0
14/11/2020 07:53:58,0,0,0
14/11/2020 07:53:59,0,0,0
14/11/2020 07:54:00,0,0,0
14/11/2020 07:54:01,0,0,0
14/11/2020 07:54:02,0,0,0
14/11/2020 07:54:03,0,0,0
14/11/2020 07:54:04,0,0,0
14/11/2020 07:54:05,0,0,0
14/11/2020 07:54:06,0,0,0
14/11/2020 07:54:07,0,0,0
14/11/2020 07:54:08,0,0,0
14/11/2020 07:54:09,0,0,0
14/11/2020 07:54:10,0,0,0
14/11/2020 07:54:11,0,0,0
14/11/2020 07:54:12,0,0,0
14/11/2020 07:54:13,0,0,0
14/11/2020 07:54:14,0,0,0
14/11/2020 07:54:15,0,0,0
14/11/2020 07:54:16,0,0,0
14/11/2020 07:54:17,0,0,0
14/11/2020 07:54:18,0,0,0
14/11/2020 07:54:19,0,0,0
14/11/2020 07:54:20,0,0,0
14/11/2020 07:54:21,0,0,0
14/11/2020 07:54:22,0,0,0
14/11/2020 07:54:23,0,0,0
14/11/2020 07:54:24,0,0,0
14/11/2020 07:54:25,0,0,0
14/11/2020 07:54:26,0,0,0
14/11/2020 07:54:27,0,0,0
14/11/2020 07:54:28,0,0,0
14/11/2020 07:54:29,0,0,0
14/11/2020 07:54:30,0,0,0
14/11/2020 07:54:31,0,0,0
14/11/2020 07:54:32,0,0,0
14/11/2020 07:54:33,0,0,0
14/11/2020 07:54:34,0,0,0
14/11/2020 07:54:35,0,0,0
14/11/2020 07:54:36,0,0,0
14/11/2020 07:54:37,0,0,0
14/11/2020 07:54:38,0,0,0
14/11/2020 07:54:39,0,0,0
14/11/2020 07:54:40,0,0,0
14/11/2020 07:54:41,0,0,0
14/11/2020 07:54:42,0,0,0
14/11/2020 07:54:43,0,0,0
14/11/2020 07:54:44,0,0,0
14/11/2020 07:54:45,0,0,0
14/11/2020 07:54:46,0,0,0
14/11/2020 07:54:47,0,0,0
14/11/2020 07:54:48,0,0,0
14/11/2020 07:54:49,0,0,0
14/11/2020 07:54:50,0,0,0
14/11/2020 07:54:51,0,0,0
14/11/2020 07:54:52,0,0,0
14/11/2020 07:54:53,0,0,0
14/11/2020 07:54:54,0,0,0
14/11/2020 07:54:55,0,0,0
14/11/2020 07:54:56,0,0,0
14/11/2020 07:54:57,0,0,0
14/11/2020 07:54:58,0,0,0
14/11/2020 07:54:59,0,0,0
14/11/2020 07:55:00,0,0,0
14/11/2020 07:55:01,0,0,0
14/11/2020 07:55:02,0,0,0
14/11/2020 07:55:03,0,0,0
14/11/2020 07:55:04,0,0,0
14/11/2020 07:55:05,0,0,0
14/11/2020 07:55:06,0,0,0
14/11/2020 07:55:07,0,0,0
14/11/2020 07:55:08,0,0,0
14/11/2020 07:55:09,0,0,0
14/11/2020 07:55:10,0,0,0
14/11/2020 07:55:11,0,0,0
14/11/2020 07:55:12,0,0,0
14/11/2020 07:55:13,0,0,0
14/11/2020 07:55:14,0,0,0
14/11/2020 07:55:15,0,0,0
14/11/2020 07:55:16,0,0,0
14/11/2020 07:55:17,0,0,0
14/11/2020 07:55:18,0,0,0
14/11/2020 07:55:19,0,0,0
14/11/2020 07:55:20,0,0,0
14/11/2020 07:55:21,0,0,0
14/11/2020 07:55:22,0,0,0
14/11/2020 07:55:23,0,0,0
14/11/2020 07:55:24,0,0,0
14/11/2020 07:55:25,0,0,0
14/11/2020 07:55:26,0,0,0
14/11/2020 07:55:27,0,0,0
14/11/2020 07:55:28,0,0,0
14/11/2020 07:55:29,0,0,0
14/11/2020 07:55:30,0,0,0
14/11/2020 07:55:31,0,0,0
14/11/2020 07:55:32,0,0,0
14/11/2020 07:55:33,0,0,0
14/11/2020 07:55:34,0,0,0
14/11/2020 07:55:35,0,0,0
14/11/2020 07:55:36,0,0,0
14/11/2020 07:55:37,0,0,0
14/11/2020 07:55:38,0,0,0
14/11/2020 07:55:39,0,0,0
14/11/2020 07:55:40,0,0,0
14/11/2020 07:55:41,0,0,0
14/11/2020 07:55:42,0,0,0
14/11/2020 07:55:43,0,0,0
14/11/2020 07:55:44,0,0,0
14/11/2020 07:55:45,0,0,0
14/11/2020 07:55:46,0,0,0
14/11/2020 07:55:47,0,0,0
14/11/2020 07:55:48,0,0,0
14/11/2020 07:55:49,0,0,0
14/11/2020 07:55:50,0,0,0
14/11/2020 07:55:51,0,0,0
14/11/2020 07:55:52,0,0,0
14/11/2020 07:55:53,0,0,0
14/11/2020 07:55:54,0,0,0
14/11/2020 07:55:55,0,0,0
14/11/2020 07:55:56,0,0,0
14/11/2020 07:55:57,0,0,0
14/11/2020 07:55:58,0,0,0
14/11/2020 07:55:59,0,0,0
14/11/2020 07:56:00,0,0,0
14/11/2020 07:56:01,0,0,0
14/11/2020 07:56:02,0,0,0
14/11/2020 07:56:03,0,0,0
14/11/2020 07:56:04,0,0,0
14/11/2020 07:56:05,0,0,0
14/11/2020 07:56:06,0,0,0
14/11/2020 07:56:07,0,0,0
14/11/2020 07:56:08,0,0,0
14/11/2020 07:56:09,0,0,0
14/11/2020 07:56:10,0,0,0
14/11/2020 07:56:11,0,0,0
14/11/2020 07:56:12,0,0,0
14/11/2020 07:56:13,0,0,0
14/11/2020 07:56:14,0,0,0
14/11/2020 07:56:15,0,0,0
14/11/2020 07:56:16,0,0,0
14/11/2020 07:56:17,0,0,0
14/11/2020 07:56:18,0,0,0
14/11/2020 07:56:19,0,0,0
14/11/2020 07:56:20,0,0,0
14/11/2020 07:56:21,0,0,0
14/11/2020 07:56:22,0,0,0
14/11/2020 07:56:23,0,0,0
14/11/2020 07:56:24,0,0,0
14/11/2020 07:56:25,0,0,0
14/11/2020 07:56:26,0,0,0
14/11/2020 07:56:27,0,0,0
14/11/2020 07:56:28,0,0,0
14/11/2020 07:56:29,0,0,0
14/11/2020 07:56:30,0,0,0
14/11/2020 07:56:31,0,0,0
14/11/2020 07:56:32,0,0,0
14/11/2020 07:56:33,0,0,0
14/11/2020 07:56:34,0,0,0
14/11/2020 07:56:35,0,0,0
14/11/2020 07:56:36,0,0,0
14/11/2020 07:56:37,0,0,0
14/11/2020 07:56:38,0,0,0
14/11/2020 07:56:39,0,0,0
14/11/2020 07:56:40,0,0,0
14/11/2020 07:56:41,0,0,0
14/11/2020 07:56:42,0,0,0
14/11/2020 07:56:43,0,0,0
14/11/2020 07:56:44,0,0,0
14/11/2020 07:56:45,0,0,0
14/11/2020 07:56:46,0,0,0
14/11/2020 07:56:47,0,0,0
14/11/2020 07:56:48,0,0,0
14/11/2020 07:56:49,0,0,0
14/11/2020 07:56:50,0,0,0
14/11/2020 07:56:51,0,0,0
14/11/2020 07:56:52,0,0,0
14/11/2020 07:56:53,0,0,0
14/11/2020 07:56:54,0,0,0
14/11/2020 07:56:55,0,0,0
14/11/2020 07:56:56,0,0,0
14/11/2020 07:56:57,0,0,0
14/11/2020 07:56:58,0,0,0
14/11/2020 07:56:59,0,0,0
14/11/2020 07:57:00,0,0,0
14/11/2020 07:57:01,0,0,0
14/11/2020 07:57:02,0,0,0
14/11/2020 07:57:03,0,0,0
14/11/2020 07:57:04,0,0,0
14/11/2020 07:57:05,0,0,0
14/11/2020 07:57:06,0,0,0
14/11/2020 07:57:07,0,0,0
14/11/2020 07:57:08,0,0,0
14/11/2020 07:57:09,0,0,0
14/11/2020 07:57:10,0,0,0
14/11/2020 07:57:11,0,0,0
14/11/2020 07:57:12,0,0,0
14/11/2020 07:57:13,0,0,0
14/11/2020 07:57:14,0,0,0
14/11/2020 07:57:15,0,0,0
14/11/2020 07:57:16,0,0,0
14/11/2020 07:57:17,0,0,0
14/11/2020 07:57:18,0,0,0
14/11/2020 07:57:19,0,0,0
14/11/2020 07:57:20,0,0,0
14/11/2020 07:57:21,0,0,0
14/11/2020 07:57:22,0,0,0
14/11/2020 07:57:23,0,0,0
14/11/2020 07:57:24,0,0,0
14/11/2020 07:57:25,0,0,0
14/11/2020 07:57:26,0,0,0
14/11/2020 07:57:27,0,0,0
14/11/2020 07:57:28,0,0,0
14/11/2020 07:57:29,0,0,0
14/11/2020 07:57:30,0,0,0
14/11/2020 07:57:31,0,0,0
14/11/2020 07:57:32,0,0,0
14/11/2020 07:57:33,0,0,0
14/11/2020 07:57:34,0,0,0
14/11/2020 07:57:35,0,0,0
14/11/2020 07:57:36,0,0,0
14/11/2020 07:57:37,0,0,0
14/11/2020 07:57:38,0,0,0
14/11/2020 07:57:39,0,0,0
14/11/2020 07:57:40,0,0,0
14/11/2020 07:57:41,0,0,0
14/11/2020 07:57:42,0,0,0
14/11/2020 07:57:43,0,0,0
14/11/2020 07:57:44,0,0,0
14/11/2020 07:57:45,0,0,0
14/11/2020 07:57:46,0,0,0
14/11/2020 07:57:47,0,0,0
14/11/2020 07:57:48,0,0,0
14/11/2020 07:57:49,0,0,0
14/11/2020 07:57:50,0,0,0
14/11/2020 07:57:51,0,0,0
14/11/2020 07:57:52,0,0,0
14/11/2020 07:57:53,0,0,0
14/11/2020 07:57:54,0,0,0
14/11/2020 07:57:55,0,0,0
14/11/2020 07:57:56,0,0,0
14/11/2020 07:57:57,0,0,0
14/11/2020 07:57:58,0,0,0
14/11/2020 07:57:59,0,0,0
14/11/2020 07:58:00,0,0,0
14/11/2020 07:58:01,0,0,0
14/11/2020 07:58:02,0,0,0
14/11/2020 07:58:03,0,0,0
14/11/2020 07:58:04,0,0,0
14/11/2020 07:58:05,0,0,0
14/11/2020 07:58:06,0,0,0
14/11/2020 07:58:07,0,0,0
14/11/2020 07:58:08,0,0,0
14/11/2020 07:58:09,0,0,0
14/11/2020 07:58:10,0,0,0
14/11/2020 07:58:11,0,0,0
14/11/2020 07:58:12,0,0,0
14/11/2020 07:58:13,0,0,0
14/11/2020 07:58:14,0,0,0
14/11/2020 07:58:15,0,0,0
14/11/2020 07:58:16,0,0,0
14/11/2020 07:58:17,0,0,0
14/11/2020 07:58:18,0,0,0
14/11/2020 07:58:19,0,0,0
14/11/2020 07:58:20,0,0,0
14/11/2020 07:58:21,0,0,0
14/11/2020 07:58:22,0,0,0
14/11/2020 07:58:23,0,0,0
14/11/2020 07:58:24,0,0,0
14/11/2020 07:58:25,0,0,0
14/11/2020 07:58:26,0,0,0
14/11/2020 07:58:27,0,0,0
14/11/2020 07:58:28,0,0,0
14/11/2020 07:58:29,0,0,0
14/11/2020 07:58:30,0,0,0
14/11/2020 07:58:31,0,0,0
14/11/2020 07:58:32,0,0,0
14/11/2020 07:58:33,0,0,0
14/11/2020 07:58:34,0,0,0
14/11/2020 07:58:35,0,0,0
14/11/2020 07:58:36,0,0,0
14/11/2020 07:58:37,0,0,0
14/11/2020 07:58:38,0,0,0
14/11/2020 07:58:39,0,0,0
14/11/2020 07:58:40,0,0,0
14/11/2020 07:58:41,0,0,0
14/11/2020 07:58:42,0,0,0
14/11/2020 07:58:43,0,0,0
14/11/2020 07:58:44,0,0,0
14/11/2020 07:58:45,0,0,0
14/11/2020 07:58:46,0,0,0
14/11/2020 07:58:47,0,0,0
14/11/2020 07:58:48,0,0,0
14/11/2020 07:58:49,0,0,0
14/11/2020 07:58:50,0,0,0
14/11/2020 07:58:51,0,0,0
14/11/2020 07:58:52,0,0,0
14/11/2020 07:58:53,0,0,0
14/11/2020 07:58:54,0,0,0
14/11/2020 07:58:55,0,0,0
14/11/2020 07:58:56,0,0,0
14/11/2020 07:58:57,0,0,0
14/11/2020 07:58:58,0,0,0
14/11/2020 07:58:59,0,0,0
14/11/2020 07:59:00,0,0,0
14/11/2020 07:59:01,0,0,0
14/11/2020 07:59:02,0,0,0
14/11/2020 07:59:03,0,0,0
14/11/2020 07:59:04,0,0,0
14/11/2020 07:59:05,0,0,0
14/11/2020 07:59:06,0,0,0
14/11/2020 07:59:07,0,0,0
14/11/2020 07:59:08,0,0,0
14/11/2020 07:59:09,0,0,0
14/11/2020 07:59:10,0,0,0
14/11/2020 07:59:11,0,0,0
14/11/2020 07:59:12,0,0,0
14/11/2020 07:59:13,0,0,0
14/11/2020 07:59:14,0,0,0
14/11/2020 07:59:15,0,0,0
14/11/2020 07:59:16,0,0,0
14/11/2020 07:59:17,0,0,0
14/11/2020 07:59:18,0,0,0
14/11/2020 07:59:19,0,0,0
14/11/2020 07:59:20,0,0,0
14/11/2020 07:59:21,0,0,0
14/11/2020 07:59:22,0,0,0
14/11/2020 07:59:23,0,0,0
14/11/2020 07:59:24,0,0,0
14/11/2020 07:59:25,0,0,0
14/11/2020 07:59:26,0,0,0
14/11/2020 07:59:27,0,0,0
14/11/2020 07:59:28,0,0,0
14/11/2020 07:59:29,0,0,0
14/11/2020 07:59:30,0,0,0
14/11/2020 07:59:31,0,0,0
14/11/2020 07:59:32,0,0,0
14/11/2020 07:59:33,0,0,0
14/11/2020 07:59:34,0,0,0
14/11/2020 07:59:35,0,0,0
14/11/2020 07:59:36,0,0,0
14/11/2020 07:59:37,0,0,0
14/11/2020 07:59:38,0,0,0
14/11/2020 07:59:39,0,0,0
14/11/2020 07:59:40,0,0,0
14/11/2020 07:59:41,0,0,0
14/11/2020 07:59:42,0,0,0
14/11/2020 07:59:43,0,0,0
14/11/2020 07:59:44,0,0,0
14/11/2020 07:59:45,0,0,0
14/11/2020 07:59:46,0,0,0
14/11/2020 07:59:47,0,0,0
14/11/2020 07:59:48,0,0,0
14/11/2020 07:59:49,0,0,0
14/11/2020 07:59:50,0,0,0
14/11/2020 07:59:51,0,0,0
14/11/2020 07:59:52,0,0,0
14/11/2020 07:59:53,0,0,0
14/11/2020 07:59:54,0,0,0
14/11/2020 07:59:55,0,0,0
14/11/2020 07:59:56,0,0,0
14/11/2020 07:59:57,0,0,0
14/11/2020 07:59:58,0,0,0
14/11/2020 07:59:59,0,0,0
14/11/2020 08:00:00,0,0,0
14/11/2020 08:00:01,0,0,0
14/11/2020 08:00:02,0,0,0
14/11/2020 08:00:03,0,0,0
14/11/2020 08:00:04,0,0,0
14/11/2020 08:00:05,0,0,0
14/11/2020 08:00:06,0,0,0
14/11/2020 08:00:07,0,0,0
14/11/2020 08:00:08,0,0,0
14/11/2020 08:00:09,0,0,0
14/11/2020 08:00:10,0,0,0
14/11/2020 08:00:11,0,0,0
14/11/2020 08:00:12,0,0,0
14/11/2020 08:00:13,0,0,0
14/11/2020 08:00:14,0,0,0
14/11/2020 08:00:15,0,0,0
14/11/2020 08:00:16,0,0,0
14/11/2020 08:00:17,0,0,0
14/11/2020 08:00:18,0,0,0
14/11/2020 08:00:19,0,0,0
14/11/2020 08:00:20,0,0,0
14/11/2020 08:00:21,0,0,0
14/11/2020 08:00:22,0,0,0
14/11/2020 08:00:23,0,0,0
14/11/2020 08:00:24,0,0,0
14/11/2020 08:00:25,0,0,0
14/11/2020 08:00:26,0,0,0
14/11/2020 08:00:27,0,0,0
14/11/2020 08:00:28,0,0,0
14/11/2020 08:00:29,0,0,0
14/11/2020 08:00:30,0,0,0
14/11/2020 08:00:31,0,0,0
14/11/2020 08:00:32,0,0,0
14/11/2020 08:00:33,0,0,0
14/11/2020 08:00:34,0,0,0
14/11/2020 08:00:35,0,0,0
14/11/2020 08:00:36,0,0,0
14/11/2020 08:00:37,0,0,0
14/11/2020 08:00:38,0,0,0
14/11/2020 08:00:39,0,0,0
14/11/2020 08:00:40,0,0,0
14/11/2020 08:00:41,0,0,0
14/11/2020 08:00:42,0,0,0
14/11/2020 08:00:43,0,0,0
14/11/2020 08:00:44,0,0,0
14/11/2020 08:00:45,0,0,0
14/11/2020 08:00:46,0,0,0
14/11/2020 08:00:47,0,0,0
14/11/2020 08:00:48,0,0,0
14/11/2020 08:00:49,0,0,0
14/11/2020 08:00:50,0,0,0
14/11/2020 08:00:51,0,0,0
14/11/2020 08:00:52,0,0,0
14/11/2020 08:00:53,0,0,0
14/11/2020 08:00:54,0,0,0
14/11/2020 08:00:55,0,0,0
14/11/2020 08:00:56,0,0,0
14/11/2020 08:00:57,0,0,0
14/11/2020 08:00:58,0,0,0
14/11/2020 08:00:59,0,0,0
14/11/2020 08:01:00,0,0,0
14/11/2020 08:01:01,0,0,0
14/11/2020 08:01:02,0,0,0
14/11/2020 08:01:03,0,0,0
14/11/2020 08:01:04,0,0,0
14/11/2020 08:01:05,0,0,0
14/11/2020 08:01:06,0,0,0
14/11/2020 08:01:07,0,0,0
14/11/2020 08:01:08,0,0,0
14/11/2020 08:01:09,0,0,0
14/11/2020 08:01:10,0,0,0
14/11/2020 08:01:11,0,0,0
14/11/2020 08:01:12,0,0,0
14/11/2020 08:01:13,0,0,0
14/11/2020 08:01:14,0,0,0
14/11/2020 08:01:15,0,0,0
14/11/2020 08:01:16,0,0,0
14/11/2020 08:01:17,0,0,0
14/11/2020 08:01:18,0,0,0
14/11/2020 08:01:19,0,0,0
14/11/2020 08:01:20,0,0,0
14/11/2020 08:01:21,0,0,0
14/11/2020 08:01:22,0,0,0
14/11/2020 08:01:23,0,0,0
14/11/2020 08:01:24,0,0,0
14/11/2020 08:01:25,0,0,0
14/11/2020 08:01:26,0,0,0
14/11/2020 08:01:27,0,0,0
14/11/2020 08:01:28,0,0,0
14/11/2020 08:01:29,0,0,0
14/11/2020 08:01:30,0,0,0
14/11/2020 08:01:31,0,0,0
14/11/2020 08:01:32,0,0,0
14/11/2020 08:01:33,0,0,0
14/11/2020 08:01:34,0,0,0
14/11/2020 08:01:35,0,0,0
14/11/2020 08:01:36,0,0,0
14/11/2020 08:01:37,0,0,0
14/11/2020 08:01:38,0,0,0
14/11/2020 08:01:39,0,0,0
14/11/2020 08:01:40,0,0,0
14/11/2020 08:01:41,0,0,0
14/11/2020 08:01:42,0,0,0
14/11/2020 08:01:43,0,0,0
14/11/2020 08:01:44,0,0,0
14/11/2020 08:01:45,0,0,0
14/11/2020 08:01:46,0,0,0
14/11/2020 08:01:47,0,0,0
14/11/2020 08:01:48,0,0,0
14/11/2020 08:01:49,0,0,0
14/11/2020 08:01:50,0,0,0
14/11/2020 08:01:51,0,0,0
14/11/2020 08:01:52,0,0,0
14/11/2020 08:01:53,0,0,0
14/11/2020 08:01:54,0,0,0
14/11/2020 08:01:55,0,0,0
14/11/2020 08:01:56,0,0,0
14/11/2020 08:01:57,0,0,0
14/11/2020 08:01:58,0,0,0
14/11/2020 08:01:59,0,0,0
14/11/2020 08:02:00,0,0,0
14/11/2020 08:02:01,0,0,0
14/11/2020 08:02:02,0,0,0
14/11/2020 08:02:03,0,0,0
14/11/2020 08:02:04,0,0,0
14/11/2020 08:02:05,0,0,0
14/11/2020 08:02:06,0,0,0
14/11/2020 08:02:07,0,0,0
14/11/2020 08:02:08,0,0,0
14/11/2020 08:02:09,0,0,0
14/11/2020 08:02:10,0,0,0
14/11/2020 08:02:11,0,0,0
14/11/2020 08:02:12,0,0,0
14/11/2020 08:02:13,0,0,0
14/11/2020 08:02:14,0,0,0
14/11/2020 08:02:15,0,0,0
14/11/2020 08:02:16,0,0,0
14/11/2020 08:02:17,0,0,0
14/11/2020 08:02:18,0,0,0
14/11/2020 08:02:19,0,0,0
14/11/2020 08:02:20,0,0,0
14/11/2020 08:02:21,0,0,0
14/11/2020 08:02:22,0,0,0
14/11/2020 08:02:23,0,0,0
14/11/2020 08:02:24,0,0,0
14/11/2020 08:02:25,0,0,0
14/11/2020 08:02:26,0,0,0
14/11/2020 08:02:27,0,0,0
14/11/2020 08:02:28,0,0,0
14/11/2020 08:02:29,0,0,0
14/11/2020 08:02:30,0,0,0
14/11/2020 08:02:31,0,0,0
14/11/2020 08:02:32,0,0,0
14/11/2020 08:02:33,0,0,0
14/11/2020 08:02:34,0,0,0
14/11/2020 08:02:35,0,0,0
14/11/2020 08:02:36,0,0,0
14/11/2020 08:02:37,0,0,0
14/11/2020 08:02:38,0,0,0
14/11/2020 08:02:39,0,0,0
14/11/2020 08:02:40,0,0,0
14/11/2020 08:02:41,0,0,0
14/11/2020 08:02:42,0,0,0
14/11/2020 08:02:43,0,0,0
14/11/2020 08:02:44,0,0,0
14/11/2020 08:02:45,0,0,0
14/11/2020 08:02:46,0,0,0
14/11/2020 08:02:47,0,0,0
14/11/2020 08:02:48,0,0,0
14/11/2020 08:02:49,0,0,0
14/11/2020 08:02:50,0,0,0
14/11/2020 08:02:51,0,0,0
14/11/2020 08:02:52,0,0,0
14/11/2020 08:02:53,0,0,0
14/11/2020 08:02:54,0,0,0
14/11/2020 08:02:55,0,0,0
14/11/2020 08:02:56,0,0,0
14/11/2020 08:02:57,0,0,0
14/11/2020 08:02:58,0,0,0
14/11/2020 08:02:59,0,0,0
14/11/2020 08:03:00,0,0,0
14/11/2020 08:03:01,0,0,0
14/11/2020 08:03:02,0,0,0
14/11/2020 08:03:03,0,0,0
14/11/2020 08:03:04,0,0,0
14/11/2020 08:03:05,0,0,0
14/11/2020 08:03:06,0,0,0
14/11/2020 08:03:07,0,0,0
14/11/2020 08:03:08,0,0,0
14/11/2020 08:03:09,0,0,0
14/11/2020 08:03:10,0,0,0
14/11/2020 08:03:11,0,0,0
14/11/2020 08:03:12,0,0,0
14/11/2020 08:03:13,0,0,0
14/11/2020 08:03:14,0,0,0
14/11/2020 08:03:15,0,0,0
14/11/2020 08:03:16,0,0,0
14/11/2020 08:03:17,0,0,0
14/11/2020 08:03:18,0,0,0
14/11/2020 08:03:19,0,0,0
14/11/2020 08:03:20,0,0,0
14/11/2020 08:03:21,0,0,0
14/11/2020 08:03:22,0,0,0
14/11/2020 08:03:23,0,0,0
14/11/2020 08:03:24,0,0,0
14/11/2020 08:03:25,0,0,0
14/11/2020 08:03:26,0,0,0
14/11/2020 08:03:27,0,0,0
14/11/2020 08:03:28,0,0,0
14/11/2020 08:03:29,0,0,0
14/11/2020 08:03:30,0,0,0
14/11/2020 08:03:31,0,0,0
14/11/2020 08:03:32,0,0,0
14/11/2020 08:03:33,0,0,0
14/11/2020 08:03:34,0,0,0
14/11/2020 08:03:35,0,0,0
14/11/2020 08:03:36,0,0,0
14/11/2020 08:03:37,0,0,0
14/11/2020 08:03:38,0,0,0
14/11/2020 08:03:39,0,0,0
14/11/2020 08:03:40,0,0,0
14/11/2020 08:03:41,0,0,0
14/11/2020 08:03:42,0,0,0
14/11/2020 08:03:43,0,0,0
14/11/2020 08:03:44,0,0,0
14/11/2020 08:03:45,0,0,0
14/11/2020 08:03:46,0,0,0
14/11/2020 08:03:47,0,0,0
14/11/2020 08:03:48,0,0,0
14/11/2020 08:03:49,0,0,0
14/11/2020 08:03:50,0,0,0
14/11/2020 08:03:51,0,0,0
14/11/2020 08:03:52,0,0,0
14/11/2020 08:03:53,0,0,0
14/11/2020 08:03:54,0,0,0
14/11/2020 08:03:55,0,0,0
14/11/2020 08:03:56,0,0,0
14/11/2020 08:03:57,0,0,0
14/11/2020 08:03:58,0,0,0
14/11/2020 08:03:59,0,0,0
14/11/2020 08:04:00,0,0,0
14/11/2020 08:04:01,0,0,0
14/11/2020 08:04:02,0,0,0
14/11/2020 08:04:03,0,0,0
14/11/2020 08:04:04,0,0,0
14/11/2020 08:04:05,0,0,0
14/11/2020 08:04:06,0,0,0
14/11/2020 08:04:07,0,0,0
14/11/2020 08:04:08,0,0,0
14/11/2020 08:04:09,0,0,0
14/11/2020 08:04:10,0,0,0
14/11/2020 08:04:11,0,0,0
14/11/2020 08:04:12,0,0,0
14/11/2020 08:04:13,0,0,0
14/11/2020 08:04:14,0,0,0
14/11/2020 08:04:15,0,0,0
14/11/2020 08:04:16,0,0,0
14/11/2020 08:04:17,0,0,0
14/11/2020 08:04:18,0,0,0
14/11/2020 08:04:19,0,0,0
14/11/2020 08:04:20,0,0,0
14/11/2020 08:04:21,0,0,0
14/11/2020 08:04:22,0,0,0
14/11/2020 08:04:23,0,0,0
14/11/2020 08:04:24,0,0,0
14/11/2020 08:04:25,0,0,0
14/11/2020 08:04:26,0,0,0
14/11/2020 08:04:27,0,0,0
14/11/2020 08:04:28,0,0,0
14/11/2020 08:04:29,0,0,0
14/11/2020 08:04:30,0,0,0
14/11/2020 08:04:31,0,0,0
14/11/2020 08:04:32,0,0,0
14/11/2020 08:04:33,0,0,0
14/11/2020 08:04:34,0,0,0
14/11/2020 08:04:35,0,0,0
14/11/2020 08:04:36,0,0,0
14/11/2020 08:04:37,0,0,0
14/11/2020 08:04:38,0,0,0
14/11/2020 08:04:39,0,0,0
14/11/2020 08:04:40,0,0,0
14/11/2020 08:04:41,0,0,0
14/11/2020 08:04:42,0,0,0
14/11/2020 08:04:43,0,0,0
14/11/2020 08:04:44,0,0,0
14/11/2020 08:04:45,0,0,0
14/11/2020 08:04:46,0,0,0
14/11/2020 08:04:47,0,0,0
14/11/2020 08:04:48,0,0,0
14/11/2020 08:04:49,0,0,0
14/11/2020 08:04:50,0,0,0
14/11/2020 08:04:51,0,0,0
14/11/2020 08:04:52,0,0,0
14/11/2020 08:04:53,0,0,0
14/11/2020 08:04:54,0,0,0
14/11/2020 08:04:55,0,0,0
14/11/2020 08:04:56,0,0,0
14/11/2020 08:04:57,0,0,0
14/11/2020 08:04:58,0,0,0
14/11/2020 08:04:59,0,0,0
14/11/2020 08:05:00,0,0,0
14/11/2020 08:05:01,0,0,0
14/11/2020 08:05:02,0,0,0
14/11/2020 08:05:03,0,0,0
14/11/2020 08:05:04,0,0,0
14/11/2020 08:05:05,0,0,0
14/11/2020 08:05:06,0,0,0
14/11/2020 08:05:07,0,0,0
14/11/2020 08:05:08,0,0,0
14/11/2020 08:05:09,0,0,0
14/11/2020 08:05:10,0,0,0
14/11/2020 08:05:11,0,0,0
14/11/2020 08:05:12,0,0,0
14/11/2020 08:05:13,0,0,0
14/11/2020 08:05:14,0,0,0
14/11/2020 08:05:15,0,0,0
14/11/2020 08:05:16,0,0,0
14/11/2020 08:05:17,0,0,0
14/11/2020 08:05:18,0,0,0
14/11/2020 08:05:19,0,0,0
14/11/2020 08:05:20,0,0,0
14/11/2020 08:05:21,0,0,0
14/11/2020 08:05:22,0,0,0
14/11/2020 08:05:23,0,0,0
14/11/2020 08:05:24,0,0,0
14/11/2020 08:05:25,0,0,0
14/11/2020 08:05:26,0,0,0
14/11/2020 08:05:27,0,0,0
14/11/2020 08:05:28,0,0,0
14/11/2020 08:05:29,0,0,0
14/11/2020 08:05:30,0,0,0
14/11/2020 08:05:31,0,0,0
14/11/2020 08:05:32,0,0,0
14/11/2020 08:05:33,0,0,0
14/11/2020 08:05:34,0,0,0
14/11/2020 08:05:35,0,0,0
14/11/2020 08:05:36,0,0,0
14/11/2020 08:05:37,0,0,0
14/11/2020 08:05:38,0,0,0
14/11/2020 08:05:39,0,0,0
14/11/2020 08:05:40,0,0,0
14/11/2020 08:05:41,0,0,0
14/11/2020 08:05:42,0,0,0
14/11/2020 08:05:43,0,0,0
14/11/2020 08:05:44,0,0,0
14/11/2020 08:05:45,0,0,0
14/11/2020 08:05:46,0,0,0
14/11/2020 08:05:47,0,0,0
14/11/2020 08:05:48,0,0,0
14/11/2020 08:05:49,0,0,0
14/11/2020 08:05:50,0,0,0
14/11/2020 08:05:51,0,0,0
14/11/2020 08:05:52,0,0,0
14/11/2020 08:05:53,0,0,0
14/11/2020 08:05:54,0,0,0
14/11/2020 08:05:55,0,0,0
14/11/2020 08:05:56,0,0,0
14/11/2020 08:05:57,0,0,0
14/11/2020 08:05:58,0,0,0
14/11/2020 08:05:59,0,0,0
14/11/2020 08:06:00,0,0,0
14/11/2020 08:06:01,0,0,0
14/11/2020 08:06:02,0,0,0
14/11/2020 08:06:03,0,0,0
14/11/2020 08:06:04,0,0,0
14/11/2020 08:06:05,0,0,0
14/11/2020 08:06:06,0,0,0
14/11/2020 08:06:07,0,0,0
14/11/2020 08:06:08,0,0,0
14/11/2020 08:06:09,0,0,0
14/11/2020 08:06:10,0,0,0
14/11/2020 08:06:11,0,0,0
14/11/2020 08:06:12,0,0,0
14/11/2020 08:06:13,0,0,0
14/11/2020 08:06:14,0,0,0
14/11/2020 08:06:15,0,0,0
14/11/2020 08:06:16,0,0,0
14/11/2020 08:06:17,0,0,0
14/11/2020 08:06:18,0,0,0
14/11/2020 08:06:19,0,0,0
14/11/2020 08:06:20,0,0,0
14/11/2020 08:06:21,0,0,0
14/11/2020 08:06:22,0,0,0
14/11/2020 08:06:23,0,0,0
14/11/2020 08:06:24,0,0,0
14/11/2020 08:06:25,0,0,0
14/11/2020 08:06:26,0,0,0
14/11/2020 08:06:27,0,0,0
14/11/2020 08:06:28,0,0,0
14/11/2020 08:06:29,0,0,0
14/11/2020 08:06:30,0,0,0
14/11/2020 08:06:31,0,0,0
14/11/2020 08:06:32,0,0,0
14/11/2020 08:06:33,0,0,0
14/11/2020 08:06:34,0,0,0
14/11/2020 08:06:35,0,0,0
14/11/2020 08:06:36,0,0,0
14/11/2020 08:06:37,0,0,0
14/11/2020 08:06:38,0,0,0
14/11/2020 08:06:39,0,0,0
14/11/2020 08:06:40,0,0,0
14/11/2020 08:06:41,0,0,0
14/11/2020 08:06:42,0,0,0
14/11/2020 08:06:43,0,0,0
14/11/2020 08:06:44,0,0,0
14/11/2020 08:06:45,0,0,0
14/11/2020 08:06:46,0,0,0
14/11/2020 08:06:47,0,0,0
14/11/2020 08:06:48,0,0,0
14/11/2020 08:06:49,0,0,0
14/11/2020 08:06:50,0,0,0
14/11/2020 08:06:51,0,0,0
14/11/2020 08:06:52,0,0,0
14/11/2020 08:06:53,0,0,0
14/11/2020 08:06:54,0,0,0
14/11/2020 08:06:55,0,0,0
14/11/2020 08:06:56,0,0,0
14/11/2020 08:06:57,0,0,0
14/11/2020 08:06:58,0,0,0
14/11/2020 08:06:59,0,0,0
14/11/2020 08:07:00,0,0,0
14/11/2020 08:07:01,0,0,0
14/11/2020 08:07:02,0,0,0
14/11/2020 08:07:03,0,0,0
14/11/2020 08:07:04,0,0,0
14/11/2020 08:07:05,0,0,0
14/11/2020 08:07:06,0,0,0
14/11/2020 08:07:07,0,0,0
14/11/2020 08:07:08,0,0,0
14/11/2020 08:07:09,0,0,0
14/11/2020 08:07:10,0,0,0
14/11/2020 08:07:11,0,0,0
14/11/2020 08:07:12,0,0,0
14/11/2020 08:07:13,0,0,0
14/11/2020 08:07:14,0,0,0
14/11/2020 08:07:15,0,0,0
14/11/2020 08:07:16,0,0,0
14/11/2020 08:07:17,0,0,0
14/11/2020 08:07:18,0,0,0
14/11/2020 08:07:19,0,0,0
14/11/2020 08:07:20,0,0,0
14/11/2020 08:07:21,0,0,0
14/11/2020 08:07:22,0,0,0
14/11/2020 08:07:23,0,0,0
14/11/2020 08:07:24,0,0,0
14/11/2020 08:07:25,0,0,0
14/11/2020 08:07:26,0,0,0
14/11/2020 08:07:27,0,0,0
14/11/2020 08:07:28,0,0,0
14/11/2020 08:07:29,0,0,0
14/11/2020 08:07:30,0,0,0
14/11/2020 08:07:31,0,0,0
14/11/2020 08:07:32,0,0,0
14/11/2020 08:07:33,0,0,0
14/11/2020 08:07:34,0,0,0
14/11/2020 08:07:35,0,0,0
14/11/2020 08:07:36,0,0,0
14/11/2020 08:07:37,0,0,0
14/11/2020 08:07:38,0,0,0
14/11/2020 08:07:39,0,0,0
14/11/2020 08:07:40,0,0,0
14/11/2020 08:07:41,0,0,0
14/11/2020 08:07:42,0,0,0
14/11/2020 08:07:43,0,0,0
14/11/2020 08:07:44,0,0,0
14/11/2020 08:07:45,0,0,0
14/11/2020 08:07:46,0,0,0
14/11/2020 08:07:47,0,0,0
14/11/2020 08:07:48,0,0,0
14/11/2020 08:07:49,0,0,0
14/11/2020 08:07:50,0,0,0
14/11/2020 08:07:51,0,0,0
14/11/2020 08:07:52,0,0,0
14/11/2020 08:07:53,0,0,0
14/11/2020 08:07:54,0,0,0
14/11/2020 08:07:55,0,0,0
14/11/2020 08:07:56,0,0,0
14/11/2020 08:07:57,0,0,0
14/11/2020 08:07:58,0,0,0
14/11/2020 08:07:59,0,0,0
14/11/2020 08:08:00,0,0,0
14/11/2020 08:08:01,0,0,0
14/11/2020 08:08:02,0,0,0
14/11/2020 08:08:03,0,0,0
14/11/2020 08:08:04,0,0,0
14/11/2020 08:08:05,0,0,0
14/11/2020 08:08:06,0,0,0
14/11/2020 08:08:07,0,0,0
14/11/2020 08:08:08,0,0,0
14/11/2020 08:08:09,0,0,0
14/11/2020 08:08:10,0,0,0
14/11/2020 08:08:11,0,0,0
14/11/2020 08:08:12,0,0,0
14/11/2020 08:08:13,0,0,0
14/11/2020 08:08:14,0,0,0
14/11/2020 08:08:15,0,0,0
14/11/2020 08:08:16,0,0,0
14/11/2020 08:08:17,0,0,0
14/11/2020 08:08:18,0,0,0
14/11/2020 08:08:19,0,0,0
14/11/2020 08:08:20,0,0,0
14/11/2020 08:08:21,0,0,0
14/11/2020 08:08:22,0,0,0
14/11/2020 08:08:23,0,0,0
14/11/2020 08:08:24,0,0,0
14/11/2020 08:08:25,0,0,0
14/11/2020 08:08:26,0,0,0
14/11/2020 08:08:27,0,0,0
14/11/2020 08:08:28,0,0,0
14/11/2020 08:08:29,0,0,0
14/11/2020 08:08:30,0,0,0
14/11/2020 08:08:31,0,0,0
14/11/2020 08:08:32,0,0,0
14/11/2020 08:08:33,0,0,0
14/11/2020 08:08:34,0,0,0
14/11/2020 08:08:35,0,0,0
14/11/2020 08:08:36,0,0,0
14/11/2020 08:08:37,0,0,0
14/11/2020 08:08:38,0,0,0
14/11/2020 08:08:39,0,0,0
14/11/2020 08:08:40,0,0,0
14/11/2020 08:08:41,0,0,0
14/11/2020 08:08:42,0,0,0
14/11/2020 08:08:43,0,0,0
14/11/2020 08:08:44,0,0,0
14/11/2020 08:08:45,0,0,0
14/11/2020 08:08:46,0,0,0
14/11/2020 08:08:47,0,0,0
14/11/2020 08:08:48,0,0,0
14/11/2020 08:08:49,0,0,0
14/11/2020 08:08:50,0,0,0
14/11/2020 08:08:51,0,0,0
14/11/2020 08:08:52,0,0,0
14/11/2020 08:08:53,0,0,0
14/11/2020 08:08:54,0,0,0
14/11/2020 08:08:55,0,0,0
14/11/2020 08:08:56,0,0,0
14/11/2020 08:08:57,0,0,0
14/11/2020 08:08:58,0,0,0
14/11/2020 08:08:59,0,0,0
14/11/2020 08:09:00,0,0,0
14/11/2020 08:09:01,0,0,0
14/11/2020 08:09:02,0,0,0
14/11/2020 08:09:03,0,0,0
14/11/2020 08:09:04,0,0,0
14/11/2020 08:09:05,0,0,0
14/11/2020 08:09:06,0,0,0
14/11/2020 08:09:07,0,0,0
14/11/2020 08:09:08,0,0,0
14/11/2020 08:09:09,0,0,0
14/11/2020 08:09:10,0,0,0
14/11/2020 08:09:11,0,0,0
14/11/2020 08:09:12,0,0,0
14/11/2020 08:09:13,0,0,0
14/11/2020 08:09:14,0,0,0
14/11/2020 08:09:15,0,0,0
14/11/2020 08:09:16,0,0,0
14/11/2020 08:09:17,0,0,0
14/11/2020 08:09:18,0,0,0
14/11/2020 08:09:19,0,0,0
14/11/2020 08:09:20,0,0,0
14/11/2020 08:09:21,0,0,0
14/11/2020 08:09:22,0,0,0
14/11/2020 08:09:23,0,0,0
14/11/2020 08:09:24,0,0,0
14/11/2020 08:09:25,0,0,0
14/11/2020 08:09:26,0,0,0
14/11/2020 08:09:27,0,0,0
14/11/2020 08:09:28,0,0,0
14/11/2020 08:09:29,0,0,0
14/11/2020 08:09:30,0,0,0
14/11/2020 08:09:31,0,0,0
14/11/2020 08:09:32,0,0,0
14/11/2020 08:09:33,0,0,0
14/11/2020 08:09:34,0,0,0
14/11/2020 08:09:35,0,0,0
14/11/2020 08:09:36,0,0,0
14/11/2020 08:09:37,0,0,0
14/11/2020 08:09:38,0,0,0
14/11/2020 08:09:39,0,0,0
14/11/2020 08:09:40,0,0,0
14/11/2020 08:09:41,0,0,0
14/11/2020 08:09:42,0,0,0
14/11/2020 08:09:43,0,0,0
14/11/2020 08:09:44,0,0,0
14/11/2020 08:09:45,0,0,0
14/11/2020 08:09:46,0,0,0
14/11/2020 08:09:47,0,0,0
14/11/2020 08:09:48,0,0,0
14/11/2020 08:09:49,0,0,0
14/11/2020 08:09:50,0,0,0
14/11/2020 08:09:51,0,0,0
14/11/2020 08:09:52,0,0,0
14/11/2020 08:09:53,0,0,0
14/11/2020 08:09:54,0,0,0
14/11/2020 08:09:55,0,0,0
14/11/2020 08:09:56,0,0,0
14/11/2020 08:09:57,0,0,0
14/11/2020 08:09:58,0,0,0
14/11/2020 08:09:59,0,0,0
14/11/2020 08:10:00,0,0,0
14/11/2020 08:10:01,0,0,0
14/11/2020 08:10:02,0,0,0
14/11/2020 08:10:03,0,0,0
14/11/2020 08:10:04,0,0,0
14/11/2020 08:10:05,0,0,0
14/11/2020 08:10:06,0,0,0
14/11/2020 08:10:07,0,0,0
14/11/2020 08:10:08,0,0,0
14/11/2020 08:10:09,0,0,0
14/11/2020 08:10:10,0,0,0
14/11/2020 08:10:11,0,0,0
14/11/2020 08:10:12,0,0,0
14/11/2020 08:10:13,0,0,0
14/11/2020 08:10:14,0,0,0
14/11/2020 08:10:15,0,0,0
14/11/2020 08:10:16,0,0,0
14/11/2020 08:10:17,0,0,0
14/11/2020 08:10:18,0,0,0
14/11/2020 08:10:19,0,0,0
14/11/2020 08:10:20,0,0,0
14/11/2020 08:10:21,0,0,0
14/11/2020 08:10:22,0,0,0
14/11/2020 08:10:23,0,0,0
14/11/2020 08:10:24,0,0,0
14/11/2020 08:10:25,0,0,0
14/11/2020 08:10:26,0,0,0
14/11/2020 08:10:27,0,0,0
14/11/2020 08:10:28,0,0,0
14/11/2020 08:10:29,0,0,0
14/11/2020 08:10:30,0,0,0
14/11/2020 08:10:31,0,0,0
14/11/2020 08:10:32,0,0,0
14/11/2020 08:10:33,0,0,0
14/11/2020 08:10:34,0,0,0
14/11/2020 08:10:35,0,0,0
14/11/2020 08:10:36,0,0,0
14/11/2020 08:10:37,0,0,0
14/11/2020 08:10:38,0,0,0
14/11/2020 08:10:39,0,0,0
14/11/2020 08:10:40,0,0,0
14/11/2020 08:10:41,0,0,0
14/11/2020 08:10:42,0,0,0
14/11/2020 08:10:43,0,0,0
14/11/2020 08:10:44,0,0,0
14/11/2020 08:10:45,0,0,0
14/11/2020 08:10:46,0,0,0
14/11/2020 08:10:47,0,0,0
14/11/2020 08:10:48,0,0,0
14/11/2020 08:10:49,0,0,0
14/11/2020 08:10:50,0,0,0
14/11/2020 08:10:51,0,0,0
14/11/2020 08:10:52,0,0,0
14/11/2020 08:10:53,0,0,0
14/11/2020 08:10:54,0,0,0
14/11/2020 08:10:55,0,0,0
14/11/2020 08:10:56,0,0,0
14/11/2020 08:10:57,0,0,0
14/11/2020 08:10:58,0,0,0
14/11/2020 08:10:59,0,0,0
14/11/2020 08:11:00,0,0,0
14/11/2020 08:11:01,0,0,0
14/11/2020 08:11:02,0,0,0
14/11/2020 08:11:03,0,0,0
14/11/2020 08:11:04,0,0,0
14/11/2020 08:11:05,0,0,0
14/11/2020 08:11:06,0,0,0
14/11/2020 08:11:07,0,0,0
14/11/2020 08:11:08,0,0,0
14/11/2020 08:11:09,0,0,0
14/11/2020 08:11:10,0,0,0
14/11/2020 08:11:11,0,0,0
14/11/2020 08:11:12,0,0,0
14/11/2020 08:11:13,0,0,0
14/11/2020 08:11:14,0,0,0
14/11/2020 08:11:15,0,0,0
14/11/2020 08:11:16,0,0,0
14/11/2020 08:11:17,0,0,0
14/11/2020 08:11:18,0,0,0
14/11/2020 08:11:19,0,0,0
14/11/2020 08:11:20,0,0,0
14/11/2020 08:11:21,0,0,0
14/11/2020 08:11:22,0,0,0
14/11/2020 08:11:23,0,0,0
14/11/2020 08:11:24,0,0,0
14/11/2020 08:11:25,0,0,0
14/11/2020 08:11:26,0,0,0
14/11/2020 08:11:27,0,0,0
14/11/2020 08:11:28,0,0,0
14/11/2020 08:11:29,0,0,0
14/11/2020 08:11:30,0,0,0
14/11/2020 08:11:31,0,0,0
14/11/2020 08:11:32,0,0,0
14/11/2020 08:11:33,0,0,0
14/11/2020 08:11:34,0,0,0
14/11/2020 08:11:35,0,0,0
14/11/2020 08:11:36,0,0,0
14/11/2020 08:11:37,0,0,0
14/11/2020 08:11:38,0,0,0
14/11/2020 08:11:39,0,0,0
14/11/2020 08:11:40,0,0,0
14/11/2020 08:11:41,0,0,0
14/11/2020 08:11:42,0,0,0
14/11/2020 08:11:43,0,0,0
14/11/2020 08:11:44,0,0,0
14/11/2020 08:11:45,0,0,0
14/11/2020 08:11:46,0,0,0
14/11/2020 08:11:47,0,0,0
14/11/2020 08:11:48,0,0,0
14/11/2020 08:11:49,0,0,0
14/11/2020 08:11:50,0,0,0
14/11/2020 08:11:51,0,0,0
14/11/2020 08:11:52,0,0,0
14/11/2020 08:11:53,0,0,0
14/11/2020 08:11:54,0,0,0
14/11/2020 08:11:55,0,0,0
14/11/2020 08:11:56,0,0,0
14/11/2020 08:11:57,0,0,0
14/11/2020 08:11:58,0,0,0
14/11/2020 08:11:59,0,0,0
14/11/2020 08:12:00,0,0,0
14/11/2020 08:12:01,0,0,0
14/11/2020 08:12:02,0,0,0
14/11/2020 08:12:03,0,0,0
14/11/2020 08:12:04,0,0,0
14/11/2020 08:12:05,0,0,0
14/11/2020 08:12:06,0,0,0
14/11/2020 08:12:07,0,0,0
14/11/2020 08:12:08,0,0,0
14/11/2020 08:12:09,0,0,0
14/11/2020 08:12:10,0,0,0
14/11/2020 08:12:11,0,0,0
14/11/2020 08:12:12,0,0,0
14/11/2020 08:12:13,0,0,0
14/11/2020 08:12:14,0,0,0
14/11/2020 08:12:15,0,0,0
14/11/2020 08:12:16,0,0,0
14/11/2020 08:12:17,0,0,0
14/11/2020 08:12:18,0,0,0
14/11/2020 08:12:19,0,0,0
14/11/2020 08:12:20,0,0,0
14/11/2020 08:12:21,0,0,0
14/11/2020 08:12:22,0,0,0
14/11/2020 08:12:23,0,0,0
14/11/2020 08:12:24,0,0,0
14/11/2020 08:12:25,0,0,0
14/11/2020 08:12:26,0,0,0
14/11/2020 08:12:27,0,0,0
14/11/2020 08:12:28,0,0,0
14/11/2020 08:12:29,0,0,0
14/11/2020 08:12:30,0,0,0
14/11/2020 08:12:31,0,0,0
14/11/2020 08:12:32,0,0,0
14/11/2020 08:12:33,0,0,0
14/11/2020 08:12:34,0,0,0
14/11/2020 08:12:35,0,0,0
14/11/2020 08:12:36,0,0,0
14/11/2020 08:12:37,0,0,0
14/11/2020 08:12:38,0,0,0
14/11/2020 08:12:39,0,0,0
14/11/2020 08:12:40,0,0,0
14/11/2020 08:12:41,0,0,0
14/11/2020 08:12:42,0,0,0
14/11/2020 08:12:43,0,0,0
14/11/2020 08:12:44,0,0,0
14/11/2020 08:12:45,0,0,0
14/11/2020 08:12:46,0,0,0
14/11/2020 08:12:47,0,0,0
14/11/2020 08:12:48,0,0,0
14/11/2020 08:12:49,0,0,0
14/11/2020 08:12:50,0,0,0
14/11/2020 08:12:51,0,0,0
14/11/2020 08:12:52,0,0,0
14/11/2020 08:12:53,0,0,0
14/11/2020 08:12:54,0,0,0
14/11/2020 08:12:55,0,0,0
14/11/2020 08:12:56,0,0,0
14/11/2020 08:12:57,0,0,0
14/11/2020 08:12:58,0,0,0
14/11/2020 08:12:59,0,0,0
14/11/2020 08:13:00,0,0,0
14/11/2020 08:13:01,0,0,0
14/11/2020 08:13:02,0,0,0
14/11/2020 08:13:03,0,0,0
14/11/2020 08:13:04,0,0,0
14/11/2020 08:13:05,0,0,0
14/11/2020 08:13:06,0,0,0
14/11/2020 08:13:07,0,0,0
14/11/2020 08:13:08,0,0,0
14/11/2020 08:13:09,0,0,0
14/11/2020 08:13:10,0,0,0
14/11/2020 08:13:11,0,0,0
14/11/2020 08:13:12,0,0,0
14/11/2020 08:13:13,0,0,0
14/11/2020 08:13:14,0,0,0
14/11/2020 08:13:15,0,0,0
14/11/2020 08:13:16,0,0,0
14/11/2020 08:13:17,0,0,0
14/11/2020 08:13:18,0,0,0
14/11/2020 08:13:19,0,0,0
14/11/2020 08:13:20,0,0,0
14/11/2020 08:13:21,0,0,0
14/11/2020 08:13:22,0,0,0
14/11/2020 08:13:23,0,0,0
14/11/2020 08:13:24,0,0,0
14/11/2020 08:13:25,0,0,0
14/11/2020 08:13:26,0,0,0
14/11/2020 08:13:27,0,0,0
14/11/2020 08:13:28,0,0,0
14/11/2020 08:13:29,0,0,0
14/11/2020 08:13:30,0,0,0
14/11/2020 08:13:31,0,0,0
14/11/2020 08:13:32,0,0,0
14/11/2020 08:13:33,0,0,0
14/11/2020 08:13:34,0,0,0
14/11/2020 08:13:35,0,0,0
14/11/2020 08:13:36,0,0,0
14/11/2020 08:13:37,0,0,0
14/11/2020 08:13:38,0,0,0
14/11/2020 08:13:39,0,0,0
14/11/2020 08:13:40,0,0,0
14/11/2020 08:13:41,0,0,0
14/11/2020 08:13:42,0,0,0
14/11/2020 08:13:43,0,0,0
14/11/2020 08:13:44,0,0,0
14/11/2020 08:13:45,0,0,0
14/11/2020 08:13:46,0,0,0
14/11/2020 08:13:47,0,0,0
14/11/2020 08:13:48,0,0,0
14/11/2020 08:13:49,0,0,0
14/11/2020 08:13:50,0,0,0
14/11/2020 08:13:51,0,0,0
14/11/2020 08:13:52,0,0,0
14/11/2020 08:13:53,0,0,0
14/11/2020 08:13:54,0,0,0
14/11/2020 08:13:55,0,0,0
14/11/2020 08:13:56,0,0,0
14/11/2020 08:13:57,0,0,0
14/11/2020 08:13:58,0,0,0
14/11/2020 08:13:59,0,0,0
14/11/2020 08:14:00,0,0,0
14/11/2020 08:14:01,0,0,0
14/11/2020 08:14:02,0,0,0
14/11/2020 08:14:03,0,0,0
14/11/2020 08:14:04,0,0,0
14/11/2020 08:14:05,0,0,0
14/11/2020 08:14:06,0,0,0
14/11/2020 08:14:07,0,0,0
14/11/2020 08:14:08,0,0,0
14/11/2020 08:14:09,0,0,0
14/11/2020 08:14:10,0,0,0
14/11/2020 08:14:11,0,0,0
14/11/2020 08:14:12,0,0,0
14/11/2020 08:14:13,0,0,0
14/11/2020 08:14:14,0,0,0
14/11/2020 08:14:15,0,0,0
14/11/2020 08:14:16,0,0,0
14/11/2020 08:14:17,0,0,0
14/11/2020 08:14:18,0,0,0
14/11/2020 08:14:19,0,0,0
14/11/2020 08:14:20,0,0,0
14/11/2020 08:14:21,0,0,0
14/11/2020 08:14:22,0,0,0
14/11/2020 08:14:23,0,0,0
14/11/2020 08:14:24,0,0,0
14/11/2020 08:14:25,0,0,0
14/11/2020 08:14:26,0,0,0
14/11/2020 08:14:27,0,0,0
14/11/2020 08:14:28,0,0,0
14/11/2020 08:14:29,0,0,0
14/11/2020 08:14:30,0,0,0
14/11/2020 08:14:31,0,0,0
14/11/2020 08:14:32,0,0,0
14/11/2020 08:14:33,0,0,0
14/11/2020 08:14:34,0,0,0
14/11/2020 08:14:35,0,0,0
14/11/2020 08:14:36,0,0,0
14/11/2020 08:14:37,0,0,0
14/11/2020 08:14:38,0,0,0
14/11/2020 08:14:39,0,0,0
14/11/2020 08:14:40,0,0,0
14/11/2020 08:14:41,0,0,0
14/11/2020 08:14:42,0,0,0
14/11/2020 08:14:43,0,0,0
14/11/2020 08:14:44,0,0,0
14/11/2020 08:14:45,0,0,0
14/11/2020 08:14:46,0,0,0
14/11/2020 08:14:47,0,0,0
14/11/2020 08:14:48,0,0,0
14/11/2020 08:14:49,0,0,0
14/11/2020 08:14:50,0,0,0
14/11/2020 08:14:51,0,0,0
14/11/2020 08:14:52,0,0,0
14/11/2020 08:14:53,0,0,0
14/11/2020 08:14:54,0,0,0
14/11/2020 08:14:55,0,0,0
14/11/2020 08:14:56,0,0,0
14/11/2020 08:14:57,0,0,0
14/11/2020 08:14:58,0,0,0
14/11/2020 08:14:59,0,0,0
14/11/2020 08:15:00,0,0,0
14/11/2020 08:15:01,0,0,0
14/11/2020 08:15:02,0,0,0
14/11/2020 08:15:03,0,0,0
14/11/2020 08:15:04,0,0,0
14/11/2020 08:15:05,0,0,0
14/11/2020 08:15:06,0,0,0
14/11/2020 08:15:07,0,0,0
14/11/2020 08:15:08,0,0,0
14/11/2020 08:15:09,0,0,0
14/11/2020 08:15:10,0,0,0
14/11/2020 08:15:11,0,0,0
14/11/2020 08:15:12,0,0,0
14/11/2020 08:15:13,0,0,0
14/11/2020 08:15:14,0,0,0
14/11/2020 08:15:15,0,0,0
14/11/2020 08:15:16,0,0,0
14/11/2020 08:15:17,0,0,0
14/11/2020 08:15:18,0,0,0
14/11/2020 08:15:19,0,0,0
14/11/2020 08:15:20,0,0,0
14/11/2020 08:15:21,0,0,0
14/11/2020 08:15:22,0,0,0
14/11/2020 08:15:23,0,0,0
14/11/2020 08:15:24,0,0,0
14/11/2020 08:15:25,0,0,0
14/11/2020 08:15:26,0,0,0
14/11/2020 08:15:27,0,0,0
14/11/2020 08:15:28,0,0,0
14/11/2020 08:15:29,0,0,0
14/11/2020 08:15:30,0,0,0
14/11/2020 08:15:31,0,0,0
14/11/2020 08:15:32,0,0,0
14/11/2020 08:15:33,0,0,0
14/11/2020 08:15:34,0,0,0
14/11/2020 08:15:35,0,0,0
14/11/2020 08:15:36,0,0,0
14/11/2020 08:15:37,0,0,0
14/11/2020 08:15:38,0,0,0
14/11/2020 08:15:39,0,0,0
14/11/2020 08:15:40,0,0,0
14/11/2020 08:15:41,0,0,0
14/11/2020 08:15:42,0,0,0
14/11/2020 08:15:43,0,0,0
14/11/2020 08:15:44,0,0,0
14/11/2020 08:15:45,0,0,0
14/11/2020 08:15:46,0,0,0
14/11/2020 08:15:47,0,0,0
14/11/2020 08:15:48,0,0,0
14/11/2020 08:15:49,0,0,0
14/11/2020 08:15:50,0,0,0
14/11/2020 08:15:51,0,0,0
14/11/2020 08:15:52,0,0,0
14/11/2020 08:15:53,0,0,0
14/11/2020 08:15:54,0,0,0
14/11/2020 08:15:55,0,0,0
14/11/2020 08:15:56,0,0,0
14/11/2020 08:15:57,0,0,0
14/11/2020 08:15:58,0,0,0
14/11/2020 08:15:59,0,0,0
14/11/2020 08:16:00,0,0,0
14/11/2020 08:16:01,0,0,0
14/11/2020 08:16:02,0,0,0
14/11/2020 08:16:03,0,0,0
14/11/2020 08:16:04,0,0,0
14/11/2020 08:16:05,0,0,0
14/11/2020 08:16:06,0,0,0
14/11/2020 08:16:07,0,0,0
14/11/2020 08:16:08,0,0,0
14/11/2020 08:16:09,0,0,0
14/11/2020 08:16:10,0,0,0
14/11/2020 08:16:11,0,0,0
14/11/2020 08:16:12,0,0,0
14/11/2020 08:16:13,0,0,0
14/11/2020 08:16:14,0,0,0
14/11/2020 08:16:15,0,0,0
14/11/2020 08:16:16,0,0,0
14/11/2020 08:16:17,0,0,0
14/11/2020 08:16:18,0,0,0
14/11/2020 08:16:19,0,0,0
14/11/2020 08:16:20,0,0,0
14/11/2020 08:16:21,0,0,0
14/11/2020 08:16:22,0,0,0
14/11/2020 08:16:23,0,0,0
14/11/2020 08:16:24,0,0,0
14/11/2020 08:16:25,0,0,0
14/11/2020 08:16:26,0,0,0
14/11/2020 08:16:27,0,0,0
14/11/2020 08:16:28,0,0,0
14/11/2020 08:16:29,0,0,0
14/11/2020 08:16:30,0,0,0
14/11/2020 08:16:31,0,0,0
14/11/2020 08:16:32,0,0,0
14/11/2020 08:16:33,0,0,0
14/11/2020 08:16:34,0,0,0
14/11/2020 08:16:35,0,0,0
14/11/2020 08:16:36,0,0,0
14/11/2020 08:16:37,0,0,0
14/11/2020 08:16:38,0,0,0
14/11/2020 08:16:39,0,0,0
14/11/2020 08:16:40,0,0,0
14/11/2020 08:16:41,0,0,0
14/11/2020 08:16:42,0,0,0
14/11/2020 08:16:43,0,0,0
14/11/2020 08:16:44,0,0,0
14/11/2020 08:16:45,0,0,0
14/11/2020 08:16:46,0,0,0
14/11/2020 08:16:47,0,0,0
14/11/2020 08:16:48,0,0,0
14/11/2020 08:16:49,0,0,0
14/11/2020 08:16:50,0,0,0
14/11/2020 08:16:51,0,0,0
14/11/2020 08:16:52,0,0,0
14/11/2020 08:16:53,0,0,0
14/11/2020 08:16:54,0,0,0
14/11/2020 08:16:55,0,0,0
14/11/2020 08:16:56,0,0,0
14/11/2020 08:16:57,0,0,0
14/11/2020 08:16:58,0,0,0
14/11/2020 08:16:59,0,0,0
14/11/2020 08:17:00,0,0,0
14/11/2020 08:17:01,0,0,0
14/11/2020 08:17:02,0,0,0
14/11/2020 08:17:03,0,0,0
14/11/2020 08:17:04,0,0,0
14/11/2020 08:17:05,0,0,0
14/11/2020 08:17:06,0,0,0
14/11/2020 08:17:07,0,0,0
14/11/2020 08:17:08,0,0,0
14/11/2020 08:17:09,0,0,0
14/11/2020 08:17:10,0,0,0
14/11/2020 08:17:11,0,0,0
14/11/2020 08:17:12,0,0,0
14/11/2020 08:17:13,0,0,0
14/11/2020 08:17:14,0,0,0
14/11/2020 08:17:15,0,0,0
14/11/2020 08:17:16,0,0,0
14/11/2020 08:17:17,0,0,0
14/11/2020 08:17:18,0,0,0
14/11/2020 08:17:19,0,0,0
14/11/2020 08:17:20,0,0,0
14/11/2020 08:17:21,0,0,0
14/11/2020 08:17:22,0,0,0
14/11/2020 08:17:23,0,0,0
14/11/2020 08:17:24,0,0,0
14/11/2020 08:17:25,0,0,0
14/11/2020 08:17:26,0,0,0
14/11/2020 08:17:27,0,0,0
14/11/2020 08:17:28,0,0,0
14/11/2020 08:17:29,0,0,0
14/11/2020 08:17:30,0,0,0
14/11/2020 08:17:31,0,0,0
14/11/2020 08:17:32,0,0,0
14/11/2020 08:17:33,0,0,0
14/11/2020 08:17:34,0,0,0
14/11/2020 08:17:35,0,0,0
14/11/2020 08:17:36,0,0,0
14/11/2020 08:17:37,0,0,0
14/11/2020 08:17:38,0,0,0
14/11/2020 08:17:39,0,0,0
14/11/2020 08:17:40,0,0,0
14/11/2020 08:17:41,0,0,0
14/11/2020 08:17:42,0,0,0
14/11/2020 08:17:43,0,0,0
14/11/2020 08:17:44,0,0,0
14/11/2020 08:17:45,0,0,0
14/11/2020 08:17:46,0,0,0
14/11/2020 08:17:47,0,0,0
14/11/2020 08:17:48,0,0,0
14/11/2020 08:17:49,0,0,0
14/11/2020 08:17:50,0,0,0
14/11/2020 08:17:51,0,0,0
14/11/2020 08:17:52,0,0,0
14/11/2020 08:17:53,0,0,0
14/11/2020 08:17:54,0,0,0
14/11/2020 08:17:55,0,0,0
14/11/2020 08:17:56,0,0,0
14/11/2020 08:17:57,0,0,0
14/11/2020 08:17:58,0,0,0
14/11/2020 08:17:59,0,0,0
14/11/2020 08:18:00,0,0,0
14/11/2020 08:18:01,0,0,0
14/11/2020 08:18:02,0,0,0
14/11/2020 08:18:03,0,0,0
14/11/2020 08:18:04,0,0,0
14/11/2020 08:18:05,0,0,0
14/11/2020 08:18:06,0,0,0
14/11/2020 08:18:07,0,0,0
14/11/2020 08:18:08,0,0,0
14/11/2020 08:18:09,0,0,0
14/11/2020 08:18:10,0,0,0
14/11/2020 08:18:11,0,0,0
14/11/2020 08:18:12,0,0,0
14/11/2020 08:18:13,0,0,0
14/11/2020 08:18:14,0,0,0
14/11/2020 08:18:15,0,0,0
14/11/2020 08:18:16,0,0,0
14/11/2020 08:18:17,0,0,0
14/11/2020 08:18:18,0,0,0
14/11/2020 08:18:19,0,0,0
14/11/2020 08:18:20,0,0,0
14/11/2020 08:18:21,0,0,0
14/11/2020 08:18:22,0,0,0
14/11/2020 08:18:23,0,0,0
14/11/2020 08:18:24,0,0,0
14/11/2020 08:18:25,0,0,0
14/11/2020 08:18:26,0,0,0
14/11/2020 08:18:27,0,0,0
14/11/2020 08:18:28,0,0,0
14/11/2020 08:18:29,0,0,0
14/11/2020 08:18:30,0,0,0
14/11/2020 08:18:31,0,0,0
14/11/2020 08:18:32,0,0,0
14/11/2020 08:18:33,0,0,0
14/11/2020 08:18:34,0,0,0
14/11/2020 08:18:35,0,0,0
14/11/2020 08:18:36,0,0,0
14/11/2020 08:18:37,0,0,0
14/11/2020 08:18:38,0,0,0
14/11/2020 08:18:39,0,0,0
14/11/2020 08:18:40,0,0,0
14/11/2020 08:18:41,0,0,0
14/11/2020 08:18:42,0,0,0
14/11/2020 08:18:43,0,0,0
14/11/2020 08:18:44,0,0,0
14/11/2020 08:18:45,0,0,0
14/11/2020 08:18:46,0,0,0
14/11/2020 08:18:47,0,0,0
14/11/2020 08:18:48,0,0,0
14/11/2020 08:18:49,0,0,0
14/11/2020 08:18:50,0,0,0
14/11/2020 08:18:51,0,0,0
14/11/2020 08:18:52,0,0,0
14/11/2020 08:18:53,0,0,0
14/11/2020 08:18:54,0,0,0
14/11/2020 08:18:55,0,0,0
14/11/2020 08:18:56,0,0,0
14/11/2020 08:18:57,0,0,0
14/11/2020 08:18:58,0,0,0
14/11/2020 08:18:59,0,0,0
14/11/2020 08:19:00,0,0,0
14/11/2020 08:19:01,0,0,0
14/11/2020 08:19:02,0,0,0
14/11/2020 08:19:03,0,0,0
14/11/2020 08:19:04,0,0,0
14/11/2020 08:19:05,0,0,0
14/11/2020 08:19:06,0,0,0
14/11/2020 08:19:07,0,0,0
14/11/2020 08:19:08,0,0,0
14/11/2020 08:19:09,0,0,0
14/11/2020 08:19:10,0,0,0
14/11/2020 08:19:11,0,0,0
14/11/2020 08:19:12,0,0,0
14/11/2020 08:19:13,0,0,0
14/11/2020 08:19:14,0,0,0
14/11/2020 08:19:15,0,0,0
14/11/2020 08:19:16,0,0,0
14/11/2020 08:19:17,0,0,0
14/11/2020 08:19:18,0,0,0
14/11/2020 08:19:19,0,0,0
14/11/2020 08:19:20,0,0,0
14/11/2020 08:19:21,0,0,0
14/11/2020 08:19:22,0,0,0
14/11/2020 08:19:23,0,0,0
14/11/2020 08:19:24,0,0,0
14/11/2020 08:19:25,0,0,0
14/11/2020 08:19:26,0,0,0
14/11/2020 08:19:27,0,0,0
14/11/2020 08:19:28,0,0,0
14/11/2020 08:19:29,0,0,0
14/11/2020 08:19:30,0,0,0
14/11/2020 08:19:31,0,0,0
14/11/2020 08:19:32,0,0,0
14/11/2020 08:19:33,0,0,0
14/11/2020 08:19:34,0,0,0
14/11/2020 08:19:35,0,0,0
14/11/2020 08:19:36,0,0,0
14/11/2020 08:19:37,0,0,0
14/11/2020 08:19:38,0,0,0
14/11/2020 08:19:39,0,0,0
14/11/2020 08:19:40,0,0,0
14/11/2020 08:19:41,0,0,0
14/11/2020 08:19:42,0,0,0
14/11/2020 08:19:43,0,0,0
14/11/2020 08:19:44,0,0,0
14/11/2020 08:19:45,0,0,0
14/11/2020 08:19:46,0,0,0
14/11/2020 08:19:47,0,0,0
14/11/2020 08:19:48,0,0,0
14/11/2020 08:19:49,0,0,0
14/11/2020 08:19:50,0,0,0
14/11/2020 08:19:51,0,0,0
14/11/2020 08:19:52,0,0,0
14/11/2020 08:19:53,0,0,0
14/11/2020 08:19:54,0,0,0
14/11/2020 08:19:55,0,0,0
14/11/2020 08:19:56,0,0,0
14/11/2020 08:19:57,0,0,0
14/11/2020 08:19:58,0,0,0
14/11/2020 08:19:59,0,0,0
14/11/2020 08:20:00,0,0,0
14/11/2020 08:20:01,0,0,0
14/11/2020 08:20:02,0,0,0
14/11/2020 08:20:03,0,0,0
14/11/2020 08:20:04,0,0,0
14/11/2020 08:20:05,0,0,0
14/11/2020 08:20:06,0,0,0
14/11/2020 08:20:07,0,0,0
14/11/2020 08:20:08,0,0,0
14/11/2020 08:20:09,0,0,0
14/11/2020 08:20:10,0,0,0
14/11/2020 08:20:11,0,0,0
14/11/2020 08:20:12,0,0,0
14/11/2020 08:20:13,0,0,0
14/11/2020 08:20:14,0,0,0
14/11/2020 08:20:15,0,0,0
14/11/2020 08:20:16,0,0,0
14/11/2020 08:20:17,0,0,0
14/11/2020 08:20:18,0,0,0
14/11/2020 08:20:19,0,0,0
14/11/2020 08:20:20,0,0,0
14/11/2020 08:20:21,0,0,0
14/11/2020 08:20:22,0,0,0
14/11/2020 08:20:23,0,0,0
14/11/2020 08:20:24,0,0,0
14/11/2020 08:20:25,0,0,0
14/11/2020 08:20:26,0,0,0
14/11/2020 08:20:27,0,0,0
14/11/2020 08:20:28,0,0,0
14/11/2020 08:20:29,0,0,0
14/11/2020 08:20:30,0,0,0
14/11/2020 08:20:31,0,0,0
14/11/2020 08:20:32,0,0,0
14/11/2020 08:20:33,0,0,0
14/11/2020 08:20:34,0,0,0
14/11/2020 08:20:35,0,0,0
14/11/2020 08:20:36,0,0,0
14/11/2020 08:20:37,0,0,0
14/11/2020 08:20:38,0,0,0
14/11/2020 08:20:39,0,0,0
14/11/2020 08:20:40,0,0,0
14/11/2020 08:20:41,0,0,0
14/11/2020 08:20:42,0,0,0
14/11/2020 08:20:43,0,0,0
14/11/2020 08:20:44,0,0,0
14/11/2020 08:20:45,0,0,0
14/11/2020 08:20:46,0,0,0
14/11/2020 08:20:47,0,0,0
14/11/2020 08:20:48,0,0,0
14/11/2020 08:20:49,0,0,0
14/11/2020 08:20:50,0,0,0
14/11/2020 08:20:51,0,0,0
14/11/2020 08:20:52,0,0,0
14/11/2020 08:20:53,0,0,0
14/11/2020 08:20:54,0,0,0
14/11/2020 08:20:55,0,0,0
14/11/2020 08:20:56,0,0,0
14/11/2020 08:20:57,0,0,0
14/11/2020 08:20:58,0,0,0
14/11/2020 08:20:59,0,0,0
14/11/2020 08:21:00,0,0,0
14/11/2020 08:21:01,0,0,0
14/11/2020 08:21:02,0,0,0
14/11/2020 08:21:03,0,0,0
14/11/2020 08:21:04,0,0,0
14/11/2020 08:21:05,0,0,0
14/11/2020 08:21:06,0,0,0
14/11/2020 08:21:07,0,0,0
14/11/2020 08:21:08,0,0,0
14/11/2020 08:21:09,0,0,0
14/11/2020 08:21:10,0,0,0
14/11/2020 08:21:11,0,0,0
14/11/2020 08:21:12,0,0,0
14/11/2020 08:21:13,0,0,0
14/11/2020 08:21:14,0,0,0
14/11/2020 08:21:15,0,0,0
14/11/2020 08:21:16,0,0,0
14/11/2020 08:21:17,0,0,0
14/11/2020 08:21:18,0,0,0
14/11/2020 08:21:19,0,0,0
14/11/2020 08:21:20,0,0,0
14/11/2020 08:21:21,0,0,0
14/11/2020 08:21:22,0,0,0
14/11/2020 08:21:23,0,0,0
14/11/2020 08:21:24,0,0,0
14/11/2020 08:21:25,0,0,0
14/11/2020 08:21:26,0,0,0
14/11/2020 08:21:27,0,0,0
14/11/2020 08:21:28,0,0,0
14/11/2020 08:21:29,0,0,0
14/11/2020 08:21:30,0,0,0
14/11/2020 08:21:31,0,0,0
14/11/2020 08:21:32,0,0,0
14/11/2020 08:21:33,0,0,0
14/11/2020 08:21:34,0,0,0
14/11/2020 08:21:35,0,0,0
14/11/2020 08:21:36,0,0,0
14/11/2020 08:21:37,0,0,0
14/11/2020 08:21:38,0,0,0
14/11/2020 08:21:39,0,0,0
14/11/2020 08:21:40,0,0,0
14/11/2020 08:21:41,0,0,0
14/11/2020 08:21:42,0,0,0
14/11/2020 08:21:43,0,0,0
14/11/2020 08:21:44,0,0,0
14/11/2020 08:21:45,0,0,0
14/11/2020 08:21:46,0,0,0
14/11/2020 08:21:47,0,0,0
14/11/2020 08:21:48,0,0,0
14/11/2020 08:21:49,0,0,0
14/11/2020 08:21:50,0,0,0
14/11/2020 08:21:51,0,0,0
14/11/2020 08:21:52,0,0,0
14/11/2020 08:21:53,0,0,0
14/11/2020 08:21:54,0,0,0
14/11/2020 08:21:55,0,0,0
14/11/2020 08:21:56,0,0,0
14/11/2020 08:21:57,0,0,0
14/11/2020 08:21:58,0,0,0
14/11/2020 08:21:59,0,0,0
14/11/2020 08:22:00,0,0,0
14/11/2020 08:22:01,0,0,0
14/11/2020 08:22:02,0,0,0
14/11/2020 08:22:03,0,0,0
14/11/2020 08:22:04,0,0,0
14/11/2020 08:22:05,0,0,0
14/11/2020 08:22:06,0,0,0
14/11/2020 08:22:07,0,0,0
14/11/2020 08:22:08,0,0,0
14/11/2020 08:22:09,0,0,0
14/11/2020 08:22:10,0,0,0
14/11/2020 08:22:11,0,0,0
14/11/2020 08:22:12,0,0,0
14/11/2020 08:22:13,0,0,0
14/11/2020 08:22:14,0,0,0
14/11/2020 08:22:15,0,0,0
14/11/2020 08:22:16,0,0,0
14/11/2020 08:22:17,0,0,0
14/11/2020 08:22:18,0,0,0
14/11/2020 08:22:19,0,0,0
14/11/2020 08:22:20,0,0,0
14/11/2020 08:22:21,0,0,0
14/11/2020 08:22:22,0,0,0
14/11/2020 08:22:23,0,0,0
14/11/2020 08:22:24,0,0,0
14/11/2020 08:22:25,0,0,0
14/11/2020 08:22:26,0,0,0
14/11/2020 08:22:27,0,0,0
14/11/2020 08:22:28,0,0,0
14/11/2020 08:22:29,0,0,0
14/11/2020 08:22:30,0,0,0
14/11/2020 08:22:31,0,0,0
14/11/2020 08:22:32,0,0,0
14/11/2020 08:22:33,0,0,0
14/11/2020 08:22:34,0,0,0
14/11/2020 08:22:35,0,0,0
14/11/2020 08:22:36,0,0,0
14/11/2020 08:22:37,0,0,0
14/11/2020 08:22:38,0,0,0
14/11/2020 08:22:39,0,0,0
14/11/2020 08:22:40,0,0,0
14/11/2020 08:22:41,0,0,0
14/11/2020 08:22:42,0,0,0
14/11/2020 08:22:43,0,0,0
14/11/2020 08:22:44,0,0,0
14/11/2020 08:22:45,0,0,0
14/11/2020 08:22:46,0,0,0
14/11/2020 08:22:47,0,0,0
14/11/2020 08:22:48,0,0,0
14/11/2020 08:22:49,0,0,0
14/11/2020 08:22:50,0,0,0
14/11/2020 08:22:51,0,0,0
14/11/2020 08:22:52,0,0,0
14/11/2020 08:22:53,0,0,0
14/11/2020 08:22:54,0,0,0
14/11/2020 08:22:55,0,0,0
14/11/2020 08:22:56,0,0,0
14/11/2020 08:22:57,0,0,0
14/11/2020 08:22:58,0,0,0
14/11/2020 08:22:59,0,0,0
14/11/2020 08:23:00,0,0,0
14/11/2020 08:23:01,0,0,0
14/11/2020 08:23:02,0,0,0
14/11/2020 08:23:03,0,0,0
14/11/2020 08:23:04,0,0,0
14/11/2020 08:23:05,0,0,0
14/11/2020 08:23:06,0,0,0
14/11/2020 08:23:07,0,0,0
14/11/2020 08:23:08,0,0,0
14/11/2020 08:23:09,0,0,0
14/11/2020 08:23:10,0,0,0
14/11/2020 08:23:11,0,0,0
14/11/2020 08:23:12,0,0,0
14/11/2020 08:23:13,0,0,0
14/11/2020 08:23:14,0,0,0
14/11/2020 08:23:15,0,0,0
14/11/2020 08:23:16,0,0,0
14/11/2020 08:23:17,0,0,0
14/11/2020 08:23:18,0,0,0
14/11/2020 08:23:19,0,0,0
14/11/2020 08:23:20,0,0,0
14/11/2020 08:23:21,0,0,0
14/11/2020 08:23:22,0,0,0
14/11/2020 08:23:23,0,0,0
14/11/2020 08:23:24,0,0,0
14/11/2020 08:23:25,0,0,0
14/11/2020 08:23:26,0,0,0
14/11/2020 08:23:27,0,0,0
14/11/2020 08:23:28,0,0,0
14/11/2020 08:23:29,0,0,0
14/11/2020 08:23:30,0,0,0
14/11/2020 08:23:31,0,0,0
14/11/2020 08:23:32,0,0,0
14/11/2020 08:23:33,0,0,0
14/11/2020 08:23:34,0,0,0
14/11/2020 08:23:35,0,0,0
14/11/2020 08:23:36,0,0,0
14/11/2020 08:23:37,0,0,0
14/11/2020 08:23:38,0,0,0
14/11/2020 08:23:39,0,0,0
14/11/2020 08:23:40,0,0,0
14/11/2020 08:23:41,0,0,0
14/11/2020 08:23:42,0,0,0
14/11/2020 08:23:43,0,0,0
14/11/2020 08:23:44,0,0,0
14/11/2020 08:23:45,0,0,0
14/11/2020 08:23:46,0,0,0
14/11/2020 08:23:47,0,0,0
14/11/2020 08:23:48,0,0,0
14/11/2020 08:23:49,0,0,0
14/11/2020 08:23:50,0,0,0
14/11/2020 08:23:51,0,0,0
14/11/2020 08:23:52,0,0,0
14/11/2020 08:23:53,0,0,0
14/11/2020 08:23:54,0,0,0
14/11/2020 08:23:55,0,0,0
14/11/2020 08:23:56,0,0,0
14/11/2020 08:23:57,0,0,0
14/11/2020 08:23:58,0,0,0
14/11/2020 08:23:59,0,0,0
14/11/2020 08:24:00,0,0,0
14/11/2020 08:24:01,0,0,0
14/11/2020 08:24:02,0,0,0
14/11/2020 08:24:03,0,0,0
14/11/2020 08:24:04,0,0,0
14/11/2020 08:24:05,0,0,0
14/11/2020 08:24:06,0,0,0
14/11/2020 08:24:07,0,0,0
14/11/2020 08:24:08,0,0,0
14/11/2020 08:24:09,0,0,0
14/11/2020 08:24:10,0,0,0
14/11/2020 08:24:11,0,0,0
14/11/2020 08:24:12,0,0,0
14/11/2020 08:24:13,0,0,0
14/11/2020 08:24:14,0,0,0
14/11/2020 08:24:15,0,0,0
14/11/2020 08:24:16,0,0,0
14/11/2020 08:24:17,0,0,0
14/11/2020 08:24:18,0,0,0
14/11/2020 08:24:19,0,0,0
14/11/2020 08:24:20,0,0,0
14/11/2020 08:24:21,0,0,0
14/11/2020 08:24:22,0,0,0
14/11/2020 08:24:23,0,0,0
14/11/2020 08:24:24,0,0,0
14/11/2020 08:24:25,0,0,0
14/11/2020 08:24:26,0,0,0
14/11/2020 08:24:27,0,0,0
14/11/2020 08:24:28,0,0,0
14/11/2020 08:24:29,0,0,0
14/11/2020 08:24:30,0,0,0
14/11/2020 08:24:31,0,0,0
14/11/2020 08:24:32,0,0,0
14/11/2020 08:24:33,0,0,0
14/11/2020 08:24:34,0,0,0
14/11/2020 08:24:35,0,0,0
14/11/2020 08:24:36,0,0,0
14/11/2020 08:24:37,0,0,0
14/11/2020 08:24:38,0,0,0
14/11/2020 08:24:39,0,0,0
14/11/2020 08:24:40,0,0,0
14/11/2020 08:24:41,0,0,0
14/11/2020 08:24:42,0,0,0
14/11/2020 08:24:43,0,0,0
14/11/2020 08:24:44,0,0,0
14/11/2020 08:24:45,0,0,0
14/11/2020 08:24:46,0,0,0
14/11/2020 08:24:47,0,0,0
14/11/2020 08:24:48,0,0,0
14/11/2020 08:24:49,0,0,0
14/11/2020 08:24:50,0,0,0
14/11/2020 08:24:51,0,0,0
14/11/2020 08:24:52,0,0,0
14/11/2020 08:24:53,0,0,0
14/11/2020 08:24:54,0,0,0
14/11/2020 08:24:55,0,0,0
14/11/2020 08:24:56,0,0,0
14/11/2020 08:24:57,0,0,0
14/11/2020 08:24:58,0,0,0
14/11/2020 08:24:59,0,0,0
14/11/2020 08:25:00,0,0,0
14/11/2020 08:25:01,0,0,0
14/11/2020 08:25:02,0,0,0
14/11/2020 08:25:03,0,0,0
14/11/2020 08:25:04,0,0,0
14/11/2020 08:25:05,0,0,0
14/11/2020 08:25:06,0,0,0
14/11/2020 08:25:07,0,0,0
14/11/2020 08:25:08,0,0,0
14/11/2020 08:25:09,0,0,0
14/11/2020 08:25:10,0,0,0
14/11/2020 08:25:11,0,0,0
14/11/2020 08:25:12,0,0,0
14/11/2020 08:25:13,0,0,0
14/11/2020 08:25:14,0,0,0
14/11/2020 08:25:15,0,0,0
14/11/2020 08:25:16,0,0,0
14/11/2020 08:25:17,0,0,0
14/11/2020 08:25:18,0,0,0
14/11/2020 08:25:19,0,0,0
14/11/2020 08:25:20,0,0,0
14/11/2020 08:25:21,0,0,0
14/11/2020 08:25:22,0,0,0
14/11/2020 08:25:23,0,0,0
14/11/2020 08:25:24,0,0,0
14/11/2020 08:25:25,0,0,0
14/11/2020 08:25:26,0,0,0
14/11/2020 08:25:27,0,0,0
14/11/2020 08:25:28,0,0,0
14/11/2020 08:25:29,0,0,0
14/11/2020 08:25:30,0,0,0
14/11/2020 08:25:31,0,0,0
14/11/2020 08:25:32,0,0,0
14/11/2020 08:25:33,0,0,0
14/11/2020 08:25:34,0,0,0
14/11/2020 08:25:35,0,0,0
14/11/2020 08:25:36,0,0,0
14/11/2020 08:25:37,0,0,0
14/11/2020 08:25:38,0,0,0
14/11/2020 08:25:39,0,0,0
14/11/2020 08:25:40,0,0,0
14/11/2020 08:25:41,0,0,0
14/11/2020 08:25:42,0,0,0
14/11/2020 08:25:43,0,0,0
14/11/2020 08:25:44,0,0,0
14/11/2020 08:25:45,0,0,0
14/11/2020 08:25:46,0,0,0
14/11/2020 08:25:47,0,0,0
14/11/2020 08:25:48,0,0,0
14/11/2020 08:25:49,0,0,0
14/11/2020 08:25:50,0,0,0
14/11/2020 08:25:51,0,0,0
14/11/2020 08:25:52,0,0,0
14/11/2020 08:25:53,0,0,0
14/11/2020 08:25:54,0,0,0
14/11/2020 08:25:55,0,0,0
14/11/2020 08:25:56,0,0,0
14/11/2020 08:25:57,0,0,0
14/11/2020 08:25:58,0,0,0
14/11/2020 08:25:59,0,0,0
14/11/2020 08:26:00,0,0,0
14/11/2020 08:26:01,0,0,0
14/11/2020 08:26:02,0,0,0
14/11/2020 08:26:03,0,0,0
14/11/2020 08:26:04,0,0,0
14/11/2020 08:26:05,0,0,0
14/11/2020 08:26:06,0,0,0
14/11/2020 08:26:07,0,0,0
14/11/2020 08:26:08,0,0,0
14/11/2020 08:26:09,0,0,0
14/11/2020 08:26:10,0,0,0
14/11/2020 08:26:11,0,0,0
14/11/2020 08:26:12,0,0,0
14/11/2020 08:26:13,0,0,0
14/11/2020 08:26:14,0,0,0
14/11/2020 08:26:15,0,0,0
14/11/2020 08:26:16,0,0,0
14/11/2020 08:26:17,0,0,0
14/11/2020 08:26:18,0,0,0
14/11/2020 08:26:19,0,0,0
14/11/2020 08:26:20,0,0,0
14/11/2020 08:26:21,0,0,0
14/11/2020 08:26:22,0,0,0
14/11/2020 08:26:23,0,0,0
14/11/2020 08:26:24,0,0,0
14/11/2020 08:26:25,0,0,0
14/11/2020 08:26:26,0,0,0
14/11/2020 08:26:27,0,0,0
14/11/2020 08:26:28,0,0,0
14/11/2020 08:26:29,0,0,0
14/11/2020 08:26:30,0,0,0
14/11/2020 08:26:31,0,0,0
14/11/2020 08:26:32,0,0,0
14/11/2020 08:26:33,0,0,0
14/11/2020 08:26:34,0,0,0
14/11/2020 08:26:35,0,0,0
14/11/2020 08:26:36,0,0,0
14/11/2020 08:26:37,0,0,0
14/11/2020 08:26:38,0,0,0
14/11/2020 08:26:39,0,0,0
14/11/2020 08:26:40,0,0,0
14/11/2020 08:26:41,0,0,0
14/11/2020 08:26:42,0,0,0
14/11/2020 08:26:43,0,0,0
14/11/2020 08:26:44,0,0,0
14/11/2020 08:26:45,0,0,0
14/11/2020 08:26:46,0,0,0
14/11/2020 08:26:47,0,0,0
14/11/2020 08:26:48,0,0,0
14/11/2020 08:26:49,0,0,0
14/11/2020 08:26:50,0,0,0
14/11/2020 08:26:51,0,0,0
14/11/2020 08:26:52,0,0,0
14/11/2020 08:26:53,0,0,0
14/11/2020 08:26:54,0,0,0
14/11/2020 08:26:55,0,0,0
14/11/2020 08:26:56,0,0,0
14/11/2020 08:26:57,0,0,0
14/11/2020 08:26:58,0,0,0
14/11/2020 08:26:59,0,0,0
14/11/2020 08:27:00,0,0,0
14/11/2020 08:27:01,0,0,0
14/11/2020 08:27:02,0,0,0
14/11/2020 08:27:03,0,0,0
14/11/2020 08:27:04,0,0,0
14/11/2020 08:27:05,0,0,0
14/11/2020 08:27:06,0,0,0
14/11/2020 08:27:07,0,0,0
14/11/2020 08:27:08,0,0,0
14/11/2020 08:27:09,0,0,0
14/11/2020 08:27:10,0,0,0
14/11/2020 08:27:11,0,0,0
14/11/2020 08:27:12,0,0,0
14/11/2020 08:27:13,0,0,0
14/11/2020 08:27:14,0,0,0
14/11/2020 08:27:15,0,0,0
14/11/2020 08:27:16,0,0,0
14/11/2020 08:27:17,0,0,0
14/11/2020 08:27:18,0,0,0
14/11/2020 08:27:19,0,0,0
14/11/2020 08:27:20,0,0,0
14/11/2020 08:27:21,0,0,0
14/11/2020 08:27:22,0,0,0
14/11/2020 08:27:23,0,0,0
14/11/2020 08:27:24,0,0,0
14/11/2020 08:27:25,0,0,0
14/11/2020 08:27:26,0,0,0
14/11/2020 08:27:27,0,0,0
14/11/2020 08:27:28,0,0,0
14/11/2020 08:27:29,0,0,0
14/11/2020 08:27:30,0,0,0
14/11/2020 08:27:31,0,0,0
14/11/2020 08:27:32,0,0,0
14/11/2020 08:27:33,0,0,0
14/11/2020 08:27:34,0,0,0
14/11/2020 08:27:35,0,0,0
14/11/2020 08:27:36,0,0,0
14/11/2020 08:27:37,0,0,0
14/11/2020 08:27:38,0,0,0
14/11/2020 08:27:39,0,0,0
14/11/2020 08:27:40,0,0,0
14/11/2020 08:27:41,0,0,0
14/11/2020 08:27:42,0,0,0
14/11/2020 08:27:43,0,0,0
14/11/2020 08:27:44,0,0,0
14/11/2020 08:27:45,0,0,0
14/11/2020 08:27:46,0,0,0
14/11/2020 08:27:47,0,0,0
14/11/2020 08:27:48,0,0,0
14/11/2020 08:27:49,0,0,0
14/11/2020 08:27:50,0,0,0
14/11/2020 08:27:51,0,0,0
14/11/2020 08:27:52,0,0,0
14/11/2020 08:27:53,0,0,0
14/11/2020 08:27:54,0,0,0
14/11/2020 08:27:55,0,0,0
14/11/2020 08:27:56,0,0,0
14/11/2020 08:27:57,0,0,0
14/11/2020 08:27:58,0,0,0
14/11/2020 08:27:59,0,0,0
14/11/2020 08:28:00,0,0,0
14/11/2020 08:28:01,0,0,0
14/11/2020 08:28:02,0,0,0
14/11/2020 08:28:03,0,0,0
14/11/2020 08:28:04,0,0,0
14/11/2020 08:28:05,0,0,0
14/11/2020 08:28:06,0,0,0
14/11/2020 08:28:07,0,0,0
14/11/2020 08:28:08,0,0,0
14/11/2020 08:28:09,0,0,0
14/11/2020 08:28:10,0,0,0
14/11/2020 08:28:11,0,0,0
14/11/2020 08:28:12,0,0,0
14/11/2020 08:28:13,0,0,0
14/11/2020 08:28:14,0,0,0
14/11/2020 08:28:15,0,0,0
14/11/2020 08:28:16,0,0,0
14/11/2020 08:28:17,0,0,0
14/11/2020 08:28:18,0,0,0
14/11/2020 08:28:19,0,0,0
14/11/2020 08:28:20,0,0,0
14/11/2020 08:28:21,0,0,0
14/11/2020 08:28:22,0,0,0
14/11/2020 08:28:23,0,0,0
14/11/2020 08:28:24,0,0,0
14/11/2020 08:28:25,0,0,0
14/11/2020 08:28:26,0,0,0
14/11/2020 08:28:27,0,0,0
14/11/2020 08:28:28,0,0,0
14/11/2020 08:28:29,0,0,0
14/11/2020 08:28:30,0,0,0
14/11/2020 08:28:31,0,0,0
14/11/2020 08:28:32,0,0,0
14/11/2020 08:28:33,0,0,0
14/11/2020 08:28:34,0,0,0
14/11/2020 08:28:35,0,0,0
14/11/2020 08:28:36,0,0,0
14/11/2020 08:28:37,0,0,0
14/11/2020 08:28:38,0,0,0
14/11/2020 08:28:39,0,0,0
14/11/2020 08:28:40,0,0,0
14/11/2020 08:28:41,0,0,0
14/11/2020 08:28:42,0,0,0
14/11/2020 08:28:43,0,0,0
14/11/2020 08:28:44,0,0,0
14/11/2020 08:28:45,0,0,0
14/11/2020 08:28:46,0,0,0
14/11/2020 08:28:47,0,0,0
14/11/2020 08:28:48,0,0,0
14/11/2020 08:28:49,0,0,0
14/11/2020 08:28:50,0,0,0
14/11/2020 08:28:51,0,0,0
14/11/2020 08:28:52,0,0,0
14/11/2020 08:28:53,0,0,0
14/11/2020 08:28:54,0,0,0
14/11/2020 08:28:55,0,0,0
14/11/2020 08:28:56,0,0,0
14/11/2020 08:28:57,0,0,0
14/11/2020 08:28:58,0,0,0
14/11/2020 08:28:59,0,0,0
14/11/2020 08:29:00,0,0,0
14/11/2020 08:29:01,0,0,0
14/11/2020 08:29:02,0,0,0
14/11/2020 08:29:03,0,0,0
14/11/2020 08:29:04,0,0,0
14/11/2020 08:29:05,0,0,0
14/11/2020 08:29:06,0,0,0
14/11/2020 08:29:07,0,0,0
14/11/2020 08:29:08,0,0,0
14/11/2020 08:29:09,0,0,0
14/11/2020 08:29:10,0,0,0
14/11/2020 08:29:11,0,0,0
14/11/2020 08:29:12,0,0,0
14/11/2020 08:29:13,0,0,0
14/11/2020 08:29:14,0,0,0
14/11/2020 08:29:15,0,0,0
14/11/2020 08:29:16,0,0,0
14/11/2020 08:29:17,0,0,0
14/11/2020 08:29:18,0,0,0
14/11/2020 08:29:19,0,0,0
14/11/2020 08:29:20,0,0,0
14/11/2020 08:29:21,0,0,0
14/11/2020 08:29:22,0,0,0
14/11/2020 08:29:23,0,0,0
14/11/2020 08:29:24,0,0,0
14/11/2020 08:29:25,0,0,0
14/11/2020 08:29:26,0,0,0
14/11/2020 08:29:27,0,0,0
14/11/2020 08:29:28,0,0,0
14/11/2020 08:29:29,0,0,0
14/11/2020 08:29:30,0,0,0
14/11/2020 08:29:31,0,0,0
14/11/2020 08:29:32,0,0,0
14/11/2020 08:29:33,0,0,0
14/11/2020 08:29:34,0,0,0
14/11/2020 08:29:35,0,0,0
14/11/2020 08:29:36,0,0,0
14/11/2020 08:29:37,0,0,0
14/11/2020 08:29:38,0,0,0
14/11/2020 08:29:39,0,0,0
14/11/2020 08:29:40,0,0,0
14/11/2020 08:29:41,0,0,0
14/11/2020 08:29:42,0,0,0
14/11/2020 08:29:43,0,0,0
14/11/2020 08:29:44,0,0,0
14/11/2020 08:29:45,0,0,0
14/11/2020 08:29:46,0,0,0
14/11/2020 08:29:47,0,0,0
14/11/2020 08:29:48,0,0,0
14/11/2020 08:29:49,0,0,0
14/11/2020 08:29:50,0,0,0
14/11/2020 08:29:51,0,0,0
14/11/2020 08:29:52,0,0,0
14/11/2020 08:29:53,0,0,0
14/11/2020 08:29:54,0,0,0
14/11/2020 08:29:55,0,0,0
14/11/2020 08:29:56,0,0,0
14/11/2020 08:29:57,0,0,0
14/11/2020 08:29:58,0,0,0
14/11/2020 08:29:59,0,0,0
14/11/2020 08:30:00,0,0,0
14/11/2020 08:30:01,0,0,0
14/11/2020 08:30:02,0,0,0
14/11/2020 08:30:03,0,0,0
14/11/2020 08:30:04,0,0,0
14/11/2020 08:30:05,0,0,0
14/11/2020 08:30:06,0,0,0
14/11/2020 08:30:07,0,0,0
14/11/2020 08:30:08,0,0,0
14/11/2020 08:30:09,0,0,0
14/11/2020 08:30:10,0,0,0
14/11/2020 08:30:11,0,0,0
14/11/2020 08:30:12,0,0,0
14/11/2020 08:30:13,0,0,0
14/11/2020 08:30:14,0,0,0
14/11/2020 08:30:15,0,0,0
14/11/2020 08:30:16,0,0,0
14/11/2020 08:30:17,0,0,0
14/11/2020 08:30:18,0,0,0
14/11/2020 08:30:19,0,0,0
14/11/2020 08:30:20,0,0,0
14/11/2020 08:30:21,0,0,0
14/11/2020 08:30:22,0,0,0
14/11/2020 08:30:23,0,0,0
14/11/2020 08:30:24,0,0,0
14/11/2020 08:30:25,0,0,0
14/11/2020 08:30:26,0,0,0
14/11/2020 08:30:27,0,0,0
14/11/2020 08:30:28,0,0,0
14/11/2020 08:30:29,0,0,0
14/11/2020 08:30:30,0,0,0
14/11/2020 08:30:31,0,0,0
14/11/2020 08:30:32,0,0,0
14/11/2020 08:30:33,0,0,0
14/11/2020 08:30:34,0,0,0
14/11/2020 08:30:35,0,0,0
14/11/2020 08:30:36,0,0,0
14/11/2020 08:30:37,0,0,0
14/11/2020 08:30:38,0,0,0
14/11/2020 08:30:39,0,0,0
14/11/2020 08:30:40,0,0,0
14/11/2020 08:30:41,0,0,0
14/11/2020 08:30:42,0,0,0
14/11/2020 08:30:43,0,0,0
14/11/2020 08:30:44,0,0,0
14/11/2020 08:30:45,0,0,0
14/11/2020 08:30:46,0,0,0
14/11/2020 08:30:47,0,0,0
14/11/2020 08:30:48,0,0,0
14/11/2020 08:30:49,0,0,0
14/11/2020 08:30:50,0,0,0
14/11/2020 08:30:51,0,0,0
14/11/2020 08:30:52,0,0,0
14/11/2020 08:30:53,0,0,0
14/11/2020 08:30:54,0,0,0
14/11/2020 08:30:55,0,0,0
14/11/2020 08:30:56,0,0,0
14/11/2020 08:30:57,0,0,0
14/11/2020 08:30:58,0,0,0
14/11/2020 08:30:59,0,0,0
14/11/2020 08:31:00,0,0,0
14/11/2020 08:31:01,0,0,0
14/11/2020 08:31:02,0,0,0
14/11/2020 08:31:03,0,0,0
14/11/2020 08:31:04,0,0,0
14/11/2020 08:31:05,0,0,0
14/11/2020 08:31:06,0,0,0
14/11/2020 08:31:07,0,0,0
14/11/2020 08:31:08,0,0,0
14/11/2020 08:31:09,0,0,0
14/11/2020 08:31:10,0,0,0
14/11/2020 08:31:11,0,0,0
14/11/2020 08:31:12,0,0,0
14/11/2020 08:31:13,0,0,0
14/11/2020 08:31:14,0,0,0
14/11/2020 08:31:15,0,0,0
14/11/2020 08:31:16,0,0,0
14/11/2020 08:31:17,0,0,0
14/11/2020 08:31:18,0,0,0
14/11/2020 08:31:19,0,0,0
14/11/2020 08:31:20,0,0,0
14/11/2020 08:31:21,0,0,0
14/11/2020 08:31:22,0,0,0
14/11/2020 08:31:23,0,0,0
14/11/2020 08:31:24,0,0,0
14/11/2020 08:31:25,0,0,0
14/11/2020 08:31:26,0,0,0
14/11/2020 08:31:27,0,0,0
14/11/2020 08:31:28,0,0,0
14/11/2020 08:31:29,0,0,0
14/11/2020 08:31:30,0,0,0
14/11/2020 08:31:31,0,0,0
14/11/2020 08:31:32,0,0,0
14/11/2020 08:31:33,0,0,0
14/11/2020 08:31:34,0,0,0
14/11/2020 08:31:35,0,0,0
14/11/2020 08:31:36,0,0,0
14/11/2020 08:31:37,0,0,0
14/11/2020 08:31:38,0,0,0
14/11/2020 08:31:39,0,0,0
14/11/2020 08:31:40,0,0,0
14/11/2020 08:31:41,0,0,0
14/11/2020 08:31:42,0,0,0
14/11/2020 08:31:43,0,0,0
14/11/2020 08:31:44,0,0,0
14/11/2020 08:31:45,0,0,0
14/11/2020 08:31:46,0,0,0
14/11/2020 08:31:47,0,0,0
14/11/2020 08:31:48,0,0,0
14/11/2020 08:31:49,0,0,0
14/11/2020 08:31:50,0,0,0
14/11/2020 08:31:51,0,0,0
14/11/2020 08:31:52,0,0,0
14/11/2020 08:31:53,0,0,0
14/11/2020 08:31:54,0,0,0
14/11/2020 08:31:55,0,0,0
14/11/2020 08:31:56,0,0,0
14/11/2020 08:31:57,0,0,0
14/11/2020 08:31:58,0,0,0
14/11/2020 08:31:59,0,0,0
14/11/2020 08:32:00,0,0,0
14/11/2020 08:32:01,0,0,0
14/11/2020 08:32:02,0,0,0
14/11/2020 08:32:03,0,0,0
14/11/2020 08:32:04,0,0,0
14/11/2020 08:32:05,0,0,0
14/11/2020 08:32:06,0,0,0
14/11/2020 08:32:07,0,0,0
14/11/2020 08:32:08,0,0,0
14/11/2020 08:32:09,0,0,0
14/11/2020 08:32:10,0,0,0
14/11/2020 08:32:11,0,0,0
14/11/2020 08:32:12,0,0,0
14/11/2020 08:32:13,0,0,0
14/11/2020 08:32:14,0,0,0
14/11/2020 08:32:15,0,0,0
14/11/2020 08:32:16,0,0,0
14/11/2020 08:32:17,0,0,0
14/11/2020 08:32:18,0,0,0
14/11/2020 08:32:19,0,0,0
14/11/2020 08:32:20,0,0,0
14/11/2020 08:32:21,0,0,0
14/11/2020 08:32:22,0,0,0
14/11/2020 08:32:23,0,0,0
14/11/2020 08:32:24,0,0,0
14/11/2020 08:32:25,0,0,0
14/11/2020 08:32:26,0,0,0
14/11/2020 08:32:27,0,0,0
14/11/2020 08:32:28,0,0,0
14/11/2020 08:32:29,0,0,0
14/11/2020 08:32:30,0,0,0
14/11/2020 08:32:31,0,0,0
14/11/2020 08:32:32,0,0,0
14/11/2020 08:32:33,0,0,0
14/11/2020 08:32:34,0,0,0
14/11/2020 08:32:35,0,0,0
14/11/2020 08:32:36,0,0,0
14/11/2020 08:32:37,0,0,0
14/11/2020 08:32:38,0,0,0
14/11/2020 08:32:39,0,0,0
14/11/2020 08:32:40,0,0,0
14/11/2020 08:32:41,0,0,0
14/11/2020 08:32:42,0,0,0
14/11/2020 08:32:43,0,0,0
14/11/2020 08:32:44,0,0,0
14/11/2020 08:32:45,0,0,0
14/11/2020 08:32:46,0,0,0
14/11/2020 08:32:47,0,0,0
14/11/2020 08:32:48,0,0,0
14/11/2020 08:32:49,0,0,0
14/11/2020 08:32:50,0,0,0
14/11/2020 08:32:51,0,0,0
14/11/2020 08:32:52,0,0,0
14/11/2020 08:32:53,0,0,0
14/11/2020 08:32:54,0,0,0
14/11/2020 08:32:55,0,0,0
14/11/2020 08:32:56,0,0,0
14/11/2020 08:32:57,0,0,0
14/11/2020 08:32:58,0,0,0
14/11/2020 08:32:59,0,0,0
14/11/2020 08:33:00,0,0,0
14/11/2020 08:33:01,0,0,0
14/11/2020 08:33:02,0,0,0
14/11/2020 08:33:03,0,0,0
14/11/2020 08:33:04,0,0,0
14/11/2020 08:33:05,0,0,0
14/11/2020 08:33:06,0,0,0
14/11/2020 08:33:07,0,0,0
14/11/2020 08:33:08,0,0,0
14/11/2020 08:33:09,0,0,0
14/11/2020 08:33:10,0,0,0
14/11/2020 08:33:11,0,0,0
14/11/2020 08:33:12,0,0,0
14/11/2020 08:33:13,0,0,0
14/11/2020 08:33:14,0,0,0
14/11/2020 08:33:15,0,0,0
14/11/2020 08:33:16,0,0,0
14/11/2020 08:33:17,0,0,0
14/11/2020 08:33:18,0,0,0
14/11/2020 08:33:19,0,0,0
14/11/2020 08:33:20,0,0,0
14/11/2020 08:33:21,0,0,0
14/11/2020 08:33:22,0,0,0
14/11/2020 08:33:23,0,0,0
14/11/2020 08:33:24,0,0,0
14/11/2020 08:33:25,0,0,0
14/11/2020 08:33:26,0,0,0
14/11/2020 08:33:27,0,0,0
14/11/2020 08:33:28,0,0,0
14/11/2020 08:33:29,0,0,0
14/11/2020 08:33:30,0,0,0
14/11/2020 08:33:31,0,0,0
14/11/2020 08:33:32,0,0,0
14/11/2020 08:33:33,0,0,0
14/11/2020 08:33:34,0,0,0
14/11/2020 08:33:35,0,0,0
14/11/2020 08:33:36,0,0,0
14/11/2020 08:33:37,0,0,0
14/11/2020 08:33:38,0,0,0
14/11/2020 08:33:39,0,0,0
14/11/2020 08:33:40,0,0,0
14/11/2020 08:33:41,0,0,0
14/11/2020 08:33:42,0,0,0
14/11/2020 08:33:43,0,0,0
14/11/2020 08:33:44,0,0,0
14/11/2020 08:33:45,0,0,0
14/11/2020 08:33:46,0,0,0
14/11/2020 08:33:47,0,0,0
14/11/2020 08:33:48,0,0,0
14/11/2020 08:33:49,0,0,0
14/11/2020 08:33:50,0,0,0
14/11/2020 08:33:51,0,0,0
14/11/2020 08:33:52,0,0,0
14/11/2020 08:33:53,0,0,0
14/11/2020 08:33:54,0,0,0
14/11/2020 08:33:55,0,0,0
14/11/2020 08:33:56,0,0,0
14/11/2020 08:33:57,0,0,0
14/11/2020 08:33:58,0,0,0
14/11/2020 08:33:59,0,0,0
14/11/2020 08:34:00,0,0,0
14/11/2020 08:34:01,0,0,0
14/11/2020 08:34:02,0,0,0
14/11/2020 08:34:03,0,0,0
14/11/2020 08:34:04,0,0,0
14/11/2020 08:34:05,0,0,0
14/11/2020 08:34:06,0,0,0
14/11/2020 08:34:07,0,0,0
14/11/2020 08:34:08,0,0,0
14/11/2020 08:34:09,0,0,0
14/11/2020 08:34:10,0,0,0
14/11/2020 08:34:11,0,0,0
14/11/2020 08:34:12,0,0,0
14/11/2020 08:34:13,0,0,0
14/11/2020 08:34:14,0,0,0
14/11/2020 08:34:15,0,0,0
14/11/2020 08:34:16,0,0,0
14/11/2020 08:34:17,0,0,0
14/11/2020 08:34:18,0,0,0
14/11/2020 08:34:19,0,0,0
14/11/2020 08:34:20,0,0,0
14/11/2020 08:34:21,0,0,0
14/11/2020 08:34:22,0,0,0
14/11/2020 08:34:23,0,0,0
14/11/2020 08:34:24,0,0,0
14/11/2020 08:34:25,0,0,0
14/11/2020 08:34:26,0,0,0
14/11/2020 08:34:27,0,0,0
14/11/2020 08:34:28,0,0,0
14/11/2020 08:34:29,0,0,0
14/11/2020 08:34:30,0,0,0
14/11/2020 08:34:31,0,0,0
14/11/2020 08:34:32,0,0,0
14/11/2020 08:34:33,0,0,0
14/11/2020 08:34:34,0,0,0
14/11/2020 08:34:35,0,0,0
14/11/2020 08:34:36,0,0,0
14/11/2020 08:34:37,0,0,0
14/11/2020 08:34:38,0,0,0
14/11/2020 08:34:39,0,0,0
14/11/2020 08:34:40,0,0,0
14/11/2020 08:34:41,0,0,0
14/11/2020 08:34:42,0,0,0
14/11/2020 08:34:43,0,0,0
14/11/2020 08:34:44,0,0,0
14/11/2020 08:34:45,0,0,0
14/11/2020 08:34:46,0,0,0
14/11/2020 08:34:47,0,0,0
14/11/2020 08:34:48,0,0,0
14/11/2020 08:34:49,0,0,0
14/11/2020 08:34:50,0,0,0
14/11/2020 08:34:51,0,0,0
14/11/2020 08:34:52,0,0,0
14/11/2020 08:34:53,0,0,0
14/11/2020 08:34:54,0,0,0
14/11/2020 08:34:55,0,0,0
14/11/2020 08:34:56,0,0,0
14/11/2020 08:34:57,0,0,0
14/11/2020 08:34:58,0,0,0
14/11/2020 08:34:59,0,0,0
14/11/2020 08:35:00,0,0,0
14/11/2020 08:35:01,0,0,0
14/11/2020 08:35:02,0,0,0
14/11/2020 08:35:03,0,0,0
14/11/2020 08:35:04,0,0,0
14/11/2020 08:35:05,0,0,0
14/11/2020 08:35:06,0,0,0
14/11/2020 08:35:07,0,0,0
14/11/2020 08:35:08,0,0,0
14/11/2020 08:35:09,0,0,0
14/11/2020 08:35:10,0,0,0
14/11/2020 08:35:11,0,0,0
14/11/2020 08:35:12,0,0,0
14/11/2020 08:35:13,0,0,0
14/11/2020 08:35:14,0,0,0
14/11/2020 08:35:15,0,0,0
14/11/2020 08:35:16,0,0,0
14/11/2020 08:35:17,0,0,0
14/11/2020 08:35:18,0,0,0
14/11/2020 08:35:19,0,0,0
14/11/2020 08:35:20,0,0,0
14/11/2020 08:35:21,0,0,0
14/11/2020 08:35:22,0,0,0
14/11/2020 08:35:23,0,0,0
14/11/2020 08:35:24,0,0,0
14/11/2020 08:35:25,0,0,0
14/11/2020 08:35:26,0,0,0
14/11/2020 08:35:27,0,0,0
14/11/2020 08:35:28,0,0,0
14/11/2020 08:35:29,0,0,0
14/11/2020 08:35:30,0,0,0
14/11/2020 08:35:31,0,0,0
14/11/2020 08:35:32,0,0,0
14/11/2020 08:35:33,0,0,0
14/11/2020 08:35:34,0,0,0
14/11/2020 08:35:35,0,0,0
14/11/2020 08:35:36,0,0,0
14/11/2020 08:35:37,0,0,0
14/11/2020 08:35:38,0,0,0
14/11/2020 08:35:39,0,0,0
14/11/2020 08:35:40,0,0,0
14/11/2020 08:35:41,0,0,0
14/11/2020 08:35:42,0,0,0
14/11/2020 08:35:43,0,0,0
14/11/2020 08:35:44,0,0,0
14/11/2020 08:35:45,0,0,0
14/11/2020 08:35:46,0,0,0
14/11/2020 08:35:47,0,0,0
14/11/2020 08:35:48,0,0,0
14/11/2020 08:35:49,0,0,0
14/11/2020 08:35:50,0,0,0
14/11/2020 08:35:51,0,0,0
14/11/2020 08:35:52,0,0,0
14/11/2020 08:35:53,0,0,0
14/11/2020 08:35:54,0,0,0
14/11/2020 08:35:55,0,0,0
14/11/2020 08:35:56,0,0,0
14/11/2020 08:35:57,0,0,0
14/11/2020 08:35:58,0,0,0
14/11/2020 08:35:59,0,0,0
14/11/2020 08:36:00,0,0,0
14/11/2020 08:36:01,0,0,0
14/11/2020 08:36:02,0,0,0
14/11/2020 08:36:03,0,0,0
14/11/2020 08:36:04,0,0,0
14/11/2020 08:36:05,0,0,0
14/11/2020 08:36:06,0,0,0
14/11/2020 08:36:07,0,0,0
14/11/2020 08:36:08,0,0,0
14/11/2020 08:36:09,0,0,0
14/11/2020 08:36:10,0,0,0
14/11/2020 08:36:11,0,0,0
14/11/2020 08:36:12,0,0,0
14/11/2020 08:36:13,0,0,0
14/11/2020 08:36:14,0,0,0
14/11/2020 08:36:15,0,0,0
14/11/2020 08:36:16,0,0,0
14/11/2020 08:36:17,0,0,0
14/11/2020 08:36:18,0,0,0
14/11/2020 08:36:19,0,0,0
14/11/2020 08:36:20,0,0,0
14/11/2020 08:36:21,0,0,0
14/11/2020 08:36:22,0,0,0
14/11/2020 08:36:23,0,0,0
14/11/2020 08:36:24,0,0,0
14/11/2020 08:36:25,0,0,0
14/11/2020 08:36:26,0,0,0
14/11/2020 08:36:27,0,0,0
14/11/2020 08:36:28,0,0,0
14/11/2020 08:36:29,0,0,0
14/11/2020 08:36:30,0,0,0
14/11/2020 08:36:31,0,0,0
14/11/2020 08:36:32,0,0,0
14/11/2020 08:36:33,0,0,0
14/11/2020 08:36:34,0,0,0
14/11/2020 08:36:35,0,0,0
14/11/2020 08:36:36,0,0,0
14/11/2020 08:36:37,0,0,0
14/11/2020 08:36:38,0,0,0
14/11/2020 08:36:39,0,0,0
14/11/2020 08:36:40,0,0,0
14/11/2020 08:36:41,0,0,0
14/11/2020 08:36:42,0,0,0
14/11/2020 08:36:43,0,0,0
14/11/2020 08:36:44,0,0,0
14/11/2020 08:36:45,0,0,0
14/11/2020 08:36:46,0,0,0
14/11/2020 08:36:47,0,0,0
14/11/2020 08:36:48,0,0,0
14/11/2020 08:36:49,0,0,0
14/11/2020 08:36:50,0,0,0
14/11/2020 08:36:51,0,0,0
14/11/2020 08:36:52,0,0,0
14/11/2020 08:36:53,0,0,0
14/11/2020 08:36:54,0,0,0
14/11/2020 08:36:55,0,0,0
14/11/2020 08:36:56,0,0,0
14/11/2020 08:36:57,0,0,0
14/11/2020 08:36:58,0,0,0
14/11/2020 08:36:59,0,0,0
14/11/2020 08:37:00,0,0,0
14/11/2020 08:37:01,0,0,0
14/11/2020 08:37:02,0,0,0
14/11/2020 08:37:03,0,0,0
14/11/2020 08:37:04,0,0,0
14/11/2020 08:37:05,0,0,0
14/11/2020 08:37:06,0,0,0
14/11/2020 08:37:07,0,0,0
14/11/2020 08:37:08,0,0,0
14/11/2020 08:37:09,0,0,0
14/11/2020 08:37:10,0,0,0
14/11/2020 08:37:11,0,0,0
14/11/2020 08:37:12,0,0,0
14/11/2020 08:37:13,0,0,0
14/11/2020 08:37:14,0,0,0
14/11/2020 08:37:15,0,0,0
14/11/2020 08:37:16,0,0,0
14/11/2020 08:37:17,0,0,0
14/11/2020 08:37:18,0,0,0
14/11/2020 08:37:19,0,0,0
14/11/2020 08:37:20,0,0,0
14/11/2020 08:37:21,0,0,0
14/11/2020 08:37:22,0,0,0
14/11/2020 08:37:23,0,0,0
14/11/2020 08:37:24,0,0,0
14/11/2020 08:37:25,0,0,0
14/11/2020 08:37:26,0,0,0
14/11/2020 08:37:27,0,0,0
14/11/2020 08:37:28,0,0,0
14/11/2020 08:37:29,0,0,0
14/11/2020 08:37:30,0,0,0
14/11/2020 08:37:31,0,0,0
14/11/2020 08:37:32,0,0,0
14/11/2020 08:37:33,0,0,0
14/11/2020 08:37:34,0,0,0
14/11/2020 08:37:35,0,0,0
14/11/2020 08:37:36,0,0,0
14/11/2020 08:37:37,0,0,0
14/11/2020 08:37:38,0,0,0
14/11/2020 08:37:39,0,0,0
14/11/2020 08:37:40,0,0,0
14/11/2020 08:37:41,0,0,0
14/11/2020 08:37:42,0,0,0
14/11/2020 08:37:43,0,0,0
14/11/2020 08:37:44,0,0,0
14/11/2020 08:37:45,0,0,0
14/11/2020 08:37:46,0,0,0
14/11/2020 08:37:47,0,0,0
14/11/2020 08:37:48,0,0,0
14/11/2020 08:37:49,0,0,0
14/11/2020 08:37:50,0,0,0
14/11/2020 08:37:51,0,0,0
14/11/2020 08:37:52,0,0,0
14/11/2020 08:37:53,0,0,0
14/11/2020 08:37:54,0,0,0
14/11/2020 08:37:55,0,0,0
14/11/2020 08:37:56,0,0,0
14/11/2020 08:37:57,0,0,0
14/11/2020 08:37:58,0,0,0
14/11/2020 08:37:59,0,0,0
14/11/2020 08:38:00,0,0,0
14/11/2020 08:38:01,0,0,0
14/11/2020 08:38:02,0,0,0
14/11/2020 08:38:03,0,0,0
14/11/2020 08:38:04,0,0,0
14/11/2020 08:38:05,0,0,0
14/11/2020 08:38:06,0,0,0
14/11/2020 08:38:07,0,0,0
14/11/2020 08:38:08,0,0,0
14/11/2020 08:38:09,0,0,0
14/11/2020 08:38:10,0,0,0
14/11/2020 08:38:11,0,0,0
14/11/2020 08:38:12,0,0,0
14/11/2020 08:38:13,0,0,0
14/11/2020 08:38:14,0,0,0
14/11/2020 08:38:15,0,0,0
14/11/2020 08:38:16,0,0,0
14/11/2020 08:38:17,0,0,0
14/11/2020 08:38:18,0,0,0
14/11/2020 08:38:19,0,0,0
14/11/2020 08:38:20,0,0,0
14/11/2020 08:38:21,0,0,0
14/11/2020 08:38:22,0,0,0
14/11/2020 08:38:23,0,0,0
14/11/2020 08:38:24,0,0,0
14/11/2020 08:38:25,0,0,0
14/11/2020 08:38:26,0,0,0
14/11/2020 08:38:27,0,0,0
14/11/2020 08:38:28,0,0,0
14/11/2020 08:38:29,0,0,0
14/11/2020 08:38:30,0,0,0
14/11/2020 08:38:31,0,0,0
14/11/2020 08:38:32,0,0,0
14/11/2020 08:38:33,0,0,0
14/11/2020 08:38:34,0,0,0
14/11/2020 08:38:35,0,0,0
14/11/2020 08:38:36,0,0,0
14/11/2020 08:38:37,0,0,0
14/11/2020 08:38:38,0,0,0
14/11/2020 08:38:39,0,0,0
14/11/2020 08:38:40,0,0,0
14/11/2020 08:38:41,0,0,0
14/11/2020 08:38:42,0,0,0
14/11/2020 08:38:43,0,0,0
14/11/2020 08:38:44,0,0,0
14/11/2020 08:38:45,0,0,0
14/11/2020 08:38:46,0,0,0
14/11/2020 08:38:47,0,0,0
14/11/2020 08:38:48,0,0,0
14/11/2020 08:38:49,0,0,0
14/11/2020 08:38:50,0,0,0
14/11/2020 08:38:51,0,0,0
14/11/2020 08:38:52,0,0,0
14/11/2020 08:38:53,0,0,0
14/11/2020 08:38:54,0,0,0
14/11/2020 08:38:55,0,0,0
14/11/2020 08:38:56,0,0,0
14/11/2020 08:38:57,0,0,0
14/11/2020 08:38:58,0,0,0
14/11/2020 08:38:59,0,0,0
14/11/2020 08:39:00,0,0,0
14/11/2020 08:39:01,0,0,0
14/11/2020 08:39:02,0,0,0
14/11/2020 08:39:03,0,0,0
14/11/2020 08:39:04,0,0,0
14/11/2020 08:39:05,0,0,0
14/11/2020 08:39:06,0,0,0
14/11/2020 08:39:07,0,0,0
14/11/2020 08:39:08,0,0,0
14/11/2020 08:39:09,0,0,0
14/11/2020 08:39:10,0,0,0
14/11/2020 08:39:11,0,0,0
14/11/2020 08:39:12,0,0,0
14/11/2020 08:39:13,0,0,0
14/11/2020 08:39:14,0,0,0
14/11/2020 08:39:15,0,0,0
14/11/2020 08:39:16,0,0,0
14/11/2020 08:39:17,0,0,0
14/11/2020 08:39:18,0,0,0
14/11/2020 08:39:19,0,0,0
14/11/2020 08:39:20,0,0,0
14/11/2020 08:39:21,0,0,0
14/11/2020 08:39:22,0,0,0
14/11/2020 08:39:23,0,0,0
14/11/2020 08:39:24,0,0,0
14/11/2020 08:39:25,0,0,0
14/11/2020 08:39:26,0,0,0
14/11/2020 08:39:27,0,0,0
14/11/2020 08:39:28,0,0,0
14/11/2020 08:39:29,0,0,0
14/11/2020 08:39:30,0,0,0
14/11/2020 08:39:31,0,0,0
14/11/2020 08:39:32,0,0,0
14/11/2020 08:39:33,0,0,0
14/11/2020 08:39:34,0,0,0
14/11/2020 08:39:35,0,0,0
14/11/2020 08:39:36,0,0,0
14/11/2020 08:39:37,0,0,0
14/11/2020 08:39:38,0,0,0
14/11/2020 08:39:39,0,0,0
14/11/2020 08:39:40,0,0,0
14/11/2020 08:39:41,0,0,0
14/11/2020 08:39:42,0,0,0
14/11/2020 08:39:43,0,0,0
14/11/2020 08:39:44,0,0,0
14/11/2020 08:39:45,0,0,0
14/11/2020 08:39:46,0,0,0
14/11/2020 08:39:47,0,0,0
14/11/2020 08:39:48,0,0,0
14/11/2020 08:39:49,0,0,0
14/11/2020 08:39:50,0,0,0
14/11/2020 08:39:51,0,0,0
14/11/2020 08:39:52,0,0,0
14/11/2020 08:39:53,0,0,0
14/11/2020 08:39:54,0,0,0
14/11/2020 08:39:55,0,0,0
14/11/2020 08:39:56,0,0,0
14/11/2020 08:39:57,0,0,0
14/11/2020 08:39:58,0,0,0
14/11/2020 08:39:59,0,0,0
14/11/2020 08:40:00,0,0,0
14/11/2020 08:40:01,0,0,0
14/11/2020 08:40:02,0,0,0
14/11/2020 08:40:03,0,0,0
14/11/2020 08:40:04,0,0,0
14/11/2020 08:40:05,0,0,0
14/11/2020 08:40:06,0,0,0
14/11/2020 08:40:07,0,0,0
14/11/2020 08:40:08,0,0,0
14/11/2020 08:40:09,0,0,0
14/11/2020 08:40:10,0,0,0
14/11/2020 08:40:11,0,0,0
14/11/2020 08:40:12,0,0,0
14/11/2020 08:40:13,0,0,0
14/11/2020 08:40:14,0,0,0
14/11/2020 08:40:15,0,0,0
14/11/2020 08:40:16,0,0,0
14/11/2020 08:40:17,0,0,0
14/11/2020 08:40:18,0,0,0
14/11/2020 08:40:19,0,0,0
14/11/2020 08:40:20,0,0,0
14/11/2020 08:40:21,0,0,0
14/11/2020 08:40:22,0,0,0
14/11/2020 08:40:23,0,0,0
14/11/2020 08:40:24,0,0,0
14/11/2020 08:40:25,0,0,0
14/11/2020 08:40:26,0,0,0
14/11/2020 08:40:27,0,0,0
14/11/2020 08:40:28,0,0,0
14/11/2020 08:40:29,0,0,0
14/11/2020 08:40:30,0,0,0
14/11/2020 08:40:31,0,0,0
14/11/2020 08:40:32,0,0,0
14/11/2020 08:40:33,0,0,0
14/11/2020 08:40:34,0,0,0
14/11/2020 08:40:35,0,0,0
14/11/2020 08:40:36,0,0,0
14/11/2020 08:40:37,0,0,0
14/11/2020 08:40:38,0,0,0
14/11/2020 08:40:39,0,0,0
14/11/2020 08:40:40,0,0,0
14/11/2020 08:40:41,0,0,0
14/11/2020 08:40:42,0,0,0
14/11/2020 08:40:43,0,0,0
14/11/2020 08:40:44,0,0,0
14/11/2020 08:40:45,0,0,0
14/11/2020 08:40:46,0,0,0
14/11/2020 08:40:47,0,0,0
14/11/2020 08:40:48,0,0,0
14/11/2020 08:40:49,0,0,0
14/11/2020 08:40:50,0,0,0
14/11/2020 08:40:51,0,0,0
14/11/2020 08:40:52,0,0,0
14/11/2020 08:40:53,0,0,0
14/11/2020 08:40:54,0,0,0
14/11/2020 08:40:55,0,0,0
14/11/2020 08:40:56,0,0,0
14/11/2020 08:40:57,0,0,0
14/11/2020 08:40:58,0,0,0
14/11/2020 08:40:59,0,0,0
14/11/2020 08:41:00,0,0,0
14/11/2020 08:41:01,0,0,0
14/11/2020 08:41:02,0,0,0
14/11/2020 08:41:03,0,0,0
14/11/2020 08:41:04,0,0,0
14/11/2020 08:41:05,0,0,0
14/11/2020 08:41:06,0,0,0
14/11/2020 08:41:07,0,0,0
14/11/2020 08:41:08,0,0,0
14/11/2020 08:41:09,0,0,0
14/11/2020 08:41:10,0,0,0
14/11/2020 08:41:11,0,0,0
14/11/2020 08:41:12,0,0,0
14/11/2020 08:41:13,0,0,0
14/11/2020 08:41:14,0,0,0
14/11/2020 08:41:15,0,0,0
14/11/2020 08:41:16,0,0,0
14/11/2020 08:41:17,0,0,0
14/11/2020 08:41:18,0,0,0
14/11/2020 08:41:19,0,0,0
14/11/2020 08:41:20,0,0,0
14/11/2020 08:41:21,0,0,0
14/11/2020 08:41:22,0,0,0
14/11/2020 08:41:23,0,0,0
14/11/2020 08:41:24,0,0,0
14/11/2020 08:41:25,0,0,0
14/11/2020 08:41:26,0,0,0
14/11/2020 08:41:27,0,0,0
14/11/2020 08:41:28,0,0,0
14/11/2020 08:41:29,0,0,0
14/11/2020 08:41:30,0,0,0
14/11/2020 08:41:31,0,0,0
14/11/2020 08:41:32,0,0,0
14/11/2020 08:41:33,0,0,0
14/11/2020 08:41:34,0,0,0
14/11/2020 08:41:35,0,0,0
14/11/2020 08:41:36,0,0,0
14/11/2020 08:41:37,0,0,0
14/11/2020 08:41:38,0,0,0
14/11/2020 08:41:39,0,0,0
14/11/2020 08:41:40,0,0,0
14/11/2020 08:41:41,0,0,0
14/11/2020 08:41:42,0,0,0
14/11/2020 08:41:43,0,0,0
14/11/2020 08:41:44,0,0,0
14/11/2020 08:41:45,0,0,0
14/11/2020 08:41:46,0,0,0
14/11/2020 08:41:47,0,0,0
14/11/2020 08:41:48,0,0,0
14/11/2020 08:41:49,0,0,0
14/11/2020 08:41:50,0,0,0
14/11/2020 08:41:51,0,0,0
14/11/2020 08:41:52,0,0,0
14/11/2020 08:41:53,0,0,0
14/11/2020 08:41:54,0,0,0
14/11/2020 08:41:55,0,0,0
14/11/2020 08:41:56,0,0,0
14/11/2020 08:41:57,0,0,0
14/11/2020 08:41:58,0,0,0
14/11/2020 08:41:59,0,0,0
14/11/2020 08:42:00,0,0,0
14/11/2020 08:42:01,0,0,0
14/11/2020 08:42:02,0,0,0
14/11/2020 08:42:03,0,0,0
14/11/2020 08:42:04,0,0,0
14/11/2020 08:42:05,0,0,0
14/11/2020 08:42:06,0,0,0
14/11/2020 08:42:07,0,0,0
14/11/2020 08:42:08,0,0,0
14/11/2020 08:42:09,0,0,0
14/11/2020 08:42:10,0,0,0
14/11/2020 08:42:11,0,0,0
14/11/2020 08:42:12,0,0,0
14/11/2020 08:42:13,0,0,0
14/11/2020 08:42:14,0,0,0
14/11/2020 08:42:15,0,0,0
14/11/2020 08:42:16,0,0,0
14/11/2020 08:42:17,0,0,0
14/11/2020 08:42:18,0,0,0
14/11/2020 08:42:19,0,0,0
14/11/2020 08:42:20,0,0,0
14/11/2020 08:42:21,0,0,0
14/11/2020 08:42:22,0,0,0
14/11/2020 08:42:23,0,0,0
14/11/2020 08:42:24,0,0,0
14/11/2020 08:42:25,0,0,0
14/11/2020 08:42:26,0,0,0
14/11/2020 08:42:27,0,0,0
14/11/2020 08:42:28,0,0,0
14/11/2020 08:42:29,0,0,0
14/11/2020 08:42:30,0,0,0
14/11/2020 08:42:31,0,0,0
14/11/2020 08:42:32,0,0,0
14/11/2020 08:42:33,0,0,0
14/11/2020 08:42:34,0,0,0
14/11/2020 08:42:35,0,0,0
14/11/2020 08:42:36,0,0,0
14/11/2020 08:42:37,0,0,0
14/11/2020 08:42:38,0,0,0
14/11/2020 08:42:39,0,0,0
14/11/2020 08:42:40,0,0,0
14/11/2020 08:42:41,0,0,0
14/11/2020 08:42:42,0,0,0
14/11/2020 08:42:43,0,0,0
14/11/2020 08:42:44,0,0,0
14/11/2020 08:42:45,0,0,0
14/11/2020 08:42:46,0,0,0
14/11/2020 08:42:47,0,0,0
14/11/2020 08:42:48,0,0,0
14/11/2020 08:42:49,0,0,0
14/11/2020 08:42:50,0,0,0
14/11/2020 08:42:51,0,0,0
14/11/2020 08:42:52,0,0,0
14/11/2020 08:42:53,0,0,0
14/11/2020 08:42:54,0,0,0
14/11/2020 08:42:55,0,0,0
14/11/2020 08:42:56,0,0,0
14/11/2020 08:42:57,0,0,0
14/11/2020 08:42:58,0,0,0
14/11/2020 08:42:59,0,0,0
14/11/2020 08:43:00,0,0,0
14/11/2020 08:43:01,0,0,0
14/11/2020 08:43:02,0,0,0
14/11/2020 08:43:03,0,0,0
14/11/2020 08:43:04,0,0,0
14/11/2020 08:43:05,0,0,0
14/11/2020 08:43:06,0,0,0
14/11/2020 08:43:07,0,0,0
14/11/2020 08:43:08,0,0,0
14/11/2020 08:43:09,0,0,0
14/11/2020 08:43:10,0,0,0
14/11/2020 08:43:11,0,0,0
14/11/2020 08:43:12,0,0,0
14/11/2020 08:43:13,0,0,0
14/11/2020 08:43:14,0,0,0
14/11/2020 08:43:15,0,0,0
14/11/2020 08:43:16,0,0,0
14/11/2020 08:43:17,0,0,0
14/11/2020 08:43:18,0,0,0
14/11/2020 08:43:19,0,0,0
14/11/2020 08:43:20,0,0,0
14/11/2020 08:43:21,0,0,0
14/11/2020 08:43:22,0,0,0
14/11/2020 08:43:23,0,0,0
14/11/2020 08:43:24,0,0,0
14/11/2020 08:43:25,0,0,0
14/11/2020 08:43:26,0,0,0
14/11/2020 08:43:27,0,0,0
14/11/2020 08:43:28,0,0,0
14/11/2020 08:43:29,0,0,0
14/11/2020 08:43:30,0,0,0
14/11/2020 08:43:31,0,0,0
14/11/2020 08:43:32,0,0,0
14/11/2020 08:43:33,0,0,0
14/11/2020 08:43:34,0,0,0
14/11/2020 08:43:35,0,0,0
14/11/2020 08:43:36,0,0,0
14/11/2020 08:43:37,0,0,0
14/11/2020 08:43:38,0,0,0
14/11/2020 08:43:39,0,0,0
14/11/2020 08:43:40,0,0,0
14/11/2020 08:43:41,0,0,0
14/11/2020 08:43:42,0,0,0
14/11/2020 08:43:43,0,0,0
14/11/2020 08:43:44,0,0,0
14/11/2020 08:43:45,0,0,0
14/11/2020 08:43:46,0,0,0
14/11/2020 08:43:47,0,0,0
14/11/2020 08:43:48,0,0,0
14/11/2020 08:43:49,0,0,0
14/11/2020 08:43:50,0,0,0
14/11/2020 08:43:51,0,0,0
14/11/2020 08:43:52,0,0,0
14/11/2020 08:43:53,0,0,0
14/11/2020 08:43:54,0,0,0
14/11/2020 08:43:55,0,0,0
14/11/2020 08:43:56,0,0,0
14/11/2020 08:43:57,0,0,0
14/11/2020 08:43:58,0,0,0
14/11/2020 08:43:59,0,0,0
14/11/2020 08:44:00,0,0,0
14/11/2020 08:44:01,0,0,0
14/11/2020 08:44:02,0,0,0
14/11/2020 08:44:03,0,0,0
14/11/2020 08:44:04,0,0,0
14/11/2020 08:44:05,0,0,0
14/11/2020 08:44:06,0,0,0
14/11/2020 08:44:07,0,0,0
14/11/2020 08:44:08,0,0,0
14/11/2020 08:44:09,0,0,0
14/11/2020 08:44:10,0,0,0
14/11/2020 08:44:11,0,0,0
14/11/2020 08:44:12,0,0,0
14/11/2020 08:44:13,0,0,0
14/11/2020 08:44:14,0,0,0
14/11/2020 08:44:15,0,0,0
14/11/2020 08:44:16,0,0,0
14/11/2020 08:44:17,0,0,0
14/11/2020 08:44:18,0,0,0
14/11/2020 08:44:19,0,0,0
14/11/2020 08:44:20,0,0,0
14/11/2020 08:44:21,0,0,0
14/11/2020 08:44:22,0,0,0
14/11/2020 08:44:23,0,0,0
14/11/2020 08:44:24,0,0,0
14/11/2020 08:44:25,0,0,0
14/11/2020 08:44:26,0,0,0
14/11/2020 08:44:27,0,0,0
14/11/2020 08:44:28,0,0,0
14/11/2020 08:44:29,0,0,0
14/11/2020 08:44:30,0,0,0
14/11/2020 08:44:31,0,0,0
14/11/2020 08:44:32,0,0,0
14/11/2020 08:44:33,0,0,0
14/11/2020 08:44:34,0,0,0
14/11/2020 08:44:35,0,0,0
14/11/2020 08:44:36,0,0,0
14/11/2020 08:44:37,0,0,0
14/11/2020 08:44:38,0,0,0
14/11/2020 08:44:39,0,0,0
14/11/2020 08:44:40,0,0,0
14/11/2020 08:44:41,0,0,0
14/11/2020 08:44:42,0,0,0
14/11/2020 08:44:43,0,0,0
14/11/2020 08:44:44,0,0,0
14/11/2020 08:44:45,0,0,0
14/11/2020 08:44:46,0,0,0
14/11/2020 08:44:47,0,0,0
14/11/2020 08:44:48,0,0,0
14/11/2020 08:44:49,0,0,0
14/11/2020 08:44:50,0,0,0
14/11/2020 08:44:51,0,0,0
14/11/2020 08:44:52,0,0,0
14/11/2020 08:44:53,0,0,0
14/11/2020 08:44:54,0,0,0
14/11/2020 08:44:55,0,0,0
14/11/2020 08:44:56,0,0,0
14/11/2020 08:44:57,0,0,0
14/11/2020 08:44:58,0,0,0
14/11/2020 08:44:59,0,0,0
14/11/2020 08:45:00,0,0,0
14/11/2020 08:45:01,0,0,0
14/11/2020 08:45:02,0,0,0
14/11/2020 08:45:03,0,0,0
14/11/2020 08:45:04,0,0,0
14/11/2020 08:45:05,0,0,0
14/11/2020 08:45:06,0,0,0
14/11/2020 08:45:07,0,0,0
14/11/2020 08:45:08,0,0,0
14/11/2020 08:45:09,0,0,0
14/11/2020 08:45:10,0,0,0
14/11/2020 08:45:11,0,0,0
14/11/2020 08:45:12,0,0,0
14/11/2020 08:45:13,0,0,0
14/11/2020 08:45:14,0,0,0
14/11/2020 08:45:15,0,0,0
14/11/2020 08:45:16,0,0,0
14/11/2020 08:45:17,0,0,0
14/11/2020 08:45:18,0,0,0
14/11/2020 08:45:19,0,0,0
14/11/2020 08:45:20,0,0,0
14/11/2020 08:45:21,0,0,0
14/11/2020 08:45:22,0,0,0
14/11/2020 08:45:23,0,0,0
14/11/2020 08:45:24,0,0,0
14/11/2020 08:45:25,0,0,0
14/11/2020 08:45:26,0,0,0
14/11/2020 08:45:27,0,0,0
14/11/2020 08:45:28,0,0,0
14/11/2020 08:45:29,0,0,0
14/11/2020 08:45:30,0,0,0
14/11/2020 08:45:31,0,0,0
14/11/2020 08:45:32,0,0,0
14/11/2020 08:45:33,0,0,0
14/11/2020 08:45:34,0,0,0
14/11/2020 08:45:35,0,0,0
14/11/2020 08:45:36,0,0,0
14/11/2020 08:45:37,0,0,0
14/11/2020 08:45:38,0,0,0
14/11/2020 08:45:39,0,0,0
14/11/2020 08:45:40,0,0,0
14/11/2020 08:45:41,0,0,0
14/11/2020 08:45:42,0,0,0
14/11/2020 08:45:43,0,0,0
14/11/2020 08:45:44,0,0,0
14/11/2020 08:45:45,0,0,0
14/11/2020 08:45:46,0,0,0
14/11/2020 08:45:47,0,0,0
14/11/2020 08:45:48,0,0,0
14/11/2020 08:45:49,0,0,0
14/11/2020 08:45:50,0,0,0
14/11/2020 08:45:51,0,0,0
14/11/2020 08:45:52,0,0,0
14/11/2020 08:45:53,0,0,0
14/11/2020 08:45:54,0,0,0
14/11/2020 08:45:55,0,0,0
14/11/2020 08:45:56,0,0,0
14/11/2020 08:45:57,0,0,0
14/11/2020 08:45:58,0,0,0
14/11/2020 08:45:59,0,0,0
14/11/2020 08:46:00,0,0,0
14/11/2020 08:46:01,0,0,0
14/11/2020 08:46:02,0,0,0
14/11/2020 08:46:03,0,0,0
14/11/2020 08:46:04,0,0,0
14/11/2020 08:46:05,0,0,0
14/11/2020 08:46:06,0,0,0
14/11/2020 08:46:07,0,0,0
14/11/2020 08:46:08,0,0,0
14/11/2020 08:46:09,0,0,0
14/11/2020 08:46:10,0,0,0
14/11/2020 08:46:11,0,0,0
14/11/2020 08:46:12,0,0,0
14/11/2020 08:46:13,0,0,0
14/11/2020 08:46:14,0,0,0
14/11/2020 08:46:15,0,0,0
14/11/2020 08:46:16,0,0,0
14/11/2020 08:46:17,0,0,0
14/11/2020 08:46:18,0,0,0
14/11/2020 08:46:19,0,0,0
14/11/2020 08:46:20,0,0,0
14/11/2020 08:46:21,0,0,0
14/11/2020 08:46:22,0,0,0
14/11/2020 08:46:23,0,0,0
14/11/2020 08:46:24,0,0,0
14/11/2020 08:46:25,0,0,0
14/11/2020 08:46:26,0,0,0
14/11/2020 08:46:27,0,0,0
14/11/2020 08:46:28,0,0,0
14/11/2020 08:46:29,0,0,0
14/11/2020 08:46:30,0,0,0
14/11/2020 08:46:31,0,0,0
14/11/2020 08:46:32,0,0,0
14/11/2020 08:46:33,0,0,0
14/11/2020 08:46:34,0,0,0
14/11/2020 08:46:35,0,0,0
14/11/2020 08:46:36,0,0,0
14/11/2020 08:46:37,0,0,0
14/11/2020 08:46:38,0,0,0
14/11/2020 08:46:39,0,0,0
14/11/2020 08:46:40,0,0,0
14/11/2020 08:46:41,0,0,0
14/11/2020 08:46:42,0,0,0
14/11/2020 08:46:43,0,0,0
14/11/2020 08:46:44,0,0,0
14/11/2020 08:46:45,0,0,0
14/11/2020 08:46:46,0,0,0
14/11/2020 08:46:47,0,0,0
14/11/2020 08:46:48,0,0,0
14/11/2020 08:46:49,0,0,0
14/11/2020 08:46:50,0,0,0
14/11/2020 08:46:51,0,0,0
14/11/2020 08:46:52,0,0,0
14/11/2020 08:46:53,0,0,0
14/11/2020 08:46:54,0,0,0
14/11/2020 08:46:55,0,0,0
14/11/2020 08:46:56,0,0,0
14/11/2020 08:46:57,0,0,0
14/11/2020 08:46:58,0,0,0
14/11/2020 08:46:59,0,0,0
14/11/2020 08:47:00,0,0,0
14/11/2020 08:47:01,0,0,0
14/11/2020 08:47:02,0,0,0
14/11/2020 08:47:03,0,0,0
14/11/2020 08:47:04,0,0,0
14/11/2020 08:47:05,0,0,0
14/11/2020 08:47:06,0,0,0
14/11/2020 08:47:07,0,0,0
14/11/2020 08:47:08,0,0,0
14/11/2020 08:47:09,0,0,0
14/11/2020 08:47:10,0,0,0
14/11/2020 08:47:11,0,0,0
14/11/2020 08:47:12,0,0,0
14/11/2020 08:47:13,0,0,0
14/11/2020 08:47:14,0,0,0
14/11/2020 08:47:15,0,0,0
14/11/2020 08:47:16,0,0,0
14/11/2020 08:47:17,0,0,0
14/11/2020 08:47:18,0,0,0
14/11/2020 08:47:19,0,0,0
14/11/2020 08:47:20,0,0,0
14/11/2020 08:47:21,0,0,0
14/11/2020 08:47:22,0,0,0
14/11/2020 08:47:23,0,0,0
14/11/2020 08:47:24,0,0,0
14/11/2020 08:47:25,0,0,0
14/11/2020 08:47:26,0,0,0
14/11/2020 08:47:27,0,0,0
14/11/2020 08:47:28,0,0,0
14/11/2020 08:47:29,0,0,0
14/11/2020 08:47:30,0,0,0
14/11/2020 08:47:31,0,0,0
14/11/2020 08:47:32,0,0,0
14/11/2020 08:47:33,0,0,0
14/11/2020 08:47:34,0,0,0
14/11/2020 08:47:35,0,0,0
14/11/2020 08:47:36,0,0,0
14/11/2020 08:47:37,0,0,0
14/11/2020 08:47:38,0,0,0
14/11/2020 08:47:39,0,0,0
14/11/2020 08:47:40,0,0,0
14/11/2020 08:47:41,0,0,0
14/11/2020 08:47:42,0,0,0
14/11/2020 08:47:43,0,0,0
14/11/2020 08:47:44,0,0,0
14/11/2020 08:47:45,0,0,0
14/11/2020 08:47:46,0,0,0
14/11/2020 08:47:47,0,0,0
14/11/2020 08:47:48,0,0,0
14/11/2020 08:47:49,0,0,0
14/11/2020 08:47:50,0,0,0
14/11/2020 08:47:51,0,0,0
14/11/2020 08:47:52,0,0,0
14/11/2020 08:47:53,0,0,0
14/11/2020 08:47:54,0,0,0
14/11/2020 08:47:55,0,0,0
14/11/2020 08:47:56,0,0,0
14/11/2020 08:47:57,0,0,0
14/11/2020 08:47:58,0,0,0
14/11/2020 08:47:59,0,0,0
14/11/2020 08:48:00,0,0,0
14/11/2020 08:48:01,0,0,0
14/11/2020 08:48:02,0,0,0
14/11/2020 08:48:03,0,0,0
14/11/2020 08:48:04,0,0,0
14/11/2020 08:48:05,0,0,0
14/11/2020 08:48:06,0,0,0
14/11/2020 08:48:07,0,0,0
14/11/2020 08:48:08,0,0,0
14/11/2020 08:48:09,0,0,0
14/11/2020 08:48:10,0,0,0
14/11/2020 08:48:11,0,0,0
14/11/2020 08:48:12,0,0,0
14/11/2020 08:48:13,0,0,0
14/11/2020 08:48:14,0,0,0
14/11/2020 08:48:15,0,0,0
14/11/2020 08:48:16,0,0,0
14/11/2020 08:48:17,0,0,0
14/11/2020 08:48:18,0,0,0
14/11/2020 08:48:19,0,0,0
14/11/2020 08:48:20,0,0,0
14/11/2020 08:48:21,0,0,0
14/11/2020 08:48:22,0,0,0
14/11/2020 08:48:23,0,0,0
14/11/2020 08:48:24,0,0,0
14/11/2020 08:48:25,0,0,0
14/11/2020 08:48:26,0,0,0
14/11/2020 08:48:27,0,0,0
14/11/2020 08:48:28,0,0,0
14/11/2020 08:48:29,0,0,0
14/11/2020 08:48:30,0,0,0
14/11/2020 08:48:31,0,0,0
14/11/2020 08:48:32,0,0,0
14/11/2020 08:48:33,0,0,0
14/11/2020 08:48:34,0,0,0
14/11/2020 08:48:35,0,0,0
14/11/2020 08:48:36,0,0,0
14/11/2020 08:48:37,0,0,0
14/11/2020 08:48:38,0,0,0
14/11/2020 08:48:39,0,0,0
14/11/2020 08:48:40,0,0,0
14/11/2020 08:48:41,0,0,0
14/11/2020 08:48:42,0,0,0
14/11/2020 08:48:43,0,0,0
14/11/2020 08:48:44,0,0,0
14/11/2020 08:48:45,0,0,0
14/11/2020 08:48:46,0,0,0
14/11/2020 08:48:47,0,0,0
14/11/2020 08:48:48,0,0,0
14/11/2020 08:48:49,0,0,0
14/11/2020 08:48:50,0,0,0
14/11/2020 08:48:51,0,0,0
14/11/2020 08:48:52,0,0,0
14/11/2020 08:48:53,0,0,0
14/11/2020 08:48:54,0,0,0
14/11/2020 08:48:55,0,0,0
14/11/2020 08:48:56,0,0,0
14/11/2020 08:48:57,0,0,0
14/11/2020 08:48:58,0,0,0
14/11/2020 08:48:59,0,0,0
14/11/2020 08:49:00,0,0,0
14/11/2020 08:49:01,0,0,0
14/11/2020 08:49:02,0,0,0
14/11/2020 08:49:03,0,0,0
14/11/2020 08:49:04,0,0,0
14/11/2020 08:49:05,0,0,0
14/11/2020 08:49:06,0,0,0
14/11/2020 08:49:07,0,0,0
14/11/2020 08:49:08,0,0,0
14/11/2020 08:49:09,0,0,0
14/11/2020 08:49:10,0,0,0
14/11/2020 08:49:11,0,0,0
14/11/2020 08:49:12,0,0,0
14/11/2020 08:49:13,0,0,0
14/11/2020 08:49:14,0,0,0
14/11/2020 08:49:15,0,0,0
14/11/2020 08:49:16,0,0,0
14/11/2020 08:49:17,0,0,0
14/11/2020 08:49:18,0,0,0
14/11/2020 08:49:19,0,0,0
14/11/2020 08:49:20,0,0,0
14/11/2020 08:49:21,0,0,0
14/11/2020 08:49:22,0,0,0
14/11/2020 08:49:23,0,0,0
14/11/2020 08:49:24,0,0,0
14/11/2020 08:49:25,0,0,0
14/11/2020 08:49:26,0,0,0
14/11/2020 08:49:27,0,0,0
14/11/2020 08:49:28,0,0,0
14/11/2020 08:49:29,0,0,0
14/11/2020 08:49:30,0,0,0
14/11/2020 08:49:31,0,0,0
14/11/2020 08:49:32,0,0,0
14/11/2020 08:49:33,0,0,0
14/11/2020 08:49:34,0,0,0
14/11/2020 08:49:35,0,0,0
14/11/2020 08:49:36,0,0,0
14/11/2020 08:49:37,0,0,0
14/11/2020 08:49:38,0,0,0
14/11/2020 08:49:39,0,0,0
14/11/2020 08:49:40,0,0,0
14/11/2020 08:49:41,0,0,0
14/11/2020 08:49:42,0,0,0
14/11/2020 08:49:43,0,0,0
14/11/2020 08:49:44,0,0,0
14/11/2020 08:49:45,0,0,0
14/11/2020 08:49:46,0,0,0
14/11/2020 08:49:47,0,0,0
14/11/2020 08:49:48,0,0,0
14/11/2020 08:49:49,0,0,0
14/11/2020 08:49:50,0,0,0
14/11/2020 08:49:51,0,0,0
14/11/2020 08:49:52,0,0,0
14/11/2020 08:49:53,0,0,0
14/11/2020 08:49:54,0,0,0
14/11/2020 08:49:55,0,0,0
14/11/2020 08:49:56,0,0,0
14/11/2020 08:49:57,0,0,0
14/11/2020 08:49:58,0,0,0
14/11/2020 08:49:59,0,0,0
14/11/2020 08:50:00,0,0,0
14/11/2020 08:50:01,0,0,0
14/11/2020 08:50:02,0,0,0
14/11/2020 08:50:03,0,0,0
14/11/2020 08:50:04,0,0,0
14/11/2020 08:50:05,0,0,0
14/11/2020 08:50:06,0,0,0
14/11/2020 08:50:07,0,0,0
14/11/2020 08:50:08,0,0,0
14/11/2020 08:50:09,0,0,0
14/11/2020 08:50:10,0,0,0
14/11/2020 08:50:11,0,0,0
14/11/2020 08:50:12,0,0,0
14/11/2020 08:50:13,0,0,0
14/11/2020 08:50:14,0,0,0
14/11/2020 08:50:15,0,0,0
14/11/2020 08:50:16,0,0,0
14/11/2020 08:50:17,0,0,0
14/11/2020 08:50:18,0,0,0
14/11/2020 08:50:19,0,0,0
14/11/2020 08:50:20,0,0,0
14/11/2020 08:50:21,0,0,0
14/11/2020 08:50:22,0,0,0
14/11/2020 08:50:23,0,0,0
14/11/2020 08:50:24,0,0,0
14/11/2020 08:50:25,0,0,0
14/11/2020 08:50:26,0,0,0
14/11/2020 08:50:27,0,0,0
14/11/2020 08:50:28,0,0,0
14/11/2020 08:50:29,0,0,0
14/11/2020 08:50:30,0,0,0
14/11/2020 08:50:31,0,0,0
14/11/2020 08:50:32,0,0,0
14/11/2020 08:50:33,0,0,0
14/11/2020 08:50:34,0,0,0
14/11/2020 08:50:35,0,0,0
14/11/2020 08:50:36,0,0,0
14/11/2020 08:50:37,0,0,0
14/11/2020 08:50:38,0,0,0
14/11/2020 08:50:39,0,0,0
14/11/2020 08:50:40,0,0,0
14/11/2020 08:50:41,0,0,0
14/11/2020 08:50:42,0,0,0
14/11/2020 08:50:43,0,0,0
14/11/2020 08:50:44,0,0,0
14/11/2020 08:50:45,0,0,0
14/11/2020 08:50:46,0,0,0
14/11/2020 08:50:47,0,0,0
14/11/2020 08:50:48,0,0,0
14/11/2020 08:50:49,0,0,0
14/11/2020 08:50:50,0,0,0
14/11/2020 08:50:51,0,0,0
14/11/2020 08:50:52,0,0,0
14/11/2020 08:50:53,0,0,0
14/11/2020 08:50:54,0,0,0
14/11/2020 08:50:55,0,0,0
14/11/2020 08:50:56,0,0,0
14/11/2020 08:50:57,0,0,0
14/11/2020 08:50:58,0,0,0
14/11/2020 08:50:59,0,0,0
14/11/2020 08:51:00,0,0,0
14/11/2020 08:51:01,0,0,0
14/11/2020 08:51:02,0,0,0
14/11/2020 08:51:03,0,0,0
14/11/2020 08:51:04,0,0,0
14/11/2020 08:51:05,0,0,0
14/11/2020 08:51:06,0,0,0
14/11/2020 08:51:07,0,0,0
14/11/2020 08:51:08,0,0,0
14/11/2020 08:51:09,0,0,0
14/11/2020 08:51:10,0,0,0
14/11/2020 08:51:11,0,0,0
14/11/2020 08:51:12,0,0,0
14/11/2020 08:51:13,0,0,0
14/11/2020 08:51:14,0,0,0
14/11/2020 08:51:15,0,0,0
14/11/2020 08:51:16,0,0,0
14/11/2020 08:51:17,0,0,0
14/11/2020 08:51:18,0,0,0
14/11/2020 08:51:19,0,0,0
14/11/2020 08:51:20,0,0,0
14/11/2020 08:51:21,0,0,0
14/11/2020 08:51:22,0,0,0
14/11/2020 08:51:23,0,0,0
14/11/2020 08:51:24,0,0,0
14/11/2020 08:51:25,0,0,0
14/11/2020 08:51:26,0,0,0
14/11/2020 08:51:27,0,0,0
14/11/2020 08:51:28,0,0,0
14/11/2020 08:51:29,0,0,0
14/11/2020 08:51:30,0,0,0
14/11/2020 08:51:31,0,0,0
14/11/2020 08:51:32,0,0,0
14/11/2020 08:51:33,0,0,0
14/11/2020 08:51:34,0,0,0
14/11/2020 08:51:35,0,0,0
14/11/2020 08:51:36,0,0,0
14/11/2020 08:51:37,0,0,0
14/11/2020 08:51:38,0,0,0
14/11/2020 08:51:39,0,0,0
14/11/2020 08:51:40,0,0,0
14/11/2020 08:51:41,0,0,0
14/11/2020 08:51:42,0,0,0
14/11/2020 08:51:43,0,0,0
14/11/2020 08:51:44,0,0,0
14/11/2020 08:51:45,0,0,0
14/11/2020 08:51:46,0,0,0
14/11/2020 08:51:47,0,0,0
14/11/2020 08:51:48,0,0,0
14/11/2020 08:51:49,0,0,0
14/11/2020 08:51:50,0,0,0
14/11/2020 08:51:51,0,0,0
14/11/2020 08:51:52,0,0,0
14/11/2020 08:51:53,0,0,0
14/11/2020 08:51:54,0,0,0
14/11/2020 08:51:55,0,0,0
14/11/2020 08:51:56,0,0,0
14/11/2020 08:51:57,0,0,0
14/11/2020 08:51:58,0,0,0
14/11/2020 08:51:59,0,0,0
14/11/2020 08:52:00,0,0,0
14/11/2020 08:52:01,0,0,0
14/11/2020 08:52:02,0,0,0
14/11/2020 08:52:03,0,0,0
14/11/2020 08:52:04,0,0,0
14/11/2020 08:52:05,0,0,0
14/11/2020 08:52:06,0,0,0
14/11/2020 08:52:07,0,0,0
14/11/2020 08:52:08,0,0,0
14/11/2020 08:52:09,0,0,0
14/11/2020 08:52:10,0,0,0
14/11/2020 08:52:11,0,0,0
14/11/2020 08:52:12,0,0,0
14/11/2020 08:52:13,0,0,0
14/11/2020 08:52:14,0,0,0
14/11/2020 08:52:15,0,0,0
14/11/2020 08:52:16,0,0,0
14/11/2020 08:52:17,0,0,0
14/11/2020 08:52:18,0,0,0
14/11/2020 08:52:19,0,0,0
14/11/2020 08:52:20,0,0,0
14/11/2020 08:52:21,0,0,0
14/11/2020 08:52:22,0,0,0
14/11/2020 08:52:23,0,0,0
14/11/2020 08:52:24,0,0,0
14/11/2020 08:52:25,0,0,0
14/11/2020 08:52:26,0,0,0
14/11/2020 08:52:27,0,0,0
14/11/2020 08:52:28,0,0,0
14/11/2020 08:52:29,0,0,0
14/11/2020 08:52:30,0,0,0
14/11/2020 08:52:31,0,0,0
14/11/2020 08:52:32,0,0,0
14/11/2020 08:52:33,0,0,0
14/11/2020 08:52:34,0,0,0
14/11/2020 08:52:35,0,0,0
14/11/2020 08:52:36,0,0,0
14/11/2020 08:52:37,0,0,0
14/11/2020 08:52:38,0,0,0
14/11/2020 08:52:39,0,0,0
14/11/2020 08:52:40,0,0,0
14/11/2020 08:52:41,0,0,0
14/11/2020 08:52:42,0,0,0
14/11/2020 08:52:43,0,0,0
14/11/2020 08:52:44,0,0,0
14/11/2020 08:52:45,0,0,0
14/11/2020 08:52:46,0,0,0
14/11/2020 08:52:47,0,0,0
14/11/2020 08:52:48,0,0,0
14/11/2020 08:52:49,0,0,0
14/11/2020 08:52:50,0,0,0
14/11/2020 08:52:51,0,0,0
14/11/2020 08:52:52,0,0,0
14/11/2020 08:52:53,0,0,0
14/11/2020 08:52:54,0,0,0
14/11/2020 08:52:55,0,0,0
14/11/2020 08:52:56,0,0,0
14/11/2020 08:52:57,0,0,0
14/11/2020 08:52:58,0,0,0
14/11/2020 08:52:59,0,0,0
14/11/2020 08:53:00,0,0,0
14/11/2020 08:53:01,0,0,0
14/11/2020 08:53:02,0,0,0
14/11/2020 08:53:03,0,0,0
14/11/2020 08:53:04,0,0,0
14/11/2020 08:53:05,0,0,0
14/11/2020 08:53:06,0,0,0
14/11/2020 08:53:07,0,0,0
14/11/2020 08:53:08,0,0,0
14/11/2020 08:53:09,0,0,0
14/11/2020 08:53:10,0,0,0
14/11/2020 08:53:11,0,0,0
14/11/2020 08:53:12,0,0,0
14/11/2020 08:53:13,0,0,0
14/11/2020 08:53:14,0,0,0
14/11/2020 08:53:15,0,0,0
14/11/2020 08:53:16,0,0,0
14/11/2020 08:53:17,0,0,0
14/11/2020 08:53:18,0,0,0
14/11/2020 08:53:19,0,0,0
14/11/2020 08:53:20,0,0,0
14/11/2020 08:53:21,0,0,0
14/11/2020 08:53:22,0,0,0
14/11/2020 08:53:23,0,0,0
14/11/2020 08:53:24,0,0,0
14/11/2020 08:53:25,0,0,0
14/11/2020 08:53:26,0,0,0
14/11/2020 08:53:27,0,0,0
14/11/2020 08:53:28,0,0,0
14/11/2020 08:53:29,0,0,0
14/11/2020 08:53:30,0,0,0
14/11/2020 08:53:31,0,0,0
14/11/2020 08:53:32,0,0,0
14/11/2020 08:53:33,0,0,0
14/11/2020 08:53:34,0,0,0
14/11/2020 08:53:35,0,0,0
14/11/2020 08:53:36,0,0,0
14/11/2020 08:53:37,0,0,0
14/11/2020 08:53:38,0,0,0
14/11/2020 08:53:39,0,0,0
14/11/2020 08:53:40,0,0,0
14/11/2020 08:53:41,0,0,0
14/11/2020 08:53:42,0,0,0
14/11/2020 08:53:43,0,0,0
14/11/2020 08:53:44,0,0,0
14/11/2020 08:53:45,0,0,0
14/11/2020 08:53:46,0,0,0
14/11/2020 08:53:47,0,0,0
14/11/2020 08:53:48,0,0,0
14/11/2020 08:53:49,0,0,0
14/11/2020 08:53:50,0,0,0
14/11/2020 08:53:51,0,0,0
14/11/2020 08:53:52,0,0,0
14/11/2020 08:53:53,0,0,0
14/11/2020 08:53:54,0,0,0
14/11/2020 08:53:55,0,0,0
14/11/2020 08:53:56,0,0,0
14/11/2020 08:53:57,0,0,0
14/11/2020 08:53:58,0,0,0
14/11/2020 08:53:59,0,0,0
14/11/2020 08:54:00,0,0,0
14/11/2020 08:54:01,0,0,0
14/11/2020 08:54:02,0,0,0
14/11/2020 08:54:03,0,0,0
14/11/2020 08:54:04,0,0,0
14/11/2020 08:54:05,0,0,0
14/11/2020 08:54:06,0,0,0
14/11/2020 08:54:07,0,0,0
14/11/2020 08:54:08,0,0,0
14/11/2020 08:54:09,0,0,0
14/11/2020 08:54:10,0,0,0
14/11/2020 08:54:11,0,0,0
14/11/2020 08:54:12,0,0,0
14/11/2020 08:54:13,0,0,0
14/11/2020 08:54:14,0,0,0
14/11/2020 08:54:15,0,0,0
14/11/2020 08:54:16,0,0,0
14/11/2020 08:54:17,0,0,0
14/11/2020 08:54:18,0,0,0
14/11/2020 08:54:19,0,0,0
14/11/2020 08:54:20,0,0,0
14/11/2020 08:54:21,0,0,0
14/11/2020 08:54:22,0,0,0
14/11/2020 08:54:23,0,0,0
14/11/2020 08:54:24,0,0,0
14/11/2020 08:54:25,0,0,0
14/11/2020 08:54:26,0,0,0
14/11/2020 08:54:27,0,0,0
14/11/2020 08:54:28,0,0,0
14/11/2020 08:54:29,0,0,0
14/11/2020 08:54:30,0,0,0
14/11/2020 08:54:31,0,0,0
14/11/2020 08:54:32,0,0,0
14/11/2020 08:54:33,0,0,0
14/11/2020 08:54:34,0,0,0
14/11/2020 08:54:35,0,0,0
14/11/2020 08:54:36,0,0,0
14/11/2020 08:54:37,0,0,0
14/11/2020 08:54:38,0,0,0
14/11/2020 08:54:39,0,0,0
14/11/2020 08:54:40,0,0,0
14/11/2020 08:54:41,0,0,0
14/11/2020 08:54:42,0,0,0
14/11/2020 08:54:43,0,0,0
14/11/2020 08:54:44,0,0,0
14/11/2020 08:54:45,0,0,0
14/11/2020 08:54:46,0,0,0
14/11/2020 08:54:47,0,0,0
14/11/2020 08:54:48,0,0,0
14/11/2020 08:54:49,0,0,0
14/11/2020 08:54:50,0,0,0
14/11/2020 08:54:51,0,0,0
14/11/2020 08:54:52,0,0,0
14/11/2020 08:54:53,0,0,0
14/11/2020 08:54:54,0,0,0
14/11/2020 08:54:55,0,0,0
14/11/2020 08:54:56,0,0,0
14/11/2020 08:54:57,0,0,0
14/11/2020 08:54:58,0,0,0
14/11/2020 08:54:59,0,0,0
14/11/2020 08:55:00,0,0,0
14/11/2020 08:55:01,0,0,0
14/11/2020 08:55:02,0,0,0
14/11/2020 08:55:03,0,0,0
14/11/2020 08:55:04,0,0,0
14/11/2020 08:55:05,0,0,0
14/11/2020 08:55:06,0,0,0
14/11/2020 08:55:07,0,0,0
14/11/2020 08:55:08,0,0,0
14/11/2020 08:55:09,0,0,0
14/11/2020 08:55:10,0,0,0
14/11/2020 08:55:11,0,0,0
14/11/2020 08:55:12,0,0,0
14/11/2020 08:55:13,0,0,0
14/11/2020 08:55:14,0,0,0
14/11/2020 08:55:15,0,0,0
14/11/2020 08:55:16,0,0,0
14/11/2020 08:55:17,0,0,0
14/11/2020 08:55:18,0,0,0
14/11/2020 08:55:19,0,0,0
14/11/2020 08:55:20,0,0,0
14/11/2020 08:55:21,0,0,0
14/11/2020 08:55:22,0,0,0
14/11/2020 08:55:23,0,0,0
14/11/2020 08:55:24,0,0,0
14/11/2020 08:55:25,0,0,0
14/11/2020 08:55:26,0,0,0
14/11/2020 08:55:27,0,0,0
14/11/2020 08:55:28,0,0,0
14/11/2020 08:55:29,0,0,0
14/11/2020 08:55:30,0,0,0
14/11/2020 08:55:31,0,0,0
14/11/2020 08:55:32,0,0,0
14/11/2020 08:55:33,0,0,0
14/11/2020 08:55:34,0,0,0
14/11/2020 08:55:35,0,0,0
14/11/2020 08:55:36,0,0,0
14/11/2020 08:55:37,0,0,0
14/11/2020 08:55:38,0,0,0
14/11/2020 08:55:39,0,0,0
14/11/2020 08:55:40,0,0,0
14/11/2020 08:55:41,0,0,0
14/11/2020 08:55:42,0,0,0
14/11/2020 08:55:43,0,0,0
14/11/2020 08:55:44,0,0,0
14/11/2020 08:55:45,0,0,0
14/11/2020 08:55:46,0,0,0
14/11/2020 08:55:47,0,0,0
14/11/2020 08:55:48,0,0,0
14/11/2020 08:55:49,0,0,0
14/11/2020 08:55:50,0,0,0
14/11/2020 08:55:51,0,0,0
14/11/2020 08:55:52,0,0,0
14/11/2020 08:55:53,0,0,0
14/11/2020 08:55:54,0,0,0
14/11/2020 08:55:55,0,0,0
14/11/2020 08:55:56,0,0,0
14/11/2020 08:55:57,0,0,0
14/11/2020 08:55:58,0,0,0
14/11/2020 08:55:59,0,0,0
14/11/2020 08:56:00,0,0,0
14/11/2020 08:56:01,0,0,0
14/11/2020 08:56:02,0,0,0
14/11/2020 08:56:03,0,0,0
14/11/2020 08:56:04,0,0,0
14/11/2020 08:56:05,0,0,0
14/11/2020 08:56:06,0,0,0
14/11/2020 08:56:07,0,0,0
14/11/2020 08:56:08,0,0,0
14/11/2020 08:56:09,0,0,0
14/11/2020 08:56:10,0,0,0
14/11/2020 08:56:11,0,0,0
14/11/2020 08:56:12,0,0,0
14/11/2020 08:56:13,0,0,0
14/11/2020 08:56:14,0,0,0
14/11/2020 08:56:15,0,0,0
14/11/2020 08:56:16,0,0,0
14/11/2020 08:56:17,0,0,0
14/11/2020 08:56:18,0,0,0
14/11/2020 08:56:19,0,0,0
14/11/2020 08:56:20,0,0,0
14/11/2020 08:56:21,0,0,0
14/11/2020 08:56:22,0,0,0
14/11/2020 08:56:23,0,0,0
14/11/2020 08:56:24,0,0,0
14/11/2020 08:56:25,0,0,0
14/11/2020 08:56:26,0,0,0
14/11/2020 08:56:27,0,0,0
14/11/2020 08:56:28,0,0,0
14/11/2020 08:56:29,0,0,0
14/11/2020 08:56:30,0,0,0
14/11/2020 08:56:31,0,0,0
14/11/2020 08:56:32,0,0,0
14/11/2020 08:56:33,0,0,0
14/11/2020 08:56:34,0,0,0
14/11/2020 08:56:35,0,0,0
14/11/2020 08:56:36,0,0,0
14/11/2020 08:56:37,0,0,0
14/11/2020 08:56:38,0,0,0
14/11/2020 08:56:39,0,0,0
14/11/2020 08:56:40,0,0,0
14/11/2020 08:56:41,0,0,0
14/11/2020 08:56:42,0,0,0
14/11/2020 08:56:43,0,0,0
14/11/2020 08:56:44,0,0,0
14/11/2020 08:56:45,0,0,0
14/11/2020 08:56:46,0,0,0
14/11/2020 08:56:47,0,0,0
14/11/2020 08:56:48,0,0,0
14/11/2020 08:56:49,0,0,0
14/11/2020 08:56:50,0,0,0
14/11/2020 08:56:51,0,0,0
14/11/2020 08:56:52,0,0,0
14/11/2020 08:56:53,0,0,0
14/11/2020 08:56:54,0,0,0
14/11/2020 08:56:55,0,0,0
14/11/2020 08:56:56,0,0,0
14/11/2020 08:56:57,0,0,0
14/11/2020 08:56:58,0,0,0
14/11/2020 08:56:59,0,0,0
14/11/2020 08:57:00,0,0,0
14/11/2020 08:57:01,0,0,0
14/11/2020 08:57:02,0,0,0
14/11/2020 08:57:03,0,0,0
14/11/2020 08:57:04,0,0,0
14/11/2020 08:57:05,0,0,0
14/11/2020 08:57:06,0,0,0
14/11/2020 08:57:07,0,0,0
14/11/2020 08:57:08,0,0,0
14/11/2020 08:57:09,0,0,0
14/11/2020 08:57:10,0,0,0
14/11/2020 08:57:11,0,0,0
14/11/2020 08:57:12,0,0,0
14/11/2020 08:57:13,0,0,0
14/11/2020 08:57:14,0,0,0
14/11/2020 08:57:15,0,0,0
14/11/2020 08:57:16,0,0,0
14/11/2020 08:57:17,0,0,0
14/11/2020 08:57:18,0,0,0
14/11/2020 08:57:19,0,0,0
14/11/2020 08:57:20,0,0,0
14/11/2020 08:57:21,0,0,0
14/11/2020 08:57:22,0,0,0
14/11/2020 08:57:23,0,0,0
14/11/2020 08:57:24,0,0,0
14/11/2020 08:57:25,0,0,0
14/11/2020 08:57:26,0,0,0
14/11/2020 08:57:27,0,0,0
14/11/2020 08:57:28,0,0,0
14/11/2020 08:57:29,0,0,0
14/11/2020 08:57:30,0,0,0
14/11/2020 08:57:31,0,0,0
14/11/2020 08:57:32,0,0,0
14/11/2020 08:57:33,0,0,0
14/11/2020 08:57:34,0,0,0
14/11/2020 08:57:35,0,0,0
14/11/2020 08:57:36,0,0,0
14/11/2020 08:57:37,0,0,0
14/11/2020 08:57:38,0,0,0
14/11/2020 08:57:39,0,0,0
14/11/2020 08:57:40,0,0,0
14/11/2020 08:57:41,0,0,0
14/11/2020 08:57:42,0,0,0
14/11/2020 08:57:43,0,0,0
14/11/2020 08:57:44,0,0,0
14/11/2020 08:57:45,0,0,0
14/11/2020 08:57:46,0,0,0
14/11/2020 08:57:47,0,0,0
14/11/2020 08:57:48,0,0,0
14/11/2020 08:57:49,0,0,0
14/11/2020 08:57:50,0,0,0
14/11/2020 08:57:51,0,0,0
14/11/2020 08:57:52,0,0,0
14/11/2020 08:57:53,0,0,0
14/11/2020 08:57:54,0,0,0
14/11/2020 08:57:55,0,0,0
14/11/2020 08:57:56,0,0,0
14/11/2020 08:57:57,0,0,0
14/11/2020 08:57:58,0,0,0
14/11/2020 08:57:59,0,0,0
14/11/2020 08:58:00,0,0,0
14/11/2020 08:58:01,0,0,0
14/11/2020 08:58:02,0,0,0
14/11/2020 08:58:03,0,0,0
14/11/2020 08:58:04,0,0,0
14/11/2020 08:58:05,0,0,0
14/11/2020 08:58:06,0,0,0
14/11/2020 08:58:07,0,0,0
14/11/2020 08:58:08,0,0,0
14/11/2020 08:58:09,0,0,0
14/11/2020 08:58:10,0,0,0
14/11/2020 08:58:11,0,0,0
14/11/2020 08:58:12,0,0,0
14/11/2020 08:58:13,0,0,0
14/11/2020 08:58:14,0,0,0
14/11/2020 08:58:15,0,0,0
14/11/2020 08:58:16,0,0,0
14/11/2020 08:58:17,0,0,0
14/11/2020 08:58:18,0,0,0
14/11/2020 08:58:19,0,0,0
14/11/2020 08:58:20,0,0,0
14/11/2020 08:58:21,0,0,0
14/11/2020 08:58:22,0,0,0
14/11/2020 08:58:23,0,0,0
14/11/2020 08:58:24,0,0,0
14/11/2020 08:58:25,0,0,0
14/11/2020 08:58:26,0,0,0
14/11/2020 08:58:27,0,0,0
14/11/2020 08:58:28,0,0,0
14/11/2020 08:58:29,0,0,0
14/11/2020 08:58:30,0,0,0
14/11/2020 08:58:31,0,0,0
14/11/2020 08:58:32,0,0,0
14/11/2020 08:58:33,0,0,0
14/11/2020 08:58:34,0,0,0
14/11/2020 08:58:35,0,0,0
14/11/2020 08:58:36,0,0,0
14/11/2020 08:58:37,0,0,0
14/11/2020 08:58:38,0,0,0
14/11/2020 08:58:39,0,0,0
14/11/2020 08:58:40,0,0,0
14/11/2020 08:58:41,0,0,0
14/11/2020 08:58:42,0,0,0
14/11/2020 08:58:43,0,0,0
14/11/2020 08:58:44,0,0,0
14/11/2020 08:58:45,0,0,0
14/11/2020 08:58:46,0,0,0
14/11/2020 08:58:47,0,0,0
14/11/2020 08:58:48,0,0,0
14/11/2020 08:58:49,0,0,0
14/11/2020 08:58:50,0,0,0
14/11/2020 08:58:51,0,0,0
14/11/2020 08:58:52,0,0,0
14/11/2020 08:58:53,0,0,0
14/11/2020 08:58:54,0,0,0
14/11/2020 08:58:55,0,0,0
14/11/2020 08:58:56,0,0,0
14/11/2020 08:58:57,0,0,0
14/11/2020 08:58:58,0,0,0
14/11/2020 08:58:59,0,0,0
14/11/2020 08:59:00,0,0,0
14/11/2020 08:59:01,0,0,0
14/11/2020 08:59:02,0,0,0
14/11/2020 08:59:03,0,0,0
14/11/2020 08:59:04,0,0,0
14/11/2020 08:59:05,0,0,0
14/11/2020 08:59:06,0,0,0
14/11/2020 08:59:07,0,0,0
14/11/2020 08:59:08,0,0,0
14/11/2020 08:59:09,0,0,0
14/11/2020 08:59:10,0,0,0
14/11/2020 08:59:11,0,0,0
14/11/2020 08:59:12,0,0,0
14/11/2020 08:59:13,0,0,0
14/11/2020 08:59:14,0,0,0
14/11/2020 08:59:15,0,0,0
14/11/2020 08:59:16,0,0,0
14/11/2020 08:59:17,0,0,0
14/11/2020 08:59:18,0,0,0
14/11/2020 08:59:19,0,0,0
14/11/2020 08:59:20,0,0,0
14/11/2020 08:59:21,0,0,0
14/11/2020 08:59:22,0,0,0
14/11/2020 08:59:23,0,0,0
14/11/2020 08:59:24,0,0,0
14/11/2020 08:59:25,0,0,0
14/11/2020 08:59:26,0,0,0
14/11/2020 08:59:27,0,0,0
14/11/2020 08:59:28,0,0,0
14/11/2020 08:59:29,0,0,0
14/11/2020 08:59:30,0,0,0
14/11/2020 08:59:31,0,0,0
14/11/2020 08:59:32,0,0,0
14/11/2020 08:59:33,0,0,0
14/11/2020 08:59:34,0,0,0
14/11/2020 08:59:35,0,0,0
14/11/2020 08:59:36,0,0,0
14/11/2020 08:59:37,0,0,0
14/11/2020 08:59:38,0,0,0
14/11/2020 08:59:39,0,0,0
14/11/2020 08:59:40,0,0,0
14/11/2020 08:59:41,0,0,0
14/11/2020 08:59:42,0,0,0
14/11/2020 08:59:43,0,0,0
14/11/2020 08:59:44,0,0,0
14/11/2020 08:59:45,0,0,0
14/11/2020 08:59:46,0,0,0
14/11/2020 08:59:47,0,0,0
14/11/2020 08:59:48,0,0,0
14/11/2020 08:59:49,0,0,0
14/11/2020 08:59:50,0,0,0
14/11/2020 08:59:51,0,0,0
14/11/2020 08:59:52,0,0,0
14/11/2020 08:59:53,0,0,0
14/11/2020 08:59:54,0,0,0
14/11/2020 08:59:55,0,0,0
14/11/2020 08:59:56,0,0,0
14/11/2020 08:59:57,0,0,0
14/11/2020 08:59:58,0,0,0
14/11/2020 08:59:59,0,0,0
14/11/2020 09:00:00,0,0,0
14/11/2020 09:00:01,0,0,0
14/11/2020 09:00:02,0,0,0
14/11/2020 09:00:03,0,0,0
14/11/2020 09:00:04,0,0,0
14/11/2020 09:00:05,0,0,0
14/11/2020 09:00:06,0,0,0
14/11/2020 09:00:07,0,0,0
14/11/2020 09:00:08,0,0,0
14/11/2020 09:00:09,0,0,0
14/11/2020 09:00:10,0,0,0
14/11/2020 09:00:11,0,0,0
14/11/2020 09:00:12,0,0,0
14/11/2020 09:00:13,0,0,0
14/11/2020 09:00:14,0,0,0
14/11/2020 09:00:15,0,0,0
14/11/2020 09:00:16,0,0,0
14/11/2020 09:00:17,0,0,0
14/11/2020 09:00:18,0,0,0
14/11/2020 09:00:19,0,0,0
14/11/2020 09:00:20,0,0,0
14/11/2020 09:00:21,0,0,0
14/11/2020 09:00:22,0,0,0
14/11/2020 09:00:23,0,0,0
14/11/2020 09:00:24,0,0,0
14/11/2020 09:00:25,0,0,0
14/11/2020 09:00:26,0,0,0
14/11/2020 09:00:27,0,0,0
14/11/2020 09:00:28,0,0,0
14/11/2020 09:00:29,0,0,0
14/11/2020 09:00:30,0,0,0
14/11/2020 09:00:31,0,0,0
14/11/2020 09:00:32,0,0,0
14/11/2020 09:00:33,0,0,0
14/11/2020 09:00:34,0,0,0
14/11/2020 09:00:35,0,0,0
14/11/2020 09:00:36,0,0,0
14/11/2020 09:00:37,0,0,0
14/11/2020 09:00:38,0,0,0
14/11/2020 09:00:39,0,0,0
14/11/2020 09:00:40,0,0,0
14/11/2020 09:00:41,0,0,0
14/11/2020 09:00:42,0,0,0
14/11/2020 09:00:43,0,0,0
14/11/2020 09:00:44,0,0,0
14/11/2020 09:00:45,0,0,0
14/11/2020 09:00:46,0,0,0
14/11/2020 09:00:47,0,0,0
14/11/2020 09:00:48,0,0,0
14/11/2020 09:00:49,0,0,0
14/11/2020 09:00:50,0,0,0
14/11/2020 09:00:51,0,0,0
14/11/2020 09:00:52,0,0,0
14/11/2020 09:00:53,0,0,0
14/11/2020 09:00:54,0,0,0
14/11/2020 09:00:55,0,0,0
14/11/2020 09:00:56,0,0,0
14/11/2020 09:00:57,0,0,0
14/11/2020 09:00:58,0,0,0
14/11/2020 09:00:59,0,0,0
14/11/2020 09:01:00,0,0,0
14/11/2020 09:01:01,0,0,0
14/11/2020 09:01:02,0,0,0
14/11/2020 09:01:03,0,0,0
14/11/2020 09:01:04,0,0,0
14/11/2020 09:01:05,0,0,0
14/11/2020 09:01:06,0,0,0
14/11/2020 09:01:07,0,0,0
14/11/2020 09:01:08,0,0,0
14/11/2020 09:01:09,0,0,0
14/11/2020 09:01:10,0,0,0
14/11/2020 09:01:11,0,0,0
14/11/2020 09:01:12,0,0,0
14/11/2020 09:01:13,0,0,0
14/11/2020 09:01:14,0,0,0
14/11/2020 09:01:15,0,0,0
14/11/2020 09:01:16,0,0,0
14/11/2020 09:01:17,0,0,0
14/11/2020 09:01:18,0,0,0
14/11/2020 09:01:19,0,0,0
14/11/2020 09:01:20,0,0,0
14/11/2020 09:01:21,0,0,0
14/11/2020 09:01:22,0,0,0
14/11/2020 09:01:23,0,0,0
14/11/2020 09:01:24,0,0,0
14/11/2020 09:01:25,0,0,0
14/11/2020 09:01:26,0,0,0
14/11/2020 09:01:27,0,0,0
14/11/2020 09:01:28,0,0,0
14/11/2020 09:01:29,0,0,0
14/11/2020 09:01:30,0,0,0
14/11/2020 09:01:31,0,0,0
14/11/2020 09:01:32,0,0,0
14/11/2020 09:01:33,0,0,0
14/11/2020 09:01:34,0,0,0
14/11/2020 09:01:35,0,0,0
14/11/2020 09:01:36,0,0,0
14/11/2020 09:01:37,0,0,0
14/11/2020 09:01:38,0,0,0
14/11/2020 09:01:39,0,0,0
14/11/2020 09:01:40,0,0,0
14/11/2020 09:01:41,0,0,0
14/11/2020 09:01:42,0,0,0
14/11/2020 09:01:43,0,0,0
14/11/2020 09:01:44,0,0,0
14/11/2020 09:01:45,0,0,0
14/11/2020 09:01:46,0,0,0
14/11/2020 09:01:47,0,0,0
14/11/2020 09:01:48,0,0,0
14/11/2020 09:01:49,0,0,0
14/11/2020 09:01:50,0,0,0
14/11/2020 09:01:51,0,0,0
14/11/2020 09:01:52,0,0,0
14/11/2020 09:01:53,0,0,0
14/11/2020 09:01:54,0,0,0
14/11/2020 09:01:55,0,0,0
14/11/2020 09:01:56,0,0,0
14/11/2020 09:01:57,0,0,0
14/11/2020 09:01:58,0,0,0
14/11/2020 09:01:59,0,0,0
14/11/2020 09:02:00,0,0,0
14/11/2020 09:02:01,0,0,0
14/11/2020 09:02:02,0,0,0
14/11/2020 09:02:03,0,0,0
14/11/2020 09:02:04,0,0,0
14/11/2020 09:02:05,0,0,0
14/11/2020 09:02:06,0,0,0
14/11/2020 09:02:07,0,0,0
14/11/2020 09:02:08,0,0,0
14/11/2020 09:02:09,0,0,0
14/11/2020 09:02:10,0,0,0
14/11/2020 09:02:11,0,0,0
14/11/2020 09:02:12,0,0,0
14/11/2020 09:02:13,0,0,0
14/11/2020 09:02:14,0,0,0
14/11/2020 09:02:15,0,0,0
14/11/2020 09:02:16,0,0,0
14/11/2020 09:02:17,0,0,0
14/11/2020 09:02:18,0,0,0
14/11/2020 09:02:19,0,0,0
14/11/2020 09:02:20,0,0,0
14/11/2020 09:02:21,0,0,0
14/11/2020 09:02:22,0,0,0
14/11/2020 09:02:23,0,0,0
14/11/2020 09:02:24,0,0,0
14/11/2020 09:02:25,0,0,0
14/11/2020 09:02:26,0,0,0
14/11/2020 09:02:27,0,0,0
14/11/2020 09:02:28,0,0,0
14/11/2020 09:02:29,0,0,0
14/11/2020 09:02:30,0,0,0
14/11/2020 09:02:31,0,0,0
14/11/2020 09:02:32,0,0,0
14/11/2020 09:02:33,0,0,0
14/11/2020 09:02:34,0,0,0
14/11/2020 09:02:35,0,0,0
14/11/2020 09:02:36,0,0,0
14/11/2020 09:02:37,0,0,0
14/11/2020 09:02:38,0,0,0
14/11/2020 09:02:39,0,0,0
14/11/2020 09:02:40,0,0,0
14/11/2020 09:02:41,0,0,0
14/11/2020 09:02:42,0,0,0
14/11/2020 09:02:43,0,0,0
14/11/2020 09:02:44,0,0,0
14/11/2020 09:02:45,0,0,0
14/11/2020 09:02:46,0,0,0
14/11/2020 09:02:47,0,0,0
14/11/2020 09:02:48,0,0,0
14/11/2020 09:02:49,0,0,0
14/11/2020 09:02:50,0,0,0
14/11/2020 09:02:51,0,0,0
14/11/2020 09:02:52,0,0,0
14/11/2020 09:02:53,0,0,0
14/11/2020 09:02:54,0,0,0
14/11/2020 09:02:55,0,0,0
14/11/2020 09:02:56,0,0,0
14/11/2020 09:02:57,0,0,0
14/11/2020 09:02:58,0,0,0
14/11/2020 09:02:59,0,0,0
14/11/2020 09:03:00,0,0,0
14/11/2020 09:03:01,0,0,0
14/11/2020 09:03:02,0,0,0
14/11/2020 09:03:03,0,0,0
14/11/2020 09:03:04,0,0,0
14/11/2020 09:03:05,0,0,0
14/11/2020 09:03:06,0,0,0
14/11/2020 09:03:07,0,0,0
14/11/2020 09:03:08,0,0,0
14/11/2020 09:03:09,0,0,0
14/11/2020 09:03:10,0,0,0
14/11/2020 09:03:11,0,0,0
14/11/2020 09:03:12,0,0,0
14/11/2020 09:03:13,0,0,0
14/11/2020 09:03:14,0,0,0
14/11/2020 09:03:15,0,0,0
14/11/2020 09:03:16,0,0,0
14/11/2020 09:03:17,0,0,0
14/11/2020 09:03:18,0,0,0
14/11/2020 09:03:19,0,0,0
14/11/2020 09:03:20,0,0,0
14/11/2020 09:03:21,0,0,0
14/11/2020 09:03:22,0,0,0
14/11/2020 09:03:23,0,0,0
14/11/2020 09:03:24,0,0,0
14/11/2020 09:03:25,0,0,0
14/11/2020 09:03:26,0,0,0
14/11/2020 09:03:27,0,0,0
14/11/2020 09:03:28,0,0,0
14/11/2020 09:03:29,0,0,0
14/11/2020 09:03:30,0,0,0
14/11/2020 09:03:31,0,0,0
14/11/2020 09:03:32,0,0,0
14/11/2020 09:03:33,0,0,0
14/11/2020 09:03:34,0,0,0
14/11/2020 09:03:35,0,0,0
14/11/2020 09:03:36,0,0,0
14/11/2020 09:03:37,0,0,0
14/11/2020 09:03:38,0,0,0
14/11/2020 09:03:39,0,0,0
14/11/2020 09:03:40,0,0,0
14/11/2020 09:03:41,0,0,0
14/11/2020 09:03:42,0,0,0
14/11/2020 09:03:43,0,0,0
14/11/2020 09:03:44,0,0,0
14/11/2020 09:03:45,0,0,0
14/11/2020 09:03:46,0,0,0
14/11/2020 09:03:47,0,0,0
14/11/2020 09:03:48,0,0,0
14/11/2020 09:03:49,0,0,0
14/11/2020 09:03:50,0,0,0
14/11/2020 09:03:51,0,0,0
14/11/2020 09:03:52,0,0,0
14/11/2020 09:03:53,0,0,0
14/11/2020 09:03:54,0,0,0
14/11/2020 09:03:55,0,0,0
14/11/2020 09:03:56,0,0,0
14/11/2020 09:03:57,0,0,0
14/11/2020 09:03:58,0,0,0
14/11/2020 09:03:59,0,0,0
14/11/2020 09:04:00,0,0,0
14/11/2020 09:04:01,0,0,0
14/11/2020 09:04:02,0,0,0
14/11/2020 09:04:03,0,0,0
14/11/2020 09:04:04,0,0,0
14/11/2020 09:04:05,0,0,0
14/11/2020 09:04:06,0,0,0
14/11/2020 09:04:07,0,0,0
14/11/2020 09:04:08,0,0,0
14/11/2020 09:04:09,0,0,0
14/11/2020 09:04:10,0,0,0
14/11/2020 09:04:11,0,0,0
14/11/2020 09:04:12,0,0,0
14/11/2020 09:04:13,0,0,0
14/11/2020 09:04:14,0,0,0
14/11/2020 09:04:15,0,0,0
14/11/2020 09:04:16,0,0,0
14/11/2020 09:04:17,0,0,0
14/11/2020 09:04:18,0,0,0
14/11/2020 09:04:19,0,0,0
14/11/2020 09:04:20,0,0,0
14/11/2020 09:04:21,0,0,0
14/11/2020 09:04:22,0,0,0
14/11/2020 09:04:23,0,0,0
14/11/2020 09:04:24,0,0,0
14/11/2020 09:04:25,0,0,0
14/11/2020 09:04:26,0,0,0
14/11/2020 09:04:27,0,0,0
14/11/2020 09:04:28,0,0,0
14/11/2020 09:04:29,0,0,0
14/11/2020 09:04:30,0,0,0
14/11/2020 09:04:31,0,0,0
14/11/2020 09:04:32,0,0,0
14/11/2020 09:04:33,0,0,0
14/11/2020 09:04:34,0,0,0
14/11/2020 09:04:35,0,0,0
14/11/2020 09:04:36,0,0,0
14/11/2020 09:04:37,0,0,0
14/11/2020 09:04:38,0,0,0
14/11/2020 09:04:39,0,0,0
14/11/2020 09:04:40,0,0,0
14/11/2020 09:04:41,0,0,0
14/11/2020 09:04:42,0,0,0
14/11/2020 09:04:43,0,0,0
14/11/2020 09:04:44,0,0,0
14/11/2020 09:04:45,0,0,0
14/11/2020 09:04:46,0,0,0
14/11/2020 09:04:47,0,0,0
14/11/2020 09:04:48,0,0,0
14/11/2020 09:04:49,0,0,0
14/11/2020 09:04:50,0,0,0
14/11/2020 09:04:51,0,0,0
14/11/2020 09:04:52,0,0,0
14/11/2020 09:04:53,0,0,0
14/11/2020 09:04:54,0,0,0
14/11/2020 09:04:55,0,0,0
14/11/2020 09:04:56,0,0,0
14/11/2020 09:04:57,0,0,0
14/11/2020 09:04:58,0,0,0
14/11/2020 09:04:59,0,0,0
14/11/2020 09:05:00,0,0,0
14/11/2020 09:05:01,0,0,0
14/11/2020 09:05:02,0,0,0
14/11/2020 09:05:03,0,0,0
14/11/2020 09:05:04,0,0,0
14/11/2020 09:05:05,0,0,0
14/11/2020 09:05:06,0,0,0
14/11/2020 09:05:07,0,0,0
14/11/2020 09:05:08,0,0,0
14/11/2020 09:05:09,0,0,0
14/11/2020 09:05:10,0,0,0
14/11/2020 09:05:11,0,0,0
14/11/2020 09:05:12,0,0,0
14/11/2020 09:05:13,0,0,0
14/11/2020 09:05:14,0,0,0
14/11/2020 09:05:15,0,0,0
14/11/2020 09:05:16,0,0,0
14/11/2020 09:05:17,0,0,0
14/11/2020 09:05:18,0,0,0
14/11/2020 09:05:19,0,0,0
14/11/2020 09:05:20,0,0,0
14/11/2020 09:05:21,0,0,0
14/11/2020 09:05:22,0,0,0
14/11/2020 09:05:23,0,0,0
14/11/2020 09:05:24,0,0,0
14/11/2020 09:05:25,0,0,0
14/11/2020 09:05:26,0,0,0
14/11/2020 09:05:27,0,0,0
14/11/2020 09:05:28,0,0,0
14/11/2020 09:05:29,0,0,0
14/11/2020 09:05:30,0,0,0
14/11/2020 09:05:31,0,0,0
14/11/2020 09:05:32,0,0,0
14/11/2020 09:05:33,0,0,0
14/11/2020 09:05:34,0,0,0
14/11/2020 09:05:35,0,0,0
14/11/2020 09:05:36,0,0,0
14/11/2020 09:05:37,0,0,0
14/11/2020 09:05:38,0,0,0
14/11/2020 09:05:39,0,0,0
14/11/2020 09:05:40,0,0,0
14/11/2020 09:05:41,0,0,0
14/11/2020 09:05:42,0,0,0
14/11/2020 09:05:43,0,0,0
14/11/2020 09:05:44,0,0,0
14/11/2020 09:05:45,0,0,0
14/11/2020 09:05:46,0,0,0
14/11/2020 09:05:47,0,0,0
14/11/2020 09:05:48,0,0,0
14/11/2020 09:05:49,0,0,0
14/11/2020 09:05:50,0,0,0
14/11/2020 09:05:51,0,0,0
14/11/2020 09:05:52,0,0,0
14/11/2020 09:05:53,0,0,0
14/11/2020 09:05:54,0,0,0
14/11/2020 09:05:55,0,0,0
14/11/2020 09:05:56,0,0,0
14/11/2020 09:05:57,0,0,0
14/11/2020 09:05:58,0,0,0
14/11/2020 09:05:59,0,0,0
14/11/2020 09:06:00,0,0,0
14/11/2020 09:06:01,0,0,0
14/11/2020 09:06:02,0,0,0
14/11/2020 09:06:03,0,0,0
14/11/2020 09:06:04,0,0,0
14/11/2020 09:06:05,0,0,0
14/11/2020 09:06:06,0,0,0
14/11/2020 09:06:07,0,0,0
14/11/2020 09:06:08,0,0,0
14/11/2020 09:06:09,0,0,0
14/11/2020 09:06:10,0,0,0
14/11/2020 09:06:11,0,0,0
14/11/2020 09:06:12,0,0,0
14/11/2020 09:06:13,0,0,0
14/11/2020 09:06:14,0,0,0
14/11/2020 09:06:15,0,0,0
14/11/2020 09:06:16,0,0,0
14/11/2020 09:06:17,0,0,0
14/11/2020 09:06:18,0,0,0
14/11/2020 09:06:19,0,0,0
14/11/2020 09:06:20,0,0,0
14/11/2020 09:06:21,0,0,0
14/11/2020 09:06:22,0,0,0
14/11/2020 09:06:23,0,0,0
14/11/2020 09:06:24,0,0,0
14/11/2020 09:06:25,0,0,0
14/11/2020 09:06:26,0,0,0
14/11/2020 09:06:27,0,0,0
14/11/2020 09:06:28,0,0,0
14/11/2020 09:06:29,0,0,0
14/11/2020 09:06:30,0,0,0
14/11/2020 09:06:31,0,0,0
14/11/2020 09:06:32,0,0,0
14/11/2020 09:06:33,0,0,0
14/11/2020 09:06:34,0,0,0
14/11/2020 09:06:35,0,0,0
14/11/2020 09:06:36,0,0,0
14/11/2020 09:06:37,0,0,0
14/11/2020 09:06:38,0,0,0
14/11/2020 09:06:39,0,0,0
14/11/2020 09:06:40,0,0,0
14/11/2020 09:06:41,0,0,0
14/11/2020 09:06:42,0,0,0
14/11/2020 09:06:43,0,0,0
14/11/2020 09:06:44,0,0,0
14/11/2020 09:06:45,0,0,0
14/11/2020 09:06:46,0,0,0
14/11/2020 09:06:47,0,0,0
14/11/2020 09:06:48,0,0,0
14/11/2020 09:06:49,0,0,0
14/11/2020 09:06:50,0,0,0
14/11/2020 09:06:51,0,0,0
14/11/2020 09:06:52,0,0,0
14/11/2020 09:06:53,0,0,0
14/11/2020 09:06:54,0,0,0
14/11/2020 09:06:55,0,0,0
14/11/2020 09:06:56,0,0,0
14/11/2020 09:06:57,0,0,0
14/11/2020 09:06:58,0,0,0
14/11/2020 09:06:59,0,0,0
14/11/2020 09:07:00,0,0,0
14/11/2020 09:07:01,0,0,0
14/11/2020 09:07:02,0,0,0
14/11/2020 09:07:03,0,0,0
14/11/2020 09:07:04,0,0,0
14/11/2020 09:07:05,0,0,0
14/11/2020 09:07:06,0,0,0
14/11/2020 09:07:07,0,0,0
14/11/2020 09:07:08,0,0,0
14/11/2020 09:07:09,0,0,0
14/11/2020 09:07:10,0,0,0
14/11/2020 09:07:11,0,0,0
14/11/2020 09:07:12,0,0,0
14/11/2020 09:07:13,0,0,0
14/11/2020 09:07:14,0,0,0
14/11/2020 09:07:15,0,0,0
14/11/2020 09:07:16,0,0,0
14/11/2020 09:07:17,0,0,0
14/11/2020 09:07:18,0,0,0
14/11/2020 09:07:19,0,0,0
14/11/2020 09:07:20,0,0,0
14/11/2020 09:07:21,0,0,0
14/11/2020 09:07:22,0,0,0
14/11/2020 09:07:23,0,0,0
14/11/2020 09:07:24,0,0,0
14/11/2020 09:07:25,0,0,0
14/11/2020 09:07:26,0,0,0
14/11/2020 09:07:27,0,0,0
14/11/2020 09:07:28,0,0,0
14/11/2020 09:07:29,0,0,0
14/11/2020 09:07:30,0,0,0
14/11/2020 09:07:31,0,0,0
14/11/2020 09:07:32,0,0,0
14/11/2020 09:07:33,0,0,0
14/11/2020 09:07:34,0,0,0
14/11/2020 09:07:35,0,0,0
14/11/2020 09:07:36,0,0,0
14/11/2020 09:07:37,0,0,0
14/11/2020 09:07:38,0,0,0
14/11/2020 09:07:39,0,0,0
14/11/2020 09:07:40,0,0,0
14/11/2020 09:07:41,0,0,0
14/11/2020 09:07:42,0,0,0
14/11/2020 09:07:43,0,0,0
14/11/2020 09:07:44,0,0,0
14/11/2020 09:07:45,0,0,0
14/11/2020 09:07:46,0,0,0
14/11/2020 09:07:47,0,0,0
14/11/2020 09:07:48,0,0,0
14/11/2020 09:07:49,0,0,0
14/11/2020 09:07:50,0,0,0
14/11/2020 09:07:51,0,0,0
14/11/2020 09:07:52,0,0,0
14/11/2020 09:07:53,0,0,0
14/11/2020 09:07:54,0,0,0
14/11/2020 09:07:55,0,0,0
14/11/2020 09:07:56,0,0,0
14/11/2020 09:07:57,0,0,0
14/11/2020 09:07:58,0,0,0
14/11/2020 09:07:59,0,0,0
14/11/2020 09:08:00,0,0,0
14/11/2020 09:08:01,0,0,0
14/11/2020 09:08:02,0,0,0
14/11/2020 09:08:03,0,0,0
14/11/2020 09:08:04,0,0,0
14/11/2020 09:08:05,0,0,0
14/11/2020 09:08:06,0,0,0
14/11/2020 09:08:07,0,0,0
14/11/2020 09:08:08,0,0,0
14/11/2020 09:08:09,0,0,0
14/11/2020 09:08:10,0,0,0
14/11/2020 09:08:11,0,0,0
14/11/2020 09:08:12,0,0,0
14/11/2020 09:08:13,0,0,0
14/11/2020 09:08:14,0,0,0
14/11/2020 09:08:15,0,0,0
14/11/2020 09:08:16,0,0,0
14/11/2020 09:08:17,0,0,0
14/11/2020 09:08:18,0,0,0
14/11/2020 09:08:19,0,0,0
14/11/2020 09:08:20,0,0,0
14/11/2020 09:08:21,0,0,0
14/11/2020 09:08:22,0,0,0
14/11/2020 09:08:23,0,0,0
14/11/2020 09:08:24,0,0,0
14/11/2020 09:08:25,0,0,0
14/11/2020 09:08:26,0,0,0
14/11/2020 09:08:27,0,0,0
14/11/2020 09:08:28,0,0,0
14/11/2020 09:08:29,0,0,0
14/11/2020 09:08:30,0,0,0
14/11/2020 09:08:31,0,0,0
14/11/2020 09:08:32,0,0,0
14/11/2020 09:08:33,0,0,0
14/11/2020 09:08:34,0,0,0
14/11/2020 09:08:35,0,0,0
14/11/2020 09:08:36,0,0,0
14/11/2020 09:08:37,0,0,0
14/11/2020 09:08:38,0,0,0
14/11/2020 09:08:39,0,0,0
14/11/2020 09:08:40,0,0,0
14/11/2020 09:08:41,0,0,0
14/11/2020 09:08:42,0,0,0
14/11/2020 09:08:43,0,0,0
14/11/2020 09:08:44,0,0,0
14/11/2020 09:08:45,0,0,0
14/11/2020 09:08:46,0,0,0
14/11/2020 09:08:47,0,0,0
14/11/2020 09:08:48,0,0,0
14/11/2020 09:08:49,0,0,0
14/11/2020 09:08:50,0,0,0
14/11/2020 09:08:51,0,0,0
14/11/2020 09:08:52,0,0,0
14/11/2020 09:08:53,0,0,0
14/11/2020 09:08:54,0,0,0
14/11/2020 09:08:55,0,0,0
14/11/2020 09:08:56,0,0,0
14/11/2020 09:08:57,0,0,0
14/11/2020 09:08:58,0,0,0
14/11/2020 09:08:59,0,0,0
14/11/2020 09:09:00,0,0,0
14/11/2020 09:09:01,0,0,0
14/11/2020 09:09:02,0,0,0
14/11/2020 09:09:03,0,0,0
14/11/2020 09:09:04,0,0,0
14/11/2020 09:09:05,0,0,0
14/11/2020 09:09:06,0,0,0
14/11/2020 09:09:07,0,0,0
14/11/2020 09:09:08,0,0,0
14/11/2020 09:09:09,0,0,0
14/11/2020 09:09:10,0,0,0
14/11/2020 09:09:11,0,0,0
14/11/2020 09:09:12,0,0,0
14/11/2020 09:09:13,0,0,0
14/11/2020 09:09:14,0,0,0
14/11/2020 09:09:15,0,0,0
14/11/2020 09:09:16,0,0,0
14/11/2020 09:09:17,0,0,0
14/11/2020 09:09:18,0,0,0
14/11/2020 09:09:19,0,0,0
14/11/2020 09:09:20,0,0,0
14/11/2020 09:09:21,0,0,0
14/11/2020 09:09:22,0,0,0
14/11/2020 09:09:23,0,0,0
14/11/2020 09:09:24,0,0,0
14/11/2020 09:09:25,0,0,0
14/11/2020 09:09:26,0,0,0
14/11/2020 09:09:27,0,0,0
14/11/2020 09:09:28,0,0,0
14/11/2020 09:09:29,0,0,0
14/11/2020 09:09:30,0,0,0
14/11/2020 09:09:31,0,0,0
14/11/2020 09:09:32,0,0,0
14/11/2020 09:09:33,0,0,0
14/11/2020 09:09:34,0,0,0
14/11/2020 09:09:35,0,0,0
14/11/2020 09:09:36,0,0,0
14/11/2020 09:09:37,0,0,0
14/11/2020 09:09:38,0,0,0
14/11/2020 09:09:39,0,0,0
14/11/2020 09:09:40,0,0,0
14/11/2020 09:09:41,0,0,0
14/11/2020 09:09:42,0,0,0
14/11/2020 09:09:43,0,0,0
14/11/2020 09:09:44,0,0,0
14/11/2020 09:09:45,0,0,0
14/11/2020 09:09:46,0,0,0
14/11/2020 09:09:47,0,0,0
14/11/2020 09:09:48,0,0,0
14/11/2020 09:09:49,0,0,0
14/11/2020 09:09:50,0,0,0
14/11/2020 09:09:51,0,0,0
14/11/2020 09:09:52,0,0,0
14/11/2020 09:09:53,0,0,0
14/11/2020 09:09:54,0,0,0
14/11/2020 09:09:55,0,0,0
14/11/2020 09:09:56,0,0,0
14/11/2020 09:09:57,0,0,0
14/11/2020 09:09:58,0,0,0
14/11/2020 09:09:59,0,0,0
14/11/2020 09:10:00,0,0,0
14/11/2020 09:10:01,0,0,0
14/11/2020 09:10:02,0,0,0
14/11/2020 09:10:03,0,0,0
14/11/2020 09:10:04,0,0,0
14/11/2020 09:10:05,0,0,0
14/11/2020 09:10:06,0,0,0
14/11/2020 09:10:07,0,0,0
14/11/2020 09:10:08,0,0,0
14/11/2020 09:10:09,0,0,0
14/11/2020 09:10:10,0,0,0
14/11/2020 09:10:11,0,0,0
14/11/2020 09:10:12,0,0,0
14/11/2020 09:10:13,0,0,0
14/11/2020 09:10:14,0,0,0
14/11/2020 09:10:15,0,0,0
14/11/2020 09:10:16,0,0,0
14/11/2020 09:10:17,0,0,0
14/11/2020 09:10:18,0,0,0
14/11/2020 09:10:19,0,0,0
14/11/2020 09:10:20,0,0,0
14/11/2020 09:10:21,0,0,0
14/11/2020 09:10:22,0,0,0
14/11/2020 09:10:23,0,0,0
14/11/2020 09:10:24,0,0,0
14/11/2020 09:10:25,0,0,0
14/11/2020 09:10:26,0,0,0
14/11/2020 09:10:27,0,0,0
14/11/2020 09:10:28,0,0,0
14/11/2020 09:10:29,0,0,0
14/11/2020 09:10:30,0,0,0
14/11/2020 09:10:31,0,0,0
14/11/2020 09:10:32,0,0,0
14/11/2020 09:10:33,0,0,0
14/11/2020 09:10:34,0,0,0
14/11/2020 09:10:35,0,0,0
14/11/2020 09:10:36,0,0,0
14/11/2020 09:10:37,0,0,0
14/11/2020 09:10:38,0,0,0
14/11/2020 09:10:39,0,0,0
14/11/2020 09:10:40,0,0,0
14/11/2020 09:10:41,0,0,0
14/11/2020 09:10:42,0,0,0
14/11/2020 09:10:43,0,0,0
14/11/2020 09:10:44,0,0,0
14/11/2020 09:10:45,0,0,0
14/11/2020 09:10:46,0,0,0
14/11/2020 09:10:47,0,0,0
14/11/2020 09:10:48,0,0,0
14/11/2020 09:10:49,0,0,0
14/11/2020 09:10:50,0,0,0
14/11/2020 09:10:51,0,0,0
14/11/2020 09:10:52,0,0,0
14/11/2020 09:10:53,0,0,0
14/11/2020 09:10:54,0,0,0
14/11/2020 09:10:55,0,0,0
14/11/2020 09:10:56,0,0,0
14/11/2020 09:10:57,0,0,0
14/11/2020 09:10:58,0,0,0
14/11/2020 09:10:59,0,0,0
14/11/2020 09:11:00,0,0,0
14/11/2020 09:11:01,0,0,0
14/11/2020 09:11:02,0,0,0
14/11/2020 09:11:03,0,0,0
14/11/2020 09:11:04,0,0,0
14/11/2020 09:11:05,0,0,0
14/11/2020 09:11:06,0,0,0
14/11/2020 09:11:07,0,0,0
14/11/2020 09:11:08,0,0,0
14/11/2020 09:11:09,0,0,0
14/11/2020 09:11:10,0,0,0
14/11/2020 09:11:11,0,0,0
14/11/2020 09:11:12,0,0,0
14/11/2020 09:11:13,0,0,0
14/11/2020 09:11:14,0,0,0
14/11/2020 09:11:15,0,0,0
14/11/2020 09:11:16,0,0,0
14/11/2020 09:11:17,0,0,0
14/11/2020 09:11:18,0,0,0
14/11/2020 09:11:19,0,0,0
14/11/2020 09:11:20,0,0,0
14/11/2020 09:11:21,0,0,0
14/11/2020 09:11:22,0,0,0
14/11/2020 09:11:23,0,0,0
14/11/2020 09:11:24,0,0,0
14/11/2020 09:11:25,0,0,0
14/11/2020 09:11:26,0,0,0
14/11/2020 09:11:27,0,0,0
14/11/2020 09:11:28,0,0,0
14/11/2020 09:11:29,0,0,0
14/11/2020 09:11:30,0,0,0
14/11/2020 09:11:31,0,0,0
14/11/2020 09:11:32,0,0,0
14/11/2020 09:11:33,0,0,0
14/11/2020 09:11:34,0,0,0
14/11/2020 09:11:35,0,0,0
14/11/2020 09:11:36,0,0,0
14/11/2020 09:11:37,0,0,0
14/11/2020 09:11:38,0,0,0
14/11/2020 09:11:39,0,0,0
14/11/2020 09:11:40,0,0,0
14/11/2020 09:11:41,0,0,0
14/11/2020 09:11:42,0,0,0
14/11/2020 09:11:43,0,0,0
14/11/2020 09:11:44,0,0,0
14/11/2020 09:11:45,0,0,0
14/11/2020 09:11:46,0,0,0
14/11/2020 09:11:47,0,0,0
14/11/2020 09:11:48,0,0,0
14/11/2020 09:11:49,0,0,0
14/11/2020 09:11:50,0,0,0
14/11/2020 09:11:51,0,0,0
14/11/2020 09:11:52,0,0,0
14/11/2020 09:11:53,0,0,0
14/11/2020 09:11:54,0,0,0
14/11/2020 09:11:55,0,0,0
14/11/2020 09:11:56,0,0,0
14/11/2020 09:11:57,0,0,0
14/11/2020 09:11:58,0,0,0
14/11/2020 09:11:59,0,0,0
14/11/2020 09:12:00,0,0,0
14/11/2020 09:12:01,0,0,0
14/11/2020 09:12:02,0,0,0
14/11/2020 09:12:03,0,0,0
14/11/2020 09:12:04,0,0,0
14/11/2020 09:12:05,0,0,0
14/11/2020 09:12:06,0,0,0
14/11/2020 09:12:07,0,0,0
14/11/2020 09:12:08,0,0,0
14/11/2020 09:12:09,0,0,0
14/11/2020 09:12:10,0,0,0
14/11/2020 09:12:11,0,0,0
14/11/2020 09:12:12,0,0,0
14/11/2020 09:12:13,0,0,0
14/11/2020 09:12:14,0,0,0
14/11/2020 09:12:15,0,0,0
14/11/2020 09:12:16,0,0,0
14/11/2020 09:12:17,0,0,0
14/11/2020 09:12:18,0,0,0
14/11/2020 09:12:19,0,0,0
14/11/2020 09:12:20,0,0,0
14/11/2020 09:12:21,0,0,0
14/11/2020 09:12:22,0,0,0
14/11/2020 09:12:23,0,0,0
14/11/2020 09:12:24,0,0,0
14/11/2020 09:12:25,0,0,0
14/11/2020 09:12:26,0,0,0
14/11/2020 09:12:27,0,0,0
14/11/2020 09:12:28,0,0,0
14/11/2020 09:12:29,0,0,0
14/11/2020 09:12:30,0,0,0
14/11/2020 09:12:31,0,0,0
14/11/2020 09:12:32,0,0,0
14/11/2020 09:12:33,0,0,0
14/11/2020 09:12:34,0,0,0
14/11/2020 09:12:35,0,0,0
14/11/2020 09:12:36,0,0,0
14/11/2020 09:12:37,0,0,0
14/11/2020 09:12:38,0,0,0
14/11/2020 09:12:39,0,0,0
14/11/2020 09:12:40,0,0,0
14/11/2020 09:12:41,0,0,0
14/11/2020 09:12:42,0,0,0
14/11/2020 09:12:43,0,0,0
14/11/2020 09:12:44,0,0,0
14/11/2020 09:12:45,0,0,0
14/11/2020 09:12:46,0,0,0
14/11/2020 09:12:47,0,0,0
14/11/2020 09:12:48,0,0,0
14/11/2020 09:12:49,0,0,0
14/11/2020 09:12:50,0,0,0
14/11/2020 09:12:51,0,0,0
14/11/2020 09:12:52,0,0,0
14/11/2020 09:12:53,0,0,0
14/11/2020 09:12:54,0,0,0
14/11/2020 09:12:55,0,0,0
14/11/2020 09:12:56,0,0,0
14/11/2020 09:12:57,0,0,0
14/11/2020 09:12:58,0,0,0
14/11/2020 09:12:59,0,0,0
14/11/2020 09:13:00,0,0,0
14/11/2020 09:13:01,0,0,0
14/11/2020 09:13:02,0,0,0
14/11/2020 09:13:03,0,0,0
14/11/2020 09:13:04,0,0,0
14/11/2020 09:13:05,0,0,0
14/11/2020 09:13:06,0,0,0
14/11/2020 09:13:07,0,0,0
14/11/2020 09:13:08,0,0,0
14/11/2020 09:13:09,0,0,0
14/11/2020 09:13:10,0,0,0
14/11/2020 09:13:11,0,0,0
14/11/2020 09:13:12,0,0,0
14/11/2020 09:13:13,0,0,0
14/11/2020 09:13:14,0,0,0
14/11/2020 09:13:15,0,0,0
14/11/2020 09:13:16,0,0,0
14/11/2020 09:13:17,0,0,0
14/11/2020 09:13:18,0,0,0
14/11/2020 09:13:19,0,0,0
14/11/2020 09:13:20,0,0,0
14/11/2020 09:13:21,0,0,0
14/11/2020 09:13:22,0,0,0
14/11/2020 09:13:23,0,0,0
14/11/2020 09:13:24,0,0,0
14/11/2020 09:13:25,0,0,0
14/11/2020 09:13:26,0,0,0
14/11/2020 09:13:27,0,0,0
14/11/2020 09:13:28,0,0,0
14/11/2020 09:13:29,0,0,0
14/11/2020 09:13:30,0,0,0
14/11/2020 09:13:31,0,0,0
14/11/2020 09:13:32,0,0,0
14/11/2020 09:13:33,0,0,0
14/11/2020 09:13:34,0,0,0
14/11/2020 09:13:35,0,0,0
14/11/2020 09:13:36,0,0,0
14/11/2020 09:13:37,0,0,0
14/11/2020 09:13:38,0,0,0
14/11/2020 09:13:39,0,0,0
14/11/2020 09:13:40,0,0,0
14/11/2020 09:13:41,0,0,0
14/11/2020 09:13:42,0,0,0
14/11/2020 09:13:43,0,0,0
14/11/2020 09:13:44,0,0,0
14/11/2020 09:13:45,0,0,0
14/11/2020 09:13:46,0,0,0
14/11/2020 09:13:47,0,0,0
14/11/2020 09:13:48,0,0,0
14/11/2020 09:13:49,0,0,0
14/11/2020 09:13:50,0,0,0
14/11/2020 09:13:51,0,0,0
14/11/2020 09:13:52,0,0,0
14/11/2020 09:13:53,0,0,0
14/11/2020 09:13:54,0,0,0
14/11/2020 09:13:55,0,0,0
14/11/2020 09:13:56,0,0,0
14/11/2020 09:13:57,0,0,0
14/11/2020 09:13:58,0,0,0
14/11/2020 09:13:59,0,0,0
14/11/2020 09:14:00,0,0,0
14/11/2020 09:14:01,0,0,0
14/11/2020 09:14:02,0,0,0
14/11/2020 09:14:03,0,0,0
14/11/2020 09:14:04,0,0,0
14/11/2020 09:14:05,0,0,0
14/11/2020 09:14:06,0,0,0
14/11/2020 09:14:07,0,0,0
14/11/2020 09:14:08,0,0,0
14/11/2020 09:14:09,0,0,0
14/11/2020 09:14:10,0,0,0
14/11/2020 09:14:11,0,0,0
14/11/2020 09:14:12,0,0,0
14/11/2020 09:14:13,0,0,0
14/11/2020 09:14:14,0,0,0
14/11/2020 09:14:15,0,0,0
14/11/2020 09:14:16,0,0,0
14/11/2020 09:14:17,0,0,0
14/11/2020 09:14:18,0,0,0
14/11/2020 09:14:19,0,0,0
14/11/2020 09:14:20,0,0,0
14/11/2020 09:14:21,0,0,0
14/11/2020 09:14:22,0,0,0
14/11/2020 09:14:23,0,0,0
14/11/2020 09:14:24,0,0,0
14/11/2020 09:14:25,0,0,0
14/11/2020 09:14:26,0,0,0
14/11/2020 09:14:27,0,0,0
14/11/2020 09:14:28,0,0,0
14/11/2020 09:14:29,0,0,0
14/11/2020 09:14:30,0,0,0
14/11/2020 09:14:31,0,0,0
14/11/2020 09:14:32,0,0,0
14/11/2020 09:14:33,0,0,0
14/11/2020 09:14:34,0,0,0
14/11/2020 09:14:35,0,0,0
14/11/2020 09:14:36,0,0,0
14/11/2020 09:14:37,0,0,0
14/11/2020 09:14:38,0,0,0
14/11/2020 09:14:39,0,0,0
14/11/2020 09:14:40,0,0,0
14/11/2020 09:14:41,0,0,0
14/11/2020 09:14:42,0,0,0
14/11/2020 09:14:43,0,0,0
14/11/2020 09:14:44,0,0,0
14/11/2020 09:14:45,0,0,0
14/11/2020 09:14:46,0,0,0
14/11/2020 09:14:47,0,0,0
14/11/2020 09:14:48,0,0,0
14/11/2020 09:14:49,0,0,0
14/11/2020 09:14:50,0,0,0
14/11/2020 09:14:51,0,0,0
14/11/2020 09:14:52,0,0,0
14/11/2020 09:14:53,0,0,0
14/11/2020 09:14:54,0,0,0
14/11/2020 09:14:55,0,0,0
14/11/2020 09:14:56,0,0,0
14/11/2020 09:14:57,0,0,0
14/11/2020 09:14:58,0,0,0
14/11/2020 09:14:59,0,0,0
14/11/2020 09:15:00,0,0,0
14/11/2020 09:15:01,0,0,0
14/11/2020 09:15:02,0,0,0
14/11/2020 09:15:03,0,0,0
14/11/2020 09:15:04,0,0,0
14/11/2020 09:15:05,0,0,0
14/11/2020 09:15:06,0,0,0
14/11/2020 09:15:07,0,0,0
14/11/2020 09:15:08,0,0,0
14/11/2020 09:15:09,0,0,0
14/11/2020 09:15:10,0,0,0
14/11/2020 09:15:11,0,0,0
14/11/2020 09:15:12,0,0,0
14/11/2020 09:15:13,0,0,0
14/11/2020 09:15:14,0,0,0
14/11/2020 09:15:15,0,0,0
14/11/2020 09:15:16,0,0,0
14/11/2020 09:15:17,0,0,0
14/11/2020 09:15:18,0,0,0
14/11/2020 09:15:19,0,0,0
14/11/2020 09:15:20,0,0,0
14/11/2020 09:15:21,0,0,0
14/11/2020 09:15:22,0,0,0
14/11/2020 09:15:23,0,0,0
14/11/2020 09:15:24,0,0,0
14/11/2020 09:15:25,0,0,0
14/11/2020 09:15:26,0,0,0
14/11/2020 09:15:27,0,0,0
14/11/2020 09:15:28,0,0,0
14/11/2020 09:15:29,0,0,0
14/11/2020 09:15:30,0,0,0
14/11/2020 09:15:31,0,0,0
14/11/2020 09:15:32,0,0,0
14/11/2020 09:15:33,0,0,0
14/11/2020 09:15:34,0,0,0
14/11/2020 09:15:35,0,0,0
14/11/2020 09:15:36,0,0,0
14/11/2020 09:15:37,0,0,0
14/11/2020 09:15:38,0,0,0
14/11/2020 09:15:39,0,0,0
14/11/2020 09:15:40,0,0,0
14/11/2020 09:15:41,0,0,0
14/11/2020 09:15:42,0,0,0
14/11/2020 09:15:43,0,0,0
14/11/2020 09:15:44,0,0,0
14/11/2020 09:15:45,0,0,0
14/11/2020 09:15:46,0,0,0
14/11/2020 09:15:47,0,0,0
14/11/2020 09:15:48,0,0,0
14/11/2020 09:15:49,0,0,0
14/11/2020 09:15:50,0,0,0
14/11/2020 09:15:51,0,0,0
14/11/2020 09:15:52,0,0,0
14/11/2020 09:15:53,0,0,0
14/11/2020 09:15:54,0,0,0
14/11/2020 09:15:55,0,0,0
14/11/2020 09:15:56,0,0,0
14/11/2020 09:15:57,0,0,0
14/11/2020 09:15:58,0,0,0
14/11/2020 09:15:59,0,0,0
14/11/2020 09:16:00,0,0,0
14/11/2020 09:16:01,0,0,0
14/11/2020 09:16:02,0,0,0
14/11/2020 09:16:03,0,0,0
14/11/2020 09:16:04,0,0,0
14/11/2020 09:16:05,0,0,0
14/11/2020 09:16:06,0,0,0
14/11/2020 09:16:07,0,0,0
14/11/2020 09:16:08,0,0,0
14/11/2020 09:16:09,0,0,0
14/11/2020 09:16:10,0,0,0
14/11/2020 09:16:11,0,0,0
14/11/2020 09:16:12,0,0,0
14/11/2020 09:16:13,0,0,0
14/11/2020 09:16:14,0,0,0
14/11/2020 09:16:15,0,0,0
14/11/2020 09:16:16,0,0,0
14/11/2020 09:16:17,0,0,0
14/11/2020 09:16:18,0,0,0
14/11/2020 09:16:19,0,0,0
14/11/2020 09:16:20,0,0,0
14/11/2020 09:16:21,0,0,0
14/11/2020 09:16:22,0,0,0
14/11/2020 09:16:23,0,0,0
14/11/2020 09:16:24,0,0,0
14/11/2020 09:16:25,0,0,0
14/11/2020 09:16:26,0,0,0
14/11/2020 09:16:27,0,0,0
14/11/2020 09:16:28,0,0,0
14/11/2020 09:16:29,0,0,0
14/11/2020 09:16:30,0,0,0
14/11/2020 09:16:31,0,0,0
14/11/2020 09:16:32,0,0,0
14/11/2020 09:16:33,0,0,0
14/11/2020 09:16:34,0,0,0
14/11/2020 09:16:35,0,0,0
14/11/2020 09:16:36,0,0,0
14/11/2020 09:16:37,0,0,0
14/11/2020 09:16:38,0,0,0
14/11/2020 09:16:39,0,0,0
14/11/2020 09:16:40,0,0,0
14/11/2020 09:16:41,0,0,0
14/11/2020 09:16:42,0,0,0
14/11/2020 09:16:43,0,0,0
14/11/2020 09:16:44,0,0,0
14/11/2020 09:16:45,0,0,0
14/11/2020 09:16:46,0,0,0
14/11/2020 09:16:47,0,0,0
14/11/2020 09:16:48,0,0,0
14/11/2020 09:16:49,0,0,0
14/11/2020 09:16:50,0,0,0
14/11/2020 09:16:51,0,0,0
14/11/2020 09:16:52,0,0,0
14/11/2020 09:16:53,0,0,0
14/11/2020 09:16:54,0,0,0
14/11/2020 09:16:55,0,0,0
14/11/2020 09:16:56,0,0,0
14/11/2020 09:16:57,0,0,0
14/11/2020 09:16:58,0,0,0
14/11/2020 09:16:59,0,0,0
14/11/2020 09:17:00,0,0,0
14/11/2020 09:17:01,0,0,0
14/11/2020 09:17:02,0,0,0
14/11/2020 09:17:03,0,0,0
14/11/2020 09:17:04,0,0,0
14/11/2020 09:17:05,0,0,0
14/11/2020 09:17:06,0,0,0
14/11/2020 09:17:07,0,0,0
14/11/2020 09:17:08,0,0,0
14/11/2020 09:17:09,0,0,0
14/11/2020 09:17:10,0,0,0
14/11/2020 09:17:11,0,0,0
14/11/2020 09:17:12,0,0,0
14/11/2020 09:17:13,0,0,0
14/11/2020 09:17:14,0,0,0
14/11/2020 09:17:15,0,0,0
14/11/2020 09:17:16,0,0,0
14/11/2020 09:17:17,0,0,0
14/11/2020 09:17:18,0,0,0
14/11/2020 09:17:19,0,0,0
14/11/2020 09:17:20,0,0,0
14/11/2020 09:17:21,0,0,0
14/11/2020 09:17:22,0,0,0
14/11/2020 09:17:23,0,0,0
14/11/2020 09:17:24,0,0,0
14/11/2020 09:17:25,0,0,0
14/11/2020 09:17:26,0,0,0
14/11/2020 09:17:27,0,0,0
14/11/2020 09:17:28,0,0,0
14/11/2020 09:17:29,0,0,0
14/11/2020 09:17:30,0,0,0
14/11/2020 09:17:31,0,0,0
14/11/2020 09:17:32,0,0,0
14/11/2020 09:17:33,0,0,0
14/11/2020 09:17:34,0,0,0
14/11/2020 09:17:35,0,0,0
14/11/2020 09:17:36,0,0,0
14/11/2020 09:17:37,0,0,0
14/11/2020 09:17:38,0,0,0
14/11/2020 09:17:39,0,0,0
14/11/2020 09:17:40,0,0,0
14/11/2020 09:17:41,0,0,0
14/11/2020 09:17:42,0,0,0
14/11/2020 09:17:43,0,0,0
14/11/2020 09:17:44,0,0,0
14/11/2020 09:17:45,0,0,0
14/11/2020 09:17:46,0,0,0
14/11/2020 09:17:47,0,0,0
14/11/2020 09:17:48,0,0,0
14/11/2020 09:17:49,0,0,0
14/11/2020 09:17:50,0,0,0
14/11/2020 09:17:51,0,0,0
14/11/2020 09:17:52,0,0,0
14/11/2020 09:17:53,0,0,0
14/11/2020 09:17:54,0,0,0
14/11/2020 09:17:55,0,0,0
14/11/2020 09:17:56,0,0,0
14/11/2020 09:17:57,0,0,0
14/11/2020 09:17:58,0,0,0
14/11/2020 09:17:59,0,0,0
14/11/2020 09:18:00,0,0,0
14/11/2020 09:18:01,0,0,0
14/11/2020 09:18:02,0,0,0
14/11/2020 09:18:03,0,0,0
14/11/2020 09:18:04,0,0,0
14/11/2020 09:18:05,0,0,0
14/11/2020 09:18:06,0,0,0
14/11/2020 09:18:07,0,0,0
14/11/2020 09:18:08,0,0,0
14/11/2020 09:18:09,0,0,0
14/11/2020 09:18:10,0,0,0
14/11/2020 09:18:11,0,0,0
14/11/2020 09:18:12,0,0,0
14/11/2020 09:18:13,0,0,0
14/11/2020 09:18:14,0,0,0
14/11/2020 09:18:15,0,0,0
14/11/2020 09:18:16,0,0,0
14/11/2020 09:18:17,0,0,0
14/11/2020 09:18:18,0,0,0
14/11/2020 09:18:19,0,0,0
14/11/2020 09:18:20,0,0,0
14/11/2020 09:18:21,0,0,0
14/11/2020 09:18:22,0,0,0
14/11/2020 09:18:23,0,0,0
14/11/2020 09:18:24,0,0,0
14/11/2020 09:18:25,0,0,0
14/11/2020 09:18:26,0,0,0
14/11/2020 09:18:27,0,0,0
14/11/2020 09:18:28,0,0,0
14/11/2020 09:18:29,0,0,0
14/11/2020 09:18:30,0,0,0
14/11/2020 09:18:31,0,0,0
14/11/2020 09:18:32,0,0,0
14/11/2020 09:18:33,0,0,0
14/11/2020 09:18:34,0,0,0
14/11/2020 09:18:35,0,0,0
14/11/2020 09:18:36,0,0,0
14/11/2020 09:18:37,0,0,0
14/11/2020 09:18:38,0,0,0
14/11/2020 09:18:39,0,0,0
14/11/2020 09:18:40,0,0,0
14/11/2020 09:18:41,0,0,0
14/11/2020 09:18:42,0,0,0
14/11/2020 09:18:43,0,0,0
14/11/2020 09:18:44,0,0,0
14/11/2020 09:18:45,0,0,0
14/11/2020 09:18:46,0,0,0
14/11/2020 09:18:47,0,0,0
14/11/2020 09:18:48,0,0,0
14/11/2020 09:18:49,0,0,0
14/11/2020 09:18:50,0,0,0
14/11/2020 09:18:51,0,0,0
14/11/2020 09:18:52,0,0,0
14/11/2020 09:18:53,0,0,0
14/11/2020 09:18:54,0,0,0
14/11/2020 09:18:55,0,0,0
14/11/2020 09:18:56,0,0,0
14/11/2020 09:18:57,0,0,0
14/11/2020 09:18:58,0,0,0
14/11/2020 09:18:59,0,0,0
14/11/2020 09:19:00,0,0,0
14/11/2020 09:19:01,0,0,0
14/11/2020 09:19:02,0,0,0
14/11/2020 09:19:03,0,0,0
14/11/2020 09:19:04,0,0,0
14/11/2020 09:19:05,0,0,0
14/11/2020 09:19:06,0,0,0
14/11/2020 09:19:07,0,0,0
14/11/2020 09:19:08,0,0,0
14/11/2020 09:19:09,0,0,0
14/11/2020 09:19:10,0,0,0
14/11/2020 09:19:11,0,0,0
14/11/2020 09:19:12,0,0,0
14/11/2020 09:19:13,0,0,0
14/11/2020 09:19:14,0,0,0
14/11/2020 09:19:15,0,0,0
14/11/2020 09:19:16,0,0,0
14/11/2020 09:19:17,0,0,0
14/11/2020 09:19:18,0,0,0
14/11/2020 09:19:19,0,0,0
14/11/2020 09:19:20,0,0,0
14/11/2020 09:19:21,0,0,0
14/11/2020 09:19:22,0,0,0
14/11/2020 09:19:23,0,0,0
14/11/2020 09:19:24,0,0,0
14/11/2020 09:19:25,0,0,0
14/11/2020 09:19:26,0,0,0
14/11/2020 09:19:27,0,0,0
14/11/2020 09:19:28,0,0,0
14/11/2020 09:19:29,0,0,0
14/11/2020 09:19:30,0,0,0
14/11/2020 09:19:31,0,0,0
14/11/2020 09:19:32,0,0,0
14/11/2020 09:19:33,0,0,0
14/11/2020 09:19:34,0,0,0
14/11/2020 09:19:35,0,0,0
14/11/2020 09:19:36,0,0,0
14/11/2020 09:19:37,0,0,0
14/11/2020 09:19:38,0,0,0
14/11/2020 09:19:39,0,0,0
14/11/2020 09:19:40,0,0,0
14/11/2020 09:19:41,0,0,0
14/11/2020 09:19:42,0,0,0
14/11/2020 09:19:43,0,0,0
14/11/2020 09:19:44,0,0,0
14/11/2020 09:19:45,0,0,0
14/11/2020 09:19:46,0,0,0
14/11/2020 09:19:47,0,0,0
14/11/2020 09:19:48,0,0,0
14/11/2020 09:19:49,0,0,0
14/11/2020 09:19:50,0,0,0
14/11/2020 09:19:51,0,0,0
14/11/2020 09:19:52,0,0,0
14/11/2020 09:19:53,0,0,0
14/11/2020 09:19:54,0,0,0
14/11/2020 09:19:55,0,0,0
14/11/2020 09:19:56,0,0,0
14/11/2020 09:19:57,0,0,0
14/11/2020 09:19:58,0,0,0
14/11/2020 09:19:59,0,0,0
14/11/2020 09:20:00,0,0,0
14/11/2020 09:20:01,0,0,0
14/11/2020 09:20:02,0,0,0
14/11/2020 09:20:03,0,0,0
14/11/2020 09:20:04,0,0,0
14/11/2020 09:20:05,0,0,0
14/11/2020 09:20:06,0,0,0
14/11/2020 09:20:07,0,0,0
14/11/2020 09:20:08,0,0,0
14/11/2020 09:20:09,0,0,0
14/11/2020 09:20:10,0,0,0
14/11/2020 09:20:11,0,0,0
14/11/2020 09:20:12,0,0,0
14/11/2020 09:20:13,0,0,0
14/11/2020 09:20:14,0,0,0
14/11/2020 09:20:15,0,0,0
14/11/2020 09:20:16,0,0,0
14/11/2020 09:20:17,0,0,0
14/11/2020 09:20:18,0,0,0
14/11/2020 09:20:19,0,0,0
14/11/2020 09:20:20,0,0,0
14/11/2020 09:20:21,0,0,0
14/11/2020 09:20:22,0,0,0
14/11/2020 09:20:23,0,0,0
14/11/2020 09:20:24,0,0,0
14/11/2020 09:20:25,0,0,0
14/11/2020 09:20:26,0,0,0
14/11/2020 09:20:27,0,0,0
14/11/2020 09:20:28,0,0,0
14/11/2020 09:20:29,0,0,0
14/11/2020 09:20:30,0,0,0
14/11/2020 09:20:31,0,0,0
14/11/2020 09:20:32,0,0,0
14/11/2020 09:20:33,0,0,0
14/11/2020 09:20:34,0,0,0
14/11/2020 09:20:35,0,0,0
14/11/2020 09:20:36,0,0,0
14/11/2020 09:20:37,0,0,0
14/11/2020 09:20:38,0,0,0
14/11/2020 09:20:39,0,0,0
14/11/2020 09:20:40,0,0,0
14/11/2020 09:20:41,0,0,0
14/11/2020 09:20:42,0,0,0
14/11/2020 09:20:43,0,0,0
14/11/2020 09:20:44,0,0,0
14/11/2020 09:20:45,0,0,0
14/11/2020 09:20:46,0,0,0
14/11/2020 09:20:47,0,0,0
14/11/2020 09:20:48,0,0,0
14/11/2020 09:20:49,0,0,0
14/11/2020 09:20:50,0,0,0
14/11/2020 09:20:51,0,0,0
14/11/2020 09:20:52,0,0,0
14/11/2020 09:20:53,0,0,0
14/11/2020 09:20:54,0,0,0
14/11/2020 09:20:55,0,0,0
14/11/2020 09:20:56,0,0,0
14/11/2020 09:20:57,0,0,0
14/11/2020 09:20:58,0,0,0
14/11/2020 09:20:59,0,0,0
14/11/2020 09:21:00,0,0,0
14/11/2020 09:21:01,0,0,0
14/11/2020 09:21:02,0,0,0
14/11/2020 09:21:03,0,0,0
14/11/2020 09:21:04,0,0,0
14/11/2020 09:21:05,0,0,0
14/11/2020 09:21:06,0,0,0
14/11/2020 09:21:07,0,0,0
14/11/2020 09:21:08,0,0,0
14/11/2020 09:21:09,0,0,0
14/11/2020 09:21:10,0,0,0
14/11/2020 09:21:11,0,0,0
14/11/2020 09:21:12,0,0,0
14/11/2020 09:21:13,0,0,0
14/11/2020 09:21:14,0,0,0
14/11/2020 09:21:15,0,0,0
14/11/2020 09:21:16,0,0,0
14/11/2020 09:21:17,0,0,0
14/11/2020 09:21:18,0,0,0
14/11/2020 09:21:19,0,0,0
14/11/2020 09:21:20,0,0,0
14/11/2020 09:21:21,0,0,0
14/11/2020 09:21:22,0,0,0
14/11/2020 09:21:23,0,0,0
14/11/2020 09:21:24,0,0,0
14/11/2020 09:21:25,0,0,0
14/11/2020 09:21:26,0,0,0
14/11/2020 09:21:27,0,0,0
14/11/2020 09:21:28,0,0,0
14/11/2020 09:21:29,0,0,0
14/11/2020 09:21:30,0,0,0
14/11/2020 09:21:31,0,0,0
14/11/2020 09:21:32,0,0,0
14/11/2020 09:21:33,0,0,0
14/11/2020 09:21:34,0,0,0
14/11/2020 09:21:35,0,0,0
14/11/2020 09:21:36,0,0,0
14/11/2020 09:21:37,0,0,0
14/11/2020 09:21:38,0,0,0
14/11/2020 09:21:39,0,0,0
14/11/2020 09:21:40,0,0,0
14/11/2020 09:21:41,0,0,0
14/11/2020 09:21:42,0,0,0
14/11/2020 09:21:43,0,0,0
14/11/2020 09:21:44,0,0,0
14/11/2020 09:21:45,0,0,0
14/11/2020 09:21:46,0,0,0
14/11/2020 09:21:47,0,0,0
14/11/2020 09:21:48,0,0,0
14/11/2020 09:21:49,0,0,0
14/11/2020 09:21:50,0,0,0
14/11/2020 09:21:51,0,0,0
14/11/2020 09:21:52,0,0,0
14/11/2020 09:21:53,0,0,0
14/11/2020 09:21:54,0,0,0
14/11/2020 09:21:55,0,0,0
14/11/2020 09:21:56,0,0,0
14/11/2020 09:21:57,0,0,0
14/11/2020 09:21:58,0,0,0
14/11/2020 09:21:59,0,0,0
14/11/2020 09:22:00,0,0,0
14/11/2020 09:22:01,0,0,0
14/11/2020 09:22:02,0,0,0
14/11/2020 09:22:03,0,0,0
14/11/2020 09:22:04,0,0,0
14/11/2020 09:22:05,0,0,0
14/11/2020 09:22:06,0,0,0
14/11/2020 09:22:07,0,0,0
14/11/2020 09:22:08,0,0,0
14/11/2020 09:22:09,0,0,0
14/11/2020 09:22:10,0,0,0
14/11/2020 09:22:11,0,0,0
14/11/2020 09:22:12,0,0,0
14/11/2020 09:22:13,0,0,0
14/11/2020 09:22:14,0,0,0
14/11/2020 09:22:15,0,0,0
14/11/2020 09:22:16,0,0,0
14/11/2020 09:22:17,0,0,0
14/11/2020 09:22:18,0,0,0
14/11/2020 09:22:19,0,0,0
14/11/2020 09:22:20,0,0,0
14/11/2020 09:22:21,0,0,0
14/11/2020 09:22:22,0,0,0
14/11/2020 09:22:23,0,0,0
14/11/2020 09:22:24,0,0,0
14/11/2020 09:22:25,0,0,0
14/11/2020 09:22:26,0,0,0
14/11/2020 09:22:27,0,0,0
14/11/2020 09:22:28,0,0,0
14/11/2020 09:22:29,0,0,0
14/11/2020 09:22:30,0,0,0
14/11/2020 09:22:31,0,0,0
14/11/2020 09:22:32,0,0,0
14/11/2020 09:22:33,0,0,0
14/11/2020 09:22:34,0,0,0
14/11/2020 09:22:35,0,0,0
14/11/2020 09:22:36,0,0,0
14/11/2020 09:22:37,0,0,0
14/11/2020 09:22:38,0,0,0
14/11/2020 09:22:39,0,0,0
14/11/2020 09:22:40,0,0,0
14/11/2020 09:22:41,0,0,0
14/11/2020 09:22:42,0,0,0
14/11/2020 09:22:43,0,0,0
14/11/2020 09:22:44,0,0,0
14/11/2020 09:22:45,0,0,0
14/11/2020 09:22:46,0,0,0
14/11/2020 09:22:47,0,0,0
14/11/2020 09:22:48,0,0,0
14/11/2020 09:22:49,0,0,0
14/11/2020 09:22:50,0,0,0
14/11/2020 09:22:51,0,0,0
14/11/2020 09:22:52,0,0,0
14/11/2020 09:22:53,0,0,0
14/11/2020 09:22:54,0,0,0
14/11/2020 09:22:55,0,0,0
14/11/2020 09:22:56,0,0,0
14/11/2020 09:22:57,0,0,0
14/11/2020 09:22:58,0,0,0
14/11/2020 09:22:59,0,0,0
14/11/2020 09:23:00,0,0,0
14/11/2020 09:23:01,0,0,0
14/11/2020 09:23:02,0,0,0
14/11/2020 09:23:03,0,0,0
14/11/2020 09:23:04,0,0,0
14/11/2020 09:23:05,0,0,0
14/11/2020 09:23:06,0,0,0
14/11/2020 09:23:07,0,0,0
14/11/2020 09:23:08,0,0,0
14/11/2020 09:23:09,0,0,0
14/11/2020 09:23:10,0,0,0
14/11/2020 09:23:11,0,0,0
14/11/2020 09:23:12,0,0,0
14/11/2020 09:23:13,0,0,0
14/11/2020 09:23:14,0,0,0
14/11/2020 09:23:15,0,0,0
14/11/2020 09:23:16,0,0,0
14/11/2020 09:23:17,0,0,0
14/11/2020 09:23:18,0,0,0
14/11/2020 09:23:19,0,0,0
14/11/2020 09:23:20,0,0,0
14/11/2020 09:23:21,0,0,0
14/11/2020 09:23:22,0,0,0
14/11/2020 09:23:23,0,0,0
14/11/2020 09:23:24,0,0,0
14/11/2020 09:23:25,0,0,0
14/11/2020 09:23:26,0,0,0
14/11/2020 09:23:27,0,0,0
14/11/2020 09:23:28,0,0,0
14/11/2020 09:23:29,0,0,0
14/11/2020 09:23:30,0,0,0
14/11/2020 09:23:31,0,0,0
14/11/2020 09:23:32,0,0,0
14/11/2020 09:23:33,0,0,0
14/11/2020 09:23:34,0,0,0
14/11/2020 09:23:35,0,0,0
14/11/2020 09:23:36,0,0,0
14/11/2020 09:23:37,0,0,0
14/11/2020 09:23:38,0,0,0
14/11/2020 09:23:39,0,0,0
14/11/2020 09:23:40,0,0,0
14/11/2020 09:23:41,0,0,0
14/11/2020 09:23:42,0,0,0
14/11/2020 09:23:43,0,0,0
14/11/2020 09:23:44,0,0,0
14/11/2020 09:23:45,0,0,0
14/11/2020 09:23:46,0,0,0
14/11/2020 09:23:47,0,0,0
14/11/2020 09:23:48,0,0,0
14/11/2020 09:23:49,0,0,0
14/11/2020 09:23:50,0,0,0
14/11/2020 09:23:51,0,0,0
14/11/2020 09:23:52,0,0,0
14/11/2020 09:23:53,0,0,0
14/11/2020 09:23:54,0,0,0
14/11/2020 09:23:55,0,0,0
14/11/2020 09:23:56,0,0,0
14/11/2020 09:23:57,0,0,0
14/11/2020 09:23:58,0,0,0
14/11/2020 09:23:59,0,0,0
14/11/2020 09:24:00,0,0,0
14/11/2020 09:24:01,0,0,0
14/11/2020 09:24:02,0,0,0
14/11/2020 09:24:03,0,0,0
14/11/2020 09:24:04,0,0,0
14/11/2020 09:24:05,0,0,0
14/11/2020 09:24:06,0,0,0
14/11/2020 09:24:07,0,0,0
14/11/2020 09:24:08,0,0,0
14/11/2020 09:24:09,0,0,0
14/11/2020 09:24:10,0,0,0
14/11/2020 09:24:11,0,0,0
14/11/2020 09:24:12,0,0,0
14/11/2020 09:24:13,0,0,0
14/11/2020 09:24:14,0,0,0
14/11/2020 09:24:15,0,0,0
14/11/2020 09:24:16,0,0,0
14/11/2020 09:24:17,0,0,0
14/11/2020 09:24:18,0,0,0
14/11/2020 09:24:19,0,0,0
14/11/2020 09:24:20,0,0,0
14/11/2020 09:24:21,0,0,0
14/11/2020 09:24:22,0,0,0
14/11/2020 09:24:23,0,0,0
14/11/2020 09:24:24,0,0,0
14/11/2020 09:24:25,0,0,0
14/11/2020 09:24:26,0,0,0
14/11/2020 09:24:27,0,0,0
14/11/2020 09:24:28,0,0,0
14/11/2020 09:24:29,0,0,0
14/11/2020 09:24:30,0,0,0
14/11/2020 09:24:31,0,0,0
14/11/2020 09:24:32,0,0,0
14/11/2020 09:24:33,0,0,0
14/11/2020 09:24:34,0,0,0
14/11/2020 09:24:35,0,0,0
14/11/2020 09:24:36,0,0,0
14/11/2020 09:24:37,0,0,0
14/11/2020 09:24:38,0,0,0
14/11/2020 09:24:39,0,0,0
14/11/2020 09:24:40,0,0,0
14/11/2020 09:24:41,0,0,0
14/11/2020 09:24:42,0,0,0
14/11/2020 09:24:43,0,0,0
14/11/2020 09:24:44,0,0,0
14/11/2020 09:24:45,0,0,0
14/11/2020 09:24:46,0,0,0
14/11/2020 09:24:47,0,0,0
14/11/2020 09:24:48,0,0,0
14/11/2020 09:24:49,0,0,0
14/11/2020 09:24:50,0,0,0
14/11/2020 09:24:51,0,0,0
14/11/2020 09:24:52,0,0,0
14/11/2020 09:24:53,0,0,0
14/11/2020 09:24:54,0,0,0
14/11/2020 09:24:55,0,0,0
14/11/2020 09:24:56,0,0,0
14/11/2020 09:24:57,0,0,0
14/11/2020 09:24:58,0,0,0
14/11/2020 09:24:59,0,0,0
14/11/2020 09:25:00,0,0,0
14/11/2020 09:25:01,0,0,0
14/11/2020 09:25:02,0,0,0
14/11/2020 09:25:03,0,0,0
14/11/2020 09:25:04,0,0,0
14/11/2020 09:25:05,0,0,0
14/11/2020 09:25:06,0,0,0
14/11/2020 09:25:07,0,0,0
14/11/2020 09:25:08,0,0,0
14/11/2020 09:25:09,0,0,0
14/11/2020 09:25:10,0,0,0
14/11/2020 09:25:11,0,0,0
14/11/2020 09:25:12,0,0,0
14/11/2020 09:25:13,0,0,0
14/11/2020 09:25:14,0,0,0
14/11/2020 09:25:15,0,0,0
14/11/2020 09:25:16,0,0,0
14/11/2020 09:25:17,0,0,0
14/11/2020 09:25:18,0,0,0
14/11/2020 09:25:19,0,0,0
14/11/2020 09:25:20,0,0,0
14/11/2020 09:25:21,0,0,0
14/11/2020 09:25:22,0,0,0
14/11/2020 09:25:23,0,0,0
14/11/2020 09:25:24,0,0,0
14/11/2020 09:25:25,0,0,0
14/11/2020 09:25:26,0,0,0
14/11/2020 09:25:27,0,0,0
14/11/2020 09:25:28,0,0,0
14/11/2020 09:25:29,0,0,0
14/11/2020 09:25:30,0,0,0
14/11/2020 09:25:31,0,0,0
14/11/2020 09:25:32,0,0,0
14/11/2020 09:25:33,0,0,0
14/11/2020 09:25:34,0,0,0
14/11/2020 09:25:35,0,0,0
14/11/2020 09:25:36,0,0,0
14/11/2020 09:25:37,0,0,0
14/11/2020 09:25:38,0,0,0
14/11/2020 09:25:39,0,0,0
14/11/2020 09:25:40,0,0,0
14/11/2020 09:25:41,0,0,0
14/11/2020 09:25:42,0,0,0
14/11/2020 09:25:43,0,0,0
14/11/2020 09:25:44,0,0,0
14/11/2020 09:25:45,0,0,0
14/11/2020 09:25:46,0,0,0
14/11/2020 09:25:47,0,0,0
14/11/2020 09:25:48,0,0,0
14/11/2020 09:25:49,0,0,0
14/11/2020 09:25:50,0,0,0
14/11/2020 09:25:51,0,0,0
14/11/2020 09:25:52,0,0,0
14/11/2020 09:25:53,0,0,0
14/11/2020 09:25:54,0,0,0
14/11/2020 09:25:55,0,0,0
14/11/2020 09:25:56,0,0,0
14/11/2020 09:25:57,0,0,0
14/11/2020 09:25:58,0,0,0
14/11/2020 09:25:59,0,0,0
14/11/2020 09:26:00,0,0,0
14/11/2020 09:26:01,0,0,0
14/11/2020 09:26:02,0,0,0
14/11/2020 09:26:03,0,0,0
14/11/2020 09:26:04,0,0,0
14/11/2020 09:26:05,0,0,0
14/11/2020 09:26:06,0,0,0
14/11/2020 09:26:07,0,0,0
14/11/2020 09:26:08,0,0,0
14/11/2020 09:26:09,0,0,0
14/11/2020 09:26:10,0,0,0
14/11/2020 09:26:11,0,0,0
14/11/2020 09:26:12,0,0,0
14/11/2020 09:26:13,0,0,0
14/11/2020 09:26:14,0,0,0
14/11/2020 09:26:15,0,0,0
14/11/2020 09:26:16,0,0,0
14/11/2020 09:26:17,0,0,0
14/11/2020 09:26:18,0,0,0
14/11/2020 09:26:19,0,0,0
14/11/2020 09:26:20,0,0,0
14/11/2020 09:26:21,0,0,0
14/11/2020 09:26:22,0,0,0
14/11/2020 09:26:23,0,0,0
14/11/2020 09:26:24,0,0,0
14/11/2020 09:26:25,0,0,0
14/11/2020 09:26:26,0,0,0
14/11/2020 09:26:27,0,0,0
14/11/2020 09:26:28,0,0,0
14/11/2020 09:26:29,0,0,0
14/11/2020 09:26:30,0,0,0
14/11/2020 09:26:31,0,0,0
14/11/2020 09:26:32,0,0,0
14/11/2020 09:26:33,0,0,0
14/11/2020 09:26:34,0,0,0
14/11/2020 09:26:35,0,0,0
14/11/2020 09:26:36,0,0,0
14/11/2020 09:26:37,0,0,0
14/11/2020 09:26:38,0,0,0
14/11/2020 09:26:39,0,0,0
14/11/2020 09:26:40,0,0,0
14/11/2020 09:26:41,0,0,0
14/11/2020 09:26:42,0,0,0
14/11/2020 09:26:43,0,0,0
14/11/2020 09:26:44,0,0,0
14/11/2020 09:26:45,0,0,0
14/11/2020 09:26:46,0,0,0
14/11/2020 09:26:47,0,0,0
14/11/2020 09:26:48,0,0,0
14/11/2020 09:26:49,0,0,0
14/11/2020 09:26:50,0,0,0
14/11/2020 09:26:51,0,0,0
14/11/2020 09:26:52,0,0,0
14/11/2020 09:26:53,0,0,0
14/11/2020 09:26:54,0,0,0
14/11/2020 09:26:55,0,0,0
14/11/2020 09:26:56,0,0,0
14/11/2020 09:26:57,0,0,0
14/11/2020 09:26:58,0,0,0
14/11/2020 09:26:59,0,0,0
14/11/2020 09:27:00,0,0,0
14/11/2020 09:27:01,0,0,0
14/11/2020 09:27:02,0,0,0
14/11/2020 09:27:03,0,0,0
14/11/2020 09:27:04,0,0,0
14/11/2020 09:27:05,0,0,0
14/11/2020 09:27:06,0,0,0
14/11/2020 09:27:07,0,0,0
14/11/2020 09:27:08,0,0,0
14/11/2020 09:27:09,0,0,0
14/11/2020 09:27:10,0,0,0
14/11/2020 09:27:11,0,0,0
14/11/2020 09:27:12,0,0,0
14/11/2020 09:27:13,0,0,0
14/11/2020 09:27:14,0,0,0
14/11/2020 09:27:15,0,0,0
14/11/2020 09:27:16,0,0,0
14/11/2020 09:27:17,0,0,0
14/11/2020 09:27:18,0,0,0
14/11/2020 09:27:19,0,0,0
14/11/2020 09:27:20,0,0,0
14/11/2020 09:27:21,0,0,0
14/11/2020 09:27:22,0,0,0
14/11/2020 09:27:23,0,0,0
14/11/2020 09:27:24,0,0,0
14/11/2020 09:27:25,0,0,0
14/11/2020 09:27:26,0,0,0
14/11/2020 09:27:27,0,0,0
14/11/2020 09:27:28,0,0,0
14/11/2020 09:27:29,0,0,0
14/11/2020 09:27:30,0,0,0
14/11/2020 09:27:31,0,0,0
14/11/2020 09:27:32,0,0,0
14/11/2020 09:27:33,0,0,0
14/11/2020 09:27:34,0,0,0
14/11/2020 09:27:35,0,0,0
14/11/2020 09:27:36,0,0,0
14/11/2020 09:27:37,0,0,0
14/11/2020 09:27:38,0,0,0
14/11/2020 09:27:39,0,0,0
14/11/2020 09:27:40,0,0,0
14/11/2020 09:27:41,0,0,0
14/11/2020 09:27:42,0,0,0
14/11/2020 09:27:43,0,0,0
14/11/2020 09:27:44,0,0,0
14/11/2020 09:27:45,0,0,0
14/11/2020 09:27:46,0,0,0
14/11/2020 09:27:47,0,0,0
14/11/2020 09:27:48,0,0,0
14/11/2020 09:27:49,0,0,0
14/11/2020 09:27:50,0,0,0
14/11/2020 09:27:51,0,0,0
14/11/2020 09:27:52,0,0,0
14/11/2020 09:27:53,0,0,0
14/11/2020 09:27:54,0,0,0
14/11/2020 09:27:55,0,0,0
14/11/2020 09:27:56,0,0,0
14/11/2020 09:27:57,0,0,0
14/11/2020 09:27:58,0,0,0
14/11/2020 09:27:59,0,0,0
14/11/2020 09:28:00,0,0,0
14/11/2020 09:28:01,0,0,0
14/11/2020 09:28:02,0,0,0
14/11/2020 09:28:03,0,0,0
14/11/2020 09:28:04,0,0,0
14/11/2020 09:28:05,0,0,0
14/11/2020 09:28:06,0,0,0
14/11/2020 09:28:07,0,0,0
14/11/2020 09:28:08,0,0,0
14/11/2020 09:28:09,0,0,0
14/11/2020 09:28:10,0,0,0
14/11/2020 09:28:11,0,0,0
14/11/2020 09:28:12,0,0,0
14/11/2020 09:28:13,0,0,0
14/11/2020 09:28:14,0,0,0
14/11/2020 09:28:15,0,0,0
14/11/2020 09:28:16,0,0,0
14/11/2020 09:28:17,0,0,0
14/11/2020 09:28:18,0,0,0
14/11/2020 09:28:19,0,0,0
14/11/2020 09:28:20,0,0,0
14/11/2020 09:28:21,0,0,0
14/11/2020 09:28:22,0,0,0
14/11/2020 09:28:23,0,0,0
14/11/2020 09:28:24,0,0,0
14/11/2020 09:28:25,0,0,0
14/11/2020 09:28:26,0,0,0
14/11/2020 09:28:27,0,0,0
14/11/2020 09:28:28,0,0,0
14/11/2020 09:28:29,0,0,0
14/11/2020 09:28:30,0,0,0
14/11/2020 09:28:31,0,0,0
14/11/2020 09:28:32,0,0,0
14/11/2020 09:28:33,0,0,0
14/11/2020 09:28:34,0,0,0
14/11/2020 09:28:35,0,0,0
14/11/2020 09:28:36,0,0,0
14/11/2020 09:28:37,0,0,0
14/11/2020 09:28:38,0,0,0
14/11/2020 09:28:39,0,0,0
14/11/2020 09:28:40,0,0,0
14/11/2020 09:28:41,0,0,0
14/11/2020 09:28:42,0,0,0
14/11/2020 09:28:43,0,0,0
14/11/2020 09:28:44,0,0,0
14/11/2020 09:28:45,0,0,0
14/11/2020 09:28:46,0,0,0
14/11/2020 09:28:47,0,0,0
14/11/2020 09:28:48,0,0,0
14/11/2020 09:28:49,0,0,0
14/11/2020 09:28:50,0,0,0
14/11/2020 09:28:51,0,0,0
14/11/2020 09:28:52,0,0,0
14/11/2020 09:28:53,0,0,0
14/11/2020 09:28:54,0,0,0
14/11/2020 09:28:55,0,0,0
14/11/2020 09:28:56,0,0,0
14/11/2020 09:28:57,0,0,0
14/11/2020 09:28:58,0,0,0
14/11/2020 09:28:59,0,0,0
14/11/2020 09:29:00,0,0,0
14/11/2020 09:29:01,0,0,0
14/11/2020 09:29:02,0,0,0
14/11/2020 09:29:03,0,0,0
14/11/2020 09:29:04,0,0,0
14/11/2020 09:29:05,0,0,0
14/11/2020 09:29:06,0,0,0
14/11/2020 09:29:07,0,0,0
14/11/2020 09:29:08,0,0,0
14/11/2020 09:29:09,0,0,0
14/11/2020 09:29:10,0,0,0
14/11/2020 09:29:11,0,0,0
14/11/2020 09:29:12,0,0,0
14/11/2020 09:29:13,0,0,0
14/11/2020 09:29:14,0,0,0
14/11/2020 09:29:15,0,0,0
14/11/2020 09:29:16,0,0,0
14/11/2020 09:29:17,0,0,0
14/11/2020 09:29:18,0,0,0
14/11/2020 09:29:19,0,0,0
14/11/2020 09:29:20,0,0,0
14/11/2020 09:29:21,0,0,0
14/11/2020 09:29:22,0,0,0
14/11/2020 09:29:23,0,0,0
14/11/2020 09:29:24,0,0,0
14/11/2020 09:29:25,0,0,0
14/11/2020 09:29:26,0,0,0
14/11/2020 09:29:27,0,0,0
14/11/2020 09:29:28,0,0,0
14/11/2020 09:29:29,0,0,0
14/11/2020 09:29:30,0,0,0
14/11/2020 09:29:31,0,0,0
14/11/2020 09:29:32,0,0,0
14/11/2020 09:29:33,0,0,0
14/11/2020 09:29:34,0,0,0
14/11/2020 09:29:35,0,0,0
14/11/2020 09:29:36,0,0,0
14/11/2020 09:29:37,0,0,0
14/11/2020 09:29:38,0,0,0
14/11/2020 09:29:39,0,0,0
14/11/2020 09:29:40,0,0,0
14/11/2020 09:29:41,0,0,0
14/11/2020 09:29:42,0,0,0
14/11/2020 09:29:43,0,0,0
14/11/2020 09:29:44,0,0,0
14/11/2020 09:29:45,0,0,0
14/11/2020 09:29:46,0,0,0
14/11/2020 09:29:47,0,0,0
14/11/2020 09:29:48,0,0,0
14/11/2020 09:29:49,0,0,0
14/11/2020 09:29:50,0,0,0
14/11/2020 09:29:51,0,0,0
14/11/2020 09:29:52,0,0,0
14/11/2020 09:29:53,0,0,0
14/11/2020 09:29:54,0,0,0
14/11/2020 09:29:55,0,0,0
14/11/2020 09:29:56,0,0,0
14/11/2020 09:29:57,0,0,0
14/11/2020 09:29:58,0,0,0
14/11/2020 09:29:59,0,0,0
14/11/2020 09:30:00,0,0,0
14/11/2020 09:30:01,0,0,0
14/11/2020 09:30:02,0,0,0
14/11/2020 09:30:03,0,0,0
14/11/2020 09:30:04,0,0,0
14/11/2020 09:30:05,0,0,0
14/11/2020 09:30:06,0,0,0
14/11/2020 09:30:07,0,0,0
14/11/2020 09:30:08,0,0,0
14/11/2020 09:30:09,0,0,0
14/11/2020 09:30:10,0,0,0
14/11/2020 09:30:11,0,0,0
14/11/2020 09:30:12,0,0,0
14/11/2020 09:30:13,0,0,0
14/11/2020 09:30:14,0,0,0
14/11/2020 09:30:15,0,0,0
14/11/2020 09:30:16,0,0,0
14/11/2020 09:30:17,0,0,0
14/11/2020 09:30:18,0,0,0
14/11/2020 09:30:19,0,0,0
14/11/2020 09:30:20,0,0,0
14/11/2020 09:30:21,0,0,0
14/11/2020 09:30:22,0,0,0
14/11/2020 09:30:23,0,0,0
14/11/2020 09:30:24,0,0,0
14/11/2020 09:30:25,0,0,0
14/11/2020 09:30:26,0,0,0
14/11/2020 09:30:27,0,0,0
14/11/2020 09:30:28,0,0,0
14/11/2020 09:30:29,0,0,0
14/11/2020 09:30:30,0,0,0
14/11/2020 09:30:31,0,0,0
14/11/2020 09:30:32,0,0,0
14/11/2020 09:30:33,0,0,0
14/11/2020 09:30:34,0,0,0
14/11/2020 09:30:35,0,0,0
14/11/2020 09:30:36,0,0,0
14/11/2020 09:30:37,0,0,0
14/11/2020 09:30:38,0,0,0
14/11/2020 09:30:39,0,0,0
14/11/2020 09:30:40,0,0,0
14/11/2020 09:30:41,0,0,0
14/11/2020 09:30:42,0,0,0
14/11/2020 09:30:43,0,0,0
14/11/2020 09:30:44,0,0,0
14/11/2020 09:30:45,0,0,0
14/11/2020 09:30:46,0,0,0
14/11/2020 09:30:47,0,0,0
14/11/2020 09:30:48,0,0,0
14/11/2020 09:30:49,0,0,0
14/11/2020 09:30:50,0,0,0
14/11/2020 09:30:51,0,0,0
14/11/2020 09:30:52,0,0,0
14/11/2020 09:30:53,0,0,0
14/11/2020 09:30:54,0,0,0
14/11/2020 09:30:55,0,0,0
14/11/2020 09:30:56,0,0,0
14/11/2020 09:30:57,0,0,0
14/11/2020 09:30:58,0,0,0
14/11/2020 09:30:59,0,0,0
14/11/2020 09:31:00,0,0,0
14/11/2020 09:31:01,0,0,0
14/11/2020 09:31:02,0,0,0
14/11/2020 09:31:03,0,0,0
14/11/2020 09:31:04,0,0,0
14/11/2020 09:31:05,0,0,0
14/11/2020 09:31:06,0,0,0
14/11/2020 09:31:07,0,0,0
14/11/2020 09:31:08,0,0,0
14/11/2020 09:31:09,0,0,0
14/11/2020 09:31:10,0,0,0
14/11/2020 09:31:11,0,0,0
14/11/2020 09:31:12,0,0,0
14/11/2020 09:31:13,0,0,0
14/11/2020 09:31:14,0,0,0
14/11/2020 09:31:15,0,0,0
14/11/2020 09:31:16,0,0,0
14/11/2020 09:31:17,0,0,0
14/11/2020 09:31:18,0,0,0
14/11/2020 09:31:19,0,0,0
14/11/2020 09:31:20,0,0,0
14/11/2020 09:31:21,0,0,0
14/11/2020 09:31:22,0,0,0
14/11/2020 09:31:23,0,0,0
14/11/2020 09:31:24,0,0,0
14/11/2020 09:31:25,0,0,0
14/11/2020 09:31:26,0,0,0
14/11/2020 09:31:27,0,0,0
14/11/2020 09:31:28,0,0,0
14/11/2020 09:31:29,0,0,0
14/11/2020 09:31:30,0,0,0
14/11/2020 09:31:31,0,0,0
14/11/2020 09:31:32,0,0,0
14/11/2020 09:31:33,0,0,0
14/11/2020 09:31:34,0,0,0
14/11/2020 09:31:35,0,0,0
14/11/2020 09:31:36,0,0,0
14/11/2020 09:31:37,0,0,0
14/11/2020 09:31:38,0,0,0
14/11/2020 09:31:39,0,0,0
14/11/2020 09:31:40,0,0,0
14/11/2020 09:31:41,0,0,0
14/11/2020 09:31:42,0,0,0
14/11/2020 09:31:43,0,0,0
14/11/2020 09:31:44,0,0,0
14/11/2020 09:31:45,0,0,0
14/11/2020 09:31:46,0,0,0
14/11/2020 09:31:47,0,0,0
14/11/2020 09:31:48,0,0,0
14/11/2020 09:31:49,0,0,0
14/11/2020 09:31:50,0,0,0
14/11/2020 09:31:51,0,0,0
14/11/2020 09:31:52,0,0,0
14/11/2020 09:31:53,0,0,0
14/11/2020 09:31:54,0,0,0
14/11/2020 09:31:55,0,0,0
14/11/2020 09:31:56,0,0,0
14/11/2020 09:31:57,0,0,0
14/11/2020 09:31:58,0,0,0
14/11/2020 09:31:59,0,0,0
14/11/2020 09:32:00,0,0,0
14/11/2020 09:32:01,0,0,0
14/11/2020 09:32:02,0,0,0
14/11/2020 09:32:03,0,0,0
14/11/2020 09:32:04,0,0,0
14/11/2020 09:32:05,0,0,0
14/11/2020 09:32:06,0,0,0
14/11/2020 09:32:07,0,0,0
14/11/2020 09:32:08,0,0,0
14/11/2020 09:32:09,0,0,0
14/11/2020 09:32:10,0,0,0
14/11/2020 09:32:11,0,0,0
14/11/2020 09:32:12,0,0,0
14/11/2020 09:32:13,0,0,0
14/11/2020 09:32:14,0,0,0
14/11/2020 09:32:15,0,0,0
14/11/2020 09:32:16,0,0,0
14/11/2020 09:32:17,0,0,0
14/11/2020 09:32:18,0,0,0
14/11/2020 09:32:19,0,0,0
14/11/2020 09:32:20,0,0,0
14/11/2020 09:32:21,0,0,0
14/11/2020 09:32:22,0,0,0
14/11/2020 09:32:23,0,0,0
14/11/2020 09:32:24,0,0,0
14/11/2020 09:32:25,0,0,0
14/11/2020 09:32:26,0,0,0
14/11/2020 09:32:27,0,0,0
14/11/2020 09:32:28,0,0,0
14/11/2020 09:32:29,0,0,0
14/11/2020 09:32:30,0,0,0
14/11/2020 09:32:31,0,0,0
14/11/2020 09:32:32,0,0,0
14/11/2020 09:32:33,0,0,0
14/11/2020 09:32:34,0,0,0
14/11/2020 09:32:35,0,0,0
14/11/2020 09:32:36,0,0,0
14/11/2020 09:32:37,0,0,0
14/11/2020 09:32:38,0,0,0
14/11/2020 09:32:39,0,0,0
14/11/2020 09:32:40,0,0,0
14/11/2020 09:32:41,0,0,0
14/11/2020 09:32:42,0,0,0
14/11/2020 09:32:43,0,0,0
14/11/2020 09:32:44,0,0,0
14/11/2020 09:32:45,0,0,0
14/11/2020 09:32:46,0,0,0
14/11/2020 09:32:47,0,0,0
14/11/2020 09:32:48,0,0,0
14/11/2020 09:32:49,0,0,0
14/11/2020 09:32:50,0,0,0
14/11/2020 09:32:51,0,0,0
14/11/2020 09:32:52,0,0,0
14/11/2020 09:32:53,0,0,0
14/11/2020 09:32:54,0,0,0
14/11/2020 09:32:55,0,0,0
14/11/2020 09:32:56,0,0,0
14/11/2020 09:32:57,0,0,0
14/11/2020 09:32:58,0,0,0
14/11/2020 09:32:59,0,0,0
14/11/2020 09:33:00,0,0,0
14/11/2020 09:33:01,0,0,0
14/11/2020 09:33:02,0,0,0
14/11/2020 09:33:03,0,0,0
14/11/2020 09:33:04,0,0,0
14/11/2020 09:33:05,0,0,0
14/11/2020 09:33:06,0,0,0
14/11/2020 09:33:07,0,0,0
14/11/2020 09:33:08,0,0,0
14/11/2020 09:33:09,0,0,0
14/11/2020 09:33:10,0,0,0
14/11/2020 09:33:11,0,0,0
14/11/2020 09:33:12,0,0,0
14/11/2020 09:33:13,0,0,0
14/11/2020 09:33:14,0,0,0
14/11/2020 09:33:15,0,0,0
14/11/2020 09:33:16,0,0,0
14/11/2020 09:33:17,0,0,0
14/11/2020 09:33:18,0,0,0
14/11/2020 09:33:19,0,0,0
14/11/2020 09:33:20,0,0,0
14/11/2020 09:33:21,0,0,0
14/11/2020 09:33:22,0,0,0
14/11/2020 09:33:23,0,0,0
14/11/2020 09:33:24,0,0,0
14/11/2020 09:33:25,0,0,0
14/11/2020 09:33:26,0,0,0
14/11/2020 09:33:27,0,0,0
14/11/2020 09:33:28,0,0,0
14/11/2020 09:33:29,0,0,0
14/11/2020 09:33:30,0,0,0
14/11/2020 09:33:31,0,0,0
14/11/2020 09:33:32,0,0,0
14/11/2020 09:33:33,0,0,0
14/11/2020 09:33:34,0,0,0
14/11/2020 09:33:35,0,0,0
14/11/2020 09:33:36,0,0,0
14/11/2020 09:33:37,0,0,0
14/11/2020 09:33:38,0,0,0
14/11/2020 09:33:39,0,0,0
14/11/2020 09:33:40,0,0,0
14/11/2020 09:33:41,0,0,0
14/11/2020 09:33:42,0,0,0
14/11/2020 09:33:43,0,0,0
14/11/2020 09:33:44,0,0,0
14/11/2020 09:33:45,0,0,0
14/11/2020 09:33:46,0,0,0
14/11/2020 09:33:47,0,0,0
14/11/2020 09:33:48,0,0,0
14/11/2020 09:33:49,0,0,0
14/11/2020 09:33:50,0,0,0
14/11/2020 09:33:51,0,0,0
14/11/2020 09:33:52,0,0,0
14/11/2020 09:33:53,0,0,0
14/11/2020 09:33:54,0,0,0
14/11/2020 09:33:55,0,0,0
14/11/2020 09:33:56,0,0,0
14/11/2020 09:33:57,0,0,0
14/11/2020 09:33:58,0,0,0
14/11/2020 09:33:59,0,0,0
14/11/2020 09:34:00,0,0,0
14/11/2020 09:34:01,0,0,0
14/11/2020 09:34:02,0,0,0
14/11/2020 09:34:03,0,0,0
14/11/2020 09:34:04,0,0,0
14/11/2020 09:34:05,0,0,0
14/11/2020 09:34:06,0,0,0
14/11/2020 09:34:07,0,0,0
14/11/2020 09:34:08,0,0,0
14/11/2020 09:34:09,0,0,0
14/11/2020 09:34:10,0,0,0
14/11/2020 09:34:11,0,0,0
14/11/2020 09:34:12,0,0,0
14/11/2020 09:34:13,0,0,0
14/11/2020 09:34:14,0,0,0
14/11/2020 09:34:15,0,0,0
14/11/2020 09:34:16,0,0,0
14/11/2020 09:34:17,0,0,0
14/11/2020 09:34:18,0,0,0
14/11/2020 09:34:19,0,0,0
14/11/2020 09:34:20,0,0,0
14/11/2020 09:34:21,0,0,0
14/11/2020 09:34:22,0,0,0
14/11/2020 09:34:23,0,0,0
14/11/2020 09:34:24,0,0,0
14/11/2020 09:34:25,0,0,0
14/11/2020 09:34:26,0,0,0
14/11/2020 09:34:27,0,0,0
14/11/2020 09:34:28,0,0,0
14/11/2020 09:34:29,0,0,0
14/11/2020 09:34:30,0,0,0
14/11/2020 09:34:31,0,0,0
14/11/2020 09:34:32,0,0,0
14/11/2020 09:34:33,0,0,0
14/11/2020 09:34:34,0,0,0
14/11/2020 09:34:35,0,0,0
14/11/2020 09:34:36,0,0,0
14/11/2020 09:34:37,0,0,0
14/11/2020 09:34:38,0,0,0
14/11/2020 09:34:39,0,0,0
14/11/2020 09:34:40,0,0,0
14/11/2020 09:34:41,0,0,0
14/11/2020 09:34:42,0,0,0
14/11/2020 09:34:43,0,0,0
14/11/2020 09:34:44,0,0,0
14/11/2020 09:34:45,0,0,0
14/11/2020 09:34:46,0,0,0
14/11/2020 09:34:47,0,0,0
14/11/2020 09:34:48,0,0,0
14/11/2020 09:34:49,0,0,0
14/11/2020 09:34:50,0,0,0
14/11/2020 09:34:51,0,0,0
14/11/2020 09:34:52,0,0,0
14/11/2020 09:34:53,0,0,0
14/11/2020 09:34:54,0,0,0
14/11/2020 09:34:55,0,0,0
14/11/2020 09:34:56,0,0,0
14/11/2020 09:34:57,0,0,0
14/11/2020 09:34:58,0,0,0
14/11/2020 09:34:59,0,0,0
14/11/2020 09:35:00,0,0,0
14/11/2020 09:35:01,0,0,0
14/11/2020 09:35:02,0,0,0
14/11/2020 09:35:03,0,0,0
14/11/2020 09:35:04,0,0,0
14/11/2020 09:35:05,0,0,0
14/11/2020 09:35:06,0,0,0
14/11/2020 09:35:07,0,0,0
14/11/2020 09:35:08,0,0,0
14/11/2020 09:35:09,0,0,0
14/11/2020 09:35:10,0,0,0
14/11/2020 09:35:11,0,0,0
14/11/2020 09:35:12,0,0,0
14/11/2020 09:35:13,0,0,0
14/11/2020 09:35:14,0,0,0
14/11/2020 09:35:15,0,0,0
14/11/2020 09:35:16,0,0,0
14/11/2020 09:35:17,0,0,0
14/11/2020 09:35:18,0,0,0
14/11/2020 09:35:19,0,0,0
14/11/2020 09:35:20,0,0,0
14/11/2020 09:35:21,0,0,0
14/11/2020 09:35:22,0,0,0
14/11/2020 09:35:23,0,0,0
14/11/2020 09:35:24,21.97774315,0,0
14/11/2020 09:35:25,50.59459305,0,0
14/11/2020 09:35:26,79.21144867,0,0
14/11/2020 09:35:27,107.8283005,0,0
14/11/2020 09:35:28,136.4451447,0,0
14/11/2020 09:35:29,125.1880341,1.749950409,0
14/11/2020 09:35:30,99.6282959,4.12760067,0
14/11/2020 09:35:31,74.06855774,6.505250454,0
14/11/2020 09:35:32,48.50881577,8.882901192,0
14/11/2020 09:35:33,22.94907951,11.2605505,0
14/11/2020 09:35:34,14.86261177,11.86261177,0
14/11/2020 09:35:35,14.66320992,11.66320992,0
14/11/2020 09:35:36,14.46380901,11.46380901,0
14/11/2020 09:35:37,14.26440716,11.26440716,0
14/11/2020 09:35:38,14.0650053,11.0650053,0
14/11/2020 09:35:39,14.13312244,11.13312244,0
14/11/2020 09:35:40,14.33063412,11.33063412,0
14/11/2020 09:35:41,14.52814579,11.52814579,0
14/11/2020 09:35:42,14.72565651,11.72565651,0
14/11/2020 09:35:43,14.92316818,11.92316818,0
14/11/2020 09:35:44,14.87779999,11.87779999,0
14/11/2020 09:35:45,14.67780018,11.67780018,0
14/11/2020 09:35:46,14.47780037,11.47780037,0
14/11/2020 09:35:47,14.27779961,11.27779961,0
14/11/2020 09:35:48,14.0777998,11.0777998,0
14/11/2020 09:35:49,14,11,0
14/11/2020 09:35:50,14,11,0
14/11/2020 09:35:51,14,11,0
14/11/2020 09:35:52,14,11,0
14/11/2020 09:35:53,14,11,0
14/11/2020 09:35:54,14.112463,11.112463,0
14/11/2020 09:35:55,14.31186485,11.31186485,0
14/11/2020 09:35:56,14.51126575,11.51126575,0
14/11/2020 09:35:57,14.71066761,11.71066761,0
14/11/2020 09:35:58,14.91006947,11.91006947,0
14/11/2020 09:35:59,14.89122295,11.94535637,0
14/11/2020 09:36:00,14.69308472,11.84582424,0
14/11/2020 09:36:01,14.49494743,11.74629211,0
14/11/2020 09:36:02,14.29681015,11.64675999,0
14/11/2020 09:36:03,14.09867287,11.54722786,0
14/11/2020 09:36:04,14.10039997,11.44769573,0
14/11/2020 09:36:05,14.30039978,11.3481636,0
14/11/2020 09:36:06,14.50039959,11.24863148,0
14/11/2020 09:36:07,14.70040035,11.14909935,0
14/11/2020 09:36:08,14.90040016,11.04956722,0
14/11/2020 09:36:09,14.95034599,11,0
14/11/2020 09:36:10,14.85143375,11,0
14/11/2020 09:36:11,14.75252247,11,0
14/11/2020 09:36:12,14.65361023,11,0
14/11/2020 09:36:13,14.55469799,11,0
14/11/2020 09:36:14,14.45578671,11,0
14/11/2020 09:36:15,14.35687447,11,0
14/11/2020 09:36:16,14.25796223,11,0
14/11/2020 09:36:17,14.15904999,11,0
14/11/2020 09:36:18,14.0601387,11,0
14/11/2020 09:36:19,14,11.0776701,0
14/11/2020 09:36:20,14,11.27580738,0
14/11/2020 09:36:21,14,11.47394466,0
14/11/2020 09:36:22,14,11.6720829,0
14/11/2020 09:36:23,14,11.87022018,0
14/11/2020 09:36:24,14,11.93184471,0
14/11/2020 09:36:25,14,11.73429489,0
14/11/2020 09:36:26,14,11.53674412,0
14/11/2020 09:36:27,14,11.3391943,0
14/11/2020 09:36:28,14,11.14164352,0
14/11/2020 09:36:29,14,11.05607319,0
14/11/2020 09:36:30,14,11.25421047,0
14/11/2020 09:36:31,14,11.45234776,0
14/11/2020 09:36:32,14,11.65048504,0
14/11/2020 09:36:33,14,11.84862328,0
14/11/2020 09:36:34,14,11.97654819,0
14/11/2020 09:36:35,14,11.87717342,0
14/11/2020 09:36:36,14,11.77779961,0
14/11/2020 09:36:37,14,11.67842579,0
14/11/2020 09:36:38,14,11.57905197,0
14/11/2020 09:36:39,14,11.47967815,0
14/11/2020 09:36:40,14,11.38030434,0
14/11/2020 09:36:41,14,11.28093052,0
14/11/2020 09:36:42,14,11.18155575,0
14/11/2020 09:36:43,14,11.08218193,0
14/11/2020 09:36:44,14.03449631,11.03449631,0
14/11/2020 09:36:45,14.23389816,11.23389816,0
14/11/2020 09:36:46,14.43330002,11.43330002,0
14/11/2020 09:36:47,14.63270187,11.63270187,0
14/11/2020 09:36:48,14.83210373,11.83210373,0
14/11/2020 09:36:49,14.96850109,11.96850109,0
14/11/2020 09:36:50,14.76913834,11.76913834,0
14/11/2020 09:36:51,14.56977654,11.56977654,0
14/11/2020 09:36:52,14.37041473,11.37041473,0
14/11/2020 09:36:53,14.17105293,11.17105293,0
14/11/2020 09:36:54,14.02840042,11.02840042,0
14/11/2020 09:36:55,14.22840023,11.22840023,0
14/11/2020 09:36:56,14.42840004,11.42840004,0
14/11/2020 09:36:57,14.62839985,11.62839985,0
14/11/2020 09:36:58,14.82839966,11.82839966,0
14/11/2020 09:36:59,14.98582268,11.98582268,0
14/11/2020 09:37:00,14.88598251,11.88598251,0
14/11/2020 09:37:01,14.78614235,11.78614235,0
14/11/2020 09:37:02,14.68630219,11.68630219,0
14/11/2020 09:37:03,14.58646202,11.58646202,0
14/11/2020 09:37:04,14.48662186,11.48662186,0
14/11/2020 09:37:05,14.38678074,11.38678074,0
14/11/2020 09:37:06,14.28694057,11.28694057,0
14/11/2020 09:37:07,14.18710041,11.18710041,0
14/11/2020 09:37:08,14.08726025,11.08726025,0
14/11/2020 09:37:09,14.02511978,11.02511978,0
14/11/2020 09:37:10,14.22448158,11.22448158,0
14/11/2020 09:37:11,14.42384338,11.42384338,0
14/11/2020 09:37:12,14.62320614,11.62320614,0
14/11/2020 09:37:13,14.82256794,11.82256794,0
14/11/2020 09:37:14,14.97799969,11.97799969,0
14/11/2020 09:37:15,14.77799988,11.77799988,0
14/11/2020 09:37:16,14.57800007,11.57800007,0
14/11/2020 09:37:17,14.37800026,11.37800026,0
14/11/2020 09:37:18,14.17800045,11.17800045,0
14/11/2020 09:37:19,14.02200031,11.02200031,0
14/11/2020 09:37:20,14.22200012,11.22200012,0
14/11/2020 09:37:21,14.42199993,11.42199993,0
14/11/2020 09:37:22,14.62199974,11.62199974,0
14/11/2020 09:37:23,14.82199955,11.82199955,0
14/11/2020 09:37:24,14.97806549,11.97806549,0
14/11/2020 09:37:25,14.77866364,11.77866364,0
14/11/2020 09:37:26,14.57926178,11.57926178,0
14/11/2020 09:37:27,14.37986088,11.37986088,0
14/11/2020 09:37:28,14.18045902,11.18045902,0
14/11/2020 09:37:29,14,11,0
14/11/2020 09:37:30,14,11,0
14/11/2020 09:37:31,14,11,0
14/11/2020 09:37:32,14,11,0
14/11/2020 09:37:33,14,11,0
14/11/2020 09:37:34,14.01565266,11.01565266,0
14/11/2020 09:37:35,14.21378994,11.21378994,0
14/11/2020 09:37:36,14.41192818,11.41192818,0
14/11/2020 09:37:37,14.61006546,11.61006546,0
14/11/2020 09:37:38,14.80820274,11.80820274,0
14/11/2020 09:37:39,14.99359989,11.99359989,0
14/11/2020 09:37:40,14.79360008,11.79360008,0
14/11/2020 09:37:41,14.59360027,11.59360027,0
14/11/2020 09:37:42,14.39360046,11.39360046,0
14/11/2020 09:37:43,14.1935997,11.1935997,0
14/11/2020 09:37:44,14.00640011,11.00640011,0
14/11/2020 09:37:45,14.20639992,11.20639992,0
14/11/2020 09:37:46,14.40639973,11.40639973,0
14/11/2020 09:37:47,14.60639954,11.60639954,0
14/11/2020 09:37:48,14.8064003,11.8064003,0
14/11/2020 09:37:49,14.99359989,12,0
14/11/2020 09:37:50,14.79360008,12,0
14/11/2020 09:37:51,14.59360027,12,0
14/11/2020 09:37:52,14.39360046,12,0
14/11/2020 09:37:53,14.1935997,12,0
14/11/2020 09:37:54,14,11.99363899,0
14/11/2020 09:37:55,14,11.79487133,0
14/11/2020 09:37:56,14,11.59610462,0
14/11/2020 09:37:57,14,11.39733696,0
14/11/2020 09:37:58,14,11.1985693,0
14/11/2020 09:37:59,14,11,0
14/11/2020 09:38:00,14,11,0
14/11/2020 09:38:01,14,11,0
14/11/2020 09:38:02,14,11,0
14/11/2020 09:38:03,14,11,0
14/11/2020 09:38:04,14,11,0
14/11/2020 09:38:05,14.09539986,11.09539986,0
14/11/2020 09:38:06,14.19540024,11.19540024,0
14/11/2020 09:38:07,14.29539967,11.29539967,0
14/11/2020 09:38:08,14.39540005,11.39540005,0
14/11/2020 09:38:09,14.49540043,11.49540043,0
14/11/2020 09:38:10,14.59539986,11.59539986,0
14/11/2020 09:38:11,14.69540024,11.69540024,0
14/11/2020 09:38:12,14.79539967,11.79539967,0
14/11/2020 09:38:13,14.89540005,11.89540005,0
14/11/2020 09:38:14,14.99540043,11.99540043,0
14/11/2020 09:38:15,14.81272125,11.90533829,0
14/11/2020 09:38:16,14.61641121,11.80611229,0
14/11/2020 09:38:17,14.42010212,11.70688629,0
14/11/2020 09:38:18,14.22379303,11.60766029,0
14/11/2020 09:38:19,14.02748299,11.5084343,0
14/11/2020 09:38:20,14.17255211,11.4092083,0
14/11/2020 09:38:21,14.37319469,11.3099823,0
14/11/2020 09:38:22,14.57383633,11.2107563,0
14/11/2020 09:38:23,14.77447796,11.1115303,0
14/11/2020 09:38:24,14.97512054,11.01230431,0
14/11/2020 09:38:25,14.82591438,11,0
14/11/2020 09:38:26,14.62718582,11,0
14/11/2020 09:38:27,14.42845821,11,0
14/11/2020 09:38:28,14.22972965,11,0
14/11/2020 09:38:29,14.03100204,11,0
14/11/2020 09:38:30,14.08426476,11.16673279,0
14/11/2020 09:38:31,14.18410587,11.36428261,0
14/11/2020 09:38:32,14.28394604,11.56183338,0
14/11/2020 09:38:33,14.3837862,11.7593832,0
14/11/2020 09:38:34,14.48362637,11.95693398,0
14/11/2020 09:38:35,14.58346653,11.84214783,0
14/11/2020 09:38:36,14.68330669,11.64029026,0
14/11/2020 09:38:37,14.78314686,11.43843365,0
14/11/2020 09:38:38,14.88298702,11.23657608,0
14/11/2020 09:38:39,14.98282719,11.03471947,0
14/11/2020 09:38:40,14.83489513,11.16510487,0
14/11/2020 09:38:41,14.63549328,11.36450672,0
14/11/2020 09:38:42,14.43609142,11.56390858,0
14/11/2020 09:38:43,14.23668957,11.76331043,0
14/11/2020 09:38:44,14.03728771,11.96271229,0
14/11/2020 09:38:45,14.16156578,12,0
14/11/2020 09:38:46,14.36029434,12,0
14/11/2020 09:38:47,14.55902195,12,0
14/11/2020 09:38:48,14.75775051,12,0
14/11/2020 09:38:49,14.95647812,12,0
14/11/2020 09:38:50,14.84379959,12,0
14/11/2020 09:38:51,14.64379978,12,0
14/11/2020 09:38:52,14.44379997,12,0
14/11/2020 09:38:53,14.24380016,12,0
14/11/2020 09:38:54,14.04380035,12,0
14/11/2020 09:38:55,14.1552372,12,0
14/11/2020 09:38:56,14.35400486,12,0
14/11/2020 09:38:57,14.55277252,12,0
14/11/2020 09:38:58,14.75154018,12,0
14/11/2020 09:38:59,14.95030785,12,0
14/11/2020 09:39:00,14.85000038,11.85000038,0
14/11/2020 09:39:01,14.64999962,11.64999962,0
14/11/2020 09:39:02,14.44999981,11.44999981,0
14/11/2020 09:39:03,14.25,11.25,0
14/11/2020 09:39:04,14.05000019,11.05000019,0
14/11/2020 09:39:05,14.07441998,11.07441998,5.141761303
14/11/2020 09:39:06,14.17364597,11.17364597,12.97981262
14/11/2020 09:39:07,14.27287197,11.27287197,20.81786346
14/11/2020 09:39:08,14.37209797,11.37209797,28.65591431
14/11/2020 09:39:09,14.47132397,11.47132397,36.49396515
14/11/2020 09:39:10,14.57054996,11.57054996,110.206337
14/11/2020 09:39:11,14.66977596,11.66977596,218.4625549
14/11/2020 09:39:12,14.76900196,11.76900196,326.7187805
14/11/2020 09:39:13,14.86822796,11.86822796,434.9750061
14/11/2020 09:39:14,14.96745396,11.96745396,543.2312012
14/11/2020 09:39:15,15,12,622.5319214
14/11/2020 09:39:16,15,12,685.6156616
14/11/2020 09:39:17,15,12,748.6994629
14/11/2020 09:39:18,15,12,811.7832031
14/11/2020 09:39:19,15,12,874.8669434
14/11/2020 09:39:20,15.26239967,12.26239967,960.4946289
14/11/2020 09:39:21,15.66240025,12.66240025,1058.748291
14/11/2020 09:39:22,16.06240082,13.06239986,1157.001953
14/11/2020 09:39:23,16.46240044,13.46240044,1255.255615
14/11/2020 09:39:24,16.86240005,13.86240005,1353.509277
14/11/2020 09:39:25,16.73838425,13.7383852,1336.446777
14/11/2020 09:39:26,16.33958054,13.33958149,1235.191528
14/11/2020 09:39:27,15.94077778,12.94077778,1133.936279
14/11/2020 09:39:28,15.54197407,12.54197407,1032.68103
14/11/2020 09:39:29,15.14317036,12.14317036,931.4257813
14/11/2020 09:39:30,15,12,896.838501
14/11/2020 09:39:31,15,12,905.0545654
14/11/2020 09:39:32,15,12,913.2706299
14/11/2020 09:39:33,15,12,921.4866333
14/11/2020 09:39:34,15,12,929.7026978
14/11/2020 09:39:35,15,12,931.1178589
14/11/2020 09:39:36,15,12,927.8847046
14/11/2020 09:39:37,15,12,924.6515503
14/11/2020 09:39:38,15,12,921.418335
14/11/2020 09:39:39,15,12,918.1851807
14/11/2020 09:39:40,14.88367844,11.88367844,834.3007813
14/11/2020 09:39:41,14.68243122,11.68243122,695.2911377
14/11/2020 09:39:42,14.48118305,11.48118305,556.2814941
14/11/2020 09:39:43,14.27993584,11.27993584,417.2718811
14/11/2020 09:39:44,14.07868767,11.07868767,278.2622681
14/11/2020 09:39:45,14.12143612,11,202.1994781
14/11/2020 09:39:46,14.32083702,11,166.5508575
14/11/2020 09:39:47,14.52023888,11,130.9022217
14/11/2020 09:39:48,14.71964073,11,95.25359344
14/11/2020 09:39:49,14.91904259,11,59.60496902
14/11/2020 09:39:50,14.88119984,11,39.60080719
14/11/2020 09:39:51,14.68120003,11,32.55266571
14/11/2020 09:39:52,14.48120022,11,25.50452423
14/11/2020 09:39:53,14.28120041,11,18.45638466
14/11/2020 09:39:54,14.08119965,11,11.40824413
14/11/2020 09:39:55,14.35473251,11.35473251,248.9107056
14/11/2020 09:39:56,14.95192623,11.95192623,664.9604492
14/11/2020 09:39:57,15.549119,12.549119,1081.010254
14/11/2020 09:39:58,16.14631271,13.14631271,1497.060059
14/11/2020 09:39:59,16.74350548,13.74350548,1913.109741
14/11/2020 09:40:00,17.34069824,14.34069824,2221.338135
14/11/2020 09:40:01,17.93789101,14.93789196,2445.535156
14/11/2020 09:40:02,18.53508568,15.53508472,2669.731934
14/11/2020 09:40:03,19.13227844,16.13227844,2893.928711
14/11/2020 09:40:04,19.72947121,16.72947121,3118.125732
14/11/2020 09:40:05,21.10082436,18.10082436,3662.568848
14/11/2020 09:40:06,23.11330223,20.11330223,4527.258301
14/11/2020 09:40:07,25.12578011,22.12578011,5391.947754
14/11/2020 09:40:08,27.13825798,24.13825798,6256.636719
14/11/2020 09:40:09,29.15073395,26.15073395,7121.326172
14/11/2020 09:40:10,29.65430641,26.53907585,7529.29541
14/11/2020 09:40:11,29.05622101,25.74162674,7507.149414
14/11/2020 09:40:12,28.4581337,24.94417953,7485.00293
14/11/2020 09:40:13,27.86004829,24.14673042,7462.856934
14/11/2020 09:40:14,27.26196098,23.34928322,7440.710449
14/11/2020 09:40:15,27.33307076,23.33307076,7597.357422
14/11/2020 09:40:16,27.92572021,23.92572021,7922.382813
14/11/2020 09:40:17,28.51837158,24.51837158,8247.407227
14/11/2020 09:40:18,29.11102295,25.11102295,8572.432617
14/11/2020 09:40:19,29.70367432,25.70367432,8897.458008
14/11/2020 09:40:20,29.79939842,25.79939842,9079.666016
14/11/2020 09:40:21,29.39819527,25.39819527,9127.37793
14/11/2020 09:40:22,28.9969902,24.9969902,9175.089844
14/11/2020 09:40:23,28.59578705,24.59578705,9222.801758
14/11/2020 09:40:24,28.19458389,24.19458389,9270.513672
14/11/2020 09:40:25,27.1760006,23.27899933,8947.123047
14/11/2020 09:40:26,25.57600021,21.87899971,8175.62207
14/11/2020 09:40:27,23.97599983,20.47900009,7404.12207
14/11/2020 09:40:28,22.37599945,19.07900047,6632.621582
14/11/2020 09:40:29,20.77599907,17.67900085,5861.121094
14/11/2020 09:40:30,19.48500061,16.48500061,5119.927246
14/11/2020 09:40:31,18.48500061,15.48499966,4426.13623
14/11/2020 09:40:32,17.48500061,14.48499966,3732.345459
14/11/2020 09:40:33,16.48500061,13.48499966,3038.554443
14/11/2020 09:40:34,15.48499966,12.48499966,2344.763672
14/11/2020 09:40:35,15,12,1800.138306
14/11/2020 09:40:36,15,12,1521.850586
14/11/2020 09:40:37,15,12,1243.562988
14/11/2020 09:40:38,15,12,965.2752686
14/11/2020 09:40:39,15,12,686.9876099
14/11/2020 09:40:40,15.08947277,12.08947277,554.3640747
14/11/2020 09:40:41,15.28698444,12.28698444,742.9486694
14/11/2020 09:40:42,15.48449516,12.48449516,931.5333252
14/11/2020 09:40:43,15.68200684,12.68200684,1120.11792
14/11/2020 09:40:44,15.87951851,12.87951851,1308.702515
14/11/2020 09:40:45,15.92248058,12.92248058,1401.93335
14/11/2020 09:40:46,15.72371292,12.72371292,1268.376709
14/11/2020 09:40:47,15.52494526,12.52494526,1134.82019
14/11/2020 09:40:48,15.3261776,12.3261776,1001.263611
14/11/2020 09:40:49,15.12740993,12.12740993,867.7070313
14/11/2020 09:40:50,15.49791908,12.39242744,917.1687622
14/11/2020 09:40:51,16.88488197,13.48554134,1518.625366
14/11/2020 09:40:52,18.27184486,14.57865429,2120.082031
14/11/2020 09:40:53,19.65880775,15.67176819,2721.538574
14/11/2020 09:40:54,21.04577065,16.76488113,3322.995117
14/11/2020 09:40:55,22.31100464,17.85799408,3931.835205
14/11/2020 09:40:56,23.30781555,18.95110893,4569.84375
14/11/2020 09:40:57,24.30462456,20.04422188,5207.852539
14/11/2020 09:40:58,25.30143547,21.13733482,5845.861328
14/11/2020 09:40:59,26.29824638,22.23044777,6483.870117
14/11/2020 09:41:00,27.41054153,23.52783775,7095.625488
14/11/2020 09:41:01,28.79750252,25.31107521,7580.106445
14/11/2020 09:41:02,30.18446541,27.09431267,8064.587891
14/11/2020 09:41:03,31.5714283,28.87755013,8549.068359
14/11/2020 09:41:04,32.95838928,30.66078949,9033.549805
14/11/2020 09:41:05,34.09867096,32.04933548,9497.859375
14/11/2020 09:41:06,34.49494934,32.24747467,9795.570313
14/11/2020 09:41:07,34.89122391,32.44561005,10093.28125
14/11/2020 09:41:08,35.28749847,32.64374924,10390.99219
14/11/2020 09:41:09,35.68377304,32.84188461,10688.70313
14/11/2020 09:41:10,36.20075607,33.16060257,10972.62695
14/11/2020 09:41:11,37.19459534,33.95567322,11091.2832
14/11/2020 09:41:12,38.18843079,34.75074387,11209.93945
14/11/2020 09:41:13,39.18227005,35.54581451,11328.5957
14/11/2020 09:41:14,40.17610931,36.34088516,11447.25195
14/11/2020 09:41:15,40.62848282,36.67812729,11542.90723
14/11/2020 09:41:16,38.45585632,34.79581833,11161.53027
14/11/2020 09:41:17,36.28322983,32.91351318,10780.15332
14/11/2020 09:41:18,34.11060715,31.03120613,10398.77637
14/11/2020 09:41:19,31.93798065,29.14890099,10017.39941
14/11/2020 09:41:20,29.80679703,27.26659393,9631.801758
14/11/2020 09:41:21,28.01788902,25.38428688,8969.019531
14/11/2020 09:41:22,26.22898102,23.50198174,8306.238281
14/11/2020 09:41:23,24.44007111,21.61967468,7643.456543
14/11/2020 09:41:24,22.6511631,19.73736954,6980.674805
14/11/2020 09:41:25,21,18,6317.893066
14/11/2020 09:41:26,21,18,5987.314453
14/11/2020 09:41:27,21,18,5673.48584
14/11/2020 09:41:28,21,18,5359.656738
14/11/2020 09:41:29,21,18,5045.828125
14/11/2020 09:41:30,20.96342659,17.95428276,4731.999023
14/11/2020 09:41:31,20.16835594,16.9604454,4322.128906
14/11/2020 09:41:32,19.37328529,15.96660709,3904.020508
14/11/2020 09:41:33,18.57821465,14.97276878,3485.912109
14/11/2020 09:41:34,17.783144,13.97893047,3067.803955
14/11/2020 09:41:35,16.99111176,12.99407482,2649.695557
14/11/2020 09:41:36,16.39857864,12.59905148,2242.621338
14/11/2020 09:41:37,15.80604362,12.20402908,1836.7052
14/11/2020 09:41:38,15.21350956,11.80900669,1430.789063
14/11/2020 09:41:39,14.62097549,11.41398335,1024.873047
14/11/2020 09:41:40,14.02844143,11.01896095,618.9569702
14/11/2020 09:41:41,14.1892271,11.1892271,503.3399963
14/11/2020 09:41:42,14.38799477,11.38799477,429.5739746
14/11/2020 09:41:43,14.58676243,11.58676243,355.8079529
14/11/2020 09:41:44,14.78553009,11.78553009,282.0419006
14/11/2020 09:41:45,14.98429775,11.98429775,208.2758789
14/11/2020 09:41:46,16.10167503,12.91806221,852.4909668
14/11/2020 09:41:47,17.29784775,13.91487217,1600.213623
14/11/2020 09:41:48,18.49401855,14.91168308,2347.936279
14/11/2020 09:41:49,19.69019127,15.90849304,3095.658936
14/11/2020 09:41:50,20.88636398,16.90530396,3843.381592
14/11/2020 09:41:51,20.45867729,16.63951492,3838.002441
14/11/2020 09:41:52,19.86053276,16.24118614,3691.304932
14/11/2020 09:41:53,19.26238632,15.84286022,3544.607178
14/11/2020 09:41:54,18.66424179,15.44453335,3397.909668
14/11/2020 09:41:55,18.06609535,15.04620552,3251.212158
14/11/2020 09:41:56,17.46794891,14.64787865,2998.044922
14/11/2020 09:41:57,16.86980438,14.24955177,2717.591309
14/11/2020 09:41:58,16.27165794,13.8512249,2437.137939
14/11/2020 09:41:59,15.67351246,13.45289803,2156.684326
14/11/2020 09:42:00,15.07536602,13.05457115,1876.230957
14/11/2020 09:42:01,14.82631207,12.65624332,1596.561768
14/11/2020 09:42:02,14.6275835,12.25791645,1317.113892
14/11/2020 09:42:03,14.42885494,11.85958958,1037.665894
14/11/2020 09:42:04,14.23012733,11.4612627,758.2180176
14/11/2020 09:42:05,14.03139877,11.06293583,478.7701416
14/11/2020 09:42:06,14.1668644,11.1668644,363.554718
14/11/2020 09:42:07,14.36504173,11.36504173,299.0708008
14/11/2020 09:42:08,14.56321812,11.56321812,234.5868683
14/11/2020 09:42:09,14.76139545,11.76139545,170.102951
14/11/2020 09:42:10,14.95957184,11.95957184,105.6190262
14/11/2020 09:42:11,14.84130764,11.84130764,78.19110107
14/11/2020 09:42:12,14.64194584,11.64194584,64.26106262
14/11/2020 09:42:13,14.44258404,11.44258404,50.33102798
14/11/2020 09:42:14,14.24322128,11.24322128,36.40099335
14/11/2020 09:42:15,14.04385948,11.04385948,22.4709568
14/11/2020 09:42:16,14.15550232,11.15550232,128.9487152
14/11/2020 09:42:17,14.35486412,11.35486412,286.5397644
14/11/2020 09:42:18,14.55422688,11.55422688,444.1308289
14/11/2020 09:42:19,14.75358868,11.75358868,601.7218628
14/11/2020 09:42:20,14.95295048,11.95295048,759.3129272
14/11/2020 09:42:21,15.7592926,12.7592926,1149.976929
14/11/2020 09:42:22,16.75312996,13.75313091,1647.324463
14/11/2020 09:42:23,17.74696922,14.74696922,2144.672119
14/11/2020 09:42:24,18.74080658,15.74080658,2642.019775
14/11/2020 09:42:25,19.73464584,16.73464584,3139.367188
14/11/2020 09:42:26,20.29139328,17.29139328,3438.124756
14/11/2020 09:42:27,20.6889286,17.6889286,3639.06958
14/11/2020 09:42:28,21.08646393,18.08646393,3840.01416
14/11/2020 09:42:29,21.48399925,18.48399925,4040.95874
14/11/2020 09:42:30,21.88153458,18.88153458,4241.90332
14/11/2020 09:42:31,23.25956917,20.11961746,4595.163086
14/11/2020 09:42:32,25.05382729,21.71451378,5034.473145
14/11/2020 09:42:33,26.8480854,23.3094101,5473.783203
14/11/2020 09:42:34,28.64234543,24.90430641,5913.092773
14/11/2020 09:42:35,30.43660355,26.49920273,6352.402832
14/11/2020 09:42:36,30.45295143,26.58971214,6600.163086
14/11/2020 09:42:37,29.65550232,25.99162674,6746.583984
14/11/2020 09:42:38,28.85805511,25.39354134,6893.004883
14/11/2020 09:42:39,28.060606,24.79545403,7039.42627
14/11/2020 09:42:40,27.2631588,24.19736862,7185.847168
14/11/2020 09:42:41,27,23.8668251,7376.457031
14/11/2020 09:42:42,27,23.6680584,7595.557129
14/11/2020 09:42:43,27,23.46928978,7814.657227
14/11/2020 09:42:44,27,23.27052307,8033.757813
14/11/2020 09:42:45,27,23.07175446,8252.857422
14/11/2020 09:42:46,28.15366173,24.28184509,8515.026367
14/11/2020 09:42:47,29.95907784,26.28786278,8804.962891
14/11/2020 09:42:48,31.76449394,28.29388237,9094.899414
14/11/2020 09:42:49,33.56990814,30.29990005,9384.835938
14/11/2020 09:42:50,35.37532425,32.30591965,9674.772461
14/11/2020 09:42:51,36,32.74078369,9810.050781
14/11/2020 09:42:52,36,32.34443283,9845.614258
14/11/2020 09:42:53,36,31.94807816,9881.177734
14/11/2020 09:42:54,36,31.55172348,9916.742188
14/11/2020 09:42:55,36,31.15537071,9952.305664
14/11/2020 09:42:56,36.8512001,31.9727993,10054.88477
14/11/2020 09:42:57,38.25120163,33.57279968,10200.85254
14/11/2020 09:42:58,39.65119934,35.17279816,10346.82031
14/11/2020 09:42:59,41.05120087,36.77280045,10492.78809
14/11/2020 09:43:00,42.45119858,38.37279892,10638.75586
14/11/2020 09:43:01,41.9056015,38.02719879,10701.24414
14/11/2020 09:43:02,40.10559845,36.42720032,10706.19922
14/11/2020 09:43:03,38.30559921,34.82720184,10711.1543
14/11/2020 09:43:04,36.50559998,33.22719955,10716.10938
14/11/2020 09:43:05,34.70560074,31.62719917,10721.06445
14/11/2020 09:43:06,32.54109192,29.54109192,10343.82813
14/11/2020 09:43:07,30.14157104,27.14157104,9703.19043
14/11/2020 09:43:08,27.74205208,24.74205208,9062.552734
14/11/2020 09:43:09,25.3425312,22.3425312,8421.915039
14/11/2020 09:43:10,22.94301224,19.94301224,7781.276855
14/11/2020 09:43:11,21.27377892,18.27377892,6929.964355
14/11/2020 09:43:12,20.07736778,17.07736778,5902.767578
14/11/2020 09:43:13,18.88095665,15.8809576,4875.571289
14/11/2020 09:43:14,17.68454552,14.68454647,3848.374512
14/11/2020 09:43:15,16.48813629,13.48813534,2821.177734
14/11/2020 09:43:16,15.76319981,12.76319981,2157.094238
14/11/2020 09:43:17,15.36320019,12.36320019,1816.31189
14/11/2020 09:43:18,14.96319962,11.96319962,1475.529541
14/11/2020 09:43:19,14.5632,11.5632,1134.747192
14/11/2020 09:43:20,14.16320038,11.16320038,793.9648438
14/11/2020 09:43:21,14.11729717,11.05882931,573.9112549
14/11/2020 09:43:22,14.31543446,11.15820313,475.5560913
14/11/2020 09:43:23,14.51357269,11.25757694,377.2009583
14/11/2020 09:43:24,14.71170998,11.35695076,278.8457947
14/11/2020 09:43:25,14.90984726,11.45632553,180.4906616
14/11/2020 09:43:26,14.89134789,11.55569935,116.2575302
14/11/2020 09:43:27,14.69198608,11.65507317,96.34376526
14/11/2020 09:43:28,14.49262333,11.75444698,76.43000793
14/11/2020 09:43:29,14.29326153,11.8538208,56.5162468
14/11/2020 09:43:30,14.09389973,11.95319462,36.60248947
14/11/2020 09:43:31,14.10514832,12,69.53784943
14/11/2020 09:43:32,14.30391598,12,175.4553375
14/11/2020 09:43:33,14.50268364,12,281.3728027
14/11/2020 09:43:34,14.7014513,12,387.2902832
14/11/2020 09:43:35,14.90021896,12,493.2077637
14/11/2020 09:43:36,15.68852425,12.68852425,798.7675781
14/11/2020 09:43:37,17.07110405,14.07110405,1398.849365
14/11/2020 09:43:38,18.45368385,15.45368385,1998.93103
14/11/2020 09:43:39,19.83626366,16.83626366,2599.012695
14/11/2020 09:43:40,21.21884346,18.21884346,3199.094482
14/11/2020 09:43:41,21.30608177,18.30608177,3412.719971
14/11/2020 09:43:42,19.71086693,16.71086693,2930.290771
14/11/2020 09:43:43,18.11565399,15.11565304,2447.861816
14/11/2020 09:43:44,16.52043915,13.52043915,1965.432861
14/11/2020 09:43:45,14.9252243,11.9252243,1483.003906
14/11/2020 09:43:46,14.25119591,11.25119591,1210.783447
14/11/2020 09:43:47,14.84928226,11.84928226,1406.446167
14/11/2020 09:43:48,15.44736862,12.44736862,1602.109009
14/11/2020 09:43:49,16.04545403,13.04545498,1797.771729
14/11/2020 09:43:50,16.64354134,13.64354038,1993.43457
14/11/2020 09:43:51,17.16009521,14.08004761,2254.760254
14/11/2020 09:43:52,17.55636978,14.27818489,2662.238525
14/11/2020 09:43:53,17.95264435,14.47632217,3069.716797
14/11/2020 09:43:54,18.34892082,14.67446041,3477.195068
14/11/2020 09:43:55,18.74519539,14.87259769,3884.67334
14/11/2020 09:43:56,19.21220589,15.35367584,4320.61084
14/11/2020 09:43:57,19.80661774,16.34436226,4836.299805
14/11/2020 09:43:58,20.40102959,17.33505058,5351.98877
14/11/2020 09:43:59,20.99544334,18.32573891,5867.677734
14/11/2020 09:44:00,21.58985519,19.31642532,6383.366699
14/11/2020 09:44:01,22.68199921,20.68199921,6895.462891
14/11/2020 09:44:02,24.88199997,22.88199997,7397.491699
14/11/2020 09:44:03,27.08200073,25.08200073,7899.520996
14/11/2020 09:44:04,29.28199959,27.28199959,8401.549805
14/11/2020 09:44:05,31.48200035,29.48200035,8903.579102
14/11/2020 09:44:06,32.8771553,30.78401566,9316.835938
14/11/2020 09:44:07,32.48088074,30.08728981,9460.916992
14/11/2020 09:44:08,32.08460617,29.39056396,9604.99707
14/11/2020 09:44:09,31.6883297,28.69383812,9749.077148
14/11/2020 09:44:10,31.29205513,27.99711418,9893.157227
14/11/2020 09:44:11,30.84219933,27.30038834,9954.452148
14/11/2020 09:44:12,30.24220085,26.60366249,9608.679688
14/11/2020 09:44:13,29.64220047,25.90693665,9262.90625
14/11/2020 09:44:14,29.04220009,25.21021271,8917.133789
14/11/2020 09:44:15,28.44219971,24.51348686,8571.361328
14/11/2020 09:44:16,27.52801514,23.58045769,8169.786133
14/11/2020 09:44:17,25.73340034,21.98524475,7565.667969
14/11/2020 09:44:18,23.93878365,20.39002991,6961.549805
14/11/2020 09:44:19,22.14416695,18.79481506,6357.431641
14/11/2020 09:44:20,20.34955215,17.19960213,5753.313965
14/11/2020 09:44:21,19.14648628,16.04882813,5264.592773
14/11/2020 09:44:22,19.7371521,16.245718,5284.243652
14/11/2020 09:44:23,20.32781982,16.44260597,5303.894531
14/11/2020 09:44:24,20.91848755,16.63949585,5323.544922
14/11/2020 09:44:25,21.50915527,16.83638573,5343.195801
14/11/2020 09:44:26,22.23884583,17.30708694,5399.372559
14/11/2020 09:44:27,23.65213013,19.12416649,5656.206055
14/11/2020 09:44:28,25.06541443,20.94124794,5913.039063
14/11/2020 09:44:29,26.47870064,22.75832748,6169.872559
14/11/2020 09:44:30,27.89198494,24.57540894,6426.705566
14/11/2020 09:44:31,28.91413307,25.87119865,6666.80957
14/11/2020 09:44:32,28.51659775,25.27489471,6833.214355
14/11/2020 09:44:33,28.11906242,24.67859268,6999.618652
14/11/2020 09:44:34,27.7215271,24.08229065,7166.023438
14/11/2020 09:44:35,27.32399178,23.48598671,7332.427734
14/11/2020 09:44:36,26.96322823,23.03677177,7462.024902
14/11/2020 09:44:37,26.76445961,23.23554039,7389.418457
14/11/2020 09:44:38,26.5656929,23.4343071,7316.812012
14/11/2020 09:44:39,26.36692429,23.63307571,7244.205566
14/11/2020 09:44:40,26.16815758,23.83184242,7171.599121
14/11/2020 09:44:41,25.93801498,23.87603188,7075.285156
14/11/2020 09:44:42,25.53552055,23.07104111,6862.395996
14/11/2020 09:44:43,25.13302422,22.26605034,6649.506836
14/11/2020 09:44:44,24.73052979,21.46105766,6436.617676
14/11/2020 09:44:45,24.32803345,20.65606689,6223.728516
14/11/2020 09:44:46,23.74259567,19.77936745,5967.833008
14/11/2020 09:44:47,22.35122299,18.58676147,5473.856445
14/11/2020 09:44:48,20.9598484,17.3941555,4979.879883
14/11/2020 09:44:49,19.56847572,16.20154953,4485.902832
14/11/2020 09:44:50,18.17710114,15.00894451,3991.92627
14/11/2020 09:44:51,17.06178474,14.0617857,3557.812012
14/11/2020 09:44:52,17.46298981,14.46298885,3455.093506
14/11/2020 09:44:53,17.86419296,14.86419296,3352.374756
14/11/2020 09:44:54,18.26539612,15.26539612,3249.65625
14/11/2020 09:44:55,18.66659927,15.66660023,3146.9375
14/11/2020 09:44:56,19.03369141,16,3086.63916
14/11/2020 09:44:57,19.23305511,16,3331.628662
14/11/2020 09:44:58,19.43241692,16,3576.61792
14/11/2020 09:44:59,19.63177872,16,3821.607178
14/11/2020 09:45:00,19.83114052,16,4066.59668
14/11/2020 09:45:01,19.96940041,16,4277.356445
14/11/2020 09:45:02,19.76939964,16,4146.197754
14/11/2020 09:45:03,19.56940079,16,4015.039063
14/11/2020 09:45:04,19.36940002,16,3883.880371
14/11/2020 09:45:05,19.16939926,16,3752.72168
14/11/2020 09:45:06,19.33452606,16.33452606,3673.531494
14/11/2020 09:45:07,21.52096939,18.52096939,4408.516113
14/11/2020 09:45:08,23.70741463,20.70741463,5143.500977
14/11/2020 09:45:09,25.89385796,22.89385796,5878.485352
14/11/2020 09:45:10,28.08030128,25.08030128,6613.470215
14/11/2020 09:45:11,29.83025169,26.80600357,7336.827148
14/11/2020 09:45:12,28.43887901,25.21586227,7177.373047
14/11/2020 09:45:13,27.04750633,23.62572098,7017.918945
14/11/2020 09:45:14,25.65613174,22.03557968,6858.464844
14/11/2020 09:45:15,24.26475906,20.44543839,6699.010742
14/11/2020 09:45:16,23.1627903,19.19896698,6539.556641
14/11/2020 09:45:17,24.95170021,21.38541031,6961.5
14/11/2020 09:45:18,26.74060822,23.57185364,7394.704102
14/11/2020 09:45:19,28.52951622,25.75829887,7827.907715
14/11/2020 09:45:20,30.31842613,27.9447422,8261.111328
14/11/2020 09:45:21,31.90489388,29.89300537,8694.31543
14/11/2020 09:45:22,30.3197937,28.10976791,8595.825195
14/11/2020 09:45:23,28.73469353,26.32653046,8459.761719
14/11/2020 09:45:24,27.14959335,24.543293,8323.699219
14/11/2020 09:45:25,25.56449318,22.76005554,8187.636719
14/11/2020 09:45:26,24.00516701,21.00516701,8051.574219
14/11/2020 09:45:27,24.40262413,21.40262413,8109.930176
14/11/2020 09:45:28,24.80007935,21.80007935,8185.421875
14/11/2020 09:45:29,25.19753647,22.19753647,8260.914063
14/11/2020 09:45:30,25.59499168,22.59499168,8336.405273
14/11/2020 09:45:31,25.99244881,22.99244881,8411.897461
14/11/2020 09:45:32,27.55498314,24.74935532,8602.397461
14/11/2020 09:45:33,29.14008331,26.53259277,8805.251953
14/11/2020 09:45:34,30.72518349,28.31583214,9008.106445
14/11/2020 09:45:35,32.31028366,30.0990696,9210.960938
14/11/2020 09:45:36,33.89538193,31.88230705,9413.81543
14/11/2020 09:45:37,31.57886314,29.20638084,8881.873047
14/11/2020 09:45:38,28.98664093,26.21535301,8256.321289
14/11/2020 09:45:39,26.39441681,23.22432709,7630.768555
14/11/2020 09:45:40,23.80219269,20.23329926,7005.216309
14/11/2020 09:45:41,21.20997047,17.24227333,6379.664063
14/11/2020 09:45:42,20.08393097,16.26714516,5620.196777
14/11/2020 09:45:43,19.08712196,15.469697,4843.669922
14/11/2020 09:45:44,18.09031105,14.67224884,4067.142578
14/11/2020 09:45:45,17.09350014,13.87480068,3290.615234
14/11/2020 09:45:46,16.09669113,13.07735252,2514.088135
14/11/2020 09:45:47,16.72009659,13.54007149,2612.467041
14/11/2020 09:45:48,17.51754379,14.13815784,2896.432373
14/11/2020 09:45:49,18.3149929,14.7362442,3180.397705
14/11/2020 09:45:50,19.11244011,15.33433056,3464.363037
14/11/2020 09:45:51,19.90988922,15.93241596,3748.328369
14/11/2020 09:45:52,19.46780014,15.64519978,3732.109863
14/11/2020 09:45:53,18.86779976,15.24520016,3652.216064
14/11/2020 09:45:54,18.26779938,14.84519958,3572.322266
14/11/2020 09:45:55,17.6678009,14.44519997,3492.428467
14/11/2020 09:45:56,17.06780052,14.04520035,3412.534668
14/11/2020 09:45:57,17.87613678,14.70667934,3484.15332
14/11/2020 09:45:58,18.86388779,15.50338554,3587.910889
14/11/2020 09:45:59,19.85163879,16.3000927,3691.668457
14/11/2020 09:46:00,20.83939171,17.09679985,3795.426025
14/11/2020 09:46:01,21.82714272,17.893507,3899.183838
14/11/2020 09:46:02,22.32999992,18.69021416,4247.174316
14/11/2020 09:46:03,22.72999954,19.48692131,4652.827148
14/11/2020 09:46:04,23.12999916,20.28362846,5058.47998
14/11/2020 09:46:05,23.53000069,21.08033371,5464.132324
14/11/2020 09:46:06,23.93000031,21.87704086,5869.785156
14/11/2020 09:46:07,24.98999977,22.67374802,6207.195313
14/11/2020 09:46:08,26.19000053,23.47045517,6523.290527
14/11/2020 09:46:09,27.38999939,24.26716232,6839.38623
14/11/2020 09:46:10,28.59000015,25.06386948,7155.481445
14/11/2020 09:46:11,29.79000092,25.86057663,7471.577148
14/11/2020 09:46:12,29.50657845,25.67105293,7719.719238
14/11/2020 09:46:13,28.90849304,25.27232933,7944.724121
14/11/2020 09:46:14,28.31040764,24.87360382,8169.729492
14/11/2020 09:46:15,27.71232033,24.47488022,8394.734375
14/11/2020 09:46:16,27.11423492,24.07615662,8619.739258
14/11/2020 09:46:17,27.96175957,24.64314842,8870.700195
14/11/2020 09:46:18,29.15058517,25.43813896,9132.005859
14/11/2020 09:46:19,30.33940887,26.23313141,9393.3125
14/11/2020 09:46:20,31.52823448,27.02812195,9654.618164
14/11/2020 09:46:21,32.71706009,27.8231144,9915.924805
14/11/2020 09:46:22,33.30382919,28.61810684,9980.15918
14/11/2020 09:46:23,33.7025528,29.41309738,9971.873047
14/11/2020 09:46:24,34.1012764,30.20808983,9963.586914
14/11/2020 09:46:25,34.5,31.00308037,9955.300781
14/11/2020 09:46:26,34.8987236,31.79807281,9947.014648
14/11/2020 09:46:27,33.51719284,30.36891365,9695.991211
14/11/2020 09:46:28,31.52951622,28.18246841,9355.641602
14/11/2020 09:46:29,29.54184151,25.99602509,9015.292969
14/11/2020 09:46:30,27.55416489,23.80957985,8674.943359
14/11/2020 09:46:31,25.56648827,21.62313652,8334.59375
14/11/2020 09:46:32,24.85654068,21.14345932,8008.538574
14/11/2020 09:46:33,24.65589905,21.34410095,7688.180176
14/11/2020 09:46:34,24.45525742,21.54474258,7367.822266
14/11/2020 09:46:35,24.25461388,21.74538612,7047.463867
14/11/2020 09:46:36,24.05397224,21.94602776,6727.105469
14/11/2020 09:46:37,24,21.56139946,6544.613281
14/11/2020 09:46:38,24,20.96139908,6421.48877
14/11/2020 09:46:39,24,20.3614006,6298.36377
14/11/2020 09:46:40,24,19.76140022,6175.23877
14/11/2020 09:46:41,24,19.16139984,6052.114258
14/11/2020 09:46:42,22.83413124,18.27133179,5671.905762
14/11/2020 09:46:43,21.23923492,17.27452087,5154.480957
14/11/2020 09:46:44,19.64433861,16.27771187,4637.056152
14/11/2020 09:46:45,18.04944229,15.28090096,4119.631348
14/11/2020 09:46:46,16.45454597,14.284091,3602.206787
14/11/2020 09:46:47,16.28508759,14.14254379,3355.59668
14/11/2020 09:46:48,16.68381119,14.34190559,3263.3125
14/11/2020 09:46:49,17.0825367,14.54126835,3171.028564
14/11/2020 09:46:50,17.4812603,14.74063015,3078.744385
14/11/2020 09:46:51,17.8799839,14.93999195,2986.460205
14/11/2020 09:46:52,17.86150169,14.86150169,2952.8396
14/11/2020 09:46:53,17.66336441,14.66336441,2957.359619
14/11/2020 09:46:54,17.46522713,14.46522713,2961.879639
14/11/2020 09:46:55,17.26708984,14.26708889,2966.399902
14/11/2020 09:46:56,17.06895256,14.06895161,2970.919922
14/11/2020 09:46:57,17.2600193,14.13000965,2976.388428
14/11/2020 09:46:58,17.65882301,14.32941151,2982.60498
14/11/2020 09:46:59,18.05762672,14.52881336,2988.821533
14/11/2020 09:47:00,18.45643044,14.72821522,2995.038086
14/11/2020 09:47:01,18.85523415,14.92761707,3001.254639
14/11/2020 09:47:02,18.62015533,14.91550636,2905.141113
14/11/2020 09:47:03,18.02385139,14.78286266,2728.298828
14/11/2020 09:47:04,17.42754936,14.65021896,2551.456299
14/11/2020 09:47:05,16.83124542,14.51757526,2374.614014
14/11/2020 09:47:06,16.23494339,14.38493156,2197.771484
14/11/2020 09:47:07,15.87992859,14.25228786,1996.949463
14/11/2020 09:47:08,15.68179131,14.11964417,1773.271973
14/11/2020 09:47:09,15.48365402,13.98700047,1549.594482
14/11/2020 09:47:10,15.28551579,13.85435772,1325.916992
14/11/2020 09:47:11,15.0873785,13.72171402,1102.23938
14/11/2020 09:47:12,15.11127663,13.58907032,1011.671814
14/11/2020 09:47:13,15.31034184,13.45642662,1065.306641
14/11/2020 09:47:14,15.50940609,13.32378292,1118.941528
14/11/2020 09:47:15,15.70847034,13.19113922,1172.576294
14/11/2020 09:47:16,15.9075346,13.05849552,1226.211182
14/11/2020 09:47:17,16.10659981,13.11075878,1400.171265
14/11/2020 09:47:18,16.30566406,13.30889606,1741.665405
14/11/2020 09:47:19,16.50472832,13.5070343,2083.159668
14/11/2020 09:47:20,16.70379257,13.70517159,2424.653809
14/11/2020 09:47:21,16.90285683,13.90330887,2766.148193
14/11/2020 09:47:22,17.50874329,14.61049271,3121.824463
14/11/2020 09:47:23,18.50238419,15.80286121,3496.071777
14/11/2020 09:47:24,19.49602509,16.99522972,3870.319336
14/11/2020 09:47:25,20.48966599,18.18759918,4244.566406
14/11/2020 09:47:26,21.48330688,19.37996864,4618.813965
14/11/2020 09:47:27,23.32753944,21.04306602,5152.265625
14/11/2020 09:47:28,26.09324455,23.21611977,5894.19043
14/11/2020 09:47:29,28.85894966,25.38917351,6636.115234
14/11/2020 09:47:30,31.62465477,27.56222916,7378.039551
14/11/2020 09:47:31,34.39035797,29.7352829,8119.964355
14/11/2020 09:47:32,36.50310898,31.58696175,8748.581055
14/11/2020 09:47:33,37.70671844,32.99117279,9219.433594
14/11/2020 09:47:34,38.91033173,34.39538574,9690.286133
14/11/2020 09:47:35,40.11394119,35.79959869,10161.13965
14/11/2020 09:47:36,41.31755447,37.20381165,10631.99219
14/11/2020 09:47:37,40.44120026,36.52780151,10704.91406
14/11/2020 09:47:38,36.84120178,33.12779999,10223.78027
14/11/2020 09:47:39,33.24119949,29.72780037,9742.646484
14/11/2020 09:47:40,29.64119911,26.32780075,9261.512695
14/11/2020 09:47:41,26.04120064,22.92779922,8780.378906
14/11/2020 09:47:42,23.74097633,20.74097633,8308.598633
14/11/2020 09:47:43,23.14277077,20.14277077,7852.675781
14/11/2020 09:47:44,22.54456711,19.54456711,7396.752441
14/11/2020 09:47:45,21.94636154,18.94636154,6940.82959
14/11/2020 09:47:46,21.34815598,18.34815598,6484.90625
14/11/2020 09:47:47,20.66559982,17.66559982,6027.766113
14/11/2020 09:47:48,19.86560059,16.86560059,5568.413574
14/11/2020 09:47:49,19.06559944,16.06559944,5109.061523
14/11/2020 09:47:50,18.2656002,15.2656002,4649.708984
14/11/2020 09:47:51,17.46559906,14.46560001,4190.356934
14/11/2020 09:47:52,17.33128548,14.33128548,3932.355469
14/11/2020 09:47:53,18.12383652,15.12383556,4040.188477
14/11/2020 09:47:54,18.91638565,15.91638565,4148.021484
14/11/2020 09:47:55,19.70893669,16.70893669,4255.854492
14/11/2020 09:47:56,20.50148582,17.50148582,4363.687012
14/11/2020 09:47:57,21.07396317,18.14792633,4500.754883
14/11/2020 09:47:58,21.27332497,18.54664993,4687.388184
14/11/2020 09:47:59,21.47268677,18.94537544,4874.020996
14/11/2020 09:48:00,21.67204857,19.34409904,5060.653809
14/11/2020 09:48:01,21.87141228,19.74282265,5247.287109
14/11/2020 09:48:02,22.49699974,20.35499954,5500.083496
14/11/2020 09:48:03,23.89699936,21.35499954,5865.054199
14/11/2020 09:48:04,25.29700089,22.35499954,6230.024902
14/11/2020 09:48:05,26.6970005,23.35499954,6594.995605
14/11/2020 09:48:06,28.09700012,24.35499954,6959.966309
14/11/2020 09:48:07,28.64385986,24.64385986,7183.773926
14/11/2020 09:48:08,27.6406498,23.6406498,7168.251465
14/11/2020 09:48:09,26.63743973,22.63743973,7152.729492
14/11/2020 09:48:10,25.63422966,21.63422966,7137.207031
14/11/2020 09:48:11,24.63101959,20.63101959,7121.68457
14/11/2020 09:48:12,23.70319939,19.85160065,6985.05957
14/11/2020 09:48:13,22.90320015,19.45159912,6642.232422
14/11/2020 09:48:14,22.10320091,19.0515995,6299.404785
14/11/2020 09:48:15,21.30319977,18.65159988,5956.577637
14/11/2020 09:48:16,20.50320053,18.25160027,5613.75
14/11/2020 09:48:17,20.74200058,18.51939964,5500.962402
14/11/2020 09:48:18,22.74200058,19.91939926,5806.133789
14/11/2020 09:48:19,24.74200058,21.31940079,6111.304688
14/11/2020 09:48:20,26.74200058,22.71940041,6416.476074
14/11/2020 09:48:21,28.74200058,24.11940002,6721.647461
14/11/2020 09:48:22,29.10977745,24.25814819,6748.426758
14/11/2020 09:48:23,26.71025848,22.25854874,6269.395508
14/11/2020 09:48:24,24.31073761,20.25894737,5790.364258
14/11/2020 09:48:25,21.91121864,18.25934792,5311.33252
14/11/2020 09:48:26,19.51169777,16.25974846,4832.30127
14/11/2020 09:48:27,18.66400719,15.59022903,4617.20752
14/11/2020 09:48:28,20.45862389,17.18544388,4916.753906
14/11/2020 09:48:29,22.25324059,18.78065872,5216.299805
14/11/2020 09:48:30,24.04785728,20.37587166,5515.845703
14/11/2020 09:48:31,25.84247208,21.9710865,5815.39209
14/11/2020 09:48:32,27.21299934,23.21299934,6172.77832
14/11/2020 09:48:33,27.81299973,23.81299973,6660.118652
14/11/2020 09:48:34,28.41300011,24.41300011,7147.458984
14/11/2020 09:48:35,29.01300049,25.01300049,7634.799316
14/11/2020 09:48:36,29.61300087,25.61300087,8122.13916
14/11/2020 09:48:37,29.57535934,25.57535934,8444.90625
14/11/2020 09:48:38,28.37918663,24.37918663,8335.966797
14/11/2020 09:48:39,27.18301392,23.18301392,8227.027344
14/11/2020 09:48:40,25.9868412,21.9868412,8118.088379
14/11/2020 09:48:41,24.79067039,20.79067039,8009.149414
14/11/2020 09:48:42,24.13476372,20.13476372,7881.637207
14/11/2020 09:48:43,24.53229904,20.53229904,7701.539063
14/11/2020 09:48:44,24.92983437,20.92983437,7521.440918
14/11/2020 09:48:45,25.32736969,21.32736969,7341.342285
14/11/2020 09:48:46,25.72490501,21.72490501,7161.244141
14/11/2020 09:48:47,25.75516701,21.81637573,6992.710938
14/11/2020 09:48:48,24.96025467,21.22019005,6859.816895
14/11/2020 09:48:49,24.16534233,20.62400627,6726.922363
14/11/2020 09:48:50,23.37042999,20.02782249,6594.02832
14/11/2020 09:48:51,22.57551575,19.43163681,6461.133789
14/11/2020 09:48:52,22.49531364,19.44027901,6425.266602
14/11/2020 09:48:53,24.28993034,21.03549385,6782.406738
14/11/2020 09:48:54,26.08454704,22.63070869,7139.546875
14/11/2020 09:48:55,27.87916183,24.22592163,7496.687012
14/11/2020 09:48:56,29.67377853,25.82113647,7853.827148
14/11/2020 09:48:57,30.73983192,26.7918663,8148.543457
14/11/2020 09:48:58,29.74302292,25.99441719,8092.282227
14/11/2020 09:48:59,28.74621201,25.19696999,8036.020996
14/11/2020 09:49:00,27.74940109,24.39952087,7979.759277
14/11/2020 09:49:01,26.75259209,23.60207367,7923.498047
14/11/2020 09:49:02,25.90291214,22.85436821,7852.536621
14/11/2020 09:49:03,25.50663757,22.25995636,7654.929688
14/11/2020 09:49:04,25.11036301,21.66554451,7457.322754
14/11/2020 09:49:05,24.71408844,21.07113075,7259.71582
14/11/2020 09:49:06,24.31781197,20.4767189,7062.108887
14/11/2020 09:49:07,23.9215374,20.0784626,6867.551758
14/11/2020 09:49:08,23.52526283,20.47473717,6722.525391
14/11/2020 09:49:09,23.12898827,20.87101173,6577.499023
14/11/2020 09:49:10,22.73271179,21.26728821,6432.472656
14/11/2020 09:49:11,22.33643723,21.66356277,6287.446777
14/11/2020 09:49:12,21.94016266,21.85040665,6141.689453
14/11/2020 09:49:13,21.54388809,20.85971832,5968.54834
14/11/2020 09:49:14,21.14761162,19.86903191,5795.407715
14/11/2020 09:49:15,20.75133705,18.87834358,5622.26709
14/11/2020 09:49:16,20.35506248,17.88765526,5449.126465
14/11/2020 09:49:17,20.02061081,17.02061081,5276.87793
14/11/2020 09:49:18,20.21878624,17.21878624,5184.836914
14/11/2020 09:49:19,20.41696358,17.41696358,5092.796387
14/11/2020 09:49:20,20.61514091,17.61514091,5000.755859
14/11/2020 09:49:21,20.81331825,17.81331825,4908.715332
14/11/2020 09:49:22,20.96542168,17.95389557,4816.674805
14/11/2020 09:49:23,20.36923599,17.15898323,4565.864258
14/11/2020 09:49:24,19.77305222,16.36407089,4309.124512
14/11/2020 09:49:25,19.17686844,15.5691576,4052.384766
14/11/2020 09:49:26,18.58068275,14.77424526,3795.64502
14/11/2020 09:49:27,18.01036835,14.01555347,3538.905273
14/11/2020 09:49:28,18.40917206,14.61375904,3691.221924
14/11/2020 09:49:29,18.80797577,15.21196365,3880.563232
14/11/2020 09:49:30,19.20677948,15.81016922,4069.904541
14/11/2020 09:49:31,19.60558319,16.40837479,4259.246094
14/11/2020 09:49:32,20.01743698,17.01525688,4448.587402
14/11/2020 09:49:33,21.60253525,18.40221977,4891.224609
14/11/2020 09:49:34,23.18763542,19.78918076,5361.693848
14/11/2020 09:49:35,24.7727356,21.17614365,5832.162598
14/11/2020 09:49:36,26.35783577,22.56310654,6302.631836
14/11/2020 09:49:37,27.94293594,23.95006943,6773.100586
14/11/2020 09:49:38,28.76401901,24.95502281,7193.67334
14/11/2020 09:49:39,29.55656815,25.94571114,7606.790527
14/11/2020 09:49:40,30.34911919,26.93639755,8019.907715
14/11/2020 09:49:41,31.14166832,27.92708588,8433.024414
14/11/2020 09:49:42,31.93421745,28.91777229,8846.141602
14/11/2020 09:49:43,32,28.8174572,9013.370117
14/11/2020 09:49:44,32,28.61839294,9133.064453
14/11/2020 09:49:45,32,28.41932869,9252.758789
14/11/2020 09:49:46,32,28.22026443,9372.453125
14/11/2020 09:49:47,32,28.02120018,9492.147461
14/11/2020 09:49:48,31.8209095,27.82213593,9452.385742
14/11/2020 09:49:49,31.62214279,27.62307167,9366.595703
14/11/2020 09:49:50,31.42337418,27.42400742,9280.806641
14/11/2020 09:49:51,31.22460747,27.22494316,9195.016602
14/11/2020 09:49:52,31.02583885,27.02587891,9109.226563
14/11/2020 09:49:53,31.17289352,27.17289352,9225.567383
14/11/2020 09:49:54,31.37162209,27.37162209,9417.048828
14/11/2020 09:49:55,31.57035065,27.57035065,9608.529297
14/11/2020 09:49:56,31.7690773,27.7690773,9800.010742
14/11/2020 09:49:57,31.96780586,27.96780586,9991.492188
14/11/2020 09:49:58,31.33781052,27.33781052,9903.198242
14/11/2020 09:49:59,30.54760933,26.54760933,9693.855469
14/11/2020 09:50:00,29.75740814,25.75740814,9484.513672
14/11/2020 09:50:01,28.96720695,24.96720695,9275.170898
14/11/2020 09:50:02,28.17700577,24.17700577,9065.828125
14/11/2020 09:50:03,26.61620712,22.76996231,8572.28125
14/11/2020 09:50:04,24.83296967,21.18486214,7936.205566
14/11/2020 09:50:05,23.04973221,19.59976196,7300.129395
14/11/2020 09:50:06,21.26649475,18.01466179,6664.053223
14/11/2020 09:50:07,19.48325729,16.42956161,6027.977539
14/11/2020 09:50:08,19.14490128,16.19318962,5677.688477
14/11/2020 09:50:09,19.34366989,16.45819473,5491.67041
14/11/2020 09:50:10,19.5424366,16.72320175,5305.652832
14/11/2020 09:50:11,19.74120522,16.98820686,5119.634766
14/11/2020 09:50:12,19.93997192,17.25321388,4933.617188
14/11/2020 09:50:13,20.41613579,17.51821899,4884.836426
14/11/2020 09:50:14,21.01232147,17.78322601,4926.031738
14/11/2020 09:50:15,21.60850525,18.04823112,4967.227539
14/11/2020 09:50:16,22.20469093,18.31323624,5008.422852
14/11/2020 09:50:17,22.80087471,18.57824326,5049.618652
14/11/2020 09:50:18,23,18.84324837,5165.666992
14/11/2020 09:50:19,23,19.10825539,5337.495117
14/11/2020 09:50:20,23,19.3732605,5509.32373
14/11/2020 09:50:21,23,19.63826752,5681.152344
14/11/2020 09:50:22,23,19.90327263,5852.980957
14/11/2020 09:50:23,23.75730515,20.63108635,6106.592773
14/11/2020 09:50:24,24.94991112,21.62492561,6425.249512
14/11/2020 09:50:25,26.14251709,22.61876297,6743.90625
14/11/2020 09:50:26,27.33512306,23.61260223,7062.562988
14/11/2020 09:50:27,28.52772903,24.60643959,7381.219727
14/11/2020 09:50:28,28.2796669,24.27859116,7439.932617
14/11/2020 09:50:29,27.08706093,23.08420372,7264.398438
14/11/2020 09:50:30,25.89445496,21.88981819,7088.864746
14/11/2020 09:50:31,24.70184898,20.69543076,6913.331055
14/11/2020 09:50:32,23.50924301,19.50104523,6737.797363
14/11/2020 09:50:33,22.20035934,18.30665779,6261.907227
14/11/2020 09:50:34,20.80482483,17.11227226,5497.44043
14/11/2020 09:50:35,19.40929031,15.91788578,4732.973145
14/11/2020 09:50:36,18.0137558,14.7234993,3968.505859
14/11/2020 09:50:37,16.61822128,13.52911282,3204.038574
14/11/2020 09:50:38,18.43569946,15.3249855,3245.602051
14/11/2020 09:50:39,22.80858612,19.49910545,4061.58667
14/11/2020 09:50:40,27.18147469,23.6732254,4877.571777
14/11/2020 09:50:41,31.55436325,27.84734726,5693.556641
14/11/2020 09:50:42,35.92724991,32.0214653,6509.541016
14/11/2020 09:50:43,35.79784775,31.90271187,6690.353027
14/11/2020 09:50:44,31.6112442,27.91547012,6134.473633
14/11/2020 09:50:45,27.42464066,23.92823029,5578.594238
14/11/2020 09:50:46,23.23803902,19.94098854,5022.715332
14/11/2020 09:50:47,19.05143547,15.95374775,4466.835938
14/11/2020 09:50:48,17.7140007,14.71399975,4307.836426
14/11/2020 09:50:49,19.11400032,16.11400032,4555.356934
14/11/2020 09:50:50,20.51399994,17.51399994,4802.877441
14/11/2020 09:50:51,21.91399956,18.91399956,5050.397949
14/11/2020 09:50:52,23.31399918,20.31399918,5297.918945
14/11/2020 09:50:53,24.20210075,21.30315018,5618.806641
14/11/2020 09:50:54,24.59837532,21.89756203,6024.787598
14/11/2020 09:50:55,24.99464989,22.49197578,6430.768066
14/11/2020 09:50:56,25.39092445,23.08638763,6836.749023
14/11/2020 09:50:57,25.78720093,23.68080139,7242.72998
14/11/2020 09:50:58,25.53411102,23.34775543,7365.32959
14/11/2020 09:50:59,24.52787209,21.93902206,7159.255859
14/11/2020 09:51:00,23.52163506,20.5302887,6953.182617
14/11/2020 09:51:01,22.51539612,19.12155342,6747.108887
14/11/2020 09:51:02,21.50915718,17.71282005,6541.035156
14/11/2020 09:51:03,21.58914757,17.58914757,6418.723633
14/11/2020 09:51:04,22.78175354,18.78175354,6439.647461
14/11/2020 09:51:05,23.97435951,19.97435951,6460.570801
14/11/2020 09:51:06,25.16696548,21.16696548,6481.494629
14/11/2020 09:51:07,26.35957146,22.35957146,6502.418457
14/11/2020 09:51:08,26.90740013,22.90740013,6565.523438
14/11/2020 09:51:09,26.70739937,22.70739937,6687.844238
14/11/2020 09:51:10,26.50740051,22.50740051,6810.165039
14/11/2020 09:51:11,26.30739975,22.30739975,6932.486328
14/11/2020 09:51:12,26.10740089,22.10740089,7054.807129
14/11/2020 09:51:13,26.6362381,22.6362381,7112.585938
14/11/2020 09:51:14,28.01040459,24.01040459,7073.551758
14/11/2020 09:51:15,29.38456917,25.38456917,7034.51709
14/11/2020 09:51:16,30.75873566,26.75873566,6995.48291
14/11/2020 09:51:17,32.13290024,28.13290215,6956.44873
14/11/2020 09:51:18,32.7765007,28.70199966,6852.138184
14/11/2020 09:51:19,32.17080688,27.89440727,6643.556152
14/11/2020 09:51:20,31.56511116,27.08681679,6434.973633
14/11/2020 09:51:21,30.95941925,26.2792244,6226.391602
14/11/2020 09:51:22,30.35372543,25.47163391,6017.809082
14/11/2020 09:51:23,27.51196098,22.92663383,5666.788086
14/11/2020 09:51:24,21.53110123,17.94258308,5054.697266
14/11/2020 09:51:25,15.55023956,12.95853233,4442.605957
14/11/2020 09:51:26,9.569377899,7.974481583,3830.514893
14/11/2020 09:51:27,3.588516712,2.990430593,3218.423584
14/11/2020 09:51:28,0,0,2675.557617
14/11/2020 09:51:29,0,0,2259.572021
14/11/2020 09:51:30,0,0,1843.586548
14/11/2020 09:51:31,0,0,1427.600952
14/11/2020 09:51:32,0,0,1011.615295
14/11/2020 09:51:33,0,0,677.769104
14/11/2020 09:51:34,0,0,560.472168
14/11/2020 09:51:35,0,0,443.175293
14/11/2020 09:51:36,0,0,325.8783569
14/11/2020 09:51:37,0,0,208.5814667
14/11/2020 09:51:38,0,0,122.4455719
14/11/2020 09:51:39,0,0,101.9220352
14/11/2020 09:51:40,0,0,81.39849854
14/11/2020 09:51:41,0,0,60.87495804
14/11/2020 09:51:42,0,0,40.35142136
14/11/2020 09:51:43,0,0,25.26938248
14/11/2020 09:51:44,0,0,20.8927269
14/11/2020 09:51:45,0,0,16.51607323
14/11/2020 09:51:46,0,0,12.13941765
14/11/2020 09:51:47,0,0,7.762763023
14/11/2020 09:51:48,0,0,4.532355309
14/11/2020 09:51:49,0,0,3.557025909
14/11/2020 09:51:50,0,0,2.58169651
14/11/2020 09:51:51,0,0,1.60636735
14/11/2020 09:51:52,0,0,0.63103801
14/11/2020 09:51:53,0,0,0
14/11/2020 09:51:54,0,0,0
14/11/2020 09:51:55,0,0,0
14/11/2020 09:51:56,0,0,0
14/11/2020 09:51:57,0,0,0
14/11/2020 09:51:58,0,0,0
14/11/2020 09:51:59,0,0,0
14/11/2020 09:52:00,0,0,0
14/11/2020 09:52:01,0,0,0
14/11/2020 09:52:02,0,0,0
14/11/2020 09:52:03,0,0,0
14/11/2020 09:52:04,0,0,0
14/11/2020 09:52:05,0,0,0
14/11/2020 09:52:06,0,0,0
14/11/2020 09:52:07,0,0,0
14/11/2020 09:52:08,0,0,0
14/11/2020 09:52:09,0,0,0
14/11/2020 09:52:10,0,0,0
14/11/2020 09:52:11,0,0,0
14/11/2020 09:52:12,0,0,0
14/11/2020 09:52:13,0,0,0
14/11/2020 09:52:14,0,0,0
14/11/2020 09:52:15,0,0,0
14/11/2020 09:52:16,0,0,0
14/11/2020 09:52:17,0,0,0
14/11/2020 09:52:18,0,0,0
14/11/2020 09:52:19,0,0,0
14/11/2020 09:52:20,0,0,0
14/11/2020 09:52:21,0,0,0
14/11/2020 09:52:22,0,0,0
14/11/2020 09:52:23,0,0,0
14/11/2020 09:52:24,0,0,0
14/11/2020 09:52:25,0,0,0
14/11/2020 09:52:26,0,0,0
14/11/2020 09:52:27,0,0,0
14/11/2020 09:52:28,0,0,0
14/11/2020 09:52:29,0,0,0
14/11/2020 09:52:30,0,0,0
14/11/2020 09:52:31,0,0,0
14/11/2020 09:52:32,0,0,0
14/11/2020 09:52:33,0,0,0
14/11/2020 09:52:34,0,0,0
14/11/2020 09:52:35,0,0,0
14/11/2020 09:52:36,0,0,0
14/11/2020 09:52:37,0,0,0
14/11/2020 09:52:38,0,0,0
14/11/2020 09:52:39,0,0,0
14/11/2020 09:52:40,0,0,0
14/11/2020 09:52:41,0,0,0
14/11/2020 09:52:42,0,0,0
14/11/2020 09:52:43,0,0,0
14/11/2020 09:52:44,0,0,0
14/11/2020 09:52:45,0,0,0
14/11/2020 09:52:46,0,0,0
14/11/2020 09:52:47,0,0,0
14/11/2020 09:52:48,0,0,0
14/11/2020 09:52:49,0,0,0
14/11/2020 09:52:50,0,0,0
14/11/2020 09:52:51,0,0,0
14/11/2020 09:52:52,0,0,0
14/11/2020 09:52:53,0,0,0
14/11/2020 09:52:54,0,0,0
14/11/2020 09:52:55,0,0,0
14/11/2020 09:52:56,0,0,0
14/11/2020 09:52:57,0,0,0
14/11/2020 09:52:58,0,0,0
14/11/2020 09:52:59,0,0,0
14/11/2020 09:53:00,0,0,0
14/11/2020 09:53:01,0,0,0
14/11/2020 09:53:02,0,0,0
14/11/2020 09:53:03,0,0,0
14/11/2020 09:53:04,0,0,0
14/11/2020 09:53:05,0,0,0
14/11/2020 09:53:06,0,0,0
14/11/2020 09:53:07,0,0,0
14/11/2020 09:53:08,0,0,0
14/11/2020 09:53:09,0,0,0
14/11/2020 09:53:10,0,0,0
14/11/2020 09:53:11,0,0,0
14/11/2020 09:53:12,0,0,0
14/11/2020 09:53:13,0,0,0
14/11/2020 09:53:14,0,0,0
14/11/2020 09:53:15,0,0,0
14/11/2020 09:53:16,0,0,0
14/11/2020 09:53:17,0,0,0
14/11/2020 09:53:18,0,0,0
14/11/2020 09:53:19,0,0,0
14/11/2020 09:53:20,0,0,0
14/11/2020 09:53:21,0,0,0
14/11/2020 09:53:22,0,0,0
14/11/2020 09:53:23,0,0,0
14/11/2020 09:53:24,0,0,0
14/11/2020 09:53:25,0,0,0
14/11/2020 09:53:26,0,0,0
14/11/2020 09:53:27,0,0,0
14/11/2020 09:53:28,0,0,0
14/11/2020 09:53:29,0,0,0
14/11/2020 09:53:30,0,0,0
14/11/2020 09:53:31,0,0,0
14/11/2020 09:53:32,0,0,0
14/11/2020 09:53:33,0,0,0
14/11/2020 09:53:34,0,0,0
14/11/2020 09:53:35,0,0,0
14/11/2020 09:53:36,0,0,0
14/11/2020 09:53:37,0,0,0
14/11/2020 09:53:38,0,0,0
14/11/2020 09:53:39,0,0,0
14/11/2020 09:53:40,0,0,0
14/11/2020 09:53:41,0,0,0
14/11/2020 09:53:42,0,0,0
14/11/2020 09:53:43,0,0,0
14/11/2020 09:53:44,0,0,0
14/11/2020 09:53:45,0,0,0
14/11/2020 09:53:46,0,0,0
14/11/2020 09:53:47,0,0,0
14/11/2020 09:53:48,0,0,0
14/11/2020 09:53:49,0,0,0
14/11/2020 09:53:50,0,0,0
14/11/2020 09:53:51,0,0,0
14/11/2020 09:53:52,0,0,0
14/11/2020 09:53:53,0,0,0
14/11/2020 09:53:54,0,0,0
14/11/2020 09:53:55,0,0,0
14/11/2020 09:53:56,0,0,0
14/11/2020 09:53:57,0,0,0
14/11/2020 09:53:58,0,0,0
14/11/2020 09:53:59,0,0,0
14/11/2020 09:54:00,0,0,0
14/11/2020 09:54:01,0,0,0
14/11/2020 09:54:02,0,0,0
14/11/2020 09:54:03,0,0,0
14/11/2020 09:54:04,0,0,0
14/11/2020 09:54:05,0,0,0
14/11/2020 09:54:06,0,0,0
14/11/2020 09:54:07,0,0,0
14/11/2020 09:54:08,0,0,0
14/11/2020 09:54:09,0,0,0
14/11/2020 09:54:10,0,0,0
14/11/2020 09:54:11,0,0,0
14/11/2020 09:54:12,0,0,0
14/11/2020 09:54:13,0,0,0
14/11/2020 09:54:14,0,0,0
14/11/2020 09:54:15,0,0,0
14/11/2020 09:54:16,0,0,0
14/11/2020 09:54:17,0,0,0
14/11/2020 09:54:18,0,0,0
14/11/2020 09:54:19,0,0,0
14/11/2020 09:54:20,0,0,0
14/11/2020 09:54:21,0,0,0
14/11/2020 09:54:22,0,0,0
14/11/2020 09:54:23,0,0,0
14/11/2020 09:54:24,0,0,0
14/11/2020 09:54:25,0,0,0
14/11/2020 09:54:26,0,0,0
14/11/2020 09:54:27,0,0,0
14/11/2020 09:54:28,0,0,0
14/11/2020 09:54:29,0,0,0
14/11/2020 09:54:30,0,0,0
14/11/2020 09:54:31,0,0,0
14/11/2020 09:54:32,0,0,0
14/11/2020 09:54:33,0,0,0
14/11/2020 09:54:34,0,0,0
14/11/2020 09:54:35,0,0,0
14/11/2020 09:54:36,0,0,0
14/11/2020 09:54:37,0,0,0
14/11/2020 09:54:38,0,0,0
14/11/2020 09:54:39,0,0,0
14/11/2020 09:54:40,0,0,0
14/11/2020 09:54:41,0,0,0
14/11/2020 09:54:42,0,0,0
14/11/2020 09:54:43,0,0,0
14/11/2020 09:54:44,0,0,0
14/11/2020 09:54:45,0,0,0
14/11/2020 09:54:46,0,0,0
14/11/2020 09:54:47,0,0,0
14/11/2020 09:54:48,0,0,0
14/11/2020 09:54:49,0,0,0
14/11/2020 09:54:50,0,0,0
14/11/2020 09:54:51,0,0,0
14/11/2020 09:54:52,0,0,0
14/11/2020 09:54:53,0,0,0
14/11/2020 09:54:54,0,0,0
14/11/2020 09:54:55,0,0,0
14/11/2020 09:54:56,0,0,0
14/11/2020 09:54:57,0,0,0
14/11/2020 09:54:58,0,0,0
14/11/2020 09:54:59,0,0,0
14/11/2020 09:55:00,0,0,0
14/11/2020 09:55:01,0,0,0
14/11/2020 09:55:02,0,0,0
14/11/2020 09:55:03,0,0,0
14/11/2020 09:55:04,0,0,0
14/11/2020 09:55:05,0,0,0
14/11/2020 09:55:06,0,0,0
14/11/2020 09:55:07,0,0,0
14/11/2020 09:55:08,0,0,0
14/11/2020 09:55:09,0,0,0
14/11/2020 09:55:10,0,0,0
14/11/2020 09:55:11,0,0,0
14/11/2020 09:55:12,0,0,0
14/11/2020 09:55:13,0,0,0
14/11/2020 09:55:14,0,0,0
14/11/2020 09:55:15,0,0,0
14/11/2020 09:55:16,0,0,0
14/11/2020 09:55:17,0,0,0
14/11/2020 09:55:18,0,0,0
14/11/2020 09:55:19,0,0,0
14/11/2020 09:55:20,0,0,0
14/11/2020 09:55:21,0,0,0
14/11/2020 09:55:22,0,0,0
14/11/2020 09:55:23,0,0,0
14/11/2020 09:55:24,0,0,0
14/11/2020 09:55:25,0,0,0
14/11/2020 09:55:26,0,0,0
14/11/2020 09:55:27,0,0,0
14/11/2020 09:55:28,0,0,0
14/11/2020 09:55:29,0,0,0
14/11/2020 09:55:30,0,0,0
14/11/2020 09:55:31,0,0,0
14/11/2020 09:55:32,0,0,0
14/11/2020 09:55:33,0,0,0
14/11/2020 09:55:34,0,0,0
14/11/2020 09:55:35,0,0,0
14/11/2020 09:55:36,0,0,0
14/11/2020 09:55:37,0,0,0
14/11/2020 09:55:38,0,0,0
14/11/2020 09:55:39,14.48644352,0,16.04187393
14/11/2020 09:55:40,39.20733643,0,44.18550873
14/11/2020 09:55:41,63.92823029,0,72.32914734
14/11/2020 09:55:42,88.64912415,0,100.4727859
14/11/2020 09:55:43,113.370018,0,128.6164246
14/11/2020 09:55:44,111.6136398,1.363636374,255.5223236
14/11/2020 09:55:45,89.88317108,3.755980968,466.8983765
14/11/2020 09:55:46,68.15270996,6.148325443,678.2744141
14/11/2020 09:55:47,46.42224884,8.540669441,889.6504517
14/11/2020 09:55:48,24.69178581,10.93301392,1101.026489
14/11/2020 09:55:49,15,12,1148.472168
14/11/2020 09:55:50,15,12,1003.477966
14/11/2020 09:55:51,15,12,858.4837646
14/11/2020 09:55:52,15,12,713.489563
14/11/2020 09:55:53,15,12,568.4953003
14/11/2020 09:55:54,15,12,457.6907349
14/11/2020 09:55:55,15,12,382.1876526
14/11/2020 09:55:56,15,12,306.6845703
14/11/2020 09:55:57,15,12,231.1814728
14/11/2020 09:55:58,15,12,155.6783905
14/11/2020 09:55:59,14.89387703,11.89387703,156.3842773
14/11/2020 09:56:00,14.69698715,11.69698715,235.7774811
14/11/2020 09:56:01,14.50009823,11.50009823,315.1706848
14/11/2020 09:56:02,14.3032093,11.3032093,394.5639038
14/11/2020 09:56:03,14.10632038,11.10632038,473.9570923
14/11/2020 09:56:04,14.83333302,11.74074078,888.0697021
14/11/2020 09:56:05,16.64492798,13.35104656,1670.654785
14/11/2020 09:56:06,18.45652199,14.96135235,2453.23999
14/11/2020 09:56:07,20.268116,16.57165909,3235.825195
14/11/2020 09:56:08,22.07971001,18.18196487,4018.410156
14/11/2020 09:56:09,22.70479965,18.70479965,4527.750488
14/11/2020 09:56:10,22.10479927,18.10479927,4736.291016
14/11/2020 09:56:11,21.5048008,17.5048008,4944.832031
14/11/2020 09:56:12,20.90480042,16.90480042,5153.373047
14/11/2020 09:56:13,20.30480003,16.30480003,5361.913574
14/11/2020 09:56:14,20.5403347,16.68660355,5616.919434
14/11/2020 09:56:15,21.63857841,18.08213806,5926.470703
14/11/2020 09:56:16,22.73682022,19.47767067,6236.021484
14/11/2020 09:56:17,23.83506393,20.87320518,6545.572754
14/11/2020 09:56:18,24.93330765,22.2687397,6855.123535
14/11/2020 09:56:19,26.03154945,23.28560066,7156.129883
14/11/2020 09:56:20,27.12979317,23.88559914,7445.761719
14/11/2020 09:56:21,28.22803497,24.48559952,7735.394043
14/11/2020 09:56:22,29.32627869,25.0855999,8025.026367
14/11/2020 09:56:23,30.42452049,25.68560028,8314.65918
14/11/2020 09:56:24,30.81020737,25.90510368,8434.163086
14/11/2020 09:56:25,30.41148376,25.70574188,8311.863281
14/11/2020 09:56:26,30.01275826,25.50638008,8189.563477
14/11/2020 09:56:27,29.61403465,25.30701828,8067.263672
14/11/2020 09:56:28,29.21531105,25.10765457,7944.963867
14/11/2020 09:56:29,28.26853561,24.4047966,7678.759277
14/11/2020 09:56:30,26.67839432,23.11087799,7179.745117
14/11/2020 09:56:31,25.08825302,21.81695938,6680.730957
14/11/2020 09:56:32,23.49811172,20.52304077,6181.716797
14/11/2020 09:56:33,21.90797043,19.22912407,5682.702637
14/11/2020 09:56:34,20.4868412,17.93520546,5137.532715
14/11/2020 09:56:35,19.29067039,16.64128685,4512.410645
14/11/2020 09:56:36,18.09449768,15.34736729,3887.288818
14/11/2020 09:56:37,16.89832497,14.05344868,3262.166504
14/11/2020 09:56:38,15.70215321,12.75953007,2637.044434
14/11/2020 09:56:39,15.16418171,12.24627304,2271.30249
14/11/2020 09:56:40,15.56171703,12.84257603,2354.869141
14/11/2020 09:56:41,15.95925236,13.43887901,2438.436035
14/11/2020 09:56:42,16.35678864,14.035182,2522.002686
14/11/2020 09:56:43,16.75432396,14.63148499,2605.56958
14/11/2020 09:56:44,17.45693779,15.38078117,2813.421387
14/11/2020 09:56:45,18.6531105,16.37759209,3236.565186
14/11/2020 09:56:46,19.84928322,17.37440109,3659.70874
14/11/2020 09:56:47,21.04545403,18.37121201,4082.852539
14/11/2020 09:56:48,22.24162674,19.36802292,4505.996094
14/11/2020 09:56:49,23.5855999,20.51239967,5030.441895
14/11/2020 09:56:50,25.18560028,21.91239929,5755.980469
14/11/2020 09:56:51,26.78560066,23.31240082,6481.518555
14/11/2020 09:56:52,28.38559914,24.71240044,7207.057129
14/11/2020 09:56:53,29.98559952,26.11240005,7932.595215
14/11/2020 09:56:54,31.36599922,27.36599922,8549.139648
14/11/2020 09:56:55,32.36600113,28.36599922,8896.228516
14/11/2020 09:56:56,33.36600113,29.36599922,9243.316406
14/11/2020 09:56:57,34.36600113,30.36599922,9590.404297
14/11/2020 09:56:58,35.36600113,31.36599922,9937.492188
14/11/2020 09:56:59,35.4180069,31.4180088,10160.75879
14/11/2020 09:57:00,33.8278656,29.82786751,10100.54004
14/11/2020 09:57:01,32.2377243,28.23772621,10040.32031
14/11/2020 09:57:02,30.64758492,26.64758492,9980.101563
14/11/2020 09:57:03,29.05744362,25.05744362,9919.881836
14/11/2020 09:57:04,27.6017437,23.59924316,9696.482422
14/11/2020 09:57:05,26.41291809,22.40295029,9124.725586
14/11/2020 09:57:06,25.22409439,21.20665932,8552.96875
14/11/2020 09:57:07,24.03526878,20.01036835,7981.211426
14/11/2020 09:57:08,22.84644318,18.81407547,7409.454102
14/11/2020 09:57:09,21.59550476,17.6177845,6752.327148
14/11/2020 09:57:10,20.19101143,16.42149353,5848.39209
14/11/2020 09:57:11,18.78651619,15.22520161,4944.45752
14/11/2020 09:57:12,17.38202286,14.02891064,4040.522217
14/11/2020 09:57:13,15.97752762,12.83261871,3136.587158
14/11/2020 09:57:14,15.48786354,12.42360878,2593.663574
14/11/2020 09:57:15,17.09267807,13.81705952,3187.700928
14/11/2020 09:57:16,18.6974926,15.21051025,3781.738281
14/11/2020 09:57:17,20.30230713,16.60396194,4375.775391
14/11/2020 09:57:18,21.90712166,17.99741173,4969.812988
14/11/2020 09:57:19,23.37811089,19.39086342,5530.157227
14/11/2020 09:57:20,24.56341362,20.7843132,5993.094238
14/11/2020 09:57:21,25.74871635,22.17776489,6456.030762
14/11/2020 09:57:22,26.93401909,23.57121468,6918.967285
14/11/2020 09:57:23,28.11931992,24.96466637,7381.904297
14/11/2020 09:57:24,28.8462925,25.74382019,7753.196289
14/11/2020 09:57:25,28.24820518,24.74700928,7808.823242
14/11/2020 09:57:26,27.65011978,23.75020027,7864.450684
14/11/2020 09:57:27,27.05203438,22.75338936,7920.077637
14/11/2020 09:57:28,26.45394707,21.75657845,7975.705078
14/11/2020 09:57:29,25.8065815,20.90328979,7945.725098
14/11/2020 09:57:30,25.00401306,20.50200653,7620.875977
14/11/2020 09:57:31,24.20144463,20.10072136,7296.026855
14/11/2020 09:57:32,23.39887619,19.6994381,6971.178223
14/11/2020 09:57:33,22.59630775,19.29815483,6646.329102
14/11/2020 09:57:34,22.30643845,19.15321922,6399.524414
14/11/2020 09:57:35,23.49880791,19.749403,6421.537598
14/11/2020 09:57:36,24.69117737,20.34558868,6443.550781
14/11/2020 09:57:37,25.88354492,20.94177246,6465.563965
14/11/2020 09:57:38,27.07591438,21.53795624,6487.577148
14/11/2020 09:57:39,27.68499947,21.81999969,6467.477539
14/11/2020 09:57:40,26.28499985,21.02000046,6272.414551
14/11/2020 09:57:41,24.88500023,20.21999931,6077.352051
14/11/2020 09:57:42,23.48500061,19.42000008,5882.289063
14/11/2020 09:57:43,22.08499908,18.62000084,5687.226074
14/11/2020 09:57:44,21.22500038,18.24673462,5549.171387
14/11/2020 09:57:45,22.22500038,19.34333611,5647.964355
14/11/2020 09:57:46,23.22500038,20.43993568,5746.757813
14/11/2020 09:57:47,24.22500038,21.53653717,5845.55127
14/11/2020 09:57:48,25.22500038,22.63313675,5944.344238
14/11/2020 09:57:49,26.31305885,23.72973824,6056.717773
14/11/2020 09:57:50,27.70443344,24.82633781,6352.324219
14/11/2020 09:57:51,29.09580612,25.9229393,6647.930664
14/11/2020 09:57:52,30.4871788,27.01953888,6943.537109
14/11/2020 09:57:53,31.87855339,28.11614037,7239.143555
14/11/2020 09:57:54,33.11640167,29.07760048,7562.777344
14/11/2020 09:57:55,33.71640015,29.4776001,8049.047363
14/11/2020 09:57:56,34.31639862,29.87759972,8535.317383
14/11/2020 09:57:57,34.91640091,30.27759933,9021.587891
14/11/2020 09:57:58,35.51639938,30.67760086,9507.857422
14/11/2020 09:57:59,35.59450531,30.6331234,9834.561523
14/11/2020 09:58:00,33.50432968,28.74201202,9335.859375
14/11/2020 09:58:01,31.41415405,26.85090065,8837.15625
14/11/2020 09:58:02,29.32397652,24.95978928,8338.453125
14/11/2020 09:58:03,27.23380089,23.0686779,7839.750488
14/11/2020 09:58:04,25.14362526,21.17756462,7282.866699
14/11/2020 09:58:05,23.05344963,19.28645325,6282.601563
14/11/2020 09:58:06,20.96327209,17.39534187,5282.336426
14/11/2020 09:58:07,18.87309647,15.5042305,4282.071777
14/11/2020 09:58:08,16.78292084,13.61311817,3281.806641
14/11/2020 09:58:09,15.07327271,12.05861855,2396.394287
14/11/2020 09:58:10,15.57172775,12.4573822,2394.849609
14/11/2020 09:58:11,16.0701828,12.85614586,2393.304688
14/11/2020 09:58:12,16.56863785,13.25490952,2391.76001
14/11/2020 09:58:13,17.0670929,13.65367317,2390.215088
14/11/2020 09:58:14,17.56554604,14.05243778,2425.13623
14/11/2020 09:58:15,18.06400108,14.45120144,2740.687988
14/11/2020 09:58:16,18.56245613,14.8499651,3056.239746
14/11/2020 09:58:17,19.06091118,15.24872875,3371.791504
14/11/2020 09:58:18,19.55936623,15.64749241,3687.343018
14/11/2020 09:58:19,19.88402367,15.9304142,3938.367432
14/11/2020 09:58:20,18.88422394,15.33053398,3608.644531
14/11/2020 09:58:21,17.8844223,14.73065376,3278.921631
14/11/2020 09:58:22,16.88462257,14.13077354,2949.198975
14/11/2020 09:58:23,15.88482285,13.53089428,2619.476074
14/11/2020 09:58:24,15.11499977,13.06900024,2354.870117
14/11/2020 09:58:25,16.11499977,13.66899967,2591.380615
14/11/2020 09:58:26,17.11499977,14.26900005,2827.891357
14/11/2020 09:58:27,18.11499977,14.86900043,3064.401855
14/11/2020 09:58:28,19.11499977,15.46899986,3300.912598
14/11/2020 09:58:29,20.02293205,16.0458622,3555.477539
14/11/2020 09:58:30,20.22233391,16.44466591,3948.983643
14/11/2020 09:58:31,20.42173386,16.84346962,4342.489746
14/11/2020 09:58:32,20.62113571,17.24227333,4735.995605
14/11/2020 09:58:33,20.82053757,17.64107704,5129.501465
14/11/2020 09:58:34,21.08024025,18.08024025,5512.014648
14/11/2020 09:58:35,21.88264847,18.88264847,5809.931641
14/11/2020 09:58:36,22.68505478,19.68505478,6107.848633
14/11/2020 09:58:37,23.487463,20.487463,6405.765137
14/11/2020 09:58:38,24.28986931,21.28986931,6703.682129
14/11/2020 09:58:39,24.90800095,21.88500023,6949.002441
14/11/2020 09:58:40,24.1079998,20.88500023,6720.955566
14/11/2020 09:58:41,23.30800056,19.88500023,6492.908691
14/11/2020 09:58:42,22.50799942,18.88500023,6264.861816
14/11/2020 09:58:43,21.70800018,17.88500023,6036.814941
14/11/2020 09:58:44,21.11499977,17.11499977,5857.695801
14/11/2020 09:58:45,22.11499977,18.11499977,6055.11084
14/11/2020 09:58:46,23.11499977,19.11499977,6252.525879
14/11/2020 09:58:47,24.11499977,20.11499977,6449.94043
14/11/2020 09:58:48,25.11499977,21.11499977,6647.355469
14/11/2020 09:58:49,26.34396744,22.32103729,6847.815918
14/11/2020 09:58:50,29.33499527,25.11266136,7552.811035
14/11/2020 09:58:51,32.3260231,27.90428734,8257.805664
14/11/2020 09:58:52,35.31704712,30.69591141,8962.800781
14/11/2020 09:58:53,38.30807495,33.48753738,9667.795898
14/11/2020 09:58:54,40.85957718,35.83158493,10353.31348
14/11/2020 09:58:55,39.45536423,34.14741516,10531.89453
14/11/2020 09:58:56,38.05115509,32.46324539,10710.47559
14/11/2020 09:58:57,36.64694214,30.77907753,10889.05664
14/11/2020 09:58:58,35.24272919,29.09490776,11067.6377
14/11/2020 09:58:59,33.72988892,27.4107399,11217.82129
14/11/2020 09:59:00,31.38109207,25.72657013,10628.90137
14/11/2020 09:59:01,29.03229523,24.04240227,10039.98145
14/11/2020 09:59:02,26.68350029,22.3582325,9451.061523
14/11/2020 09:59:03,24.33470345,20.67406464,8862.141602
14/11/2020 09:59:04,21.9975853,18.99637794,8273.511719
14/11/2020 09:59:05,21.59508896,18.39263344,7690.068359
14/11/2020 09:59:06,21.19259453,17.78889084,7106.625
14/11/2020 09:59:07,20.79009819,17.18514824,6523.181152
14/11/2020 09:59:08,20.38760376,16.58140564,5939.737793
14/11/2020 09:59:09,20.00740051,16.00740051,5356.293945
14/11/2020 09:59:10,20.20739937,16.20739937,5341.124512
14/11/2020 09:59:11,20.40740013,16.40740013,5341.124512
14/11/2020 09:59:12,20.60740089,16.60740089,5341.124512
14/11/2020 09:59:13,20.80739975,16.80739975,5341.124512
14/11/2020 09:59:14,20.97426224,16.9851532,5331.864746
14/11/2020 09:59:15,20.27864456,16.58386803,4890.933594
14/11/2020 09:59:16,19.58302689,16.18258476,4450.002441
14/11/2020 09:59:17,18.88740921,15.78130054,4009.071533
14/11/2020 09:59:18,18.19179153,15.38001633,3568.140381
14/11/2020 09:59:19,17.49617386,14.95825958,3127.209229
14/11/2020 09:59:20,16.80055618,14.17070293,2646.092529
14/11/2020 09:59:21,16.10493851,13.38314629,2164.570068
14/11/2020 09:59:22,15.40932083,12.59558964,1683.047607
14/11/2020 09:59:23,14.71370411,11.80803299,1201.525146
14/11/2020 09:59:24,14.01808643,11.02047634,721.826416
14/11/2020 09:59:25,14,11,605.0533447
14/11/2020 09:59:26,14,11,488.2803345
14/11/2020 09:59:27,14,11,371.5072937
14/11/2020 09:59:28,14,11,254.7342682
14/11/2020 09:59:29,14.01467609,11.01467609,137.9612274
14/11/2020 09:59:30,14.7135582,11.7135582,1094.71936
14/11/2020 09:59:31,15.4124403,12.4124403,2116.367432
14/11/2020 09:59:32,16.1113224,13.11132145,3138.015381
14/11/2020 09:59:33,16.81020355,13.81020355,4159.663574
14/11/2020 09:59:34,17.5090847,14.50908566,5181.311523
14/11/2020 09:59:35,18.20796776,15.2079668,5637.124023
14/11/2020 09:59:36,18.90684891,15.90684891,6077.832031
14/11/2020 09:59:37,19.60573006,16.60573006,6518.540039
14/11/2020 09:59:38,20.30461311,17.30461311,6959.247559
14/11/2020 09:59:39,21.00592613,18.00592613,7399.955566
14/11/2020 09:59:40,22.19122887,19.19122887,7786.850586
14/11/2020 09:59:41,23.3765316,20.3765316,8171.386719
14/11/2020 09:59:42,24.56183243,21.56183243,8555.922852
14/11/2020 09:59:43,25.74713516,22.74713516,8940.458008
14/11/2020 09:59:44,26.9324379,23.9324379,9324.994141
14/11/2020 09:59:45,27.75910568,24.75910568,9446.648438
14/11/2020 09:59:46,28.56409645,25.56409645,9542.621094
14/11/2020 09:59:47,29.36908913,26.36908913,9638.59375
14/11/2020 09:59:48,30.1740799,27.1740799,9734.566406
14/11/2020 09:59:49,30.97907066,27.97907066,9830.539063
14/11/2020 09:59:50,30.4174633,27.02910614,9501.614258
14/11/2020 09:59:51,29.8193779,26.03229713,9078.15332
14/11/2020 09:59:52,29.2212925,25.03548622,8654.691406
14/11/2020 09:59:53,28.62320518,24.03867531,8231.229492
14/11/2020 09:59:54,28.02511978,23.0418663,7807.768555
14/11/2020 09:59:55,25.91202736,21.2916584,7068.841797
14/11/2020 09:59:56,23.73251343,19.50842094,6273.807617
14/11/2020 09:59:57,21.5530014,17.72518349,5478.773438
14/11/2020 09:59:58,19.37348938,15.94194603,4683.739258
14/11/2020 09:59:59,17.19397736,14.15870857,3888.705078
14/11/2020 10:00:00,17.27161598,14.35774612,3674.687988
14/11/2020 10:00:01,17.569767,14.75044155,3528.110107
14/11/2020 10:00:02,17.86791801,15.14313793,3381.532471
14/11/2020 10:00:03,18.16607094,15.53583336,3234.954834
14/11/2020 10:00:04,18.46422195,15.92852974,3088.377197
14/11/2020 10:00:05,18.76237297,16,3284.841064
14/11/2020 10:00:06,19.06052399,16,3528.083252
14/11/2020 10:00:07,19.35867691,16,3771.325439
14/11/2020 10:00:08,19.65682793,16,4014.567627
14/11/2020 10:00:09,19.95497894,16,4257.810059
14/11/2020 10:00:10,19.31435585,15.65717793,4125.217285
14/11/2020 10:00:11,18.50676346,15.25338173,3925.780273
14/11/2020 10:00:12,17.69917297,14.84958649,3726.343018
14/11/2020 10:00:13,16.89158058,14.44579029,3526.906006
14/11/2020 10:00:14,16.0839901,14.04199505,3327.46875
14/11/2020 10:00:15,16.8931427,14.53588486,3394.47168
14/11/2020 10:00:16,17.88995171,15.13397121,3508.862549
14/11/2020 10:00:17,18.88676262,15.73205757,3623.253662
14/11/2020 10:00:18,19.88357162,16.33014297,3737.644531
14/11/2020 10:00:19,20.88038254,16.92823029,3852.0354
14/11/2020 10:00:20,20.47525406,16.65016937,3867.459229
14/11/2020 10:00:21,19.87895012,16.25263405,3853.488037
14/11/2020 10:00:22,19.28264809,15.85509872,3839.51709
14/11/2020 10:00:23,18.68634415,15.4575634,3825.545898
14/11/2020 10:00:24,18.09004211,15.06002808,3811.574707
14/11/2020 10:00:25,19.86779976,16.52820015,4288.412109
14/11/2020 10:00:26,22.06780052,18.32819939,4898.878906
14/11/2020 10:00:27,24.26779938,20.12820053,5509.345703
14/11/2020 10:00:28,26.46780014,21.92819977,6119.812988
14/11/2020 10:00:29,28.6678009,23.72820091,6730.279785
14/11/2020 10:00:30,28.33123207,23.66561699,7055.817871
14/11/2020 10:00:31,27.54352188,23.27176094,7296.727539
14/11/2020 10:00:32,26.75580978,22.87790489,7537.637207
14/11/2020 10:00:33,25.96809769,22.48404884,7778.546387
14/11/2020 10:00:34,25.18038559,22.09019279,8019.456055
14/11/2020 10:00:35,24.69067192,21.53600883,7873.265625
14/11/2020 10:00:36,24.28946877,20.93420219,7601.459473
14/11/2020 10:00:37,23.88826561,20.33239746,7329.65332
14/11/2020 10:00:38,23.48706055,19.73059273,7057.847168
14/11/2020 10:00:39,23.08585739,19.12878609,6786.041016
14/11/2020 10:00:40,23.39178467,19.39178467,6666.067383
14/11/2020 10:00:41,23.89023972,19.89023972,6608.713379
14/11/2020 10:00:42,24.38869476,20.38869476,6551.359863
14/11/2020 10:00:43,24.88714981,20.88714981,6494.005859
14/11/2020 10:00:44,25.38560486,21.38560486,6436.652344
14/11/2020 10:00:45,25.88405991,21.88405991,6573.836914
14/11/2020 10:00:46,26.38251495,22.38251495,6803.837402
14/11/2020 10:00:47,26.88096809,22.88096809,7033.837402
14/11/2020 10:00:48,27.37942314,23.37942314,7263.837402
14/11/2020 10:00:49,27.87787819,23.87787819,7493.837891
14/11/2020 10:00:50,29.04715729,25.04715729,7842.906738
14/11/2020 10:00:51,30.43412018,26.43412018,8257.509766
14/11/2020 10:00:52,31.82108116,27.82108116,8672.113281
14/11/2020 10:00:53,33.20804596,29.20804405,9086.716797
14/11/2020 10:00:54,34.59500504,30.59500694,9501.319336
14/11/2020 10:00:55,34.43709183,30.29636192,9691.392578
14/11/2020 10:00:56,33.64202118,29.30252457,9749.599609
14/11/2020 10:00:57,32.84695053,28.3086853,9807.805664
14/11/2020 10:00:58,32.05187988,27.31484795,9866.012695
14/11/2020 10:00:59,31.25680733,26.32101059,9924.21875
14/11/2020 10:01:00,30.19276619,25.05822754,9731.74707
14/11/2020 10:01:01,29.00039673,23.66712952,9370.758789
14/11/2020 10:01:02,27.80802917,22.2760334,9009.770508
14/11/2020 10:01:03,26.61565971,20.88493729,8648.782227
14/11/2020 10:01:04,25.42329025,19.49383926,8287.793945
14/11/2020 10:01:05,24.4855442,18.74277115,7736.782227
14/11/2020 10:01:06,23.68793678,18.34396744,7058.028809
14/11/2020 10:01:07,22.89032936,17.94516373,6379.275879
14/11/2020 10:01:08,22.09272194,17.54636002,5700.522461
14/11/2020 10:01:09,21.29511452,17.14755821,5021.769043
14/11/2020 10:01:10,20.24880791,16.37400627,4460.691895
14/11/2020 10:01:11,19.05643845,15.38036537,3983.784912
14/11/2020 10:01:12,17.86407089,14.38672543,3506.877441
14/11/2020 10:01:13,16.67170143,13.39308453,3029.970215
14/11/2020 10:01:14,15.47933197,12.39944363,2553.062988
14/11/2020 10:01:15,15.59799957,12.47840023,2481.290527
14/11/2020 10:01:16,16.59799957,13.27840042,2739.655273
14/11/2020 10:01:17,17.59799957,14.07839966,2998.02002
14/11/2020 10:01:18,18.59799957,14.87839985,3256.384766
14/11/2020 10:01:19,19.59799957,15.67840004,3514.749512
14/11/2020 10:01:20,20.35772705,16.35772705,3845.419678
14/11/2020 10:01:21,20.95593262,16.95593262,4238.682129
14/11/2020 10:01:22,21.55413818,17.55413818,4631.944824
14/11/2020 10:01:23,22.15234375,18.15234375,5025.20752
14/11/2020 10:01:24,22.75054741,18.75054741,5418.470215
14/11/2020 10:01:25,23.5792923,19.5792923,5751.263672
14/11/2020 10:01:26,24.5729332,20.5729332,6031.709473
14/11/2020 10:01:27,25.5665741,21.5665741,6312.155762
14/11/2020 10:01:28,26.560215,22.560215,6592.602051
14/11/2020 10:01:29,27.5538559,23.5538559,6873.047852
14/11/2020 10:01:30,29.2085743,25.09870338,7131.989258
14/11/2020 10:01:31,31.40199471,27.09272194,7371.080566
14/11/2020 10:01:32,33.59541321,29.08674049,7610.171387
14/11/2020 10:01:33,35.78883362,31.08075714,7849.262207
14/11/2020 10:01:34,37.98225403,33.0747757,8088.353027
14/11/2020 10:01:35,36.74879837,31.96319962,7837.897949
14/11/2020 10:01:36,32.54880142,28.16320038,7105.666504
14/11/2020 10:01:37,28.34880066,24.36319923,6373.435059
14/11/2020 10:01:38,24.1487999,20.5632,5641.203613
14/11/2020 10:01:39,19.94879913,16.76320076,4908.972168
14/11/2020 10:01:40,17.78628349,14.78628349,4350.105957
14/11/2020 10:01:41,17.38755989,14.38755989,3961.853027
14/11/2020 10:01:42,16.98883629,13.98883533,3573.599854
14/11/2020 10:01:43,16.59011078,13.59011173,3185.34668
14/11/2020 10:01:44,16.19138718,13.19138718,2797.09375
14/11/2020 10:01:45,16.41467285,13.41467285,2768.032471
14/11/2020 10:01:46,17.21212196,14.21212101,3165.757324
14/11/2020 10:01:47,18.00956917,15.00956917,3563.482178
14/11/2020 10:01:48,18.80701828,15.80701733,3961.206787
14/11/2020 10:01:49,19.60446548,16.60446548,4358.931641
14/11/2020 10:01:50,20.60479927,17.50399971,4831.431152
14/11/2020 10:01:51,21.80480003,18.50399971,5411.532715
14/11/2020 10:01:52,23.0048008,19.50399971,5991.634277
14/11/2020 10:01:53,24.20479965,20.50399971,6571.736328
14/11/2020 10:01:54,25.40480042,21.50399971,7151.837891
14/11/2020 10:01:55,26.79889107,22.89875221,7670.534668
14/11/2020 10:01:56,28.38399124,24.68198967,8095.180176
14/11/2020 10:01:57,29.96909142,26.46522713,8519.826172
14/11/2020 10:01:58,31.55418968,28.24846458,8944.472656
14/11/2020 10:01:59,33.13928986,30.03170204,9369.118164
14/11/2020 10:02:00,32.913414,29.82286453,9482.96875
14/11/2020 10:02:01,30.53576469,27.24707794,9087.573242
14/11/2020 10:02:02,28.15811348,24.67128944,8692.178711
14/11/2020 10:02:03,25.78046417,22.09550285,8296.783203
14/11/2020 10:02:04,23.40281296,19.51971436,7901.388184
14/11/2020 10:02:05,21.91824532,18,7527.767578
14/11/2020 10:02:06,21.71884346,18,7204.713379
14/11/2020 10:02:07,21.5194416,18,6881.65918
14/11/2020 10:02:08,21.32003975,18,6558.605469
14/11/2020 10:02:09,21.12063789,18,6235.55127
14/11/2020 10:02:10,21,18,5968.604492
14/11/2020 10:02:11,21,18,5853.355469
14/11/2020 10:02:12,21,18,5738.106934
14/11/2020 10:02:13,21,18,5622.85791
14/11/2020 10:02:14,21,18,5507.609375
14/11/2020 10:02:15,20.85072899,17.85072899,5385.044434
14/11/2020 10:02:16,20.45687294,17.45687294,5239.057129
14/11/2020 10:02:17,20.06301689,17.06301689,5093.069336
14/11/2020 10:02:18,19.66916084,16.66916084,4947.082031
14/11/2020 10:02:19,19.27530479,16.27530479,4801.094238
14/11/2020 10:02:20,19.29914474,16.23931694,4720.185547
14/11/2020 10:02:21,20.29298401,17.03438759,4888.588379
14/11/2020 10:02:22,21.28682137,17.82945824,5056.991211
14/11/2020 10:02:23,22.28066063,18.62452698,5225.394043
14/11/2020 10:02:24,23.27449799,19.41959763,5393.796387
14/11/2020 10:02:25,23.83902931,19.89268684,5536.396484
14/11/2020 10:02:26,23.24284554,19.49522972,5543.532715
14/11/2020 10:02:27,22.64666176,19.09777451,5550.668945
14/11/2020 10:02:28,22.05047607,18.70031738,5557.805176
14/11/2020 10:02:29,21.4542923,18.30286217,5564.941406
14/11/2020 10:02:30,21.09461403,18.04730606,5588.63916
14/11/2020 10:02:31,21.49214935,18.24607468,5724.158203
14/11/2020 10:02:32,21.88968468,18.44484138,5859.677246
14/11/2020 10:02:33,22.28722,18.64361,5995.196289
14/11/2020 10:02:34,22.68475533,18.84237671,6130.715332
14/11/2020 10:02:35,23.24608612,19.24608612,6281.088867
14/11/2020 10:02:36,24.43491173,20.43491173,6568.183594
14/11/2020 10:02:37,25.62373734,21.62373734,6855.27832
14/11/2020 10:02:38,26.81256104,22.81256104,7142.373047
14/11/2020 10:02:39,28.00138664,24.00138664,7429.467773
14/11/2020 10:02:40,29,25.06360626,7716.5625
14/11/2020 10:02:41,29,25.46114159,8003.657227
14/11/2020 10:02:42,29,25.85867691,8290.751953
14/11/2020 10:02:43,29,26.25621223,8577.84668
14/11/2020 10:02:44,29,26.65374756,8864.941406
14/11/2020 10:02:45,29.15384674,27.10256386,9149.645508
14/11/2020 10:02:46,30.34645271,27.89763451,9310.908203
14/11/2020 10:02:47,31.53905869,28.69270515,9472.171875
14/11/2020 10:02:48,32.73166275,29.4877758,9633.43457
14/11/2020 10:02:49,33.92427063,30.28284645,9794.698242
14/11/2020 10:02:50,34.86367416,30.84419632,9955.960938
14/11/2020 10:02:51,33.47257614,29.25437164,9769.341797
14/11/2020 10:02:52,32.08147812,27.66454697,9572.700195
14/11/2020 10:02:53,30.690382,26.07472229,9376.05957
14/11/2020 10:02:54,29.29928398,24.48489761,9179.418945
14/11/2020 10:02:55,27.93461418,22.95422935,8982.777344
14/11/2020 10:02:56,26.94392776,22.26074982,8529.460938
14/11/2020 10:02:57,25.95323944,21.56726837,8064.610352
14/11/2020 10:02:58,24.96255112,20.87378693,7599.760254
14/11/2020 10:02:59,23.9718647,20.18030548,7134.910156
14/11/2020 10:03:00,22.98494148,19.48682404,6670.05957
14/11/2020 10:03:01,22.19239235,18.79334259,6157.148926
14/11/2020 10:03:02,21.39984131,18.09986115,5638.539551
14/11/2020 10:03:03,20.60729218,17.4063797,5119.930664
14/11/2020 10:03:04,19.81474113,16.71289825,4601.321289
14/11/2020 10:03:05,19.022192,16.01941681,4082.712158
14/11/2020 10:03:06,19.38763618,16.38763618,4106.344238
14/11/2020 10:03:07,19.7864399,16.7864399,4239.467285
14/11/2020 10:03:08,20.18524361,17.18524361,4372.590332
14/11/2020 10:03:09,20.58404732,17.58404732,4505.713379
14/11/2020 10:03:10,20.98285103,17.98285103,4638.836426
14/11/2020 10:03:11,22.512146,19.32312775,4934.242676
14/11/2020 10:03:12,24.09223747,20.70570755,5266.242188
14/11/2020 10:03:13,25.67232895,22.08828735,5598.242188
14/11/2020 10:03:14,27.25242043,23.47086716,5930.241699
14/11/2020 10:03:15,28.83250999,24.85344696,6262.241211
14/11/2020 10:03:16,28.64678001,24.64678001,6418.615234
14/11/2020 10:03:17,28.25167847,24.25167847,6522.23291
14/11/2020 10:03:18,27.85657883,23.85657883,6625.850586
14/11/2020 10:03:19,27.46147728,23.46147728,6729.468262
14/11/2020 10:03:20,27.06637764,23.06637764,6833.085938
14/11/2020 10:03:21,26.17320824,22.1706543,6653.321289
14/11/2020 10:03:22,25.17947006,21.17384338,6364.442383
14/11/2020 10:03:23,24.18572998,20.17703438,6075.563477
14/11/2020 10:03:24,23.1919899,19.18022346,5786.68457
14/11/2020 10:03:25,22.19825172,18.18341255,5497.805664
14/11/2020 10:03:26,21.20451164,17.43412018,5067.355469
14/11/2020 10:03:27,20.21077156,16.74063873,4586.64502
14/11/2020 10:03:28,19.21703339,16.04715729,4105.93457
14/11/2020 10:03:29,18.2232933,15.35367584,3625.224365
14/11/2020 10:03:30,17.22955322,14.6601944,3144.513916
14/11/2020 10:03:31,16.54289627,13.96671295,2682.197998
14/11/2020 10:03:32,15.94848442,13.27323151,2226.964355
14/11/2020 10:03:33,15.35407162,12.57975006,1771.730957
14/11/2020 10:03:34,14.75965881,11.88626862,1316.497559
14/11/2020 10:03:35,14.16524696,11.19278812,861.2640381
14/11/2020 10:03:36,14,11.14486313,642.1345215
14/11/2020 10:03:37,14,11.34550571,528.5855103
14/11/2020 10:03:38,14,11.54614735,415.036438
14/11/2020 10:03:39,14,11.74678993,301.4873962
14/11/2020 10:03:40,14,11.94743156,187.9383698
14/11/2020 10:03:41,14,11.85287094,133.3529205
14/11/2020 10:03:42,14,11.65350914,109.142662
14/11/2020 10:03:43,14,11.45414639,84.93240356
14/11/2020 10:03:44,14,11.25478458,60.72213745
14/11/2020 10:03:45,14,11.05542278,36.51187515
14/11/2020 10:03:46,14,11,24.50314331
14/11/2020 10:03:47,14,11,20.19749641
14/11/2020 10:03:48,14,11,15.89184761
14/11/2020 10:03:49,14,11,11.58619976
14/11/2020 10:03:50,14,11,7.28055191
14/11/2020 10:03:51,14.13734818,11.13734818,5.187376022
14/11/2020 10:03:52,14.33611584,11.33611584,4.239045143
14/11/2020 10:03:53,14.5348835,11.5348835,3.290714741
14/11/2020 10:03:54,14.73365116,11.73365116,2.3423841
14/11/2020 10:03:55,14.93241882,11.93241882,1.39405334
14/11/2020 10:03:56,14.93400669,11.93400669,0.991183877
14/11/2020 10:03:57,14.8340168,11.8340168,0.889842749
14/11/2020 10:03:58,14.73402691,11.73402691,0.788501561
14/11/2020 10:03:59,14.63403702,11.63403702,0.687160373
14/11/2020 10:04:00,14.53404617,11.53404617,0.585819185
14/11/2020 10:04:01,14.43405628,11.43405628,0.484477997
14/11/2020 10:04:02,14.33406639,11.33406639,0.383136839
14/11/2020 10:04:03,14.2340765,11.2340765,0.281795651
14/11/2020 10:04:04,14.13408661,11.13408661,0.180454463
14/11/2020 10:04:05,14.03409672,11.03409672,0.079113282
14/11/2020 10:04:06,14,11,0.039785251
14/11/2020 10:04:07,14,11,0.039772745
14/11/2020 10:04:08,14,11,0.039760239
14/11/2020 10:04:09,14,11,0.039747734
14/11/2020 10:04:10,14,11,0.039735228
14/11/2020 10:04:11,14,11,0.039722722
14/11/2020 10:04:12,14,11,0.039710216
14/11/2020 10:04:13,14,11,0.03969771
14/11/2020 10:04:14,14,11,0.039685205
14/11/2020 10:04:15,14,11,0.039672699
14/11/2020 10:04:16,14.12240028,11.12240028,0.039660193
14/11/2020 10:04:17,14.32240009,11.32240009,0.039647687
14/11/2020 10:04:18,14.5223999,11.5223999,0.039635181
14/11/2020 10:04:19,14.72239971,11.72239971,0.039622676
14/11/2020 10:04:20,14.92240047,11.92240047,0.039610166
14/11/2020 10:04:21,14.93889141,11.93889141,0.03959766
14/11/2020 10:04:22,14.83904171,11.83904171,0.039585155
14/11/2020 10:04:23,14.73919106,11.73919106,0.039572649
14/11/2020 10:04:24,14.63934135,11.63934135,0.039560143
14/11/2020 10:04:25,14.5394907,11.5394907,0.039547637
14/11/2020 10:04:26,14.439641,11.439641,0.039535131
14/11/2020 10:04:27,14.33979034,11.33979034,0.039522626
14/11/2020 10:04:28,14.23993969,11.23993969,0.03951012
14/11/2020 10:04:29,14.14008999,11.14008999,0.039497614
14/11/2020 10:04:30,14.04023933,11.04023933,0.039485108
14/11/2020 10:04:31,14,11,0.039472602
14/11/2020 10:04:32,14,11,0.039460097
14/11/2020 10:04:33,14,11,0.039447587
14/11/2020 10:04:34,14,11,0.039435081
14/11/2020 10:04:35,14,11,0.039422575
14/11/2020 10:04:36,14,11,0.03941007
14/11/2020 10:04:37,14,11,0.039397564
14/11/2020 10:04:38,14,11,0.039385058
14/11/2020 10:04:39,14,11,0.039372552
14/11/2020 10:04:40,14,11,0.039360046
14/11/2020 10:04:41,14.10999966,11.10999966,0.039347541
14/11/2020 10:04:42,14.31000042,11.31000042,0.039335035
14/11/2020 10:04:43,14.51000023,11.51000023,0.039322529
14/11/2020 10:04:44,14.71000004,11.71000004,0.039310023
14/11/2020 10:04:45,14.90999985,11.90999985,0.039297517
14/11/2020 10:04:46,14.94517517,11.89069939,0.039285012
14/11/2020 10:04:47,14.84549427,11.69197178,0.039272502
14/11/2020 10:04:48,14.74581337,11.49324322,0.039259996
14/11/2020 10:04:49,14.64613247,11.29451466,0.03924749
14/11/2020 10:04:50,14.54645157,11.09578705,0.039234985
14/11/2020 10:04:51,14.44677067,11.10359955,0.039222479
14/11/2020 10:04:52,14.34708977,11.30360031,0.039209973
14/11/2020 10:04:53,14.24740791,11.50360012,0.039197467
14/11/2020 10:04:54,14.14772701,11.70359993,0.039184961
14/11/2020 10:04:55,14.04804611,11.90359974,0.039172456
14/11/2020 10:04:56,14,11.94827747,0.03915995
14/11/2020 10:04:57,14,11.84842777,0.039147444
14/11/2020 10:04:58,14,11.74857712,0.039134938
14/11/2020 10:04:59,14,11.64872646,0.039122432
14/11/2020 10:05:00,14,11.54887676,0.039109923
14/11/2020 10:05:01,14,11.44902611,0.039097417
14/11/2020 10:05:02,14,11.34917641,0.039084911
14/11/2020 10:05:03,14,11.24932575,0.039072406
14/11/2020 10:05:04,14,11.14947605,0.0390599
14/11/2020 10:05:05,14,11.0496254,0.039047394
14/11/2020 10:05:06,14.09934807,11.09934807,0.039034888
14/11/2020 10:05:07,14.29685974,11.29685974,0.039022382
14/11/2020 10:05:08,14.49437046,11.49437046,0.039009877
14/11/2020 10:05:09,14.69188213,11.69188213,0.038997371
14/11/2020 10:05:10,14.88939381,11.88939381,0.038984865
14/11/2020 10:05:11,14.91171741,11.91171741,0.038972359
14/11/2020 10:05:12,14.71107578,11.71107578,0.038959853
14/11/2020 10:05:13,14.5104332,11.5104332,0.038947348
14/11/2020 10:05:14,14.30979156,11.30979156,0.038934838
14/11/2020 10:05:15,14.10914898,11.10914898,0.038922332
14/11/2020 10:05:16,14.090065,11,0.038909826
14/11/2020 10:05:17,14.28757668,11,0.038897321
14/11/2020 10:05:18,14.48508835,11,0.038884815
14/11/2020 10:05:19,14.68259907,11,0.038872309
14/11/2020 10:05:20,14.88011074,11,0.038859803
14/11/2020 10:05:21,14.92114735,11,0.038847297
14/11/2020 10:05:22,14.72050571,11,0.038834792
14/11/2020 10:05:23,14.51986313,11,0.038822286
14/11/2020 10:05:24,14.3192215,11,0.03880978
14/11/2020 10:05:25,14.11857986,11,0.038797274
14/11/2020 10:05:26,14,11,0.038784768
14/11/2020 10:05:27,14,11,0.038772259
14/11/2020 10:05:28,14,11,0.038759753
14/11/2020 10:05:29,14,11,0.038747247
14/11/2020 10:05:30,14,11,0.038734742
14/11/2020 10:05:31,14,11.06299973,0.038722236
14/11/2020 10:05:32,14,11.26299953,0.03870973
14/11/2020 10:05:33,14,11.4630003,0.038697224
14/11/2020 10:05:34,14,11.66300011,0.038684718
14/11/2020 10:05:35,14,11.86299992,0.038672213
14/11/2020 10:05:36,14,11.93720055,0.038659707
14/11/2020 10:05:37,14,11.73783875,0.038647201
14/11/2020 10:05:38,14,11.53847694,0.038634695
14/11/2020 10:05:39,14,11.33911514,0.038622189
14/11/2020 10:05:40,14,11.13975239,0.038609684
14/11/2020 10:05:41,14,11,0.038597174
14/11/2020 10:05:42,14,11,0.038584668
14/11/2020 10:05:43,14,11,0.038572162
14/11/2020 10:05:44,14,11,0.038559657
14/11/2020 10:05:45,14,11,0.038547151
14/11/2020 10:05:46,14,11,0.038534645
14/11/2020 10:05:47,14,11,0.038522139
14/11/2020 10:05:48,14,11,0.038509633
14/11/2020 10:05:49,14,11,0.038497128
14/11/2020 10:05:50,14,11,0.038484622
14/11/2020 10:05:51,14,11,0.038472116
14/11/2020 10:05:52,14,11,0.03845961
14/11/2020 10:05:53,14,11,0.038447104
14/11/2020 10:05:54,14,11,0.038434595
14/11/2020 10:05:55,14,11,0.038422089
14/11/2020 10:05:56,14.04074764,11.04074764,0.038409583
14/11/2020 10:05:57,14.2395153,11.2395153,0.038397077
14/11/2020 10:05:58,14.43828297,11.43828297,0.038384572
14/11/2020 10:05:59,14.63705063,11.63705063,0.038372066
14/11/2020 10:06:00,14.83581829,11.83581829,0.03835956
14/11/2020 10:06:01,14.96498299,11.96498299,0.038347054
14/11/2020 10:06:02,14.76373482,11.76373482,0.038334548
14/11/2020 10:06:03,14.5624876,11.5624876,0.038322043
14/11/2020 10:06:04,14.36123943,11.36123943,0.038309537
14/11/2020 10:06:05,14.15999222,11.15999222,0.038297031
14/11/2020 10:06:06,14.04074764,11,0.038284525
14/11/2020 10:06:07,14.2395153,11,0.038272019
14/11/2020 10:06:08,14.43828297,11,0.03825951
14/11/2020 10:06:09,14.63705063,11,0.038247004
14/11/2020 10:06:10,14.83581829,11,0.038234498
14/11/2020 10:06:11,14.98265362,11,0.038221993
14/11/2020 10:06:12,14.88296318,11,0.038209487
14/11/2020 10:06:13,14.78327179,11,0.038196981
14/11/2020 10:06:14,14.68358135,11,0.038184475
14/11/2020 10:06:15,14.58388996,11,0.038171969
14/11/2020 10:06:16,14.48419857,11,0.038159464
14/11/2020 10:06:17,14.38450813,11,0.038146958
14/11/2020 10:06:18,14.28481674,11,0.038134452
14/11/2020 10:06:19,14.1851263,11,0.038121946
14/11/2020 10:06:20,14.08543491,11,0.03810944
14/11/2020 10:06:21,14.02824402,11,0.038096931
14/11/2020 10:06:22,14.22575569,11,0.038084425
14/11/2020 10:06:23,14.42326641,11,0.038071919
14/11/2020 10:06:24,14.62077808,11,0.038059413
14/11/2020 10:06:25,14.81828976,11,0.038046908
14/11/2020 10:06:26,14.98405075,11,0.038034402
14/11/2020 10:06:27,14.78468895,11,0.038021896
14/11/2020 10:06:28,14.58532715,11,0.03800939
14/11/2020 10:06:29,14.38596535,11,0.037996884
14/11/2020 10:06:30,14.18660259,11,0.037984379
14/11/2020 10:06:31,14.01288223,11.01288223,0.037971873
14/11/2020 10:06:32,14.21417046,11.21417046,0.037959367
14/11/2020 10:06:33,14.41545868,11.41545868,0.037946861
14/11/2020 10:06:34,14.6167469,11.6167469,0.037934355
14/11/2020 10:06:35,14.81803513,11.81803513,0.037921846
14/11/2020 10:06:36,14.99043083,11.99043083,0.03790934
14/11/2020 10:06:37,14.89074993,11.89074993,0.037896834
14/11/2020 10:06:38,14.79106903,11.79106903,0.037884329
14/11/2020 10:06:39,14.69138718,11.69138718,0.037871823
14/11/2020 10:06:40,14.59170628,11.59170628,0.037859317
14/11/2020 10:06:41,14.49202538,11.49202538,0.037846811
14/11/2020 10:06:42,14.39234447,11.39234447,0.037834305
14/11/2020 10:06:43,14.29266357,11.29266357,0.0378218
14/11/2020 10:06:44,14.19298267,11.19298267,0.037809294
14/11/2020 10:06:45,14.09330177,11.09330177,0.037796788
14/11/2020 10:06:46,14,11.01276207,0.037784282
14/11/2020 10:06:47,14,11.21216393,0.037771776
14/11/2020 10:06:48,14,11.41156578,0.037759267
14/11/2020 10:06:49,14,11.61096668,0.037746761
14/11/2020 10:06:50,14,11.81036854,0.037734255
14/11/2020 10:06:51,14,11.99026203,0.037721749
14/11/2020 10:06:52,14,11.79153442,0.037709244
14/11/2020 10:06:53,14,11.59280586,0.037696738
14/11/2020 10:06:54,14,11.39407825,0.037684232
14/11/2020 10:06:55,14,11.19534969,0.037671726
14/11/2020 10:06:56,14,11.00339985,0.03765922
14/11/2020 10:06:57,14,11.20339966,0.037646715
14/11/2020 10:06:58,14,11.40340042,0.037634209
14/11/2020 10:06:59,14,11.60340023,0.037621703
14/11/2020 10:07:00,14,11.80340004,0.037609197
14/11/2020 10:07:01,14,11.99660015,0.037596691
14/11/2020 10:07:02,14,11.79660034,0.037584182
14/11/2020 10:07:03,14,11.59659958,0.037571676
14/11/2020 10:07:04,14,11.39659977,0.03755917
14/11/2020 10:07:05,14,11.19659996,0.037546664
14/11/2020 10:07:06,14,11,0.037534159
14/11/2020 10:07:07,14,11,0.037521653
14/11/2020 10:07:08,14,11,0.037509147
14/11/2020 10:07:09,14,11,0.037496641
14/11/2020 10:07:10,14,11,0.037484135
14/11/2020 10:07:11,14,11,0.03747163
14/11/2020 10:07:12,14.19719982,11,0.037459124
14/11/2020 10:07:13,14.39719963,11,0.037446618
14/11/2020 10:07:14,14.59720039,11,0.037434112
14/11/2020 10:07:15,14.7972002,11,0.037421603
14/11/2020 10:07:16,14.99720001,11,0.037409097
14/11/2020 10:07:17,14.80216694,11,0.037396591
14/11/2020 10:07:18,14.60152531,11,0.037384085
14/11/2020 10:07:19,14.40088272,11,0.03737158
14/11/2020 10:07:20,14.20024109,11,0.037359074
14/11/2020 10:07:21,14.00039673,11.00039673,0.037346568
14/11/2020 10:07:22,14.19853401,11.19853401,0.037334062
14/11/2020 10:07:23,14.3966713,11.3966713,0.037321556
14/11/2020 10:07:24,14.59480858,11.59480858,0.037309051
14/11/2020 10:07:25,14.79294586,11.79294586,0.037296545
14/11/2020 10:07:26,14.9910841,11.9910841,0.037284039
14/11/2020 10:07:27,14.90450001,11.90450001,0.037271533
14/11/2020 10:07:28,14.80449963,11.80449963,0.037259027
14/11/2020 10:07:29,14.7045002,11.7045002,0.037246518
14/11/2020 10:07:30,14.60449982,11.60449982,0.037234012
14/11/2020 10:07:31,14.50450039,11.50450039,0.037221506
14/11/2020 10:07:32,14.40450001,11.40450001,0.037209
14/11/2020 10:07:33,14.30449963,11.30449963,0.037196495
14/11/2020 10:07:34,14.2045002,11.2045002,0.037183989
14/11/2020 10:07:35,14.10449982,11.10449982,0.037171483
14/11/2020 10:07:36,14.00450039,11.00450039,0.037158977
14/11/2020 10:07:37,14.18862343,11.18862343,0.037146471
14/11/2020 10:07:38,14.3861351,11.3861351,0.037133966
14/11/2020 10:07:39,14.58364582,11.58364582,0.03712146
14/11/2020 10:07:40,14.78115749,11.78115749,0.037108954
14/11/2020 10:07:41,14.97866917,11.97866917,0.037096448
14/11/2020 10:07:42,14.81990719,11.81990719,0.037083939
14/11/2020 10:07:43,14.61800957,11.61800957,0.037071433
14/11/2020 10:07:44,14.41611099,11.41611099,0.037058927
14/11/2020 10:07:45,14.21421337,11.21421337,0.037046421
14/11/2020 10:07:46,14.01231575,11.01231575,0.037033916
14/11/2020 10:07:47,14.18780041,11.18780041,0.03702141
14/11/2020 10:07:48,14.38780022,11.38780022,0.037008904
14/11/2020 10:07:49,14.58780003,11.58780003,0.036996398
14/11/2020 10:07:50,14.78779984,11.78779984,0.036983892
14/11/2020 10:07:51,14.98779964,11.98779964,0.036971387
14/11/2020 10:07:52,14.90653896,11.90653896,0.036958881
14/11/2020 10:07:53,14.80700684,11.80700684,0.036946375
14/11/2020 10:07:54,14.70747471,11.70747471,0.036933869
14/11/2020 10:07:55,14.60794258,11.60794258,0.036921363
14/11/2020 10:07:56,14.50841045,11.50841045,0.036908854
14/11/2020 10:07:57,14.40887833,11.40887833,0.036896348
14/11/2020 10:07:58,14.3093462,11.3093462,0.036883842
14/11/2020 10:07:59,14.20981407,11.20981407,0.036871336
14/11/2020 10:08:00,14.11028194,11.11028194,0.036858831
14/11/2020 10:08:01,14.01074982,11.01074982,0.036846325
14/11/2020 10:08:02,14.17730045,11.17730045,0.036833819
14/11/2020 10:08:03,14.37606812,11.37606812,0.036821313
14/11/2020 10:08:04,14.57483578,11.57483578,0.036808807
14/11/2020 10:08:05,14.77360344,11.77360344,0.036796302
14/11/2020 10:08:06,14.9723711,11.9723711,0.036783796
14/11/2020 10:08:07,14.82834911,11.82834911,0.03677129
14/11/2020 10:08:08,14.62898731,11.62898731,0.036758784
14/11/2020 10:08:09,14.42962551,11.42962551,0.036746275
14/11/2020 10:08:10,14.23026276,11.23026276,0.036733769
14/11/2020 10:08:11,14.03090096,11.03090096,0.036721263
14/11/2020 10:08:12,14.16950893,11.16950893,0.036708757
14/11/2020 10:08:13,14.37011051,11.37011051,0.036696251
14/11/2020 10:08:14,14.57071209,11.57071209,0.036683746
14/11/2020 10:08:15,14.77131367,11.77131367,0.03667124
14/11/2020 10:08:16,14.9719162,11.9719162,0.036658734
14/11/2020 10:08:17,14.8290596,11.8290596,0.036646228
14/11/2020 10:08:18,14.63029194,11.63029194,0.036633722
14/11/2020 10:08:19,14.43152428,11.43152428,0.036621217
14/11/2020 10:08:20,14.23275661,11.23275661,0.036608711
14/11/2020 10:08:21,14.03398895,11.03398895,0.036596205
14/11/2020 10:08:22,14,11,0.036583699
14/11/2020 10:08:23,14,11,0.03657119
14/11/2020 10:08:24,14,11,0.036558684
14/11/2020 10:08:25,14,11,0.036546178
14/11/2020 10:08:26,14,11,0.036533672
14/11/2020 10:08:27,14.15494347,11.15494347,0.036521167
14/11/2020 10:08:28,14.35308075,11.35308075,0.036508661
14/11/2020 10:08:29,14.55121899,11.55121899,0.036496155
14/11/2020 10:08:30,14.74935627,11.74935627,0.036483649
14/11/2020 10:08:31,14.94749355,11.94749355,0.036471143
14/11/2020 10:08:32,14.85390568,11.85390568,0.036458638
14/11/2020 10:08:33,14.65513802,11.65513802,0.036446132
14/11/2020 10:08:34,14.45637035,11.45637035,0.036433626
14/11/2020 10:08:35,14.25760269,11.25760269,0.03642112
14/11/2020 10:08:36,14.05883503,11.05883503,0.036408611
14/11/2020 10:08:37,14.13993263,11.13993263,0.036396105
14/11/2020 10:08:38,14.33870029,11.33870029,0.036383599
14/11/2020 10:08:39,14.53746796,11.53746796,0.036371093
14/11/2020 10:08:40,14.73623562,11.73623562,0.036358587
14/11/2020 10:08:41,14.93500328,11.93500328,0.036346082
14/11/2020 10:08:42,14.93280792,11.86665344,0.036333576
14/11/2020 10:08:43,14.8329668,11.66851616,0.03632107
14/11/2020 10:08:44,14.73312664,11.47037888,0.036308564
14/11/2020 10:08:45,14.63328648,11.27224064,0.036296058
14/11/2020 10:08:46,14.53344631,11.07410336,0.036283553
14/11/2020 10:08:47,14.43360615,11.12598133,0.036271047
14/11/2020 10:08:48,14.33376598,11.32722855,0.036258541
14/11/2020 10:08:49,14.23392582,11.52847672,0.036246035
14/11/2020 10:08:50,14.13408566,11.72972393,0.036233526
14/11/2020 10:08:51,14.03424549,11.9309721,0.03622102
14/11/2020 10:08:52,14.13140011,12,0.036208514
14/11/2020 10:08:53,14.33139992,12,0.036196008
14/11/2020 10:08:54,14.53139973,12,0.036183503
14/11/2020 10:08:55,14.73139954,12,0.036170997
14/11/2020 10:08:56,14.9314003,12,0.036158491
14/11/2020 10:08:57,14.86901951,11.86901951,0.036145985
14/11/2020 10:08:58,14.66965675,11.66965675,0.036133479
14/11/2020 10:08:59,14.47029495,11.47029495,0.036120974
14/11/2020 10:09:00,14.27093315,11.27093315,0.036108468
14/11/2020 10:09:01,14.07157135,11.07157135,0.036095962
14/11/2020 10:09:02,14.12740993,11.12740993,0.036083456
14/11/2020 10:09:03,14.3261776,11.3261776,0.036070947
14/11/2020 10:09:04,14.52494526,11.52494526,0.036058441
14/11/2020 10:09:05,14.72371292,11.72371292,0.036045935
14/11/2020 10:09:06,14.92248058,11.92248058,0.036033429
14/11/2020 10:09:07,14.9390974,11.87875175,0.036020923
14/11/2020 10:09:08,14.83925724,11.67998409,0.036008418
14/11/2020 10:09:09,14.73941708,11.48121643,0.035995912
14/11/2020 10:09:10,14.63957691,11.28244877,0.035983406
14/11/2020 10:09:11,14.53973675,11.08368111,0.0359709
14/11/2020 10:09:12,14.43989658,11.11614799,0.035958394
14/11/2020 10:09:13,14.34005547,11.31675053,0.035945889
14/11/2020 10:09:14,14.2402153,11.5173521,0.035933383
14/11/2020 10:09:15,14.14037514,11.71795368,0.035920877
14/11/2020 10:09:16,14.04053497,11.91855526,0.035908371
14/11/2020 10:09:17,14.11734486,12,0.035895862
14/11/2020 10:09:18,14.31489563,12,0.035883356
14/11/2020 10:09:19,14.51244545,12,0.03587085
14/11/2020 10:09:20,14.70999622,12,0.035858344
14/11/2020 10:09:21,14.90754604,12,0.035845838
14/11/2020 10:09:22,14.89360046,11.89360046,0.035833333
14/11/2020 10:09:23,14.6935997,11.6935997,0.035820827
14/11/2020 10:09:24,14.49359989,11.49359989,0.035808321
14/11/2020 10:09:25,14.29360008,11.29360008,0.035795815
14/11/2020 10:09:26,14.09360027,11.09360027,0.035783309
14/11/2020 10:09:27,14.10671997,11.10671997,0.035770804
14/11/2020 10:09:28,14.30732155,11.30732155,0.035758298
14/11/2020 10:09:29,14.50792408,11.50792408,0.035745792
14/11/2020 10:09:30,14.70852566,11.70852566,0.035733283
14/11/2020 10:09:31,14.90912724,11.90912724,0.035720777
14/11/2020 10:09:32,14.89092731,12,0.035708271
14/11/2020 10:09:33,14.69152546,12,0.035695765
14/11/2020 10:09:34,14.4921236,12,0.035683259
14/11/2020 10:09:35,14.29272175,12,0.035670754
14/11/2020 10:09:36,14.09331989,12,0.035658248
14/11/2020 10:09:37,14,11.89427662,0.035645742
14/11/2020 10:09:38,14,11.69554806,0.035633236
14/11/2020 10:09:39,14,11.49682045,0.03562073
14/11/2020 10:09:40,14,11.29809189,0.035608225
14/11/2020 10:09:41,14,11.09936428,0.035595719
14/11/2020 10:09:42,14.09970093,11.09970093,0.035583213
14/11/2020 10:09:43,14.29910278,11.29910278,0.035570707
14/11/2020 10:09:44,14.49850464,11.49850464,0.035558198
14/11/2020 10:09:45,14.69790649,11.69790649,0.035545692
14/11/2020 10:09:46,14.89730835,11.89730835,0.035533186
14/11/2020 10:09:47,14.90299988,11.90299988,0.03552068
14/11/2020 10:09:48,14.70300007,11.70300007,0.035508174
14/11/2020 10:09:49,14.50300026,11.50300026,0.035495669
14/11/2020 10:09:50,14.30300045,11.30300045,0.035483163
14/11/2020 10:09:51,14.10299969,11.10299969,0.035470657
14/11/2020 10:09:52,14.09700012,11.09700012,0.035458151
14/11/2020 10:09:53,14.29699993,11.29699993,0.035445645
14/11/2020 10:09:54,14.49699974,11.49699974,0.03543314
14/11/2020 10:09:55,14.69699955,11.69699955,0.035420634
14/11/2020 10:09:56,14.89700031,11.89700031,0.035408128
14/11/2020 10:09:57,14.90330982,11.95149994,0.035395619
14/11/2020 10:09:58,14.70394707,11.85149956,0.035383113
14/11/2020 10:09:59,14.50458527,11.75150013,0.035370607
14/11/2020 10:10:00,14.30522346,11.65149975,0.035358101
14/11/2020 10:10:01,14.10586166,11.55150032,0.035345595
14/11/2020 10:10:02,14.09410095,11.45149994,0.03533309
14/11/2020 10:10:03,14.29474354,11.35149956,0.035320584
14/11/2020 10:10:04,14.49538517,11.25150013,0.035308078
14/11/2020 10:10:05,14.69602776,11.15149975,0.035295572
14/11/2020 10:10:06,14.89666939,11.05150032,0.035283066
14/11/2020 10:10:07,15,11.09638309,0.035270561
14/11/2020 10:10:08,15,11.29511166,0.035258055
14/11/2020 10:10:09,15,11.49383926,0.035245549
14/11/2020 10:10:10,15,11.69256783,0.035233043
14/11/2020 10:10:11,15,11.89129543,0.035220534
14/11/2020 10:10:12,14.90910912,11.90910912,0.035208028
14/11/2020 10:10:13,14.70846748,11.70846748,0.035195522
14/11/2020 10:10:14,14.5078249,11.5078249,0.035183016
14/11/2020 10:10:15,14.30718327,11.30718327,0.03517051
14/11/2020 10:10:16,14.10654068,11.10654068,0.035158005
14/11/2020 10:10:17,14.09263325,11.09263325,0.035145499
14/11/2020 10:10:18,14.29014397,11.29014397,0.035132993
14/11/2020 10:10:19,14.48765564,11.48765564,0.035120487
14/11/2020 10:10:20,14.68516731,11.68516731,0.035107981
14/11/2020 10:10:21,14.88267803,11.88267803,0.035095476
14/11/2020 10:10:22,14.91853905,11.91853905,0.03508297
14/11/2020 10:10:23,14.71789742,11.71789742,0.035070464
14/11/2020 10:10:24,14.51725483,11.51725483,0.035057954
14/11/2020 10:10:25,14.3166132,11.3166132,0.035045449
14/11/2020 10:10:26,14.11597157,11.11597157,0.035032943
14/11/2020 10:10:27,14,11,0.035020437
14/11/2020 10:10:28,14,11,0.035007931
14/11/2020 10:10:29,14,11,0.034995425
14/11/2020 10:10:30,14,11,0.03498292
14/11/2020 10:10:31,14,11,0.034970414
14/11/2020 10:10:32,14.08413124,11.08413124,0.034957908
14/11/2020 10:10:33,14.28349304,11.28349304,0.034945402
14/11/2020 10:10:34,14.48285484,11.48285484,0.034932896
14/11/2020 10:10:35,14.68221664,11.68221664,0.034920391
14/11/2020 10:10:36,14.8815794,11.8815794,0.034907885
14/11/2020 10:10:37,14.91979408,11.91979408,0.034895379
14/11/2020 10:10:38,14.72224426,11.72224426,0.03488287
14/11/2020 10:10:39,14.52469349,11.52469349,0.034870364
14/11/2020 10:10:40,14.32714367,11.32714367,0.034857858
14/11/2020 10:10:41,14.1295929,11.1295929,0.034845352
14/11/2020 10:10:42,14.06858063,11.06858063,0.034832846
14/11/2020 10:10:43,14.26794243,11.26794243,0.034820341
14/11/2020 10:10:44,14.46730423,11.46730423,0.034807835
14/11/2020 10:10:45,14.66666698,11.66666698,0.034795329
14/11/2020 10:10:46,14.86602879,11.86602879,0.034782823
14/11/2020 10:10:47,14.93357658,11.93357658,0.034770317
14/11/2020 10:10:48,14.7310648,11.7310648,0.034757812
14/11/2020 10:10:49,14.52855396,11.52855396,0.034745306
14/11/2020 10:10:50,14.32604313,11.32604313,0.0347328
14/11/2020 10:10:51,14.12353134,11.12353134,0.03472029
14/11/2020 10:10:52,14.07824993,11.07824993,0.034707785
14/11/2020 10:10:53,14.27889252,11.27889252,0.034695279
14/11/2020 10:10:54,14.47953415,11.47953415,0.034682773
14/11/2020 10:10:55,14.68017673,11.68017673,0.034670267
14/11/2020 10:10:56,14.88081837,11.88081837,0.034657761
14/11/2020 10:10:57,15,12,0.034645256
14/11/2020 10:10:58,15,12,0.03463275
14/11/2020 10:10:59,15,12,0.034620244
14/11/2020 10:11:00,15,12,0.034607738
14/11/2020 10:11:01,15,12,0.034595232
14/11/2020 10:11:02,15,12,0.034582727
14/11/2020 10:11:03,15,12,0.034570221
14/11/2020 10:11:04,15,12,0.034557715
14/11/2020 10:11:05,15,12,0.034545206
14/11/2020 10:11:06,15,12,0.0345327
14/11/2020 10:11:07,14.11184216,11.28947353,0.034520194
14/11/2020 10:11:08,11.12141132,8.897129059,0.034507688
14/11/2020 10:11:09,8.130980492,6.504784584,0.034495182
14/11/2020 10:11:10,5.140550137,4.112440109,0.034482677
14/11/2020 10:11:11,2.150119543,1.720095634,0.034470171
14/11/2020 10:11:12,0,0,0.034457665
14/11/2020 10:11:13,0,0,0.034445159
14/11/2020 10:11:14,0,0,0.034432653
14/11/2020 10:11:15,0,0,0.034420148
14/11/2020 10:11:16,0,0,0.034407642
14/11/2020 10:11:17,0,0,0.034395136
14/11/2020 10:11:18,0,0,0.034382626
14/11/2020 10:11:19,0,0,0.034370121
14/11/2020 10:11:20,0,0,0.034357615
14/11/2020 10:11:21,0,0,0.034345109
14/11/2020 10:11:22,0,0,0.034332603
14/11/2020 10:11:23,0,0,0.034320097
14/11/2020 10:11:24,0,0,0.034307592
14/11/2020 10:11:25,0,0,0.034295086
14/11/2020 10:11:26,0,0,0.03428258
14/11/2020 10:11:27,0,0,0.034270074
14/11/2020 10:11:28,0,0,0.034257568
14/11/2020 10:11:29,0,0,0.034245063
14/11/2020 10:11:30,0,0,0.034232557
14/11/2020 10:11:31,0,0,0.034220051
14/11/2020 10:11:32,0,0,0.034207541
14/11/2020 10:11:33,0,0,0.034195036
14/11/2020 10:11:34,0,0,0.03418253
14/11/2020 10:11:35,0,0,0.034170024
14/11/2020 10:11:36,0,0,0.034157518
14/11/2020 10:11:37,0,0,0.034145012
14/11/2020 10:11:38,0,0,0.034132507
14/11/2020 10:11:39,0,0,0.034120001
14/11/2020 10:11:40,0,0,0.034107495
14/11/2020 10:11:41,0,0,0.034094989
14/11/2020 10:11:42,0,0,0.034082484
14/11/2020 10:11:43,0,0,0.034069978
14/11/2020 10:11:44,0,0,0.034057472
14/11/2020 10:11:45,0,0,0.034044962
14/11/2020 10:11:46,0,0,0.034032457
14/11/2020 10:11:47,0,0,0.034019951
14/11/2020 10:11:48,0,0,0.034007445
14/11/2020 10:11:49,0,0,0.033994939
14/11/2020 10:11:50,0,0,0.033982433
14/11/2020 10:11:51,0,0,0.033969928
14/11/2020 10:11:52,0,0,0.033957422
14/11/2020 10:11:53,0,0,0.033944916
14/11/2020 10:11:54,0,0,0.03393241
14/11/2020 10:11:55,0,0,0.033919904
14/11/2020 10:11:56,0,0,0.033907399
14/11/2020 10:11:57,0,0,0.033894893
14/11/2020 10:11:58,0,0,0.033882387
14/11/2020 10:11:59,0,0,0.033869877
14/11/2020 10:12:00,0,0,0.033857372
14/11/2020 10:12:01,0,0,0.033844866
14/11/2020 10:12:02,0,0,0.03383236
14/11/2020 10:12:03,0,0,0.033819854
14/11/2020 10:12:04,0,0,0.033807348
14/11/2020 10:12:05,0,0,0.033794843
14/11/2020 10:12:06,0,0,0.033782337
14/11/2020 10:12:07,0,0,0.033769831
14/11/2020 10:12:08,0,0,0.033757325
14/11/2020 10:12:09,0,0,0.033744819
14/11/2020 10:12:10,0,0,0.033732314
14/11/2020 10:12:11,0,0,0.033719808
14/11/2020 10:12:12,0,0,0.033707298
14/11/2020 10:12:13,0,0,0.033694793
14/11/2020 10:12:14,0,0,0.033682287
14/11/2020 10:12:15,0,0,0.033669781
14/11/2020 10:12:16,0,0,0.033657275
14/11/2020 10:12:17,0,0,0.033644769
14/11/2020 10:12:18,0,0,0.033632264
14/11/2020 10:12:19,0,0,0.033619758
14/11/2020 10:12:20,0,0,0.033607252
14/11/2020 10:12:21,0,0,0.033594746
14/11/2020 10:12:22,0,0,0.03358224
14/11/2020 10:12:23,0,0,0.033569735
14/11/2020 10:12:24,0,0,0.033557229
14/11/2020 10:12:25,0,0,0.033544723
14/11/2020 10:12:26,0,0,0.033532213
14/11/2020 10:12:27,0,0,0.033519708
14/11/2020 10:12:28,0,0,0.033507202
14/11/2020 10:12:29,0,0,0.033494696
14/11/2020 10:12:30,0,0,0.03348219
14/11/2020 10:12:31,0,0,0.033469684
14/11/2020 10:12:32,0,0,0.033457179
14/11/2020 10:12:33,0,0,0.033444673
14/11/2020 10:12:34,0,0,0.033432167
14/11/2020 10:12:35,0,0,0.033419661
14/11/2020 10:12:36,0,0,0.033407155
14/11/2020 10:12:37,0,0,0.03339465
14/11/2020 10:12:38,0,0,0.033382144
14/11/2020 10:12:39,0,0,0.033369634
14/11/2020 10:12:40,0,0,0.033357129
14/11/2020 10:12:41,0,0,0.033344623
14/11/2020 10:12:42,0,0,0.033332117
14/11/2020 10:12:43,0,0,0.033319611
14/11/2020 10:12:44,0,0,0.033307105
14/11/2020 10:12:45,0,0,0.0332946
14/11/2020 10:12:46,0,0,0.033282094
14/11/2020 10:12:47,0,0,0.033269588
14/11/2020 10:12:48,0,0,0.033257082
14/11/2020 10:12:49,0,0,0.033244576
14/11/2020 10:12:50,0,0,0.033232071
14/11/2020 10:12:51,0,0,0.033219565
14/11/2020 10:12:52,0,0,0.033207059
14/11/2020 10:12:53,0,0,0.033194549
14/11/2020 10:12:54,0,0,0.033182044
14/11/2020 10:12:55,0,0,0.033169538
14/11/2020 10:12:56,0,0,0.033157032
14/11/2020 10:12:57,0,0,0.033144526
14/11/2020 10:12:58,0,0,0.03313202
14/11/2020 10:12:59,0,0,0.033119515
14/11/2020 10:13:00,0,0,0.033107009
14/11/2020 10:13:01,0,0,0.033094503
14/11/2020 10:13:02,0,0,0.033081997
14/11/2020 10:13:03,0,0,0.033069491
14/11/2020 10:13:04,0,0,0.033056986
14/11/2020 10:13:05,0,0,0.03304448
14/11/2020 10:13:06,0,0,0.03303197
14/11/2020 10:13:07,0,0,0.033019464
14/11/2020 10:13:08,0,0,0.033006959
14/11/2020 10:13:09,0,0,0.032994453
14/11/2020 10:13:10,0,0,0.032981947
14/11/2020 10:13:11,0,0,0.032969441
14/11/2020 10:13:12,0,0,0.032956935
14/11/2020 10:13:13,0,0,0.03294443
14/11/2020 10:13:14,0,0,0.032931924
14/11/2020 10:13:15,0,0,0.032919418
14/11/2020 10:13:16,0,0,0.032906912
14/11/2020 10:13:17,0,0,0.032894406
14/11/2020 10:13:18,0,0,0.032881901
14/11/2020 10:13:19,0,0,0.032869395
14/11/2020 10:13:20,0,0,0.032856885
14/11/2020 10:13:21,0,0,0.03284438
14/11/2020 10:13:22,0,0,0.032831874
14/11/2020 10:13:23,0,0,0.032819368
14/11/2020 10:13:24,0,0,0.032806862
14/11/2020 10:13:25,0,0,0.032794356
14/11/2020 10:13:26,0,0,0.032781851
14/11/2020 10:13:27,0,0,0.032769345
14/11/2020 10:13:28,0,0,0.032756839
14/11/2020 10:13:29,0,0,0.032744333
14/11/2020 10:13:30,0,0,0.032731827
14/11/2020 10:13:31,0,0,0.032719322
14/11/2020 10:13:32,0,0,0.032706816
14/11/2020 10:13:33,0,0,0.032694306
14/11/2020 10:13:34,0,0,0.0326818
14/11/2020 10:13:35,0,0,0.032669295
14/11/2020 10:13:36,0,0,0.032656789
14/11/2020 10:13:37,0,0,0.032644283
14/11/2020 10:13:38,0,0,0.032631777
14/11/2020 10:13:39,0,0,0.032619271
14/11/2020 10:13:40,0,0,0.032606766
14/11/2020 10:13:41,0,0,0.03259426
14/11/2020 10:13:42,0,0,0.032581754
14/11/2020 10:13:43,0,0,0.032569248
14/11/2020 10:13:44,0,0,0.032556742
14/11/2020 10:13:45,0,0,0.032544237
14/11/2020 10:13:46,0,0,0.032531731
14/11/2020 10:13:47,0,0,0.032519221
14/11/2020 10:13:48,0,0,0.032506716
14/11/2020 10:13:49,0,0,0.03249421
14/11/2020 10:13:50,0,0,0.032481704
14/11/2020 10:13:51,0,0,0.032469198
14/11/2020 10:13:52,0,0,0.032456692
14/11/2020 10:13:53,0,0,0.032444187
14/11/2020 10:13:54,0,0,0.032431681
14/11/2020 10:13:55,0,0,0.032419175
14/11/2020 10:13:56,0,0,0.032406669
14/11/2020 10:13:57,0,0,0.032394163
14/11/2020 10:13:58,0,0,0.032381658
14/11/2020 10:13:59,0,0,0.032369152
14/11/2020 10:14:00,0,0,0.032356642
14/11/2020 10:14:01,0,0,0.032344136
14/11/2020 10:14:02,0,0,0.032331631
14/11/2020 10:14:03,0,0,0.032319125
14/11/2020 10:14:04,0,0,0.032306619
14/11/2020 10:14:05,0,0,0.032294113
14/11/2020 10:14:06,0,0,0.032281607
14/11/2020 10:14:07,0,0,0.032269102
14/11/2020 10:14:08,0,0,0.032256596
14/11/2020 10:14:09,0,0,0.03224409
14/11/2020 10:14:10,0,0,0.032231584
14/11/2020 10:14:11,0,0,0.032219078
14/11/2020 10:14:12,0,0,0.032206573
14/11/2020 10:14:13,0,0,0.032194067
14/11/2020 10:14:14,0,0,0.032181557
14/11/2020 10:14:15,0,0,0.032169051
14/11/2020 10:14:16,0,0,0.032156546
14/11/2020 10:14:17,0,0,0.03214404
14/11/2020 10:14:18,0,0,0.032131534
14/11/2020 10:14:19,0,0,0.032119028
14/11/2020 10:14:20,0,0,0.032106522
14/11/2020 10:14:21,0,0,0.032094017
14/11/2020 10:14:22,0,0,0.032081511
14/11/2020 10:14:23,0,0,0.032069005
14/11/2020 10:14:24,0,0,0.032056499
14/11/2020 10:14:25,0,0,0.032043993
14/11/2020 10:14:26,0,0,0.032031488
14/11/2020 10:14:27,0,0,0.032018978
14/11/2020 10:14:28,0,0,0.032006472
14/11/2020 10:14:29,0,0,0.031993967
14/11/2020 10:14:30,0,0,0.031981461
14/11/2020 10:14:31,0,0,0.031968955
14/11/2020 10:14:32,0,0,0.031956449
14/11/2020 10:14:33,0,0,0.031943943
14/11/2020 10:14:34,0,0,0.031931438
14/11/2020 10:14:35,0,0,0.031918932
14/11/2020 10:14:36,0,0,0.031906426
14/11/2020 10:14:37,0,0,0.03189392
14/11/2020 10:14:38,0,0,0.031881414
14/11/2020 10:14:39,0,0,0.031868909
14/11/2020 10:14:40,0,0,0.031856403
14/11/2020 10:14:41,0,0,0.031843893
14/11/2020 10:14:42,0,0,0.031831387
14/11/2020 10:14:43,0,0,0.031818882
14/11/2020 10:14:44,0,0,0.031806376
14/11/2020 10:14:45,0,0,0.03179387
14/11/2020 10:14:46,0,0,0.031781364
14/11/2020 10:14:47,0,0,0.031768858
14/11/2020 10:14:48,0,0,0.031756353
14/11/2020 10:14:49,0,0,0.031743847
14/11/2020 10:14:50,0,0,0.031731341
14/11/2020 10:14:51,0,0,0.031718835
14/11/2020 10:14:52,0,0,0.031706329
14/11/2020 10:14:53,0,0,0.031693824
14/11/2020 10:14:54,0,0,0.031681314
14/11/2020 10:14:55,0,0,0.031668808
14/11/2020 10:14:56,0,0,0.031656303
14/11/2020 10:14:57,0,0,0.031643797
14/11/2020 10:14:58,0,0,0.031631291
14/11/2020 10:14:59,0,0,0.031618785
14/11/2020 10:15:00,0,0,0.031606279
14/11/2020 10:15:01,0,0,0.031593774
14/11/2020 10:15:02,0,0,0.031581268
14/11/2020 10:15:03,0,0,0.031568762
14/11/2020 10:15:04,0,0,0.031556256
14/11/2020 10:15:05,0,0,0.03154375
14/11/2020 10:15:06,0,0,0.031531245
14/11/2020 10:15:07,0,0,0.031518739
14/11/2020 10:15:08,0,0,0.031506229
14/11/2020 10:15:09,0,0,0.031493723
14/11/2020 10:15:10,0,0,0.031481218
14/11/2020 10:15:11,0,0,0.031468712
14/11/2020 10:15:12,0,0,0.031456206
14/11/2020 10:15:13,0,0,0.0314437
14/11/2020 10:15:14,0,0,0.031431194
14/11/2020 10:15:15,0,0,0.031418689
14/11/2020 10:15:16,0,0,0.031406183
14/11/2020 10:15:17,0,0,0.031393677
14/11/2020 10:15:18,0,0,0.031381171
14/11/2020 10:15:19,0,0,0.031368665
14/11/2020 10:15:20,0,0,0.03135616
14/11/2020 10:15:21,0,0,0.03134365
14/11/2020 10:15:22,0,0,0.031331144
14/11/2020 10:15:23,0,0,0.031318638
14/11/2020 10:15:24,0,0,0.031306133
14/11/2020 10:15:25,0,0,0.031293627
14/11/2020 10:15:26,0,0,0.031281121
14/11/2020 10:15:27,0,0,0.031268615
14/11/2020 10:15:28,0,0,0.031256109
14/11/2020 10:15:29,0,0,0.031243604
14/11/2020 10:15:30,0,0,0.031231098
14/11/2020 10:15:31,0,0,0.03121859
14/11/2020 10:15:32,0,0,0.031206084
14/11/2020 10:15:33,0,0,0.031193579
14/11/2020 10:15:34,0,0,0.031181073
14/11/2020 10:15:35,0,0,0.031168567
14/11/2020 10:15:36,0,0,0.031156061
14/11/2020 10:15:37,0,0,0.031143555
14/11/2020 10:15:38,0,0,0.031131048
14/11/2020 10:15:39,0,0,0.031118542
14/11/2020 10:15:40,0,0,0.031106036
14/11/2020 10:15:41,0,0,0.03109353
14/11/2020 10:15:42,0,0,0.031081025
14/11/2020 10:15:43,0,0,0.031068519
14/11/2020 10:15:44,0,0,0.031056013
14/11/2020 10:15:45,0,0,0.031043505
14/11/2020 10:15:46,0,0,0.031030999
14/11/2020 10:15:47,0,0,0.031018494
14/11/2020 10:15:48,0,0,0.031005988
14/11/2020 10:15:49,0,0,0.030993482
14/11/2020 10:15:50,0,0,0.030980976
14/11/2020 10:15:51,0,0,0.030968469
14/11/2020 10:15:52,0,0,0.030955963
14/11/2020 10:15:53,0,0,0.030943457
14/11/2020 10:15:54,0,0,0.030930951
14/11/2020 10:15:55,0,0,0.030918445
14/11/2020 10:15:56,0,0,0.03090594
14/11/2020 10:15:57,0,0,0.030893434
14/11/2020 10:15:58,0,0,0.030880926
14/11/2020 10:15:59,0,0,0.03086842
14/11/2020 10:16:00,0,0,0.030855915
14/11/2020 10:16:01,0,0,0.030843409
14/11/2020 10:16:02,0,0,0.030830903
14/11/2020 10:16:03,0,0,0.030818397
14/11/2020 10:16:04,0,0,0.030805891
14/11/2020 10:16:05,0,0,0.030793384
14/11/2020 10:16:06,0,0,0.030780878
14/11/2020 10:16:07,0,0,0.030768372
14/11/2020 10:16:08,0,0,0.030755866
14/11/2020 10:16:09,0,0,0.030743361
14/11/2020 10:16:10,0,0,0.030730855
14/11/2020 10:16:11,0,0,0.030718349
14/11/2020 10:16:12,0,0,0.030705841
14/11/2020 10:16:13,0,0,0.030693335
14/11/2020 10:16:14,0,0,0.03068083
14/11/2020 10:16:15,0,0,0.030668324
14/11/2020 10:16:16,0,0,0.030655818
14/11/2020 10:16:17,0,0,0.030643312
14/11/2020 10:16:18,0,0,0.030630805
14/11/2020 10:16:19,0,0,0.030618299
14/11/2020 10:16:20,0,0,0.030605793
14/11/2020 10:16:21,0,0,0.030593287
14/11/2020 10:16:22,0,0,0.030580781
14/11/2020 10:16:23,0,0,0.030568276
14/11/2020 10:16:24,0,0,0.03055577
14/11/2020 10:16:25,0,0,0.030543262
14/11/2020 10:16:26,0,0,0.030530756
14/11/2020 10:16:27,0,0,0.030518251
14/11/2020 10:16:28,0,0,0.030505745
14/11/2020 10:16:29,0,0,0.030493239
14/11/2020 10:16:30,0,0,0.030480733
14/11/2020 10:16:31,0,0,0.030468227
14/11/2020 10:16:32,0,0,0.03045572
14/11/2020 10:16:33,0,0,0.030443214
14/11/2020 10:16:34,0,0,0.030430708
14/11/2020 10:16:35,0,0,0.030418202
14/11/2020 10:16:36,0,0,0.030405696
14/11/2020 10:16:37,0,0,0.030393191
14/11/2020 10:16:38,0,0,0.030380685
14/11/2020 10:16:39,0,0,0.030368177
14/11/2020 10:16:40,0,0,0.030355671
14/11/2020 10:16:41,0,0,0.030343166
14/11/2020 10:16:42,0,0,0.03033066
14/11/2020 10:16:43,0,0,0.030318154
14/11/2020 10:16:44,0,0,0.030305648
14/11/2020 10:16:45,0,0,0.030293141
14/11/2020 10:16:46,0,0,0.030280635
14/11/2020 10:16:47,0,0,0.030268129
14/11/2020 10:16:48,0,0,0.030255623
14/11/2020 10:16:49,0,0,0.030243117
14/11/2020 10:16:50,0,0,0.030230612
14/11/2020 10:16:51,0,0,0.030218106
14/11/2020 10:16:52,0,0,0.030205598
14/11/2020 10:16:53,0,0,0.030193092
14/11/2020 10:16:54,0,0,0.030180587
14/11/2020 10:16:55,0,0,0.030168081
14/11/2020 10:16:56,0,0,0.030155575
14/11/2020 10:16:57,0,0,0.030143069
14/11/2020 10:16:58,0,0,0.030130563
14/11/2020 10:16:59,0,0,0.030118056
14/11/2020 10:17:00,0,0,0.03010555
14/11/2020 10:17:01,0,0,0.030093044
14/11/2020 10:17:02,0,0,0.030080538
14/11/2020 10:17:03,0,0,0.030068032
14/11/2020 10:17:04,0,0,0.030055527
14/11/2020 10:17:05,0,0,0.030043021
14/11/2020 10:17:06,0,0,0.030030513
14/11/2020 10:17:07,0,0,0.030018007
14/11/2020 10:17:08,0,0,0.030005502
14/11/2020 10:17:09,0,0,0.029992996
14/11/2020 10:17:10,0,0,0.02998049
14/11/2020 10:17:11,0,0,0.029967984
14/11/2020 10:17:12,0,0,0.029955477
14/11/2020 10:17:13,0,0,0.029942971
14/11/2020 10:17:14,0,0,0.029930465
14/11/2020 10:17:15,0,0,0.029917959
14/11/2020 10:17:16,0,0,0.029905453
14/11/2020 10:17:17,0,0,0.029892948
14/11/2020 10:17:18,0,0,0.029880442
14/11/2020 10:17:19,0,0,0.029867934
14/11/2020 10:17:20,0,0,0.029855428
14/11/2020 10:17:21,0,0,0.029842922
14/11/2020 10:17:22,0,0,0.029830417
14/11/2020 10:17:23,0,0,0.029817911
14/11/2020 10:17:24,0,0,0.029805405
14/11/2020 10:17:25,0,0,0.029792899
14/11/2020 10:17:26,0,0,0.029780392
14/11/2020 10:17:27,0,0,0.029767886
14/11/2020 10:17:28,0,0,0.02975538
14/11/2020 10:17:29,0,0,0.029742874
14/11/2020 10:17:30,0,0,0.029730368
14/11/2020 10:17:31,0,0,0.029717863
14/11/2020 10:17:32,0,0,0.029705357
14/11/2020 10:17:33,0,0,0.029692849
14/11/2020 10:17:34,0,0,0.029680343
14/11/2020 10:17:35,0,0,0.029667838
14/11/2020 10:17:36,0,0,0.029655332
14/11/2020 10:17:37,0,0,0.029642826
14/11/2020 10:17:38,0,0,0.02963032
14/11/2020 10:17:39,0,0,0.029617812
14/11/2020 10:17:40,0,0,0.029605307
14/11/2020 10:17:41,0,0,0.029592801
14/11/2020 10:17:42,0,0,0.029580295
14/11/2020 10:17:43,0,0,0.029567789
14/11/2020 10:17:44,0,0,0.029555283
14/11/2020 10:17:45,0,0,0.029542778
14/11/2020 10:17:46,0,0,0.02953027
14/11/2020 10:17:47,0,0,0.029517764
14/11/2020 10:17:48,0,0,0.029505258
14/11/2020 10:17:49,0,0,0.029492753
14/11/2020 10:17:50,0,0,0.029480247
14/11/2020 10:17:51,0,0,0.029467741
14/11/2020 10:17:52,0,0,0.029455235
14/11/2020 10:17:53,0,0,0.029442728
14/11/2020 10:17:54,0,0,0.029430222
14/11/2020 10:17:55,0,0,0.029417716
14/11/2020 10:17:56,0,0,0.02940521
14/11/2020 10:17:57,0,0,0.029392704
14/11/2020 10:17:58,0,0,0.029380199
14/11/2020 10:17:59,0,0,0.029367693
14/11/2020 10:18:00,0,0,0.029355185
14/11/2020 10:18:01,0,0,0.029342679
14/11/2020 10:18:02,0,0,0.029330174
14/11/2020 10:18:03,0,0,0.029317668
14/11/2020 10:18:04,0,0,0.029305162
14/11/2020 10:18:05,0,0,0.029292656
14/11/2020 10:18:06,0,0,0.029280148
14/11/2020 10:18:07,0,0,0.029267643
14/11/2020 10:18:08,0,0,0.029255137
14/11/2020 10:18:09,0,0,0.029242631
14/11/2020 10:18:10,0,0,0.029230125
14/11/2020 10:18:11,0,0,0.029217619
14/11/2020 10:18:12,0,0,0.029205114
14/11/2020 10:18:13,0,0,0.029192606
14/11/2020 10:18:14,0,0,0.0291801
14/11/2020 10:18:15,0,0,0.029167594
14/11/2020 10:18:16,0,0,0.029155089
14/11/2020 10:18:17,0,0,0.029142583
14/11/2020 10:18:18,0,0,0.029130077
14/11/2020 10:18:19,0,0,0.029117571
14/11/2020 10:18:20,0,0,0.029105064
14/11/2020 10:18:21,0,0,0.029092558
14/11/2020 10:18:22,0,0,0.029080052
14/11/2020 10:18:23,0,0,0.029067546
14/11/2020 10:18:24,0,0,0.02905504
14/11/2020 10:18:25,0,0,0.029042535
14/11/2020 10:18:26,0,0,0.029030029
14/11/2020 10:18:27,0,0,0.029017521
14/11/2020 10:18:28,0,0,0.029005015
14/11/2020 10:18:29,0,0,0.028992509
14/11/2020 10:18:30,0,0,0.028980004
14/11/2020 10:18:31,0,0,0.028967498
14/11/2020 10:18:32,0,0,0.028954992
14/11/2020 10:18:33,0,0,0.028942484
14/11/2020 10:18:34,0,0,0.028929979
14/11/2020 10:18:35,0,0,0.028917473
14/11/2020 10:18:36,0,0,0.028904967
14/11/2020 10:18:37,0,0,0.028892461
14/11/2020 10:18:38,0,0,0.028879955
14/11/2020 10:18:39,0,0,0.02886745
14/11/2020 10:18:40,0,0,0.028854942
14/11/2020 10:18:41,0,0,0.028842436
14/11/2020 10:18:42,0,0,0.02882993
14/11/2020 10:18:43,0,0,0.028817425
14/11/2020 10:18:44,0,0,0.028804919
14/11/2020 10:18:45,0,0,0.028792413
14/11/2020 10:18:46,0,0,0.028779907
14/11/2020 10:18:47,0,0,0.028767399
14/11/2020 10:18:48,0,0,0.028754894
14/11/2020 10:18:49,0,0,0.028742388
14/11/2020 10:18:50,0,0,0.028729882
14/11/2020 10:18:51,0,0,0.028717376
14/11/2020 10:18:52,0,0,0.02870487
14/11/2020 10:18:53,0,0,0.028692365
14/11/2020 10:18:54,0,0,0.028679857
14/11/2020 10:18:55,0,0,0.028667351
14/11/2020 10:18:56,0,0,0.028654845
14/11/2020 10:18:57,0,0,0.02864234
14/11/2020 10:18:58,0,0,0.028629834
14/11/2020 10:18:59,0,0,0.028617328
14/11/2020 10:19:00,0,0,0.02860482
14/11/2020 10:19:01,0,0,0.028592315
14/11/2020 10:19:02,0,0,0.028579809
14/11/2020 10:19:03,0,0,0.028567303
14/11/2020 10:19:04,0,0,0.028554797
14/11/2020 10:19:05,0,0,0.028542291
14/11/2020 10:19:06,0,0,0.028529786
14/11/2020 10:19:07,0,0,0.028517278
14/11/2020 10:19:08,0,0,0.028504772
14/11/2020 10:19:09,0,0,0.028492266
14/11/2020 10:19:10,0,0,0.028479761
14/11/2020 10:19:11,0,0,0.028467255
14/11/2020 10:19:12,0,0,0.028454749
14/11/2020 10:19:13,0,0,0.028442243
14/11/2020 10:19:14,0,0,0.028429735
14/11/2020 10:19:15,0,0,0.02841723
14/11/2020 10:19:16,0,0,0.028404724
14/11/2020 10:19:17,0,0,0.028392218
14/11/2020 10:19:18,0,0,0.028379712
14/11/2020 10:19:19,0,0,0.028367206
14/11/2020 10:19:20,0,0,0.028354701
14/11/2020 10:19:21,0,0,0.028342193
14/11/2020 10:19:22,0,0,0.028329687
14/11/2020 10:19:23,0,0,0.028317181
14/11/2020 10:19:24,0,0,0.028304676
14/11/2020 10:19:25,0,0,0.02829217
14/11/2020 10:19:26,0,0,0.028279664
14/11/2020 10:19:27,0,0,0.028267156
14/11/2020 10:19:28,0,0,0.028254651
14/11/2020 10:19:29,0,0,0.028242145
14/11/2020 10:19:30,0,0,0.028229639
14/11/2020 10:19:31,0,0,0.028217133
14/11/2020 10:19:32,0,0,0.028204627
14/11/2020 10:19:33,0,0,0.028192122
14/11/2020 10:19:34,0,0,0.028179614
14/11/2020 10:19:35,0,0,0.028167108
14/11/2020 10:19:36,0,0,0.028154602
14/11/2020 10:19:37,0,0,0.028142096
14/11/2020 10:19:38,0,0,0.028129591
14/11/2020 10:19:39,0,0,0.028117085
14/11/2020 10:19:40,0,0,0.028104579
14/11/2020 10:19:41,0,0,0.028092071
14/11/2020 10:19:42,0,0,0.028079566
14/11/2020 10:19:43,0,0,0.02806706
14/11/2020 10:19:44,0,0,0.028054554
14/11/2020 10:19:45,0,0,0.028042048
14/11/2020 10:19:46,0,0,0.028029542
14/11/2020 10:19:47,0,0,0.028017037
14/11/2020 10:19:48,0,0,0.028004529
14/11/2020 10:19:49,0,0,0.027992023
14/11/2020 10:19:50,0,0,0.027979517
14/11/2020 10:19:51,0,0,0.027967012
14/11/2020 10:19:52,0,0,0.027954506
14/11/2020 10:19:53,0,0,0.027942
14/11/2020 10:19:54,0,0,0.027929492
14/11/2020 10:19:55,0,0,0.027916986
14/11/2020 10:19:56,0,0,0.027904481
14/11/2020 10:19:57,0,0,0.027891975
14/11/2020 10:19:58,0,0,0.027879469
14/11/2020 10:19:59,0,0,0.027866963
14/11/2020 10:20:00,0,0,0.027854457
14/11/2020 10:20:01,0,0,0.02784195
14/11/2020 10:20:02,0,0,0.027829444
14/11/2020 10:20:03,0,0,0.027816938
14/11/2020 10:20:04,0,0,0.027804432
14/11/2020 10:20:05,0,0,0.027791927
14/11/2020 10:20:06,0,0,0.027779421
14/11/2020 10:20:07,0,0,0.027766915
14/11/2020 10:20:08,0,0,0.027754407
14/11/2020 10:20:09,0,0,0.027741902
14/11/2020 10:20:10,0,0,0.027729396
14/11/2020 10:20:11,0,0,0.02771689
14/11/2020 10:20:12,0,0,0.027704384
14/11/2020 10:20:13,0,0,0.027691878
14/11/2020 10:20:14,0,0,0.027679373
14/11/2020 10:20:15,0,0,0.027666865
14/11/2020 10:20:16,0,0,0.027654359
14/11/2020 10:20:17,0,0,0.027641853
14/11/2020 10:20:18,0,0,0.027629348
14/11/2020 10:20:19,0,0,0.027616842
14/11/2020 10:20:20,0,0,0.027604336
14/11/2020 10:20:21,0,0,0.027591828
14/11/2020 10:20:22,0,0,0.027579322
14/11/2020 10:20:23,0,0,0.027566817
14/11/2020 10:20:24,0,0,0.027554311
14/11/2020 10:20:25,0,0,0.027541805
14/11/2020 10:20:26,0,0,0.027529299
14/11/2020 10:20:27,0,0,0.027516793
14/11/2020 10:20:28,0,0,0.027504286
14/11/2020 10:20:29,0,0,0.02749178
14/11/2020 10:20:30,0,0,0.027479274
14/11/2020 10:20:31,0,0,0.027466768
14/11/2020 10:20:32,0,0,0.027454263
14/11/2020 10:20:33,0,0,0.027441757
14/11/2020 10:20:34,0,0,0.027429251
14/11/2020 10:20:35,0,0,0.027416743
14/11/2020 10:20:36,0,0,0.027404238
14/11/2020 10:20:37,0,0,0.027391732
14/11/2020 10:20:38,0,0,0.027379226
14/11/2020 10:20:39,0,0,0.02736672
14/11/2020 10:20:40,0,0,0.027354214
14/11/2020 10:20:41,0,0,0.027341709
14/11/2020 10:20:42,0,0,0.027329201
14/11/2020 10:20:43,0,0,0.027316695
14/11/2020 10:20:44,0,0,0.027304189
14/11/2020 10:20:45,0,0,0.027291683
14/11/2020 10:20:46,0,0,0.027279178
14/11/2020 10:20:47,0,0,0.027266672
14/11/2020 10:20:48,0,0,0.027254164
14/11/2020 10:20:49,0,0,0.027241658
14/11/2020 10:20:50,0,0,0.027229153
14/11/2020 10:20:51,0,0,0.027216647
14/11/2020 10:20:52,0,0,0.027204141
14/11/2020 10:20:53,0,0,0.027191635
14/11/2020 10:20:54,0,0,0.027179129
14/11/2020 10:20:55,0,0,0.027166622
14/11/2020 10:20:56,0,0,0.027154116
14/11/2020 10:20:57,0,0,0.02714161
14/11/2020 10:20:58,0,0,0.027129104
14/11/2020 10:20:59,0,0,0.027116599
14/11/2020 10:21:00,0,0,0.027104093
14/11/2020 10:21:01,0,0,0.027091587
14/11/2020 10:21:02,0,0,0.027079079
14/11/2020 10:21:03,0,0,0.027066574
14/11/2020 10:21:04,0,0,0.027054068
14/11/2020 10:21:05,0,0,0.027041562
14/11/2020 10:21:06,0,0,0.027029056
14/11/2020 10:21:07,0,0,0.02701655
14/11/2020 10:21:08,0,0,0.027004045
14/11/2020 10:21:09,0,0,0.026991537
14/11/2020 10:21:10,0,0,0.026979031
14/11/2020 10:21:11,0,0,0.026966525
14/11/2020 10:21:12,0,0,0.026954019
14/11/2020 10:21:13,0,0,0.026941514
14/11/2020 10:21:14,0,0,0.026929008
14/11/2020 10:21:15,0,0,0.0269165
14/11/2020 10:21:16,0,0,0.026903994
14/11/2020 10:21:17,0,0,0.026891489
14/11/2020 10:21:18,0,0,0.026878983
14/11/2020 10:21:19,0,0,0.026866477
14/11/2020 10:21:20,0,0,0.026853971
14/11/2020 10:21:21,0,0,0.026841465
14/11/2020 10:21:22,0,0,0.026828958
14/11/2020 10:21:23,0,0,0.026816452
14/11/2020 10:21:24,0,0,0.026803946
14/11/2020 10:21:25,0,0,0.02679144
14/11/2020 10:21:26,0,0,0.026778935
14/11/2020 10:21:27,0,0,0.026766429
14/11/2020 10:21:28,0,0,0.026753923
14/11/2020 10:21:29,0,0,0.026741415
14/11/2020 10:21:30,0,0,0.026728909
14/11/2020 10:21:31,0,0,0.026716404
14/11/2020 10:21:32,0,0,0.026703898
14/11/2020 10:21:33,0,0,0.026691392
14/11/2020 10:21:34,0,0,0.026678886
14/11/2020 10:21:35,0,0,0.02666638
14/11/2020 10:21:36,0,0,0.026653873
14/11/2020 10:21:37,0,0,0.026641367
14/11/2020 10:21:38,0,0,0.026628861
14/11/2020 10:21:39,0,0,0.026616355
14/11/2020 10:21:40,0,0,0.02660385
14/11/2020 10:21:41,0,0,0.026591344
14/11/2020 10:21:42,0,0,0.026578836
14/11/2020 10:21:43,0,0,0.02656633
14/11/2020 10:21:44,0,0,0.026553825
14/11/2020 10:21:45,0,0,0.026541319
14/11/2020 10:21:46,0,0,0.026528813
14/11/2020 10:21:47,0,0,0.026516307
14/11/2020 10:21:48,0,0,0.026503801
14/11/2020 10:21:49,0,0,0.026491294
14/11/2020 10:21:50,0,0,0.026478788
14/11/2020 10:21:51,0,0,0.026466282
14/11/2020 10:21:52,0,0,0.026453776
14/11/2020 10:21:53,0,0,0.02644127
14/11/2020 10:21:54,0,0,0.026428765
14/11/2020 10:21:55,0,0,0.026416259
14/11/2020 10:21:56,0,0,0.026403751
14/11/2020 10:21:57,0,0,0.026391245
14/11/2020 10:21:58,0,0,0.02637874
14/11/2020 10:21:59,0,0,0.026366234
14/11/2020 10:22:00,0,0,0.026353728
14/11/2020 10:22:01,0,0,0.026341222
14/11/2020 10:22:02,0,0,0.026328716
14/11/2020 10:22:03,0,0,0.026316209
14/11/2020 10:22:04,0,0,0.026303703
14/11/2020 10:22:05,0,0,0.026291197
14/11/2020 10:22:06,0,0,0.026278691
14/11/2020 10:22:07,0,0,0.026266186
14/11/2020 10:22:08,0,0,0.02625368
14/11/2020 10:22:09,0,0,0.026241172
14/11/2020 10:22:10,0,0,0.026228666
14/11/2020 10:22:11,0,0,0.026216161
14/11/2020 10:22:12,0,0,0.026203655
14/11/2020 10:22:13,0,0,0.026191149
14/11/2020 10:22:14,0,0,0.026178643
14/11/2020 10:22:15,0,0,0.026166137
14/11/2020 10:22:16,0,0,0.02615363
14/11/2020 10:22:17,0,0,0.026141124
14/11/2020 10:22:18,0,0,0.026128618
14/11/2020 10:22:19,0,0,0.026116112
14/11/2020 10:22:20,0,0,0.026103606
14/11/2020 10:22:21,0,0,0.026091101
14/11/2020 10:22:22,0,0,0.026078595
14/11/2020 10:22:23,0,0,0.026066087
14/11/2020 10:22:24,0,0,0.026053581
14/11/2020 10:22:25,0,0,0.026041076
14/11/2020 10:22:26,0,0,0.02602857
14/11/2020 10:22:27,0,0,0.026016064
14/11/2020 10:22:28,0,0,0.026003558
14/11/2020 10:22:29,0,0,0.025991052
14/11/2020 10:22:30,0,0,0.025978545
14/11/2020 10:22:31,0,0,0.025966039
14/11/2020 10:22:32,0,0,0.025953533
14/11/2020 10:22:33,0,0,0.025941027
14/11/2020 10:22:34,0,0,0.025928522
14/11/2020 10:22:35,0,0,0.025916016
14/11/2020 10:22:36,0,0,0.025903508
14/11/2020 10:22:37,0,0,0.025891002
14/11/2020 10:22:38,0,0,0.025878496
14/11/2020 10:22:39,0,0,0.025865991
14/11/2020 10:22:40,0,0,0.025853485
14/11/2020 10:22:41,0,0,0.025840979
14/11/2020 10:22:42,0,0,0.025828473
14/11/2020 10:22:43,0,0,0.025815966
14/11/2020 10:22:44,0,0,0.02580346
14/11/2020 10:22:45,0,0,0.025790954
14/11/2020 10:22:46,0,0,0.025778448
14/11/2020 10:22:47,0,0,0.025765942
14/11/2020 10:22:48,0,0,0.025753437
14/11/2020 10:22:49,0,0,0.025740931
14/11/2020 10:22:50,0,0,0.025728423
14/11/2020 10:22:51,0,0,0.025715917
14/11/2020 10:22:52,0,0,0.025703412
14/11/2020 10:22:53,0,0,0.025690906
14/11/2020 10:22:54,0,0,0.0256784
14/11/2020 10:22:55,0,0,0.025665894
14/11/2020 10:22:56,0,0,0.025653388
14/11/2020 10:22:57,0,0,0.025640881
14/11/2020 10:22:58,0,0,0.025628375
14/11/2020 10:22:59,0,0,0.025615869
14/11/2020 10:23:00,0,0,0.025603363
14/11/2020 10:23:01,0,0,0.025590857
14/11/2020 10:23:02,0,0,0.025578352
14/11/2020 10:23:03,0,0,0.025565844
14/11/2020 10:23:04,0,0,0.025553338
14/11/2020 10:23:05,0,0,0.025540832
14/11/2020 10:23:06,0,0,0.025528327
14/11/2020 10:23:07,0,0,0.025515821
14/11/2020 10:23:08,0,0,0.025503315
14/11/2020 10:23:09,0,0,0.025490809
14/11/2020 10:23:10,0,0,0.025478302
14/11/2020 10:23:11,0,0,0.025465796
14/11/2020 10:23:12,0,0,0.02545329
14/11/2020 10:23:13,0,0,0.025440784
14/11/2020 10:23:14,0,0,0.025428278
14/11/2020 10:23:15,0,0,0.025415773
14/11/2020 10:23:16,0,0,0.025403267
14/11/2020 10:23:17,0,0,0.025390759
14/11/2020 10:23:18,0,0,0.025378253
14/11/2020 10:23:19,0,0,0.025365748
14/11/2020 10:23:20,0,0,0.025353242
14/11/2020 10:23:21,0,0,0.025340736
14/11/2020 10:23:22,0,0,0.02532823
14/11/2020 10:23:23,0,0,0.025315724
14/11/2020 10:23:24,0,0,0.025303217
14/11/2020 10:23:25,0,0,0.025290711
14/11/2020 10:23:26,0,0,0.025278205
14/11/2020 10:23:27,0,0,0.025265699
14/11/2020 10:23:28,0,0,0.025253193
14/11/2020 10:23:29,0,0,0.025240688
14/11/2020 10:23:30,0,0,0.02522818
14/11/2020 10:23:31,0,0,0.025215674
14/11/2020 10:23:32,0,0,0.025203168
14/11/2020 10:23:33,0,0,0.025190663
14/11/2020 10:23:34,0,0,0.025178157
14/11/2020 10:23:35,0,0,0.025165651
14/11/2020 10:23:36,0,0,0.025153145
14/11/2020 10:23:37,0,0,0.025140638
14/11/2020 10:23:38,0,0,0.025128132
14/11/2020 10:23:39,0,0,0.025115626
14/11/2020 10:23:40,0,0,0.02510312
14/11/2020 10:23:41,0,0,0.025090614
14/11/2020 10:23:42,0,0,0.025078109
14/11/2020 10:23:43,0,0,0.025065603
14/11/2020 10:23:44,0,0,0.025053095
14/11/2020 10:23:45,0,0,0.025040589
14/11/2020 10:23:46,0,0,0.025028083
14/11/2020 10:23:47,0,0,0.025015578
14/11/2020 10:23:48,0,0,0.025003072
14/11/2020 10:23:49,0,0,0.024990566
14/11/2020 10:23:50,0,0,0.02497806
14/11/2020 10:23:51,0,0,0.024965553
14/11/2020 10:23:52,0,0,0.024953047
14/11/2020 10:23:53,0,0,0.024940541
14/11/2020 10:23:54,0,0,0.024928035
14/11/2020 10:23:55,0,0,0.024915529
14/11/2020 10:23:56,0,0,0.024903024
14/11/2020 10:23:57,0,0,0.024890516
14/11/2020 10:23:58,0,0,0.02487801
14/11/2020 10:23:59,0,0,0.024865504
14/11/2020 10:24:00,0,0,0.024852999
14/11/2020 10:24:01,0,0,0.024840493
14/11/2020 10:24:02,0,0,0.024827987
14/11/2020 10:24:03,0,0,0.024815481
14/11/2020 10:24:04,0,0,0.024802973
14/11/2020 10:24:05,0,0,0.024790468
14/11/2020 10:24:06,0,0,0.024777962
14/11/2020 10:24:07,0,0,0.024765456
14/11/2020 10:24:08,0,0,0.02475295
14/11/2020 10:24:09,0,0,0.024740444
14/11/2020 10:24:10,0,0,0.024727939
14/11/2020 10:24:11,0,0,0.024715431
14/11/2020 10:24:12,0,0,0.024702925
14/11/2020 10:24:13,0,0,0.024690419
14/11/2020 10:24:14,0,0,0.024677914
14/11/2020 10:24:15,0,0,0.024665408
14/11/2020 10:24:16,0,0,0.024652902
14/11/2020 10:24:17,0,0,0.024640396
14/11/2020 10:24:18,0,0,0.024627889
14/11/2020 10:24:19,0,0,0.024615383
14/11/2020 10:24:20,0,0,0.024602877
14/11/2020 10:24:21,0,0,0.024590371
14/11/2020 10:24:22,0,0,0.024577865
14/11/2020 10:24:23,0,0,0.02456536
14/11/2020 10:24:24,0,0,0.024552852
14/11/2020 10:24:25,0,0,0.024540346
14/11/2020 10:24:26,0,0,0.02452784
14/11/2020 10:24:27,0,0,0.024515335
14/11/2020 10:24:28,0,0,0.024502829
14/11/2020 10:24:29,0,0,0.024490323
14/11/2020 10:24:30,0,0,0.024477817
14/11/2020 10:24:31,0,0,0.024465309
14/11/2020 10:24:32,0,0,0.024452804
14/11/2020 10:24:33,0,0,0.024440298
14/11/2020 10:24:34,0,0,0.024427792
14/11/2020 10:24:35,0,0,0.024415286
14/11/2020 10:24:36,0,0,0.02440278
14/11/2020 10:24:37,0,0,0.024390275
14/11/2020 10:24:38,0,0,0.024377767
14/11/2020 10:24:39,0,0,0.024365261
14/11/2020 10:24:40,0,0,0.024352755
14/11/2020 10:24:41,0,0,0.02434025
14/11/2020 10:24:42,0,0,0.024327744
14/11/2020 10:24:43,0,0,0.024315238
14/11/2020 10:24:44,0,0,0.024302732
14/11/2020 10:24:45,0,0,0.024290225
14/11/2020 10:24:46,0,0,0.024277719
14/11/2020 10:24:47,0,0,0.024265213
14/11/2020 10:24:48,0,0,0.024252707
14/11/2020 10:24:49,0,0,0.024240201
14/11/2020 10:24:50,0,0,0.024227696
14/11/2020 10:24:51,0,0,0.024215188
14/11/2020 10:24:52,0,0,0.024202682
14/11/2020 10:24:53,0,0,0.024190176
14/11/2020 10:24:54,0,0,0.02417767
14/11/2020 10:24:55,0,0,0.024165165
14/11/2020 10:24:56,0,0,0.024152659
14/11/2020 10:24:57,0,0,0.024140153
14/11/2020 10:24:58,0,0,0.024127645
14/11/2020 10:24:59,0,0,0.02411514
14/11/2020 10:25:00,0,0,0.024102634
14/11/2020 10:25:01,0,0,0.024090128
14/11/2020 10:25:02,0,0,0.024077622
14/11/2020 10:25:03,0,0,0.024065116
14/11/2020 10:25:04,0,0,0.024052611
14/11/2020 10:25:05,0,0,0.024040103
14/11/2020 10:25:06,0,0,0.024027597
14/11/2020 10:25:07,0,0,0.024015091
14/11/2020 10:25:08,0,0,0.024002586
14/11/2020 10:25:09,0,0,0.02399008
14/11/2020 10:25:10,0,0,0.023977574
14/11/2020 10:25:11,0,0,0.023965068
14/11/2020 10:25:12,0,0,0.02395256
14/11/2020 10:25:13,0,0,0.023940055
14/11/2020 10:25:14,0,0,0.023927549
14/11/2020 10:25:15,0,0,0.023915043
14/11/2020 10:25:16,0,0,0.023902537
14/11/2020 10:25:17,0,0,0.023890032
14/11/2020 10:25:18,0,0,0.023877524
14/11/2020 10:25:19,0,0,0.023865018
14/11/2020 10:25:20,0,0,0.023852512
14/11/2020 10:25:21,0,0,0.023840006
14/11/2020 10:25:22,0,0,0.023827501
14/11/2020 10:25:23,0,0,0.023814995
14/11/2020 10:25:24,0,0,0.023802489
14/11/2020 10:25:25,0,0,0.023789981
14/11/2020 10:25:26,0,0,0.023777476
14/11/2020 10:25:27,0,0,0.02376497
14/11/2020 10:25:28,0,0,0.023752464
14/11/2020 10:25:29,0,0,0.023739958
14/11/2020 10:25:30,0,0,0.023727452
14/11/2020 10:25:31,0,0,0.023714947
14/11/2020 10:25:32,0,0,0.023702439
14/11/2020 10:25:33,0,0,0.023689933
14/11/2020 10:25:34,0,0,0.023677427
14/11/2020 10:25:35,0,0,0.023664922
14/11/2020 10:25:36,0,0,0.023652416
14/11/2020 10:25:37,0,0,0.02363991
14/11/2020 10:25:38,0,0,0.023627404
14/11/2020 10:25:39,0,0,0.023614896
14/11/2020 10:25:40,0,0,0.023602391
14/11/2020 10:25:41,0,0,0.023589885
14/11/2020 10:25:42,0,0,0.023577379
14/11/2020 10:25:43,0,0,0.023564873
14/11/2020 10:25:44,0,0,0.023552367
14/11/2020 10:25:45,0,0,0.02353986
14/11/2020 10:25:46,0,0,0.023527354
14/11/2020 10:25:47,0,0,0.023514848
14/11/2020 10:25:48,0,0,0.023502342
14/11/2020 10:25:49,0,0,0.023489837
14/11/2020 10:25:50,0,0,0.023477331
14/11/2020 10:25:51,0,0,0.023464825
14/11/2020 10:25:52,0,0,0.023452317
14/11/2020 10:25:53,0,0,0.023439812
14/11/2020 10:25:54,0,0,0.023427306
14/11/2020 10:25:55,0,0,0.0234148
14/11/2020 10:25:56,0,0,0.023402294
14/11/2020 10:25:57,0,0,0.023389788
14/11/2020 10:25:58,0,0,0.023377283
14/11/2020 10:25:59,0,0,0.023364775
14/11/2020 10:26:00,0,0,0.023352269
14/11/2020 10:26:01,0,0,0.023339763
14/11/2020 10:26:02,0,0,0.023327257
14/11/2020 10:26:03,0,0,0.023314752
14/11/2020 10:26:04,0,0,0.023302246
14/11/2020 10:26:05,0,0,0.02328974
14/11/2020 10:26:06,0,0,0.023277232
14/11/2020 10:26:07,0,0,0.023264727
14/11/2020 10:26:08,0,0,0.023252221
14/11/2020 10:26:09,0,0,0.023239715
14/11/2020 10:26:10,0,0,0.023227209
14/11/2020 10:26:11,0,0,0.023214703
14/11/2020 10:26:12,0,0,0.023202196
14/11/2020 10:26:13,0,0,0.02318969
14/11/2020 10:26:14,0,0,0.023177184
14/11/2020 10:26:15,0,0,0.023164678
14/11/2020 10:26:16,0,0,0.023152173
14/11/2020 10:26:17,0,0,0.023139667
14/11/2020 10:26:18,0,0,0.023127161
14/11/2020 10:26:19,0,0,0.023114653
14/11/2020 10:26:20,0,0,0.023102148
14/11/2020 10:26:21,0,0,0.023089642
14/11/2020 10:26:22,0,0,0.023077136
14/11/2020 10:26:23,0,0,0.02306463
14/11/2020 10:26:24,0,0,0.023052124
14/11/2020 10:26:25,0,0,0.023039619
14/11/2020 10:26:26,0,0,0.023027111
14/11/2020 10:26:27,0,0,0.023014605
14/11/2020 10:26:28,0,0,0.023002099
14/11/2020 10:26:29,0,0,0.022989593
14/11/2020 10:26:30,0,0,0.022977088
14/11/2020 10:26:31,0,0,0.022964582
14/11/2020 10:26:32,0,0,0.022952076
14/11/2020 10:26:33,0,0,0.022939568
14/11/2020 10:26:34,0,0,0.022927063
14/11/2020 10:26:35,0,0,0.022914557
14/11/2020 10:26:36,0,0,0.022902051
14/11/2020 10:26:37,0,0,0.022889545
14/11/2020 10:26:38,0,0,0.022877039
14/11/2020 10:26:39,0,0,0.022864532
14/11/2020 10:26:40,0,0,0.022852026
14/11/2020 10:26:41,0,0,0.02283952
14/11/2020 10:26:42,0,0,0.022827014
14/11/2020 10:26:43,0,0,0.022814509
14/11/2020 10:26:44,0,0,0.022802003
14/11/2020 10:26:45,0,0,0.022789497
14/11/2020 10:26:46,0,0,0.022776989
14/11/2020 10:26:47,0,0,0.022764483
14/11/2020 10:26:48,0,0,0.022751978
14/11/2020 10:26:49,0,0,0.022739472
14/11/2020 10:26:50,0,0,0.022726966
14/11/2020 10:26:51,0,0,0.02271446
14/11/2020 10:26:52,0,0,0.022701954
14/11/2020 10:26:53,0,0,0.022689447
14/11/2020 10:26:54,0,0,0.022676941
14/11/2020 10:26:55,0,0,0.022664435
14/11/2020 10:26:56,0,0,0.022651929
14/11/2020 10:26:57,0,0,0.022639424
14/11/2020 10:26:58,0,0,0.022626918
14/11/2020 10:26:59,0,0,0.022614412
14/11/2020 10:27:00,0,0,0.022601904
14/11/2020 10:27:01,0,0,0.022589399
14/11/2020 10:27:02,0,0,0.022576893
14/11/2020 10:27:03,0,0,0.022564387
14/11/2020 10:27:04,0,0,0.022551881
14/11/2020 10:27:05,0,0,0.022539375
14/11/2020 10:27:06,0,0,0.022526868
14/11/2020 10:27:07,0,0,0.022514362
14/11/2020 10:27:08,0,0,0.022501856
14/11/2020 10:27:09,0,0,0.02248935
14/11/2020 10:27:10,0,0,0.022476844
14/11/2020 10:27:11,0,0,0.022464339
14/11/2020 10:27:12,0,0,0.022451833
14/11/2020 10:27:13,0,0,0.022439325
14/11/2020 10:27:14,0,0,0.022426819
14/11/2020 10:27:15,0,0,0.022414314
14/11/2020 10:27:16,0,0,0.022401808
14/11/2020 10:27:17,0,0,0.022389302
14/11/2020 10:27:18,0,0,0.022376796
14/11/2020 10:27:19,0,0,0.02236429
14/11/2020 10:27:20,0,0,0.022351783
14/11/2020 10:27:21,0,0,0.022339277
14/11/2020 10:27:22,0,0,0.022326771
14/11/2020 10:27:23,0,0,0.022314265
14/11/2020 10:27:24,0,0,0.02230176
14/11/2020 10:27:25,0,0,0.022289254
14/11/2020 10:27:26,0,0,0.022276748
14/11/2020 10:27:27,0,0,0.02226424
14/11/2020 10:27:28,0,0,0.022251735
14/11/2020 10:27:29,0,0,0.022239229
14/11/2020 10:27:30,0,0,0.022226723
14/11/2020 10:27:31,0,0,0.022214217
14/11/2020 10:27:32,0,0,0.022201711
14/11/2020 10:27:33,0,0,0.022189204
14/11/2020 10:27:34,0,0,0.022176698
14/11/2020 10:27:35,0,0,0.022164192
14/11/2020 10:27:36,0,0,0.022151686
14/11/2020 10:27:37,0,0,0.02213918
14/11/2020 10:27:38,0,0,0.022126675
14/11/2020 10:27:39,0,0,0.022114169
14/11/2020 10:27:40,0,0,0.022101661
14/11/2020 10:27:41,0,0,0.022089155
14/11/2020 10:27:42,0,0,0.02207665
14/11/2020 10:27:43,0,0,0.022064144
14/11/2020 10:27:44,0,0,0.022051638
14/11/2020 10:27:45,0,0,0.022039132
14/11/2020 10:27:46,0,0,0.022026626
14/11/2020 10:27:47,0,0,0.022014119
14/11/2020 10:27:48,0,0,0.022001613
14/11/2020 10:27:49,0,0,0.021989107
14/11/2020 10:27:50,0,0,0.021976601
14/11/2020 10:27:51,0,0,0.021964096
14/11/2020 10:27:52,0,0,0.02195159
14/11/2020 10:27:53,0,0,0.021939084
14/11/2020 10:27:54,0,0,0.021926576
14/11/2020 10:27:55,0,0,0.02191407
14/11/2020 10:27:56,0,0,0.021901565
14/11/2020 10:27:57,0,0,0.021889059
14/11/2020 10:27:58,0,0,0.021876553
14/11/2020 10:27:59,0,0,0.021864047
14/11/2020 10:28:00,0,0,0.02185154
14/11/2020 10:28:01,0,0,0.021839034
14/11/2020 10:28:02,0,0,0.021826528
14/11/2020 10:28:03,0,0,0.021814022
14/11/2020 10:28:04,0,0,0.021801516
14/11/2020 10:28:05,0,0,0.021789011
14/11/2020 10:28:06,0,0,0.021776505
14/11/2020 10:28:07,0,0,0.021763997
14/11/2020 10:28:08,0,0,0.021751491
14/11/2020 10:28:09,0,0,0.021738986
14/11/2020 10:28:10,0,0,0.02172648
14/11/2020 10:28:11,0,0,0.021713974
14/11/2020 10:28:12,0,0,0.021701468
14/11/2020 10:28:13,0,0,0.021688962
14/11/2020 10:28:14,0,0,0.021676455
14/11/2020 10:28:15,0,0,0.021663949
14/11/2020 10:28:16,0,0,0.021651443
14/11/2020 10:28:17,0,0,0.021638937
14/11/2020 10:28:18,0,0,0.021626431
14/11/2020 10:28:19,0,0,0.021613926
14/11/2020 10:28:20,0,0,0.02160142
14/11/2020 10:28:21,0,0,0.021588912
14/11/2020 10:28:22,0,0,0.021576406
14/11/2020 10:28:23,0,0,0.021563901
14/11/2020 10:28:24,0,0,0.021551395
14/11/2020 10:28:25,0,0,0.021538889
14/11/2020 10:28:26,0,0,0.021526383
14/11/2020 10:28:27,0,0,0.021513876
14/11/2020 10:28:28,0,0,0.02150137
14/11/2020 10:28:29,0,0,0.021488864
14/11/2020 10:28:30,0,0,0.021476358
14/11/2020 10:28:31,0,0,0.021463852
14/11/2020 10:28:32,0,0,0.021451347
14/11/2020 10:28:33,0,0,0.021438841
14/11/2020 10:28:34,0,0,0.021426333
14/11/2020 10:28:35,0,0,0.021413827
14/11/2020 10:28:36,0,0,0.021401322
14/11/2020 10:28:37,0,0,0.021388816
14/11/2020 10:28:38,0,0,0.02137631
14/11/2020 10:28:39,0,0,0.021363804
14/11/2020 10:28:40,0,0,0.021351298
14/11/2020 10:28:41,0,0,0.021338791
14/11/2020 10:28:42,0,0,0.021326285
14/11/2020 10:28:43,0,0,0.021313779
14/11/2020 10:28:44,0,0,0.021301273
14/11/2020 10:28:45,0,0,0.021288767
14/11/2020 10:28:46,0,0,0.021276262
14/11/2020 10:28:47,0,0,0.021263756
14/11/2020 10:28:48,0,0,0.021251248
14/11/2020 10:28:49,0,0,0.021238742
14/11/2020 10:28:50,0,0,0.021226237
14/11/2020 10:28:51,0,0,0.021213731
14/11/2020 10:28:52,0,0,0.021201225
14/11/2020 10:28:53,0,0,0.021188719
14/11/2020 10:28:54,0,0,0.021176212
14/11/2020 10:28:55,0,0,0.021163706
14/11/2020 10:28:56,0,0,0.0211512
14/11/2020 10:28:57,0,0,0.021138694
14/11/2020 10:28:58,0,0,0.021126188
14/11/2020 10:28:59,0,0,0.021113683
14/11/2020 10:29:00,0,0,0.021101177
14/11/2020 10:29:01,0,0,0.021088669
14/11/2020 10:29:02,0,0,0.021076163
14/11/2020 10:29:03,0,0,0.021063657
14/11/2020 10:29:04,0,0,0.021051152
14/11/2020 10:29:05,0,0,0.021038646
14/11/2020 10:29:06,0,0,0.02102614
14/11/2020 10:29:07,0,0,0.021013634
14/11/2020 10:29:08,0,0,0.021001127
14/11/2020 10:29:09,0,0,0.020988621
14/11/2020 10:29:10,0,0,0.020976115
14/11/2020 10:29:11,0,0,0.020963609
14/11/2020 10:29:12,0,0,0.020951103
14/11/2020 10:29:13,0,0,0.020938598
14/11/2020 10:29:14,0,0,0.020926092
14/11/2020 10:29:15,0,0,0.020913584
14/11/2020 10:29:16,0,0,0.020901078
14/11/2020 10:29:17,0,0,0.020888573
14/11/2020 10:29:18,0,0,0.020876067
14/11/2020 10:29:19,0,0,0.020863561
14/11/2020 10:29:20,0,0,0.020851055
14/11/2020 10:29:21,0,0,0.020838547
14/11/2020 10:29:22,0,0,0.020826042
14/11/2020 10:29:23,0,0,0.020813536
14/11/2020 10:29:24,0,0,0.02080103
14/11/2020 10:29:25,0,0,0.020788524
14/11/2020 10:29:26,0,0,0.020776019
14/11/2020 10:29:27,0,0,0.020763513
14/11/2020 10:29:28,0,0,0.020751005
14/11/2020 10:29:29,0,0,0.020738499
14/11/2020 10:29:30,0,0,0.020725993
14/11/2020 10:29:31,0,0,0.020713488
14/11/2020 10:29:32,0,0,0.020700982
14/11/2020 10:29:33,0,0,0.020688476
14/11/2020 10:29:34,0,0,0.02067597
14/11/2020 10:29:35,0,0,0.020663463
14/11/2020 10:29:36,0,0,0.020650957
14/11/2020 10:29:37,0,0,0.020638451
14/11/2020 10:29:38,0,0,0.020625945
14/11/2020 10:29:39,0,0,0.020613439
14/11/2020 10:29:40,0,0,0.020600934
14/11/2020 10:29:41,0,0,0.020588428
14/11/2020 10:29:42,0,0,0.02057592
14/11/2020 10:29:43,0,0,0.020563414
14/11/2020 10:29:44,0,0,0.020550909
14/11/2020 10:29:45,0,0,0.020538403
14/11/2020 10:29:46,0,0,0.020525897
14/11/2020 10:29:47,0,0,0.020513391
14/11/2020 10:29:48,0,0,0.020500883
14/11/2020 10:29:49,0,0,0.020488378
14/11/2020 10:29:50,0,0,0.020475872
14/11/2020 10:29:51,0,0,0.020463366
14/11/2020 10:29:52,0,0,0.02045086
14/11/2020 10:29:53,0,0,0.020438354
14/11/2020 10:29:54,0,0,0.020425849
14/11/2020 10:29:55,0,0,0.020413341
14/11/2020 10:29:56,0,0,0.020400835
14/11/2020 10:29:57,0,0,0.020388329
14/11/2020 10:29:58,0,0,0.020375824
14/11/2020 10:29:59,0,0,0.020363318
14/11/2020 10:30:00,0,0,0.020350812
14/11/2020 10:30:01,0,0,0.020338306
14/11/2020 10:30:02,0,0,0.020325799
14/11/2020 10:30:03,0,0,0.020313293
14/11/2020 10:30:04,0,0,0.020300787
14/11/2020 10:30:05,0,0,0.020288281
14/11/2020 10:30:06,0,0,0.020275775
14/11/2020 10:30:07,0,0,0.02026327
14/11/2020 10:30:08,0,0,0.020250764
14/11/2020 10:30:09,0,0,0.020238256
14/11/2020 10:30:10,0,0,0.02022575
14/11/2020 10:30:11,0,0,0.020213244
14/11/2020 10:30:12,0,0,0.020200739
14/11/2020 10:30:13,0,0,0.020188233
14/11/2020 10:30:14,0,0,0.020175727
14/11/2020 10:30:15,0,0,0.020163219
14/11/2020 10:30:16,0,0,0.020150714
14/11/2020 10:30:17,0,0,0.020138208
14/11/2020 10:30:18,0,0,0.020125702
14/11/2020 10:30:19,0,0,0.020113196
14/11/2020 10:30:20,0,0,0.02010069
14/11/2020 10:30:21,0,0,0.020088185
14/11/2020 10:30:22,0,0,0.020075677
14/11/2020 10:30:23,0,0,0.020063171
14/11/2020 10:30:24,0,0,0.020050665
14/11/2020 10:30:25,0,0,0.02003816
14/11/2020 10:30:26,0,0,0.020025654
14/11/2020 10:30:27,0,0,0.020013148
14/11/2020 10:30:28,0,0,0.020000642
14/11/2020 10:30:29,0,0,0.019988135
14/11/2020 10:30:30,0,0,0.019975629
14/11/2020 10:30:31,0,0,0.019963123
14/11/2020 10:30:32,0,0,0.019950617
14/11/2020 10:30:33,0,0,0.019938111
14/11/2020 10:30:34,0,0,0.019925606
14/11/2020 10:30:35,0,0,0.0199131
14/11/2020 10:30:36,0,0,0.019900592
14/11/2020 10:30:37,0,0,0.019888086
14/11/2020 10:30:38,0,0,0.01987558
14/11/2020 10:30:39,0,0,0.019863075
14/11/2020 10:30:40,0,0,0.019850569
14/11/2020 10:30:41,0,0,0.019838063
14/11/2020 10:30:42,0,0,0.019825555
14/11/2020 10:30:43,0,0,0.01981305
14/11/2020 10:30:44,0,0,0.019800544
14/11/2020 10:30:45,0,0,0.019788038
14/11/2020 10:30:46,0,0,0.019775532
14/11/2020 10:30:47,0,0,0.019763026
14/11/2020 10:30:48,0,0,0.019750521
14/11/2020 10:30:49,0,0,0.019738013
14/11/2020 10:30:50,0,0,0.019725507
14/11/2020 10:30:51,0,0,0.019713001
14/11/2020 10:30:52,0,0,0.019700496
14/11/2020 10:30:53,0,0,0.01968799
14/11/2020 10:30:54,0,0,0.019675484
14/11/2020 10:30:55,0,0,0.019662978
14/11/2020 10:30:56,0,0,0.01965047
14/11/2020 10:30:57,0,0,0.019637965
14/11/2020 10:30:58,0,0,0.019625459
14/11/2020 10:30:59,0,0,0.019612953
14/11/2020 10:31:00,0,0,0.019600447
14/11/2020 10:31:01,0,0,0.019587941
14/11/2020 10:31:02,0,0,0.019575436
14/11/2020 10:31:03,0,0,0.019562928
14/11/2020 10:31:04,0,0,0.019550422
14/11/2020 10:31:05,0,0,0.019537916
14/11/2020 10:31:06,0,0,0.019525411
14/11/2020 10:31:07,0,0,0.019512905
14/11/2020 10:31:08,0,0,0.019500399
14/11/2020 10:31:09,0,0,0.019487891
14/11/2020 10:31:10,0,0,0.019475386
14/11/2020 10:31:11,0,0,0.01946288
14/11/2020 10:31:12,0,0,0.019450374
14/11/2020 10:31:13,0,0,0.019437868
14/11/2020 10:31:14,0,0,0.019425362
14/11/2020 10:31:15,0,0,0.019412857
14/11/2020 10:31:16,0,0,0.019400349
14/11/2020 10:31:17,0,0,0.019387843
14/11/2020 10:31:18,0,0,0.019375337
14/11/2020 10:31:19,0,0,0.019362831
14/11/2020 10:31:20,0,0,0.019350326
14/11/2020 10:31:21,0,0,0.01933782
14/11/2020 10:31:22,0,0,0.019325314
14/11/2020 10:31:23,0,0,0.019312806
14/11/2020 10:31:24,0,0,0.019300301
14/11/2020 10:31:25,0,0,0.019287795
14/11/2020 10:31:26,0,0,0.019275289
14/11/2020 10:31:27,0,0,0.019262783
14/11/2020 10:31:28,0,0,0.019250277
14/11/2020 10:31:29,0,0,0.019237772
14/11/2020 10:31:30,0,0,0.019225264
14/11/2020 10:31:31,0,0,0.019212758
14/11/2020 10:31:32,0,0,0.019200252
14/11/2020 10:31:33,0,0,0.019187747
14/11/2020 10:31:34,0,0,0.019175241
14/11/2020 10:31:35,0,0,0.019162735
14/11/2020 10:31:36,0,0,0.019150227
14/11/2020 10:31:37,0,0,0.019137722
14/11/2020 10:31:38,0,0,0.019125216
14/11/2020 10:31:39,0,0,0.01911271
14/11/2020 10:31:40,0,0,0.019100204
14/11/2020 10:31:41,0,0,0.019087698
14/11/2020 10:31:42,0,0,0.019075193
14/11/2020 10:31:43,0,0,0.019062685
14/11/2020 10:31:44,0,0,0.019050179
14/11/2020 10:31:45,0,0,0.019037673
14/11/2020 10:31:46,0,0,0.019025167
14/11/2020 10:31:47,0,0,0.019012662
14/11/2020 10:31:48,0,0,0.019000156
14/11/2020 10:31:49,0,0,0.01898765
14/11/2020 10:31:50,0,0,0.018975142
14/11/2020 10:31:51,0,0,0.018962637
14/11/2020 10:31:52,0,0,0.018950131
14/11/2020 10:31:53,0,0,0.018937625
14/11/2020 10:31:54,0,0,0.018925119
14/11/2020 10:31:55,0,0,0.018912613
14/11/2020 10:31:56,0,0,0.018900108
14/11/2020 10:31:57,0,0,0.0188876
14/11/2020 10:31:58,0,0,0.018875094
14/11/2020 10:31:59,0,0,0.018862588
14/11/2020 10:32:00,0,0,0.018850083
14/11/2020 10:32:01,0,0,0.018837577
14/11/2020 10:32:02,0,0,0.018825071
14/11/2020 10:32:03,0,0,0.018812563
14/11/2020 10:32:04,0,0,0.018800057
14/11/2020 10:32:05,0,0,0.018787552
14/11/2020 10:32:06,0,0,0.018775046
14/11/2020 10:32:07,0,0,0.01876254
14/11/2020 10:32:08,0,0,0.018750034
14/11/2020 10:32:09,0,0,0.018737528
14/11/2020 10:32:10,0,0,0.018725021
14/11/2020 10:32:11,0,0,0.018712515
14/11/2020 10:32:12,0,0,0.018700009
14/11/2020 10:32:13,0,0,0.018687503
14/11/2020 10:32:14,0,0,0.018674998
14/11/2020 10:32:15,0,0,0.018662492
14/11/2020 10:32:16,0,0,0.018649986
14/11/2020 10:32:17,0,0,0.018637478
14/11/2020 10:32:18,0,0,0.018624973
14/11/2020 10:32:19,0,0,0.018612467
14/11/2020 10:32:20,0,0,0.018599961
14/11/2020 10:32:21,0,0,0.018587455
14/11/2020 10:32:22,0,0,0.018574949
14/11/2020 10:32:23,0,0,0.018562444
14/11/2020 10:32:24,0,0,0.018549936
14/11/2020 10:32:25,0,0,0.01853743
14/11/2020 10:32:26,0,0,0.018524924
14/11/2020 10:32:27,0,0,0.018512418
14/11/2020 10:32:28,0,0,0.018499913
14/11/2020 10:32:29,0,0,0.018487407
14/11/2020 10:32:30,0,0,0.018474899
14/11/2020 10:32:31,0,0,0.018462393
14/11/2020 10:32:32,0,0,0.018449888
14/11/2020 10:32:33,0,0,0.018437382
14/11/2020 10:32:34,0,0,0.018424876
14/11/2020 10:32:35,0,0,0.01841237
14/11/2020 10:32:36,0,0,0.018399864
14/11/2020 10:32:37,0,0,0.018387357
14/11/2020 10:32:38,0,0,0.018374851
14/11/2020 10:32:39,0,0,0.018362345
14/11/2020 10:32:40,0,0,0.018349839
14/11/2020 10:32:41,0,0,0.018337334
14/11/2020 10:32:42,0,0,0.018324828
14/11/2020 10:32:43,0,0,0.018312322
14/11/2020 10:32:44,0,0,0.018299814
14/11/2020 10:32:45,0,0,0.018287309
14/11/2020 10:32:46,0,0,0.018274803
14/11/2020 10:32:47,0,0,0.018262297
14/11/2020 10:32:48,0,0,0.018249791
14/11/2020 10:32:49,0,0,0.018237285
14/11/2020 10:32:50,0,0,0.01822478
14/11/2020 10:32:51,0,0,0.018212272
14/11/2020 10:32:52,0,0,0.018199766
14/11/2020 10:32:53,0,0,0.01818726
14/11/2020 10:32:54,0,0,0.018174754
14/11/2020 10:32:55,0,0,0.018162249
14/11/2020 10:32:56,0,0,0.018149743
14/11/2020 10:32:57,0,0,0.018137235
14/11/2020 10:32:58,0,0,0.018124729
14/11/2020 10:32:59,0,0,0.018112224
14/11/2020 10:33:00,0,0,0.018099718
14/11/2020 10:33:01,0,0,0.018087212
14/11/2020 10:33:02,0,0,0.018074706
14/11/2020 10:33:03,0,0,0.0180622
14/11/2020 10:33:04,0,0,0.018049693
14/11/2020 10:33:05,0,0,0.018037187
14/11/2020 10:33:06,0,0,0.018024681
14/11/2020 10:33:07,0,0,0.018012175
14/11/2020 10:33:08,0,0,0.01799967
14/11/2020 10:33:09,0,0,0.017987164
14/11/2020 10:33:10,0,0,0.017974658
14/11/2020 10:33:11,0,0,0.01796215
14/11/2020 10:33:12,0,0,0.017949644
14/11/2020 10:33:13,0,0,0.017937139
14/11/2020 10:33:14,0,0,0.017924633
14/11/2020 10:33:15,0,0,0.017912127
14/11/2020 10:33:16,0,0,0.017899621
14/11/2020 10:33:17,0,0,0.017887115
14/11/2020 10:33:18,0,0,0.017874608
14/11/2020 10:33:19,0,0,0.017862102
14/11/2020 10:33:20,0,0,0.017849596
14/11/2020 10:33:21,0,0,0.01783709
14/11/2020 10:33:22,0,0,0.017824585
14/11/2020 10:33:23,0,0,0.017812079
14/11/2020 10:33:24,0,0,0.017799571
14/11/2020 10:33:25,0,0,0.017787065
14/11/2020 10:33:26,0,0,0.01777456
14/11/2020 10:33:27,0,0,0.017762054
14/11/2020 10:33:28,0,0,0.017749548
14/11/2020 10:33:29,0,0,0.017737042
14/11/2020 10:33:30,0,0,0.017724536
14/11/2020 10:33:31,0,0,0.017712029
14/11/2020 10:33:32,0,0,0.017699523
14/11/2020 10:33:33,0,0,0.017687017
14/11/2020 10:33:34,0,0,0.017674511
14/11/2020 10:33:35,0,0,0.017662005
14/11/2020 10:33:36,0,0,0.0176495
14/11/2020 10:33:37,0,0,0.017636994
14/11/2020 10:33:38,0,0,0.017624486
14/11/2020 10:33:39,0,0,0.01761198
14/11/2020 10:33:40,0,0,0.017599475
14/11/2020 10:33:41,0,0,0.017586969
14/11/2020 10:33:42,0,0,0.017574463
14/11/2020 10:33:43,0,0,0.017561957
14/11/2020 10:33:44,0,0,0.017549451
14/11/2020 10:33:45,0,0,0.017536944
14/11/2020 10:33:46,0,0,0.017524438
14/11/2020 10:33:47,0,0,0.017511932
14/11/2020 10:33:48,0,0,0.017499426
14/11/2020 10:33:49,0,0,0.017486921
14/11/2020 10:33:50,0,0,0.017474415
14/11/2020 10:33:51,0,0,0.017461907
14/11/2020 10:33:52,0,0,0.017449401
14/11/2020 10:33:53,0,0,0.017436896
14/11/2020 10:33:54,0,0,0.01742439
14/11/2020 10:33:55,0,0,0.017411884
14/11/2020 10:33:56,0,0,0.017399378
14/11/2020 10:33:57,0,0,0.017386872
14/11/2020 10:33:58,0,0,0.017374365
14/11/2020 10:33:59,0,0,0.017361859
14/11/2020 10:34:00,0,0,0.017349353
14/11/2020 10:34:01,0,0,0.017336847
14/11/2020 10:34:02,0,0,0.017324341
14/11/2020 10:34:03,0,0,0.017311836
14/11/2020 10:34:04,0,0,0.01729933
14/11/2020 10:34:05,0,0,0.017286822
14/11/2020 10:34:06,0,0,0.017274316
14/11/2020 10:34:07,0,0,0.017261811
14/11/2020 10:34:08,0,0,0.017249305
14/11/2020 10:34:09,0,0,0.017236799
14/11/2020 10:34:10,0,0,0.017224293
14/11/2020 10:34:11,0,0,0.017211787
14/11/2020 10:34:12,0,0,0.01719928
14/11/2020 10:34:13,0,0,0.017186774
14/11/2020 10:34:14,0,0,0.017174268
14/11/2020 10:34:15,0,0,0.017161762
14/11/2020 10:34:16,0,0,0.017149257
14/11/2020 10:34:17,0,0,0.017136751
14/11/2020 10:34:18,0,0,0.017124243
14/11/2020 10:34:19,0,0,0.017111737
14/11/2020 10:34:20,0,0,0.017099231
14/11/2020 10:34:21,0,0,0.017086726
14/11/2020 10:34:22,0,0,0.01707422
14/11/2020 10:34:23,0,0,0.017061714
14/11/2020 10:34:24,0,0,0.017049208
14/11/2020 10:34:25,0,0,0.017036701
14/11/2020 10:34:26,0,0,0.017024195
14/11/2020 10:34:27,0,0,0.017011689
14/11/2020 10:34:28,0,0,0.016999183
14/11/2020 10:34:29,0,0,0.016986677
14/11/2020 10:34:30,0,0,0.016974172
14/11/2020 10:34:31,0,0,0.016961666
14/11/2020 10:34:32,0,0,0.016949158
14/11/2020 10:34:33,0,0,0.016936652
14/11/2020 10:34:34,0,0,0.016924147
14/11/2020 10:34:35,0,0,0.016911641
14/11/2020 10:34:36,0,0,0.016899135
14/11/2020 10:34:37,0,0,0.016886629
14/11/2020 10:34:38,0,0,0.016874123
14/11/2020 10:34:39,0,0,0.016861616
14/11/2020 10:34:40,0,0,0.01684911
14/11/2020 10:34:41,0,0,0.016836604
14/11/2020 10:34:42,0,0,0.016824098
14/11/2020 10:34:43,0,0,0.016811593
14/11/2020 10:34:44,0,0,0.016799087
14/11/2020 10:34:45,0,0,0.016786579
14/11/2020 10:34:46,0,0,0.016774073
14/11/2020 10:34:47,0,0,0.016761567
14/11/2020 10:34:48,0,0,0.016749062
14/11/2020 10:34:49,0,0,0.016736556
14/11/2020 10:34:50,0,0,0.01672405
14/11/2020 10:34:51,0,0,0.016711544
14/11/2020 10:34:52,0,0,0.016699037
14/11/2020 10:34:53,0,0,0.016686531
14/11/2020 10:34:54,0,0,0.016674025
14/11/2020 10:34:55,0,0,0.016661519
14/11/2020 10:34:56,0,0,0.016649013
14/11/2020 10:34:57,0,0,0.016636508
14/11/2020 10:34:58,0,0,0.016624002
14/11/2020 10:34:59,0,0,0.016611494
14/11/2020 10:35:00,0,0,0.016598988
14/11/2020 10:35:01,0,0,0.016586483
14/11/2020 10:35:02,0,0,0.016573977
14/11/2020 10:35:03,0,0,0.016561471
14/11/2020 10:35:04,0,0,0.016548965
14/11/2020 10:35:05,0,0,0.016536459
14/11/2020 10:35:06,0,0,0.016523952
14/11/2020 10:35:07,0,0,0.016511446
14/11/2020 10:35:08,0,0,0.01649894
14/11/2020 10:35:09,0,0,0.016486434
14/11/2020 10:35:10,0,0,0.016473928
14/11/2020 10:35:11,0,0,0.016461423
14/11/2020 10:35:12,0,0,0.016448915
14/11/2020 10:35:13,0,0,0.016436409
14/11/2020 10:35:14,0,0,0.016423903
14/11/2020 10:35:15,0,0,0.016411398
14/11/2020 10:35:16,0,0,0.016398892
14/11/2020 10:35:17,0,0,0.016386386
14/11/2020 10:35:18,0,0,0.01637388
14/11/2020 10:35:19,0,0,0.016361373
14/11/2020 10:35:20,0,0,0.016348867
14/11/2020 10:35:21,0,0,0.016336361
14/11/2020 10:35:22,0,0,0.016323855
14/11/2020 10:35:23,0,0,0.016311349
14/11/2020 10:35:24,0,0,0.016298844
14/11/2020 10:35:25,0,0,0.016286338
14/11/2020 10:35:26,0,0,0.01627383
14/11/2020 10:35:27,0,0,0.016261324
14/11/2020 10:35:28,0,0,0.016248818
14/11/2020 10:35:29,0,0,0.016236313
14/11/2020 10:35:30,0,0,0.016223807
14/11/2020 10:35:31,0,0,0.016211301
14/11/2020 10:35:32,0,0,0.016198795
14/11/2020 10:35:33,0,0,0.016186288
14/11/2020 10:35:34,0,0,0.016173782
14/11/2020 10:35:35,0,0,0.016161276
14/11/2020 10:35:36,0,0,0.01614877
14/11/2020 10:35:37,0,0,0.016136264
14/11/2020 10:35:38,0,0,0.016123759
14/11/2020 10:35:39,0,0,0.016111251
14/11/2020 10:35:40,0,0,0.016098745
14/11/2020 10:35:41,0,0,0.016086239
14/11/2020 10:35:42,0,0,0.016073734
14/11/2020 10:35:43,0,0,0.016061228
14/11/2020 10:35:44,0,0,0.016048722
14/11/2020 10:35:45,0,0,0.016036216
14/11/2020 10:35:46,0,0,0.016023709
14/11/2020 10:35:47,0,0,0.016011203
14/11/2020 10:35:48,0,0,0.015998697
14/11/2020 10:35:49,0,0,0.015986191
14/11/2020 10:35:50,0,0,0.015973685
14/11/2020 10:35:51,0,0,0.01596118
14/11/2020 10:35:52,0,0,0.015948674
14/11/2020 10:35:53,0,0,0.015936166
14/11/2020 10:35:54,0,0,0.01592366
14/11/2020 10:35:55,0,0,0.015911154
14/11/2020 10:35:56,0,0,0.015898649
14/11/2020 10:35:57,0,0,0.015886143
14/11/2020 10:35:58,0,0,0.015873637
14/11/2020 10:35:59,0,0,0.015861131
14/11/2020 10:36:00,0,0,0.015848624
14/11/2020 10:36:01,0,0,0.015836118
14/11/2020 10:36:02,0,0,0.015823612
14/11/2020 10:36:03,0,0,0.015811106
14/11/2020 10:36:04,0,0,0.0157986
14/11/2020 10:36:05,0,0,0.015786095
14/11/2020 10:36:06,0,0,0.015773587
14/11/2020 10:36:07,0,0,0.015761081
14/11/2020 10:36:08,0,0,0.015748575
14/11/2020 10:36:09,0,0,0.01573607
14/11/2020 10:36:10,0,0,0.015723564
14/11/2020 10:36:11,0,0,0.015711058
14/11/2020 10:36:12,0,0,0.015698552
14/11/2020 10:36:13,0,0,0.015686044
14/11/2020 10:36:14,0,0,0.015673539
14/11/2020 10:36:15,0,0,0.015661033
14/11/2020 10:36:16,0,0,0.015648527
14/11/2020 10:36:17,0,0,0.015636021
14/11/2020 10:36:18,0,0,0.015623515
14/11/2020 10:36:19,0,0,0.015611009
14/11/2020 10:36:20,0,0,0.015598503
14/11/2020 10:36:21,0,0,0.015585997
14/11/2020 10:36:22,0,0,0.01557349
14/11/2020 10:36:23,0,0,0.015560985
14/11/2020 10:36:24,0,0,0.015548479
14/11/2020 10:36:25,0,0,0.015535972
14/11/2020 10:36:26,0,0,0.015523466
14/11/2020 10:36:27,0,0,0.01551096
14/11/2020 10:36:28,0,0,0.015498454
14/11/2020 10:36:29,0,0,0.015485948
14/11/2020 10:36:30,0,0,0.015473442
14/11/2020 10:36:31,0,0,0.015460936
14/11/2020 10:36:32,0,0,0.01544843
14/11/2020 10:36:33,0,0,0.015435924
14/11/2020 10:36:34,0,0,0.015423418
14/11/2020 10:36:35,0,0,0.015410911
14/11/2020 10:36:36,0,0,0.015398405
14/11/2020 10:36:37,0,0,0.0153859
14/11/2020 10:36:38,0,0,0.015373394
14/11/2020 10:36:39,0,0,0.015360887
14/11/2020 10:36:40,0,0,0.015348381
14/11/2020 10:36:41,0,0,0.015335876
14/11/2020 10:36:42,0,0,0.015323369
14/11/2020 10:36:43,0,0,0.015310863
14/11/2020 10:36:44,0,0,0.015298357
14/11/2020 10:36:45,0,0,0.015285851
14/11/2020 10:36:46,0,0,0.015273345
14/11/2020 10:36:47,0,0,0.015260839
14/11/2020 10:36:48,0,0,0.015248333
14/11/2020 10:36:49,0,0,0.015235826
14/11/2020 10:36:50,0,0,0.015223321
14/11/2020 10:36:51,0,0,0.015210815
14/11/2020 10:36:52,0,0,0.015198308
14/11/2020 10:36:53,0,0,0.015185802
14/11/2020 10:36:54,0,0,0.015173296
14/11/2020 10:36:55,0,0,0.01516079
14/11/2020 10:36:56,0,0,0.015148284
14/11/2020 10:36:57,0,0,0.015135778
14/11/2020 10:36:58,0,0,0.015123272
14/11/2020 10:36:59,0,0,0.015110766
14/11/2020 10:37:00,0,0,0.01509826
14/11/2020 10:37:01,0,0,0.015085754
14/11/2020 10:37:02,0,0,0.015073247
14/11/2020 10:37:03,0,0,0.015060741
14/11/2020 10:37:04,0,0,0.015048236
14/11/2020 10:37:05,0,0,0.01503573
14/11/2020 10:37:06,0,0,0.015023223
14/11/2020 10:37:07,0,0,0.015010717
14/11/2020 10:37:08,0,0,0.014998212
14/11/2020 10:37:09,0,0,0.014985705
14/11/2020 10:37:10,0,0,0.014973199
14/11/2020 10:37:11,0,0,0.014960693
14/11/2020 10:37:12,0,0,0.014948186
14/11/2020 10:37:13,0,0,0.014935681
14/11/2020 10:37:14,0,0,0.014923175
14/11/2020 10:37:15,0,0,0.014910669
14/11/2020 10:37:16,0,0,0.014898162
14/11/2020 10:37:17,0,0,0.014885657
14/11/2020 10:37:18,0,0,0.014873151
14/11/2020 10:37:19,0,0,0.014860644
14/11/2020 10:37:20,0,0,0.014848138
14/11/2020 10:37:21,0,0,0.014835632
14/11/2020 10:37:22,0,0,0.014823126
14/11/2020 10:37:23,0,0,0.01481062
14/11/2020 10:37:24,0,0,0.014798114
14/11/2020 10:37:25,0,0,0.014785608
14/11/2020 10:37:26,0,0,0.014773102
14/11/2020 10:37:27,0,0,0.014760596
14/11/2020 10:37:28,0,0,0.01474809
14/11/2020 10:37:29,0,0,0.014735583
14/11/2020 10:37:30,0,0,0.014723077
14/11/2020 10:37:31,0,0,0.014710572
14/11/2020 10:37:32,0,0,0.014698066
14/11/2020 10:37:33,0,0,0.014685559
14/11/2020 10:37:34,0,0,0.014673053
14/11/2020 10:37:35,0,0,0.014660547
14/11/2020 10:37:36,0,0,0.014648041
14/11/2020 10:37:37,0,0,0.014635535
14/11/2020 10:37:38,0,0,0.014623029
14/11/2020 10:37:39,0,0,0.014610522
14/11/2020 10:37:40,0,0,0.014598017
14/11/2020 10:37:41,0,0,0.014585511
14/11/2020 10:37:42,0,0,0.014573005
14/11/2020 10:37:43,0,0,0.014560498
14/11/2020 10:37:44,0,0,0.014547992
14/11/2020 10:37:45,0,0,0.014535487
14/11/2020 10:37:46,0,0,0.01452298
14/11/2020 10:37:47,0,0,0.014510474
14/11/2020 10:37:48,0,0,0.014497968
14/11/2020 10:37:49,0,0,0.014485462
14/11/2020 10:37:50,0,0,0.014472956
14/11/2020 10:37:51,0,0,0.01446045
14/11/2020 10:37:52,0,0,0.014447944
14/11/2020 10:37:53,0,0,0.014435438
14/11/2020 10:37:54,0,0,0.014422932
14/11/2020 10:37:55,0,0,0.014410426
14/11/2020 10:37:56,0,0,0.014397919
14/11/2020 10:37:57,0,0,0.014385413
14/11/2020 10:37:58,0,0,0.014372908
14/11/2020 10:37:59,0,0,0.014360402
14/11/2020 10:38:00,0,0,0.014347895
14/11/2020 10:38:01,0,0,0.014335389
14/11/2020 10:38:02,0,0,0.014322883
14/11/2020 10:38:03,0,0,0.014310377
14/11/2020 10:38:04,0,0,0.014297871
14/11/2020 10:38:05,0,0,0.014285365
14/11/2020 10:38:06,0,0,0.014272858
14/11/2020 10:38:07,0,0,0.014260353
14/11/2020 10:38:08,0,0,0.014247847
14/11/2020 10:38:09,0,0,0.014235341
14/11/2020 10:38:10,0,0,0.014222834
14/11/2020 10:38:11,0,0,0.014210328
14/11/2020 10:38:12,0,0,0.014197823
14/11/2020 10:38:13,0,0,0.014185316
14/11/2020 10:38:14,0,0,0.01417281
14/11/2020 10:38:15,0,0,0.014160304
14/11/2020 10:38:16,0,0,0.014147798
14/11/2020 10:38:17,0,0,0.014135292
14/11/2020 10:38:18,0,0,0.014122786
14/11/2020 10:38:19,0,0,0.01411028
14/11/2020 10:38:20,0,0,0.014097773
14/11/2020 10:38:21,0,0,0.014085268
14/11/2020 10:38:22,0,0,0.014072762
14/11/2020 10:38:23,0,0,0.014060255
14/11/2020 10:38:24,0,0,0.014047749
14/11/2020 10:38:25,0,0,0.014035244
14/11/2020 10:38:26,0,0,0.014022738
14/11/2020 10:38:27,0,0,0.014010231
14/11/2020 10:38:28,0,0,0.013997725
14/11/2020 10:38:29,0,0,0.013985219
14/11/2020 10:38:30,0,0,0.013972713
14/11/2020 10:38:31,0,0,0.013960207
14/11/2020 10:38:32,0,0,0.013947701
14/11/2020 10:38:33,0,0,0.013935194
14/11/2020 10:38:34,0,0,0.013922689
14/11/2020 10:38:35,0,0,0.013910183
14/11/2020 10:38:36,0,0,0.013897677
14/11/2020 10:38:37,0,0,0.01388517
14/11/2020 10:38:38,0,0,0.013872664
14/11/2020 10:38:39,0,0,0.013860159
14/11/2020 10:38:40,0,0,0.013847652
14/11/2020 10:38:41,0,0,0.013835146
14/11/2020 10:38:42,0,0,0.01382264
14/11/2020 10:38:43,0,0,0.013810134
14/11/2020 10:38:44,0,0,0.013797628
14/11/2020 10:38:45,0,0,0.013785122
14/11/2020 10:38:46,0,0,0.013772616
14/11/2020 10:38:47,0,0,0.013760109
14/11/2020 10:38:48,0,0,0.013747604
14/11/2020 10:38:49,0,0,0.013735098
14/11/2020 10:38:50,0,0,0.013722591
14/11/2020 10:38:51,0,0,0.013710085
14/11/2020 10:38:52,0,0,0.01369758
14/11/2020 10:38:53,0,0,0.013685074
14/11/2020 10:38:54,0,0,0.013672567
14/11/2020 10:38:55,0,0,0.013660061
14/11/2020 10:38:56,0,0,0.013647555
14/11/2020 10:38:57,0,0,0.013635049
14/11/2020 10:38:58,0,0,0.013622543
14/11/2020 10:38:59,0,0,0.013610037
14/11/2020 10:39:00,0,0,0.01359753
14/11/2020 10:39:01,0,0,0.013585025
14/11/2020 10:39:02,0,0,0.013572519
14/11/2020 10:39:03,0,0,0.013560013
14/11/2020 10:39:04,0,0,0.013547506
14/11/2020 10:39:05,0,0,0.013535
14/11/2020 10:39:06,0,0,0.013522495
14/11/2020 10:39:07,0,0,0.013509988
14/11/2020 10:39:08,0,0,0.013497482
14/11/2020 10:39:09,0,0,0.013484976
14/11/2020 10:39:10,0,0,0.01347247
14/11/2020 10:39:11,0,0,0.013459964
14/11/2020 10:39:12,0,0,0.013447458
14/11/2020 10:39:13,0,0,0.013434952
14/11/2020 10:39:14,0,0,0.013422445
14/11/2020 10:39:15,0,0,0.01340994
14/11/2020 10:39:16,0,0,0.013397434
14/11/2020 10:39:17,0,0,0.013384927
14/11/2020 10:39:18,0,0,0.013372421
14/11/2020 10:39:19,0,0,0.013359915
14/11/2020 10:39:20,0,0,0.01334741
14/11/2020 10:39:21,0,0,0.013334903
14/11/2020 10:39:22,0,0,0.013322397
14/11/2020 10:39:23,0,0,0.013309891
14/11/2020 10:39:24,0,0,0.013297385
14/11/2020 10:39:25,0,0,0.013284879
14/11/2020 10:39:26,0,0,0.013272373
14/11/2020 10:39:27,0,0,0.013259866
14/11/2020 10:39:28,0,0,0.01324736
14/11/2020 10:39:29,0,0,0.013234855
14/11/2020 10:39:30,0,0,0.013222349
14/11/2020 10:39:31,0,0,0.013209842
14/11/2020 10:39:32,0,0,0.013197336
14/11/2020 10:39:33,0,0,0.013184831
14/11/2020 10:39:34,0,0,0.013172324
14/11/2020 10:39:35,0,0,0.013159818
14/11/2020 10:39:36,0,0,0.013147312
14/11/2020 10:39:37,0,0,0.013134805
14/11/2020 10:39:38,0,0,0.0131223
14/11/2020 10:39:39,0,0,0.013109794
14/11/2020 10:39:40,0,0,0.013097288
14/11/2020 10:39:41,0,0,0.013084781
14/11/2020 10:39:42,0,0,0.013072276
14/11/2020 10:39:43,0,0,0.01305977
14/11/2020 10:39:44,0,0,0.013047263
14/11/2020 10:39:45,0,0,0.013034757
14/11/2020 10:39:46,0,0,0.013022251
14/11/2020 10:39:47,0,0,0.013009746
14/11/2020 10:39:48,0,0,0.012997239
14/11/2020 10:39:49,0,0,0.012984733
14/11/2020 10:39:50,0,0,0.012972227
14/11/2020 10:39:51,0,0,0.012959721
14/11/2020 10:39:52,0,0,0.012947215
14/11/2020 10:39:53,0,0,0.012934709
14/11/2020 10:39:54,0,0,0.012922202
14/11/2020 10:39:55,0,0,0.012909696
14/11/2020 10:39:56,0,0,0.012897191
14/11/2020 10:39:57,0,0,0.012884685
14/11/2020 10:39:58,0,0,0.012872178
14/11/2020 10:39:59,0,0,0.012859672
14/11/2020 10:40:00,0,0,0.012847167
14/11/2020 10:40:01,0,0,0.01283466
14/11/2020 10:40:02,0,0,0.012822154
14/11/2020 10:40:03,0,0,0.012809648
14/11/2020 10:40:04,0,0,0.012797141
14/11/2020 10:40:05,0,0,0.012784636
14/11/2020 10:40:06,0,0,0.01277213
14/11/2020 10:40:07,0,0,0.012759624
14/11/2020 10:40:08,0,0,0.012747117
14/11/2020 10:40:09,0,0,0.012734612
14/11/2020 10:40:10,0,0,0.012722106
14/11/2020 10:40:11,0,0,0.012709599
14/11/2020 10:40:12,0,0,0.012697093
14/11/2020 10:40:13,0,0,0.012684587
14/11/2020 10:40:14,0,0,0.012672082
14/11/2020 10:40:15,0,0,0.012659575
14/11/2020 10:40:16,0,0,0.012647069
14/11/2020 10:40:17,0,0,0.012634563
14/11/2020 10:40:18,0,0,0.012622057
14/11/2020 10:40:19,0,0,0.012609551
14/11/2020 10:40:20,0,0,0.012597045
14/11/2020 10:40:21,0,0,0.012584538
14/11/2020 10:40:22,0,0,0.012572032
14/11/2020 10:40:23,0,0,0.012559527
14/11/2020 10:40:24,0,0,0.012547021
14/11/2020 10:40:25,0,0,0.012534514
14/11/2020 10:40:26,0,0,0.012522008
14/11/2020 10:40:27,0,0,0.012509502
14/11/2020 10:40:28,0,0,0.012496996
14/11/2020 10:40:29,0,0,0.01248449
14/11/2020 10:40:30,0,0,0.012471984
14/11/2020 10:40:31,0,0,0.012459477
14/11/2020 10:40:32,0,0,0.012446972
14/11/2020 10:40:33,0,0,0.012434466
14/11/2020 10:40:34,0,0,0.01242196
14/11/2020 10:40:35,0,0,0.012409453
14/11/2020 10:40:36,0,0,0.012396947
14/11/2020 10:40:37,0,0,0.012384442
14/11/2020 10:40:38,0,0,0.012371935
14/11/2020 10:40:39,0,0,0.012359429
14/11/2020 10:40:40,0,0,0.012346923
14/11/2020 10:40:41,0,0,0.012334418
14/11/2020 10:40:42,0,0,0.012321911
14/11/2020 10:40:43,0,0,0.012309405
14/11/2020 10:40:44,0,0,0.012296899
14/11/2020 10:40:45,0,0,0.012284392
14/11/2020 10:40:46,0,0,0.012271887
14/11/2020 10:40:47,0,0,0.012259381
14/11/2020 10:40:48,0,0,0.012246874
14/11/2020 10:40:49,0,0,0.012234368
14/11/2020 10:40:50,0,0,0.012221863
14/11/2020 10:40:51,0,0,0.012209357
14/11/2020 10:40:52,0,0,0.01219685
14/11/2020 10:40:53,0,0,0.012184344
14/11/2020 10:40:54,0,0,0.012171838
14/11/2020 10:40:55,0,0,0.012159332
14/11/2020 10:40:56,0,0,0.012146826
14/11/2020 10:40:57,0,0,0.01213432
14/11/2020 10:40:58,0,0,0.012121813
14/11/2020 10:40:59,0,0,0.012109308
14/11/2020 10:41:00,0,0,0.012096802
14/11/2020 10:41:01,0,0,0.012084296
14/11/2020 10:41:02,0,0,0.012071789
14/11/2020 10:41:03,0,0,0.012059283
14/11/2020 10:41:04,0,0,0.012046778
14/11/2020 10:41:05,0,0,0.012034271
14/11/2020 10:41:06,0,0,0.012021765
14/11/2020 10:41:07,0,0,0.012009259
14/11/2020 10:41:08,0,0,0.011996754
14/11/2020 10:41:09,0,0,0.011984247
14/11/2020 10:41:10,0,0,0.011971741
14/11/2020 10:41:11,0,0,0.011959235
14/11/2020 10:41:12,0,0,0.011946728
14/11/2020 10:41:13,0,0,0.011934223
14/11/2020 10:41:14,0,0,0.011921717
14/11/2020 10:41:15,0,0,0.01190921
14/11/2020 10:41:16,0,0,0.011896704
14/11/2020 10:41:17,0,0,0.011884199
14/11/2020 10:41:18,0,0,0.011871693
14/11/2020 10:41:19,0,0,0.011859186
14/11/2020 10:41:20,0,0,0.01184668
14/11/2020 10:41:21,0,0,0.011834174
14/11/2020 10:41:22,0,0,0.011821668
14/11/2020 10:41:23,0,0,0.011809162
14/11/2020 10:41:24,0,0,0.011796656
14/11/2020 10:41:25,0,0,0.011784149
14/11/2020 10:41:26,0,0,0.011771644
14/11/2020 10:41:27,0,0,0.011759138
14/11/2020 10:41:28,0,0,0.011746632
14/11/2020 10:41:29,0,0,0.011734125
14/11/2020 10:41:30,0,0,0.011721619
14/11/2020 10:41:31,0,0,0.011709114
14/11/2020 10:41:32,0,0,0.011696607
14/11/2020 10:41:33,0,0,0.011684101
14/11/2020 10:41:34,0,0,0.011671595
14/11/2020 10:41:35,0,0,0.011659089
14/11/2020 10:41:36,0,0,0.011646583
14/11/2020 10:41:37,0,0,0.011634077
14/11/2020 10:41:38,0,0,0.011621571
14/11/2020 10:41:39,0,0,0.011609064
14/11/2020 10:41:40,0,0,0.011596559
14/11/2020 10:41:41,0,0,0.011584053
14/11/2020 10:41:42,0,0,0.011571546
14/11/2020 10:41:43,0,0,0.01155904
14/11/2020 10:41:44,0,0,0.011546534
14/11/2020 10:41:45,0,0,0.011534029
14/11/2020 10:41:46,0,0,0.011521522
14/11/2020 10:41:47,0,0,0.011509016
14/11/2020 10:41:48,0,0,0.01149651
14/11/2020 10:41:49,0,0,0.011484004
14/11/2020 10:41:50,0,0,0.011471498
14/11/2020 10:41:51,0,0,0.011458992
14/11/2020 10:41:52,0,0,0.011446485
14/11/2020 10:41:53,0,0,0.011433979
14/11/2020 10:41:54,0,0,0.011421474
14/11/2020 10:41:55,0,0,0.011408968
14/11/2020 10:41:56,0,0,0.011396461
14/11/2020 10:41:57,0,0,0.011383955
14/11/2020 10:41:58,0,0,0.01137145
14/11/2020 10:41:59,0,0,0.011358943
14/11/2020 10:42:00,0,0,0.011346437
14/11/2020 10:42:01,0,0,0.011333931
14/11/2020 10:42:02,0,0,0.011321425
14/11/2020 10:42:03,0,0,0.011308919
14/11/2020 10:42:04,0,0,0.011296413
14/11/2020 10:42:05,0,0,0.011283907
14/11/2020 10:42:06,0,0,0.0112714
14/11/2020 10:42:07,0,0,0.011258895
14/11/2020 10:42:08,0,0,0.011246389
14/11/2020 10:42:09,0,0,0.011233882
14/11/2020 10:42:10,0,0,0.011221376
14/11/2020 10:42:11,0,0,0.01120887
14/11/2020 10:42:12,0,0,0.011196365
14/11/2020 10:42:13,0,0,0.011183858
14/11/2020 10:42:14,0,0,0.011171352
14/11/2020 10:42:15,0,0,0.011158846
14/11/2020 10:42:16,0,0,0.01114634
14/11/2020 10:42:17,0,0,0.011133834
14/11/2020 10:42:18,0,0,0.011121328
14/11/2020 10:42:19,0,0,0.011108821
14/11/2020 10:42:20,0,0,0.011096315
14/11/2020 10:42:21,0,0,0.01108381
14/11/2020 10:42:22,0,0,0.011071304
14/11/2020 10:42:23,0,0,0.011058797
14/11/2020 10:42:24,0,0,0.011046291
14/11/2020 10:42:25,0,0,0.011033786
14/11/2020 10:42:26,0,0,0.011021279
14/11/2020 10:42:27,0,0,0.011008773
14/11/2020 10:42:28,0,0,0.010996267
14/11/2020 10:42:29,0,0,0.010983761
14/11/2020 10:42:30,0,0,0.010971255
14/11/2020 10:42:31,0,0,0.010958749
14/11/2020 10:42:32,0,0,0.010946243
14/11/2020 10:42:33,0,0,0.010933736
14/11/2020 10:42:34,0,0,0.010921231
14/11/2020 10:42:35,0,0,0.010908725
14/11/2020 10:42:36,0,0,0.010896218
14/11/2020 10:42:37,0,0,0.010883712
14/11/2020 10:42:38,0,0,0.010871206
14/11/2020 10:42:39,0,0,0.010858701
14/11/2020 10:42:40,0,0,0.010846194
14/11/2020 10:42:41,0,0,0.010833688
14/11/2020 10:42:42,0,0,0.010821182
14/11/2020 10:42:43,0,0,0.010808676
14/11/2020 10:42:44,0,0,0.01079617
14/11/2020 10:42:45,0,0,0.010783664
14/11/2020 10:42:46,0,0,0.010771157
14/11/2020 10:42:47,0,0,0.010758651
14/11/2020 10:42:48,0,0,0.010746146
14/11/2020 10:42:49,0,0,0.01073364
14/11/2020 10:42:50,0,0,0.010721133
14/11/2020 10:42:51,0,0,0.010708627
14/11/2020 10:42:52,0,0,0.010696121
14/11/2020 10:42:53,0,0,0.010683615
14/11/2020 10:42:54,0,0,0.010671109
14/11/2020 10:42:55,0,0,0.010658603
14/11/2020 10:42:56,0,0,0.010646097
14/11/2020 10:42:57,0,0,0.010633591
14/11/2020 10:42:58,0,0,0.010621085
14/11/2020 10:42:59,0,0,0.010608579
14/11/2020 10:43:00,0,0,0.010596072
14/11/2020 10:43:01,0,0,0.010583567
14/11/2020 10:43:02,0,0,0.010571061
14/11/2020 10:43:03,0,0,0.010558554
14/11/2020 10:43:04,0,0,0.010546048
14/11/2020 10:43:05,0,0,0.010533542
14/11/2020 10:43:06,0,0,0.010521037
14/11/2020 10:43:07,0,0,0.01050853
14/11/2020 10:43:08,0,0,0.010496024
14/11/2020 10:43:09,0,0,0.010483518
14/11/2020 10:43:10,0,0,0.010471012
14/11/2020 10:43:11,0,0,0.010458506
14/11/2020 10:43:12,0,0,0.010446
14/11/2020 10:43:13,0,0,0.010433493
14/11/2020 10:43:14,0,0,0.010420987
14/11/2020 10:43:15,0,0,0.010408482
14/11/2020 10:43:16,0,0,0.010395976
14/11/2020 10:43:17,0,0,0.010383469
14/11/2020 10:43:18,0,0,0.010370963
14/11/2020 10:43:19,0,0,0.010358457
14/11/2020 10:43:20,0,0,0.010345951
14/11/2020 10:43:21,0,0,0.010333445
14/11/2020 10:43:22,0,0,0.010320939
14/11/2020 10:43:23,0,0,0.010308433
14/11/2020 10:43:24,0,0,0.010295927
14/11/2020 10:43:25,0,0,0.010283421
14/11/2020 10:43:26,0,0,0.010270915
14/11/2020 10:43:27,0,0,0.010258408
14/11/2020 10:43:28,0,0,0.010245902
14/11/2020 10:43:29,0,0,0.010233397
14/11/2020 10:43:30,0,0,0.01022089
14/11/2020 10:43:31,0,0,0.010208384
14/11/2020 10:43:32,0,0,0.010195878
14/11/2020 10:43:33,0,0,0.010183373
14/11/2020 10:43:34,0,0,0.010170866
14/11/2020 10:43:35,0,0,0.01015836
14/11/2020 10:43:36,0,0,0.010145854
14/11/2020 10:43:37,0,0,0.010133347
14/11/2020 10:43:38,0,0,0.010120842
14/11/2020 10:43:39,0,0,0.010108336
14/11/2020 10:43:40,0,0,0.010095829
14/11/2020 10:43:41,0,0,0.010083323
14/11/2020 10:43:42,0,0,0.010070818
14/11/2020 10:43:43,0,0,0.010058312
14/11/2020 10:43:44,0,0,0.010045805
14/11/2020 10:43:45,0,0,0.010033299
14/11/2020 10:43:46,0,0,0.010020793
14/11/2020 10:43:47,0,0,0.010008287
14/11/2020 10:43:48,0,0,0.009995781
14/11/2020 10:43:49,0,0,0.009983275
14/11/2020 10:43:50,0,0,0.009970769
14/11/2020 10:43:51,0,0,0.009958263
14/11/2020 10:43:52,0,0,0.009945757
14/11/2020 10:43:53,0,0,0.009933251
14/11/2020 10:43:54,0,0,0.009920744
14/11/2020 10:43:55,0,0,0.009908238
14/11/2020 10:43:56,0,0,0.009895733
14/11/2020 10:43:57,0,0,0.009883226
14/11/2020 10:43:58,0,0,0.00987072
14/11/2020 10:43:59,0,0,0.009858214
14/11/2020 10:44:00,0,0,0.009845708
14/11/2020 10:44:01,0,0,0.009833202
14/11/2020 10:44:02,0,0,0.009820696
14/11/2020 10:44:03,0,0,0.00980819
14/11/2020 10:44:04,0,0,0.009795683
14/11/2020 10:44:05,0,0,0.009783178
14/11/2020 10:44:06,0,0,0.009770672
14/11/2020 10:44:07,0,0,0.009758165
14/11/2020 10:44:08,0,0,0.009745659
14/11/2020 10:44:09,0,0,0.009733154
14/11/2020 10:44:10,0,0,0.009720648
14/11/2020 10:44:11,0,0,0.009708141
14/11/2020 10:44:12,0,0,0.009695635
14/11/2020 10:44:13,0,0,0.009683129
14/11/2020 10:44:14,0,0,0.009670623
14/11/2020 10:44:15,0,0,0.009658117
14/11/2020 10:44:16,0,0,0.009645611
14/11/2020 10:44:17,0,0,0.009633105
14/11/2020 10:44:18,0,0,0.009620599
14/11/2020 10:44:19,0,0,0.009608093
14/11/2020 10:44:20,0,0,0.009595587
14/11/2020 10:44:21,0,0,0.00958308
14/11/2020 10:44:22,0,0,0.009570574
14/11/2020 10:44:23,0,0,0.009558069
14/11/2020 10:44:24,0,0,0.009545562
14/11/2020 10:44:25,0,0,0.009533056
14/11/2020 10:44:26,0,0,0.00952055
14/11/2020 10:44:27,0,0,0.009508044
14/11/2020 10:44:28,0,0,0.009495538
14/11/2020 10:44:29,0,0,0.009483032
14/11/2020 10:44:30,0,0,0.009470526
14/11/2020 10:44:31,0,0,0.009458019
14/11/2020 10:44:32,0,0,0.009445514
14/11/2020 10:44:33,0,0,0.009433008
14/11/2020 10:44:34,0,0,0.009420501
14/11/2020 10:44:35,0,0,0.009407995
14/11/2020 10:44:36,0,0,0.009395489
14/11/2020 10:44:37,0,0,0.009382984
14/11/2020 10:44:38,0,0,0.009370477
14/11/2020 10:44:39,0,0,0.009357971
14/11/2020 10:44:40,0,0,0.009345465
14/11/2020 10:44:41,0,0,0.009332959
14/11/2020 10:44:42,0,0,0.009320453
14/11/2020 10:44:43,0,0,0.009307947
14/11/2020 10:44:44,0,0,0.009295441
14/11/2020 10:44:45,0,0,0.009282934
14/11/2020 10:44:46,0,0,0.009270429
14/11/2020 10:44:47,0,0,0.009257923
14/11/2020 10:44:48,0,0,0.009245416
14/11/2020 10:44:49,0,0,0.00923291
14/11/2020 10:44:50,0,0,0.009220405
14/11/2020 10:44:51,0,0,0.009207898
14/11/2020 10:44:52,0,0,0.009195392
14/11/2020 10:44:53,0,0,0.009182886
14/11/2020 10:44:54,0,0,0.00917038
14/11/2020 10:44:55,0,0,0.009157874
14/11/2020 10:44:56,0,0,0.009145368
14/11/2020 10:44:57,0,0,0.009132862
14/11/2020 10:44:58,0,0,0.009120355
14/11/2020 10:44:59,0,0,0.00910785
14/11/2020 10:45:00,0,0,0.009095344
14/11/2020 10:45:01,0,0,0.009082837
14/11/2020 10:45:02,0,0,0.009070331
14/11/2020 10:45:03,0,0,0.009057825
14/11/2020 10:45:04,0,0,0.00904532
14/11/2020 10:45:05,0,0,0.009032813
14/11/2020 10:45:06,0,0,0.009020307
14/11/2020 10:45:07,0,0,0.009007801
14/11/2020 10:45:08,0,0,0.008995295
14/11/2020 10:45:09,0,0,0.008982789
14/11/2020 10:45:10,0,0,0.008970283
14/11/2020 10:45:11,0,0,0.008957777
14/11/2020 10:45:12,0,0,0.00894527
14/11/2020 10:45:13,0,0,0.008932765
14/11/2020 10:45:14,0,0,0.008920259
14/11/2020 10:45:15,0,0,0.008907752
14/11/2020 10:45:16,0,0,0.008895246
14/11/2020 10:45:17,0,0,0.008882741
14/11/2020 10:45:18,0,0,0.008870234
14/11/2020 10:45:19,0,0,0.008857728
14/11/2020 10:45:20,0,0,0.008845222
14/11/2020 10:45:21,0,0,0.008832716
14/11/2020 10:45:22,0,0,0.00882021
14/11/2020 10:45:23,0,0,0.008807704
14/11/2020 10:45:24,0,0,0.008795198
14/11/2020 10:45:25,0,0,0.008782691
14/11/2020 10:45:26,0,0,0.008770186
14/11/2020 10:45:27,0,0,0.00875768
14/11/2020 10:45:28,0,0,0.008745173
14/11/2020 10:45:29,0,0,0.008732667
14/11/2020 10:45:30,0,0,0.008720161
14/11/2020 10:45:31,0,0,0.008707656
14/11/2020 10:45:32,0,0,0.008695149
14/11/2020 10:45:33,0,0,0.008682643
14/11/2020 10:45:34,0,0,0.008670137
14/11/2020 10:45:35,0,0,0.008657631
14/11/2020 10:45:36,0,0,0.008645125
14/11/2020 10:45:37,0,0,0.008632619
14/11/2020 10:45:38,0,0,0.008620113
14/11/2020 10:45:39,0,0,0.008607606
14/11/2020 10:45:40,0,0,0.008595101
14/11/2020 10:45:41,0,0,0.008582595
14/11/2020 10:45:42,0,0,0.008570088
14/11/2020 10:45:43,0,0,0.008557582
14/11/2020 10:45:44,0,0,0.008545076
14/11/2020 10:45:45,0,0,0.00853257
14/11/2020 10:45:46,0,0,0.008520064
14/11/2020 10:45:47,0,0,0.008507558
14/11/2020 10:45:48,0,0,0.008495052
14/11/2020 10:45:49,0,0,0.008482546
14/11/2020 10:45:50,0,0,0.00847004
14/11/2020 10:45:51,0,0,0.008457534
14/11/2020 10:45:52,0,0,0.008445027
14/11/2020 10:45:53,0,0,0.008432521
14/11/2020 10:45:54,0,0,0.008420016
14/11/2020 10:45:55,0,0,0.008407509
14/11/2020 10:45:56,0,0,0.008395003
14/11/2020 10:45:57,0,0,0.008382497
14/11/2020 10:45:58,0,0,0.008369992
14/11/2020 10:45:59,0,0,0.008357485
14/11/2020 10:46:00,0,0,0.008344979
14/11/2020 10:46:01,0,0,0.008332473
14/11/2020 10:46:02,0,0,0.008319966
14/11/2020 10:46:03,0,0,0.008307461
14/11/2020 10:46:04,0,0,0.008294955
14/11/2020 10:46:05,0,0,0.008282449
14/11/2020 10:46:06,0,0,0.008269942
14/11/2020 10:46:07,0,0,0.008257437
14/11/2020 10:46:08,0,0,0.008244931
14/11/2020 10:46:09,0,0,0.008232424
14/11/2020 10:46:10,0,0,0.008219918
14/11/2020 10:46:11,0,0,0.008207412
14/11/2020 10:46:12,0,0,0.008194906
14/11/2020 10:46:13,0,0,0.0081824
14/11/2020 10:46:14,0,0,0.008169894
14/11/2020 10:46:15,0,0,0.008157388
14/11/2020 10:46:16,0,0,0.008144882
14/11/2020 10:46:17,0,0,0.008132376
14/11/2020 10:46:18,0,0,0.00811987
14/11/2020 10:46:19,0,0,0.008107363
14/11/2020 10:46:20,0,0,0.008094857
14/11/2020 10:46:21,0,0,0.008082352
14/11/2020 10:46:22,0,0,0.008069845
14/11/2020 10:46:23,0,0,0.008057339
14/11/2020 10:46:24,0,0,0.008044833
14/11/2020 10:46:25,0,0,0.008032328
14/11/2020 10:46:26,0,0,0.008019821
14/11/2020 10:46:27,0,0,0.008007315
14/11/2020 10:46:28,0,0,0.007994809
14/11/2020 10:46:29,0,0,0.007982302
14/11/2020 10:46:30,0,0,0.007969797
14/11/2020 10:46:31,0,0,0.007957291
14/11/2020 10:46:32,0,0,0.007944785
14/11/2020 10:46:33,0,0,0.007932278
14/11/2020 10:46:34,0,0,0.007919773
14/11/2020 10:46:35,0,0,0.007907267
14/11/2020 10:46:36,0,0,0.00789476
14/11/2020 10:46:37,0,0,0.007882254
14/11/2020 10:46:38,0,0,0.007869748
14/11/2020 10:46:39,0,0,0.007857242
14/11/2020 10:46:40,0,0,0.007844736
14/11/2020 10:46:41,0,0,0.00783223
14/11/2020 10:46:42,0,0,0.007819724
14/11/2020 10:46:43,0,0,0.007807218
14/11/2020 10:46:44,0,0,0.007794712
14/11/2020 10:46:45,0,0,0.007782205
14/11/2020 10:46:46,0,0,0.0077697
14/11/2020 10:46:47,0,0,0.007757193
14/11/2020 10:46:48,0,0,0.007744688
14/11/2020 10:46:49,0,0,0.007732181
14/11/2020 10:46:50,0,0,0.007719675
14/11/2020 10:46:51,0,0,0.007707169
14/11/2020 10:46:52,0,0,0.007694663
14/11/2020 10:46:53,0,0,0.007682157
14/11/2020 10:46:54,0,0,0.007669651
14/11/2020 10:46:55,0,0,0.007657145
14/11/2020 10:46:56,0,0,0.007644639
14/11/2020 10:46:57,0,0,0.007632133
14/11/2020 10:46:58,0,0,0.007619627
14/11/2020 10:46:59,0,0,0.007607121
14/11/2020 10:47:00,0,0,0.007594614
14/11/2020 10:47:01,0,0,0.007582108
14/11/2020 10:47:02,0,0,0.007569602
14/11/2020 10:47:03,0,0,0.007557096
14/11/2020 10:47:04,0,0,0.00754459
14/11/2020 10:47:05,0,0,0.007532084
14/11/2020 10:47:06,0,0,0.007519578
14/11/2020 10:47:07,0,0,0.007507072
14/11/2020 10:47:08,0,0,0.007494566
14/11/2020 10:47:09,0,0,0.00748206
14/11/2020 10:47:10,0,0,0.007469554
14/11/2020 10:47:11,0,0,0.007457048
14/11/2020 10:47:12,0,0,0.007444541
14/11/2020 10:47:13,0,0,0.007432036
14/11/2020 10:47:14,0,0,0.007419529
14/11/2020 10:47:15,0,0,0.007407024
14/11/2020 10:47:16,0,0,0.007394517
14/11/2020 10:47:17,0,0,0.007382011
14/11/2020 10:47:18,0,0,0.007369505
14/11/2020 10:47:19,0,0,0.007356999
14/11/2020 10:47:20,0,0,0.007344493
14/11/2020 10:47:21,0,0,0.007331987
14/11/2020 10:47:22,0,0,0.007319481
14/11/2020 10:47:23,0,0,0.007306975
14/11/2020 10:47:24,0,0,0.007294469
14/11/2020 10:47:25,0,0,0.007281963
14/11/2020 10:47:26,0,0,0.007269457
14/11/2020 10:47:27,0,0,0.00725695
14/11/2020 10:47:28,0,0,0.007244444
14/11/2020 10:47:29,0,0,0.007231938
14/11/2020 10:47:30,0,0,0.007219432
14/11/2020 10:47:31,0,0,0.007206926
14/11/2020 10:47:32,0,0,0.00719442
14/11/2020 10:47:33,0,0,0.007181914
14/11/2020 10:47:34,0,0,0.007169408
14/11/2020 10:47:35,0,0,0.007156902
14/11/2020 10:47:36,0,0,0.007144396
14/11/2020 10:47:37,0,0,0.007131889
14/11/2020 10:47:38,0,0,0.007119384
14/11/2020 10:47:39,0,0,0.007106877
14/11/2020 10:47:40,0,0,0.007094372
14/11/2020 10:47:41,0,0,0.007081865
14/11/2020 10:47:42,0,0,0.00706936
14/11/2020 10:47:43,0,0,0.007056853
14/11/2020 10:47:44,0,0,0.007044347
14/11/2020 10:47:45,0,0,0.007031841
14/11/2020 10:47:46,0,0,0.007019335
14/11/2020 10:47:47,0,0,0.007006829
14/11/2020 10:47:48,0,0,0.006994323
14/11/2020 10:47:49,0,0,0.006981817
14/11/2020 10:47:50,0,0,0.006969311
14/11/2020 10:47:51,0,0,0.006956805
14/11/2020 10:47:52,0,0,0.006944299
14/11/2020 10:47:53,0,0,0.006931792
14/11/2020 10:47:54,0,0,0.006919286
14/11/2020 10:47:55,0,0,0.00690678
14/11/2020 10:47:56,0,0,0.006894274
14/11/2020 10:47:57,0,0,0.006881768
14/11/2020 10:47:58,0,0,0.006869262
14/11/2020 10:47:59,0,0,0.006856756
14/11/2020 10:48:00,0,0,0.00684425
14/11/2020 10:48:01,0,0,0.006831744
14/11/2020 10:48:02,0,0,0.006819238
14/11/2020 10:48:03,0,0,0.006806732
14/11/2020 10:48:04,0,0,0.006794225
14/11/2020 10:48:05,0,0,0.00678172
14/11/2020 10:48:06,0,0,0.006769213
14/11/2020 10:48:07,0,0,0.006756708
14/11/2020 10:48:08,0,0,0.006744201
14/11/2020 10:48:09,0,0,0.006731695
14/11/2020 10:48:10,0,0,0.006719189
14/11/2020 10:48:11,0,0,0.006706683
14/11/2020 10:48:12,0,0,0.006694177
14/11/2020 10:48:13,0,0,0.006681671
14/11/2020 10:48:14,0,0,0.006669165
14/11/2020 10:48:15,0,0,0.006656659
14/11/2020 10:48:16,0,0,0.006644153
14/11/2020 10:48:17,0,0,0.006631647
14/11/2020 10:48:18,0,0,0.006619141
14/11/2020 10:48:19,0,0,0.006606635
14/11/2020 10:48:20,0,0,0.006594128
14/11/2020 10:48:21,0,0,0.006581622
14/11/2020 10:48:22,0,0,0.006569116
14/11/2020 10:48:23,0,0,0.00655661
14/11/2020 10:48:24,0,0,0.006544104
14/11/2020 10:48:25,0,0,0.006531598
14/11/2020 10:48:26,0,0,0.006519092
14/11/2020 10:48:27,0,0,0.006506586
14/11/2020 10:48:28,0,0,0.00649408
14/11/2020 10:48:29,0,0,0.006481574
14/11/2020 10:48:30,0,0,0.006469068
14/11/2020 10:48:31,0,0,0.006456561
14/11/2020 10:48:32,0,0,0.006444056
14/11/2020 10:48:33,0,0,0.006431549
14/11/2020 10:48:34,0,0,0.006419044
14/11/2020 10:48:35,0,0,0.006406537
14/11/2020 10:48:36,0,0,0.006394031
14/11/2020 10:48:37,0,0,0.006381525
14/11/2020 10:48:38,0,0,0.006369019
14/11/2020 10:48:39,0,0,0.006356513
14/11/2020 10:48:40,0,0,0.006344007
14/11/2020 10:48:41,0,0,0.006331501
14/11/2020 10:48:42,0,0,0.006318995
14/11/2020 10:48:43,0,0,0.006306489
14/11/2020 10:48:44,0,0,0.006293983
14/11/2020 10:48:45,0,0,0.006281476
14/11/2020 10:48:46,0,0,0.006268971
14/11/2020 10:48:47,0,0,0.006256464
14/11/2020 10:48:48,0,0,0.006243958
14/11/2020 10:48:49,0,0,0.006231452
14/11/2020 10:48:50,0,0,0.006218946
14/11/2020 10:48:51,0,0,0.00620644
14/11/2020 10:48:52,0,0,0.006193934
14/11/2020 10:48:53,0,0,0.006181428
14/11/2020 10:48:54,0,0,0.006168922
14/11/2020 10:48:55,0,0,0.006156416
14/11/2020 10:48:56,0,0,0.00614391
14/11/2020 10:48:57,0,0,0.006131404
14/11/2020 10:48:58,0,0,0.006118897
14/11/2020 10:48:59,0,0,0.006106392
14/11/2020 10:49:00,0,0,0.006093885
14/11/2020 10:49:01,0,0,0.006081379
14/11/2020 10:49:02,0,0,0.006068873
14/11/2020 10:49:03,0,0,0.006056367
14/11/2020 10:49:04,0,0,0.006043861
14/11/2020 10:49:05,0,0,0.006031355
14/11/2020 10:49:06,0,0,0.006018849
14/11/2020 10:49:07,0,0,0.006006343
14/11/2020 10:49:08,0,0,0.005993837
14/11/2020 10:49:09,0,0,0.005981331
14/11/2020 10:49:10,0,0,0.005968824
14/11/2020 10:49:11,0,0,0.005956319
14/11/2020 10:49:12,0,0,0.005943812
14/11/2020 10:49:13,0,0,0.005931307
14/11/2020 10:49:14,0,0,0.0059188
14/11/2020 10:49:15,0,0,0.005906294
14/11/2020 10:49:16,0,0,0.005893788
14/11/2020 10:49:17,0,0,0.005881282
14/11/2020 10:49:18,0,0,0.005868776
14/11/2020 10:49:19,0,0,0.00585627
14/11/2020 10:49:20,0,0,0.005843764
14/11/2020 10:49:21,0,0,0.005831258
14/11/2020 10:49:22,0,0,0.005818752
14/11/2020 10:49:23,0,0,0.005806246
14/11/2020 10:49:24,0,0,0.00579374
14/11/2020 10:49:25,0,0,0.005781233
14/11/2020 10:49:26,0,0,0.005768728
14/11/2020 10:49:27,0,0,0.005756221
14/11/2020 10:49:28,0,0,0.005743715
14/11/2020 10:49:29,0,0,0.005731209
14/11/2020 10:49:30,0,0,0.005718703
14/11/2020 10:49:31,0,0,0.005706197
14/11/2020 10:49:32,0,0,0.005693691
14/11/2020 10:49:33,0,0,0.005681185
14/11/2020 10:49:34,0,0,0.005668679
14/11/2020 10:49:35,0,0,0.005656173
14/11/2020 10:49:36,0,0,0.005643667
14/11/2020 10:49:37,0,0,0.00563116
14/11/2020 10:49:38,0,0,0.005618655
14/11/2020 10:49:39,0,0,0.005606148
14/11/2020 10:49:40,0,0,0.005593643
14/11/2020 10:49:41,0,0,0.005581136
14/11/2020 10:49:42,0,0,0.00556863
14/11/2020 10:49:43,0,0,0.005556124
14/11/2020 10:49:44,0,0,0.005543618
14/11/2020 10:49:45,0,0,0.005531112
14/11/2020 10:49:46,0,0,0.005518606
14/11/2020 10:49:47,0,0,0.0055061
14/11/2020 10:49:48,0,0,0.005493594
14/11/2020 10:49:49,0,0,0.005481088
14/11/2020 10:49:50,0,0,0.005468582
14/11/2020 10:49:51,0,0,0.005456076
14/11/2020 10:49:52,0,0,0.005443569
14/11/2020 10:49:53,0,0,0.005431063
14/11/2020 10:49:54,0,0,0.005418557
14/11/2020 10:49:55,0,0,0.005406051
14/11/2020 10:49:56,0,0,0.005393545
14/11/2020 10:49:57,0,0,0.005381039
14/11/2020 10:49:58,0,0,0.005368533
14/11/2020 10:49:59,0,0,0.005356027
14/11/2020 10:50:00,0,0,0.005343521
14/11/2020 10:50:01,0,0,0.005331015
14/11/2020 10:50:02,0,0,0.005318509
14/11/2020 10:50:03,0,0,0.005306003
14/11/2020 10:50:04,0,0,0.005293496
14/11/2020 10:50:05,0,0,0.005280991
14/11/2020 10:50:06,0,0,0.005268484
14/11/2020 10:50:07,0,0,0.005255979
14/11/2020 10:50:08,0,0,0.005243472
14/11/2020 10:50:09,0,0,0.005230966
14/11/2020 10:50:10,0,0,0.00521846
14/11/2020 10:50:11,0,0,0.005205954
14/11/2020 10:50:12,0,0,0.005193448
14/11/2020 10:50:13,0,0,0.005180942
14/11/2020 10:50:14,0,0,0.005168436
14/11/2020 10:50:15,0,0,0.00515593
14/11/2020 10:50:16,0,0,0.005143424
14/11/2020 10:50:17,0,0,0.005130918
14/11/2020 10:50:18,0,0,0.005118412
14/11/2020 10:50:19,0,0,0.005105905
14/11/2020 10:50:20,0,0,0.005093399
14/11/2020 10:50:21,0,0,0.005080893
14/11/2020 10:50:22,0,0,0.005068387
14/11/2020 10:50:23,0,0,0.005055881
14/11/2020 10:50:24,0,0,0.005043375
14/11/2020 10:50:25,0,0,0.005030869
14/11/2020 10:50:26,0,0,0.005018363
14/11/2020 10:50:27,0,0,0.005005857
14/11/2020 10:50:28,0,0,0.004993351
14/11/2020 10:50:29,0,0,0.004980845
14/11/2020 10:50:30,0,0,0.004968339
14/11/2020 10:50:31,0,0,0.004955832
14/11/2020 10:50:32,0,0,0.004943327
14/11/2020 10:50:33,0,0,0.00493082
14/11/2020 10:50:34,0,0,0.004918315
14/11/2020 10:50:35,0,0,0.004905808
14/11/2020 10:50:36,0,0,0.004893302
14/11/2020 10:50:37,0,0,0.004880796
14/11/2020 10:50:38,0,0,0.00486829
14/11/2020 10:50:39,0,0,0.004855784
14/11/2020 10:50:40,0,0,0.004843278
14/11/2020 10:50:41,0,0,0.004830772
14/11/2020 10:50:42,0,0,0.004818266
14/11/2020 10:50:43,0,0,0.00480576
14/11/2020 10:50:44,0,0,0.004793254
14/11/2020 10:50:45,0,0,0.004780747
14/11/2020 10:50:46,0,0,0.004768241
14/11/2020 10:50:47,0,0,0.004755735
14/11/2020 10:50:48,0,0,0.004743229
14/11/2020 10:50:49,0,0,0.004730723
14/11/2020 10:50:50,0,0,0.004718217
14/11/2020 10:50:51,0,0,0.004705711
14/11/2020 10:50:52,0,0,0.004693205
14/11/2020 10:50:53,0,0,0.004680699
14/11/2020 10:50:54,0,0,0.004668193
14/11/2020 10:50:55,0,0,0.004655687
14/11/2020 10:50:56,0,0,0.004643181
14/11/2020 10:50:57,0,0,0.004630675
14/11/2020 10:50:58,0,0,0.004618168
14/11/2020 10:50:59,0,0,0.004605663
14/11/2020 10:51:00,0,0,0.004593156
14/11/2020 10:51:01,0,0,0.00458065
14/11/2020 10:51:02,0,0,0.004568144
14/11/2020 10:51:03,0,0,0.004555638
14/11/2020 10:51:04,0,0,0.004543132
14/11/2020 10:51:05,0,0,0.004530626
14/11/2020 10:51:06,0,0,0.00451812
14/11/2020 10:51:07,0,0,0.004505614
14/11/2020 10:51:08,0,0,0.004493108
14/11/2020 10:51:09,0,0,0.004480602
14/11/2020 10:51:10,0,0,0.004468095
14/11/2020 10:51:11,0,0,0.00445559
14/11/2020 10:51:12,0,0,0.004443083
14/11/2020 10:51:13,0,0,0.004430577
14/11/2020 10:51:14,0,0,0.004418071
14/11/2020 10:51:15,0,0,0.004405565
14/11/2020 10:51:16,0,0,0.004393059
14/11/2020 10:51:17,0,0,0.004380553
14/11/2020 10:51:18,0,0,0.004368047
14/11/2020 10:51:19,0,0,0.004355541
14/11/2020 10:51:20,0,0,0.004343035
14/11/2020 10:51:21,0,0,0.004330529
14/11/2020 10:51:22,0,0,0.004318023
14/11/2020 10:51:23,0,0,0.004305517
14/11/2020 10:51:24,0,0,0.004293011
14/11/2020 10:51:25,0,0,0.004280504
14/11/2020 10:51:26,0,0,0.004267999
14/11/2020 10:51:27,0,0,0.004255492
14/11/2020 10:51:28,0,0,0.004242986
14/11/2020 10:51:29,0,0,0.00423048
14/11/2020 10:51:30,0,0,0.004217974
14/11/2020 10:51:31,0,0,0.004205468
14/11/2020 10:51:32,0,0,0.004192962
14/11/2020 10:51:33,0,0,0.004180456
14/11/2020 10:51:34,0,0,0.00416795
14/11/2020 10:51:35,0,0,0.004155444
14/11/2020 10:51:36,0,0,0.004142938
14/11/2020 10:51:37,0,0,0.004130431
14/11/2020 10:51:38,0,0,0.004117926
14/11/2020 10:51:39,0,0,0.004105419
14/11/2020 10:51:40,0,0,0.004092913
14/11/2020 10:51:41,0,0,0.004080407
14/11/2020 10:51:42,0,0,0.004067901
14/11/2020 10:51:43,0,0,0.004055395
14/11/2020 10:51:44,0,0,0.004042889
14/11/2020 10:51:45,0,0,0.004030383
14/11/2020 10:51:46,0,0,0.004017877
14/11/2020 10:51:47,0,0,0.004005371
14/11/2020 10:51:48,0,0,0.003992865
14/11/2020 10:51:49,0,0,0.003980359
14/11/2020 10:51:50,0,0,0.003967853
14/11/2020 10:51:51,0,0,0.003955347
14/11/2020 10:51:52,0,0,0.00394284
14/11/2020 10:51:53,0,0,0.003930334
14/11/2020 10:51:54,0,0,0.003917828
14/11/2020 10:51:55,0,0,0.003905322
14/11/2020 10:51:56,0,0,0.003892816
14/11/2020 10:51:57,0,0,0.00388031
14/11/2020 10:51:58,0,0,0.003867804
14/11/2020 10:51:59,0,0,0.003855298
14/11/2020 10:52:00,0,0,0.003842792
14/11/2020 10:52:01,0,0,0.003830286
14/11/2020 10:52:02,0,0,0.00381778
14/11/2020 10:52:03,0,0,0.003805274
14/11/2020 10:52:04,0,0,0.003792768
14/11/2020 10:52:05,0,0,0.003780261
14/11/2020 10:52:06,0,0,0.003767755
14/11/2020 10:52:07,0,0,0.003755249
14/11/2020 10:52:08,0,0,0.003742743
14/11/2020 10:52:09,0,0,0.003730237
14/11/2020 10:52:10,0,0,0.003717731
14/11/2020 10:52:11,0,0,0.003705225
14/11/2020 10:52:12,0,0,0.003692719
14/11/2020 10:52:13,0,0,0.003680213
14/11/2020 10:52:14,0,0,0.003667707
14/11/2020 10:52:15,0,0,0.003655201
14/11/2020 10:52:16,0,0,0.003642695
14/11/2020 10:52:17,0,0,0.003630189
14/11/2020 10:52:18,0,0,0.003617682
14/11/2020 10:52:19,0,0,0.003605176
14/11/2020 10:52:20,0,0,0.00359267
14/11/2020 10:52:21,0,0,0.003580164
14/11/2020 10:52:22,0,0,0.003567658
14/11/2020 10:52:23,0,0,0.003555152
14/11/2020 10:52:24,0,0,0.003542646
14/11/2020 10:52:25,0,0,0.00353014
14/11/2020 10:52:26,0,0,0.003517634
14/11/2020 10:52:27,0,0,0.003505128
14/11/2020 10:52:28,0,0,0.003492622
14/11/2020 10:52:29,0,0,0.003480116
14/11/2020 10:52:30,0,0,0.00346761
14/11/2020 10:52:31,0,0,0.003455104
14/11/2020 10:52:32,0,0,0.003442597
14/11/2020 10:52:33,0,0,0.003430091
14/11/2020 10:52:34,0,0,0.003417585
14/11/2020 10:52:35,0,0,0.003405079
14/11/2020 10:52:36,0,0,0.003392573
14/11/2020 10:52:37,0,0,0.003380067
14/11/2020 10:52:38,0,0,0.003367561
14/11/2020 10:52:39,0,0,0.003355055
14/11/2020 10:52:40,0,0,0.003342549
14/11/2020 10:52:41,0,0,0.003330043
14/11/2020 10:52:42,0,0,0.003317537
14/11/2020 10:52:43,0,0,0.003305031
14/11/2020 10:52:44,0,0,0.003292524
14/11/2020 10:52:45,0,0,0.003280018
14/11/2020 10:52:46,0,0,0.003267512
14/11/2020 10:52:47,0,0,0.003255006
14/11/2020 10:52:48,0,0,0.0032425
14/11/2020 10:52:49,0,0,0.003229994
14/11/2020 10:52:50,0,0,0.003217488
14/11/2020 10:52:51,0,0,0.003204982
14/11/2020 10:52:52,0,0,0.003192476
14/11/2020 10:52:53,0,0,0.00317997
14/11/2020 10:52:54,0,0,0.003167464
14/11/2020 10:52:55,0,0,0.003154958
14/11/2020 10:52:56,0,0,0.003142452
14/11/2020 10:52:57,0,0,0.003129946
14/11/2020 10:52:58,0,0,0.00311744
14/11/2020 10:52:59,0,0,0.003104933
14/11/2020 10:53:00,0,0,0.003092427
14/11/2020 10:53:01,0,0,0.003079921
14/11/2020 10:53:02,0,0,0.003067415
14/11/2020 10:53:03,0,0,0.003054909
14/11/2020 10:53:04,0,0,0.003042403
14/11/2020 10:53:05,0,0,0.003029897
14/11/2020 10:53:06,0,0,0.003017391
14/11/2020 10:53:07,0,0,0.003004885
14/11/2020 10:53:08,0,0,0.002992379
14/11/2020 10:53:09,0,0,0.002979873
14/11/2020 10:53:10,0,0,0.002967366
14/11/2020 10:53:11,0,0,0.00295486
14/11/2020 10:53:12,0,0,0.002942354
14/11/2020 10:53:13,0,0,0.002929848
14/11/2020 10:53:14,0,0,0.002917342
14/11/2020 10:53:15,0,0,0.002904836
14/11/2020 10:53:16,0,0,0.00289233
14/11/2020 10:53:17,0,0,0.002879824
14/11/2020 10:53:18,0,0,0.002867318
14/11/2020 10:53:19,0,0,0.002854812
14/11/2020 10:53:20,0,0,0.002842306
14/11/2020 10:53:21,0,0,0.0028298
14/11/2020 10:53:22,0,0,0.002817294
14/11/2020 10:53:23,0,0,0.002804788
14/11/2020 10:53:24,0,0,0.002792282
14/11/2020 10:53:25,0,0,0.002779776
14/11/2020 10:53:26,0,0,0.002767269
14/11/2020 10:53:27,0,0,0.002754763
14/11/2020 10:53:28,0,0,0.002742257
14/11/2020 10:53:29,0,0,0.002729751
14/11/2020 10:53:30,0,0,0.002717245
14/11/2020 10:53:31,0,0,0.002704739
14/11/2020 10:53:32,0,0,0.002692233
14/11/2020 10:53:33,0,0,0.002679727
14/11/2020 10:53:34,0,0,0.002667221
14/11/2020 10:53:35,0,0,0.002654715
14/11/2020 10:53:36,0,0,0.002642208
14/11/2020 10:53:37,0,0,0.002629702
14/11/2020 10:53:38,0,0,0.002617196
14/11/2020 10:53:39,0,0,0.00260469
14/11/2020 10:53:40,0,0,0.002592184
14/11/2020 10:53:41,0,0,0.002579678
14/11/2020 10:53:42,0,0,0.002567172
14/11/2020 10:53:43,0,0,0.002554666
14/11/2020 10:53:44,0,0,0.00254216
14/11/2020 10:53:45,0,0,0.002529654
14/11/2020 10:53:46,0,0,0.002517148
14/11/2020 10:53:47,0,0,0.002504642
14/11/2020 10:53:48,0,0,0.002492136
14/11/2020 10:53:49,0,0,0.00247963
14/11/2020 10:53:50,0,0,0.002467124
14/11/2020 10:53:51,0,0,0.002454618
14/11/2020 10:53:52,0,0,0.002442111
14/11/2020 10:53:53,0,0,0.002429605
14/11/2020 10:53:54,0,0,0.002417099
14/11/2020 10:53:55,0,0,0.002404593
14/11/2020 10:53:56,0,0,0.002392087
14/11/2020 10:53:57,0,0,0.002379581
14/11/2020 10:53:58,0,0,0.002367075
14/11/2020 10:53:59,0,0,0.002354569
14/11/2020 10:54:00,0,0,0.002342063
14/11/2020 10:54:01,0,0,0.002329557
14/11/2020 10:54:02,0,0,0.002317051
14/11/2020 10:54:03,0,0,0.002304544
14/11/2020 10:54:04,0,0,0.002292038
14/11/2020 10:54:05,0,0,0.002279532
14/11/2020 10:54:06,0,0,0.002267026
14/11/2020 10:54:07,0,0,0.00225452
14/11/2020 10:54:08,0,0,0.002242014
14/11/2020 10:54:09,0,0,0.002229508
14/11/2020 10:54:10,0,0,0.002217002
14/11/2020 10:54:11,0,0,0.002204496
14/11/2020 10:54:12,0,0,0.00219199
14/11/2020 10:54:13,0,0,0.002179484
14/11/2020 10:54:14,0,0,0.002166978
14/11/2020 10:54:15,0,0,0.002154472
14/11/2020 10:54:16,0,0,0.002141966
14/11/2020 10:54:17,0,0,0.00212946
14/11/2020 10:54:18,0,0,0.002116953
14/11/2020 10:54:19,0,0,0.002104447
14/11/2020 10:54:20,0,0,0.002091941
14/11/2020 10:54:21,0,0,0.002079435
14/11/2020 10:54:22,0,0,0.002066929
14/11/2020 10:54:23,0,0,0.002054423
14/11/2020 10:54:24,0,0,0.002041917
14/11/2020 10:54:25,0,0,0.002029411
14/11/2020 10:54:26,0,0,0.002016905
14/11/2020 10:54:27,0,0,0.002004399
14/11/2020 10:54:28,0,0,0.001991893
14/11/2020 10:54:29,0,0,0.001979387
14/11/2020 10:54:30,0,0,0.00196688
14/11/2020 10:54:31,0,0,0.001954374
14/11/2020 10:54:32,0,0,0.001941868
14/11/2020 10:54:33,0,0,0.001929362
14/11/2020 10:54:34,0,0,0.001916856
14/11/2020 10:54:35,0,0,0.00190435
14/11/2020 10:54:36,0,0,0.001891844
14/11/2020 10:54:37,0,0,0.001879338
14/11/2020 10:54:38,0,0,0.001866832
14/11/2020 10:54:39,0,0,0.001854326
14/11/2020 10:54:40,0,0,0.00184182
14/11/2020 10:54:41,0,0,0.001829314
14/11/2020 10:54:42,0,0,0.001816808
14/11/2020 10:54:43,0,0,0.001804302
14/11/2020 10:54:44,0,0,0.001791795
14/11/2020 10:54:45,0,0,0.001779289
14/11/2020 10:54:46,0,0,0.001766783
14/11/2020 10:54:47,0,0,0.001754277
14/11/2020 10:54:48,0,0,0.001741771
14/11/2020 10:54:49,0,0,0.001729265
14/11/2020 10:54:50,0,0,0.001716759
14/11/2020 10:54:51,0,0,0.001704253
14/11/2020 10:54:52,0,0,0.001691747
14/11/2020 10:54:53,0,0,0.001679241
14/11/2020 10:54:54,0,0,0.001666735
14/11/2020 10:54:55,0,0,0.001654229
14/11/2020 10:54:56,0,0,0.001641723
14/11/2020 10:54:57,0,0,0.001629216
14/11/2020 10:54:58,0,0,0.00161671
14/11/2020 10:54:59,0,0,0.001604204
14/11/2020 10:55:00,0,0,0.001591698
14/11/2020 10:55:01,0,0,0.001579192
14/11/2020 10:55:02,0,0,0.001566686
14/11/2020 10:55:03,0,0,0.00155418
14/11/2020 10:55:04,0,0,0.001541674
14/11/2020 10:55:05,0,0,0.001529168
14/11/2020 10:55:06,0,0,0.001516662
14/11/2020 10:55:07,0,0,0.001504156
14/11/2020 10:55:08,0,0,0.00149165
14/11/2020 10:55:09,0,0,0.001479144
14/11/2020 10:55:10,0,0,0.001466637
14/11/2020 10:55:11,0,0,0.001454131
14/11/2020 10:55:12,0,0,0.001441625
14/11/2020 10:55:13,0,0,0.001429119
14/11/2020 10:55:14,0,0,0.001416613
14/11/2020 10:55:15,0,0,0.001404107
14/11/2020 10:55:16,0,0,0.001391601
14/11/2020 10:55:17,0,0,0.001379095
14/11/2020 10:55:18,0,0,0.001366589
14/11/2020 10:55:19,0,0,0.001354083
14/11/2020 10:55:20,0,0,0.001341577
14/11/2020 10:55:21,0,0,0.001329071
14/11/2020 10:55:22,0,0,0.001316565
14/11/2020 10:55:23,0,0,0.001304058
14/11/2020 10:55:24,0,0,0.001291552
14/11/2020 10:55:25,0,0,0.001279046
14/11/2020 10:55:26,0,0,0.00126654
14/11/2020 10:55:27,0,0,0.001254034
14/11/2020 10:55:28,0,0,0.001241528
14/11/2020 10:55:29,0,0,0.001229022
14/11/2020 10:55:30,0,0,0.001216516
14/11/2020 10:55:31,0,0,0.00120401
14/11/2020 10:55:32,0,0,0.001191504
14/11/2020 10:55:33,0,0,0.001178998
14/11/2020 10:55:34,0,0,0.001166492
14/11/2020 10:55:35,0,0,0.001153986
14/11/2020 10:55:36,0,0,0.00114148
14/11/2020 10:55:37,0,0,0.001128973
14/11/2020 10:55:38,0,0,0.001116467
14/11/2020 10:55:39,0,0,0.001103961
14/11/2020 10:55:40,0,0,0.001091455
14/11/2020 10:55:41,0,0,0.001078949
14/11/2020 10:55:42,0,0,0.001066443
14/11/2020 10:55:43,0,0,0.001053937
14/11/2020 10:55:44,0,0,0.001041431
14/11/2020 10:55:45,0,0,0.001028925
14/11/2020 10:55:46,0,0,0.001016419
14/11/2020 10:55:47,0,0,0.001003913
14/11/2020 10:55:48,0,0,0.000991407
14/11/2020 10:55:49,0,0,0.000978901
14/11/2020 10:55:50,0,0,0.000966394
14/11/2020 10:55:51,0,0,0.000953888
14/11/2020 10:55:52,0.324388802,0,0.000941382
14/11/2020 10:55:53,3.504671097,0,0.000928876
14/11/2020 10:55:54,6.684953213,0,0.00091637
14/11/2020 10:55:55,9.865235329,0,0.000903864
14/11/2020 10:55:56,13.04551792,0,0.000891358
14/11/2020 10:55:57,15.98590946,0.1547454,0.000878852
14/11/2020 10:55:58,15.78745747,2.33425808,0.000866346
14/11/2020 10:55:59,15.58900547,4.51377058,0.00085384
14/11/2020 10:56:00,15.39055347,6.693283081,0.000841334
14/11/2020 10:56:01,15.19210148,8.872796059,0.000828828
14/11/2020 10:56:02,14.99364948,11.00477028,0.000816322
14/11/2020 10:56:03,14.79519749,11.20353794,0.000803815
14/11/2020 10:56:04,14.59674549,11.4023056,0.000791309
14/11/2020 10:56:05,14.3982935,11.60107327,0.000778803
14/11/2020 10:56:06,14.1998415,11.79984093,0.000766297
14/11/2020 10:56:07,14.0013895,11.99860859,0.000753791
14/11/2020 10:56:08,14.19675064,12,0.000741285
14/11/2020 10:56:09,14.39488792,12,0.000728779
14/11/2020 10:56:10,14.59302521,12,0.000716273
14/11/2020 10:56:11,14.79116344,12,0.000703767
14/11/2020 10:56:12,14.98930073,12,0.000691261
14/11/2020 10:56:13,14.81256199,11.81256199,0.000678755
14/11/2020 10:56:14,14.61442471,11.61442471,0.000666249
14/11/2020 10:56:15,14.41628647,11.41628647,0.000653743
14/11/2020 10:56:16,14.21814919,11.21814919,0.000641236
14/11/2020 10:56:17,14.0200119,11.0200119,0.00062873
14/11/2020 10:56:18,14.17756271,11.17756271,0.000616224
14/11/2020 10:56:19,14.37507439,11.37507439,0.000603718
14/11/2020 10:56:20,14.57258511,11.57258511,0.000591212
14/11/2020 10:56:21,14.77009678,11.77009678,0.000578706
14/11/2020 10:56:22,14.96760845,11.96760845,0.0005662
14/11/2020 10:56:23,14.83329964,11.83329964,0.000553694
14/11/2020 10:56:24,14.63389874,11.63389874,0.000541188
14/11/2020 10:56:25,14.43449688,11.43449688,0.000528682
14/11/2020 10:56:26,14.23509502,11.23509502,0.000516176
14/11/2020 10:56:27,14.03569317,11.03569317,0.00050367
14/11/2020 10:56:28,14,11.08209991,0.000491164
14/11/2020 10:56:29,14,11.1821003,0.000478658
14/11/2020 10:56:30,14,11.28209972,0.000466151
14/11/2020 10:56:31,14,11.38210011,0.000453645
14/11/2020 10:56:32,14,11.48209953,0.000441139
14/11/2020 10:56:33,14.16151714,11.58209991,0.000428633
14/11/2020 10:56:34,14.36215878,11.6821003,0.000416127
14/11/2020 10:56:35,14.56280136,11.78209972,0.000403621
14/11/2020 10:56:36,14.76344299,11.88210011,0.000391115
14/11/2020 10:56:37,14.96408463,11.98209953,0.000378609
14/11/2020 10:56:38,14.83632374,11.83632374,0.000366103
14/11/2020 10:56:39,14.63696194,11.63696194,0.000353597
14/11/2020 10:56:40,14.43760014,11.43760014,0.000341091
14/11/2020 10:56:41,14.23823738,11.23823738,0.000328585
14/11/2020 10:56:42,14.03887558,11.03887558,0.000316079
14/11/2020 10:56:43,14.16048622,11.16048622,0.000303572
14/11/2020 10:56:44,14.35984802,11.35984802,0.000291066
14/11/2020 10:56:45,14.55921078,11.55921078,0.00027856
14/11/2020 10:56:46,14.75857258,11.75857258,0.000266054
14/11/2020 10:56:47,14.95793438,11.95793438,0.000253548
14/11/2020 10:56:48,14.84220028,11.84220028,0.000241042
14/11/2020 10:56:49,14.64220047,11.64220047,0.000228536
14/11/2020 10:56:50,14.44219971,11.44219971,0.00021603
14/11/2020 10:56:51,14.2421999,11.2421999,0.000203524
14/11/2020 10:56:52,14.04220009,11.04220009,0.000191018
14/11/2020 10:56:53,14,11,0.000178512
14/11/2020 10:56:54,14,11,0.000166006
14/11/2020 10:56:55,14,11,0.0001535
14/11/2020 10:56:56,14,11,0.000140993
14/11/2020 10:56:57,14,11,0.000128487
14/11/2020 10:56:58,14.15476894,11.15476894,0.000115981
14/11/2020 10:56:59,14.3547287,11.3547287,0.000103475
14/11/2020 10:57:00,14.55468941,11.55468941,9.09692E-05
14/11/2020 10:57:01,14.75464916,11.75464916,7.84631E-05
14/11/2020 10:57:02,14.95460892,11.95460892,6.5957E-05
14/11/2020 10:57:03,15,11.84586239,5.3451E-05
14/11/2020 10:57:04,15,11.64646053,4.09449E-05
14/11/2020 10:57:05,15,11.44705868,2.84388E-05
14/11/2020 10:57:06,15,11.24765682,1.59327E-05
14/11/2020 10:57:07,15,11.04825497,3.42666E-06
14/11/2020 10:57:08,15,11.15066624,1.652116656
14/11/2020 10:57:09,15,11.3494339,3.927759409
14/11/2020 10:57:10,15,11.54820156,6.203402519
14/11/2020 10:57:11,15,11.74696922,8.479044914
14/11/2020 10:57:12,15,11.94573689,10.75468826
14/11/2020 10:57:13,14.85462952,11.85462952,31.88210869
14/11/2020 10:57:14,14.65466881,11.65466881,61.28261185
14/11/2020 10:57:15,14.45470905,11.45470905,90.6831131
14/11/2020 10:57:16,14.2547493,11.2547493,120.0836182
14/11/2020 10:57:17,14.05478859,11.05478859,149.4841156
14/11/2020 10:57:18,14.14519978,11.14519978,197.5586853
14/11/2020 10:57:19,14.34519958,11.34519958,255.0827789
14/11/2020 10:57:20,14.54520035,11.54520035,312.6068726
14/11/2020 10:57:21,14.74520016,11.74520016,370.1309509
14/11/2020 10:57:22,14.94519997,11.94519997,427.6550598
14/11/2020 10:57:23,15.57722092,12.57722092,841.7827148
14/11/2020 10:57:24,16.37229156,13.37229156,1436.360474
14/11/2020 10:57:25,17.16736221,14.16736221,2030.93811
14/11/2020 10:57:26,17.96243286,14.96243286,2625.515869
14/11/2020 10:57:27,18.75750351,15.75750351,3220.093506
14/11/2020 10:57:28,18.58556938,15.58556938,3426.252686
14/11/2020 10:57:29,17.98926735,14.9892664,3407.215332
14/11/2020 10:57:30,17.39296341,14.39296341,3388.177979
14/11/2020 10:57:31,16.79666138,13.79666042,3369.140625
14/11/2020 10:57:32,16.20035744,13.20035744,3350.103271
14/11/2020 10:57:33,17.06240082,13.92959976,3610.204102
14/11/2020 10:57:34,18.66239929,15.32960033,4067.512207
14/11/2020 10:57:35,20.26239967,16.72960091,4524.820313
14/11/2020 10:57:36,21.86240005,18.12960052,4982.128418
14/11/2020 10:57:37,23.46240044,19.52960014,5439.436523
14/11/2020 10:57:38,23.6040554,19.6040554,5648.11084
14/11/2020 10:57:39,23.00775146,19.00775146,5702.446777
14/11/2020 10:57:40,22.41144943,18.41144943,5756.782715
14/11/2020 10:57:41,21.81514549,17.81514549,5811.118164
14/11/2020 10:57:42,21.21884346,17.21884346,5865.454102
14/11/2020 10:57:43,21,17,5822.255371
14/11/2020 10:57:44,21,17,5714.304199
14/11/2020 10:57:45,21,17,5606.353027
14/11/2020 10:57:46,21,17,5498.401855
14/11/2020 10:57:47,21,17,5390.450195
14/11/2020 10:57:48,20.76413727,16.70656013,5167.911133
14/11/2020 10:57:49,20.36164284,16.20580864,4858.928711
14/11/2020 10:57:50,19.9591465,15.70505714,4549.946289
14/11/2020 10:57:51,19.55665207,15.2043066,4240.963867
14/11/2020 10:57:52,19.15415573,14.70355511,3931.981689
14/11/2020 10:57:53,18.50797462,14.20280457,3576.906738
14/11/2020 10:57:54,17.71052551,13.70205307,3187.060059
14/11/2020 10:57:55,16.91307831,13.20130157,2797.213623
14/11/2020 10:57:56,16.1156292,12.70055103,2407.366943
14/11/2020 10:57:57,15.31818199,12.19979954,2017.520508
14/11/2020 10:57:58,15,12,1696.537109
14/11/2020 10:57:59,15,12,1427.503052
14/11/2020 10:58:00,15,12,1158.468994
14/11/2020 10:58:01,15,12,889.4349365
14/11/2020 10:58:02,15,12,620.4009399
14/11/2020 10:58:03,14.88599968,12,458.4204407
14/11/2020 10:58:04,14.68599987,12,377.1996765
14/11/2020 10:58:05,14.48600006,12,295.9789124
14/11/2020 10:58:06,14.28600025,12,214.7581329
14/11/2020 10:58:07,14.08600044,12,133.5373688
14/11/2020 10:58:08,14,11.88599968,86.89333344
14/11/2020 10:58:09,14,11.68599987,71.78486633
14/11/2020 10:58:10,14,11.48600006,56.67640305
14/11/2020 10:58:11,14,11.28600025,41.56793976
14/11/2020 10:58:12,14,11.08600044,26.45947647
14/11/2020 10:58:13,14.11400032,11.11400032,17.45298767
14/11/2020 10:58:14,14.31400013,11.31400013,14.37998009
14/11/2020 10:58:15,14.51399994,11.51399994,11.3069725
14/11/2020 10:58:16,14.71399975,11.71399975,8.233963966
14/11/2020 10:58:17,14.91399956,11.91399956,5.160955906
14/11/2020 10:58:18,14.88706207,11.88706207,3.211141348
14/11/2020 10:58:19,14.68892384,11.68892384,2.662163973
14/11/2020 10:58:20,14.49078655,11.49078655,2.113186598
14/11/2020 10:58:21,14.29264927,11.29264927,1.564209342
14/11/2020 10:58:22,14.09451199,11.09451199,1.015231967
14/11/2020 10:58:23,14.10426617,11.10426617,0.692902684
14/11/2020 10:58:24,14.30362797,11.30362797,0.692710102
14/11/2020 10:58:25,14.50299072,11.50299072,0.692517519
14/11/2020 10:58:26,14.70235252,11.70235252,0.692324936
14/11/2020 10:58:27,14.90171432,11.90171432,0.692132294
14/11/2020 10:58:28,15,11.94977188,0.691939712
14/11/2020 10:58:29,15,11.85070324,0.691747129
14/11/2020 10:58:30,15,11.7516346,0.691554546
14/11/2020 10:58:31,15,11.65256596,0.691361904
14/11/2020 10:58:32,15,11.55349731,0.691169322
14/11/2020 10:58:33,14.91156578,11.45442867,0.690976739
14/11/2020 10:58:34,14.71283817,11.35536003,0.690784097
14/11/2020 10:58:35,14.51410961,11.25629044,0.690591514
14/11/2020 10:58:36,14.315382,11.15722179,0.690398932
14/11/2020 10:58:37,14.11665344,11.05815315,0.690206349
14/11/2020 10:58:38,14.08209133,11.08209133,0.690013707
14/11/2020 10:58:39,14.28085899,11.28085899,0.689821124
14/11/2020 10:58:40,14.47962666,11.47962666,0.689628541
14/11/2020 10:58:41,14.67839432,11.67839432,0.689435959
14/11/2020 10:58:42,14.87716198,11.87716198,0.689243317
14/11/2020 10:58:43,14.9236002,11.9236002,0.689050734
14/11/2020 10:58:44,14.72360039,11.72360039,0.688858151
14/11/2020 10:58:45,14.52359962,11.52359962,0.688665569
14/11/2020 10:58:46,14.32359982,11.32359982,0.688472927
14/11/2020 10:58:47,14.12360001,11.12360001,0.688280344
14/11/2020 10:58:48,14.07615662,11.07615662,0.688087761
14/11/2020 10:58:49,14.27551842,11.27551842,0.687895119
14/11/2020 10:58:50,14.47488022,11.47488022,0.687702537
14/11/2020 10:58:51,14.67424202,11.67424202,0.687509954
14/11/2020 10:58:52,14.87360477,11.87360477,0.687317371
14/11/2020 10:58:53,14.92679977,11.92679977,0.687124729
14/11/2020 10:58:54,14.72679996,11.72679996,0.686932147
14/11/2020 10:58:55,14.52680016,11.52680016,0.686739564
14/11/2020 10:58:56,14.32680035,11.32680035,0.686546981
14/11/2020 10:58:57,14.12679958,11.12679958,0.686354339
14/11/2020 10:58:58,14.0365448,11.0365448,0.686161757
14/11/2020 10:58:59,14.13639545,11.13639545,0.685969174
14/11/2020 10:59:00,14.23624516,11.23624516,0.685776532
14/11/2020 10:59:01,14.33609581,11.33609581,0.685583949
14/11/2020 10:59:02,14.43594646,11.43594646,0.685391366
14/11/2020 10:59:03,14.53579617,11.53579617,0.685198784
14/11/2020 10:59:04,14.63564682,11.63564682,0.685006142
14/11/2020 10:59:05,14.73549652,11.73549652,0.684813559
14/11/2020 10:59:06,14.83534718,11.83534718,0.684620976
14/11/2020 10:59:07,14.93519688,11.93519688,0.684428394
14/11/2020 10:59:08,14.92980003,11.92980003,0.684235752
14/11/2020 10:59:09,14.72980022,11.72980022,0.684043169
14/11/2020 10:59:10,14.52980042,11.52980042,0.683850586
14/11/2020 10:59:11,14.32979965,11.32979965,0.683657944
14/11/2020 10:59:12,14.12979984,11.12979984,0.683465362
14/11/2020 10:59:13,14.07018566,11.07018566,0.683272779
14/11/2020 10:59:14,14.27014637,11.27014637,0.683080196
14/11/2020 10:59:15,14.47010612,11.47010612,0.682887554
14/11/2020 10:59:16,14.67006588,11.67006588,0.682694972
14/11/2020 10:59:17,14.87002563,11.87002563,0.682502389
14/11/2020 10:59:18,15,12,0.682309806
14/11/2020 10:59:19,15,12,0.682117164
14/11/2020 10:59:20,15,12,0.681924582
14/11/2020 10:59:21,15,12,0.681731999
14/11/2020 10:59:22,15,12,0.681539357
14/11/2020 10:59:23,14.9359951,12,0.681346774
14/11/2020 10:59:24,14.73535347,12,0.681154191
14/11/2020 10:59:25,14.53471088,12,0.680961609
14/11/2020 10:59:26,14.33406925,12,0.680768967
14/11/2020 10:59:27,14.13342667,12,0.680576384
14/11/2020 10:59:28,14.06637573,12,0.680383801
14/11/2020 10:59:29,14.26451397,12,0.680191219
14/11/2020 10:59:30,14.46265125,12,0.679998577
14/11/2020 10:59:31,14.66078854,12,0.679805994
14/11/2020 10:59:32,14.85892582,12,0.679613411
14/11/2020 10:59:33,14.94222641,12,0.679420769
14/11/2020 10:59:34,14.74162483,12,0.679228187
14/11/2020 10:59:35,14.54102325,12,0.679035604
14/11/2020 10:59:36,14.34042168,12,0.678843021
14/11/2020 10:59:37,14.13981915,12,0.678650379
14/11/2020 10:59:38,14.06041908,12,0.678457797
14/11/2020 10:59:39,14.25982094,12,0.678265214
14/11/2020 10:59:40,14.45922279,12,0.678072631
14/11/2020 10:59:41,14.6586237,12,0.677879989
14/11/2020 10:59:42,14.85802555,12,0.677687407
14/11/2020 10:59:43,15,11.94258404,0.677494824
14/11/2020 10:59:44,15,11.74322128,0.677302182
14/11/2020 10:59:45,15,11.54385948,0.677109599
14/11/2020 10:59:46,15,11.34449768,0.676917017
14/11/2020 10:59:47,15,11.14513588,0.676724434
14/11/2020 10:59:48,15,11.05440044,0.676531792
14/11/2020 10:59:49,15,11.25440025,0.676339209
14/11/2020 10:59:50,15,11.45440006,0.676146626
14/11/2020 10:59:51,15,11.65439987,0.675954044
14/11/2020 10:59:52,15,11.85439968,0.675761402
14/11/2020 10:59:53,15,12,0.675568819
14/11/2020 10:59:54,15,12,0.675376236
14/11/2020 10:59:55,15,12,0.675183594
14/11/2020 10:59:56,15,12,0.674991012
14/11/2020 10:59:57,15,12,0.674798429
14/11/2020 10:59:58,14.94593525,11.94593525,0.674605846
14/11/2020 10:59:59,14.74716759,11.74716759,0.674413204
14/11/2020 11:00:00,14.54839993,11.54839993,0.674220622
14/11/2020 11:00:01,14.34963226,11.34963226,0.674028039
14/11/2020 11:00:02,14.1508646,11.1508646,0.673835456
14/11/2020 11:00:03,14.04804611,11.04804611,0.673642814
14/11/2020 11:00:04,14.24740791,11.24740791,0.673450232
14/11/2020 11:00:05,14.44677067,11.44677067,0.673257649
14/11/2020 11:00:06,14.64613247,11.64613247,0.673065007
14/11/2020 11:00:07,14.84549427,11.84549427,0.672872424
14/11/2020 11:00:08,14.95471954,11.95471954,0.672679842
14/11/2020 11:00:09,14.75347137,11.75347137,0.672487259
14/11/2020 11:00:10,14.55222416,11.55222416,0.672294617
14/11/2020 11:00:11,14.35097599,11.35097599,0.672102034
14/11/2020 11:00:12,14.14972878,11.14972878,0.671909451
14/11/2020 11:00:13,14.05119991,11.05119991,0.671716869
14/11/2020 11:00:14,14.25119972,11.25119972,0.671524227
14/11/2020 11:00:15,14.45119953,11.45119953,0.671331644
14/11/2020 11:00:16,14.65120029,11.65120029,0.671139061
14/11/2020 11:00:17,14.8512001,11.8512001,0.670946479
14/11/2020 11:00:18,15,12,0.670753837
14/11/2020 11:00:19,15,12,0.670561254
14/11/2020 11:00:20,15,12,0.670368671
14/11/2020 11:00:21,15,12,0.670176029
14/11/2020 11:00:22,15,12,0.669983447
14/11/2020 11:00:23,14.95210648,11.95210648,0.669790864
14/11/2020 11:00:24,14.75337791,11.75337791,0.669598281
14/11/2020 11:00:25,14.55465031,11.55465031,0.669405639
14/11/2020 11:00:26,14.35592175,11.35592175,0.669213057
14/11/2020 11:00:27,14.15719414,11.15719414,0.669020474
14/11/2020 11:00:28,14.0208683,11.04167461,0.668827891
14/11/2020 11:00:29,14.12071896,11.24107647,0.668635249
14/11/2020 11:00:30,14.22056961,11.44047832,0.668442667
14/11/2020 11:00:31,14.32041931,11.63988018,0.668250084
14/11/2020 11:00:32,14.42026997,11.83928204,0.668057442
14/11/2020 11:00:33,14.52011967,11.98057079,0.667864859
14/11/2020 11:00:34,14.61997032,11.88042068,0.667672276
14/11/2020 11:00:35,14.71982002,11.78027058,0.667479694
14/11/2020 11:00:36,14.81967068,11.68012047,0.667287052
14/11/2020 11:00:37,14.91952038,11.57997036,0.667094469
14/11/2020 11:00:38,15,11.4798193,0.666901886
14/11/2020 11:00:39,15,11.37966919,0.666709304
14/11/2020 11:00:40,15,11.27951908,0.666516662
14/11/2020 11:00:41,15,11.17936897,0.666324079
14/11/2020 11:00:42,15,11.07921886,0.666131496
14/11/2020 11:00:43,15,11.04128838,0.665938854
14/11/2020 11:00:44,15,11.2388382,0.665746272
14/11/2020 11:00:45,15,11.43638897,0.665553689
14/11/2020 11:00:46,15,11.63393879,0.665361106
14/11/2020 11:00:47,15,11.83148956,0.665168464
14/11/2020 11:00:48,14.97069359,11.97069359,0.664975882
14/11/2020 11:00:49,14.77133179,11.77133179,0.664783299
14/11/2020 11:00:50,14.57196999,11.57196999,0.664590716
14/11/2020 11:00:51,14.37260723,11.37260723,0.664398074
14/11/2020 11:00:52,14.17324543,11.17324543,0.664205492
14/11/2020 11:00:53,14.02603817,11.02603817,0.664012909
14/11/2020 11:00:54,14.22480583,11.22480583,0.663820267
14/11/2020 11:00:55,14.42357349,11.42357349,0.663627684
14/11/2020 11:00:56,14.62234116,11.62234116,0.663435102
14/11/2020 11:00:57,14.82110882,11.82110882,0.663242519
14/11/2020 11:00:58,14.98006344,11.98006344,0.663049877
14/11/2020 11:00:59,14.78070164,11.78070164,0.662857294
14/11/2020 11:01:00,14.58133984,11.58133984,0.662664711
14/11/2020 11:01:01,14.38197803,11.38197803,0.662472129
14/11/2020 11:01:02,14.18261528,11.18261528,0.662279487
14/11/2020 11:01:03,14.01679993,11.01679993,0.662086904
14/11/2020 11:01:04,14.21679974,11.21679974,0.661894321
14/11/2020 11:01:05,14.41679955,11.41679955,0.661701679
14/11/2020 11:01:06,14.61680031,11.61680031,0.661509097
14/11/2020 11:01:07,14.81680012,11.81680012,0.661316514
14/11/2020 11:01:08,15,12,0.661123931
14/11/2020 11:01:09,15,12,0.660931289
14/11/2020 11:01:10,15,12,0.660738707
14/11/2020 11:01:11,15,12,0.660546124
14/11/2020 11:01:12,15,12,0.660353541
14/11/2020 11:01:13,15,12,0.660160899
14/11/2020 11:01:14,15,12,0.659968317
14/11/2020 11:01:15,15,12,0.659775734
14/11/2020 11:01:16,15,12,0.659583092
14/11/2020 11:01:17,15,12,0.659390509
14/11/2020 11:01:18,15,12,0.659197927
14/11/2020 11:01:19,15,12,0.659005344
14/11/2020 11:01:20,15,12,0.658812702
14/11/2020 11:01:21,15,12,0.658620119
14/11/2020 11:01:22,15,12,0.658427536
14/11/2020 11:01:23,14.98949909,12,0.658234954
14/11/2020 11:01:24,14.79136086,12,0.658042312
14/11/2020 11:01:25,14.59322357,12,0.657849729
14/11/2020 11:01:26,14.39508629,12,0.657657146
14/11/2020 11:01:27,14.19694901,12,0.657464504
14/11/2020 11:01:28,14.00059795,12,0.657271922
14/11/2020 11:01:29,14.10027885,12,0.657079339
14/11/2020 11:01:30,14.19995975,12,0.656886756
14/11/2020 11:01:31,14.29964161,12,0.656694114
14/11/2020 11:01:32,14.39932251,12,0.656501532
14/11/2020 11:01:33,14.49900341,12,0.656308949
14/11/2020 11:01:34,14.59868431,12,0.656116366
14/11/2020 11:01:35,14.69836521,12,0.655923724
14/11/2020 11:01:36,14.79804611,12,0.655731142
14/11/2020 11:01:37,14.89772701,12,0.655538559
14/11/2020 11:01:38,14.99740791,12,0.655345917
14/11/2020 11:01:39,14.80457497,11.80457497,0.655153334
14/11/2020 11:01:40,14.60393238,11.60393238,0.654960752
14/11/2020 11:01:41,14.40329075,11.40329075,0.654768169
14/11/2020 11:01:42,14.20264816,11.20264816,0.654575527
14/11/2020 11:01:43,14.00200653,11.00200653,0.654382944
14/11/2020 11:01:44,14.19799995,11.19799995,0.654190361
14/11/2020 11:01:45,14.39799976,11.39799976,0.653997779
14/11/2020 11:01:46,14.59799957,11.59799957,0.653805137
14/11/2020 11:01:47,14.79800034,11.79800034,0.653612554
14/11/2020 11:01:48,14.99800014,11.99800014,0.653419971
14/11/2020 11:01:49,14.80263138,11.80263138,0.653227329
14/11/2020 11:01:50,14.60326958,11.60326958,0.653034747
14/11/2020 11:01:51,14.40390778,11.40390778,0.652842164
14/11/2020 11:01:52,14.20454502,11.20454502,0.652649581
14/11/2020 11:01:53,14.00518322,11.00518322,0.652456939
14/11/2020 11:01:54,14.19480038,11.19480038,0.652264357
14/11/2020 11:01:55,14.39480019,11.39480019,0.652071774
14/11/2020 11:01:56,14.5948,11.5948,0.651879191
14/11/2020 11:01:57,14.7947998,11.7947998,0.651686549
14/11/2020 11:01:58,14.99479961,11.99479961,0.651493967
14/11/2020 11:01:59,15,12,0.651301384
14/11/2020 11:02:00,15,12,0.651108801
14/11/2020 11:02:01,15,12,0.650916159
14/11/2020 11:02:02,15,12,0.650723577
14/11/2020 11:02:03,15,12,0.650530994
14/11/2020 11:02:04,15,11.81083202,0.650338352
14/11/2020 11:02:05,15,11.61023045,0.650145769
14/11/2020 11:02:06,15,11.40962887,0.649953187
14/11/2020 11:02:07,15,11.20902729,0.649760604
14/11/2020 11:02:08,15,11.00842571,0.649567962
14/11/2020 11:02:09,15,11.1904192,0.649375379
14/11/2020 11:02:10,15,11.38918686,0.649182796
14/11/2020 11:02:11,15,11.58795452,0.648990214
14/11/2020 11:02:12,15,11.78672218,0.648797572
14/11/2020 11:02:13,15,11.98548985,0.648604989
14/11/2020 11:02:14,14.81459999,11.81459999,0.648412406
14/11/2020 11:02:15,14.61460018,11.61460018,0.648219764
14/11/2020 11:02:16,14.41460037,11.41460037,0.648027182
14/11/2020 11:02:17,14.21459961,11.21459961,0.647834599
14/11/2020 11:02:18,14.0145998,11.0145998,0.647642016
14/11/2020 11:02:19,14.0927,11,0.647449374
14/11/2020 11:02:20,14.19270039,11,0.647256792
14/11/2020 11:02:21,14.29269981,11,0.647064209
14/11/2020 11:02:22,14.3927002,11,0.646871626
14/11/2020 11:02:23,14.49269962,11,0.646678984
14/11/2020 11:02:24,14.5927,11.18278503,0.646486402
14/11/2020 11:02:25,14.69270039,11.38342667,0.646293819
14/11/2020 11:02:26,14.79269981,11.58406925,0.646101177
14/11/2020 11:02:27,14.8927002,11.78471088,0.645908594
14/11/2020 11:02:28,14.99269962,11.98535347,0.645716012
14/11/2020 11:02:29,15,11.81519127,0.645523429
14/11/2020 11:02:30,15,11.61582947,0.645330787
14/11/2020 11:02:31,15,11.41646767,0.645138204
14/11/2020 11:02:32,15,11.21710491,0.644945621
14/11/2020 11:02:33,15,11.01774311,0.644753039
14/11/2020 11:02:34,15,11.17887306,0.644560397
14/11/2020 11:02:35,15,11.37522125,0.644367814
14/11/2020 11:02:36,15,11.57156849,0.644175231
14/11/2020 11:02:37,15,11.76791668,0.643982589
14/11/2020 11:02:38,15,11.96426487,0.643790007
14/11/2020 11:02:39,14.83643246,11.83643246,0.643597424
14/11/2020 11:02:40,14.6364727,11.6364727,0.643404841
14/11/2020 11:02:41,14.43651295,11.43651295,0.643212199
14/11/2020 11:02:42,14.23655224,11.23655224,0.643019617
14/11/2020 11:02:43,14.03659248,11.03659248,0.642827034
14/11/2020 11:02:44,14.08132553,11.08132553,0.642634451
14/11/2020 11:02:45,14.18086815,11.18086815,0.642441809
14/11/2020 11:02:46,14.28040981,11.28040981,0.642249227
14/11/2020 11:02:47,14.37995243,11.37995243,0.642056644
14/11/2020 11:02:48,14.47949409,11.47949409,0.641864002
14/11/2020 11:02:49,14.57903671,11.57903671,0.641671419
14/11/2020 11:02:50,14.67857838,11.67857838,0.641478837
14/11/2020 11:02:51,14.77812099,11.77812099,0.641286254
14/11/2020 11:02:52,14.87766266,11.87766266,0.641093612
14/11/2020 11:02:53,14.97720528,11.97720528,0.640901029
14/11/2020 11:02:54,15,11.84583092,0.640708447
14/11/2020 11:02:55,15,11.64587116,0.640515864
14/11/2020 11:02:56,15,11.44591045,0.640323222
14/11/2020 11:02:57,15,11.2459507,0.640130639
14/11/2020 11:02:58,15,11.04599094,0.639938056
14/11/2020 11:02:59,15,11.15305138,0.639745414
14/11/2020 11:03:00,15,11.35181904,0.639552832
14/11/2020 11:03:01,15,11.5505867,0.639360249
14/11/2020 11:03:02,15,11.74935436,0.639167666
14/11/2020 11:03:03,15,11.94812202,0.638975024
14/11/2020 11:03:04,15,11.85172558,0.638782442
14/11/2020 11:03:05,15,11.65108299,0.638589859
14/11/2020 11:03:06,15,11.45044136,0.638397276
14/11/2020 11:03:07,15,11.24979973,0.638204634
14/11/2020 11:03:08,15,11.04915714,0.638012052
14/11/2020 11:03:09,15,11.15100002,0.637819469
14/11/2020 11:03:10,15,11.35099983,0.637626827
14/11/2020 11:03:11,15,11.55099964,0.637434244
14/11/2020 11:03:12,15,11.7510004,0.637241662
14/11/2020 11:03:13,15,11.95100021,0.637049079
14/11/2020 11:03:14,15,12,0.636856437
14/11/2020 11:03:15,15,12,0.636663854
14/11/2020 11:03:16,15,12,0.636471272
14/11/2020 11:03:17,15,12,0.636278689
14/11/2020 11:03:18,15,12,0.636086047
14/11/2020 11:03:19,15,11.85493565,0.635893464
14/11/2020 11:03:20,15,11.65429401,0.635700881
14/11/2020 11:03:21,15,11.45365143,0.635508239
14/11/2020 11:03:22,15,11.2530098,0.635315657
14/11/2020 11:03:23,15,11.05236721,0.635123074
14/11/2020 11:03:24,15,11.14780045,0.634930491
14/11/2020 11:03:25,15,11.34780025,0.634737849
14/11/2020 11:03:26,15,11.54780006,0.634545267
14/11/2020 11:03:27,15,11.74779987,0.634352684
14/11/2020 11:03:28,15,11.94779968,0.634160101
14/11/2020 11:03:29,14.85219955,11.85219955,0.633967459
14/11/2020 11:03:30,14.65219975,11.65219975,0.633774877
14/11/2020 11:03:31,14.45219994,11.45219994,0.633582294
14/11/2020 11:03:32,14.25220013,11.25220013,0.633389711
14/11/2020 11:03:33,14.05220032,11.05220032,0.633197069
14/11/2020 11:03:34,14.14732838,11.14732838,0.633004487
14/11/2020 11:03:35,14.34669018,11.34669018,0.632811904
14/11/2020 11:03:36,14.54605293,11.54605293,0.632619262
14/11/2020 11:03:37,14.74541473,11.74541473,0.632426679
14/11/2020 11:03:38,14.94477654,11.94477654,0.632234097
14/11/2020 11:03:39,15,12,0.632041514
14/11/2020 11:03:40,15,12,0.631848872
14/11/2020 11:03:41,15,12,0.631656289
14/11/2020 11:03:42,15,12,0.631463706
14/11/2020 11:03:43,15,12,0.631271124
14/11/2020 11:03:44,14.86779976,11.86779976,0.631078482
14/11/2020 11:03:45,14.66779995,11.66779995,0.630885899
14/11/2020 11:03:46,14.46780014,11.46780014,0.630693316
14/11/2020 11:03:47,14.26780033,11.26780033,0.630500674
14/11/2020 11:03:48,14.06779957,11.06779957,0.630308092
14/11/2020 11:03:49,14.1313591,11.1313591,0.630115509
14/11/2020 11:03:50,14.33008766,11.33008766,0.629922926
14/11/2020 11:03:51,14.52881527,11.52881527,0.629730284
14/11/2020 11:03:52,14.72754383,11.72754383,0.629537702
14/11/2020 11:03:53,14.92627144,11.92627144,0.629345119
14/11/2020 11:03:54,14.87419987,11.87419987,0.629152536
14/11/2020 11:03:55,14.67420006,11.67420006,0.628959894
14/11/2020 11:03:56,14.47420025,11.47420025,0.628767312
14/11/2020 11:03:57,14.27420044,11.27420044,0.628574729
14/11/2020 11:03:58,14.07419968,11.07419968,0.628382087
14/11/2020 11:03:59,14.1250248,11,0.628189504
14/11/2020 11:04:00,14.32379246,11,0.627996922
14/11/2020 11:04:01,14.52256012,11,0.627804339
14/11/2020 11:04:02,14.72132778,11,0.627611697
14/11/2020 11:04:03,14.92009544,11,0.627419114
14/11/2020 11:04:04,14.94066238,11.1184864,0.627226532
14/11/2020 11:04:05,14.84143639,11.31662369,0.627033949
14/11/2020 11:04:06,14.74221039,11.51476097,0.626841307
14/11/2020 11:04:07,14.64298439,11.71289921,0.626648724
14/11/2020 11:04:08,14.54375839,11.91103649,0.626456141
14/11/2020 11:04:09,14.44453239,11.89047909,0.626263499
14/11/2020 11:04:10,14.3453064,11.69171143,0.626070917
14/11/2020 11:04:11,14.2460804,11.49294376,0.625878334
14/11/2020 11:04:12,14.1468544,11.2941761,0.625685751
14/11/2020 11:04:13,14.0476284,11.09540844,0.625493109
14/11/2020 11:04:14,14.05143452,11.05143452,0.625300527
14/11/2020 11:04:15,14.1503458,11.1503458,0.625107944
14/11/2020 11:04:16,14.24925804,11.24925804,0.624915361
14/11/2020 11:04:17,14.34817028,11.34817028,0.624722719
14/11/2020 11:04:18,14.44708252,11.44708252,0.624530137
14/11/2020 11:04:19,14.5459938,11.5459938,0.624337554
14/11/2020 11:04:20,14.64490604,11.64490604,0.624144912
14/11/2020 11:04:21,14.74381828,11.74381828,0.623952329
14/11/2020 11:04:22,14.84272957,11.84272957,0.623759747
14/11/2020 11:04:23,14.94164181,11.94164181,0.623567164
14/11/2020 11:04:24,15,11.91876316,0.623374522
14/11/2020 11:04:25,15,11.72062588,0.623181939
14/11/2020 11:04:26,15,11.52248859,0.622989357
14/11/2020 11:04:27,15,11.32435131,0.622796774
14/11/2020 11:04:28,15,11.12621403,0.622604132
14/11/2020 11:04:29,15,11.03624535,0.622411549
14/11/2020 11:04:30,15,11.136096,0.622218966
14/11/2020 11:04:31,15,11.2359457,0.622026324
14/11/2020 11:04:32,15,11.33579636,0.621833742
14/11/2020 11:04:33,15,11.43564606,0.621641159
14/11/2020 11:04:34,14.93039989,11.53549671,0.621448576
14/11/2020 11:04:35,14.73040009,11.63534737,0.621255934
14/11/2020 11:04:36,14.53040028,11.73519707,0.621063352
14/11/2020 11:04:37,14.33040047,11.83504772,0.620870769
14/11/2020 11:04:38,14.1303997,11.93489742,0.620678186
14/11/2020 11:04:39,14.03474426,12,0.620485544
14/11/2020 11:04:40,14.13458443,12,0.620292962
14/11/2020 11:04:41,14.23442459,12,0.620100379
14/11/2020 11:04:42,14.33426476,12,0.619907737
14/11/2020 11:04:43,14.43410587,12,0.619715154
14/11/2020 11:04:44,14.53394604,12,0.619522572
14/11/2020 11:04:45,14.6337862,12,0.619329989
14/11/2020 11:04:46,14.73362637,12,0.619137347
14/11/2020 11:04:47,14.83346653,12,0.618944764
14/11/2020 11:04:48,14.93330669,12,0.618752182
14/11/2020 11:04:49,15,12,0.618559599
14/11/2020 11:04:50,15,12,0.618366957
14/11/2020 11:04:51,15,12,0.618174374
14/11/2020 11:04:52,15,12,0.617981791
14/11/2020 11:04:53,15,12,0.617789149
14/11/2020 11:04:54,15,12,0.617596567
14/11/2020 11:04:55,15,12,0.617403984
14/11/2020 11:04:56,15,12,0.617211401
14/11/2020 11:04:57,15,12,0.617018759
14/11/2020 11:04:58,15,12,0.616826177
14/11/2020 11:04:59,15,11.93400955,0.616633594
14/11/2020 11:05:00,15,11.73524189,0.616441011
14/11/2020 11:05:01,15,11.53647423,0.616248369
14/11/2020 11:05:02,15,11.33770657,0.616055787
14/11/2020 11:05:03,15,11.1389389,0.615863204
14/11/2020 11:05:04,15,11.06038094,0.615670562
14/11/2020 11:05:05,15,11.26098251,0.615477979
14/11/2020 11:05:06,15,11.46158504,0.615285397
14/11/2020 11:05:07,15,11.66218662,0.615092814
14/11/2020 11:05:08,15,11.8627882,0.614900172
14/11/2020 11:05:09,14.93698883,11.93698883,0.614707589
14/11/2020 11:05:10,14.73758698,11.73758698,0.614515007
14/11/2020 11:05:11,14.53818512,11.53818512,0.614322424
14/11/2020 11:05:12,14.33878326,11.33878326,0.614129782
14/11/2020 11:05:13,14.13938141,11.13938141,0.613937199
14/11/2020 11:05:14,14.06019974,11.06019974,0.613744617
14/11/2020 11:05:15,14.26019955,11.26019955,0.613552034
14/11/2020 11:05:16,14.46020031,11.46020031,0.613359392
14/11/2020 11:05:17,14.66020012,11.66020012,0.613166809
14/11/2020 11:05:18,14.86019993,11.86019993,0.612974226
14/11/2020 11:05:19,15,12,0.612781584
14/11/2020 11:05:20,15,12,0.612589002
14/11/2020 11:05:21,15,12,0.612396419
14/11/2020 11:05:22,15,12,0.612203836
14/11/2020 11:05:23,15,12,0.612011194
14/11/2020 11:05:24,15,11.94318199,0.611818612
14/11/2020 11:05:25,15,11.74382019,0.611626029
14/11/2020 11:05:26,15,11.54445744,0.611433446
14/11/2020 11:05:27,15,11.34509563,0.611240804
14/11/2020 11:05:28,15,11.14573383,0.611048222
14/11/2020 11:05:29,15,11.05379963,0.610855639
14/11/2020 11:05:30,15,11.25380039,0.610662997
14/11/2020 11:05:31,15,11.4538002,0.610470414
14/11/2020 11:05:32,15,11.65380001,0.610277832
14/11/2020 11:05:33,15,11.85379982,0.610085249
14/11/2020 11:05:34,14.94637203,11.94637203,0.609892607
14/11/2020 11:05:35,14.74700928,11.74700928,0.609700024
14/11/2020 11:05:36,14.54764748,11.54764748,0.609507442
14/11/2020 11:05:37,14.34828568,11.34828568,0.609314859
14/11/2020 11:05:38,14.14892387,11.14892387,0.609122217
14/11/2020 11:05:39,14.02506733,11.02506733,0.608929634
14/11/2020 11:05:40,14.12414551,11.12414551,0.608737051
14/11/2020 11:05:41,14.22322369,11.22322369,0.608544409
14/11/2020 11:05:42,14.32230282,11.32230282,0.608351827
14/11/2020 11:05:43,14.421381,11.421381,0.608159244
14/11/2020 11:05:44,14.52046013,11.52046013,0.607966661
14/11/2020 11:05:45,14.61953831,11.61953831,0.607774019
14/11/2020 11:05:46,14.71861649,11.71861649,0.607581437
14/11/2020 11:05:47,14.81769562,11.81769562,0.607388854
14/11/2020 11:05:48,14.9167738,11.9167738,0.607196271
14/11/2020 11:05:49,14.96810246,11.96810246,0.607003629
14/11/2020 11:05:50,14.7687397,11.7687397,0.606811047
14/11/2020 11:05:51,14.5693779,11.5693779,0.606618464
14/11/2020 11:05:52,14.3700161,11.3700161,0.606425822
14/11/2020 11:05:53,14.1706543,11.1706543,0.606233239
14/11/2020 11:05:54,14.02870846,11.02870846,0.606040657
14/11/2020 11:05:55,14.22807026,11.22807026,0.605848074
14/11/2020 11:05:56,14.42743206,11.42743206,0.605655432
14/11/2020 11:05:57,14.62679386,11.62679386,0.605462849
14/11/2020 11:05:58,14.82615662,11.82615662,0.605270267
14/11/2020 11:05:59,14.97431755,11.97431755,0.605077684
14/11/2020 11:06:00,14.77367592,11.77367592,0.604885042
14/11/2020 11:06:01,14.57303333,11.57303333,0.604692459
14/11/2020 11:06:02,14.3723917,11.3723917,0.604499876
14/11/2020 11:06:03,14.17175007,11.17175007,0.604307234
14/11/2020 11:06:04,14.01437664,11.01437664,0.604114652
14/11/2020 11:06:05,14.1142168,11.1142168,0.603922069
14/11/2020 11:06:06,14.21405792,11.21405792,0.603729486
14/11/2020 11:06:07,14.31389809,11.31389809,0.603536844
14/11/2020 11:06:08,14.41373825,11.41373825,0.603344262
14/11/2020 11:06:09,14.51357841,11.51357841,0.603151679
14/11/2020 11:06:10,14.61341858,11.61341858,0.602959096
14/11/2020 11:06:11,14.71325874,11.71325874,0.602766454
14/11/2020 11:06:12,14.81309891,11.81309891,0.602573872
14/11/2020 11:06:13,14.91293907,11.91293907,0.602381289
14/11/2020 11:06:14,14.97447681,12,0.602188647
14/11/2020 11:06:15,14.77507496,12,0.601996064
14/11/2020 11:06:16,14.5756731,12,0.601803482
14/11/2020 11:06:17,14.37627125,12,0.601610899
14/11/2020 11:06:18,14.17686939,12,0.601418257
14/11/2020 11:06:19,14.02252769,12,0.601225674
14/11/2020 11:06:20,14.2218895,12,0.601033092
14/11/2020 11:06:21,14.42125225,12,0.600840509
14/11/2020 11:06:22,14.62061405,12,0.600647867
14/11/2020 11:06:23,14.81997585,12,0.600455284
14/11/2020 11:06:24,14.98071957,11.98071957,0.600262702
14/11/2020 11:06:25,14.7819519,11.7819519,0.600070059
14/11/2020 11:06:26,14.58318424,11.58318424,0.599877477
14/11/2020 11:06:27,14.38441658,11.38441658,0.599684894
14/11/2020 11:06:28,14.18564892,11.18564892,0.599492311
14/11/2020 11:06:29,14.01323986,11.01323986,0.599299669
14/11/2020 11:06:30,14.21384144,11.21384144,0.599107087
14/11/2020 11:06:31,14.41444302,11.41444302,0.598914504
14/11/2020 11:06:32,14.61504555,11.61504555,0.598721921
14/11/2020 11:06:33,14.81564713,11.81564713,0.598529279
14/11/2020 11:06:34,15,12,0.598336697
14/11/2020 11:06:35,15,12,0.598144114
14/11/2020 11:06:36,15,12,0.597951472
14/11/2020 11:06:37,15,12,0.597758889
14/11/2020 11:06:38,15,12,0.597566307
14/11/2020 11:06:39,15,11.98684216,0.597373724
14/11/2020 11:06:40,15,11.78748035,0.597181082
14/11/2020 11:06:41,15,11.5881176,0.596988499
14/11/2020 11:06:42,15,11.3887558,0.596795917
14/11/2020 11:06:43,15,11.189394,0.596603334
14/11/2020 11:06:44,15,11.0099678,0.596410692
14/11/2020 11:06:45,15,11.20933056,0.596218109
14/11/2020 11:06:46,15,11.40869236,0.596025527
14/11/2020 11:06:47,15,11.60805416,0.595832944
14/11/2020 11:06:48,15,11.80741596,0.595640302
14/11/2020 11:06:49,14.99324226,11.99324226,0.595447719
14/11/2020 11:06:50,14.7944746,11.7944746,0.595255136
14/11/2020 11:06:51,14.59570694,11.59570694,0.595062494
14/11/2020 11:06:52,14.39693928,11.39693928,0.594869912
14/11/2020 11:06:53,14.19817162,11.19817162,0.594677329
14/11/2020 11:06:54,14.00059414,11.00059414,0.594484746
14/11/2020 11:06:55,14.19873238,11.19873238,0.594292104
14/11/2020 11:06:56,14.39686966,11.39686966,0.594099522
14/11/2020 11:06:57,14.59500694,11.59500694,0.593906939
14/11/2020 11:06:58,14.79314423,11.79314423,0.593714356
14/11/2020 11:06:59,14.99128151,11.99128151,0.593521714
14/11/2020 11:07:00,14.80879974,11.80879974,0.593329132
14/11/2020 11:07:01,14.60879993,11.60879993,0.593136549
14/11/2020 11:07:02,14.40880013,11.40880013,0.592943907
14/11/2020 11:07:03,14.20880032,11.20880032,0.592751324
14/11/2020 11:07:04,14.00879955,11.00879955,0.592558742
14/11/2020 11:07:05,14.1905899,11.1905899,0.592366159
14/11/2020 11:07:06,14.38995171,11.38995171,0.592173517
14/11/2020 11:07:07,14.58931446,11.58931446,0.591980934
14/11/2020 11:07:08,14.78867626,11.78867626,0.591788352
14/11/2020 11:07:09,14.98803806,11.98803806,0.591595769
14/11/2020 11:07:10,14.81200027,11.81200027,0.591403127
14/11/2020 11:07:11,14.61200047,11.61200047,0.591210544
14/11/2020 11:07:12,14.4119997,11.4119997,0.591017962
14/11/2020 11:07:13,14.21199989,11.21199989,0.590825319
14/11/2020 11:07:14,14.01200008,11.01200008,0.590632737
14/11/2020 11:07:15,14.18739986,11.18739986,0.590440154
14/11/2020 11:07:16,14.38676262,11.38676262,0.590247571
14/11/2020 11:07:17,14.58612442,11.58612442,0.590054929
14/11/2020 11:07:18,14.78548622,11.78548622,0.589862347
14/11/2020 11:07:19,14.98484802,11.98484802,0.589669764
14/11/2020 11:07:20,14.9076004,11.9076004,0.589477181
14/11/2020 11:07:21,14.80760002,11.80760002,0.589284539
14/11/2020 11:07:22,14.70759964,11.70759964,0.589091957
14/11/2020 11:07:23,14.60760021,11.60760021,0.588899374
14/11/2020 11:07:24,14.50759983,11.50759983,0.588706732
14/11/2020 11:07:25,14.4076004,11.4076004,0.588514149
14/11/2020 11:07:26,14.30760002,11.30760002,0.588321567
14/11/2020 11:07:27,14.20759964,11.20759964,0.588128984
14/11/2020 11:07:28,14.10760021,11.10760021,0.587936342
14/11/2020 11:07:29,14.00759983,11.00759983,0.587743759
14/11/2020 11:07:30,14.18424702,11.18424702,0.587551177
14/11/2020 11:07:31,14.38364887,11.38364887,0.587358594
14/11/2020 11:07:32,14.58305073,11.58305073,0.587165952
14/11/2020 11:07:33,14.78245258,11.78245258,0.586973369
14/11/2020 11:07:34,14.98185444,11.98185444,0.586780787
14/11/2020 11:07:35,14.81989288,11.81989288,0.586588144
14/11/2020 11:07:36,14.6217556,11.6217556,0.586395562
14/11/2020 11:07:37,14.42361832,11.42361832,0.586202979
14/11/2020 11:07:38,14.22548008,11.22548008,0.586010396
14/11/2020 11:07:39,14.0273428,11.0273428,0.585817754
14/11/2020 11:07:40,14.17240047,11.17240047,0.585625172
14/11/2020 11:07:41,14.37240028,11.37240028,0.585432589
14/11/2020 11:07:42,14.57240009,11.57240009,0.585240006
14/11/2020 11:07:43,14.7723999,11.7723999,0.585047364
14/11/2020 11:07:44,14.97239971,11.97239971,0.584854782
14/11/2020 11:07:45,15,12,0.584662199
14/11/2020 11:07:46,15,12,0.584469557
14/11/2020 11:07:47,15,12,0.584276974
14/11/2020 11:07:48,15,12,0.584084392
14/11/2020 11:07:49,15,12,0.583891809
14/11/2020 11:07:50,14.83329964,11.83329964,0.583699167
14/11/2020 11:07:51,14.63269806,11.63269806,0.583506584
14/11/2020 11:07:52,14.43209648,11.43209648,0.583314002
14/11/2020 11:07:53,14.2314949,11.2314949,0.583121419
14/11/2020 11:07:54,14.03089237,11.03089237,0.582928777
14/11/2020 11:07:55,14.16762447,11.16762447,0.582736194
14/11/2020 11:07:56,14.36576176,11.36576176,0.582543612
14/11/2020 11:07:57,14.56389904,11.56389904,0.582350969
14/11/2020 11:07:58,14.76203728,11.76203728,0.582158387
14/11/2020 11:07:59,14.96017456,11.96017456,0.581965804
14/11/2020 11:08:00,14.83968735,11.83968735,0.581773221
14/11/2020 11:08:01,14.63904476,11.63904476,0.581580579
14/11/2020 11:08:02,14.43840313,11.43840313,0.581387997
14/11/2020 11:08:03,14.23776054,11.23776054,0.581195414
14/11/2020 11:08:04,14.03711891,11.03711891,0.581002831
14/11/2020 11:08:05,14.16199589,11.16199589,0.580810189
14/11/2020 11:08:06,14.36076355,11.36076355,0.580617607
14/11/2020 11:08:07,14.55953121,11.55953121,0.580425024
14/11/2020 11:08:08,14.75829887,11.75829887,0.580232382
14/11/2020 11:08:09,14.95706654,11.95706654,0.580039799
14/11/2020 11:08:10,15,12,0.579847217
14/11/2020 11:08:11,15,12,0.579654634
14/11/2020 11:08:12,15,12,0.579461992
14/11/2020 11:08:13,15,12,0.579269409
14/11/2020 11:08:14,15,12,0.579076827
14/11/2020 11:08:15,14.8566885,12,0.578884244
14/11/2020 11:08:16,14.65792084,12,0.578691602
14/11/2020 11:08:17,14.45915318,12,0.578499019
14/11/2020 11:08:18,14.26038551,12,0.578306437
14/11/2020 11:08:19,14.06161785,12,0.578113794
14/11/2020 11:08:20,14.13671494,12,0.577921212
14/11/2020 11:08:21,14.33485222,12,0.577728629
14/11/2020 11:08:22,14.5329895,12,0.577536047
14/11/2020 11:08:23,14.73112774,12,0.577343404
14/11/2020 11:08:24,14.92926502,12,0.577150822
14/11/2020 11:08:25,14.87101269,11.87101269,0.576958239
14/11/2020 11:08:26,14.67041111,11.67041111,0.576765656
14/11/2020 11:08:27,14.46980953,11.46980953,0.576573014
14/11/2020 11:08:28,14.26920795,11.26920795,0.576380432
14/11/2020 11:08:29,14.06860542,11.06860542,0.576187849
14/11/2020 11:08:30,14.13120651,11.06579971,0.575995266
14/11/2020 11:08:31,14.33060837,11.16580009,0.575802624
14/11/2020 11:08:32,14.53001022,11.26580048,0.575610042
14/11/2020 11:08:33,14.72941208,11.3657999,0.575417459
14/11/2020 11:08:34,14.92881393,11.46580029,0.575224817
14/11/2020 11:08:35,14.87101269,11.56579971,0.575032234
14/11/2020 11:08:36,14.67041111,11.66580009,0.574839652
14/11/2020 11:08:37,14.46980953,11.76580048,0.574647069
14/11/2020 11:08:38,14.26920795,11.8657999,0.574454427
14/11/2020 11:08:39,14.06860542,11.96580029,0.574261844
14/11/2020 11:08:40,14.13120651,11.86879349,0.574069262
14/11/2020 11:08:41,14.33060837,11.66939163,0.573876679
14/11/2020 11:08:42,14.53001022,11.46998978,0.573684037
14/11/2020 11:08:43,14.72941208,11.27058792,0.573491454
14/11/2020 11:08:44,14.92881393,11.07118607,0.573298872
14/11/2020 11:08:45,15,11.12778187,0.573106229
14/11/2020 11:08:46,15,11.32651043,0.572913647
14/11/2020 11:08:47,15,11.52523804,0.572721064
14/11/2020 11:08:48,15,11.7239666,0.572528481
14/11/2020 11:08:49,15,11.92269516,0.572335839
14/11/2020 11:08:50,14.87740803,11.87740803,0.572143257
14/11/2020 11:08:51,14.67676544,11.67676544,0.571950674
14/11/2020 11:08:52,14.47612381,11.47612381,0.571758091
14/11/2020 11:08:53,14.27548122,11.27548122,0.571565449
14/11/2020 11:08:54,14.07483959,11.07483959,0.571372867
14/11/2020 11:08:55,14.125,11.125,0.571180284
14/11/2020 11:08:56,14.3243618,11.3243618,0.570987642
14/11/2020 11:08:57,14.52372456,11.52372456,0.570795059
14/11/2020 11:08:58,14.72308636,11.72308636,0.570602477
14/11/2020 11:08:59,14.92244816,11.92244816,0.570409894
14/11/2020 11:09:00,14.93880844,11.93880844,0.570217252
14/11/2020 11:09:01,14.83865833,11.83865833,0.570024669
14/11/2020 11:09:02,14.73850822,11.73850822,0.569832087
14/11/2020 11:09:03,14.63835716,11.63835716,0.569639504
14/11/2020 11:09:04,14.53820705,11.53820705,0.569446862
14/11/2020 11:09:05,14.43805695,11.43805695,0.569254279
14/11/2020 11:09:06,14.33790684,11.33790684,0.569061697
14/11/2020 11:09:07,14.23775673,11.23775673,0.568869054
14/11/2020 11:09:08,14.13760662,11.13760662,0.568676472
14/11/2020 11:09:09,14.03745651,11.03745651,0.568483889
14/11/2020 11:09:10,14.12522507,11.12522507,0.568291306
14/11/2020 11:09:11,14.32526493,11.32526493,0.568098664
14/11/2020 11:09:12,14.52530479,11.52530479,0.567906082
14/11/2020 11:09:13,14.72534466,11.72534466,0.567713499
14/11/2020 11:09:14,14.92538548,11.92538548,0.567520916
14/11/2020 11:09:15,14.87539768,11.87539768,0.567328274
14/11/2020 11:09:16,14.67666912,11.67666912,0.567135692
14/11/2020 11:09:17,14.47794151,11.47794151,0.566943109
14/11/2020 11:09:18,14.27921295,11.27921295,0.566750467
14/11/2020 11:09:19,14.08048534,11.08048534,0.566557884
14/11/2020 11:09:20,14.05931568,11.11826706,0.566365302
14/11/2020 11:09:21,14.15900707,11.31703472,0.566172719
14/11/2020 11:09:22,14.25869846,11.51580238,0.565980077
14/11/2020 11:09:23,14.3583889,11.71457005,0.565787494
14/11/2020 11:09:24,14.45808029,11.91333771,0.565594912
14/11/2020 11:09:25,14.55777073,11.88720036,0.565402329
14/11/2020 11:09:26,14.65746212,11.68719959,0.565209687
14/11/2020 11:09:27,14.75715256,11.48719978,0.565017104
14/11/2020 11:09:28,14.85684395,11.28719997,0.564824522
14/11/2020 11:09:29,14.95653439,11.08720016,0.564631879
14/11/2020 11:09:30,15,11.11279964,0.564439297
14/11/2020 11:09:31,15,11.31280041,0.564246714
14/11/2020 11:09:32,15,11.51280022,0.564054132
14/11/2020 11:09:33,15,11.71280003,0.563861489
14/11/2020 11:09:34,15,11.91279984,0.563668907
14/11/2020 11:09:35,15,12,0.563476324
14/11/2020 11:09:36,15,12,0.563283741
14/11/2020 11:09:37,15,12,0.563091099
14/11/2020 11:09:38,15,12,0.562898517
14/11/2020 11:09:39,15,12,0.562705934
14/11/2020 11:09:40,15,11.8930788,0.562513292
14/11/2020 11:09:41,15,11.69247723,0.562320709
14/11/2020 11:09:42,15,11.49187565,0.562128127
14/11/2020 11:09:43,15,11.29127407,0.561935544
14/11/2020 11:09:44,15,11.09067154,0.561742902
14/11/2020 11:09:45,15,11.10960007,0.561550319
14/11/2020 11:09:46,15,11.30959988,0.561357737
14/11/2020 11:09:47,15,11.50959969,0.561165154
14/11/2020 11:09:48,15,11.70960045,0.560972512
14/11/2020 11:09:49,15,11.90960026,0.560779929
14/11/2020 11:09:50,15,11.89039993,0.560587347
14/11/2020 11:09:51,15,11.69040012,0.560394704
14/11/2020 11:09:52,15,11.49040031,0.560202122
14/11/2020 11:09:53,15,11.29039955,0.560009539
14/11/2020 11:09:54,15,11.09039974,0.559816957
14/11/2020 11:09:55,15,11.109272,0.559624314
14/11/2020 11:09:56,15,11.30867386,0.559431732
14/11/2020 11:09:57,15,11.50807571,0.559239149
14/11/2020 11:09:58,15,11.70747757,0.559046566
14/11/2020 11:09:59,15,11.90687943,0.558853924
14/11/2020 11:10:00,15,12,0.558661342
14/11/2020 11:10:01,15,12,0.558468759
14/11/2020 11:10:02,15,12,0.558276176
14/11/2020 11:10:03,15,12,0.558083534
14/11/2020 11:10:04,15,12,0.557890952
14/11/2020 11:10:05,14.9077425,11.9077425,0.557698369
14/11/2020 11:10:06,14.70453167,11.70453167,0.557505727
14/11/2020 11:10:07,14.50132084,11.50132084,0.557313144
14/11/2020 11:10:08,14.29811001,11.29811001,0.557120562
14/11/2020 11:10:09,14.09489918,11.09489918,0.556927979
14/11/2020 11:10:10,14.05296612,11.05296612,0.556735337
14/11/2020 11:10:11,14.15233994,11.15233994,0.556542754
14/11/2020 11:10:12,14.25171375,11.25171375,0.556350172
14/11/2020 11:10:13,14.35108852,11.35108852,0.556157589
14/11/2020 11:10:14,14.45046234,11.45046234,0.555964947
14/11/2020 11:10:15,14.54983616,11.54983616,0.555772364
14/11/2020 11:10:16,14.64920998,11.64920998,0.555579782
14/11/2020 11:10:17,14.74858379,11.74858379,0.555387139
14/11/2020 11:10:18,14.84795761,11.84795761,0.555194557
14/11/2020 11:10:19,14.94733143,11.94733143,0.555001974
14/11/2020 11:10:20,15,12,0.554809391
14/11/2020 11:10:21,15,12,0.554616749
14/11/2020 11:10:22,15,12,0.554424167
14/11/2020 11:10:23,15,12,0.554231584
14/11/2020 11:10:24,15,12,0.554039001
14/11/2020 11:10:25,15,12,0.553846359
14/11/2020 11:10:26,15,12,0.553653777
14/11/2020 11:10:27,15,12,0.553461194
14/11/2020 11:10:28,15,12,0.553268552
14/11/2020 11:10:29,15,12,0.553075969
14/11/2020 11:10:30,14.91592121,11.91592121,0.552883387
14/11/2020 11:10:31,14.71715355,11.71715355,0.552690804
14/11/2020 11:10:32,14.51838589,11.51838589,0.552498162
14/11/2020 11:10:33,14.31961823,11.31961823,0.552305579
14/11/2020 11:10:34,14.12085056,11.12085056,0.552112997
14/11/2020 11:10:35,14.03889275,11.03889275,0.551920414
14/11/2020 11:10:36,14.13810921,11.13810921,0.551727772
14/11/2020 11:10:37,14.23732471,11.23732471,0.551535189
14/11/2020 11:10:38,14.33654118,11.33654118,0.551342607
14/11/2020 11:10:39,14.43575764,11.43575764,0.551149964
14/11/2020 11:10:40,14.5349741,11.5349741,0.550957382
14/11/2020 11:10:41,14.63418961,11.63418961,0.550764799
14/11/2020 11:10:42,14.73340607,11.73340607,0.550572217
14/11/2020 11:10:43,14.83262253,11.83262253,0.550379574
14/11/2020 11:10:44,14.93183804,11.93183804,0.550186992
14/11/2020 11:10:45,15,12,0.549994409
14/11/2020 11:10:46,15,12,0.549801826
14/11/2020 11:10:47,15,12,0.549609184
14/11/2020 11:10:48,15,12,0.549416602
14/11/2020 11:10:49,15,12,0.549224019
14/11/2020 11:10:50,15,12,0.549031377
14/11/2020 11:10:51,15,12,0.548838794
14/11/2020 11:10:52,15,12,0.548646212
14/11/2020 11:10:53,15,12,0.548453629
14/11/2020 11:10:54,15,12,0.548260987
14/11/2020 11:10:55,14.9405899,12,0.548068404
14/11/2020 11:10:56,14.7412281,12,0.547875822
14/11/2020 11:10:57,14.5418663,12,0.547683239
14/11/2020 11:10:58,14.34250355,12,0.547490597
14/11/2020 11:10:59,14.14314175,12,0.547298014
14/11/2020 11:11:00,14.02793694,12,0.547105432
14/11/2020 11:11:01,14.12700653,12,0.546912789
14/11/2020 11:11:02,14.22607517,12,0.546720207
14/11/2020 11:11:03,14.32514381,12,0.546527624
14/11/2020 11:11:04,14.42421246,12,0.546335042
14/11/2020 11:11:05,14.5232811,11.95343781,0.546142399
14/11/2020 11:11:06,14.62234974,11.75530052,0.545949817
14/11/2020 11:11:07,14.72141838,11.55716228,0.545757234
14/11/2020 11:11:08,14.82048702,11.359025,0.545564651
14/11/2020 11:11:09,14.91955662,11.16088772,0.545372009
14/11/2020 11:11:10,15,11.03748798,0.545179427
14/11/2020 11:11:11,15,11.23688889,0.544986844
14/11/2020 11:11:12,15,11.43629074,0.544794202
14/11/2020 11:11:13,15,11.6356926,0.544601619
14/11/2020 11:11:14,15,11.83509445,0.544409037
14/11/2020 11:11:15,15,12,0.544216454
14/11/2020 11:11:16,15,12,0.544023812
14/11/2020 11:11:17,15,12,0.543831229
14/11/2020 11:11:18,15,12,0.543638647
14/11/2020 11:11:19,15,12,0.543446064
14/11/2020 11:11:20,14.97179985,11.97179985,0.543253422
14/11/2020 11:11:21,14.77180004,11.77180004,0.543060839
14/11/2020 11:11:22,14.57180023,11.57180023,0.542868257
14/11/2020 11:11:23,14.37180042,11.37180042,0.542675614
14/11/2020 11:11:24,14.17179966,11.17179966,0.542483032
14/11/2020 11:11:25,14.02802658,11.02802658,0.542290449
14/11/2020 11:11:26,14.22679424,11.22679424,0.542097867
14/11/2020 11:11:27,14.4255619,11.4255619,0.541905224
14/11/2020 11:11:28,14.62432957,11.62432957,0.541712642
14/11/2020 11:11:29,14.82309723,11.82309723,0.541520059
14/11/2020 11:11:30,15,12,0.541327477
14/11/2020 11:11:31,15,12,0.541134834
14/11/2020 11:11:32,15,12,0.540942252
14/11/2020 11:11:33,15,12,0.540749669
14/11/2020 11:11:34,15,12,0.540557086
14/11/2020 11:11:35,15,11.98419952,0.540364444
14/11/2020 11:11:36,15,11.78419971,0.540171862
14/11/2020 11:11:37,15,11.58419991,0.539979279
14/11/2020 11:11:38,15,11.3842001,0.539786637
14/11/2020 11:11:39,15,11.18420029,0.539594054
14/11/2020 11:11:40,15,11,0.539401472
14/11/2020 11:11:41,15,11,0.539208889
14/11/2020 11:11:42,15,11,0.539016247
14/11/2020 11:11:43,15,11,0.538823664
14/11/2020 11:11:44,15,11,0.538631082
14/11/2020 11:11:45,14.98744011,11,0.538438499
14/11/2020 11:11:46,14.78807831,11,0.538245857
14/11/2020 11:11:47,14.58871651,11,0.538053274
14/11/2020 11:11:48,14.38935375,11,0.537860692
14/11/2020 11:11:49,14.18999195,11,0.537668049
14/11/2020 11:11:50,14.00940037,11.00940037,0.537475467
14/11/2020 11:11:51,14.20940018,11.20940018,0.537282884
14/11/2020 11:11:52,14.40939999,11.40939999,0.537090302
14/11/2020 11:11:53,14.6093998,11.6093998,0.536897659
14/11/2020 11:11:54,14.8093996,11.8093996,0.536705077
14/11/2020 11:11:55,14.99062824,11.99062824,0.536512494
14/11/2020 11:11:56,14.79122639,11.79122639,0.536319911
14/11/2020 11:11:57,14.59182453,11.59182453,0.536127269
14/11/2020 11:11:58,14.39242268,11.39242268,0.535934687
14/11/2020 11:11:59,14.19302082,11.19302082,0.535742104
14/11/2020 11:12:00,14.00319004,11,0.535549462
14/11/2020 11:12:01,14.10287094,11,0.535356879
14/11/2020 11:12:02,14.20255184,11,0.535164297
14/11/2020 11:12:03,14.30223274,11,0.534971714
14/11/2020 11:12:04,14.40191364,11,0.534779072
14/11/2020 11:12:05,14.50159454,11,0.534586489
14/11/2020 11:12:06,14.60127544,11.19999981,0.534393907
14/11/2020 11:12:07,14.7009573,11.39999962,0.534201324
14/11/2020 11:12:08,14.8006382,11.60000038,0.534008682
14/11/2020 11:12:09,14.9003191,11.80000019,0.533816099
14/11/2020 11:12:10,15,12,0.533623517
14/11/2020 11:12:11,14.80000019,11.80000019,0.533430874
14/11/2020 11:12:12,14.60000038,11.60000038,0.533238292
14/11/2020 11:12:13,14.39999962,11.39999962,0.533045709
14/11/2020 11:12:14,14.19999981,11.19999981,0.532853127
14/11/2020 11:12:15,14,11,0.532660484
14/11/2020 11:12:16,14.19940186,11.19940186,0.532467902
14/11/2020 11:12:17,14.39880371,11.39880371,0.532275319
14/11/2020 11:12:18,14.59820557,11.59820557,0.532082736
14/11/2020 11:12:19,14.79760742,11.79760742,0.531890094
14/11/2020 11:12:20,14.99700928,11.99700928,0.531697512
14/11/2020 11:12:21,14.80362797,11.9016571,0.531504929
14/11/2020 11:12:22,14.60426617,11.80181694,0.531312287
14/11/2020 11:12:23,14.40490437,11.70197678,0.531119704
14/11/2020 11:12:24,14.20554256,11.60213661,0.530927122
14/11/2020 11:12:25,14.00617981,11.50229645,0.530734539
14/11/2020 11:12:26,14.19379997,11.40245628,0.530541897
14/11/2020 11:12:27,14.39379978,11.30261612,0.530349314
14/11/2020 11:12:28,14.59379959,11.20277596,0.530156732
14/11/2020 11:12:29,14.79380035,11.10293484,0.529964149
14/11/2020 11:12:30,14.99380016,11.00309467,0.529771507
14/11/2020 11:12:31,15,11.19379997,0.529578924
14/11/2020 11:12:32,15,11.39379978,0.529386342
14/11/2020 11:12:33,15,11.59379959,0.529193699
14/11/2020 11:12:34,15,11.79380035,0.529001117
14/11/2020 11:12:35,15,11.99380016,0.528808534
14/11/2020 11:12:36,14.80620003,11.80620003,0.528615952
14/11/2020 11:12:37,14.60620022,11.60620022,0.528423309
14/11/2020 11:12:38,14.40620041,11.40620041,0.528230727
14/11/2020 11:12:39,14.20619965,11.20619965,0.528038144
14/11/2020 11:12:40,14.00619984,11.00619984,0.527845562
14/11/2020 11:12:41,14.096591,11.19318199,0.527652919
14/11/2020 11:12:42,14.1962719,11.39254379,0.527460337
14/11/2020 11:12:43,14.2959528,11.59190559,0.527267754
14/11/2020 11:12:44,14.3956337,11.79126835,0.527075112
14/11/2020 11:12:45,14.4953146,11.99063015,0.526882529
14/11/2020 11:12:46,14.59499645,11.81000805,0.526689947
14/11/2020 11:12:47,14.69467735,11.61064625,0.526497364
14/11/2020 11:12:48,14.79435825,11.41128349,0.526304722
14/11/2020 11:12:49,14.89403915,11.21192169,0.526112139
14/11/2020 11:12:50,14.99372005,11.01255989,0.525919557
14/11/2020 11:12:51,14.81375504,11,0.525726974
14/11/2020 11:12:52,14.61498737,11,0.525534332
14/11/2020 11:12:53,14.41621971,11,0.525341749
14/11/2020 11:12:54,14.21745205,11,0.525149167
14/11/2020 11:12:55,14.01868439,11,0.524956524
14/11/2020 11:12:56,14.18178177,11.18178177,0.524763942
14/11/2020 11:12:57,14.3824234,11.3824234,0.524571359
14/11/2020 11:12:58,14.58306599,11.58306599,0.524378777
14/11/2020 11:12:59,14.78370762,11.78370762,0.524186134
14/11/2020 11:13:00,14.9843502,11.9843502,0.523993552
14/11/2020 11:13:01,14.81677246,11.81677246,0.523800969
14/11/2020 11:13:02,14.61804485,11.61804485,0.523608387
14/11/2020 11:13:03,14.41931629,11.41931629,0.523415744
14/11/2020 11:13:04,14.22058868,11.22058868,0.523223162
14/11/2020 11:13:05,14.02186012,11.02186012,0.523030579
14/11/2020 11:13:06,14.17914677,11.17914677,0.522837937
14/11/2020 11:13:07,14.38043499,11.38043499,0.522645354
14/11/2020 11:13:08,14.58172321,11.58172321,0.522452772
14/11/2020 11:13:09,14.78301144,11.78301144,0.522260189
14/11/2020 11:13:10,14.98429966,11.98429966,0.522067547
14/11/2020 11:13:11,14.81618786,11.81618786,0.521874964
14/11/2020 11:13:12,14.61682606,11.61682606,0.521682382
14/11/2020 11:13:13,14.41746426,11.41746426,0.521489799
14/11/2020 11:13:14,14.21810246,11.21810246,0.521297157
14/11/2020 11:13:15,14.0187397,11.0187397,0.521104574
14/11/2020 11:13:16,14.09031963,11.09031963,0.520911992
14/11/2020 11:13:17,14.19001102,11.19001102,0.520719409
14/11/2020 11:13:18,14.28970146,11.28970146,0.520526767
14/11/2020 11:13:19,14.38939285,11.38939285,0.520334184
14/11/2020 11:13:20,14.48908424,11.48908424,0.520141602
14/11/2020 11:13:21,14.58877468,11.58877468,0.519948959
14/11/2020 11:13:22,14.68846607,11.68846607,0.519756377
14/11/2020 11:13:23,14.78815651,11.78815651,0.519563794
14/11/2020 11:13:24,14.8878479,11.8878479,0.519371212
14/11/2020 11:13:25,14.98753834,11.98753834,0.519178569
14/11/2020 11:13:26,14.82555866,11.82555866,0.518985987
14/11/2020 11:13:27,14.62619591,11.62619591,0.518793404
14/11/2020 11:13:28,14.42683411,11.42683411,0.518600821
14/11/2020 11:13:29,14.22747231,11.22747231,0.518408179
14/11/2020 11:13:30,14.0281105,11.0281105,0.518215597
14/11/2020 11:13:31,14.17074108,11.17074108,0.518023014
14/11/2020 11:13:32,14.36950874,11.36950874,0.517830372
14/11/2020 11:13:33,14.56827641,11.56827641,0.517637789
14/11/2020 11:13:34,14.76704407,11.76704407,0.517445207
14/11/2020 11:13:35,14.96581173,11.96581173,0.517252624
14/11/2020 11:13:36,15,11.83545303,0.517059982
14/11/2020 11:13:37,15,11.63672543,0.516867399
14/11/2020 11:13:38,15,11.43799686,0.516674817
14/11/2020 11:13:39,15,11.2392683,0.516482234
14/11/2020 11:13:40,15,11.0405407,0.516289592
14/11/2020 11:13:41,14.8422823,11,0.516097009
14/11/2020 11:13:42,14.64414501,11,0.515904427
14/11/2020 11:13:43,14.44600773,11,0.515711784
14/11/2020 11:13:44,14.24787045,11,0.515519202
14/11/2020 11:13:45,14.04973221,11,0.515326619
14/11/2020 11:13:46,14.14935207,11.14935207,0.515134037
14/11/2020 11:13:47,14.34875393,11.34875393,0.514941394
14/11/2020 11:13:48,14.54815578,11.54815578,0.514748812
14/11/2020 11:13:49,14.74755764,11.74755764,0.514556229
14/11/2020 11:13:50,14.9469595,11.9469595,0.514363647
14/11/2020 11:13:51,14.85366821,11.85366821,0.514171004
14/11/2020 11:13:52,14.65430641,11.65430641,0.513978422
14/11/2020 11:13:53,14.45494461,11.45494461,0.513785839
14/11/2020 11:13:54,14.25558186,11.25558186,0.513593197
14/11/2020 11:13:55,14.05622005,11.05622005,0.513400614
14/11/2020 11:13:56,14.14314175,11.14314175,0.513208032
14/11/2020 11:13:57,14.34250355,11.34250355,0.513015449
14/11/2020 11:13:58,14.5418663,11.5418663,0.512822807
14/11/2020 11:13:59,14.7412281,11.7412281,0.512630224
14/11/2020 11:14:00,14.9405899,11.9405899,0.512437642
14/11/2020 11:14:01,14.930233,11.930233,0.512245059
14/11/2020 11:14:02,14.83084869,11.83084869,0.512052417
14/11/2020 11:14:03,14.73146534,11.73146534,0.511859834
14/11/2020 11:14:04,14.63208103,11.63208103,0.511667252
14/11/2020 11:14:05,14.53269768,11.53269768,0.511474609
14/11/2020 11:14:06,14.43331337,11.43331337,0.511282027
14/11/2020 11:14:07,14.33393002,11.33393002,0.511089444
14/11/2020 11:14:08,14.23454571,11.23454571,0.510896862
14/11/2020 11:14:09,14.13516235,11.13516235,0.510704219
14/11/2020 11:14:10,14.03577805,11.03577805,0.510511637
14/11/2020 11:14:11,14.12838554,11.12838554,0.510319054
14/11/2020 11:14:12,14.32898712,11.32898712,0.510126472
14/11/2020 11:14:13,14.5295887,11.5295887,0.509933829
14/11/2020 11:14:14,14.73019028,11.73019028,0.509741247
14/11/2020 11:14:15,14.93079281,11.93079281,0.509548664
14/11/2020 11:14:16,14.86939144,11.86939144,0.509356022
14/11/2020 11:14:17,14.66998959,11.66998959,0.509163439
14/11/2020 11:14:18,14.47058868,11.47058868,0.508970857
14/11/2020 11:14:19,14.27118683,11.27118683,0.508778274
14/11/2020 11:14:20,14.07178497,11.07178497,0.508585632
14/11/2020 11:14:21,14.12718582,11.06379604,0.508393049
14/11/2020 11:14:22,14.32591438,11.16347694,0.508200467
14/11/2020 11:14:23,14.52464199,11.26315784,0.508007884
14/11/2020 11:14:24,14.72337055,11.36283875,0.507815242
14/11/2020 11:14:25,14.92209816,11.46251965,0.507622659
14/11/2020 11:14:26,14.87839985,11.56220055,0.507430077
14/11/2020 11:14:27,14.67840004,11.6618824,0.507237434
14/11/2020 11:14:28,14.47840023,11.7615633,0.507044852
14/11/2020 11:14:29,14.27840042,11.8612442,0.506852269
14/11/2020 11:14:30,14.07839966,11.9609251,0.506659687
14/11/2020 11:14:31,14.12085056,11.87914944,0.506467044
14/11/2020 11:14:32,14.31961823,11.68038177,0.506274462
14/11/2020 11:14:33,14.51838589,11.48161411,0.506081879
14/11/2020 11:14:34,14.71715355,11.28284645,0.505889297
14/11/2020 11:14:35,14.91592121,11.08407879,0.505696654
14/11/2020 11:14:36,15,11.11398697,0.505504072
14/11/2020 11:14:37,15,11.31153679,0.505311489
14/11/2020 11:14:38,15,11.50908756,0.505118847
14/11/2020 11:14:39,15,11.70663738,0.504926264
14/11/2020 11:14:40,15,11.90418816,0.504733682
14/11/2020 11:14:41,14.89765453,11.89765453,0.504541099
14/11/2020 11:14:42,14.69892693,11.69892693,0.504348457
14/11/2020 11:14:43,14.50019836,11.50019836,0.504155874
14/11/2020 11:14:44,14.30147076,11.30147076,0.503963292
14/11/2020 11:14:45,14.1027422,11.1027422,0.503770709
14/11/2020 11:14:46,14.09631062,11.09631062,0.503578067
14/11/2020 11:14:47,14.29571247,11.29571247,0.503385484
14/11/2020 11:14:48,14.49511433,11.49511433,0.503192902
14/11/2020 11:14:49,14.69451618,11.69451618,0.503000319
14/11/2020 11:14:50,14.89391804,11.89391804,0.502807677
14/11/2020 11:14:51,14.90699482,11.90699482,0.502615094
14/11/2020 11:14:52,14.70826721,11.70826721,0.502422512
14/11/2020 11:14:53,14.50953865,11.50953865,0.502229869
14/11/2020 11:14:54,14.31081104,11.31081104,0.502037287
14/11/2020 11:14:55,14.11208248,11.11208248,0.501844704
14/11/2020 11:14:56,14.04333115,11.04333115,0.501652122
14/11/2020 11:14:57,14.14271545,11.14271545,0.501459479
14/11/2020 11:14:58,14.24209881,11.24209881,0.501266897
14/11/2020 11:14:59,14.34148312,11.34148312,0.501074314
14/11/2020 11:15:00,14.44086647,11.44086647,0.500881732
14/11/2020 11:15:01,14.54025078,11.54025078,0.500689089
14/11/2020 11:15:02,14.63963413,11.63963413,0.500496507
14/11/2020 11:15:03,14.73901844,11.73901844,0.500303924
14/11/2020 11:15:04,14.83840179,11.83840179,0.500111282
14/11/2020 11:15:05,14.9377861,11.9377861,0.499918699
14/11/2020 11:15:06,14.92543888,11.92543888,0.499726117
14/11/2020 11:15:07,14.72607613,11.72607613,0.499533504
14/11/2020 11:15:08,14.52671432,11.52671432,0.499340922
14/11/2020 11:15:09,14.32735252,11.32735252,0.499148309
14/11/2020 11:15:10,14.12799072,11.12799072,0.498955727
14/11/2020 11:15:11,14.07115841,11.07115841,0.498763114
14/11/2020 11:15:12,14.26992607,11.26992607,0.498570532
14/11/2020 11:15:13,14.46869373,11.46869373,0.498377919
14/11/2020 11:15:14,14.6674614,11.6674614,0.498185307
14/11/2020 11:15:15,14.86622906,11.86622906,0.497992724
14/11/2020 11:15:16,14.93480873,11.93480873,0.497800112
14/11/2020 11:15:17,14.73544693,11.73544693,0.497607529
14/11/2020 11:15:18,14.53608418,11.53608418,0.497414917
14/11/2020 11:15:19,14.33672237,11.33672237,0.497222334
14/11/2020 11:15:20,14.13736057,11.13736057,0.497029722
14/11/2020 11:15:21,14.06181717,11,0.496837139
14/11/2020 11:15:22,14.26058483,11,0.496644527
14/11/2020 11:15:23,14.45935249,11,0.496451944
14/11/2020 11:15:24,14.6581192,11,0.496259332
14/11/2020 11:15:25,14.85688686,11,0.496066719
14/11/2020 11:15:26,15,11,0.495874137
14/11/2020 11:15:27,15,11,0.495681524
14/11/2020 11:15:28,15,11,0.495488942
14/11/2020 11:15:29,15,11,0.495296329
14/11/2020 11:15:30,15,11,0.495103747
14/11/2020 11:15:31,14.95070553,11,0.494911134
14/11/2020 11:15:32,14.75193787,11,0.494718552
14/11/2020 11:15:33,14.5531702,11,0.494525939
14/11/2020 11:15:34,14.35440254,11,0.494333357
14/11/2020 11:15:35,14.15563488,11,0.494140744
14/11/2020 11:15:36,14.04353905,11.04353905,0.493948132
14/11/2020 11:15:37,14.24418163,11.24418163,0.493755549
14/11/2020 11:15:38,14.44482327,11.44482327,0.493562937
14/11/2020 11:15:39,14.64546585,11.64546585,0.493370354
14/11/2020 11:15:40,14.84610748,11.84610748,0.493177742
14/11/2020 11:15:41,14.95354843,11.97677231,0.492985159
14/11/2020 11:15:42,14.75418663,11.87708092,0.492792547
14/11/2020 11:15:43,14.55482483,11.77739048,0.492599964
14/11/2020 11:15:44,14.35546207,11.67769909,0.492407352
14/11/2020 11:15:45,14.15610027,11.5780077,0.492214769
14/11/2020 11:15:46,14.02166557,11.47831726,0.492022157
14/11/2020 11:15:47,14.12150574,11.37862587,0.491829544
14/11/2020 11:15:48,14.2213459,11.27893543,0.491636962
14/11/2020 11:15:49,14.32118607,11.17924404,0.491444349
14/11/2020 11:15:50,14.42102623,11.0795536,0.491251767
14/11/2020 11:15:51,14.52086639,11.04039192,0.491059154
14/11/2020 11:15:52,14.62070656,11.24035168,0.490866572
14/11/2020 11:15:53,14.72054672,11.44031239,0.490673959
14/11/2020 11:15:54,14.82038784,11.64027214,0.490481377
14/11/2020 11:15:55,14.920228,11.8402319,0.490288764
14/11/2020 11:15:56,14.95991993,11.95991993,0.490096182
14/11/2020 11:15:57,14.76051807,11.76051807,0.489903569
14/11/2020 11:15:58,14.56111622,11.56111622,0.489710957
14/11/2020 11:15:59,14.36171532,11.36171532,0.489518374
14/11/2020 11:16:00,14.16231346,11.16231346,0.489325762
14/11/2020 11:16:01,14.03662872,11.03662872,0.489133179
14/11/2020 11:16:02,14.23355675,11.23355675,0.488940567
14/11/2020 11:16:03,14.43048477,11.43048477,0.488747984
14/11/2020 11:16:04,14.6274128,11.6274128,0.488555372
14/11/2020 11:16:05,14.82433987,11.82433987,0.488362789
14/11/2020 11:16:06,14.97826481,11.97826481,0.488170177
14/11/2020 11:16:07,14.77701759,11.77701759,0.487977594
14/11/2020 11:16:08,14.57576942,11.57576942,0.487784982
14/11/2020 11:16:09,14.37452221,11.37452221,0.487592399
14/11/2020 11:16:10,14.17327404,11.17327404,0.487399787
14/11/2020 11:16:11,14.01385593,11,0.487207174
14/11/2020 11:16:12,14.11353683,11,0.487014592
14/11/2020 11:16:13,14.21321774,11,0.486821979
14/11/2020 11:16:14,14.31289864,11,0.486629397
14/11/2020 11:16:15,14.41257954,11,0.486436784
14/11/2020 11:16:16,14.51226044,11,0.486244202
14/11/2020 11:16:17,14.61194134,11,0.486051589
14/11/2020 11:16:18,14.71162319,11,0.485859007
14/11/2020 11:16:19,14.81130409,11,0.485666394
14/11/2020 11:16:20,14.91098499,11,0.485473812
14/11/2020 11:16:21,14.9786644,11,0.485281199
14/11/2020 11:16:22,14.77926254,11,0.485088587
14/11/2020 11:16:23,14.57986069,11,0.484896004
14/11/2020 11:16:24,14.38045883,11,0.484703392
14/11/2020 11:16:25,14.18105698,11,0.484510809
14/11/2020 11:16:26,14.01834106,11.01834106,0.484318197
14/11/2020 11:16:27,14.21770382,11.21770382,0.484125614
14/11/2020 11:16:28,14.41706562,11.41706562,0.483933002
14/11/2020 11:16:29,14.61642742,11.61642742,0.483740419
14/11/2020 11:16:30,14.81578922,11.81578922,0.483547807
14/11/2020 11:16:31,14.9848938,11.99241257,0.483355224
14/11/2020 11:16:32,14.78612614,11.89257145,0.483162612
14/11/2020 11:16:33,14.58735847,11.79273129,0.482969999
14/11/2020 11:16:34,14.38859081,11.69289112,0.482777417
14/11/2020 11:16:35,14.18982315,11.59305096,0.482584804
14/11/2020 11:16:36,14.00902748,11.49321079,0.482392222
14/11/2020 11:16:37,14.20962906,11.39337063,0.482199609
14/11/2020 11:16:38,14.41023064,11.29353046,0.482007027
14/11/2020 11:16:39,14.61083221,11.1936903,0.481814414
14/11/2020 11:16:40,14.81143475,11.09385014,0.481621832
14/11/2020 11:16:41,15,11,0.481429219
14/11/2020 11:16:42,15,11,0.481236637
14/11/2020 11:16:43,15,11,0.481044024
14/11/2020 11:16:44,15,11,0.480851412
14/11/2020 11:16:45,15,11,0.480658829
14/11/2020 11:16:46,14.99418163,11,0.480466217
14/11/2020 11:16:47,14.79353905,11,0.480273634
14/11/2020 11:16:48,14.59289742,11,0.480081022
14/11/2020 11:16:49,14.39225483,11,0.479888439
14/11/2020 11:16:50,14.1916132,11,0.479695827
14/11/2020 11:16:51,14.00899982,11.00899982,0.479503244
14/11/2020 11:16:52,14.20899963,11.20899963,0.479310632
14/11/2020 11:16:53,14.4090004,11.4090004,0.479118049
14/11/2020 11:16:54,14.60900021,11.60900021,0.478925437
14/11/2020 11:16:55,14.80900002,11.80900002,0.478732854
14/11/2020 11:16:56,14.99111176,11.99552059,0.478540242
14/11/2020 11:16:57,14.79360104,11.89598846,0.478347629
14/11/2020 11:16:58,14.59608936,11.79645634,0.478155047
14/11/2020 11:16:59,14.39857769,11.69692421,0.477962434
14/11/2020 11:17:00,14.20106697,11.59739208,0.477769852
14/11/2020 11:17:01,14.0035553,11.49785995,0.477577239
14/11/2020 11:17:02,14.19703007,11.39832783,0.477384657
14/11/2020 11:17:03,14.39767265,11.2987957,0.477192044
14/11/2020 11:17:04,14.59831429,11.19926357,0.476999462
14/11/2020 11:17:05,14.79895687,11.09973145,0.476806849
14/11/2020 11:17:06,14.9995985,11.00019932,0.476614267
14/11/2020 11:17:07,15,11.19833088,0.476421654
14/11/2020 11:17:08,15,11.39705849,0.476229042
14/11/2020 11:17:09,15,11.59578705,0.476036459
14/11/2020 11:17:10,15,11.79451466,0.475843847
14/11/2020 11:17:11,15,11.99324322,0.475651264
14/11/2020 11:17:12,14.80799007,11.80799007,0.475458652
14/11/2020 11:17:13,14.60922241,11.60922241,0.475266069
14/11/2020 11:17:14,14.41045475,11.41045475,0.475073457
14/11/2020 11:17:15,14.21168709,11.21168709,0.474880874
14/11/2020 11:17:16,14.01291943,11.01291943,0.474688262
14/11/2020 11:17:17,14.18877411,11.18877411,0.474495679
14/11/2020 11:17:18,14.39067268,11.39067268,0.474303067
14/11/2020 11:17:19,14.5925703,11.5925703,0.474110454
14/11/2020 11:17:20,14.79446793,11.79446793,0.473917872
14/11/2020 11:17:21,14.99636555,11.99636555,0.473725259
14/11/2020 11:17:22,14.80360031,11.80360031,0.473532677
14/11/2020 11:17:23,14.60359955,11.60359955,0.473340064
14/11/2020 11:17:24,14.40359974,11.40359974,0.473147482
14/11/2020 11:17:25,14.20359993,11.20359993,0.472954869
14/11/2020 11:17:26,14.00360012,11.00360012,0.472762287
14/11/2020 11:17:27,14.09804344,11.09804344,0.472569674
14/11/2020 11:17:28,14.19788361,11.19788361,0.472377092
14/11/2020 11:17:29,14.29772377,11.29772377,0.472184479
14/11/2020 11:17:30,14.39756393,11.39756393,0.471991867
14/11/2020 11:17:31,14.4974041,11.4974041,0.471799284
14/11/2020 11:17:32,14.59724426,11.59724426,0.471606672
14/11/2020 11:17:33,14.69708443,11.69708443,0.471414089
14/11/2020 11:17:34,14.79692459,11.79692459,0.471221477
14/11/2020 11:17:35,14.89676476,11.89676476,0.471028894
14/11/2020 11:17:36,14.99660587,11.99660587,0.470836282
14/11/2020 11:17:37,14.80799007,11.80799007,0.470643699
14/11/2020 11:17:38,14.60922241,11.60922241,0.470451087
14/11/2020 11:17:39,14.41045475,11.41045475,0.470258504
14/11/2020 11:17:40,14.21168709,11.21168709,0.470065892
14/11/2020 11:17:41,14.01291943,11.01291943,0.469873309
14/11/2020 11:17:42,14.18700027,11.18700027,0.469680697
14/11/2020 11:17:43,14.38700008,11.38700008,0.469488084
14/11/2020 11:17:44,14.58699989,11.58699989,0.469295502
14/11/2020 11:17:45,14.7869997,11.7869997,0.469102889
14/11/2020 11:17:46,14.98700047,11.98700047,0.468910307
14/11/2020 11:17:47,14.81299973,11.81299973,0.468717694
14/11/2020 11:17:48,14.61299992,11.61299992,0.468525112
14/11/2020 11:17:49,14.41300011,11.41300011,0.468332499
14/11/2020 11:17:50,14.2130003,11.2130003,0.468139917
14/11/2020 11:17:51,14.01299953,11.01299953,0.467947304
14/11/2020 11:17:52,14.18640327,11.18640327,0.467754722
14/11/2020 11:17:53,14.38576508,11.38576508,0.467562109
14/11/2020 11:17:54,14.58512783,11.58512783,0.467369497
14/11/2020 11:17:55,14.78448963,11.78448963,0.467176914
14/11/2020 11:17:56,14.98385143,11.98385143,0.466984302
14/11/2020 11:17:57,15,11.90823746,0.466791719
14/11/2020 11:17:58,15,11.80838776,0.466599107
14/11/2020 11:17:59,15,11.7085371,0.466406524
14/11/2020 11:18:00,15,11.6086874,0.466213912
14/11/2020 11:18:01,15,11.50883675,0.466021329
14/11/2020 11:18:02,14.8218298,11.40898609,0.465828717
14/11/2020 11:18:03,14.62118816,11.30913639,0.465636134
14/11/2020 11:18:04,14.42054558,11.20928574,0.465443522
14/11/2020 11:18:05,14.21990395,11.10943604,0.465250909
14/11/2020 11:18:06,14.01926136,11.00958538,0.465058327
14/11/2020 11:18:07,14.1807642,11.1807642,0.464865714
14/11/2020 11:18:08,14.38072395,11.38072395,0.464673132
14/11/2020 11:18:09,14.58068371,11.58068371,0.464480519
14/11/2020 11:18:10,14.78064346,11.78064346,0.464287937
14/11/2020 11:18:11,14.98060417,11.98060417,0.464095324
14/11/2020 11:18:12,14.82217407,11.82217407,0.463902742
14/11/2020 11:18:13,14.62524605,11.62524605,0.463710129
14/11/2020 11:18:14,14.42831802,11.42831802,0.463517547
14/11/2020 11:18:15,14.23139,11.23139,0.463324934
14/11/2020 11:18:16,14.03446198,11.03446198,0.463132322
14/11/2020 11:18:17,14.16552925,11.16552925,0.462939739
14/11/2020 11:18:18,14.36617184,11.36617184,0.462747127
14/11/2020 11:18:19,14.56681347,11.56681347,0.462554544
14/11/2020 11:18:20,14.76745605,11.76745605,0.462361932
14/11/2020 11:18:21,14.96809769,11.96809769,0.462169349
14/11/2020 11:18:22,15,12,0.461976737
14/11/2020 11:18:23,15,12,0.461784154
14/11/2020 11:18:24,15,12,0.461591542
14/11/2020 11:18:25,15,12,0.461398959
14/11/2020 11:18:26,15,12,0.461206347
14/11/2020 11:18:27,14.83601665,11.83601665,0.461013764
14/11/2020 11:18:28,14.63724899,11.63724899,0.460821152
14/11/2020 11:18:29,14.43848133,11.43848133,0.460628539
14/11/2020 11:18:30,14.23971367,11.23971367,0.460435957
14/11/2020 11:18:31,14.04094601,11.04094601,0.460243344
14/11/2020 11:18:32,14.15880013,11.15880013,0.460050762
14/11/2020 11:18:33,14.35879993,11.35879993,0.459858149
14/11/2020 11:18:34,14.55879974,11.55879974,0.459665567
14/11/2020 11:18:35,14.75879955,11.75879955,0.459472954
14/11/2020 11:18:36,14.95880032,11.95880032,0.459280372
14/11/2020 11:18:37,14.84170628,11.84170628,0.459087759
14/11/2020 11:18:38,14.64234447,11.64234447,0.458895177
14/11/2020 11:18:39,14.44298267,11.44298267,0.458702564
14/11/2020 11:18:40,14.24362087,11.24362087,0.458509952
14/11/2020 11:18:41,14.04425812,11.04425812,0.458317369
14/11/2020 11:18:42,14.07719803,11,0.458124757
14/11/2020 11:18:43,14.17642403,11,0.457932174
14/11/2020 11:18:44,14.27565002,11,0.457739562
14/11/2020 11:18:45,14.37487602,11,0.457546979
14/11/2020 11:18:46,14.47410202,11,0.457354367
14/11/2020 11:18:47,14.57332802,11.14529896,0.457161784
14/11/2020 11:18:48,14.67255402,11.34406662,0.456969172
14/11/2020 11:18:49,14.77178001,11.54283428,0.456776589
14/11/2020 11:18:50,14.87100601,11.74160194,0.456583977
14/11/2020 11:18:51,14.97023201,11.94036961,0.456391364
14/11/2020 11:18:52,14.86044693,11.86044693,0.456198782
14/11/2020 11:18:53,14.66108418,11.66108418,0.456006169
14/11/2020 11:18:54,14.46172237,11.46172237,0.455813587
14/11/2020 11:18:55,14.26236057,11.26236057,0.455620974
14/11/2020 11:18:56,14.06299877,11.06299877,0.455428392
14/11/2020 11:18:57,14.13595676,11.13595676,0.455235779
14/11/2020 11:18:58,14.33472443,11.33472443,0.455043197
14/11/2020 11:18:59,14.53349209,11.53349209,0.454850584
14/11/2020 11:19:00,14.73225975,11.73225975,0.454658002
14/11/2020 11:19:01,14.93102741,11.93102741,0.454465389
14/11/2020 11:19:02,14.86940002,11.86940002,0.454272777
14/11/2020 11:19:03,14.66940022,11.66940022,0.454080194
14/11/2020 11:19:04,14.46940041,11.46940041,0.453887582
14/11/2020 11:19:05,14.26939964,11.26939964,0.453694999
14/11/2020 11:19:06,14.06939983,11.06939983,0.453502387
14/11/2020 11:19:07,14.06499481,11.12897491,0.453309804
14/11/2020 11:19:08,14.16452694,11.32648659,0.453117192
14/11/2020 11:19:09,14.26405907,11.52399731,0.452924609
14/11/2020 11:19:10,14.36359119,11.72150898,0.452731997
14/11/2020 11:19:11,14.46312332,11.91902065,0.452539414
14/11/2020 11:19:12,14.56265545,11.88162136,0.452346802
14/11/2020 11:19:13,14.66218758,11.68097878,0.452154219
14/11/2020 11:19:14,14.7617197,11.48033714,0.451961607
14/11/2020 11:19:15,14.86125183,11.27969456,0.451768994
14/11/2020 11:19:16,14.96078396,11.07905293,0.451576412
14/11/2020 11:19:17,14.88066196,11,0.451383799
14/11/2020 11:19:18,14.68373394,11,0.451191217
14/11/2020 11:19:19,14.48680592,11,0.450998604
14/11/2020 11:19:20,14.28987789,11,0.450806022
14/11/2020 11:19:21,14.09294987,11,0.450613409
14/11/2020 11:19:22,14.10660172,11.10660172,0.450420827
14/11/2020 11:19:23,14.30850029,11.30850029,0.450228214
14/11/2020 11:19:24,14.51039791,11.51039791,0.450035632
14/11/2020 11:19:25,14.71229553,11.71229553,0.449843019
14/11/2020 11:19:26,14.91419315,11.91419315,0.449650407
14/11/2020 11:19:27,15,11.8857317,0.449457824
14/11/2020 11:19:28,15,11.68700314,0.449265212
14/11/2020 11:19:29,15,11.48827457,0.449072629
14/11/2020 11:19:30,15,11.28954697,0.448880017
14/11/2020 11:19:31,15,11.09081841,0.448687434
14/11/2020 11:19:32,15,11.10859966,0.448494822
14/11/2020 11:19:33,15,11.30860043,0.448302239
14/11/2020 11:19:34,15,11.50860023,0.448109627
14/11/2020 11:19:35,15,11.70860004,0.447917044
14/11/2020 11:19:36,15,11.90859985,0.447724432
14/11/2020 11:19:37,14.89241123,11.94578171,0.447531819
14/11/2020 11:19:38,14.69427395,11.84593105,0.447339237
14/11/2020 11:19:39,14.49613667,11.74608135,0.447146624
14/11/2020 11:19:40,14.29799843,11.6462307,0.446954042
14/11/2020 11:19:41,14.09986115,11.54638004,0.446761429
14/11/2020 11:19:42,14.09983921,11.44653034,0.446568847
14/11/2020 11:19:43,14.30112743,11.34667969,0.446376234
14/11/2020 11:19:44,14.50241566,11.24682999,0.446183652
14/11/2020 11:19:45,14.70370388,11.14697933,0.445991039
14/11/2020 11:19:46,14.9049921,11.04712963,0.445798457
14/11/2020 11:19:47,15,11.10526276,0.445605844
14/11/2020 11:19:48,15,11.30462551,0.445413232
14/11/2020 11:19:49,15,11.50398731,0.445220649
14/11/2020 11:19:50,15,11.70334911,0.445028037
14/11/2020 11:19:51,15,11.90271091,0.444835454
14/11/2020 11:19:52,14.89727116,11.89727116,0.444642842
14/11/2020 11:19:53,14.69662952,11.69662952,0.444450259
14/11/2020 11:19:54,14.49598694,11.49598694,0.444257647
14/11/2020 11:19:55,14.29534531,11.29534531,0.444065064
14/11/2020 11:19:56,14.09470272,11.09470272,0.443872452
14/11/2020 11:19:57,14.0527153,11.10526276,0.443679869
14/11/2020 11:19:58,14.15255547,11.30462551,0.443487257
14/11/2020 11:19:59,14.25239658,11.50398731,0.443294644
14/11/2020 11:20:00,14.35223675,11.70334911,0.443102062
14/11/2020 11:20:01,14.45207691,11.90271091,0.442909449
14/11/2020 11:20:02,14.55191708,11.89760017,0.442716867
14/11/2020 11:20:03,14.65175724,11.69760036,0.442524254
14/11/2020 11:20:04,14.7515974,11.4975996,0.442331672
14/11/2020 11:20:05,14.85143757,11.29759979,0.442139059
14/11/2020 11:20:06,14.95127773,11.09759998,0.441946477
14/11/2020 11:20:07,14.89823055,11,0.441753864
14/11/2020 11:20:08,14.69946289,11,0.441561282
14/11/2020 11:20:09,14.50069523,11,0.441368669
14/11/2020 11:20:10,14.30192852,11,0.441176087
14/11/2020 11:20:11,14.10316086,11,0.440983474
14/11/2020 11:20:12,14.04794693,11.09558868,0.440790862
14/11/2020 11:20:13,14.14762783,11.29431629,0.440598279
14/11/2020 11:20:14,14.24730873,11.49304485,0.440405667
14/11/2020 11:20:15,14.34698963,11.69177246,0.440213084
14/11/2020 11:20:16,14.44667053,11.89050102,0.440020472
14/11/2020 11:20:17,14.54635143,11.91020012,0.439827889
14/11/2020 11:20:18,14.64603233,11.71020031,0.439635277
14/11/2020 11:20:19,14.74571419,11.51019955,0.439442694
14/11/2020 11:20:20,14.84539509,11.31019974,0.439250082
14/11/2020 11:20:21,14.94507599,11.11019993,0.439057499
14/11/2020 11:20:22,15,11.08924675,0.438864887
14/11/2020 11:20:23,15,11.28801441,0.438672274
14/11/2020 11:20:24,15,11.48678207,0.438479692
14/11/2020 11:20:25,15,11.68554974,0.438287079
14/11/2020 11:20:26,15,11.8843174,0.438094497
14/11/2020 11:20:27,15,11.91613197,0.437901884
14/11/2020 11:20:28,15,11.71548939,0.437709302
14/11/2020 11:20:29,15,11.51484776,0.437516689
14/11/2020 11:20:30,15,11.31420517,0.437324107
14/11/2020 11:20:31,15,11.11356354,0.437131494
14/11/2020 11:20:32,14.91347694,11,0.436938912
14/11/2020 11:20:33,14.71411514,11,0.436746299
14/11/2020 11:20:34,14.51475239,11,0.436553687
14/11/2020 11:20:35,14.31539059,11,0.436361104
14/11/2020 11:20:36,14.11602879,11,0.436168492
14/11/2020 11:20:37,14.08333302,11.08333302,0.435975909
14/11/2020 11:20:38,14.28269577,11.28269577,0.435783297
14/11/2020 11:20:39,14.48205757,11.48205757,0.435590714
14/11/2020 11:20:40,14.68141937,11.68141937,0.435398102
14/11/2020 11:20:41,14.88078117,11.88078117,0.435205519
14/11/2020 11:20:42,14.92058468,11.92058468,0.435012907
14/11/2020 11:20:43,14.72303391,11.72303391,0.434820324
14/11/2020 11:20:44,14.52548409,11.52548409,0.434627712
14/11/2020 11:20:45,14.32793331,11.32793331,0.434435099
14/11/2020 11:20:46,14.13038349,11.13038349,0.434242517
14/11/2020 11:20:47,14.06778336,11.06778336,0.434049904
14/11/2020 11:20:48,14.26714516,11.26714516,0.433857322
14/11/2020 11:20:49,14.46650696,11.46650696,0.433664709
14/11/2020 11:20:50,14.66586876,11.66586876,0.433472127
14/11/2020 11:20:51,14.86523151,11.86523151,0.433279514
14/11/2020 11:20:52,15,11.9677515,0.433086932
14/11/2020 11:20:53,15,11.86821938,0.432894319
14/11/2020 11:20:54,15,11.76868725,0.432701737
14/11/2020 11:20:55,15,11.66915512,0.432509124
14/11/2020 11:20:56,15,11.56962299,0.432316542
14/11/2020 11:20:57,15,11.47009087,0.432123929
14/11/2020 11:20:58,15,11.37055874,0.431931317
14/11/2020 11:20:59,15,11.27102661,0.431738734
14/11/2020 11:21:00,15,11.17149353,0.431546122
14/11/2020 11:21:01,15,11.0719614,0.431353539
14/11/2020 11:21:02,15,11.05488396,0.431160927
14/11/2020 11:21:03,15,11.25302124,0.430968344
14/11/2020 11:21:04,15,11.45115948,0.430775732
14/11/2020 11:21:05,15,11.64929676,0.430583149
14/11/2020 11:21:06,15,11.84743404,0.430390537
14/11/2020 11:21:07,14.95414639,11.95414639,0.430197954
14/11/2020 11:21:08,14.75478458,11.75478458,0.430005342
14/11/2020 11:21:09,14.55542278,11.55542278,0.429812729
14/11/2020 11:21:10,14.35606098,11.35606098,0.429620147
14/11/2020 11:21:11,14.15669823,11.15669823,0.429427534
14/11/2020 11:21:12,14.0424099,11.0424099,0.429234952
14/11/2020 11:21:13,14.24058628,11.24058628,0.429042339
14/11/2020 11:21:14,14.43876362,11.43876362,0.428849757
14/11/2020 11:21:15,14.63694,11.63694,0.428657144
14/11/2020 11:21:16,14.83511734,11.83511734,0.428464562
14/11/2020 11:21:17,15,12,0.428271949
14/11/2020 11:21:18,15,12,0.428079367
14/11/2020 11:21:19,15,12,0.427886754
14/11/2020 11:21:20,15,12,0.427694142
14/11/2020 11:21:21,15,12,0.427501559
14/11/2020 11:21:22,14.97595406,11.97595406,0.427308947
14/11/2020 11:21:23,14.77722549,11.77722549,0.427116364
14/11/2020 11:21:24,14.57849789,11.57849789,0.426923752
14/11/2020 11:21:25,14.37976933,11.37976933,0.426731169
14/11/2020 11:21:26,14.18104172,11.18104172,0.426538557
14/11/2020 11:21:27,14.01769066,11.01769066,0.426345974
14/11/2020 11:21:28,14.21645832,11.21645832,0.426153362
14/11/2020 11:21:29,14.41522598,11.41522598,0.425960779
14/11/2020 11:21:30,14.61399364,11.61399364,0.425768167
14/11/2020 11:21:31,14.81276131,11.81276131,0.425575554
14/11/2020 11:21:32,15,11.98847103,0.425382972
14/11/2020 11:21:33,15,11.78970337,0.425190359
14/11/2020 11:21:34,15,11.59093666,0.424997777
14/11/2020 11:21:35,15,11.392169,0.424805164
14/11/2020 11:21:36,15,11.19340134,0.424612582
14/11/2020 11:21:37,15,11.00535011,0.424419969
14/11/2020 11:21:38,15,11.2034874,0.424227387
14/11/2020 11:21:39,15,11.40162468,0.424034774
14/11/2020 11:21:40,15,11.59976196,0.423842192
14/11/2020 11:21:41,15,11.7979002,0.423649579
14/11/2020 11:21:42,15,11.99603748,0.423456997
14/11/2020 11:21:43,15,12,0.423264384
14/11/2020 11:21:44,15,12,0.423071772
14/11/2020 11:21:45,15,12,0.422879189
14/11/2020 11:21:46,15,12,0.422686577
14/11/2020 11:21:47,15,12,0.422493994
14/11/2020 11:21:48,14.819417,11.819417,0.422301382
14/11/2020 11:21:49,14.62248898,11.62248898,0.422108799
14/11/2020 11:21:50,14.42556095,11.42556095,0.421916187
14/11/2020 11:21:51,14.22863293,11.22863293,0.421723604
14/11/2020 11:21:52,14.03170586,11.03170586,0.421530992
14/11/2020 11:21:53,14.16574478,11.16574478,0.421338409
14/11/2020 11:21:54,14.36329556,11.36329556,0.421145797
14/11/2020 11:21:55,14.56084538,11.56084538,0.420953184
14/11/2020 11:21:56,14.75839615,11.75839615,0.420760602
14/11/2020 11:21:57,14.95594597,11.95594597,0.420567989
14/11/2020 11:21:58,14.84558868,11.84558868,0.420375407
14/11/2020 11:21:59,14.64686012,11.64686012,0.420182794
14/11/2020 11:22:00,14.44813156,11.44813156,0.419990212
14/11/2020 11:22:01,14.24940395,11.24940395,0.419797599
14/11/2020 11:22:02,14.05067539,11.05067539,0.419605017
14/11/2020 11:22:03,14.14808178,11.14808178,0.419412404
14/11/2020 11:22:04,14.34684944,11.34684944,0.419219822
14/11/2020 11:22:05,14.5456171,11.5456171,0.419027209
14/11/2020 11:22:06,14.74438477,11.74438477,0.418834597
14/11/2020 11:22:07,14.94315243,11.94315243,0.418642014
14/11/2020 11:22:08,15,12,0.418449402
14/11/2020 11:22:09,15,12,0.418256819
14/11/2020 11:22:10,15,12,0.418064207
14/11/2020 11:22:11,15,12,0.417871624
14/11/2020 11:22:12,15,12,0.417679012
14/11/2020 11:22:13,15,11.8674221,0.417486429
14/11/2020 11:22:14,15,11.66865444,0.417293817
14/11/2020 11:22:15,15,11.46988678,0.417101234
14/11/2020 11:22:16,15,11.27111912,0.416908622
14/11/2020 11:22:17,15,11.07235146,0.416716009
14/11/2020 11:22:18,15,11.12561703,0.416523427
14/11/2020 11:22:19,15,11.3231287,0.416330814
14/11/2020 11:22:20,15,11.52064037,0.416138232
14/11/2020 11:22:21,15,11.71815109,0.415945619
14/11/2020 11:22:22,15,11.91566277,0.415753037
14/11/2020 11:22:23,14.88574314,11.88574314,0.415560424
14/11/2020 11:22:24,14.68634129,11.68634129,0.415367842
14/11/2020 11:22:25,14.48693943,11.48693943,0.415175229
14/11/2020 11:22:26,14.28753757,11.28753757,0.414982647
14/11/2020 11:22:27,14.08813572,11.08813572,0.414790034
14/11/2020 11:22:28,14.11089039,11.05545044,0.414597452
14/11/2020 11:22:29,14.309618,11.15482426,0.414404839
14/11/2020 11:22:30,14.50834656,11.25419807,0.414212227
14/11/2020 11:22:31,14.70707512,11.35357285,0.414019644
14/11/2020 11:22:32,14.90580273,11.45294666,0.413827032
14/11/2020 11:22:33,14.89544868,11.55232048,0.413634449
14/11/2020 11:22:34,14.69668102,11.6516943,0.413441837
14/11/2020 11:22:35,14.49791336,11.75106812,0.413249254
14/11/2020 11:22:36,14.2991457,11.85044193,0.413056642
14/11/2020 11:22:37,14.10037804,11.94981575,0.412864059
14/11/2020 11:22:38,14,11.90252113,0.412671447
14/11/2020 11:22:39,14,11.70559311,0.412478864
14/11/2020 11:22:40,14,11.50866508,0.412286252
14/11/2020 11:22:41,14,11.31173706,0.412093639
14/11/2020 11:22:42,14,11.11480904,0.411901057
14/11/2020 11:22:43,14.08288574,11.08288574,0.411708444
14/11/2020 11:22:44,14.2816534,11.2816534,0.411515862
14/11/2020 11:22:45,14.48042107,11.48042107,0.411323249
14/11/2020 11:22:46,14.67918873,11.67918873,0.411130667
14/11/2020 11:22:47,14.87795639,11.87795639,0.410938054
14/11/2020 11:22:48,14.92329121,11.92329121,0.410745472
14/11/2020 11:22:49,14.72456264,11.72456264,0.410552859
14/11/2020 11:22:50,14.52583504,11.52583504,0.410360277
14/11/2020 11:22:51,14.32710648,11.32710648,0.410167664
14/11/2020 11:22:52,14.12837791,11.12837791,0.409975052
14/11/2020 11:22:53,14.070364,11.070364,0.409782469
14/11/2020 11:22:54,14.26913166,11.26913166,0.409589857
14/11/2020 11:22:55,14.46789932,11.46789932,0.409397274
14/11/2020 11:22:56,14.66666698,11.66666698,0.409204662
14/11/2020 11:22:57,14.86543465,11.86543465,0.409012079
14/11/2020 11:22:58,14.93579769,11.93579769,0.408819467
14/11/2020 11:22:59,14.73703003,11.73703003,0.408626884
14/11/2020 11:23:00,14.53826237,11.53826237,0.408434272
14/11/2020 11:23:01,14.33949471,11.33949471,0.408241689
14/11/2020 11:23:02,14.14072704,11.14072704,0.408049077
14/11/2020 11:23:03,14.0289278,11,0.407856464
14/11/2020 11:23:04,14.12799644,11,0.407663882
14/11/2020 11:23:05,14.22706604,11,0.407471269
14/11/2020 11:23:06,14.32613468,11,0.407278687
14/11/2020 11:23:07,14.42520332,11,0.407086074
14/11/2020 11:23:08,14.52427197,11.04551792,0.406893492
14/11/2020 11:23:09,14.62334061,11.24428558,0.406700879
14/11/2020 11:23:10,14.72240925,11.44305325,0.406508297
14/11/2020 11:23:11,14.82147789,11.64182091,0.406315684
14/11/2020 11:23:12,14.92054653,11.84058857,0.406123102
14/11/2020 11:23:13,14.96052647,11.96052647,0.405930489
14/11/2020 11:23:14,14.76116467,11.76116467,0.405737877
14/11/2020 11:23:15,14.56180191,11.56180191,0.405545294
14/11/2020 11:23:16,14.36244011,11.36244011,0.405352682
14/11/2020 11:23:17,14.16307831,11.16307831,0.405160099
14/11/2020 11:23:18,14.03639984,11.03639984,0.404967487
14/11/2020 11:23:19,14.23639965,11.23639965,0.404774904
14/11/2020 11:23:20,14.43640041,11.43640041,0.404582292
14/11/2020 11:23:21,14.63640022,11.63640022,0.404389709
14/11/2020 11:23:22,14.83640003,11.83640003,0.404197097
14/11/2020 11:23:23,14.96371651,11.96371651,0.404004514
14/11/2020 11:23:24,14.76435375,11.76435375,0.403811902
14/11/2020 11:23:25,14.56499195,11.56499195,0.403619319
14/11/2020 11:23:26,14.36563015,11.36563015,0.403426707
14/11/2020 11:23:27,14.16626835,11.16626835,0.403234094
14/11/2020 11:23:28,14,11,0.403041512
14/11/2020 11:23:29,14,11,0.402848899
14/11/2020 11:23:30,14,11,0.402656317
14/11/2020 11:23:31,14,11,0.402463704
14/11/2020 11:23:32,14,11,0.402271122
14/11/2020 11:23:33,14.0237999,11.0237999,0.402078509
14/11/2020 11:23:34,14.22379971,11.22379971,0.401885927
14/11/2020 11:23:35,14.42380047,11.42380047,0.401693314
14/11/2020 11:23:36,14.62380028,11.62380028,0.401500732
14/11/2020 11:23:37,14.82380009,11.82380009,0.401308119
14/11/2020 11:23:38,14.97634697,11.97634697,0.401115507
14/11/2020 11:23:39,14.77757931,11.77757931,0.400922924
14/11/2020 11:23:40,14.57881165,11.57881165,0.400730312
14/11/2020 11:23:41,14.38004398,11.38004398,0.400537729
14/11/2020 11:23:42,14.18127632,11.18127632,0.400345117
14/11/2020 11:23:43,14.01754379,11.01754379,0.400152534
14/11/2020 11:23:44,14.21690559,11.21690559,0.399959922
14/11/2020 11:23:45,14.41626835,11.41626835,0.399767339
14/11/2020 11:23:46,14.61563015,11.61563015,0.399574727
14/11/2020 11:23:47,14.81499195,11.81499195,0.399382144
14/11/2020 11:23:48,14.9928112,11.9928112,0.399189532
14/11/2020 11:23:49,14.89296055,11.89296055,0.398996919
14/11/2020 11:23:50,14.79310989,11.79310989,0.398804337
14/11/2020 11:23:51,14.69326019,11.69326019,0.398611724
14/11/2020 11:23:52,14.59340954,11.59340954,0.398419142
14/11/2020 11:23:53,14.49355984,11.49355984,0.398226529
14/11/2020 11:23:54,14.39370918,11.39370918,0.398033947
14/11/2020 11:23:55,14.29385948,11.29385948,0.397841334
14/11/2020 11:23:56,14.19400883,11.19400883,0.397648752
14/11/2020 11:23:57,14.09415913,11.09415913,0.397456139
14/11/2020 11:23:58,14.01136398,11.01136398,0.397263557
14/11/2020 11:23:59,14.21072578,11.21072578,0.397070944
14/11/2020 11:24:00,14.41008759,11.41008759,0.396878332
14/11/2020 11:24:01,14.60944939,11.60944939,0.396685749
14/11/2020 11:24:02,14.80881214,11.80881214,0.396493137
14/11/2020 11:24:03,14.99180031,11.99180031,0.396300554
14/11/2020 11:24:04,14.79179955,11.79179955,0.396107942
14/11/2020 11:24:05,14.59179974,11.59179974,0.395915359
14/11/2020 11:24:06,14.39179993,11.39179993,0.395722747
14/11/2020 11:24:07,14.19180012,11.19180012,0.395530164
14/11/2020 11:24:08,14.00817394,11.00817394,0.395337552
14/11/2020 11:24:09,14.20753574,11.20753574,0.395144969
14/11/2020 11:24:10,14.40689754,11.40689754,0.394952357
14/11/2020 11:24:11,14.6062603,11.6062603,0.394759774
14/11/2020 11:24:12,14.8056221,11.8056221,0.394567162
14/11/2020 11:24:13,14.99499989,11.99499989,0.394374549
14/11/2020 11:24:14,14.79500008,11.79500008,0.394181967
14/11/2020 11:24:15,14.59500027,11.59500027,0.393989354
14/11/2020 11:24:16,14.39500046,11.39500046,0.393796772
14/11/2020 11:24:17,14.19499969,11.19499969,0.393604159
14/11/2020 11:24:18,14.00498486,11,0.393411577
14/11/2020 11:24:19,14.20438671,11,0.393218964
14/11/2020 11:24:20,14.40378857,11,0.393026382
14/11/2020 11:24:21,14.60319042,11,0.392833769
14/11/2020 11:24:22,14.80259228,11,0.392641187
14/11/2020 11:24:23,15,11.00199318,0.392448574
14/11/2020 11:24:24,15,11.20135593,0.392255962
14/11/2020 11:24:25,15,11.40071774,0.392063379
14/11/2020 11:24:26,15,11.60007954,0.391870767
14/11/2020 11:24:27,15,11.79944134,0.391678184
14/11/2020 11:24:28,15,11.99880409,0.391485572
14/11/2020 11:24:29,14.80183411,11.80183411,0.391292989
14/11/2020 11:24:30,14.60247231,11.60247231,0.391100377
14/11/2020 11:24:31,14.4031105,11.4031105,0.390907794
14/11/2020 11:24:32,14.20374775,11.20374775,0.390715182
14/11/2020 11:24:33,14.00438595,11.00438595,0.390522599
14/11/2020 11:24:34,14.09765339,11.19439507,0.390329987
14/11/2020 11:24:35,14.19750404,11.39316273,0.390137374
14/11/2020 11:24:36,14.29735374,11.59193039,0.389944792
14/11/2020 11:24:37,14.3972044,11.79069805,0.389752179
14/11/2020 11:24:38,14.4970541,11.98946571,0.389559597
14/11/2020 11:24:39,14.59690475,11.80999184,0.389366984
14/11/2020 11:24:40,14.69675446,11.6093502,0.389174402
14/11/2020 11:24:41,14.79660511,11.40870762,0.388981789
14/11/2020 11:24:42,14.89645576,11.20806599,0.388789207
14/11/2020 11:24:43,14.99630547,11.0074234,0.388596594
14/11/2020 11:24:44,14.80801392,11,0.388404012
14/11/2020 11:24:45,14.60865211,11,0.388211399
14/11/2020 11:24:46,14.40929031,11,0.388018787
14/11/2020 11:24:47,14.20992851,11,0.387826204
14/11/2020 11:24:48,14.01056576,11,0.387633592
14/11/2020 11:24:49,14.18879604,11.18879604,0.387441009
14/11/2020 11:24:50,14.38815784,11.38815784,0.387248397
14/11/2020 11:24:51,14.58751965,11.58751965,0.387055814
14/11/2020 11:24:52,14.7868824,11.7868824,0.386863202
14/11/2020 11:24:53,14.9862442,11.9862442,0.386670619
14/11/2020 11:24:54,14.81379986,11.81379986,0.386478007
14/11/2020 11:24:55,14.61380005,11.61380005,0.386285424
14/11/2020 11:24:56,14.41380024,11.41380024,0.386092812
14/11/2020 11:24:57,14.21380043,11.21380043,0.385900229
14/11/2020 11:24:58,14.01379967,11.01379967,0.385707617
14/11/2020 11:24:59,14.09281254,11.18334007,0.385515004
14/11/2020 11:25:00,14.19250298,11.3802681,0.385322422
14/11/2020 11:25:01,14.29219437,11.57719612,0.385129809
14/11/2020 11:25:02,14.3918848,11.77412415,0.384937227
14/11/2020 11:25:03,14.49157619,11.97105122,0.384744614
14/11/2020 11:25:04,14.59126663,11.82778072,0.384552032
14/11/2020 11:25:05,14.69095802,11.6258831,0.384359419
14/11/2020 11:25:06,14.79064941,11.42398548,0.384166837
14/11/2020 11:25:07,14.89033985,11.22208786,0.383974224
14/11/2020 11:25:08,14.99003124,11.02019024,0.383781642
14/11/2020 11:25:09,14.81999969,11,0.383589029
14/11/2020 11:25:10,14.61999989,11,0.383396417
14/11/2020 11:25:11,14.42000008,11,0.383203834
14/11/2020 11:25:12,14.22000027,11,0.383011222
14/11/2020 11:25:13,14.02000046,11,0.382818639
14/11/2020 11:25:14,14.17942619,11.17942619,0.382626027
14/11/2020 11:25:15,14.37878799,11.37878799,0.382433444
14/11/2020 11:25:16,14.5781498,11.5781498,0.382240832
14/11/2020 11:25:17,14.7775116,11.7775116,0.382048249
14/11/2020 11:25:18,14.97687435,11.97687435,0.381855637
14/11/2020 11:25:19,14.82591534,11.82591534,0.381663054
14/11/2020 11:25:20,14.62898827,11.62898827,0.381470442
14/11/2020 11:25:21,14.43206024,11.43206024,0.381277829
14/11/2020 11:25:22,14.23513222,11.23513222,0.381085247
14/11/2020 11:25:23,14.03820419,11.03820419,0.380892634
14/11/2020 11:25:24,14.16325665,11.16325665,0.380700052
14/11/2020 11:25:25,14.36580944,11.36580944,0.380507439
14/11/2020 11:25:26,14.56836128,11.56836128,0.380314857
14/11/2020 11:25:27,14.77091312,11.77091312,0.380122244
14/11/2020 11:25:28,14.97346592,11.97346592,0.379929662
14/11/2020 11:25:29,14.82675457,11.82675457,0.379737049
14/11/2020 11:25:30,14.62739277,11.62739277,0.379544467
14/11/2020 11:25:31,14.42803001,11.42803001,0.379351854
14/11/2020 11:25:32,14.22866821,11.22866821,0.379159242
14/11/2020 11:25:33,14.02930641,11.02930641,0.378966659
14/11/2020 11:25:34,14,11,0.378774047
14/11/2020 11:25:35,14,11,0.378581464
14/11/2020 11:25:36,14,11,0.378388852
14/11/2020 11:25:37,14,11,0.378196269
14/11/2020 11:25:38,14,11,0.378003657
14/11/2020 11:25:39,14.16335487,11,0.377811074
14/11/2020 11:25:40,14.36208248,11,0.377618462
14/11/2020 11:25:41,14.56081104,11,0.377425879
14/11/2020 11:25:42,14.75953865,11,0.377233267
14/11/2020 11:25:43,14.95826721,11,0.377040684
14/11/2020 11:25:44,14.84297371,11,0.376848072
14/11/2020 11:25:45,14.64420605,11,0.376655459
14/11/2020 11:25:46,14.44543839,11,0.376462877
14/11/2020 11:25:47,14.24667072,11,0.376270264
14/11/2020 11:25:48,14.04790306,11,0.376077682
14/11/2020 11:25:49,14.15131569,11.15131569,0.375885069
14/11/2020 11:25:50,14.35067749,11.35067749,0.375692487
14/11/2020 11:25:51,14.55004025,11.55004025,0.375499874
14/11/2020 11:25:52,14.74940205,11.74940205,0.375307292
14/11/2020 11:25:53,14.94876385,11.94876385,0.375114679
14/11/2020 11:25:54,14.85278416,11.85278416,0.374922097
14/11/2020 11:25:55,14.65464592,11.65464592,0.374729484
14/11/2020 11:25:56,14.45650864,11.45650864,0.374536872
14/11/2020 11:25:57,14.25837135,11.25837135,0.374344289
14/11/2020 11:25:58,14.06023407,11.06023407,0.374151677
14/11/2020 11:25:59,14.06917095,11.06917095,0.373959094
14/11/2020 11:26:00,14.16855526,11.16855526,0.373766482
14/11/2020 11:26:01,14.26793861,11.26793861,0.373573899
14/11/2020 11:26:02,14.36732292,11.36732292,0.373381287
14/11/2020 11:26:03,14.46670628,11.46670628,0.373188704
14/11/2020 11:26:04,14.56609058,11.56609058,0.372996092
14/11/2020 11:26:05,14.66547394,11.66547394,0.372803509
14/11/2020 11:26:06,14.76485825,11.76485825,0.372610897
14/11/2020 11:26:07,14.8642416,11.8642416,0.372418284
14/11/2020 11:26:08,14.96362591,11.96362591,0.372225702
14/11/2020 11:26:09,14.87281799,11.87281799,0.372033089
14/11/2020 11:26:10,14.67221642,11.67221642,0.371840507
14/11/2020 11:26:11,14.47161484,11.47161484,0.371647894
14/11/2020 11:26:12,14.27101326,11.27101326,0.371455312
14/11/2020 11:26:13,14.07041168,11.07041168,0.371262699
14/11/2020 11:26:14,14.12979984,11.12979984,0.371070117
14/11/2020 11:26:15,14.32979965,11.32979965,0.370877504
14/11/2020 11:26:16,14.52980042,11.52980042,0.370684922
14/11/2020 11:26:17,14.72980022,11.72980022,0.370492309
14/11/2020 11:26:18,14.92980003,11.92980003,0.370299697
14/11/2020 11:26:19,14.8705883,11.8705883,0.370107114
14/11/2020 11:26:20,14.67118645,11.67118645,0.369914502
14/11/2020 11:26:21,14.47178459,11.47178459,0.369721919
14/11/2020 11:26:22,14.27238274,11.27238274,0.369529307
14/11/2020 11:26:23,14.07298088,11.07298088,0.369336724
14/11/2020 11:26:24,14.06329918,11,0.369144112
14/11/2020 11:26:25,14.16313934,11,0.368951529
14/11/2020 11:26:26,14.26297951,11,0.368758917
14/11/2020 11:26:27,14.36281967,11,0.368566334
14/11/2020 11:26:28,14.46265984,11,0.368373722
14/11/2020 11:26:29,14.5625,11.12360001,0.368181139
14/11/2020 11:26:30,14.66234016,11.32359982,0.367988527
14/11/2020 11:26:31,14.76218033,11.52359962,0.367795914
14/11/2020 11:26:32,14.86202049,11.72360039,0.367603332
14/11/2020 11:26:33,14.96186066,11.9236002,0.367410719
14/11/2020 11:26:34,14.87639999,11.87639999,0.367218137
14/11/2020 11:26:35,14.67640018,11.67640018,0.367025524
14/11/2020 11:26:36,14.47640038,11.47640038,0.366832942
14/11/2020 11:26:37,14.27639961,11.27639961,0.366640329
14/11/2020 11:26:38,14.0763998,11.0763998,0.366447747
14/11/2020 11:26:39,14.12320614,11.12320614,0.366255134
14/11/2020 11:26:40,14.32256794,11.32256794,0.366062552
14/11/2020 11:26:41,14.52192974,11.52192974,0.365869939
14/11/2020 11:26:42,14.72129154,11.72129154,0.365677327
14/11/2020 11:26:43,14.9206543,11.9206543,0.365484744
14/11/2020 11:26:44,14.87959957,11.87959957,0.365292132
14/11/2020 11:26:45,14.67959976,11.67959976,0.365099549
14/11/2020 11:26:46,14.47959995,11.47959995,0.364906937
14/11/2020 11:26:47,14.27960014,11.27960014,0.364714354
14/11/2020 11:26:48,14.07960033,11.07960033,0.364521742
14/11/2020 11:26:49,14,11,0.364329159
14/11/2020 11:26:50,14,11,0.364136547
14/11/2020 11:26:51,14,11,0.363943964
14/11/2020 11:26:52,14,11,0.363751352
14/11/2020 11:26:53,14,11,0.363558739
14/11/2020 11:26:54,14.11702538,11.11702538,0.363366157
14/11/2020 11:26:55,14.31638718,11.31638718,0.363173544
14/11/2020 11:26:56,14.51574993,11.51574993,0.362980962
14/11/2020 11:26:57,14.71511173,11.71511173,0.362788349
14/11/2020 11:26:58,14.91447353,11.91447353,0.362595767
14/11/2020 11:26:59,14.88650322,11.88650322,0.362403154
14/11/2020 11:27:00,14.68773651,11.68773651,0.362210572
14/11/2020 11:27:01,14.48896885,11.48896885,0.362017959
14/11/2020 11:27:02,14.29020119,11.29020119,0.361825377
14/11/2020 11:27:03,14.09143353,11.09143353,0.361632764
14/11/2020 11:27:04,14.1079998,11.1079998,0.361440152
14/11/2020 11:27:05,14.30799961,11.30799961,0.361247569
14/11/2020 11:27:06,14.50800037,11.50800037,0.361054957
14/11/2020 11:27:07,14.70800018,11.70800018,0.360862374
14/11/2020 11:27:08,14.90799999,11.90799999,0.360669762
14/11/2020 11:27:09,14.8920002,11.8920002,0.360477179
14/11/2020 11:27:10,14.69200039,11.69200039,0.360284567
14/11/2020 11:27:11,14.49199963,11.49199963,0.360091984
14/11/2020 11:27:12,14.29199982,11.29199982,0.359899372
14/11/2020 11:27:13,14.09200001,11.09200001,0.359706789
14/11/2020 11:27:14,14,11,0.359514177
14/11/2020 11:27:15,14,11,0.359321564
14/11/2020 11:27:16,14,11,0.359128982
14/11/2020 11:27:17,14,11,0.358936369
14/11/2020 11:27:18,14,11,0.358743787
14/11/2020 11:27:19,14.09889698,11.09889698,0.358551174
14/11/2020 11:27:20,14.29949856,11.29949856,0.358358592
14/11/2020 11:27:21,14.50010014,11.50010014,0.358165979
14/11/2020 11:27:22,14.70070171,11.70070171,0.357973397
14/11/2020 11:27:23,14.90130424,11.90130424,0.357780784
14/11/2020 11:27:24,14.89840031,11.89840031,0.357588202
14/11/2020 11:27:25,14.69839954,11.69839954,0.357395589
14/11/2020 11:27:26,14.49839973,11.49839973,0.357203007
14/11/2020 11:27:27,14.29839993,11.29839993,0.357010394
14/11/2020 11:27:28,14.09840012,11.09840012,0.356817782
14/11/2020 11:27:29,14.10127544,11.10127544,0.356625199
14/11/2020 11:27:30,14.3006382,11.3006382,0.356432587
14/11/2020 11:27:31,14.5,11.5,0.356240004
14/11/2020 11:27:32,14.6993618,11.6993618,0.356047392
14/11/2020 11:27:33,14.89872456,11.89872456,0.355854809
14/11/2020 11:27:34,14.90159988,11.90159988,0.355662197
14/11/2020 11:27:35,14.70160007,11.70160007,0.355469614
14/11/2020 11:27:36,14.50160027,11.50160027,0.355277002
14/11/2020 11:27:37,14.30160046,11.30160046,0.355084419
14/11/2020 11:27:38,14.10159969,11.10159969,0.354891807
14/11/2020 11:27:39,14.04897499,11,0.354699194
14/11/2020 11:27:40,14.14851665,11,0.354506612
14/11/2020 11:27:41,14.24805927,11,0.354313999
14/11/2020 11:27:42,14.34760094,11,0.354121417
14/11/2020 11:27:43,14.44714355,11,0.353928804
14/11/2020 11:27:44,14.54668522,11.09192467,0.353736222
14/11/2020 11:27:45,14.64622688,11.29132557,0.353543609
14/11/2020 11:27:46,14.7457695,11.49072742,0.353351027
14/11/2020 11:27:47,14.84531116,11.69012928,0.353158414
14/11/2020 11:27:48,14.94485378,11.88953114,0.352965832
14/11/2020 11:27:49,14.910532,11.910532,0.352773219
14/11/2020 11:27:50,14.70992947,11.70992947,0.352580607
14/11/2020 11:27:51,14.50932789,11.50932789,0.352388024
14/11/2020 11:27:52,14.30872631,11.30872631,0.352195412
14/11/2020 11:27:53,14.10812473,11.10812473,0.352002829
14/11/2020 11:27:54,14.04574299,11.09049892,0.351810217
14/11/2020 11:27:55,14.14496899,11.28680801,0.351617634
14/11/2020 11:27:56,14.24419498,11.4831171,0.351425022
14/11/2020 11:27:57,14.34342098,11.67942715,0.351232439
14/11/2020 11:27:58,14.44264698,11.87573624,0.351039827
14/11/2020 11:27:59,14.54187298,11.92636395,0.350847244
14/11/2020 11:28:00,14.64109898,11.72572231,0.350654632
14/11/2020 11:28:01,14.74032593,11.52508068,0.350462019
14/11/2020 11:28:02,14.83955193,11.3244381,0.350269437
14/11/2020 11:28:03,14.93877792,11.12379646,0.350076824
14/11/2020 11:28:04,15,11,0.349884242
14/11/2020 11:28:05,15,11,0.349691629
14/11/2020 11:28:06,15,11,0.349499047
14/11/2020 11:28:07,15,11,0.349306434
14/11/2020 11:28:08,15,11,0.349113852
14/11/2020 11:28:09,15,11.07960033,0.348921239
14/11/2020 11:28:10,15,11.27960014,0.348728657
14/11/2020 11:28:11,15,11.47959995,0.348536044
14/11/2020 11:28:12,15,11.67959976,0.348343462
14/11/2020 11:28:13,15,11.87959957,0.348150849
14/11/2020 11:28:14,15,11.92112541,0.347958237
14/11/2020 11:28:15,15,11.72294903,0.347765654
14/11/2020 11:28:16,15,11.52477169,0.347573042
14/11/2020 11:28:17,15,11.32659531,0.347380459
14/11/2020 11:28:18,15,11.12841892,0.347187847
14/11/2020 11:28:19,15,11.06995201,0.346995264
14/11/2020 11:28:20,15,11.26868057,0.346802652
14/11/2020 11:28:21,15,11.46740818,0.346610069
14/11/2020 11:28:22,15,11.66613674,0.346417457
14/11/2020 11:28:23,15,11.8648653,0.346224874
14/11/2020 11:28:24,14.93639469,11.96815014,0.346032262
14/11/2020 11:28:25,14.73762703,11.86861706,0.345839649
14/11/2020 11:28:26,14.53885937,11.76908493,0.345647067
14/11/2020 11:28:27,14.34009171,11.6695528,0.345454454
14/11/2020 11:28:28,14.14132404,11.57002068,0.345261872
14/11/2020 11:28:29,14.0288105,11.47048855,0.345069259
14/11/2020 11:28:30,14.12850189,11.37095642,0.344876677
14/11/2020 11:28:31,14.22819233,11.27142429,0.344684064
14/11/2020 11:28:32,14.32788372,11.17189217,0.344491482
14/11/2020 11:28:33,14.42757416,11.07236004,0.344298869
14/11/2020 11:28:34,14.52726555,11,0.344106287
14/11/2020 11:28:35,14.62695599,11,0.343913674
14/11/2020 11:28:36,14.72664738,11,0.343721062
14/11/2020 11:28:37,14.82633877,11,0.343528479
14/11/2020 11:28:38,14.92602921,11,0.343335867
14/11/2020 11:28:39,14.9488802,11,0.343143284
14/11/2020 11:28:40,14.75074291,11,0.342950672
14/11/2020 11:28:41,14.55260563,11,0.342758089
14/11/2020 11:28:42,14.35446835,11,0.342565477
14/11/2020 11:28:43,14.15633011,11,0.342372894
14/11/2020 11:28:44,14.04167461,11.04167461,0.342180282
14/11/2020 11:28:45,14.23918629,11.23918629,0.341987699
14/11/2020 11:28:46,14.43669796,11.43669796,0.341795087
14/11/2020 11:28:47,14.63420868,11.63420868,0.341602474
14/11/2020 11:28:48,14.83172035,11.83172035,0.341409892
14/11/2020 11:28:49,14.97067547,11.97067547,0.341217279
14/11/2020 11:28:50,14.77253819,11.77253819,0.341024697
14/11/2020 11:28:51,14.5744009,11.5744009,0.340832084
14/11/2020 11:28:52,14.37626266,11.37626266,0.340639502
14/11/2020 11:28:53,14.17812538,11.17812538,0.340446889
14/11/2020 11:28:54,14.01995277,11,0.340254307
14/11/2020 11:28:55,14.21750259,11,0.340061694
14/11/2020 11:28:56,14.41505337,11,0.339869112
14/11/2020 11:28:57,14.61260414,11,0.339676499
14/11/2020 11:28:58,14.81015396,11,0.339483917
14/11/2020 11:28:59,15,11,0.339291304
14/11/2020 11:29:00,15,11,0.339098692
14/11/2020 11:29:01,15,11,0.338906109
14/11/2020 11:29:02,15,11,0.338713497
14/11/2020 11:29:03,15,11,0.338520914
14/11/2020 11:29:04,15,11,0.338328302
14/11/2020 11:29:05,14.80480003,11,0.338135719
14/11/2020 11:29:06,14.60480022,11,0.337943107
14/11/2020 11:29:07,14.40480042,11,0.337750524
14/11/2020 11:29:08,14.20479965,11,0.337557912
14/11/2020 11:29:09,14.00479984,11,0.337365329
14/11/2020 11:29:10,14,11,0.337172717
14/11/2020 11:29:11,14,11,0.336980104
14/11/2020 11:29:12,14,11,0.336787522
14/11/2020 11:29:13,14,11,0.336594909
14/11/2020 11:29:14,14,11,0.336402327
14/11/2020 11:29:15,14.17696667,11,0.336209714
14/11/2020 11:29:16,14.3776083,11,0.336017132
14/11/2020 11:29:17,14.57824993,11,0.335824519
14/11/2020 11:29:18,14.77889252,11,0.335631937
14/11/2020 11:29:19,14.97953415,11,0.335439324
14/11/2020 11:29:20,15,11,0.335246742
14/11/2020 11:29:21,15,11,0.335054129
14/11/2020 11:29:22,15,11,0.334861517
14/11/2020 11:29:23,15,11,0.334668934
14/11/2020 11:29:24,15,11,0.334476322
14/11/2020 11:29:25,14.83349991,11,0.334283739
14/11/2020 11:29:26,14.63409805,11,0.334091127
14/11/2020 11:29:27,14.4346962,11,0.333898544
14/11/2020 11:29:28,14.23529434,11,0.333705932
14/11/2020 11:29:29,14.03589249,11,0.333513349
14/11/2020 11:29:30,14.16247272,11.16247272,0.333320737
14/11/2020 11:29:31,14.36061001,11.36061001,0.333128154
14/11/2020 11:29:32,14.55874825,11.55874825,0.332935542
14/11/2020 11:29:33,14.75688553,11.75688553,0.332742929
14/11/2020 11:29:34,14.95502281,11.95502281,0.332550347
14/11/2020 11:29:35,14.84589291,11.84589291,0.332357734
14/11/2020 11:29:36,14.64653111,11.64653111,0.332165152
14/11/2020 11:29:37,14.4471693,11.4471693,0.331972539
14/11/2020 11:29:38,14.24780655,11.24780655,0.331779957
14/11/2020 11:29:39,14.04844475,11.04844475,0.331587344
14/11/2020 11:29:40,14.07534599,11,0.331394762
14/11/2020 11:29:41,14.17487812,11,0.331202149
14/11/2020 11:29:42,14.27441025,11,0.331009567
14/11/2020 11:29:43,14.37394238,11,0.330816954
14/11/2020 11:29:44,14.4734745,11,0.330624372
14/11/2020 11:29:45,14.57300663,11,0.330431759
14/11/2020 11:29:46,14.67253876,11,0.330239147
14/11/2020 11:29:47,14.77207088,11,0.330046564
14/11/2020 11:29:48,14.87160301,11,0.329853952
14/11/2020 11:29:49,14.97113609,11,0.329661369
14/11/2020 11:29:50,14.8584528,11,0.329468757
14/11/2020 11:29:51,14.659091,11,0.329276174
14/11/2020 11:29:52,14.45972919,11,0.329083562
14/11/2020 11:29:53,14.26036644,11,0.328890979
14/11/2020 11:29:54,14.06100464,11,0.328698367
14/11/2020 11:29:55,14.1375351,11.1375351,0.328505784
14/11/2020 11:29:56,14.33571148,11.33571148,0.328313172
14/11/2020 11:29:57,14.53388786,11.53388786,0.328120559
14/11/2020 11:29:58,14.7320652,11.7320652,0.327927977
14/11/2020 11:29:59,14.93024158,11.93024158,0.327735364
14/11/2020 11:30:00,14.8735857,11.93570805,0.327542782
14/11/2020 11:30:01,14.67850208,11.83649158,0.327350169
14/11/2020 11:30:02,14.48341751,11.73727512,0.327157587
14/11/2020 11:30:03,14.28833389,11.63805962,0.326964974
14/11/2020 11:30:04,14.09325027,11.53884315,0.326772392
14/11/2020 11:30:05,14.10539055,11.43962669,0.326579779
14/11/2020 11:30:06,14.30728817,11.34041119,0.326387197
14/11/2020 11:30:07,14.50918674,11.24119473,0.326194584
14/11/2020 11:30:08,14.71108437,11.14197826,0.326001972
14/11/2020 11:30:09,14.91298199,11.0427618,0.325809389
14/11/2020 11:30:10,15,11,0.325616777
14/11/2020 11:30:11,15,11,0.325424194
14/11/2020 11:30:12,15,11,0.325231582
14/11/2020 11:30:13,15,11,0.325038999
14/11/2020 11:30:14,15,11,0.324846387
14/11/2020 11:30:15,14.8869009,11,0.324653804
14/11/2020 11:30:16,14.68813324,11,0.324461192
14/11/2020 11:30:17,14.48936558,11,0.324268609
14/11/2020 11:30:18,14.29059792,11,0.324075997
14/11/2020 11:30:19,14.09183025,11,0.323883384
14/11/2020 11:30:20,14.1082716,11.1082716,0.323690802
14/11/2020 11:30:21,14.30951881,11.30951881,0.323498189
14/11/2020 11:30:22,14.51076698,11.51076698,0.323305607
14/11/2020 11:30:23,14.7120142,11.7120142,0.323112994
14/11/2020 11:30:24,14.91326237,11.91326237,0.322920412
14/11/2020 11:30:25,14.88654041,11.88654041,0.322727799
14/11/2020 11:30:26,14.68713856,11.68713856,0.322535217
14/11/2020 11:30:27,14.4877367,11.4877367,0.322342604
14/11/2020 11:30:28,14.28833485,11.28833485,0.322150022
14/11/2020 11:30:29,14.08893299,11.08893299,0.321957409
14/11/2020 11:30:30,14.11077785,11.11077785,0.321764797
14/11/2020 11:30:31,14.31073761,11.31073761,0.321572214
14/11/2020 11:30:32,14.51069832,11.51069832,0.321379602
14/11/2020 11:30:33,14.71065807,11.71065807,0.321187019
14/11/2020 11:30:34,14.91061783,11.91061783,0.320994407
14/11/2020 11:30:35,15,11.88973045,0.320801824
14/11/2020 11:30:36,15,11.6903286,0.320609212
14/11/2020 11:30:37,15,11.49092674,0.320416629
14/11/2020 11:30:38,15,11.29152584,0.320224017
14/11/2020 11:30:39,15,11.09212399,0.320031434
14/11/2020 11:30:40,14.8934021,11,0.319838822
14/11/2020 11:30:41,14.69526482,11,0.319646239
14/11/2020 11:30:42,14.49712658,11,0.319453627
14/11/2020 11:30:43,14.2989893,11,0.319261014
14/11/2020 11:30:44,14.10085201,11,0.319068432
14/11/2020 11:30:45,14.09759521,11.09759521,0.318875819
14/11/2020 11:30:46,14.29636288,11.29636288,0.318683237
14/11/2020 11:30:47,14.49513054,11.49513054,0.318490624
14/11/2020 11:30:48,14.6938982,11.6938982,0.318298042
14/11/2020 11:30:49,14.89266586,11.89266586,0.318105429
14/11/2020 11:30:50,14.90772343,11.90772343,0.317912847
14/11/2020 11:30:51,14.7071209,11.7071209,0.317720234
14/11/2020 11:30:52,14.50651932,11.50651932,0.317527652
14/11/2020 11:30:53,14.30591774,11.30591774,0.317335039
14/11/2020 11:30:54,14.10531616,11.10531616,0.317142427
14/11/2020 11:30:55,14.09471607,11,0.316949844
14/11/2020 11:30:56,14.29411793,11,0.316757232
14/11/2020 11:30:57,14.49351978,11,0.316564649
14/11/2020 11:30:58,14.69292164,11,0.316372037
14/11/2020 11:30:59,14.89232349,11,0.316179454
14/11/2020 11:31:00,14.95400429,11,0.315986842
14/11/2020 11:31:01,14.8540144,11,0.315794259
14/11/2020 11:31:02,14.75402451,11,0.315601647
14/11/2020 11:31:03,14.65403461,11,0.315409064
14/11/2020 11:31:04,14.55404472,11,0.315216452
14/11/2020 11:31:05,14.45405483,11,0.315023839
14/11/2020 11:31:06,14.35406494,11,0.314831257
14/11/2020 11:31:07,14.25407505,11,0.314638644
14/11/2020 11:31:08,14.15408421,11,0.314446062
14/11/2020 11:31:09,14.05409431,11,0.314253449
14/11/2020 11:31:10,14.09179974,11.09179974,0.314060867
14/11/2020 11:31:11,14.29179955,11.29179955,0.313868254
14/11/2020 11:31:12,14.49180031,11.49180031,0.313675672
14/11/2020 11:31:13,14.69180012,11.69180012,0.313483059
14/11/2020 11:31:14,14.89179993,11.89179993,0.313290477
14/11/2020 11:31:15,14.90876579,11.90876579,0.313097864
14/11/2020 11:31:16,14.70999813,11.70999813,0.312905252
14/11/2020 11:31:17,14.51123047,11.51123047,0.312712669
14/11/2020 11:31:18,14.31246281,11.31246281,0.312520057
14/11/2020 11:31:19,14.11369514,11.11369514,0.312327474
14/11/2020 11:31:20,14.04266739,11.08532715,0.312134862
14/11/2020 11:31:21,14.14235878,11.28468895,0.311942279
14/11/2020 11:31:22,14.24204922,11.48405075,0.311749667
14/11/2020 11:31:23,14.34174061,11.68341351,0.311557084
14/11/2020 11:31:24,14.441432,11.88277531,0.311364472
14/11/2020 11:31:25,14.54112244,11.91784668,0.311171889
14/11/2020 11:31:26,14.64081383,11.71844482,0.310979277
14/11/2020 11:31:27,14.74050426,11.51904297,0.310786694
14/11/2020 11:31:28,14.84019566,11.31964111,0.310594082
14/11/2020 11:31:29,14.93988609,11.12023926,0.310401469
14/11/2020 11:31:30,14.92085361,11,0.310208887
14/11/2020 11:31:31,14.72149086,11,0.310016274
14/11/2020 11:31:32,14.52212906,11,0.309823692
14/11/2020 11:31:33,14.32276726,11,0.309631079
14/11/2020 11:31:34,14.12340546,11,0.309438497
14/11/2020 11:31:35,14.0759573,11.0759573,0.309245884
14/11/2020 11:31:36,14.2753191,11.2753191,0.309053302
14/11/2020 11:31:37,14.4746809,11.4746809,0.308860689
14/11/2020 11:31:38,14.6740427,11.6740427,0.308668107
14/11/2020 11:31:39,14.87340546,11.87340546,0.308475494
14/11/2020 11:31:40,14.92789364,11.96372509,0.308282882
14/11/2020 11:31:41,14.73034382,11.86434078,0.308090299
14/11/2020 11:31:42,14.53279305,11.76495743,0.307897687
14/11/2020 11:31:43,14.33524323,11.66557312,0.307705104
14/11/2020 11:31:44,14.13769245,11.56618977,0.307512492
14/11/2020 11:31:45,14.06060028,11.46680546,0.307319909
14/11/2020 11:31:46,14.26060009,11.3674221,0.307127297
14/11/2020 11:31:47,14.4605999,11.2680378,0.306934714
14/11/2020 11:31:48,14.66059971,11.16865444,0.306742102
14/11/2020 11:31:49,14.86060047,11.06927013,0.306549519
14/11/2020 11:31:50,14.96969986,11.06040668,0.306356907
14/11/2020 11:31:51,14.86970043,11.25976849,0.306164294
14/11/2020 11:31:52,14.76970005,11.45913124,0.305971712
14/11/2020 11:31:53,14.66969967,11.65849304,0.305779099
14/11/2020 11:31:54,14.56970024,11.85785484,0.305586517
14/11/2020 11:31:55,14.46969986,11.94241619,0.305393904
14/11/2020 11:31:56,14.36970043,11.74177361,0.305201322
14/11/2020 11:31:57,14.26970005,11.54113197,0.305008709
14/11/2020 11:31:58,14.16969967,11.34048939,0.304816127
14/11/2020 11:31:59,14.06970024,11.13984776,0.304623514
14/11/2020 11:32:00,14.06060028,11.06060028,0.304430932
14/11/2020 11:32:01,14.26060009,11.26060009,0.304238319
14/11/2020 11:32:02,14.4605999,11.4605999,0.304045707
14/11/2020 11:32:03,14.66059971,11.66059971,0.303853124
14/11/2020 11:32:04,14.86060047,11.86060047,0.303660512
14/11/2020 11:32:05,14.93939972,11.93939972,0.303467929
14/11/2020 11:32:06,14.73939991,11.73939991,0.303275317
14/11/2020 11:32:07,14.5394001,11.5394001,0.303082734
14/11/2020 11:32:08,14.33940029,11.33940029,0.302890122
14/11/2020 11:32:09,14.13939953,11.13939953,0.302697539
14/11/2020 11:32:10,14.060215,11.060215,0.302504927
14/11/2020 11:32:11,14.2589426,11.2589426,0.302312344
14/11/2020 11:32:12,14.45767117,11.45767117,0.302119732
14/11/2020 11:32:13,14.65639877,11.65639877,0.301927149
14/11/2020 11:32:14,14.85512733,11.85512733,0.301734537
14/11/2020 11:32:15,14.94596195,11.94596195,0.301541924
14/11/2020 11:32:16,14.7465601,11.7465601,0.301349342
14/11/2020 11:32:17,14.54715824,11.54715824,0.301156729
14/11/2020 11:32:18,14.34775639,11.34775639,0.300964147
14/11/2020 11:32:19,14.14835453,11.14835453,0.300771534
14/11/2020 11:32:20,14,11,0.300578952
14/11/2020 11:32:21,14,11,0.300386339
14/11/2020 11:32:22,14,11,0.300193757
14/11/2020 11:32:23,14,11,0.300001144
14/11/2020 11:32:24,14,11,0.299808562
14/11/2020 11:32:25,14.04800034,11.04800034,0.299615949
14/11/2020 11:32:26,14.24800014,11.24800014,0.299423337
14/11/2020 11:32:27,14.44799995,11.44799995,0.299230754
14/11/2020 11:32:28,14.64799976,11.64799976,0.299038142
14/11/2020 11:32:29,14.84799957,11.84799957,0.298845559
14/11/2020 11:32:30,14.95215321,11.95215321,0.298652947
14/11/2020 11:32:31,14.7527914,11.7527914,0.298460364
14/11/2020 11:32:32,14.55342865,11.55342865,0.298267752
14/11/2020 11:32:33,14.35406685,11.35406685,0.298075169
14/11/2020 11:32:34,14.15470505,11.15470505,0.297882557
14/11/2020 11:32:35,14.0447998,11.0447998,0.297689974
14/11/2020 11:32:36,14.24479961,11.24479961,0.297497362
14/11/2020 11:32:37,14.44480038,11.44480038,0.297304749
14/11/2020 11:32:38,14.64480019,11.64480019,0.297112167
14/11/2020 11:32:39,14.8448,11.8448,0.296919554
14/11/2020 11:32:40,14.97763348,11.97763348,0.296726972
14/11/2020 11:32:41,14.87778378,11.87778378,0.296534359
14/11/2020 11:32:42,14.77793312,11.77793312,0.296341777
14/11/2020 11:32:43,14.67808247,11.67808247,0.296149164
14/11/2020 11:32:44,14.57823277,11.57823277,0.295956582
14/11/2020 11:32:45,14.47838211,11.47838211,0.295763969
14/11/2020 11:32:46,14.37853241,11.37853241,0.295571387
14/11/2020 11:32:47,14.27868176,11.27868176,0.295378774
14/11/2020 11:32:48,14.17883205,11.17883205,0.295186162
14/11/2020 11:32:49,14.0789814,11.0789814,0.294993579
14/11/2020 11:32:50,14.04179955,11.04179955,0.294800967
14/11/2020 11:32:51,14.24180031,11.24180031,0.294608384
14/11/2020 11:32:52,14.44180012,11.44180012,0.294415772
14/11/2020 11:32:53,14.64179993,11.64179993,0.294223189
14/11/2020 11:32:54,14.84179974,11.84179974,0.294030577
14/11/2020 11:32:55,14.95858955,11.97926426,0.293837994
14/11/2020 11:32:56,14.76045132,11.8800478,0.293645382
14/11/2020 11:32:57,14.56231403,11.78083134,0.293452799
14/11/2020 11:32:58,14.36417675,11.68161488,0.293260187
14/11/2020 11:32:59,14.16603947,11.58239937,0.293067604
14/11/2020 11:33:00,14.03219414,11.48318291,0.292874992
14/11/2020 11:33:01,14.23092175,11.38396645,0.292682379
14/11/2020 11:33:02,14.42965031,11.28475094,0.292489797
14/11/2020 11:33:03,14.62837791,11.18553448,0.292297184
14/11/2020 11:33:04,14.82710648,11.08631802,0.292104602
14/11/2020 11:33:05,14.98704052,11,0.291911989
14/11/2020 11:33:06,14.88734913,11,0.291719407
14/11/2020 11:33:07,14.78765869,11,0.291526794
14/11/2020 11:33:08,14.6879673,11,0.291334212
14/11/2020 11:33:09,14.58827591,11,0.291141599
14/11/2020 11:33:10,14.48858547,11,0.290949017
14/11/2020 11:33:11,14.38889408,11,0.290756404
14/11/2020 11:33:12,14.28920364,11,0.290563792
14/11/2020 11:33:13,14.18951225,11,0.290371209
14/11/2020 11:33:14,14.08982182,11,0.290178597
14/11/2020 11:33:15,14.01949596,11.01949596,0.289986014
14/11/2020 11:33:16,14.21642399,11.21642399,0.289793402
14/11/2020 11:33:17,14.41335201,11.41335201,0.289600819
14/11/2020 11:33:18,14.61028004,11.61028004,0.289408207
14/11/2020 11:33:19,14.80720711,11.80720711,0.289215624
14/11/2020 11:33:20,14.99574757,11.99574757,0.289023012
14/11/2020 11:33:21,14.79323578,11.79323578,0.288830429
14/11/2020 11:33:22,14.59072495,11.59072495,0.288637817
14/11/2020 11:33:23,14.38821411,11.38821411,0.288445204
14/11/2020 11:33:24,14.18570232,11.18570232,0.288252622
14/11/2020 11:33:25,14.01655006,11.01655006,0.288060009
14/11/2020 11:33:26,14.21595192,11.21595192,0.287867427
14/11/2020 11:33:27,14.41535378,11.41535378,0.287674814
14/11/2020 11:33:28,14.61475563,11.61475563,0.287482232
14/11/2020 11:33:29,14.81415749,11.81415749,0.287289619
14/11/2020 11:33:30,15,12,0.287097037
14/11/2020 11:33:31,15,12,0.286904424
14/11/2020 11:33:32,15,12,0.286711842
14/11/2020 11:33:33,15,12,0.286519229
14/11/2020 11:33:34,15,12,0.286326617
14/11/2020 11:33:35,15,11.98966408,0.286134034
14/11/2020 11:33:36,15,11.79089642,0.285941422
14/11/2020 11:33:37,15,11.59212875,0.285748839
14/11/2020 11:33:38,15,11.39336109,0.285556227
14/11/2020 11:33:39,15,11.19459343,0.285363644
14/11/2020 11:33:40,15,11.00419998,0.285171032
14/11/2020 11:33:41,15,11.20419979,0.284978449
14/11/2020 11:33:42,15,11.4041996,0.284785837
14/11/2020 11:33:43,15,11.60420036,0.284593254
14/11/2020 11:33:44,15,11.80420017,0.284400642
14/11/2020 11:33:45,14.99578762,11.99578762,0.284208059
14/11/2020 11:33:46,14.79518509,11.79518509,0.284015447
14/11/2020 11:33:47,14.59458351,11.59458351,0.283822834
14/11/2020 11:33:48,14.39398193,11.39398193,0.283630252
14/11/2020 11:33:49,14.19338036,11.19338036,0.283437639
14/11/2020 11:33:50,14.00717831,11.00717831,0.283245057
14/11/2020 11:33:51,14.20658016,11.20658016,0.283052444
14/11/2020 11:33:52,14.40598202,11.40598202,0.282859862
14/11/2020 11:33:53,14.60538387,11.60538387,0.282667249
14/11/2020 11:33:54,14.80478573,11.80478573,0.282474667
14/11/2020 11:33:55,14.99790382,11.99790382,0.282282054
14/11/2020 11:33:56,14.89806271,11.89806271,0.282089472
14/11/2020 11:33:57,14.79822254,11.79822254,0.281896859
14/11/2020 11:33:58,14.69838238,11.69838238,0.281704247
14/11/2020 11:33:59,14.59854221,11.59854221,0.281511664
14/11/2020 11:34:00,14.49870205,11.49870205,0.281319052
14/11/2020 11:34:01,14.39886189,11.39886189,0.281126469
14/11/2020 11:34:02,14.29902172,11.29902172,0.280933857
14/11/2020 11:34:03,14.19918156,11.19918156,0.280741274
14/11/2020 11:34:04,14.09934139,11.09934139,0.280548662
14/11/2020 11:34:05,14.00099373,11.00099373,0.280356079
14/11/2020 11:34:06,14.19976139,11.19976139,0.280163467
14/11/2020 11:34:07,14.39852905,11.39852905,0.279970884
14/11/2020 11:34:08,14.59729671,11.59729671,0.279778272
14/11/2020 11:34:09,14.79606438,11.79606438,0.27958566
14/11/2020 11:34:10,14.99483204,11.99483204,0.279393077
14/11/2020 11:34:11,14.80398464,11.80398464,0.279200464
14/11/2020 11:34:12,14.60273743,11.60273743,0.279007882
14/11/2020 11:34:13,14.40148926,11.40148926,0.278815269
14/11/2020 11:34:14,14.20024109,11.20024109,0.278622687
14/11/2020 11:34:15,14.00099659,11.00099659,0.278430074
14/11/2020 11:34:16,14.20035839,11.20035839,0.278237492
14/11/2020 11:34:17,14.39972115,11.39972115,0.278044879
14/11/2020 11:34:18,14.59908295,11.59908295,0.277852297
14/11/2020 11:34:19,14.79844475,11.79844475,0.277659684
14/11/2020 11:34:20,14.99780655,11.99780655,0.277467072
14/11/2020 11:34:21,14.90125751,11.90125751,0.277274489
14/11/2020 11:34:22,14.80141735,11.80141735,0.277081877
14/11/2020 11:34:23,14.70157719,11.70157719,0.276889294
14/11/2020 11:34:24,14.60173702,11.60173702,0.276696682
14/11/2020 11:34:25,14.50189686,11.50189686,0.276504099
14/11/2020 11:34:26,14.40205669,11.40205669,0.276311487
14/11/2020 11:34:27,14.30221653,11.30221653,0.276118904
14/11/2020 11:34:28,14.20237637,11.20237637,0.275926292
14/11/2020 11:34:29,14.1025362,11.1025362,0.275733709
14/11/2020 11:34:30,14.00269604,11.00269604,0.275541097
14/11/2020 11:34:31,14.19340134,11.19340134,0.275348485
14/11/2020 11:34:32,14.392169,11.392169,0.275155902
14/11/2020 11:34:33,14.59093666,11.59093666,0.274963289
14/11/2020 11:34:34,14.78970337,11.78970337,0.274770707
14/11/2020 11:34:35,14.98847103,11.98847103,0.274578094
14/11/2020 11:34:36,14.81159973,11.81159973,0.274385512
14/11/2020 11:34:37,14.61159992,11.61159992,0.274192899
14/11/2020 11:34:38,14.41160011,11.41160011,0.274000317
14/11/2020 11:34:39,14.2116003,11.2116003,0.273807704
14/11/2020 11:34:40,14.01159954,11.01159954,0.273615122
14/11/2020 11:34:41,14.18605614,11.09404945,0.273422509
14/11/2020 11:34:42,14.38356686,11.19388962,0.273229927
14/11/2020 11:34:43,14.58107853,11.29372978,0.273037314
14/11/2020 11:34:44,14.7785902,11.39356995,0.272844702
14/11/2020 11:34:45,14.97610092,11.49341011,0.272652119
14/11/2020 11:34:46,14.8225317,11.59325123,0.272459507
14/11/2020 11:34:47,14.62063408,11.69309139,0.272266924
14/11/2020 11:34:48,14.41873646,11.79293156,0.272074312
14/11/2020 11:34:49,14.21683788,11.89277172,0.271881729
14/11/2020 11:34:50,14.01494026,11.99261189,0.271689117
14/11/2020 11:34:51,14,11.81535435,0.271496534
14/11/2020 11:34:52,14,11.61595249,0.271303922
14/11/2020 11:34:53,14,11.41655064,0.271111339
14/11/2020 11:34:54,14,11.21714878,0.270918727
14/11/2020 11:34:55,14,11.01774693,0.270726115
14/11/2020 11:34:56,14.18220043,11.18220043,0.270533532
14/11/2020 11:34:57,14.38220024,11.38220024,0.270340919
14/11/2020 11:34:58,14.58220005,11.58220005,0.270148337
14/11/2020 11:34:59,14.78219986,11.78219986,0.269955724
14/11/2020 11:35:00,14.98219967,11.98219967,0.269763142
14/11/2020 11:35:01,14.81949711,11.81949711,0.269570529
14/11/2020 11:35:02,14.62135887,11.62135887,0.269377947
14/11/2020 11:35:03,14.42322159,11.42322159,0.269185334
14/11/2020 11:35:04,14.2250843,11.2250843,0.268992752
14/11/2020 11:35:05,14.02694702,11.02694702,0.268800139
14/11/2020 11:35:06,14.17280006,11.17280006,0.268607527
14/11/2020 11:35:07,14.37279987,11.37279987,0.268414944
14/11/2020 11:35:08,14.57279968,11.57279968,0.268222332
14/11/2020 11:35:09,14.77280045,11.77280045,0.268029749
14/11/2020 11:35:10,14.97280025,11.97280025,0.267837137
14/11/2020 11:35:11,15,12,0.267644554
14/11/2020 11:35:12,15,12,0.267451942
14/11/2020 11:35:13,15,12,0.267259359
14/11/2020 11:35:14,15,12,0.267066747
14/11/2020 11:35:15,15,12,0.266874164
14/11/2020 11:35:16,14.82985592,11.82985592,0.266681552
14/11/2020 11:35:17,14.62921333,11.62921333,0.26648894
14/11/2020 11:35:18,14.4285717,11.4285717,0.266296357
14/11/2020 11:35:19,14.22792912,11.22792912,0.266103745
14/11/2020 11:35:20,14.02728748,11.02728748,0.265911162
14/11/2020 11:35:21,14.17280006,11.17280006,0.265718549
14/11/2020 11:35:22,14.37279987,11.37279987,0.265525967
14/11/2020 11:35:23,14.57279968,11.57279968,0.265333354
14/11/2020 11:35:24,14.77280045,11.77280045,0.265140772
14/11/2020 11:35:25,14.97280025,11.97280025,0.264948159
14/11/2020 11:35:26,14.82775116,11.82775116,0.264755577
14/11/2020 11:35:27,14.62838936,11.62838936,0.264562964
14/11/2020 11:35:28,14.42902756,11.42902756,0.264370382
14/11/2020 11:35:29,14.2296648,11.2296648,0.264177769
14/11/2020 11:35:30,14.030303,11.030303,0.263985157
14/11/2020 11:35:31,14.16959953,11.16959953,0.263792574
14/11/2020 11:35:32,14.3696003,11.3696003,0.263599962
14/11/2020 11:35:33,14.56960011,11.56960011,0.263407379
14/11/2020 11:35:34,14.76959991,11.76959991,0.263214767
14/11/2020 11:35:35,14.96959972,11.96959972,0.263022184
14/11/2020 11:35:36,15,11.91546249,0.262829572
14/11/2020 11:35:37,15,11.8157711,0.262636989
14/11/2020 11:35:38,15,11.71607971,0.262444377
14/11/2020 11:35:39,15,11.61638927,0.262251794
14/11/2020 11:35:40,15,11.51669788,0.262059182
14/11/2020 11:35:41,14.83409786,11.41700745,0.26186657
14/11/2020 11:35:42,14.63469601,11.31731606,0.261673987
14/11/2020 11:35:43,14.43529415,11.21762562,0.261481375
14/11/2020 11:35:44,14.2358923,11.11793423,0.261288792
14/11/2020 11:35:45,14.03649044,11.01824379,0.261096179
14/11/2020 11:35:46,14.16336727,11.16336727,0.260903597
14/11/2020 11:35:47,14.36332703,11.36332703,0.260710984
14/11/2020 11:35:48,14.56328773,11.56328773,0.260518402
14/11/2020 11:35:49,14.76324749,11.76324749,0.260325789
14/11/2020 11:35:50,14.96320724,11.96320724,0.260133207
14/11/2020 11:35:51,14.8372879,11.8372879,0.259940594
14/11/2020 11:35:52,14.63788605,11.63788605,0.259747982
14/11/2020 11:35:53,14.43848419,11.43848419,0.259555399
14/11/2020 11:35:54,14.23908234,11.23908234,0.259362787
14/11/2020 11:35:55,14.03968048,11.03968048,0.259170204
14/11/2020 11:35:56,14.16020012,11.16020012,0.258977592
14/11/2020 11:35:57,14.36019993,11.36019993,0.258785009
14/11/2020 11:35:58,14.56019974,11.56019974,0.258592397
14/11/2020 11:35:59,14.76019955,11.76019955,0.258399814
14/11/2020 11:36:00,14.96020031,11.96020031,0.258207202
14/11/2020 11:36:01,15,11.92015553,0.258014619
14/11/2020 11:36:02,15,11.82047462,0.257822007
14/11/2020 11:36:03,15,11.72079372,0.257629395
14/11/2020 11:36:04,15,11.62111282,0.257436812
14/11/2020 11:36:05,15,11.52143097,0.2572442
14/11/2020 11:36:06,14.85147953,11.42175007,0.257051617
14/11/2020 11:36:07,14.65023136,11.32206917,0.256859004
14/11/2020 11:36:08,14.44898415,11.22238827,0.256666422
14/11/2020 11:36:09,14.24773598,11.12270737,0.256473809
14/11/2020 11:36:10,14.04648781,11.02302647,0.256281227
14/11/2020 11:36:11,14.15239811,11,0.256088614
14/11/2020 11:36:12,14.35057449,11,0.255896032
14/11/2020 11:36:13,14.54875183,11,0.255703419
14/11/2020 11:36:14,14.74692822,11,0.255510837
14/11/2020 11:36:15,14.9451046,11,0.255318224
14/11/2020 11:36:16,14.85586166,11,0.255125612
14/11/2020 11:36:17,14.65649891,11,0.254933029
14/11/2020 11:36:18,14.45713711,11,0.254740417
14/11/2020 11:36:19,14.25777531,11,0.254547834
14/11/2020 11:36:20,14.05841351,11,0.254355222
14/11/2020 11:36:21,14.13964081,11.13964081,0.254162639
14/11/2020 11:36:22,14.33715153,11.33715153,0.253970027
14/11/2020 11:36:23,14.5346632,11.5346632,0.253777444
14/11/2020 11:36:24,14.73217487,11.73217487,0.253584832
14/11/2020 11:36:25,14.92968559,11.92968559,0.253392249
14/11/2020 11:36:26,14.87078667,11.87078667,0.253199637
14/11/2020 11:36:27,14.67014408,11.67014408,0.253007025
14/11/2020 11:36:28,14.46950245,11.46950245,0.252814442
14/11/2020 11:36:29,14.26886082,11.26886082,0.25262183
14/11/2020 11:36:30,14.06821823,11.06821823,0.252429247
14/11/2020 11:36:31,14,11,0.252236634
14/11/2020 11:36:32,14,11,0.252044052
14/11/2020 11:36:33,14,11,0.251851439
14/11/2020 11:36:34,14,11,0.251658857
14/11/2020 11:36:35,14,11,0.251466244
14/11/2020 11:36:36,14.12184429,11.12184429,0.251273662
14/11/2020 11:36:37,14.32061195,11.32061195,0.251081049
14/11/2020 11:36:38,14.51937962,11.51937962,0.250888437
14/11/2020 11:36:39,14.71814728,11.71814728,0.250695854
14/11/2020 11:36:40,14.91691494,11.91691494,0.250503242
14/11/2020 11:36:41,14.88251877,11.88251877,0.250310659
14/11/2020 11:36:42,14.68066216,11.68066216,0.250118047
14/11/2020 11:36:43,14.47880459,11.47880459,0.249925449
14/11/2020 11:36:44,14.27694798,11.27694798,0.249732852
14/11/2020 11:36:45,14.07509041,11.07509041,0.249540254
14/11/2020 11:36:46,14.12482643,11.12482643,0.249347657
14/11/2020 11:36:47,14.32359409,11.32359409,0.249155059
14/11/2020 11:36:48,14.52236176,11.52236176,0.248962462
14/11/2020 11:36:49,14.72112942,11.72112942,0.248769864
14/11/2020 11:36:50,14.91989708,11.91989708,0.248577267
14/11/2020 11:36:51,14.94029999,11.94029999,0.248384669
14/11/2020 11:36:52,14.84029961,11.84029961,0.248192072
14/11/2020 11:36:53,14.74030018,11.74030018,0.247999474
14/11/2020 11:36:54,14.6402998,11.6402998,0.247806877
14/11/2020 11:36:55,14.54030037,11.54030037,0.247614264
14/11/2020 11:36:56,14.44029999,11.44029999,0.247421667
14/11/2020 11:36:57,14.34029961,11.34029961,0.247229069
14/11/2020 11:36:58,14.24030018,11.24030018,0.247036472
14/11/2020 11:36:59,14.1402998,11.1402998,0.246843874
14/11/2020 11:37:00,14.04030037,11.04030037,0.246651277
14/11/2020 11:37:01,14.11866474,11.11866474,0.246458679
14/11/2020 11:37:02,14.31743145,11.31743145,0.246266082
14/11/2020 11:37:03,14.51619911,11.51619911,0.246073484
14/11/2020 11:37:04,14.71496677,11.71496677,0.245880887
14/11/2020 11:37:05,14.91373444,11.91373444,0.245688289
14/11/2020 11:37:06,14.88679981,11.88679981,0.245495677
14/11/2020 11:37:07,14.6868,11.6868,0.245303079
14/11/2020 11:37:08,14.48680019,11.48680019,0.245110482
14/11/2020 11:37:09,14.28680038,11.28680038,0.244917884
14/11/2020 11:37:10,14.08679962,11.08679962,0.244725287
14/11/2020 11:37:11,14.11320019,11.11320019,0.244532689
14/11/2020 11:37:12,14.3132,11.3132,0.244340092
14/11/2020 11:37:13,14.51319981,11.51319981,0.244147494
14/11/2020 11:37:14,14.71319962,11.71319962,0.243954897
14/11/2020 11:37:15,14.91320038,11.91320038,0.243762299
14/11/2020 11:37:16,15,11.88716125,0.243569702
14/11/2020 11:37:17,15,11.68779945,0.243377104
14/11/2020 11:37:18,15,11.4884367,0.243184492
14/11/2020 11:37:19,15,11.2890749,0.242991894
14/11/2020 11:37:20,15,11.0897131,0.242799297
14/11/2020 11:37:21,15,11.05474281,0.242606699
14/11/2020 11:37:22,15,11.15427494,0.242414102
14/11/2020 11:37:23,15,11.25380707,0.242221504
14/11/2020 11:37:24,15,11.3533392,0.242028907
14/11/2020 11:37:25,15,11.45287132,0.241836309
14/11/2020 11:37:26,15,11.55240345,0.241643712
14/11/2020 11:37:27,15,11.65193558,0.241451114
14/11/2020 11:37:28,15,11.7514677,0.241258517
14/11/2020 11:37:29,15,11.85099983,0.241065904
14/11/2020 11:37:30,15,11.95053291,0.240873307
14/11/2020 11:37:31,14.90001965,11.90001965,0.240680709
14/11/2020 11:37:32,14.70125198,11.70125198,0.240488112
14/11/2020 11:37:33,14.50248432,11.50248432,0.240295514
14/11/2020 11:37:34,14.30371666,11.30371666,0.240102917
14/11/2020 11:37:35,14.104949,11.104949,0.239910319
14/11/2020 11:37:36,14.09440041,11.09440041,0.239717722
14/11/2020 11:37:37,14.29440022,11.29440022,0.239525124
14/11/2020 11:37:38,14.49440002,11.49440002,0.239332527
14/11/2020 11:37:39,14.69439983,11.69439983,0.239139929
14/11/2020 11:37:40,14.89439964,11.89439964,0.238947332
14/11/2020 11:37:41,15,11.90559959,0.238754719
14/11/2020 11:37:42,15,11.70559978,0.238562122
14/11/2020 11:37:43,15,11.50559998,0.238369524
14/11/2020 11:37:44,15,11.30560017,0.238176927
14/11/2020 11:37:45,15,11.10560036,0.237984329
14/11/2020 11:37:46,15,11,0.237791732
14/11/2020 11:37:47,15,11,0.237599134
14/11/2020 11:37:48,15,11,0.237406537
14/11/2020 11:37:49,15,11,0.237213939
14/11/2020 11:37:50,15,11,0.237021342
14/11/2020 11:37:51,15,11.09379959,0.236828744
14/11/2020 11:37:52,15,11.29252815,0.236636132
14/11/2020 11:37:53,15,11.49125576,0.236443534
14/11/2020 11:37:54,15,11.68998432,0.236250937
14/11/2020 11:37:55,15,11.88871193,0.236058339
14/11/2020 11:37:56,14.91254234,11.91254234,0.235865742
14/11/2020 11:37:57,14.71377468,11.71377468,0.235673144
14/11/2020 11:37:58,14.51500702,11.51500702,0.235480547
14/11/2020 11:37:59,14.31623936,11.31623936,0.235287949
14/11/2020 11:38:00,14.11747169,11.11747169,0.235095352
14/11/2020 11:38:01,14.08180046,11.08180046,0.234902754
14/11/2020 11:38:02,14.28180027,11.28180027,0.234710157
14/11/2020 11:38:03,14.48180008,11.48180008,0.234517559
14/11/2020 11:38:04,14.68179989,11.68179989,0.234324947
14/11/2020 11:38:05,14.8817997,11.8817997,0.234132349
14/11/2020 11:38:06,15,11.95916557,0.233939752
14/11/2020 11:38:07,15,11.85932541,0.233747154
14/11/2020 11:38:08,15,11.75948524,0.233554557
14/11/2020 11:38:09,15,11.65964413,0.233361959
14/11/2020 11:38:10,15,11.55980396,0.233169362
14/11/2020 11:38:11,15,11.4599638,0.232976764
14/11/2020 11:38:12,15,11.36012363,0.232784167
14/11/2020 11:38:13,15,11.26028347,0.232591569
14/11/2020 11:38:14,15,11.16044331,0.232398972
14/11/2020 11:38:15,15,11.06060314,0.23220636
14/11/2020 11:38:16,15,11.07859993,0.232013762
14/11/2020 11:38:17,15,11.27859974,0.231821164
14/11/2020 11:38:18,15,11.47859955,0.231628567
14/11/2020 11:38:19,15,11.67860031,0.231435969
14/11/2020 11:38:20,15,11.87860012,0.231243372
14/11/2020 11:38:21,14.92213154,11.92213154,0.231050774
14/11/2020 11:38:22,14.72399426,11.72399426,0.230858177
14/11/2020 11:38:23,14.52585697,11.52585697,0.230665579
14/11/2020 11:38:24,14.32771969,11.32771969,0.230472982
14/11/2020 11:38:25,14.12958241,11.12958241,0.230280384
14/11/2020 11:38:26,14.06919956,11.06919956,0.230087787
14/11/2020 11:38:27,14.26920033,11.26920033,0.229895175
14/11/2020 11:38:28,14.46920013,11.46920013,0.229702577
14/11/2020 11:38:29,14.66919994,11.66919994,0.229509979
14/11/2020 11:38:30,14.86919975,11.86919975,0.229317382
14/11/2020 11:38:31,14.93122673,11.93122673,0.229124784
14/11/2020 11:38:32,14.73245907,11.73245907,0.228932187
14/11/2020 11:38:33,14.53369141,11.53369141,0.228739589
14/11/2020 11:38:34,14.33492374,11.33492374,0.228546992
14/11/2020 11:38:35,14.13615608,11.13615608,0.228354394
14/11/2020 11:38:36,14,11,0.228161797
14/11/2020 11:38:37,14,11,0.227969199
14/11/2020 11:38:38,14,11,0.227776587
14/11/2020 11:38:39,14,11,0.22758399
14/11/2020 11:38:40,14,11,0.227391392
14/11/2020 11:38:41,14.05377197,11.05377197,0.227198794
14/11/2020 11:38:42,14.25441456,11.25441456,0.227006197
14/11/2020 11:38:43,14.45505619,11.45505619,0.226813599
14/11/2020 11:38:44,14.65569782,11.65569782,0.226621002
14/11/2020 11:38:45,14.85634041,11.85634041,0.226428404
14/11/2020 11:38:46,15,11.9437294,0.226235807
14/11/2020 11:38:47,15,11.74559116,0.226043209
14/11/2020 11:38:48,15,11.54745388,0.225850612
14/11/2020 11:38:49,15,11.3493166,0.225658014
14/11/2020 11:38:50,15,11.15117931,0.225465402
14/11/2020 11:38:51,15,11.04724884,0.225272804
14/11/2020 11:38:52,15,11.24661064,0.225080207
14/11/2020 11:38:53,15,11.44597244,0.224887609
14/11/2020 11:38:54,15,11.6453352,0.224695012
14/11/2020 11:38:55,15,11.844697,0.224502414
14/11/2020 11:38:56,14.95647907,11.97796822,0.224309817
14/11/2020 11:38:57,14.75955105,11.87827778,0.224117219
14/11/2020 11:38:58,14.56262302,11.77858639,0.223924622
14/11/2020 11:38:59,14.365695,11.678895,0.223732024
14/11/2020 11:39:00,14.16876698,11.57920456,0.223539427
14/11/2020 11:39:01,14.02887154,11.47951317,0.223346815
14/11/2020 11:39:02,14.23076916,11.37982273,0.223154217
14/11/2020 11:39:03,14.43266678,11.28013134,0.222961619
14/11/2020 11:39:04,14.63456535,11.1804409,0.222769022
14/11/2020 11:39:05,14.83646297,11.08074951,0.222576424
14/11/2020 11:39:06,15,11.03800011,0.222383827
14/11/2020 11:39:07,15,11.23799992,0.222191229
14/11/2020 11:39:08,15,11.43799973,0.221998632
14/11/2020 11:39:09,15,11.63799953,0.221806034
14/11/2020 11:39:10,15,11.8380003,0.221613437
14/11/2020 11:39:11,14.96212101,11.96212101,0.221420839
14/11/2020 11:39:12,14.76275921,11.76275921,0.221228242
14/11/2020 11:39:13,14.56339741,11.56339741,0.22103563
14/11/2020 11:39:14,14.36403465,11.36403465,0.220843032
14/11/2020 11:39:15,14.16467285,11.16467285,0.220650434
14/11/2020 11:39:16,14.03468895,11.03468895,0.220457837
14/11/2020 11:39:17,14.23405075,11.23405075,0.220265239
14/11/2020 11:39:18,14.43341351,11.43341351,0.220072642
14/11/2020 11:39:19,14.63277531,11.63277531,0.219880044
14/11/2020 11:39:20,14.83213711,11.83213711,0.219687447
14/11/2020 11:39:21,14.9684,11.9684,0.219494849
14/11/2020 11:39:22,14.76840019,11.76840019,0.219302252
14/11/2020 11:39:23,14.56840038,11.56840038,0.219109654
14/11/2020 11:39:24,14.36839962,11.36839962,0.218917042
14/11/2020 11:39:25,14.16839981,11.16839981,0.218724445
14/11/2020 11:39:26,14,11,0.218531847
14/11/2020 11:39:27,14,11,0.218339249
14/11/2020 11:39:28,14,11,0.218146652
14/11/2020 11:39:29,14,11,0.217954054
14/11/2020 11:39:30,14,11,0.217761457
14/11/2020 11:39:31,14.02540016,11.02540016,0.217568859
14/11/2020 11:39:32,14.22539997,11.22539997,0.217376262
14/11/2020 11:39:33,14.42539978,11.42539978,0.217183664
14/11/2020 11:39:34,14.62539959,11.62539959,0.216991067
14/11/2020 11:39:35,14.82540035,11.82540035,0.216798469
14/11/2020 11:39:36,15,11.97459984,0.216605857
14/11/2020 11:39:37,15,11.77460003,0.21641326
14/11/2020 11:39:38,15,11.57460022,0.216220662
14/11/2020 11:39:39,15,11.37460041,0.216028064
14/11/2020 11:39:40,15,11.17459965,0.215835467
14/11/2020 11:39:41,15,11.02516365,0.215642869
14/11/2020 11:39:42,15,11.22330093,0.215450272
14/11/2020 11:39:43,15,11.42143822,0.215257674
14/11/2020 11:39:44,15,11.61957645,0.215065077
14/11/2020 11:39:45,15,11.81771374,0.214872479
14/11/2020 11:39:46,14.99198723,11.99198723,0.214679882
14/11/2020 11:39:47,14.89182663,11.89182663,0.21448727
14/11/2020 11:39:48,14.79166698,11.79166698,0.214294672
14/11/2020 11:39:49,14.69150639,11.69150639,0.214102075
14/11/2020 11:39:50,14.59134579,11.59134579,0.213909477
14/11/2020 11:39:51,14.49118614,11.49118614,0.213716879
14/11/2020 11:39:52,14.39102554,11.39102554,0.213524282
14/11/2020 11:39:53,14.29086494,11.29086494,0.213331684
14/11/2020 11:39:54,14.1907053,11.1907053,0.213139087
14/11/2020 11:39:55,14.0905447,11.0905447,0.212946489
14/11/2020 11:39:56,14.01913834,11.01913834,0.212753892
14/11/2020 11:39:57,14.21850109,11.21850109,0.212561294
14/11/2020 11:39:58,14.41786289,11.41786289,0.212368682
14/11/2020 11:39:59,14.61722469,11.61722469,0.212176085
14/11/2020 11:40:00,14.81658649,11.81658649,0.211983487
14/11/2020 11:40:01,14.98409843,11.98409843,0.21179089
14/11/2020 11:40:02,14.78533077,11.78533077,0.211598292
14/11/2020 11:40:03,14.58656311,11.58656311,0.211405694
14/11/2020 11:40:04,14.38779545,11.38779545,0.211213097
14/11/2020 11:40:05,14.18902779,11.18902779,0.211020499
14/11/2020 11:40:06,14.00976849,11.00976849,0.210827902
14/11/2020 11:40:07,14.20913124,11.20913124,0.210635304
14/11/2020 11:40:08,14.40849304,11.40849304,0.210442707
14/11/2020 11:40:09,14.60785484,11.60785484,0.210250109
14/11/2020 11:40:10,14.80721664,11.80721664,0.210057497
14/11/2020 11:40:11,14.99346161,11.99671555,0.2098649
14/11/2020 11:40:12,14.79532433,11.89718342,0.209672302
14/11/2020 11:40:13,14.59718609,11.79765129,0.209479704
14/11/2020 11:40:14,14.39904881,11.69811916,0.209287107
14/11/2020 11:40:15,14.20091152,11.59858704,0.209094509
14/11/2020 11:40:16,14.00277424,11.49905491,0.208901912
14/11/2020 11:40:17,14.19719982,11.39952183,0.208709314
14/11/2020 11:40:18,14.39719963,11.2999897,0.208516717
14/11/2020 11:40:19,14.59720039,11.20045757,0.208324119
14/11/2020 11:40:20,14.7972002,11.10092545,0.208131522
14/11/2020 11:40:21,14.99720001,11.00139332,0.20793891
14/11/2020 11:40:22,15,11.19657135,0.207746312
14/11/2020 11:40:23,15,11.39593315,0.207553715
14/11/2020 11:40:24,15,11.59529495,0.207361117
14/11/2020 11:40:25,15,11.79465675,0.207168519
14/11/2020 11:40:26,15,11.99401951,0.206975922
14/11/2020 11:40:27,15,11.80599976,0.206783324
14/11/2020 11:40:28,15,11.60599995,0.206590727
14/11/2020 11:40:29,15,11.40600014,0.206398129
14/11/2020 11:40:30,15,11.20600033,0.206205532
14/11/2020 11:40:31,15,11.00599957,0.206012934
14/11/2020 11:40:32,15,11.19341946,0.205820337
14/11/2020 11:40:33,15,11.39282131,0.205627725
14/11/2020 11:40:34,15,11.59222317,0.205435127
14/11/2020 11:40:35,15,11.79162502,0.20524253
14/11/2020 11:40:36,15,11.99102688,0.205049932
14/11/2020 11:40:37,14.80960941,11.90480423,0.204857334
14/11/2020 11:40:38,14.61024761,11.80512333,0.204664737
14/11/2020 11:40:39,14.41088486,11.70544243,0.204472139
14/11/2020 11:40:40,14.21152306,11.60576153,0.204279542
14/11/2020 11:40:41,14.01216125,11.50608063,0.204086944
14/11/2020 11:40:42,14.09375,11.40639973,0.203894347
14/11/2020 11:40:43,14.19359016,11.30671883,0.203701749
14/11/2020 11:40:44,14.29343033,11.20703793,0.203509137
14/11/2020 11:40:45,14.39327049,11.10735607,0.20331654
14/11/2020 11:40:46,14.49311066,11.00767517,0.203123942
14/11/2020 11:40:47,14.59295082,11.18459988,0.202931345
14/11/2020 11:40:48,14.69279194,11.38459969,0.202738747
14/11/2020 11:40:49,14.7926321,11.58460045,0.202546149
14/11/2020 11:40:50,14.89247227,11.78460026,0.202353552
14/11/2020 11:40:51,14.99231243,11.98460007,0.202160954
14/11/2020 11:40:52,15,11.81653786,0.201968357
14/11/2020 11:40:53,15,11.6177702,0.201775759
14/11/2020 11:40:54,15,11.41900253,0.201583162
14/11/2020 11:40:55,15,11.22023487,0.201390564
14/11/2020 11:40:56,15,11.02146721,0.201197952
14/11/2020 11:40:57,15,11.17730045,0.201005355
14/11/2020 11:40:58,15,11.37606812,0.200812757
14/11/2020 11:40:59,15,11.57483578,0.20062016
14/11/2020 11:41:00,15,11.77360344,0.200427562
14/11/2020 11:41:01,15,11.9723711,0.200234964
14/11/2020 11:41:02,14.82940388,11.9144392,0.200042367
14/11/2020 11:41:03,14.63126564,11.81506538,0.199849769
14/11/2020 11:41:04,14.43312836,11.71569157,0.199657172
14/11/2020 11:41:05,14.23499107,11.6163168,0.199464574
14/11/2020 11:41:06,14.03685379,11.51694298,0.199271977
14/11/2020 11:41:07,14.16228104,11.41756916,0.199079365
14/11/2020 11:41:08,14.36164284,11.31819534,0.198886767
14/11/2020 11:41:09,14.56100464,11.21882153,0.19869417
14/11/2020 11:41:10,14.76036644,11.11944771,0.198501572
14/11/2020 11:41:11,14.95972919,11.02007389,0.198308975
14/11/2020 11:41:12,15,11.15811348,0.198116377
14/11/2020 11:41:13,15,11.35625076,0.197923779
14/11/2020 11:41:14,15,11.554389,0.197731182
14/11/2020 11:41:15,15,11.75252628,0.197538584
14/11/2020 11:41:16,15,11.95066357,0.197345987
14/11/2020 11:41:17,14.85072517,11.85072517,0.197153389
14/11/2020 11:41:18,14.65195751,11.65195751,0.196960792
14/11/2020 11:41:19,14.45318985,11.45318985,0.19676818
14/11/2020 11:41:20,14.25442219,11.25442219,0.196575582
14/11/2020 11:41:21,14.05565453,11.05565453,0.196382985
14/11/2020 11:41:22,14.14178848,11.14178848,0.196190387
14/11/2020 11:41:23,14.33871555,11.33871555,0.19599779
14/11/2020 11:41:24,14.53564358,11.53564358,0.195805192
14/11/2020 11:41:25,14.7325716,11.7325716,0.195612594
14/11/2020 11:41:26,14.92949963,11.92949963,0.195419997
14/11/2020 11:41:27,14.87160015,11.87160015,0.195227399
14/11/2020 11:41:28,14.67160034,11.67160034,0.195034802
14/11/2020 11:41:29,14.47159958,11.47159958,0.194842204
14/11/2020 11:41:30,14.27159977,11.27159977,0.194649592
14/11/2020 11:41:31,14.07159996,11.07159996,0.194456995
14/11/2020 11:41:32,14.06370354,11,0.194264397
14/11/2020 11:41:33,14.16292953,11,0.1940718
14/11/2020 11:41:34,14.26215553,11,0.193879202
14/11/2020 11:41:35,14.36138153,11,0.193686604
14/11/2020 11:41:36,14.46060753,11,0.193494007
14/11/2020 11:41:37,14.55983353,11,0.193301409
14/11/2020 11:41:38,14.65905952,11,0.193108812
14/11/2020 11:41:39,14.75828552,11,0.192916214
14/11/2020 11:41:40,14.85751152,11,0.192723617
14/11/2020 11:41:41,14.95673752,11,0.192531019
14/11/2020 11:41:42,14.88928127,11,0.192338407
14/11/2020 11:41:43,14.69297218,11,0.19214581
14/11/2020 11:41:44,14.49666309,11,0.191953212
14/11/2020 11:41:45,14.30035305,11,0.191760615
14/11/2020 11:41:46,14.10404396,11,0.191568017
14/11/2020 11:41:47,14.0942831,11.0942831,0.191375419
14/11/2020 11:41:48,14.29488468,11.29488468,0.191182822
14/11/2020 11:41:49,14.49548626,11.49548626,0.190990224
14/11/2020 11:41:50,14.69608784,11.69608784,0.190797627
14/11/2020 11:41:51,14.89669037,11.89669037,0.190605029
14/11/2020 11:41:52,14.90418816,11.95187569,0.190412432
14/11/2020 11:41:53,14.70663738,11.85264969,0.19021982
14/11/2020 11:41:54,14.50908756,11.75342369,0.190027222
14/11/2020 11:41:55,14.31153679,11.65419769,0.189834625
14/11/2020 11:41:56,14.11398697,11.55497169,0.189642027
14/11/2020 11:41:57,14.04230022,11.45574474,0.18944943
14/11/2020 11:41:58,14.14229965,11.35651875,0.189256832
14/11/2020 11:41:59,14.24230003,11.25729275,0.189064234
14/11/2020 11:42:00,14.34230042,11.15806675,0.188871637
14/11/2020 11:42:01,14.44229984,11.05884075,0.188679039
14/11/2020 11:42:02,14.54230022,11.08166122,0.188486442
14/11/2020 11:42:03,14.64229965,11.28230381,0.188293844
14/11/2020 11:42:04,14.74230003,11.48294544,0.188101247
14/11/2020 11:42:05,14.84230042,11.68358707,0.187908635
14/11/2020 11:42:06,14.94229984,11.88422966,0.187716037
14/11/2020 11:42:07,14.91566944,11.91566944,0.18752344
14/11/2020 11:42:08,14.71630764,11.71630764,0.187330842
14/11/2020 11:42:09,14.51694584,11.51694584,0.187138245
14/11/2020 11:42:10,14.31758404,11.31758404,0.186945647
14/11/2020 11:42:11,14.11822128,11.11822128,0.186753049
14/11/2020 11:42:12,14.08166122,11.08166122,0.186560452
14/11/2020 11:42:13,14.28230381,11.28230381,0.186367854
14/11/2020 11:42:14,14.48294544,11.48294544,0.186175257
14/11/2020 11:42:15,14.68358707,11.68358707,0.185982659
14/11/2020 11:42:16,14.88422966,11.88422966,0.185790047
14/11/2020 11:42:17,14.91566944,11.91566944,0.18559745
14/11/2020 11:42:18,14.71630764,11.71630764,0.185404852
14/11/2020 11:42:19,14.51694584,11.51694584,0.185212255
14/11/2020 11:42:20,14.31758404,11.31758404,0.185019657
14/11/2020 11:42:21,14.11822128,11.11822128,0.18482706
14/11/2020 11:42:22,14.04050922,11,0.184634462
14/11/2020 11:42:23,14.14004135,11,0.184441864
14/11/2020 11:42:24,14.23957443,11,0.184249267
14/11/2020 11:42:25,14.33910656,11,0.184056669
14/11/2020 11:42:26,14.43863869,11,0.183864072
14/11/2020 11:42:27,14.53817081,11.07495975,0.183671474
14/11/2020 11:42:28,14.63770294,11.27432251,0.183478862
14/11/2020 11:42:29,14.73723507,11.47368431,0.183286265
14/11/2020 11:42:30,14.8367672,11.67304611,0.183093667
14/11/2020 11:42:31,14.93629932,11.87240791,0.18290107
14/11/2020 11:42:32,15,11.92889595,0.182708472
14/11/2020 11:42:33,15,11.73138428,0.182515875
14/11/2020 11:42:34,15,11.53387356,0.182323277
14/11/2020 11:42:35,15,11.33636189,0.182130679
14/11/2020 11:42:36,15,11.13885021,0.181938082
14/11/2020 11:42:37,15,11.0593996,0.181745484
14/11/2020 11:42:38,15,11.25940037,0.181552887
14/11/2020 11:42:39,15,11.45940018,0.181360275
14/11/2020 11:42:40,15,11.65939999,0.181167677
14/11/2020 11:42:41,15,11.8593998,0.18097508
14/11/2020 11:42:42,14.94077778,11.97029972,0.180782482
14/11/2020 11:42:43,14.74137592,11.87030029,0.180589885
14/11/2020 11:42:44,14.54197407,11.77029991,0.180397287
14/11/2020 11:42:45,14.34257221,11.67029953,0.18020469
14/11/2020 11:42:46,14.14317036,11.5703001,0.180012092
14/11/2020 11:42:47,14.05657005,11.47029972,0.179819494
14/11/2020 11:42:48,14.25717163,11.37030029,0.179626897
14/11/2020 11:42:49,14.45777321,11.27029991,0.179434299
14/11/2020 11:42:50,14.65837479,11.17029953,0.179241702
14/11/2020 11:42:51,14.85897732,11.0703001,0.17904909
14/11/2020 11:42:52,15,11,0.178856492
14/11/2020 11:42:53,15,11,0.178663895
14/11/2020 11:42:54,15,11,0.178471297
14/11/2020 11:42:55,15,11,0.1782787
14/11/2020 11:42:56,15,11,0.178086102
14/11/2020 11:42:57,14.9435997,11,0.177893505
14/11/2020 11:42:58,14.74359989,11,0.177700907
14/11/2020 11:42:59,14.54360008,11,0.177508309
14/11/2020 11:43:00,14.34360027,11,0.177315712
14/11/2020 11:43:01,14.14360046,11,0.177123114
14/11/2020 11:43:02,14.0564003,11.0564003,0.176930502
14/11/2020 11:43:03,14.25640011,11.25640011,0.176737905
14/11/2020 11:43:04,14.45639992,11.45639992,0.176545307
14/11/2020 11:43:05,14.65639973,11.65639973,0.17635271
14/11/2020 11:43:06,14.85639954,11.85639954,0.176160112
14/11/2020 11:43:07,14.94377995,11.94377995,0.175967515
14/11/2020 11:43:08,14.74441814,11.74441814,0.175774917
14/11/2020 11:43:09,14.54505539,11.54505539,0.175582319
14/11/2020 11:43:10,14.34569359,11.34569359,0.175389722
14/11/2020 11:43:11,14.14633179,11.14633179,0.175197124
14/11/2020 11:43:12,14.05287266,11.05287266,0.175004527
14/11/2020 11:43:13,14.25163937,11.25163937,0.174811929
14/11/2020 11:43:14,14.45040703,11.45040703,0.174619317
14/11/2020 11:43:15,14.64917469,11.64917469,0.17442672
14/11/2020 11:43:16,14.84794235,11.84794235,0.174234122
14/11/2020 11:43:17,15,12,0.174041525
14/11/2020 11:43:18,15,12,0.173848927
14/11/2020 11:43:19,15,12,0.17365633
14/11/2020 11:43:20,15,12,0.173463732
14/11/2020 11:43:21,15,12,0.173271134
14/11/2020 11:43:22,14.95989704,11.95989704,0.173078537
14/11/2020 11:43:23,14.76234722,11.76234722,0.172885939
14/11/2020 11:43:24,14.56479645,11.56479645,0.172693342
14/11/2020 11:43:25,14.36724567,11.36724567,0.17250073
14/11/2020 11:43:26,14.16969585,11.16969585,0.172308132
14/11/2020 11:43:27,14.02820015,11.02820015,0.172115535
14/11/2020 11:43:28,14.22819996,11.22819996,0.171922937
14/11/2020 11:43:29,14.42819977,11.42819977,0.17173034
14/11/2020 11:43:30,14.62819958,11.62819958,0.171537742
14/11/2020 11:43:31,14.82820034,11.82820034,0.171345145
14/11/2020 11:43:32,14.97179985,11.97179985,0.171152547
14/11/2020 11:43:33,14.77180004,11.77180004,0.170959949
14/11/2020 11:43:34,14.57180023,11.57180023,0.170767352
14/11/2020 11:43:35,14.37180042,11.37180042,0.170574754
14/11/2020 11:43:36,14.17179966,11.17179966,0.170382142
14/11/2020 11:43:37,14.01405525,11.0281105,0.170189545
14/11/2020 11:43:38,14.11373615,11.22747231,0.169996947
14/11/2020 11:43:39,14.21341705,11.42683411,0.16980435
14/11/2020 11:43:40,14.31309795,11.62619591,0.169611752
14/11/2020 11:43:41,14.41277885,11.82555866,0.169419155
14/11/2020 11:43:42,14.51245975,11.97507954,0.169226557
14/11/2020 11:43:43,14.61214161,11.77571774,0.16903396
14/11/2020 11:43:44,14.71182251,11.57635593,0.168841362
14/11/2020 11:43:45,14.81150341,11.37699318,0.168648764
14/11/2020 11:43:46,14.91118431,11.17763138,0.168456167
14/11/2020 11:43:47,15,11,0.168263569
14/11/2020 11:43:48,15,11,0.168070957
14/11/2020 11:43:49,15,11,0.16787836
14/11/2020 11:43:50,15,11,0.167685762
14/11/2020 11:43:51,15,11,0.167493165
14/11/2020 11:43:52,15,11.01232338,0.167300567
14/11/2020 11:43:53,15,11.21109104,0.16710797
14/11/2020 11:43:54,15,11.4098587,0.166915372
14/11/2020 11:43:55,15,11.60862637,0.166722775
14/11/2020 11:43:56,15,11.80739403,0.166530177
14/11/2020 11:43:57,14.99385738,11.99385738,0.166337579
14/11/2020 11:43:58,14.7957201,11.7957201,0.166144982
14/11/2020 11:43:59,14.59758282,11.59758282,0.16595237
14/11/2020 11:44:00,14.39944553,11.39944553,0.165759772
14/11/2020 11:44:01,14.2013073,11.2013073,0.165567175
14/11/2020 11:44:02,14.00317001,11.00317001,0.165374577
14/11/2020 11:44:03,14.09748363,11.09748363,0.16518198
14/11/2020 11:44:04,14.19655228,11.19655228,0.164989382
14/11/2020 11:44:05,14.29562092,11.29562092,0.164796785
14/11/2020 11:44:06,14.39468956,11.39468956,0.164604187
14/11/2020 11:44:07,14.4937582,11.4937582,0.16441159
14/11/2020 11:44:08,14.5928278,11.5928278,0.164218992
14/11/2020 11:44:09,14.69189644,11.69189644,0.164026394
14/11/2020 11:44:10,14.79096508,11.79096508,0.163833797
14/11/2020 11:44:11,14.89003372,11.89003372,0.163641185
14/11/2020 11:44:12,14.98910236,11.98910236,0.163448587
14/11/2020 11:44:13,15,11.82309723,0.16325599
14/11/2020 11:44:14,15,11.62432957,0.163063392
14/11/2020 11:44:15,15,11.4255619,0.162870795
14/11/2020 11:44:16,15,11.22679424,0.162678197
14/11/2020 11:44:17,15,11.02802658,0.1624856
14/11/2020 11:44:18,15,11.17125225,0.162293002
14/11/2020 11:44:19,15,11.37061405,0.162100405
14/11/2020 11:44:20,15,11.56997585,0.161907807
14/11/2020 11:44:21,15,11.76933765,0.161715209
14/11/2020 11:44:22,15,11.96870041,0.161522597
14/11/2020 11:44:23,15,11.83243847,0.16133
14/11/2020 11:44:24,15,11.63367081,0.161137402
14/11/2020 11:44:25,15,11.43490314,0.160944805
14/11/2020 11:44:26,15,11.23613548,0.160752207
14/11/2020 11:44:27,15,11.03736877,0.16055961
14/11/2020 11:44:28,15,11,0.160367012
14/11/2020 11:44:29,15,11,0.160174415
14/11/2020 11:44:30,15,11,0.159981817
14/11/2020 11:44:31,15,11,0.159789219
14/11/2020 11:44:32,15,11,0.159596622
14/11/2020 11:44:33,15,11.14904594,0.159404024
14/11/2020 11:44:34,15,11.34777451,0.159211412
14/11/2020 11:44:35,15,11.54650211,0.159018815
14/11/2020 11:44:36,15,11.74523067,0.158826217
14/11/2020 11:44:37,15,11.94395828,0.15863362
14/11/2020 11:44:38,14.85815907,11.85815907,0.158441022
14/11/2020 11:44:39,14.66060829,11.66060829,0.158248425
14/11/2020 11:44:40,14.46305847,11.46305847,0.158055827
14/11/2020 11:44:41,14.2655077,11.2655077,0.15786323
14/11/2020 11:44:42,14.06795692,11.06795692,0.157670632
14/11/2020 11:44:43,14.13078117,11.13078117,0.157478034
14/11/2020 11:44:44,14.33014393,11.33014393,0.157285437
14/11/2020 11:44:45,14.52950573,11.52950573,0.157092825
14/11/2020 11:44:46,14.72886753,11.72886753,0.156900227
14/11/2020 11:44:47,14.92822933,11.92822933,0.15670763
14/11/2020 11:44:48,14.93640041,11.93640041,0.156515032
14/11/2020 11:44:49,14.8370266,11.8370266,0.156322435
14/11/2020 11:44:50,14.73765278,11.73765278,0.156129837
14/11/2020 11:44:51,14.63827896,11.63827896,0.15593724
14/11/2020 11:44:52,14.53890514,11.53890514,0.155744642
14/11/2020 11:44:53,14.43953133,11.43953133,0.155552045
14/11/2020 11:44:54,14.34015656,11.34015656,0.155359447
14/11/2020 11:44:55,14.24078274,11.24078274,0.155166849
14/11/2020 11:44:56,14.14140892,11.14140892,0.154974252
14/11/2020 11:44:57,14.0420351,11.0420351,0.15478164
14/11/2020 11:44:58,14.05716801,11,0.154589042
14/11/2020 11:44:59,14.15624714,11,0.154396445
14/11/2020 11:45:00,14.25532532,11,0.154203847
14/11/2020 11:45:01,14.35440445,11,0.15401125
14/11/2020 11:45:02,14.45348263,11,0.153818652
14/11/2020 11:45:03,14.55256081,11,0.153626055
14/11/2020 11:45:04,14.65163994,11,0.153433457
14/11/2020 11:45:05,14.75071812,11,0.15324086
14/11/2020 11:45:06,14.84979725,11,0.153048262
14/11/2020 11:45:07,14.94887543,11,0.152855664
14/11/2020 11:45:08,15,11.09649086,0.152663052
14/11/2020 11:45:09,15,11.29585361,0.152470455
14/11/2020 11:45:10,15,11.49521542,0.152277857
14/11/2020 11:45:11,15,11.69457722,0.15208526
14/11/2020 11:45:12,15,11.89393902,0.151892662
14/11/2020 11:45:13,14.90581608,11.90581608,0.151700065
14/11/2020 11:45:14,14.70456791,11.70456791,0.151507467
14/11/2020 11:45:15,14.50332069,11.50332069,0.15131487
14/11/2020 11:45:16,14.30207253,11.30207253,0.151122272
14/11/2020 11:45:17,14.10082531,11.10082531,0.150929675
14/11/2020 11:45:18,14.09980011,11,0.150737077
14/11/2020 11:45:19,14.29979992,11,0.150544479
14/11/2020 11:45:20,14.49979973,11,0.150351867
14/11/2020 11:45:21,14.69979954,11,0.15015927
14/11/2020 11:45:22,14.8998003,11,0.149966672
14/11/2020 11:45:23,15,11.09950161,0.149774075
14/11/2020 11:45:24,15,11.29890347,0.149581477
14/11/2020 11:45:25,15,11.49830532,0.14938888
14/11/2020 11:45:26,15,11.69770718,0.149196282
14/11/2020 11:45:27,15,11.89710903,0.149003685
14/11/2020 11:45:28,15,11.90321922,0.148811087
14/11/2020 11:45:29,15,11.70325947,0.14861849
14/11/2020 11:45:30,15,11.50329971,0.148425892
14/11/2020 11:45:31,15,11.303339,0.14823328
14/11/2020 11:45:32,15,11.10337925,0.148040682
14/11/2020 11:45:33,15,11.09571934,0.147848085
14/11/2020 11:45:34,15,11.29389572,0.147655487
14/11/2020 11:45:35,15,11.49207306,0.14746289
14/11/2020 11:45:36,15,11.69024944,0.147270292
14/11/2020 11:45:37,15,11.88842678,0.147077695
14/11/2020 11:45:38,15,11.91261768,0.146885097
14/11/2020 11:45:39,15,11.71265793,0.1466925
14/11/2020 11:45:40,15,11.51269722,0.146499902
14/11/2020 11:45:41,15,11.31273746,0.146307305
14/11/2020 11:45:42,15,11.11277771,0.146114707
14/11/2020 11:45:43,15,11.08720016,0.145922095
14/11/2020 11:45:44,15,11.28719997,0.145729497
14/11/2020 11:45:45,15,11.48719978,0.1455369
14/11/2020 11:45:46,15,11.68719959,0.145344302
14/11/2020 11:45:47,15,11.88720036,0.145151705
14/11/2020 11:45:48,15,12,0.144959107
14/11/2020 11:45:49,15,12,0.14476651
14/11/2020 11:45:50,15,12,0.144573912
14/11/2020 11:45:51,15,12,0.144381315
14/11/2020 11:45:52,15,12,0.144188717
14/11/2020 11:45:53,15,11.92543888,0.143996119
14/11/2020 11:45:54,15,11.72607613,0.143803507
14/11/2020 11:45:55,15,11.52671432,0.14361091
14/11/2020 11:45:56,15,11.32735252,0.143418312
14/11/2020 11:45:57,15,11.12799072,0.143225715
14/11/2020 11:45:58,15,11.0718298,0.143033117
14/11/2020 11:45:59,15,11.27247238,0.14284052
14/11/2020 11:46:00,15,11.47311401,0.142647922
14/11/2020 11:46:01,15,11.67375565,0.142455325
14/11/2020 11:46:02,15,11.87439823,0.142262727
14/11/2020 11:46:03,14.9249754,11.9249754,0.14207013
14/11/2020 11:46:04,14.72437286,11.72437286,0.141877532
14/11/2020 11:46:05,14.52377129,11.52377129,0.141684934
14/11/2020 11:46:06,14.32316971,11.32316971,0.141492322
14/11/2020 11:46:07,14.12256813,11.12256813,0.141299725
14/11/2020 11:46:08,14.03878021,11.03878021,0.141107127
14/11/2020 11:46:09,14.13847065,11.13847065,0.14091453
14/11/2020 11:46:10,14.23816204,11.23816204,0.140721932
14/11/2020 11:46:11,14.33785248,11.33785248,0.140529335
14/11/2020 11:46:12,14.43754387,11.43754387,0.140336737
14/11/2020 11:46:13,14.53723431,11.53723431,0.14014414
14/11/2020 11:46:14,14.6369257,11.6369257,0.139951542
14/11/2020 11:46:15,14.73661613,11.73661613,0.139758945
14/11/2020 11:46:16,14.83630753,11.83630753,0.139566347
14/11/2020 11:46:17,14.93599796,11.93599796,0.139373735
14/11/2020 11:46:18,15,12,0.139181137
14/11/2020 11:46:19,15,12,0.13898854
14/11/2020 11:46:20,15,12,0.138795942
14/11/2020 11:46:21,15,12,0.138603345
14/11/2020 11:46:22,15,12,0.138410747
14/11/2020 11:46:23,15,12,0.13821815
14/11/2020 11:46:24,15,12,0.138025552
14/11/2020 11:46:25,15,12,0.137832955
14/11/2020 11:46:26,15,12,0.137640357
14/11/2020 11:46:27,15,12,0.13744776
14/11/2020 11:46:28,15,11.94957447,0.137255162
14/11/2020 11:46:29,15,11.74706364,0.13706255
14/11/2020 11:46:30,15,11.5445528,0.136869952
14/11/2020 11:46:31,15,11.34204102,0.136677355
14/11/2020 11:46:32,15,11.13953018,0.136484757
14/11/2020 11:46:33,15,11.06219959,0.13629216
14/11/2020 11:46:34,15,11.26220036,0.136099562
14/11/2020 11:46:35,15,11.46220016,0.135906965
14/11/2020 11:46:36,15,11.66219997,0.135714367
14/11/2020 11:46:37,15,11.86219978,0.13552177
14/11/2020 11:46:38,15,12,0.135329172
14/11/2020 11:46:39,15,12,0.135136575
14/11/2020 11:46:40,15,12,0.134943962
14/11/2020 11:46:41,15,12,0.134751365
14/11/2020 11:46:42,15,12,0.134558767
14/11/2020 11:46:43,15,11.95024109,0.13436617
14/11/2020 11:46:44,15,11.7495985,0.134173572
14/11/2020 11:46:45,15,11.54895687,0.133980975
14/11/2020 11:46:46,15,11.34831429,0.133788377
14/11/2020 11:46:47,15,11.14767265,0.13359578
14/11/2020 11:46:48,15,11.05263138,0.133403182
14/11/2020 11:46:49,15,11.25199318,0.133210585
14/11/2020 11:46:50,15,11.45135593,0.133017987
14/11/2020 11:46:51,15,11.65071774,0.13282539
14/11/2020 11:46:52,15,11.85007954,0.132632777
14/11/2020 11:46:53,14.95054817,11.95054817,0.13244018
14/11/2020 11:46:54,14.75114632,11.75114632,0.132247582
14/11/2020 11:46:55,14.55174446,11.55174446,0.132054985
14/11/2020 11:46:56,14.35234261,11.35234261,0.131862387
14/11/2020 11:46:57,14.15294075,11.15294075,0.13166979
14/11/2020 11:46:58,14.04588413,11.04588413,0.131477192
14/11/2020 11:46:59,14.24281216,11.24281216,0.131284595
14/11/2020 11:47:00,14.43974018,11.43974018,0.131091997
14/11/2020 11:47:01,14.63666821,11.63666821,0.1308994
14/11/2020 11:47:02,14.83359623,11.83359623,0.130706802
14/11/2020 11:47:03,15,12,0.13051419
14/11/2020 11:47:04,15,12,0.130321592
14/11/2020 11:47:05,15,12,0.130128995
14/11/2020 11:47:06,15,12,0.129936397
14/11/2020 11:47:07,15,12,0.1297438
14/11/2020 11:47:08,15,11.98493862,0.129551202
14/11/2020 11:47:09,15,11.78676224,0.129358605
14/11/2020 11:47:10,15,11.5885849,0.129166007
14/11/2020 11:47:11,15,11.39040852,0.12897341
14/11/2020 11:47:12,15,11.19223118,0.128780812
14/11/2020 11:47:13,15,11.00598049,0.128588215
14/11/2020 11:47:14,15,11.20534325,0.128395602
14/11/2020 11:47:15,15,11.40470505,0.128203005
14/11/2020 11:47:16,15,11.60406685,0.128010407
14/11/2020 11:47:17,15,11.80342865,0.12781781
14/11/2020 11:47:18,15,11.9972086,0.127625212
14/11/2020 11:47:19,15,11.79784679,0.127432615
14/11/2020 11:47:20,15,11.59848499,0.127240017
14/11/2020 11:47:21,15,11.39912319,0.12704742
14/11/2020 11:47:22,15,11.19976044,0.126854822
14/11/2020 11:47:23,15,11.00039864,0.126662225
14/11/2020 11:47:24,15,11.19836998,0.126469627
14/11/2020 11:47:25,15,11.39713764,0.12627703
14/11/2020 11:47:26,15,11.5959053,0.126084417
14/11/2020 11:47:27,15,11.79467297,0.12589182
14/11/2020 11:47:28,15,11.99344063,0.125699222
14/11/2020 11:47:29,15,12,0.125506625
14/11/2020 11:47:30,15,12,0.125314027
14/11/2020 11:47:31,15,12,0.12512143
14/11/2020 11:47:32,15,12,0.124928832
14/11/2020 11:47:33,15,12,0.124736235
14/11/2020 11:47:34,15,11.82031441,0.124543637
14/11/2020 11:47:35,15,11.62154675,0.124351032
14/11/2020 11:47:36,15,11.42277908,0.124158435
14/11/2020 11:47:37,15,11.22401142,0.123965837
14/11/2020 11:47:38,15,11.02524376,0.12377324
14/11/2020 11:47:39,15,11.17297363,0.123580642
14/11/2020 11:47:40,15,11.37111187,0.123388037
14/11/2020 11:47:41,15,11.56924915,0.12319544
14/11/2020 11:47:42,15,11.76738644,0.123002842
14/11/2020 11:47:43,15,11.96552372,0.122810245
14/11/2020 11:47:44,15,11.83682346,0.122617647
14/11/2020 11:47:45,15,11.63927269,0.12242505
14/11/2020 11:47:46,15,11.44172287,0.122232445
14/11/2020 11:47:47,15,11.2441721,0.122039847
14/11/2020 11:47:48,15,11.04662228,0.12184725
14/11/2020 11:47:49,15,11.15182877,0.121654652
14/11/2020 11:47:50,15,11.35055637,0.121462055
14/11/2020 11:47:51,15,11.54928493,0.121269457
14/11/2020 11:47:52,15,11.74801254,0.121076852
14/11/2020 11:47:53,15,11.9467411,0.120884255
14/11/2020 11:47:54,15,11.92714214,0.120691657
14/11/2020 11:47:55,15,11.82761002,0.12049906
14/11/2020 11:47:56,15,11.72807789,0.120306462
14/11/2020 11:47:57,15,11.62854576,0.120113865
14/11/2020 11:47:58,15,11.52901363,0.11992126
14/11/2020 11:47:59,15,11.42948151,0.119728662
14/11/2020 11:48:00,15,11.32994938,0.119536065
14/11/2020 11:48:01,15,11.23041725,0.119343467
14/11/2020 11:48:02,15,11.13088512,0.11915087
14/11/2020 11:48:03,15,11.031353,0.118958265
14/11/2020 11:48:04,15,11.13700008,0.118765667
14/11/2020 11:48:05,15,11.33699989,0.11857307
14/11/2020 11:48:06,15,11.5369997,0.118380472
14/11/2020 11:48:07,15,11.73700047,0.118187875
14/11/2020 11:48:08,15,11.93700027,0.117995277
14/11/2020 11:48:09,15,11.86341,0.117802672
14/11/2020 11:48:10,15,11.66400814,0.117610075
14/11/2020 11:48:11,15,11.46460629,0.117417477
14/11/2020 11:48:12,15,11.26520443,0.11722488
14/11/2020 11:48:13,15,11.06580257,0.117032282
14/11/2020 11:48:14,15,11.13314819,0.116839685
14/11/2020 11:48:15,15,11.3318758,0.11664708
14/11/2020 11:48:16,15,11.53060436,0.116454482
14/11/2020 11:48:17,15,11.72933197,0.116261885
14/11/2020 11:48:18,15,11.92806053,0.116069287
14/11/2020 11:48:19,15,11.8719902,0.11587669
14/11/2020 11:48:20,15,11.67134857,0.115684085
14/11/2020 11:48:21,15,11.47070599,0.115491487
14/11/2020 11:48:22,15,11.27006435,0.11529889
14/11/2020 11:48:23,15,11.06942177,0.115106292
14/11/2020 11:48:24,14.87041759,11,0.114913695
14/11/2020 11:48:25,14.67228031,11,0.114721097
14/11/2020 11:48:26,14.47414303,11,0.114528492
14/11/2020 11:48:27,14.27600574,11,0.114335895
14/11/2020 11:48:28,14.07786846,11,0.114143297
14/11/2020 11:48:29,14.06098652,11.12178993,0.1139507
14/11/2020 11:48:30,14.16145897,11.32243156,0.113758102
14/11/2020 11:48:31,14.26193142,11.52307415,0.113565505
14/11/2020 11:48:32,14.36240292,11.72371578,0.1133729
14/11/2020 11:48:33,14.46287537,11.92435837,0.113180302
14/11/2020 11:48:34,14.56334782,11.87462234,0.112987705
14/11/2020 11:48:35,14.66382027,11.67337513,0.112795107
14/11/2020 11:48:36,14.76429176,11.47212696,0.11260251
14/11/2020 11:48:37,14.86476421,11.27087975,0.112409912
14/11/2020 11:48:38,14.96523666,11.06963158,0.112217307
14/11/2020 11:48:39,15,11.13080025,0.11202471
14/11/2020 11:48:40,15,11.33080006,0.111832112
14/11/2020 11:48:41,15,11.53079987,0.111639515
14/11/2020 11:48:42,15,11.73079967,0.111446917
14/11/2020 11:48:43,15,11.93080044,0.111254312
14/11/2020 11:48:44,15,12,0.111061715
14/11/2020 11:48:45,15,12,0.110869117
14/11/2020 11:48:46,15,12,0.11067652
14/11/2020 11:48:47,15,12,0.110483922
14/11/2020 11:48:48,15,12,0.110291325
14/11/2020 11:48:49,13.04425812,10.43540668,0.11009872
14/11/2020 11:48:50,10.05382729,8.04306221,0.109906122
14/11/2020 11:48:51,7.063396931,5.650717735,0.109713525
14/11/2020 11:48:52,4.072966576,3.25837326,0.109520927
14/11/2020 11:48:53,1.082535863,0.866028726,0.10932833
14/11/2020 11:48:54,0,0,0.109135732
14/11/2020 11:48:55,0,0,0.108943127
14/11/2020 11:48:56,0,0,0.10875053
14/11/2020 11:48:57,0,0,0.108557932
14/11/2020 11:48:58,0,0,0.108365335
14/11/2020 11:48:59,0,0,0.108172737
14/11/2020 11:49:00,0,0,0.10798014
14/11/2020 11:49:01,0,0,0.107787535
14/11/2020 11:49:02,0,0,0.107594937
14/11/2020 11:49:03,0,0,0.10740234
14/11/2020 11:49:04,0,0,0.107209742
14/11/2020 11:49:05,0,0,0.107017145
14/11/2020 11:49:06,0,0,0.10682454
14/11/2020 11:49:07,0,0,0.106631942
14/11/2020 11:49:08,0,0,0.106439345
14/11/2020 11:49:09,0,0,0.106246747
14/11/2020 11:49:10,0,0,0.10605415
14/11/2020 11:49:11,0,0,0.105861552
14/11/2020 11:49:12,0,0,0.105668947
14/11/2020 11:49:13,0,0,0.10547635
14/11/2020 11:49:14,0,0,0.105283752
14/11/2020 11:49:15,0,0,0.105091155
14/11/2020 11:49:16,0,0,0.104898557
14/11/2020 11:49:17,0,0,0.10470596
14/11/2020 11:49:18,0,0,0.104513355
14/11/2020 11:49:19,0,0,0.104320757
14/11/2020 11:49:20,0,0,0.10412816
14/11/2020 11:49:21,0,0,0.103935562
14/11/2020 11:49:22,0,0,0.103742965
14/11/2020 11:49:23,0,0,0.103550367
14/11/2020 11:49:24,0,0,0.103357762
14/11/2020 11:49:25,0,0,0.103165165
14/11/2020 11:49:26,0,0,0.102972567
14/11/2020 11:49:27,0,0,0.10277997
14/11/2020 11:49:28,0,0,0.102587372
14/11/2020 11:49:29,0,0,0.102394767
14/11/2020 11:49:30,0,0,0.10220217
14/11/2020 11:49:31,0,0,0.102009572
14/11/2020 11:49:32,0,0,0.101816975
14/11/2020 11:49:33,0,0,0.101624377
14/11/2020 11:49:34,0,0,0.10143178
14/11/2020 11:49:35,0,0,0.101239175
14/11/2020 11:49:36,0,0,0.101046577
14/11/2020 11:49:37,0,0,0.10085398
14/11/2020 11:49:38,0,0,0.100661382
14/11/2020 11:49:39,0,0,0.100468785
14/11/2020 11:49:40,0,0,0.100276187
14/11/2020 11:49:41,0,0,0.100083582
14/11/2020 11:49:42,0,0,0.099890985
14/11/2020 11:49:43,0,0,0.099698387
14/11/2020 11:49:44,0,0,0.09950579
14/11/2020 11:49:45,0,0,0.099313192
14/11/2020 11:49:46,0,0,0.099120595
14/11/2020 11:49:47,0,0,0.09892799
14/11/2020 11:49:48,0,0,0.098735392
14/11/2020 11:49:49,0,0,0.098542795
14/11/2020 11:49:50,0,0,0.098350197
14/11/2020 11:49:51,0,0,0.0981576
14/11/2020 11:49:52,0,0,0.097964995
14/11/2020 11:49:53,0,0,0.097772397
14/11/2020 11:49:54,0,0,0.0975798
14/11/2020 11:49:55,0,0,0.097387202
14/11/2020 11:49:56,0,0,0.097194605
14/11/2020 11:49:57,0,0,0.097002007
14/11/2020 11:49:58,0,0,0.096809402
14/11/2020 11:49:59,0,0,0.096616805
14/11/2020 11:50:00,0,0,0.096424207
14/11/2020 11:50:01,0,0,0.09623161
14/11/2020 11:50:02,0,0,0.096039012
14/11/2020 11:50:03,0,0,0.095846415
14/11/2020 11:50:04,0,0,0.09565381
14/11/2020 11:50:05,0,0,0.095461212
14/11/2020 11:50:06,0,0,0.095268615
14/11/2020 11:50:07,0,0,0.095076017
14/11/2020 11:50:08,0,0,0.09488342
14/11/2020 11:50:09,0,0,0.094690815
14/11/2020 11:50:10,0,0,0.094498217
14/11/2020 11:50:11,0,0,0.09430562
14/11/2020 11:50:12,0,0,0.094113022
14/11/2020 11:50:13,0,0,0.093920425
14/11/2020 11:50:14,0,0,0.093727827
14/11/2020 11:50:15,0,0,0.093535222
14/11/2020 11:50:16,0,0,0.093342625
14/11/2020 11:50:17,0,0,0.093150027
14/11/2020 11:50:18,0,0,0.09295743
14/11/2020 11:50:19,0,0,0.092764832
14/11/2020 11:50:20,0,0,0.092572235
14/11/2020 11:50:21,0,0,0.09237963
14/11/2020 11:50:22,0,0,0.092187032
14/11/2020 11:50:23,0,0,0.091994435
14/11/2020 11:50:24,0,0,0.091801837
14/11/2020 11:50:25,0,0,0.09160924
14/11/2020 11:50:26,0,0,0.091416642
14/11/2020 11:50:27,0,0,0.091224037
14/11/2020 11:50:28,0,0,0.09103144
14/11/2020 11:50:29,0,0,0.090838842
14/11/2020 11:50:30,0,0,0.090646245
14/11/2020 11:50:31,0,0,0.090453647
14/11/2020 11:50:32,0,0,0.090261042
14/11/2020 11:50:33,0,0,0.090068445
14/11/2020 11:50:34,0,0,0.089875847
14/11/2020 11:50:35,0,0,0.08968325
14/11/2020 11:50:36,0,0,0.089490652
14/11/2020 11:50:37,0,0,0.089298055
14/11/2020 11:50:38,0,0,0.08910545
14/11/2020 11:50:39,0,0,0.088912852
14/11/2020 11:50:40,0,0,0.088720255
14/11/2020 11:50:41,0,0,0.088527657
14/11/2020 11:50:42,0,0,0.08833506
14/11/2020 11:50:43,0,0,0.088142462
14/11/2020 11:50:44,0,0,0.087949857
14/11/2020 11:50:45,0,0,0.08775726
14/11/2020 11:50:46,0,0,0.087564662
14/11/2020 11:50:47,0,0,0.087372065
14/11/2020 11:50:48,0,0,0.087179467
14/11/2020 11:50:49,0,0,0.08698687
14/11/2020 11:50:50,0,0,0.086794265
14/11/2020 11:50:51,0,0,0.086601667
14/11/2020 11:50:52,0,0,0.08640907
14/11/2020 11:50:53,0,0,0.086216472
14/11/2020 11:50:54,0,0,0.086023875
14/11/2020 11:50:55,0,0,0.08583127
14/11/2020 11:50:56,0,0,0.085638672
14/11/2020 11:50:57,0,0,0.085446075
14/11/2020 11:50:58,0,0,0.085253477
14/11/2020 11:50:59,0,0,0.08506088
14/11/2020 11:51:00,0,0,0.084868282
14/11/2020 11:51:01,0,0,0.084675677
14/11/2020 11:51:02,0,0,0.08448308
14/11/2020 11:51:03,0,0,0.084290482
14/11/2020 11:51:04,0,0,0.084097885
14/11/2020 11:51:05,0,0,0.083905287
14/11/2020 11:51:06,0,0,0.08371269
14/11/2020 11:51:07,0,0,0.083520085
14/11/2020 11:51:08,0,0,0.083327487
14/11/2020 11:51:09,0,0,0.08313489
14/11/2020 11:51:10,0,0,0.082942292
14/11/2020 11:51:11,0,0,0.082749695
14/11/2020 11:51:12,0,0,0.082557097
14/11/2020 11:51:13,0,0,0.082364492
14/11/2020 11:51:14,0,0,0.082171895
14/11/2020 11:51:15,0,0,0.081979297
14/11/2020 11:51:16,0,0,0.0817867
14/11/2020 11:51:17,0,0,0.081594102
14/11/2020 11:51:18,0,0,0.081401497
14/11/2020 11:51:19,0,0,0.0812089
14/11/2020 11:51:20,0,0,0.081016302
14/11/2020 11:51:21,0,0,0.080823705
14/11/2020 11:51:22,0,0,0.080631107
14/11/2020 11:51:23,0,0,0.08043851
14/11/2020 11:51:24,0,0,0.080245905
14/11/2020 11:51:25,0,0,0.080053307
14/11/2020 11:51:26,0,0,0.07986071
14/11/2020 11:51:27,0,0,0.079668112
14/11/2020 11:51:28,0,0,0.079475515
14/11/2020 11:51:29,0,0,0.079282917
14/11/2020 11:51:30,0,0,0.079090312
14/11/2020 11:51:31,0,0,0.078897715
14/11/2020 11:51:32,0,0,0.078705117
14/11/2020 11:51:33,0,0,0.07851252
14/11/2020 11:51:34,0,0,0.078319922
14/11/2020 11:51:35,0,0,0.078127325
14/11/2020 11:51:36,0,0,0.07793472
14/11/2020 11:51:37,0,0,0.077742122
14/11/2020 11:51:38,0,0,0.077549525
14/11/2020 11:51:39,0,0,0.077356927
14/11/2020 11:51:40,0,0,0.07716433
14/11/2020 11:51:41,0,0,0.076971725
14/11/2020 11:51:42,0,0,0.076779127
14/11/2020 11:51:43,0,0,0.07658653
14/11/2020 11:51:44,0,0,0.076393932
14/11/2020 11:51:45,0,0,0.076201335
14/11/2020 11:51:46,0,0,0.076008737
14/11/2020 11:51:47,0,0,0.075816132
14/11/2020 11:51:48,0,0,0.075623535
14/11/2020 11:51:49,0,0,0.075430937
14/11/2020 11:51:50,0,0,0.07523834
14/11/2020 11:51:51,0,0,0.075045742
14/11/2020 11:51:52,0,0,0.074853145
14/11/2020 11:51:53,0,0,0.07466054
14/11/2020 11:51:54,0,0,0.074467942
14/11/2020 11:51:55,0,0,0.074275345
14/11/2020 11:51:56,0,0,0.074082747
14/11/2020 11:51:57,0,0,0.07389015
14/11/2020 11:51:58,0,0,0.073697545
14/11/2020 11:51:59,0,0,0.073504947
14/11/2020 11:52:00,0,0,0.07331235
14/11/2020 11:52:01,0,0,0.073119752
14/11/2020 11:52:02,0,0,0.072927155
14/11/2020 11:52:03,0,0,0.072734557
14/11/2020 11:52:04,0,0,0.072541952
14/11/2020 11:52:05,0,0,0.072349355
14/11/2020 11:52:06,0,0,0.072156757
14/11/2020 11:52:07,0,0,0.07196416
14/11/2020 11:52:08,0,0,0.071771562
14/11/2020 11:52:09,0,0,0.071578965
14/11/2020 11:52:10,0,0,0.07138636
14/11/2020 11:52:11,0,0,0.071193762
14/11/2020 11:52:12,0,0,0.071001165
14/11/2020 11:52:13,0,0,0.070808567
14/11/2020 11:52:14,0,0,0.07061597
14/11/2020 11:52:15,0,0,0.070423372
14/11/2020 11:52:16,0,0,0.070230767
14/11/2020 11:52:17,0,0,0.07003817
14/11/2020 11:52:18,0,0,0.069845572
14/11/2020 11:52:19,0,0,0.069652975
14/11/2020 11:52:20,0,0,0.069460377
14/11/2020 11:52:21,0,0,0.069267772
14/11/2020 11:52:22,0,0,0.069075175
14/11/2020 11:52:23,0,0,0.068882577
14/11/2020 11:52:24,0,0,0.06868998
14/11/2020 11:52:25,0,0,0.068497382
14/11/2020 11:52:26,0,0,0.068304785
14/11/2020 11:52:27,0,0,0.06811218
14/11/2020 11:52:28,0,0,0.067919582
14/11/2020 11:52:29,0,0,0.067726985
14/11/2020 11:52:30,0,0,0.067534387
14/11/2020 11:52:31,0,0,0.06734179
14/11/2020 11:52:32,0,0,0.067149192
14/11/2020 11:52:33,0,0,0.066956587
14/11/2020 11:52:34,0,0,0.06676399
14/11/2020 11:52:35,0,0,0.066571392
14/11/2020 11:52:36,0,0,0.066378795
14/11/2020 11:52:37,0,0,0.066186197
14/11/2020 11:52:38,0,0,0.0659936
14/11/2020 11:52:39,0,0,0.065800995
14/11/2020 11:52:40,0,0,0.065608397
14/11/2020 11:52:41,0,0,0.0654158
14/11/2020 11:52:42,0,0,0.065223202
14/11/2020 11:52:43,0,0,0.065030605
14/11/2020 11:52:44,0,0,0.064838
14/11/2020 11:52:45,0,0,0.064645402
14/11/2020 11:52:46,0,0,0.064452805
14/11/2020 11:52:47,0,0,0.064260207
14/11/2020 11:52:48,0,0,0.06406761
14/11/2020 11:52:49,0,0,0.063875012
14/11/2020 11:52:50,0,0,0.063682407
14/11/2020 11:52:51,0,0,0.06348981
14/11/2020 11:52:52,0,0,0.063297212
14/11/2020 11:52:53,0,0,0.063104615
14/11/2020 11:52:54,0,0,0.062912017
14/11/2020 11:52:55,0,0,0.06271942
14/11/2020 11:52:56,0,0,0.062526815
14/11/2020 11:52:57,0,0,0.062334217
14/11/2020 11:52:58,0,0,0.06214162
14/11/2020 11:52:59,0,0,0.061949022
14/11/2020 11:53:00,0,0,0.061756421
14/11/2020 11:53:01,0,0,0.061563823
14/11/2020 11:53:02,0,0,0.061371226
14/11/2020 11:53:03,0,0,0.061178625
14/11/2020 11:53:04,0,0,0.060986027
14/11/2020 11:53:05,0,0,0.06079343
14/11/2020 11:53:06,0,0,0.060600828
14/11/2020 11:53:07,0,0,0.060408231
14/11/2020 11:53:08,0,0,0.060215633
14/11/2020 11:53:09,0,0,0.060023032
14/11/2020 11:53:10,0,0,0.059830435
14/11/2020 11:53:11,0,0,0.059637837
14/11/2020 11:53:12,0,0,0.059445236
14/11/2020 11:53:13,0,0,0.059252638
14/11/2020 11:53:14,0,0,0.059060037
14/11/2020 11:53:15,0,0,0.05886744
14/11/2020 11:53:16,0,0,0.058674842
14/11/2020 11:53:17,0,0,0.058482241
14/11/2020 11:53:18,0,0,0.058289643
14/11/2020 11:53:19,0,0,0.058097046
14/11/2020 11:53:20,0,0,0.057904445
14/11/2020 11:53:21,0,0,0.057711847
14/11/2020 11:53:22,0,0,0.05751925
14/11/2020 11:53:23,0,0,0.057326648
14/11/2020 11:53:24,0,0,0.057134051
14/11/2020 11:53:25,0,0,0.056941453
14/11/2020 11:53:26,0,0,0.056748852
14/11/2020 11:53:27,0,0,0.056556255
14/11/2020 11:53:28,0,0,0.056363657
14/11/2020 11:53:29,0,0,0.056171056
14/11/2020 11:53:30,0,0,0.055978458
14/11/2020 11:53:31,0,0,0.055785861
14/11/2020 11:53:32,0,0,0.05559326
14/11/2020 11:53:33,0,0,0.055400662
14/11/2020 11:53:34,0,0,0.055208065
14/11/2020 11:53:35,0,0,0.055015463
14/11/2020 11:53:36,0,0,0.054822866
14/11/2020 11:53:37,0,0,0.054630265
14/11/2020 11:53:38,0,0,0.054437667
14/11/2020 11:53:39,0,0,0.05424507
14/11/2020 11:53:40,0,0,0.054052468
14/11/2020 11:53:41,0,0,0.053859871
14/11/2020 11:53:42,0,0,0.053667273
14/11/2020 11:53:43,0,0,0.053474672
14/11/2020 11:53:44,0,0,0.053282075
14/11/2020 11:53:45,0,0,0.053089477
14/11/2020 11:53:46,0,0,0.052896876
14/11/2020 11:53:47,0,0,0.052704278
14/11/2020 11:53:48,0,0,0.052511681
14/11/2020 11:53:49,0,0,0.05231908
14/11/2020 11:53:50,0,0,0.052126482
14/11/2020 11:53:51,0,0,0.051933885
14/11/2020 11:53:52,0,0,0.051741283
14/11/2020 11:53:53,0,0,0.051548686
14/11/2020 11:53:54,0,0,0.051356088
14/11/2020 11:53:55,0,0,0.051163487
14/11/2020 11:53:56,0,0,0.05097089
14/11/2020 11:53:57,0,0,0.050778292
14/11/2020 11:53:58,0,0,0.050585691
14/11/2020 11:53:59,0,0,0.050393093
14/11/2020 11:54:00,0,0,0.050200492
14/11/2020 11:54:01,0,0,0.050007895
14/11/2020 11:54:02,0,0,0.049815297
14/11/2020 11:54:03,0,0,0.049622696
14/11/2020 11:54:04,0,0,0.049430098
14/11/2020 11:54:05,0,0,0.049237501
14/11/2020 11:54:06,0,0,0.0490449
14/11/2020 11:54:07,0,0,0.048852302
14/11/2020 11:54:08,0,0,0.048659705
14/11/2020 11:54:09,0,0,0.048467103
14/11/2020 11:54:10,0,0,0.048274506
14/11/2020 11:54:11,0,0,0.048081908
14/11/2020 11:54:12,0,0,0.047889307
14/11/2020 11:54:13,0,0,0.04769671
14/11/2020 11:54:14,0,0,0.047504112
14/11/2020 11:54:15,0,0,0.047311511
14/11/2020 11:54:16,0,0,0.047118913
14/11/2020 11:54:17,0,0,0.046926316
14/11/2020 11:54:18,0,0,0.046733715
14/11/2020 11:54:19,0,0,0.046541117
14/11/2020 11:54:20,0,0,0.046348516
14/11/2020 11:54:21,0,0,0.046155918
14/11/2020 11:54:22,0,0,0.045963321
14/11/2020 11:54:23,0,0,0.04577072
14/11/2020 11:54:24,0,0,0.045578122
14/11/2020 11:54:25,0,0,0.045385525
14/11/2020 11:54:26,0,0,0.045192923
14/11/2020 11:54:27,0,0,0.045000326
14/11/2020 11:54:28,0,0,0.044807728
14/11/2020 11:54:29,0,0,0.044615127
14/11/2020 11:54:30,0,0,0.04442253
14/11/2020 11:54:31,0,0,0.044229932
14/11/2020 11:54:32,0,0,0.044037331
14/11/2020 11:54:33,0,0,0.043844733
14/11/2020 11:54:34,0,0,0.043652136
14/11/2020 11:54:35,0,0,0.043459535
14/11/2020 11:54:36,0,0,0.043266937
14/11/2020 11:54:37,0,0,0.04307434
14/11/2020 11:54:38,0,0,0.042881738
14/11/2020 11:54:39,0,0,0.042689141
14/11/2020 11:54:40,0,0,0.042496543
14/11/2020 11:54:41,0,0,0.042303942
14/11/2020 11:54:42,0,0,0.042111345
14/11/2020 11:54:43,0,0,0.041918743
14/11/2020 11:54:44,0,0,0.041726146
14/11/2020 11:54:45,0,0,0.041533548
14/11/2020 11:54:46,0,0,0.041340947
14/11/2020 11:54:47,0,0,0.04114835
14/11/2020 11:54:48,0,0,0.040955752
14/11/2020 11:54:49,0,0,0.040763151
14/11/2020 11:54:50,0,0,0.040570553
14/11/2020 11:54:51,0,0,0.040377956
14/11/2020 11:54:52,0,0,0.040185355
14/11/2020 11:54:53,0,0,0.039992757
14/11/2020 11:54:54,0,0,0.03980016
14/11/2020 11:54:55,0,0,0.039607558
14/11/2020 11:54:56,0,0,0.039414961
14/11/2020 11:54:57,0,0,0.039222363
14/11/2020 11:54:58,0,0,0.039029762
14/11/2020 11:54:59,0,0,0.038837165
14/11/2020 11:55:00,0,0,0.038644567
14/11/2020 11:55:01,0,0,0.038451966
14/11/2020 11:55:02,0,0,0.038259368
14/11/2020 11:55:03,0,0,0.038066771
14/11/2020 11:55:04,0,0,0.03787417
14/11/2020 11:55:05,0,0,0.037681572
14/11/2020 11:55:06,0,0,0.037488971
14/11/2020 11:55:07,0,0,0.037296373
14/11/2020 11:55:08,0,0,0.037103776
14/11/2020 11:55:09,0,0,0.036911175
14/11/2020 11:55:10,0,0,0.036718577
14/11/2020 11:55:11,0,0,0.03652598
14/11/2020 11:55:12,0,0,0.036333378
14/11/2020 11:55:13,0,0,0.036140781
14/11/2020 11:55:14,0,0,0.035948183
14/11/2020 11:55:15,0,0,0.035755582
14/11/2020 11:55:16,0,0,0.035562985
14/11/2020 11:55:17,0,0,0.035370387
14/11/2020 11:55:18,0,0,0.035177786
14/11/2020 11:55:19,0,0,0.034985188
14/11/2020 11:55:20,0,0,0.034792591
14/11/2020 11:55:21,0,0,0.03459999
14/11/2020 11:55:22,0,0,0.034407392
14/11/2020 11:55:23,0,0,0.034214795
14/11/2020 11:55:24,0,0,0.034022193
14/11/2020 11:55:25,0,0,0.033829596
14/11/2020 11:55:26,0,0,0.033636995
14/11/2020 11:55:27,0,0,0.033444397
14/11/2020 11:55:28,0,0,0.0332518
14/11/2020 11:55:29,0,0,0.033059198
14/11/2020 11:55:30,0,0,0.032866601
14/11/2020 11:55:31,0,0,0.032674003
14/11/2020 11:55:32,0,0,0.032481402
14/11/2020 11:55:33,0,0,0.032288805
14/11/2020 11:55:34,0,0,0.032096207
14/11/2020 11:55:35,0,0,0.031903606
14/11/2020 11:55:36,0,0,0.031711008
14/11/2020 11:55:37,0,0,0.031518411
14/11/2020 11:55:38,0,0,0.03132581
14/11/2020 11:55:39,0,0,0.031133212
14/11/2020 11:55:40,0,0,0.030940613
14/11/2020 11:55:41,0,0,0.030748015
14/11/2020 11:55:42,0,0,0.030555416
14/11/2020 11:55:43,0,0,0.030362817
14/11/2020 11:55:44,0,0,0.030170217
14/11/2020 11:55:45,0,0,0.02997762
14/11/2020 11:55:46,0,0,0.02978502
14/11/2020 11:55:47,0,0,0.029592421
14/11/2020 11:55:48,0,0,0.029399823
14/11/2020 11:55:49,0,0,0.029207224
14/11/2020 11:55:50,0,0,0.029014625
14/11/2020 11:55:51,0,0,0.028822027
14/11/2020 11:55:52,0,0,0.028629428
14/11/2020 11:55:53,0,0,0.028436828
14/11/2020 11:55:54,0,0,0.028244229
14/11/2020 11:55:55,0,0,0.028051632
14/11/2020 11:55:56,0,0,0.027859032
14/11/2020 11:55:57,0,0,0.027666433
14/11/2020 11:55:58,0,0,0.027473835
14/11/2020 11:55:59,0,0,0.027281236
14/11/2020 11:56:00,0,0,0.027088637
14/11/2020 11:56:01,0,0,0.026896039
14/11/2020 11:56:02,0,0,0.02670344
14/11/2020 11:56:03,0,0,0.02651084
14/11/2020 11:56:04,0,0,0.026318241
14/11/2020 11:56:05,0,0,0.026125643
14/11/2020 11:56:06,0,0,0.025933044
14/11/2020 11:56:07,0,0,0.025740445
14/11/2020 11:56:08,0,0,0.025547847
14/11/2020 11:56:09,0,0,0.025355248
14/11/2020 11:56:10,0,0,0.025162648
14/11/2020 11:56:11,0,0,0.024970051
14/11/2020 11:56:12,0,0,0.024777452
14/11/2020 11:56:13,0,0,0.024584852
14/11/2020 11:56:14,0,0,0.024392255
14/11/2020 11:56:15,0,0,0.024199655
14/11/2020 11:56:16,0,0,0.024007056
14/11/2020 11:56:17,0,0,0.023814457
14/11/2020 11:56:18,0,0,0.023621859
14/11/2020 11:56:19,0,0,0.02342926
14/11/2020 11:56:20,0,0,0.02323666
14/11/2020 11:56:21,0,0,0.023044063
14/11/2020 11:56:22,0,0,0.022851463
14/11/2020 11:56:23,0,0,0.022658864
14/11/2020 11:56:24,0,0,0.022466267
14/11/2020 11:56:25,0,0,0.022273667
14/11/2020 11:56:26,0,0,0.022081068
14/11/2020 11:56:27,0,0,0.021888468
14/11/2020 11:56:28,0,0,0.021695871
14/11/2020 11:56:29,0,0,0.021503272
14/11/2020 11:56:30,0,0,0.021310672
14/11/2020 11:56:31,0,0,0.021118075
14/11/2020 11:56:32,0,0,0.020925475
14/11/2020 11:56:33,0,0,0.020732876
14/11/2020 11:56:34,0,0,0.020540278
14/11/2020 11:56:35,0,0,0.020347679
14/11/2020 11:56:36,0,0,0.02015508
14/11/2020 11:56:37,0,0,0.01996248
14/11/2020 11:56:38,0,0,0.019769883
14/11/2020 11:56:39,0,0,0.019577283
14/11/2020 11:56:40,0,0,0.019384684
14/11/2020 11:56:41,0,0,0.019192087
14/11/2020 11:56:42,0,0,0.018999487
14/11/2020 11:56:43,0,0,0.018806888
14/11/2020 11:56:44,0,0,0.01861429
14/11/2020 11:56:45,0,0,0.018421691
14/11/2020 11:56:46,0,0,0.018229092
14/11/2020 11:56:47,0,0,0.018036492
14/11/2020 11:56:48,0,0,0.017843895
14/11/2020 11:56:49,0,0,0.017651295
14/11/2020 11:56:50,0,0,0.017458696
14/11/2020 11:56:51,0,0,0.017266098
14/11/2020 11:56:52,0,0,0.017073499
14/11/2020 11:56:53,0,0,0.0168809
14/11/2020 11:56:54,0,0,0.016688302
14/11/2020 11:56:55,0,0,0.016495703
14/11/2020 11:56:56,0,0,0.016303103
14/11/2020 11:56:57,0,0,0.016110506
14/11/2020 11:56:58,0,0,0.015917907
14/11/2020 11:56:59,0,0,0.015725307
14/11/2020 11:57:00,0,0,0.015532709
14/11/2020 11:57:01,0,0,0.015340109
14/11/2020 11:57:02,0,0,0.015147511
14/11/2020 11:57:03,0,0,0.014954912
14/11/2020 11:57:04,0,0,0.014762313
14/11/2020 11:57:05,0,0,0.014569715
14/11/2020 11:57:06,0,0,0.014377115
14/11/2020 11:57:07,0,0,0.014184517
14/11/2020 11:57:08,0,0,0.013991918
14/11/2020 11:57:09,0,0,0.013799319
14/11/2020 11:57:10,0,0,0.013606721
14/11/2020 11:57:11,0,0,0.013414122
14/11/2020 11:57:12,0,0,0.013221523
14/11/2020 11:57:13,0,0,0.013028924
14/11/2020 11:57:14,0,0,0.012836325
14/11/2020 11:57:15,0,0,0.012643727
14/11/2020 11:57:16,0,0,0.012451128
14/11/2020 11:57:17,0,0,0.012258529
14/11/2020 11:57:18,0,0,0.01206593
14/11/2020 11:57:19,0,0,0.011873331
14/11/2020 11:57:20,0,0,0.011680732
14/11/2020 11:57:21,0,0,0.011488134
14/11/2020 11:57:22,0,0,0.011295535
14/11/2020 11:57:23,0,0,0.011102936
14/11/2020 11:57:24,0,0,0.010910337
14/11/2020 11:57:25,0,0,0.010717738
14/11/2020 11:57:26,0,0,0.01052514
14/11/2020 11:57:27,0,0,0.010332541
14/11/2020 11:57:28,0,0,0.010139942
14/11/2020 11:57:29,0,0,0.009947343
14/11/2020 11:57:30,0,0,0.009754744
14/11/2020 11:57:31,0,0,0.009562146
14/11/2020 11:57:32,0,0,0.009369547
14/11/2020 11:57:33,0,0,0.009176948
14/11/2020 11:57:34,0,0,0.008984349
14/11/2020 11:57:35,0,0,0.00879175
14/11/2020 11:57:36,0,0,0.008599152
14/11/2020 11:57:37,0,0,0.008406552
14/11/2020 11:57:38,0,0,0.008213954
14/11/2020 11:57:39,0,0,0.008021355
14/11/2020 11:57:40,0,0,0.007828756
14/11/2020 11:57:41,0,0,0.007636157
14/11/2020 11:57:42,0,0,0.007443559
14/11/2020 11:57:43,0,0,0.00725096
14/11/2020 11:57:44,0,0,0.007058361
14/11/2020 11:57:45,0,0,0.006865762
14/11/2020 11:57:46,0,0,0.006673163
14/11/2020 11:57:47,0,0,0.006480565
14/11/2020 11:57:48,0,0,0.006287966
14/11/2020 11:57:49,0,0,0.006095367
14/11/2020 11:57:50,0,0,0.005902768
14/11/2020 11:57:51,0,0,0.005710169
14/11/2020 11:57:52,0,0,0.005517571
14/11/2020 11:57:53,0,0,0.005324972
14/11/2020 11:57:54,0,0,0.005132373
14/11/2020 11:57:55,0,0,0.004939774
14/11/2020 11:57:56,0,0,0.004747176
14/11/2020 11:57:57,0,0,0.004554577
14/11/2020 11:57:58,0,0,0.004361978
14/11/2020 11:57:59,0,0,0.004169379
14/11/2020 11:58:00,0,0,0.00397678
14/11/2020 11:58:01,0,0,0.003784181
14/11/2020 11:58:02,0,0,0.003591583
14/11/2020 11:58:03,0,0,0.003398984
14/11/2020 11:58:04,0,0,0.003206385
14/11/2020 11:58:05,0,0,0.003013786
14/11/2020 11:58:06,0,0,0.002821187
14/11/2020 11:58:07,0,0,0.002628589
14/11/2020 11:58:08,0,0,0.00243599
14/11/2020 11:58:09,0,0,0.002243391
14/11/2020 11:58:10,0,0,0.002050792
14/11/2020 11:58:11,0,0,0.001858193
14/11/2020 11:58:12,0,0,0.001665595
14/11/2020 11:58:13,0,0,0.001472996
14/11/2020 11:58:14,0,0,0.001280397
14/11/2020 11:58:15,0,0,0.001087798
14/11/2020 11:58:16,0,0,0.000895199
14/11/2020 11:58:17,0,0,0.0007026
14/11/2020 11:58:18,0,0,0.000510002
14/11/2020 11:58:19,0,0,0.000317403
14/11/2020 11:58:20,0,0,0.000124804
14/11/2020 11:58:21,0,0,0
14/11/2020 11:58:22,0,0,0
14/11/2020 11:58:23,0,0,0
14/11/2020 11:58:24,0,0,0
14/11/2020 11:58:25,0,0,0
14/11/2020 11:58:26,0,0,0
14/11/2020 11:58:27,0,0,0
14/11/2020 11:58:28,0,0,0
14/11/2020 11:58:29,0,0,0
14/11/2020 11:58:30,0,0,0
14/11/2020 11:58:31,0,0,0
14/11/2020 11:58:32,0,0,0
14/11/2020 11:58:33,0,0,0
14/11/2020 11:58:34,0,0,0
14/11/2020 11:58:35,0,0,0
14/11/2020 11:58:36,0,0,0
14/11/2020 11:58:37,0,0,0
14/11/2020 11:58:38,0,0,0
14/11/2020 11:58:39,0,0,0
14/11/2020 11:58:40,0,0,0
14/11/2020 11:58:41,0,0,0
14/11/2020 11:58:42,0,0,0
14/11/2020 11:58:43,0,0,0
14/11/2020 11:58:44,0,0,0
14/11/2020 11:58:45,0,0,0
14/11/2020 11:58:46,0,0,0
14/11/2020 11:58:47,0,0,0
14/11/2020 11:58:48,0,0,0
14/11/2020 11:58:49,0,0,0
14/11/2020 11:58:50,0,0,0
14/11/2020 11:58:51,0,0,0
14/11/2020 11:58:52,0,0,0
14/11/2020 11:58:53,0,0,0
14/11/2020 11:58:54,0,0,0
14/11/2020 11:58:55,0,0,0
14/11/2020 11:58:56,0,0,0
14/11/2020 11:58:57,0,0,0
14/11/2020 11:58:58,0,0,0
14/11/2020 11:58:59,0,0,0
14/11/2020 11:59:00,0,0,0
14/11/2020 11:59:01,0,0,0
14/11/2020 11:59:02,0,0,0
14/11/2020 11:59:03,0,0,0
14/11/2020 11:59:04,0,0,0
14/11/2020 11:59:05,0,0,0
14/11/2020 11:59:06,0,0,0
14/11/2020 11:59:07,0,0,0
14/11/2020 11:59:08,0,0,0
14/11/2020 11:59:09,0,0,0
14/11/2020 11:59:10,0,0,0
14/11/2020 11:59:11,0,0,0
14/11/2020 11:59:12,0,0,0
14/11/2020 11:59:13,0,0,0
14/11/2020 11:59:14,0,0,0
14/11/2020 11:59:15,0,0,0
14/11/2020 11:59:16,0,0,0
14/11/2020 11:59:17,0,0,0
14/11/2020 11:59:18,0,0,0
14/11/2020 11:59:19,0,0,0
14/11/2020 11:59:20,0,0,0
14/11/2020 11:59:21,0,0,0
14/11/2020 11:59:22,0,0,0
14/11/2020 11:59:23,0,0,0
14/11/2020 11:59:24,0,0,0
14/11/2020 11:59:25,0,0,0
14/11/2020 11:59:26,0,0,0
14/11/2020 11:59:27,0,0,0
14/11/2020 11:59:28,0,0,0
14/11/2020 11:59:29,0,0,0
14/11/2020 11:59:30,0,0,0
14/11/2020 11:59:31,0,0,0
14/11/2020 11:59:32,0,0,0
14/11/2020 11:59:33,0,0,0
14/11/2020 11:59:34,0,0,0
14/11/2020 11:59:35,0,0,0
14/11/2020 11:59:36,0,0,0
14/11/2020 11:59:37,0,0,0
14/11/2020 11:59:38,0,0,0
14/11/2020 11:59:39,0,0,0
14/11/2020 11:59:40,0,0,0
14/11/2020 11:59:41,0,0,0
14/11/2020 11:59:42,0,0,0
14/11/2020 11:59:43,0,0,0
14/11/2020 11:59:44,0,0,0
14/11/2020 11:59:45,0,0,0
14/11/2020 11:59:46,0,0,0
14/11/2020 11:59:47,0,0,0
14/11/2020 11:59:48,0,0,0
14/11/2020 11:59:49,0,0,0
14/11/2020 11:59:50,0,0,0
14/11/2020 11:59:51,0,0,0
14/11/2020 11:59:52,0,0,0
14/11/2020 11:59:53,0,0,0
14/11/2020 11:59:54,0,0,0
14/11/2020 11:59:55,0,0,0
14/11/2020 11:59:56,0,0,0
14/11/2020 11:59:57,0,0,0
14/11/2020 11:59:58,0,0,0
14/11/2020 11:59:59,0,0,0
14/11/2020 12:00:00,0,0,0
14/11/2020 12:00:01,0,0,0
14/11/2020 12:00:02,0,0,0
14/11/2020 12:00:03,0,0,0
14/11/2020 12:00:04,0,0,0
14/11/2020 12:00:05,0,0,0
14/11/2020 12:00:06,0,0,0
14/11/2020 12:00:07,0,0,0
14/11/2020 12:00:08,0,0,0
14/11/2020 12:00:09,0,0,0
14/11/2020 12:00:10,0,0,0
14/11/2020 12:00:11,0,0,0
14/11/2020 12:00:12,0,0,0
14/11/2020 12:00:13,0,0,0
14/11/2020 12:00:14,0,0,0
14/11/2020 12:00:15,0,0,0
14/11/2020 12:00:16,0,0,0
14/11/2020 12:00:17,0,0,0
14/11/2020 12:00:18,0,0,0
14/11/2020 12:00:19,0,0,0
14/11/2020 12:00:20,0,0,0
14/11/2020 12:00:21,0,0,0
14/11/2020 12:00:22,0,0,0
14/11/2020 12:00:23,0,0,0
14/11/2020 12:00:24,0,0,0
14/11/2020 12:00:25,0,0,0
14/11/2020 12:00:26,0,0,0
14/11/2020 12:00:27,0,0,0
14/11/2020 12:00:28,0,0,0
14/11/2020 12:00:29,0,0,0
14/11/2020 12:00:30,0,0,0
14/11/2020 12:00:31,0,0,0
14/11/2020 12:00:32,0,0,0
14/11/2020 12:00:33,0,0,0
14/11/2020 12:00:34,0,0,0
14/11/2020 12:00:35,0,0,0
14/11/2020 12:00:36,0,0,0
14/11/2020 12:00:37,0,0,0
14/11/2020 12:00:38,0,0,0
14/11/2020 12:00:39,0,0,0
14/11/2020 12:00:40,0,0,0
14/11/2020 12:00:41,0,0,0
14/11/2020 12:00:42,0,0,0
14/11/2020 12:00:43,0,0,0
14/11/2020 12:00:44,0,0,0
14/11/2020 12:00:45,0,0,0
14/11/2020 12:00:46,0,0,0
14/11/2020 12:00:47,0,0,0
14/11/2020 12:00:48,0,0,0
14/11/2020 12:00:49,0,0,0
14/11/2020 12:00:50,0,0,0
14/11/2020 12:00:51,0,0,0
14/11/2020 12:00:52,0,0,0
14/11/2020 12:00:53,0,0,0
14/11/2020 12:00:54,0,0,0
14/11/2020 12:00:55,0,0,0
14/11/2020 12:00:56,0,0,0
14/11/2020 12:00:57,0,0,0
14/11/2020 12:00:58,0,0,0
14/11/2020 12:00:59,0,0,0
14/11/2020 12:01:00,0,0,0
14/11/2020 12:01:01,0,0,0
14/11/2020 12:01:02,0,0,0
14/11/2020 12:01:03,0,0,0
14/11/2020 12:01:04,0,0,0
14/11/2020 12:01:05,0,0,0
14/11/2020 12:01:06,0,0,0
14/11/2020 12:01:07,0,0,0
14/11/2020 12:01:08,0,0,0
14/11/2020 12:01:09,0,0,0
14/11/2020 12:01:10,0,0,0
14/11/2020 12:01:11,0,0,0
14/11/2020 12:01:12,0,0,0
14/11/2020 12:01:13,0,0,0
14/11/2020 12:01:14,0,0,0
14/11/2020 12:01:15,0,0,0
14/11/2020 12:01:16,0,0,0
14/11/2020 12:01:17,32.66346741,0,0
14/11/2020 12:01:18,77.65447235,0,0
14/11/2020 12:01:19,122.6454697,0,0
14/11/2020 12:01:20,167.6364746,0,0
14/11/2020 12:01:21,212.6274719,0,0
14/11/2020 12:01:22,194.9229584,1.575464249,0
14/11/2020 12:01:23,153.4373779,3.748518467,0
14/11/2020 12:01:24,111.9517975,5.921572685,0
14/11/2020 12:01:25,70.46621704,8.094626427,0
14/11/2020 12:01:26,28.98064041,10.26768112,0
14/11/2020 12:01:27,14.86740017,11,0
14/11/2020 12:01:28,14.66740036,11,0
14/11/2020 12:01:29,14.4673996,11,0
14/11/2020 12:01:30,14.26739979,11,0
14/11/2020 12:01:31,14.06739998,11,0
14/11/2020 12:01:32,14.13056278,11,0
14/11/2020 12:01:33,14.32749081,11,0
14/11/2020 12:01:34,14.52441883,11,0
14/11/2020 12:01:35,14.72134686,11,0
14/11/2020 12:01:36,14.91827488,11,0
14/11/2020 12:01:37,14.88153076,11,0
14/11/2020 12:01:38,14.67901993,11,0
14/11/2020 12:01:39,14.47650909,11,0
14/11/2020 12:01:40,14.27399731,11,0
14/11/2020 12:01:41,14.07148647,11,0
14/11/2020 12:01:42,14,11,0
14/11/2020 12:01:43,14,11,0
14/11/2020 12:01:44,14,11,0
14/11/2020 12:01:45,14,11,0
14/11/2020 12:01:46,14,11,0
14/11/2020 12:01:47,14.13217735,11.13217735,0
14/11/2020 12:01:48,14.33153915,11.33153915,0
14/11/2020 12:01:49,14.53090096,11.53090096,0
14/11/2020 12:01:50,14.73026276,11.73026276,0
14/11/2020 12:01:51,14.92962551,11.92962551,0
14/11/2020 12:01:52,14.87059975,11.87059975,0
14/11/2020 12:01:53,14.67059994,11.67059994,0
14/11/2020 12:01:54,14.47060013,11.47060013,0
14/11/2020 12:01:55,14.27060032,11.27060032,0
14/11/2020 12:01:56,14.07059956,11.07059956,0
14/11/2020 12:01:57,14.12781525,11.12781525,0
14/11/2020 12:01:58,14.32536507,11.32536507,0
14/11/2020 12:01:59,14.52291584,11.52291584,0
14/11/2020 12:02:00,14.72046661,11.72046661,0
14/11/2020 12:02:01,14.91801643,11.91801643,0
14/11/2020 12:02:02,15.58676052,12.58676052,438.6426086
14/11/2020 12:02:03,16.58976936,13.58976936,1189.74292
14/11/2020 12:02:04,17.59277916,14.59277821,1940.843262
14/11/2020 12:02:05,18.59578705,15.59578705,2691.943604
14/11/2020 12:02:06,19.59879684,16.59879684,3443.043945
14/11/2020 12:02:07,19.88038254,16.76038361,3842.864746
14/11/2020 12:02:08,19.68102074,16.36102295,3939.812988
14/11/2020 12:02:09,19.48165894,15.96166134,4036.761475
14/11/2020 12:02:10,19.28229713,15.56230068,4133.709961
14/11/2020 12:02:11,19.08293533,15.16293907,4230.658203
14/11/2020 12:02:12,18.64959908,14.76357841,3991.751709
14/11/2020 12:02:13,18.0496006,14.3642168,3498.445557
14/11/2020 12:02:14,17.44960022,13.96485615,3005.139404
14/11/2020 12:02:15,16.84959984,13.56549549,2511.833252
14/11/2020 12:02:16,16.24959946,13.16613388,2018.526978
14/11/2020 12:02:17,16.34713745,13.3471365,1994.011597
14/11/2020 12:02:18,16.9415493,13.9415493,2373.686523
14/11/2020 12:02:19,17.53596115,14.5359621,2753.361572
14/11/2020 12:02:20,18.13037491,15.13037491,3133.036377
14/11/2020 12:02:21,18.72478676,15.72478676,3512.711426
14/11/2020 12:02:22,19.7566433,16.7566433,3962.092529
14/11/2020 12:02:23,21.16566086,18.16566086,4479.527344
14/11/2020 12:02:24,22.57467842,19.57467842,4996.961914
14/11/2020 12:02:25,23.98369598,20.98369598,5514.395996
14/11/2020 12:02:26,25.39271355,22.39271355,6031.830566
14/11/2020 12:02:27,25.88692284,23,6441.037598
14/11/2020 12:02:28,25.68819618,23,6730.625
14/11/2020 12:02:29,25.48946762,23,7020.212402
14/11/2020 12:02:30,25.29073906,23,7309.799805
14/11/2020 12:02:31,25.0920105,23,7599.386719
14/11/2020 12:02:32,24.78652382,22.57304764,7683.898926
14/11/2020 12:02:33,24.38898849,21.77797699,7494.338379
14/11/2020 12:02:34,23.99145317,20.98290634,7304.777832
14/11/2020 12:02:35,23.59391785,20.18783569,7115.217285
14/11/2020 12:02:36,23.19638252,19.39276505,6925.656738
14/11/2020 12:02:37,22.29596519,18.3965416,6430.82666
14/11/2020 12:02:38,20.90459061,17.20393562,5528.019531
14/11/2020 12:02:39,19.51321793,16.01132965,4625.212402
14/11/2020 12:02:40,18.12184525,14.81872368,3722.405518
14/11/2020 12:02:41,16.73047066,13.62611771,2819.598633
14/11/2020 12:02:42,16,12.90588474,2261.309082
14/11/2020 12:02:43,16,12.70774746,2262.747559
14/11/2020 12:02:44,16,12.50960922,2264.186035
14/11/2020 12:02:45,16,12.31147194,2265.624512
14/11/2020 12:02:46,16,12.11333466,2267.062988
14/11/2020 12:02:47,16.68479919,12.77040005,2543.105713
14/11/2020 12:02:48,18.28479958,14.57040024,3366.712158
14/11/2020 12:02:49,19.88479996,16.37039948,4190.318848
14/11/2020 12:02:50,21.48480034,18.17040062,5013.925781
14/11/2020 12:02:51,23.08480072,19.97039986,5837.532227
14/11/2020 12:02:52,24.08480263,21,6460.680664
14/11/2020 12:02:53,24.28293991,21,6653.915527
14/11/2020 12:02:54,24.48107719,21,6847.150391
14/11/2020 12:02:55,24.67921448,21,7040.385742
14/11/2020 12:02:56,24.87735367,21,7233.620605
14/11/2020 12:02:57,24.88641548,20.92450905,7340.550293
14/11/2020 12:02:58,24.58829308,20.72637177,7262.385254
14/11/2020 12:02:59,24.29017258,20.52823448,7184.220215
14/11/2020 12:03:00,23.99205017,20.3300972,7106.055176
14/11/2020 12:03:01,23.69392776,20.13195992,7027.890137
14/11/2020 12:03:02,23.39580727,19.86682701,6890.775879
14/11/2020 12:03:03,23.09768486,19.4681015,6618.058594
14/11/2020 12:03:04,22.79956245,19.0693779,6345.341309
14/11/2020 12:03:05,22.50144005,18.6706543,6072.623535
14/11/2020 12:03:06,22.20331955,18.27193069,5799.90625
14/11/2020 12:03:07,21.61840057,17.68199921,5479.373047
14/11/2020 12:03:08,20.41839981,16.68199921,5056.290527
14/11/2020 12:03:09,19.21839905,15.68200016,4633.208496
14/11/2020 12:03:10,18.01840019,14.68200016,4210.125977
14/11/2020 12:03:11,16.81839943,13.68200016,3787.043701
14/11/2020 12:03:12,15.95768738,12.95768738,3359.699463
14/11/2020 12:03:13,15.82462883,12.82462883,2921.766846
14/11/2020 12:03:14,15.69157028,12.69157028,2483.834229
14/11/2020 12:03:15,15.55851269,12.55851269,2045.901733
14/11/2020 12:03:16,15.42545414,12.42545414,1607.969238
14/11/2020 12:03:17,15.29239559,12.29239559,1249.126343
14/11/2020 12:03:18,15.15933704,12.15933704,1047.989258
14/11/2020 12:03:19,15.02627945,12.02627945,846.8520508
14/11/2020 12:03:20,14.8932209,11.8932209,645.7149658
14/11/2020 12:03:21,14.76016235,11.76016235,444.5777893
14/11/2020 12:03:22,14.62710381,11.62710381,289.3049011
14/11/2020 12:03:23,14.49404526,11.49404526,247.9734802
14/11/2020 12:03:24,14.36098766,11.36098766,206.6420441
14/11/2020 12:03:25,14.22792912,11.22792912,165.3106232
14/11/2020 12:03:26,14.09487057,11.09487057,123.9791946
14/11/2020 12:03:27,14.0579443,11.0579443,96.60281372
14/11/2020 12:03:28,14.25984287,11.25984287,109.7832642
14/11/2020 12:03:29,14.46174049,11.46174049,122.9637146
14/11/2020 12:03:30,14.66363811,11.66363811,136.144165
14/11/2020 12:03:31,14.86553574,11.86553574,149.3246155
14/11/2020 12:03:32,15,12,175.529541
14/11/2020 12:03:33,15,12,236.7707825
14/11/2020 12:03:34,15,12,298.0120239
14/11/2020 12:03:35,15,12,359.2532654
14/11/2020 12:03:36,15,12,420.4945374
14/11/2020 12:03:37,15,12,467.8745117
14/11/2020 12:03:38,15,12,471.3604736
14/11/2020 12:03:39,15,12,474.8464355
14/11/2020 12:03:40,15,12,478.3323975
14/11/2020 12:03:41,15,12,481.8183594
14/11/2020 12:03:42,15,12,488.3718567
14/11/2020 12:03:43,15,12,506.5350647
14/11/2020 12:03:44,15,12,524.6983032
14/11/2020 12:03:45,15,12,542.8615112
14/11/2020 12:03:46,15,12,561.0247192
14/11/2020 12:03:47,15,12,589.7224731
14/11/2020 12:03:48,15,12,667.4030151
14/11/2020 12:03:49,15,12,745.0834961
14/11/2020 12:03:50,15,12,822.7640381
14/11/2020 12:03:51,15,12,900.444519
14/11/2020 12:03:52,15.0477047,12.0477047,971.9202271
14/11/2020 12:03:53,15.24647141,12.24647141,1014.545105
14/11/2020 12:03:54,15.44523907,12.44523907,1057.170044
14/11/2020 12:03:55,15.64400673,12.64400673,1099.794922
14/11/2020 12:03:56,15.84277439,12.84277439,1142.4198
14/11/2020 12:03:57,15.97916698,12.91693211,1170.301514
14/11/2020 12:03:58,15.87948608,12.51947498,1111.945557
14/11/2020 12:03:59,15.77980423,12.12201881,1053.589478
14/11/2020 12:04:00,15.68012333,11.72456264,995.2334595
14/11/2020 12:04:01,15.58044243,11.32710648,936.8774414
14/11/2020 12:04:02,15.48076153,11.0529356,903.3685913
14/11/2020 12:04:03,15.38108063,11.35200882,998.3901978
14/11/2020 12:04:04,15.28139973,11.65108204,1093.411865
14/11/2020 12:04:05,15.18171883,11.9501543,1188.433472
14/11/2020 12:04:06,15.08203793,12.24922752,1283.455078
14/11/2020 12:04:07,15.070364,12.54830074,1387.446899
14/11/2020 12:04:08,15.46789932,12.84737301,1551.470337
14/11/2020 12:04:09,15.86543465,13.14644623,1715.493652
14/11/2020 12:04:10,16.26296997,13.44551849,1879.51709
14/11/2020 12:04:11,16.66050529,13.74459171,2043.540527
14/11/2020 12:04:12,16.94141197,13.94141293,2151.231201
14/11/2020 12:04:13,16.54012871,13.54012871,1929.413574
14/11/2020 12:04:14,16.13884354,13.13884449,1707.596069
14/11/2020 12:04:15,15.73756027,12.73756027,1485.778564
14/11/2020 12:04:16,15.33627605,12.33627605,1263.960938
14/11/2020 12:04:17,15,12,1064.41394
14/11/2020 12:04:18,15,12,1013.907532
14/11/2020 12:04:19,15,12,963.4011841
14/11/2020 12:04:20,15,12,912.8947754
14/11/2020 12:04:21,15,12,862.3884277
14/11/2020 12:04:22,15,11.97391701,814.0080566
14/11/2020 12:04:23,15,11.77327442,779.8554688
14/11/2020 12:04:24,15,11.57263279,745.7028198
14/11/2020 12:04:25,15,11.3719902,711.5502319
14/11/2020 12:04:26,15,11.17134857,677.397644
14/11/2020 12:04:27,15,11.01457691,647.2999878
14/11/2020 12:04:28,15,11.11441708,654.1063843
14/11/2020 12:04:29,15,11.21425724,660.9127197
14/11/2020 12:04:30,15,11.3140974,667.7191162
14/11/2020 12:04:31,15,11.41393757,674.5254517
14/11/2020 12:04:32,15,11.51377773,686.4802246
14/11/2020 12:04:33,15,11.6136179,738.4481812
14/11/2020 12:04:34,15,11.71345806,790.4161377
14/11/2020 12:04:35,15,11.81329918,842.3840942
14/11/2020 12:04:36,15,11.91313934,894.3519897
14/11/2020 12:04:37,14.97416019,11.97416019,939.6988525
14/11/2020 12:04:38,14.77539253,11.77539253,864.338623
14/11/2020 12:04:39,14.57662487,11.57662487,788.9783936
14/11/2020 12:04:40,14.37785721,11.37785721,713.6181641
14/11/2020 12:04:41,14.17908955,11.17908955,638.2578735
14/11/2020 12:04:42,14.01985931,11.01985931,562.9988403
14/11/2020 12:04:43,14.22046185,11.22046185,489.1485596
14/11/2020 12:04:44,14.42106342,11.42106342,415.2982788
14/11/2020 12:04:45,14.621665,11.621665,341.4480286
14/11/2020 12:04:46,14.82226658,11.82226658,267.5977783
14/11/2020 12:04:47,14.97747898,11.97747898,197.0617218
14/11/2020 12:04:48,14.77992916,11.77992916,215.2733002
14/11/2020 12:04:49,14.58237839,11.58237839,233.4848633
14/11/2020 12:04:50,14.38482857,11.38482857,251.6964264
14/11/2020 12:04:51,14.18727779,11.18727779,269.9079895
14/11/2020 12:04:52,14.07301903,11.07301903,333.723877
14/11/2020 12:04:53,15.47723198,12.47723198,1032.596802
14/11/2020 12:04:54,16.88144493,13.88144398,1731.469727
14/11/2020 12:04:55,18.28565788,15.28565693,2430.342773
14/11/2020 12:04:56,19.68986893,16.68986893,3129.215576
14/11/2020 12:04:57,21.11985779,18.05327034,3828.088623
14/11/2020 12:04:58,22.90876579,18.84834099,4462.107422
14/11/2020 12:04:59,24.6976738,19.64341164,5095.405273
14/11/2020 12:05:00,26.48658371,20.43848228,5728.702637
14/11/2020 12:05:01,28.27549171,21.23355103,6362.000488
14/11/2020 12:05:02,29.8913269,21.92755127,6995.297852
14/11/2020 12:05:03,26.87261009,19.91507339,6119.642578
14/11/2020 12:05:04,23.85389328,17.90259552,5227.20459
14/11/2020 12:05:05,20.83517838,15.8901186,4334.766113
14/11/2020 12:05:06,17.81646156,13.87764168,3442.327881
14/11/2020 12:05:07,15,12,2549.889648
14/11/2020 12:05:08,15,12,2230.383301
14/11/2020 12:05:09,15,12,1935.995117
14/11/2020 12:05:10,15,12,1641.606812
14/11/2020 12:05:11,15,12,1347.218628
14/11/2020 12:05:12,15,12,1052.830322
14/11/2020 12:05:13,16.78019905,13.7802,1740.630005
14/11/2020 12:05:14,18.5802002,15.5802002,2471.48999
14/11/2020 12:05:15,20.38019943,17.38019943,3202.349854
14/11/2020 12:05:16,22.18020058,19.18020058,3933.209961
14/11/2020 12:05:17,23.98019981,20.98019981,4664.069824
14/11/2020 12:05:18,25.17948723,22.17948723,5270.231445
14/11/2020 12:05:19,26.3720932,23.3720932,5870.92627
14/11/2020 12:05:20,27.56469917,24.56469917,6471.621094
14/11/2020 12:05:21,28.75730515,25.75730515,7072.315918
14/11/2020 12:05:22,29.94991112,26.94991112,7673.010742
14/11/2020 12:05:23,31.53280067,28.53280067,8179.913574
14/11/2020 12:05:24,33.13280106,30.13279915,8675.8125
14/11/2020 12:05:25,34.73279953,31.73279953,9171.711914
14/11/2020 12:05:26,36.33280182,33.33280182,9667.611328
14/11/2020 12:05:27,37.93280029,34.93280029,10163.51074
14/11/2020 12:05:28,34.74280167,31.55120087,9635.638672
14/11/2020 12:05:29,31.34280014,27.95120049,8968.161133
14/11/2020 12:05:30,27.94280052,24.3512001,8300.683594
14/11/2020 12:05:31,24.5428009,20.75119972,7633.205566
14/11/2020 12:05:32,21.14279938,17.15119934,6965.728027
14/11/2020 12:05:33,21.37843132,17.56764793,6652.387695
14/11/2020 12:05:34,21.77345467,18.16018105,6402.524414
14/11/2020 12:05:35,22.16847801,18.75271606,6152.661133
14/11/2020 12:05:36,22.56349945,19.34524918,5902.79834
14/11/2020 12:05:37,22.9585228,19.93778419,5652.935059
14/11/2020 12:05:38,24.42771721,21.07078743,6070.412109
14/11/2020 12:05:39,26.02293205,22.26719856,6621.678223
14/11/2020 12:05:40,27.61814499,23.4636097,7172.943848
14/11/2020 12:05:41,29.21335983,24.66002083,7724.209473
14/11/2020 12:05:42,30.80857468,25.85643005,8275.475586
14/11/2020 12:05:43,30.47535706,25.65023804,8547.250977
14/11/2020 12:05:44,29.87917328,25.25278282,8768.928711
14/11/2020 12:05:45,29.2829895,24.8553257,8990.607422
14/11/2020 12:05:46,28.68680382,24.45787048,9212.286133
14/11/2020 12:05:47,28.09062004,24.06041336,9433.963867
14/11/2020 12:05:48,28.33818626,24.50727844,9412.364258
14/11/2020 12:05:49,28.73698997,25.10548401,9336.272461
14/11/2020 12:05:50,29.13579178,25.70368958,9260.180664
14/11/2020 12:05:51,29.53459549,26.30189514,9184.088867
14/11/2020 12:05:52,29.9333992,26.9000988,9107.99707
14/11/2020 12:05:53,28.99739265,25.83029175,8855.808594
14/11/2020 12:05:54,27.79378128,24.4260788,8568.31543
14/11/2020 12:05:55,26.59016991,23.02186584,8280.822266
14/11/2020 12:05:56,25.38656044,21.61765289,7993.32959
14/11/2020 12:05:57,24.18294907,20.21343994,7705.836914
14/11/2020 12:05:58,24.67421913,20.50566483,7623.179199
14/11/2020 12:05:59,25.46928978,21.10196686,7586.402344
14/11/2020 12:06:00,26.26436043,21.6982708,7549.625977
14/11/2020 12:06:01,27.05943108,22.29457283,7512.849121
14/11/2020 12:06:02,27.85450172,22.89087677,7476.072266
14/11/2020 12:06:03,27.83607483,23,7483.861328
14/11/2020 12:06:04,27.6354332,23,7501.632813
14/11/2020 12:06:05,27.43479156,23,7519.403809
14/11/2020 12:06:06,27.23414993,23,7537.175293
14/11/2020 12:06:07,27.03350639,23,7554.946289
14/11/2020 12:06:08,26.50179482,22.50179482,7476.728516
14/11/2020 12:06:09,25.9037075,21.9037075,7369.838867
14/11/2020 12:06:10,25.3056221,21.3056221,7262.949219
14/11/2020 12:06:11,24.7075367,20.7075367,7156.05957
14/11/2020 12:06:12,24.10944939,20.10944939,7049.169922
14/11/2020 12:06:13,24.32679939,20.32679939,6934.178711
14/11/2020 12:06:14,24.72680092,20.72680092,6815.304199
14/11/2020 12:06:15,25.12680054,21.12680054,6696.430176
14/11/2020 12:06:16,25.52680016,21.52680016,6577.555664
14/11/2020 12:06:17,25.92679977,21.92679977,6458.681641
14/11/2020 12:06:18,24.70497322,20.86685181,6239.983887
14/11/2020 12:06:19,23.11987305,19.47988892,5962.408691
14/11/2020 12:06:20,21.53477287,18.09292603,5684.833008
14/11/2020 12:06:21,19.9496727,16.70596313,5407.257324
14/11/2020 12:06:22,18.36457253,15.3190012,5129.682129
14/11/2020 12:06:23,17.77221107,14.77221203,4717.311035
14/11/2020 12:06:24,17.47638321,14.47638321,4202.000977
14/11/2020 12:06:25,17.18055344,14.18055439,3686.691162
14/11/2020 12:06:26,16.88472557,13.88472557,3171.381104
14/11/2020 12:06:27,16.5888958,13.58889675,2656.071289
14/11/2020 12:06:28,16.29306793,13.29306793,2230.352783
14/11/2020 12:06:29,15.99723911,12.99723911,1892.803467
14/11/2020 12:06:30,15.70141029,12.70141029,1555.25415
14/11/2020 12:06:31,15.40558147,12.40558147,1217.704834
14/11/2020 12:06:32,15.10975266,12.10975266,880.1555786
14/11/2020 12:06:33,15,12,773.18573
14/11/2020 12:06:34,15,12,893.1352539
14/11/2020 12:06:35,15,12,1013.084778
14/11/2020 12:06:36,15,12,1133.034302
14/11/2020 12:06:37,15,12,1252.983765
14/11/2020 12:06:38,15.11198902,12.11198902,1329.352661
14/11/2020 12:06:39,15.30950069,12.30950069,1365.493164
14/11/2020 12:06:40,15.50701141,12.50701141,1401.633667
14/11/2020 12:06:41,15.70452309,12.70452309,1437.77417
14/11/2020 12:06:42,15.90203476,12.90203476,1473.914673
14/11/2020 12:06:43,16.20192337,13.30239964,1701.719482
14/11/2020 12:06:44,16.60256386,13.90240002,2172.473145
14/11/2020 12:06:45,17.00320435,14.5024004,2643.226563
14/11/2020 12:06:46,17.40384674,15.10239983,3113.980225
14/11/2020 12:06:47,17.80448723,15.70240021,3584.733887
14/11/2020 12:06:48,18.20512772,16,3947.730225
14/11/2020 12:06:49,18.60577011,16,4134.164551
14/11/2020 12:06:50,19.0064106,16,4320.598633
14/11/2020 12:06:51,19.40705109,16,4507.032715
14/11/2020 12:06:52,19.80769157,16,4693.467285
14/11/2020 12:06:53,20.71667671,16.71667671,4967.397461
14/11/2020 12:06:54,22.09490013,18.09490013,5384.692871
14/11/2020 12:06:55,23.47312546,19.47312546,5801.987793
14/11/2020 12:06:56,24.85134888,20.85134888,6219.283203
14/11/2020 12:06:57,26.2295723,22.2295723,6636.578613
14/11/2020 12:06:58,26.82575989,22.82575989,6931.192383
14/11/2020 12:06:59,26.43066025,22.43066025,7024.791016
14/11/2020 12:07:00,26.0355587,22.0355587,7118.38916
14/11/2020 12:07:01,25.64045906,21.64045906,7211.987793
14/11/2020 12:07:02,25.24535751,21.24535751,7305.585938
14/11/2020 12:07:03,24.46940041,20.54520035,7125.313477
14/11/2020 12:07:04,23.06940079,19.34519958,6431.925781
14/11/2020 12:07:05,21.66939926,18.14520073,5738.538086
14/11/2020 12:07:06,20.26939964,16.94519997,5045.150391
14/11/2020 12:07:07,18.86940002,15.74520016,4351.763184
14/11/2020 12:07:08,17.69680023,14.69680023,3702.67334
14/11/2020 12:07:09,16.89679909,13.89680004,3149.469482
14/11/2020 12:07:10,16.09679985,13.09679985,2596.265381
14/11/2020 12:07:11,15.29679966,12.29679966,2043.061523
14/11/2020 12:07:12,14.49680042,11.49680042,1489.857544
14/11/2020 12:07:13,14.22599888,11.22599888,1149.346313
14/11/2020 12:07:14,14.82230186,11.82230186,1342.432861
14/11/2020 12:07:15,15.41860485,12.41860485,1535.519409
14/11/2020 12:07:16,16.01490784,13.01490784,1728.605957
14/11/2020 12:07:17,16.61120987,13.61121082,1921.692505
14/11/2020 12:07:18,17.6915741,14.5532589,2224.994385
14/11/2020 12:07:19,19.6788559,16.14308357,2852
14/11/2020 12:07:20,21.66613579,17.73291016,3479.005371
14/11/2020 12:07:21,23.65341759,19.32273483,4106.010742
14/11/2020 12:07:22,25.64069939,20.91255951,4733.016602
14/11/2020 12:07:23,26.30908394,21.43470573,5129.771484
14/11/2020 12:07:24,24.1226387,19.64579582,4719.614258
14/11/2020 12:07:25,21.93619537,17.85688782,4309.456543
14/11/2020 12:07:26,19.74975204,16.06797791,3899.299072
14/11/2020 12:07:27,17.56330681,14.2790699,3489.141602
14/11/2020 12:07:28,16.11329842,13.11329746,3143.03833
14/11/2020 12:07:29,16.51083374,13.51083279,3177.702148
14/11/2020 12:07:30,16.90836906,13.90836811,3212.365967
14/11/2020 12:07:31,17.30590248,14.30590343,3247.030029
14/11/2020 12:07:32,17.70343781,14.70343876,3281.693848
14/11/2020 12:07:33,19.16097069,16.00953865,3494.690674
14/11/2020 12:07:34,23.73171616,19.98410225,4643.935059
14/11/2020 12:07:35,28.30246353,23.95866394,5793.179688
14/11/2020 12:07:36,32.87321091,27.93322754,6942.423828
14/11/2020 12:07:37,37.44395828,31.90778923,8091.668457
14/11/2020 12:07:38,41.13115311,35.13115311,9143.90918
14/11/2020 12:07:39,41.72193909,35.72193909,9535.308594
14/11/2020 12:07:40,42.31272125,36.31272125,9926.708008
14/11/2020 12:07:41,42.90350342,36.90350342,10318.10742
14/11/2020 12:07:42,43.4942894,37.4942894,10709.50684
14/11/2020 12:07:43,43.36436462,37.42214966,11054.74805
14/11/2020 12:07:44,38.95024109,33.40930939,10883.24707
14/11/2020 12:07:45,34.53611374,29.39646912,10711.74609
14/11/2020 12:07:46,30.1219902,25.38362694,10540.24512
14/11/2020 12:07:47,25.70786476,21.37078667,10368.74316
14/11/2020 12:07:48,21.77742386,17.80922127,10136.64648
14/11/2020 12:07:49,20.38632774,16.61685181,8753.222656
14/11/2020 12:07:50,18.99522972,15.4244833,7369.79834
14/11/2020 12:07:51,17.60413361,14.23211479,5986.375
14/11/2020 12:07:52,16.21303749,13.03974533,4602.951172
14/11/2020 12:07:53,15,12,3297.172363
14/11/2020 12:07:54,15,12,2872.331543
14/11/2020 12:07:55,15,12,2447.490967
14/11/2020 12:07:56,15,12,2022.650269
14/11/2020 12:07:57,15,12,1597.80957
14/11/2020 12:07:58,15.06559372,12.06559372,1235.626709
14/11/2020 12:07:59,15.8655138,12.8655138,1760.147583
14/11/2020 12:08:00,16.66543388,13.66543388,2284.668457
14/11/2020 12:08:01,17.46535301,14.46535301,2809.189209
14/11/2020 12:08:02,18.26527405,15.26527309,3333.709961
14/11/2020 12:08:03,19.06519318,16.06519318,3854.955566
14/11/2020 12:08:04,19.86511421,16.86511421,4313.97168
14/11/2020 12:08:05,20.66503334,17.66503334,4772.987793
14/11/2020 12:08:06,21.46495438,18.46495438,5232.003906
14/11/2020 12:08:07,22.2648735,19.2648735,5691.019531
14/11/2020 12:08:08,23.11306,20.09690857,6149.789063
14/11/2020 12:08:09,24.50887299,21.2933197,6526.606934
14/11/2020 12:08:10,25.90468597,22.48973083,6903.424805
14/11/2020 12:08:11,27.30049896,23.68614197,7280.242676
14/11/2020 12:08:12,28.69631195,24.8825531,7657.060547
14/11/2020 12:08:13,29.92105293,25.93420982,8024.268066
14/11/2020 12:08:14,28.72488022,24.93740082,7895.287598
14/11/2020 12:08:15,27.5287075,23.9405899,7766.307617
14/11/2020 12:08:16,26.3325367,22.94377899,7637.327148
14/11/2020 12:08:17,25.13636398,21.94696999,7508.347168
14/11/2020 12:08:18,24.02972031,21.01981354,7379.366699
14/11/2020 12:08:19,24.62413406,21.4160881,7317.767578
14/11/2020 12:08:20,25.21854591,21.81236458,7257.055664
14/11/2020 12:08:21,25.81295776,22.20863914,7196.34375
14/11/2020 12:08:22,26.40737152,22.60491371,7135.631836
14/11/2020 12:08:23,26.99850273,22.99880219,7074.919922
14/11/2020 12:08:24,26.49930191,22.59944153,7168.550293
14/11/2020 12:08:25,26.00009918,22.20007896,7271.85791
14/11/2020 12:08:26,25.50089836,21.80071831,7375.165527
14/11/2020 12:08:27,25.00169754,21.40135765,7478.473145
14/11/2020 12:08:28,24.50249672,21.00199699,7581.780762
14/11/2020 12:08:29,24.00329399,20.60263634,7602.236328
14/11/2020 12:08:30,23.50409317,20.20327568,7617.49707
14/11/2020 12:08:31,23.00489235,19.80391312,7632.758301
14/11/2020 12:08:32,22.50569153,19.40455246,7648.019043
14/11/2020 12:08:33,22.0064888,19.0051918,7663.279785
14/11/2020 12:08:34,23.17360306,19.97800255,7690.552246
14/11/2020 12:08:35,24.36266327,20.96888542,7718.79834
14/11/2020 12:08:36,25.55172348,21.9597702,7747.044922
14/11/2020 12:08:37,26.7407856,22.95065308,7775.291504
14/11/2020 12:08:38,27.92984581,23.94153786,7803.537598
14/11/2020 12:08:39,27.24720001,23.43543816,7750.044434
14/11/2020 12:08:40,26.44720078,22.83547783,7691.333496
14/11/2020 12:08:41,25.64719963,22.2355175,7632.622559
14/11/2020 12:08:42,24.84720039,21.63555717,7573.911621
14/11/2020 12:08:43,24.04719925,21.03559685,7515.200684
14/11/2020 12:08:44,23.62479973,20.43563843,7367.944824
14/11/2020 12:08:45,23.22607613,19.8356781,7206.513672
14/11/2020 12:08:46,22.82735252,19.23571777,7045.082031
14/11/2020 12:08:47,22.42862892,18.63575745,6883.650879
14/11/2020 12:08:48,22.02990341,18.03579712,6722.219727
14/11/2020 12:08:49,21.07221603,17.43583679,6245.333984
14/11/2020 12:08:50,20.06920815,16.83587837,5724.615723
14/11/2020 12:08:51,19.06619835,16.23591805,5203.896973
14/11/2020 12:08:52,18.06319046,15.63595772,4683.178711
14/11/2020 12:08:53,17.06018066,15.03599739,4162.459961
14/11/2020 12:08:54,16.814888,14.62977505,3895.050049
14/11/2020 12:08:55,16.61795998,14.23591995,3652.998779
14/11/2020 12:08:56,16.42103195,13.8420639,3410.94751
14/11/2020 12:08:57,16.22410393,13.44820786,3168.89624
14/11/2020 12:08:58,16.0271759,13.05435181,2926.844971
14/11/2020 12:08:59,16.34590721,13.34590721,2829.523682
14/11/2020 12:09:00,16.74719048,13.74719143,2755.372314
14/11/2020 12:09:01,17.14847565,14.14847469,2681.221191
14/11/2020 12:09:02,17.54975891,14.54975891,2607.070068
14/11/2020 12:09:03,17.95104408,14.95104313,2532.918701
14/11/2020 12:09:04,18,15,2742.493408
14/11/2020 12:09:05,18,15,2991.492432
14/11/2020 12:09:06,18,15,3240.491699
14/11/2020 12:09:07,18,15,3489.490723
14/11/2020 12:09:08,18,15,3738.489746
14/11/2020 12:09:09,18.36021423,15.36021423,3822.556152
14/11/2020 12:09:10,18.7564888,15.7564888,3880.218018
14/11/2020 12:09:11,19.15276337,16.15276337,3937.879883
14/11/2020 12:09:12,19.54903984,16.54903984,3995.541748
14/11/2020 12:09:13,19.94531441,16.94531441,4053.203613
14/11/2020 12:09:14,21.03772163,17.69181442,4420.797363
14/11/2020 12:09:15,22.24157333,18.49438286,4844.809082
14/11/2020 12:09:16,23.44542503,19.29694939,5268.820801
14/11/2020 12:09:17,24.64927864,20.09951782,5692.83252
14/11/2020 12:09:18,25.85313034,20.90208626,6116.844238
14/11/2020 12:09:19,25.64991951,21,6231.030273
14/11/2020 12:09:20,25.25119591,21,6274.887207
14/11/2020 12:09:21,24.85247231,21,6318.744141
14/11/2020 12:09:22,24.4537487,21,6362.601563
14/11/2020 12:09:23,24.05502319,21,6406.458496
14/11/2020 12:09:24,25.37479973,22.20295143,6600.251465
14/11/2020 12:09:25,26.96969604,23.59848404,6835.353516
14/11/2020 12:09:26,28.56459236,24.99401855,7070.455566
14/11/2020 12:09:27,30.15949059,26.38955307,7305.557617
14/11/2020 12:09:28,31.7543869,27.78508759,7540.65918
14/11/2020 12:09:29,31.32736969,27.32736969,7666.273438
14/11/2020 12:09:30,30.53229904,26.53229904,7755.973145
14/11/2020 12:09:31,29.73722839,25.73722839,7845.672852
14/11/2020 12:09:32,28.94215775,24.94215775,7935.372559
14/11/2020 12:09:33,28.147089,24.147089,8025.071777
14/11/2020 12:09:34,26.70403481,22.70403481,7664.650391
14/11/2020 12:09:35,25.11389351,21.11389351,7168.254883
14/11/2020 12:09:36,23.52375221,19.52375221,6671.859375
14/11/2020 12:09:37,21.93361092,17.93361092,6175.463867
14/11/2020 12:09:38,20.34346962,16.34346962,5679.068359
14/11/2020 12:09:39,20.93500328,16.93500328,5635.929688
14/11/2020 12:09:40,22.12760925,18.12760925,5742.269531
14/11/2020 12:09:41,23.32021523,19.32021523,5848.608887
14/11/2020 12:09:42,24.5128212,20.5128212,5954.94873
14/11/2020 12:09:43,25.70542717,21.70542717,6061.288086
14/11/2020 12:09:44,25.09368134,21.24473381,5942.076172
14/11/2020 12:09:45,23.89006996,20.24172592,5735.583984
14/11/2020 12:09:46,22.68645859,19.23871613,5529.091309
14/11/2020 12:09:47,21.48284912,18.23570633,5322.599121
14/11/2020 12:09:48,20.27923775,17.23269844,5116.106934
14/11/2020 12:09:49,21.22488022,18.07176971,5159.87793
14/11/2020 12:09:50,22.81977654,19.46730423,5316.085938
14/11/2020 12:09:51,24.41467285,20.86283875,5472.294434
14/11/2020 12:09:52,26.00956917,22.25837326,5628.502441
14/11/2020 12:09:53,27.60446548,23.65390778,5784.710938
14/11/2020 12:09:54,26.5052681,22.65474129,5709.921875
14/11/2020 12:09:55,24.51759148,20.86583138,5531.351563
14/11/2020 12:09:56,22.52991486,19.07692337,5352.78125
14/11/2020 12:09:57,20.54223824,17.28801346,5174.210938
14/11/2020 12:09:58,18.55456161,15.49910545,4995.640625
14/11/2020 12:09:59,18.573246,15.573246,5155.080078
14/11/2020 12:10:00,19.36831665,16.36831665,5466.378906
14/11/2020 12:10:01,20.1633873,17.1633873,5777.677734
14/11/2020 12:10:02,20.95845795,17.95845795,6088.976563
14/11/2020 12:10:03,21.75352859,18.75352859,6400.275391
14/11/2020 12:10:04,23.10400009,19.82799911,6781.571289
14/11/2020 12:10:05,24.70400047,21.02799988,7196.723633
14/11/2020 12:10:06,26.30400085,22.22800064,7611.875488
14/11/2020 12:10:07,27.90399933,23.4279995,8027.027832
14/11/2020 12:10:08,29.50399971,24.62800026,8442.179688
14/11/2020 12:10:09,30,25,8650.249023
14/11/2020 12:10:10,30,25,8758.15625
14/11/2020 12:10:11,30,25,8866.063477
14/11/2020 12:10:12,30,25,8973.970703
14/11/2020 12:10:13,30,25,9081.87793
14/11/2020 12:10:14,30.55023956,25.55023956,9157.013672
14/11/2020 12:10:15,31.34768677,26.34768677,9211.285156
14/11/2020 12:10:16,32.14513397,27.14513588,9265.556641
14/11/2020 12:10:17,32.94258499,27.94258308,9319.829102
14/11/2020 12:10:18,33.7400322,28.7400322,9374.100586
14/11/2020 12:10:19,33.59560013,28.32600021,9361.067383
14/11/2020 12:10:20,32.99560165,27.32600021,9310.665039
14/11/2020 12:10:21,32.39559937,26.32600021,9260.263672
14/11/2020 12:10:22,31.79560089,25.32600021,9209.861328
14/11/2020 12:10:23,31.19560051,24.32600021,9159.459961
14/11/2020 12:10:24,30.33438683,23.73375511,9041.331055
14/11/2020 12:10:25,29.34683037,23.33873177,8871.058594
14/11/2020 12:10:26,28.35927391,22.94370842,8700.786133
14/11/2020 12:10:27,27.37171555,22.54868698,8530.512695
14/11/2020 12:10:28,26.38415909,22.15366364,8360.240234
14/11/2020 12:10:29,26.49194908,22.49194908,8293.117188
14/11/2020 12:10:30,27.29710197,23.29710197,8287.358398
14/11/2020 12:10:31,28.10225487,24.10225487,8281.599609
14/11/2020 12:10:32,28.90740776,24.90740776,8275.84082
14/11/2020 12:10:33,29.71256065,25.71256065,8270.082031
14/11/2020 12:10:34,29.49350166,25.49350166,8201.341797
14/11/2020 12:10:35,28.70578957,24.70578957,8092.503418
14/11/2020 12:10:36,27.91807747,23.91807747,7983.665039
14/11/2020 12:10:37,27.13036537,23.13036537,7874.82666
14/11/2020 12:10:38,26.34265518,22.34265518,7765.988281
14/11/2020 12:10:39,26.22883797,22.11441803,7698.819336
14/11/2020 12:10:40,26.63385963,22.31693077,7661.824219
14/11/2020 12:10:41,27.0388813,22.5194416,7624.82959
14/11/2020 12:10:42,27.44390488,22.72195244,7587.834473
14/11/2020 12:10:43,27.84892654,22.92446327,7550.839355
14/11/2020 12:10:44,27.5,22.625,7536.350098
14/11/2020 12:10:45,26.70255089,22.0269146,7537.115723
14/11/2020 12:10:46,25.90510368,21.42882729,7537.881836
14/11/2020 12:10:47,25.10765457,20.83074188,7538.647949
14/11/2020 12:10:48,24.31020737,20.23265457,7539.413574
14/11/2020 12:10:49,23.75710678,19.75710678,7539.800293
14/11/2020 12:10:50,23.35957146,19.35957146,7539.894043
14/11/2020 12:10:51,22.96203613,18.96203613,7539.987793
14/11/2020 12:10:52,22.56450081,18.56450081,7540.081543
14/11/2020 12:10:53,22.16696548,18.16696548,7540.175293
14/11/2020 12:10:54,22.93097878,18.93097878,7672.415527
14/11/2020 12:10:55,24.53611565,20.53611565,7906.811035
14/11/2020 12:10:56,26.14125252,22.14125252,8141.206543
14/11/2020 12:10:57,27.74638939,23.74638939,8375.601563
14/11/2020 12:10:58,29.35152435,25.35152435,8609.998047
14/11/2020 12:10:59,30.59221077,26.59221077,8792.029297
14/11/2020 12:11:00,31.58584976,27.58584976,8938.56543
14/11/2020 12:11:01,32.57949066,28.57949066,9085.102539
14/11/2020 12:11:02,33.57313156,29.57313156,9231.638672
14/11/2020 12:11:03,34.56677246,30.56677246,9378.175781
14/11/2020 12:11:04,34.32320023,30.32320023,9364.450195
14/11/2020 12:11:05,33.12319946,29.12319946,9234.673828
14/11/2020 12:11:06,31.92320061,27.92320061,9104.896484
14/11/2020 12:11:07,30.72319984,26.72319984,8975.120117
14/11/2020 12:11:08,29.52319908,25.52319908,8845.342773
14/11/2020 12:11:09,27.97826004,24.09178734,8484.083008
14/11/2020 12:11:10,26.16666603,22.48148155,7920.004395
14/11/2020 12:11:11,24.35507202,20.87117577,7355.925293
14/11/2020 12:11:12,22.54347801,19.26086998,6791.84668
14/11/2020 12:11:13,20.731884,17.65056419,6227.767578
14/11/2020 12:11:14,19.88117981,16.88117981,5833.625488
14/11/2020 12:11:15,19.68181801,16.68181801,5570.853516
14/11/2020 12:11:16,19.48245621,16.48245621,5308.081055
14/11/2020 12:11:17,19.28309441,16.28309441,5045.309082
14/11/2020 12:11:18,19.0837326,16.0837326,4782.536621
14/11/2020 12:11:19,19.11491966,16,4579.871094
14/11/2020 12:11:20,19.31305695,16,4426.582031
14/11/2020 12:11:21,19.51119423,16,4273.293457
14/11/2020 12:11:22,19.70933151,16,4120.004883
14/11/2020 12:11:23,19.9074707,16,3966.716064
14/11/2020 12:11:24,19.46367455,15.57094002,3687.300537
14/11/2020 12:11:25,18.45743561,14.76594925,3282.762939
14/11/2020 12:11:26,17.45119667,13.96095753,2878.225342
14/11/2020 12:11:27,16.44495964,13.15596676,2473.687744
14/11/2020 12:11:28,15.43871975,12.35097599,2069.150146
14/11/2020 12:11:29,15,11.887537,1746.564087
14/11/2020 12:11:30,15,11.68813515,1495.781616
14/11/2020 12:11:31,15,11.48873425,1244.999146
14/11/2020 12:11:32,15,11.28933239,994.2166748
14/11/2020 12:11:33,15,11.08993053,743.4342041
14/11/2020 12:11:34,15.21755505,11.32633209,848.1651611
14/11/2020 12:11:35,15.61382961,11.9207449,1285.029541
14/11/2020 12:11:36,16.01010513,12.5151577,1721.894043
14/11/2020 12:11:37,16.4063797,13.1095705,2158.758301
14/11/2020 12:11:38,16.80265427,13.70398235,2595.622803
14/11/2020 12:11:39,17,13.89897346,2870.098877
14/11/2020 12:11:40,17,13.69772625,2982.835205
14/11/2020 12:11:41,17,13.49647808,3095.571289
14/11/2020 12:11:42,17,13.29523087,3208.307373
14/11/2020 12:11:43,17,13.0939827,3321.043701
14/11/2020 12:11:44,18.70015907,14.70015907,3710.56665
14/11/2020 12:11:45,21.88995171,17.88995171,4392.822754
14/11/2020 12:11:46,25.07974434,21.07974434,5075.079102
14/11/2020 12:11:47,28.26953697,24.26953697,5757.335449
14/11/2020 12:11:48,31.45932961,27.45932961,6439.591797
14/11/2020 12:11:49,32.27850723,28.27850914,6908.040527
14/11/2020 12:11:50,30.88297462,26.88297462,7135.387695
14/11/2020 12:11:51,29.48744011,25.48744011,7362.734863
14/11/2020 12:11:52,28.09190559,24.09190559,7590.082031
14/11/2020 12:11:53,26.69637108,22.69637108,7817.429199
14/11/2020 12:11:54,25.60039902,21.70029831,7823.841309
14/11/2020 12:11:55,24.8027916,21.10209465,7528.884277
14/11/2020 12:11:56,24.00518417,20.50388908,7233.927246
14/11/2020 12:11:57,23.20757675,19.90568352,6938.970215
14/11/2020 12:11:58,22.40996933,19.30747795,6644.013184
14/11/2020 12:11:59,23.16267967,19.96889877,6702.547852
14/11/2020 12:12:00,25.55502319,21.9625206,7243.269531
14/11/2020 12:12:01,27.94736862,23.95614052,7783.991211
14/11/2020 12:12:02,30.33971214,25.94976044,8324.712891
14/11/2020 12:12:03,32.73205566,27.94338036,8865.43457
14/11/2020 12:12:04,33.72062683,28.81375122,9194.726563
14/11/2020 12:12:05,33.12621307,28.41747665,9173.134766
14/11/2020 12:12:06,32.53179932,28.02120018,9151.542969
14/11/2020 12:12:07,31.93738937,27.62492561,9129.951172
14/11/2020 12:12:08,31.34297562,27.22865105,9108.360352
14/11/2020 12:12:09,31.59219933,27.33839989,9160.642578
14/11/2020 12:12:10,32.99219894,28.13839912,9327.506836
14/11/2020 12:12:11,34.39220047,28.93840027,9494.370117
14/11/2020 12:12:12,35.79219818,29.73839951,9661.233398
14/11/2020 12:12:13,37.19219971,30.53840065,9828.09668
14/11/2020 12:12:14,36.40756989,29.74281693,9700.90332
14/11/2020 12:12:15,32.64295578,26.77075577,9085.701172
14/11/2020 12:12:16,28.87834358,23.7986927,8470.498047
14/11/2020 12:12:17,25.11373138,20.82662964,7855.295898
14/11/2020 12:12:18,21.34911919,17.85456657,7240.093262
14/11/2020 12:12:19,19.07544136,16.07544136,6734.731934
14/11/2020 12:12:20,19.27608299,16.27608299,6423.79834
14/11/2020 12:12:21,19.47672462,16.47672462,6112.864746
14/11/2020 12:12:22,19.67736816,16.67736816,5801.931641
14/11/2020 12:12:23,19.8780098,16.8780098,5490.998047
14/11/2020 12:12:24,20,17,5254.381836
14/11/2020 12:12:25,20,17,5158.861816
14/11/2020 12:12:26,20,17,5063.342285
14/11/2020 12:12:27,20,17,4967.822266
14/11/2020 12:12:28,20,17,4872.302246
14/11/2020 12:12:29,20.26238632,17.14995003,4856.95459
14/11/2020 12:12:30,20.96022415,17.54875374,5045.733398
14/11/2020 12:12:31,21.65806007,17.94755745,5234.512207
14/11/2020 12:12:32,22.355896,18.34636116,5423.291016
14/11/2020 12:12:33,23.05373383,18.74516487,5612.069824
14/11/2020 12:12:34,23.75156975,19.28787804,5832.836426
14/11/2020 12:12:35,24.44940758,20.08532715,6118.842285
14/11/2020 12:12:36,25.1472435,20.88277435,6404.848145
14/11/2020 12:12:37,25.84507942,21.68022346,6690.854004
14/11/2020 12:12:38,26.54291725,22.47767067,6976.859863
14/11/2020 12:12:39,26.86371803,22.7955761,7199.709961
14/11/2020 12:12:40,26.46869469,22.20304108,7293.751465
14/11/2020 12:12:41,26.07367134,21.61050797,7387.793457
14/11/2020 12:12:42,25.6786499,21.01797295,7481.834961
14/11/2020 12:12:43,25.28362656,20.42543983,7575.876953
14/11/2020 12:12:44,25,20.05693436,7636.562012
14/11/2020 12:12:45,25,20.25883293,7624.032715
14/11/2020 12:12:46,25,20.46073151,7611.503906
14/11/2020 12:12:47,25,20.66262817,7598.974609
14/11/2020 12:12:48,25,20.86452675,7586.445801
14/11/2020 12:12:49,25.4605999,21.4605999,7621.14209
14/11/2020 12:12:50,26.86059952,22.86059952,7759.491699
14/11/2020 12:12:51,28.26059914,24.26059914,7897.841797
14/11/2020 12:12:52,29.66060066,25.66060066,8036.191895
14/11/2020 12:12:53,31.06060028,27.06060028,8174.541504
14/11/2020 12:12:54,31.9344101,27.86882019,8281.720703
14/11/2020 12:12:55,31.73504829,27.47009659,8309.535156
14/11/2020 12:12:56,31.53568649,27.07137108,8337.349609
14/11/2020 12:12:57,31.33632469,26.67264748,8365.164063
14/11/2020 12:12:58,31.13696098,26.27392387,8392.979492
14/11/2020 12:12:59,31.18779945,26.18779945,8407.96582
14/11/2020 12:13:00,31.78779984,26.78779984,8392.733398
14/11/2020 12:13:01,32.38779831,27.38780022,8377.501953
14/11/2020 12:13:02,32.9878006,27.9878006,8362.269531
14/11/2020 12:13:03,33.58779907,28.58779907,8347.038086
14/11/2020 12:13:04,33.40618896,28.37785721,8288.62207
14/11/2020 12:13:05,31.50903702,26.39018059,8061.706055
14/11/2020 12:13:06,29.61188126,24.40250397,7834.790039
14/11/2020 12:13:07,27.7147274,22.41482735,7607.874023
14/11/2020 12:13:08,25.81757355,20.42715073,7380.958008
14/11/2020 12:13:09,23.92041969,18.60393333,6932.13623
14/11/2020 12:13:10,22.02326584,17.1994381,5960.569336
14/11/2020 12:13:11,20.12611008,15.79494381,4989.002441
14/11/2020 12:13:12,18.22895622,14.39044952,4017.435791
14/11/2020 12:13:13,16.33180237,12.98595524,3045.869141
14/11/2020 12:13:14,15.8775034,12.81900311,2500.1875
14/11/2020 12:13:15,18.82214355,15.56733418,3129.692871
14/11/2020 12:13:16,21.76678467,18.3156662,3759.198242
14/11/2020 12:13:17,24.71142578,21.06399727,4388.703613
14/11/2020 12:13:18,27.65606689,23.81232834,5018.208984
14/11/2020 12:13:19,29.79209137,25.79472733,5601.453613
14/11/2020 12:13:20,28.77293205,24.78848839,6034.104492
14/11/2020 12:13:21,27.75377083,23.78224945,6466.755371
14/11/2020 12:13:22,26.73461151,22.77601051,6899.40625
14/11/2020 12:13:23,25.71545029,21.76977348,7332.057129
14/11/2020 12:13:24,24.58545303,20.76353455,7533.424316
14/11/2020 12:13:25,23.19435692,19.75729561,6981.887695
14/11/2020 12:13:26,21.8032589,18.75105667,6430.351563
14/11/2020 12:13:27,20.41216278,17.74481773,5878.81543
14/11/2020 12:13:28,19.02106476,16.7385788,5327.279297
14/11/2020 12:13:29,18.10574532,16,4918.443359
14/11/2020 12:13:30,18.50327873,16,5066.418457
14/11/2020 12:13:31,18.90081406,16,5214.393555
14/11/2020 12:13:32,19.29834938,16,5362.369141
14/11/2020 12:13:33,19.6958847,16,5510.344238
14/11/2020 12:13:34,20.18799973,16.18799973,5674.95166
14/11/2020 12:13:35,20.98800087,16.98800087,5928.863281
14/11/2020 12:13:36,21.78800011,17.78800011,6182.774902
14/11/2020 12:13:37,22.58799934,18.58799934,6436.686035
14/11/2020 12:13:38,23.38800049,19.38800049,6690.597656
14/11/2020 12:13:39,24.46710396,20.46710396,6943.979004
14/11/2020 12:13:40,26.45478058,22.45478058,7193.066895
14/11/2020 12:13:41,28.4424572,24.4424572,7442.154785
14/11/2020 12:13:42,30.43013382,26.43013382,7691.243164
14/11/2020 12:13:43,32.41780853,28.41781044,7940.331055
14/11/2020 12:13:44,33.75748062,29.71706009,8169.791504
14/11/2020 12:13:45,32.56865311,28.3300972,8210.072266
14/11/2020 12:13:46,31.37982941,26.94313431,8250.353516
14/11/2020 12:13:47,30.1910038,25.55617142,8290.634766
14/11/2020 12:13:48,29.0021801,24.16920853,8330.916016
14/11/2020 12:13:49,28.06221581,23.09332275,8370.991211
14/11/2020 12:13:50,28.45849037,23.6877346,8398.410156
14/11/2020 12:13:51,28.85476494,24.28214836,8425.828125
14/11/2020 12:13:52,29.25103951,24.87656021,8453.24707
14/11/2020 12:13:53,29.64731598,25.47097206,8480.666016
14/11/2020 12:13:54,29.84649086,25.86842155,8508.083984
14/11/2020 12:13:55,28.45095634,24.67224884,8158.399902
14/11/2020 12:13:56,27.05542183,23.47607613,7790.117676
14/11/2020 12:13:57,25.65988922,22.27990341,7421.835449
14/11/2020 12:13:58,24.26435471,21.0837326,7053.553223
14/11/2020 12:13:59,23.05553436,20.03702164,6685.270996
14/11/2020 12:14:00,23.64631653,20.43087769,6662.4375
14/11/2020 12:14:01,24.2371006,20.82473373,6662.4375
14/11/2020 12:14:02,24.82788467,21.21858978,6662.4375
14/11/2020 12:14:03,25.41866875,21.61244583,6662.4375
14/11/2020 12:14:04,26.01580048,22.01264,6662.4375
14/11/2020 12:14:05,27.00335693,22.80268669,6736.901367
14/11/2020 12:14:06,27.9909153,23.59273148,6816.286621
14/11/2020 12:14:07,28.97847176,24.38277626,6895.672363
14/11/2020 12:14:08,29.96602821,25.17282295,6975.058105
14/11/2020 12:14:09,30.95358467,25.96286774,7054.443848
14/11/2020 12:14:10,29.85982132,25.04985046,7078.086914
14/11/2020 12:14:11,28.66341019,24.05284119,7097.014648
14/11/2020 12:14:12,27.46699905,23.05583191,7115.942383
14/11/2020 12:14:13,26.27058792,22.05882263,7134.870117
14/11/2020 12:14:14,25.07417679,21.06181526,7153.797363
14/11/2020 12:14:15,25,21,7276.771973
14/11/2020 12:14:16,25,21,7408.548828
14/11/2020 12:14:17,25,21,7540.325684
14/11/2020 12:14:18,25,21,7672.102539
14/11/2020 12:14:19,25,21,7803.879395
14/11/2020 12:14:20,25,21,7376.744629
14/11/2020 12:14:21,25,21,6881.235352
14/11/2020 12:14:22,25,21,6385.726074
14/11/2020 12:14:23,25,21,5890.216797
14/11/2020 12:14:24,25,21,5394.708008
14/11/2020 12:14:25,23.89360046,19.89360046,5432.191406
14/11/2020 12:14:26,22.6935997,18.6935997,5534.878418
14/11/2020 12:14:27,21.49360085,17.49360085,5637.56543
14/11/2020 12:14:28,20.29360008,16.29360008,5740.252441
14/11/2020 12:14:29,19.09359932,15.09360027,5842.939453
14/11/2020 12:14:30,19.54979134,15.45957565,5924.65332
14/11/2020 12:14:31,20.14609337,15.95802975,6002.924316
14/11/2020 12:14:32,20.74239731,16.45648575,6081.195313
14/11/2020 12:14:33,21.33869934,16.95493889,6159.466309
14/11/2020 12:14:34,21.93500328,17.45339394,6237.736816
14/11/2020 12:14:35,22.17819977,17.95184898,6246.268555
14/11/2020 12:14:36,22.37820053,18.45030403,6246.268555
14/11/2020 12:14:37,22.57819939,18.94875908,6246.268555
14/11/2020 12:14:38,22.77820015,19.44721413,6246.268555
14/11/2020 12:14:39,22.97820091,19.94566917,6246.268555
14/11/2020 12:14:40,22.8229332,19.64586639,6151.087891
14/11/2020 12:14:41,22.62420464,19.24840927,6042.310547
14/11/2020 12:14:42,22.42547607,18.85095406,5933.532715
14/11/2020 12:14:43,22.22674942,18.45349693,5824.754883
14/11/2020 12:14:44,22.02802086,18.05604172,5715.977051
14/11/2020 12:14:45,21.3083744,17.48127937,5448.276367
14/11/2020 12:14:46,20.50322151,16.8774147,5157.872559
14/11/2020 12:14:47,19.69806671,16.27355003,4867.468262
14/11/2020 12:14:48,18.89291382,15.66968632,4577.064453
14/11/2020 12:14:49,18.08776093,15.06582165,4286.660645
14/11/2020 12:14:50,18,15,3820.896484
14/11/2020 12:14:51,18,15,3322.719971
14/11/2020 12:14:52,18,15,2824.543457
14/11/2020 12:14:53,18,15,2326.366943
14/11/2020 12:14:54,18,15,1828.190552
14/11/2020 12:14:55,17.29999924,14.30000019,1561.765503
14/11/2020 12:14:56,16.5,13.5,1333.381104
14/11/2020 12:14:57,15.69999981,12.69999981,1104.996704
14/11/2020 12:14:58,14.89999962,11.89999962,876.6123047
14/11/2020 12:14:59,14.10000038,11.10000038,648.2279663
14/11/2020 12:15:00,14.17392159,11.17392159,682.7990112
14/11/2020 12:15:01,14.37268925,11.37268925,765.9732666
14/11/2020 12:15:02,14.57145691,11.57145691,849.147522
14/11/2020 12:15:03,14.77022457,11.77022457,932.3217163
14/11/2020 12:15:04,14.96899223,11.96899223,1015.495972
14/11/2020 12:15:05,15.33861542,12.33861542,1245.170532
14/11/2020 12:15:06,15.73981953,12.73981953,1502.129272
14/11/2020 12:15:07,16.14102364,13.14102268,1759.088013
14/11/2020 12:15:08,16.54222679,13.54222679,2016.046753
14/11/2020 12:15:09,16.94342995,13.94342995,2273.005371
14/11/2020 12:15:10,17.68514442,14.68514442,2665.626709
14/11/2020 12:15:11,18.48275185,15.48275185,3089.657471
14/11/2020 12:15:12,19.28035927,16.28035927,3513.688232
14/11/2020 12:15:13,20.07796669,17.07796669,3937.71875
14/11/2020 12:15:14,20.87557411,17.87557411,4361.749512
14/11/2020 12:15:15,23.36272812,20.02519417,5089.178223
14/11/2020 12:15:16,26.1621685,22.42471504,5901.682617
14/11/2020 12:15:17,28.96160698,24.82423592,6714.1875
14/11/2020 12:15:18,31.76104736,27.22375488,7526.691895
14/11/2020 12:15:19,34.56048965,29.62327576,8339.196289
14/11/2020 12:15:20,34.83243942,30,8773.737305
14/11/2020 12:15:21,34.63367081,30,9102.294922
14/11/2020 12:15:22,34.43490219,30,9430.851563
14/11/2020 12:15:23,34.23613739,30,9759.408203
14/11/2020 12:15:24,34.03736877,30,10087.96484
14/11/2020 12:15:25,33.51580048,29.43335724,10190.35645
14/11/2020 12:15:26,32.91949844,28.73551941,10217.35938
14/11/2020 12:15:27,32.32319641,28.03768349,10244.3623
14/11/2020 12:15:28,31.72689247,27.33984566,10271.36523
14/11/2020 12:15:29,31.13059044,26.64200974,10298.36816
14/11/2020 12:15:30,30.37713051,25.94417381,9963.369141
14/11/2020 12:15:31,29.5796032,25.24633598,9517.166016
14/11/2020 12:15:32,28.78207588,24.54850006,9070.962891
14/11/2020 12:15:33,27.98454857,23.85066223,8624.760742
14/11/2020 12:15:34,27.18701935,23.15282631,8178.557617
14/11/2020 12:15:35,26.38949203,22.5342865,7790.83252
14/11/2020 12:15:36,25.59196472,21.93798447,7424.299805
14/11/2020 12:15:37,24.79443741,21.34168243,7057.767578
14/11/2020 12:15:38,23.9969101,20.74537849,6691.234863
14/11/2020 12:15:39,23.19938278,20.14907646,6324.702148
14/11/2020 12:15:40,23.60180473,20.45135498,6325.666016
14/11/2020 12:15:41,24.40421295,21.05315971,6481.888184
14/11/2020 12:15:42,25.20661926,21.65496445,6638.110352
14/11/2020 12:15:43,26.00902748,22.25677109,6794.33252
14/11/2020 12:15:44,26.81143379,22.85857582,6950.554199
14/11/2020 12:15:45,26.08765602,22.08765602,6930.95166
14/11/2020 12:15:46,24.89505005,20.89505005,6805.40332
14/11/2020 12:15:47,23.70244408,19.70244408,6679.85498
14/11/2020 12:15:48,22.5098381,18.5098381,6554.306152
14/11/2020 12:15:49,21.31723404,17.31723404,6428.757813
14/11/2020 12:15:50,21.72947693,17.72947693,6528.942383
14/11/2020 12:15:51,22.72331619,18.72331619,6805.054688
14/11/2020 12:15:52,23.71715355,19.71715355,7081.166504
14/11/2020 12:15:53,24.71099091,20.71099091,7357.278809
14/11/2020 12:15:54,25.70483017,21.70483017,7633.390625
14/11/2020 12:15:55,26.55365181,22.41523933,7824.655762
14/11/2020 12:15:56,27.34120941,23.00590706,7936.016602
14/11/2020 12:15:57,28.12876511,23.59657478,8047.376953
14/11/2020 12:15:58,28.91632271,24.18724251,8158.737305
14/11/2020 12:15:59,29.7038784,24.77790833,8270.097656
14/11/2020 12:16:00,29.63018608,24.75345802,8335.368164
14/11/2020 12:16:01,29.03753471,24.35835648,8354.362305
14/11/2020 12:16:02,28.44488335,23.96325493,8373.356445
14/11/2020 12:16:03,27.85223198,23.56815529,8392.350586
14/11/2020 12:16:04,27.25958061,23.17305374,8411.344727
14/11/2020 12:16:05,27,23,8387.21875
14/11/2020 12:16:06,27,23,8314.076172
14/11/2020 12:16:07,27,23,8240.932617
14/11/2020 12:16:08,27,23,8167.789551
14/11/2020 12:16:09,27,23,8094.646484
14/11/2020 12:16:10,27.20534325,23.15377808,8098.766602
14/11/2020 12:16:11,27.60406685,23.4523735,8190.71582
14/11/2020 12:16:12,28.00279045,23.75097084,8282.665039
14/11/2020 12:16:13,28.40151596,24.04956627,8374.614258
14/11/2020 12:16:14,28.80023956,24.3481636,8466.563477
14/11/2020 12:16:15,29.09918594,24.64676094,8513.833984
14/11/2020 12:16:16,29.29795265,24.94535637,8499.65918
14/11/2020 12:16:17,29.49672127,25.2439537,8485.485352
14/11/2020 12:16:18,29.69548798,25.54254913,8471.310547
14/11/2020 12:16:19,29.89425468,25.84114647,8457.135742
14/11/2020 12:16:20,30.74880028,26.74880028,8487.740234
14/11/2020 12:16:21,32.34880066,28.34880066,8579.928711
14/11/2020 12:16:22,33.94879913,29.94879913,8672.117188
14/11/2020 12:16:23,35.54880142,31.54879951,8764.305664
14/11/2020 12:16:24,37.1487999,33.1487999,8856.494141
14/11/2020 12:16:25,38,33.90727234,8932.969727
14/11/2020 12:16:26,38,33.70913315,8981.265625
14/11/2020 12:16:27,38,33.51099777,9029.561523
14/11/2020 12:16:28,38,33.31285858,9077.857422
14/11/2020 12:16:29,38,33.11472321,9126.15332
14/11/2020 12:16:30,37.41059875,32.41059875,9154.053711
14/11/2020 12:16:31,36.01060104,31.01059914,9136.767578
14/11/2020 12:16:32,34.61059952,29.61059952,9119.482422
14/11/2020 12:16:33,33.21060181,28.2105999,9102.196289
14/11/2020 12:16:34,31.81060028,26.81060028,9084.910156
14/11/2020 12:16:35,30.16847801,25.25162888,8870.970703
14/11/2020 12:16:36,28.19336319,23.47402763,8189.314453
14/11/2020 12:16:37,26.21825027,21.69642448,7507.658203
14/11/2020 12:16:38,24.24313736,19.91882324,6826.001953
14/11/2020 12:16:39,22.26802254,18.14122009,6144.345703
14/11/2020 12:16:40,20.50346756,16.57439995,5433.374023
14/11/2020 12:16:41,19.11650467,15.38557529,4657.456055
14/11/2020 12:16:42,17.72954178,14.19675064,3881.537598
14/11/2020 12:16:43,16.34257889,13.00792503,3105.619629
14/11/2020 12:16:44,14.95561695,11.81910038,2329.701416
14/11/2020 12:16:45,14.04138088,11.12402821,1727.383545
14/11/2020 12:16:46,14.17443943,11.52283192,1571.466309
14/11/2020 12:16:47,14.30749798,11.92163467,1415.549194
14/11/2020 12:16:48,14.44055653,12.32043839,1259.63208
14/11/2020 12:16:49,14.57361412,12.7192421,1103.714966
14/11/2020 12:16:50,14.70667267,12.94062233,989.4301758
14/11/2020 12:16:51,14.83973122,12.7400198,991.2112427
14/11/2020 12:16:52,14.97278976,12.53941822,992.9923706
14/11/2020 12:16:53,15.10584831,12.33881664,994.7734375
14/11/2020 12:16:54,15.23890591,12.13821507,996.5545044
14/11/2020 12:16:55,15.37196445,12,1014.329895
14/11/2020 12:16:56,15.505023,12,1073.233276
14/11/2020 12:16:57,15.63808155,12,1132.136719
14/11/2020 12:16:58,15.7711401,12,1191.040161
14/11/2020 12:16:59,15.90419769,12,1249.943481
14/11/2020 12:17:00,16,12.05582142,1320.123535
14/11/2020 12:17:01,16,12.25518322,1427.424438
14/11/2020 12:17:02,16,12.45454502,1534.725464
14/11/2020 12:17:03,16,12.65390778,1642.026367
14/11/2020 12:17:04,16,12.85326958,1749.327271
14/11/2020 12:17:05,16,12.94703007,1818.640625
14/11/2020 12:17:06,16,12.74638844,1762.904419
14/11/2020 12:17:07,16,12.5457468,1707.168335
14/11/2020 12:17:08,16,12.34510422,1651.432251
14/11/2020 12:17:09,16,12.14446259,1595.696167
14/11/2020 12:17:10,16.27739334,12.27739239,1608.139038
14/11/2020 12:17:11,17.26807976,13.26807976,1918.956055
14/11/2020 12:17:12,18.25876808,14.25876713,2229.773193
14/11/2020 12:17:13,19.2494545,15.24945545,2540.590088
14/11/2020 12:17:14,20.24014282,16.24014282,2851.407227
14/11/2020 12:17:15,20.72039986,16.7670002,3077.992188
14/11/2020 12:17:16,19.52039909,15.7670002,2845.377197
14/11/2020 12:17:17,18.32040024,14.7670002,2612.761963
14/11/2020 12:17:18,17.12039948,13.7670002,2380.146973
14/11/2020 12:17:19,15.92039967,12.7670002,2147.531738
14/11/2020 12:17:20,15.04616642,12.04616642,1945.120605
14/11/2020 12:17:21,15.2443037,12.2443037,1992.172485
14/11/2020 12:17:22,15.44244099,12.44244099,2039.224365
14/11/2020 12:17:23,15.64057827,12.64057827,2086.276123
14/11/2020 12:17:24,15.83871651,12.83871651,2133.328125
14/11/2020 12:17:25,16.18485451,13.14788342,2216.493896
14/11/2020 12:17:26,17.17869186,13.94295406,2660.402588
14/11/2020 12:17:27,18.17253113,14.73802471,3104.311279
14/11/2020 12:17:28,19.16636848,15.53309441,3548.219971
14/11/2020 12:17:29,20.16020584,16.32816505,3992.128662
14/11/2020 12:17:30,21.06142235,17.06142235,4433.065918
14/11/2020 12:17:31,21.45769691,17.45769691,4810.94043
14/11/2020 12:17:32,21.85397339,17.85397339,5188.814453
14/11/2020 12:17:33,22.25024796,18.25024796,5566.688965
14/11/2020 12:17:34,22.64652252,18.64652252,5944.562988
14/11/2020 12:17:35,23.10763359,19.08610725,6312.450684
14/11/2020 12:17:36,24.10424614,19.88339615,6526.606445
14/11/2020 12:17:37,25.10085678,20.68068504,6740.762695
14/11/2020 12:17:38,26.09746933,21.47797394,6954.918457
14/11/2020 12:17:39,27.09407997,22.27526474,7169.074219
14/11/2020 12:17:40,27.89179611,22.90983009,7368.334961
14/11/2020 12:17:41,26.70273399,21.91894531,7251.487305
14/11/2020 12:17:42,25.51367378,20.92806244,7134.639648
14/11/2020 12:17:43,24.32461357,19.93717766,7017.791992
14/11/2020 12:17:44,23.13555336,18.94629478,6900.943848
14/11/2020 12:17:45,21.9367981,17.94582748,6784.096191
14/11/2020 12:17:46,20.53230286,16.74197388,6006.317383
14/11/2020 12:17:47,19.12780952,15.53812218,5217.108398
14/11/2020 12:17:48,17.72331429,14.33426952,4427.899902
14/11/2020 12:17:49,16.31882095,13.13041687,3638.690918
14/11/2020 12:17:50,14.98783875,11.98783875,2849.481934
14/11/2020 12:17:51,14.78847694,11.78847694,2407.185303
14/11/2020 12:17:52,14.58911514,11.58911514,1965.583862
14/11/2020 12:17:53,14.38975239,11.38975239,1523.982422
14/11/2020 12:17:54,14.19039059,11.19039059,1082.380859
14/11/2020 12:17:55,14,11,640.7794189
14/11/2020 12:17:56,14,11,531.093689
14/11/2020 12:17:57,14,11,427.1481018
14/11/2020 12:17:58,14,11,323.2025146
14/11/2020 12:17:59,14,11,219.2569427
14/11/2020 12:18:00,14,11,115.3113556
14/11/2020 12:18:01,14.19719124,11,96.58770752
14/11/2020 12:18:02,14.39779377,11,78.03485107
14/11/2020 12:18:03,14.59839535,11,59.48199844
14/11/2020 12:18:04,14.79899693,11,40.929142
14/11/2020 12:18:05,14.9995985,11,22.37628365
14/11/2020 12:18:06,14.90019989,11,18.75712013
14/11/2020 12:18:07,14.80020046,11,15.16788387
14/11/2020 12:18:08,14.70020008,11,11.57864666
14/11/2020 12:18:09,14.6001997,11,7.9894104
14/11/2020 12:18:10,14.50020027,11,4.400173664
14/11/2020 12:18:11,14.40019989,11,3.655577421
14/11/2020 12:18:12,14.30020046,11,2.963123083
14/11/2020 12:18:13,14.20020008,11,2.270668745
14/11/2020 12:18:14,14.1001997,11,1.578214288
14/11/2020 12:18:15,14.00020027,11,0.88575995
14/11/2020 12:18:16,14,11,0.802209616
14/11/2020 12:18:17,14,11,0.760293722
14/11/2020 12:18:18,14,11,0.718377888
14/11/2020 12:18:19,14,11,0.676461995
14/11/2020 12:18:20,14,11,0.634546101
14/11/2020 12:18:21,14,11,0.592630267
14/11/2020 12:18:22,14,11,0.550714374
14/11/2020 12:18:23,14,11,0.50879848
14/11/2020 12:18:24,14,11,0.466882616
14/11/2020 12:18:25,14,11,0.424966723
14/11/2020 12:18:26,14.19460964,11,0.383050859
14/11/2020 12:18:27,14.39278603,11,0.341134995
14/11/2020 12:18:28,14.59096336,11,0.299219102
14/11/2020 12:18:29,14.78913975,11,0.257303238
14/11/2020 12:18:30,14.98731709,11,0.215387359
14/11/2020 12:18:31,14.81223679,11,0.173471481
14/11/2020 12:18:32,14.61163521,11,0.131555602
14/11/2020 12:18:33,14.41103268,11,0.089639723
14/11/2020 12:18:34,14.2104311,11,0.047723848
14/11/2020 12:18:35,14.00982952,11,0.005807974
14/11/2020 12:18:36,14.75371552,11.75371552,436.0239868
14/11/2020 12:18:37,15.54626465,12.54626465,926.4883423
14/11/2020 12:18:38,16.33881569,13.33881474,1416.952637
14/11/2020 12:18:39,17.13136482,14.13136482,1907.417114
14/11/2020 12:18:40,17.92391586,14.92391491,2397.881348
14/11/2020 12:18:41,17.81920052,14.81919956,2501.271729
14/11/2020 12:18:42,17.61919975,14.61919975,2540.074707
14/11/2020 12:18:43,17.4192009,14.41919994,2578.877441
14/11/2020 12:18:44,17.21920013,14.21920013,2617.68042
14/11/2020 12:18:45,17.01919937,14.01920033,2656.483154
14/11/2020 12:18:46,16.45922279,13.45922279,2334.206787
14/11/2020 12:18:47,15.86101723,12.86101723,1935.867676
14/11/2020 12:18:48,15.26281166,12.26281166,1537.528564
14/11/2020 12:18:49,14.66460609,11.66460609,1139.189575
14/11/2020 12:18:50,14.06640053,11.06640053,740.8504639
14/11/2020 12:18:51,14.17666912,11.17666912,579.550415
14/11/2020 12:18:52,14.37539768,11.37539768,473.8521423
14/11/2020 12:18:53,14.57412529,11.57412529,368.1538696
14/11/2020 12:18:54,14.77285385,11.77285385,262.4555664
14/11/2020 12:18:55,14.97158146,11.97158146,156.7572937
14/11/2020 12:18:56,14.8296566,11.8296566,116.594429
14/11/2020 12:18:57,14.63088894,11.63088894,95.02375793
14/11/2020 12:18:58,14.43212128,11.43212128,73.45308685
14/11/2020 12:18:59,14.23335361,11.23335361,51.88241959
14/11/2020 12:19:00,14.03458595,11.03458595,30.31175041
14/11/2020 12:19:01,14.49401951,11.3293457,359.5332031
14/11/2020 12:19:02,15.09210491,11.72807026,779.2104492
14/11/2020 12:19:03,15.69019127,12.12679386,1198.887695
14/11/2020 12:19:04,16.28827667,12.52551842,1618.565063
14/11/2020 12:19:05,16.88636398,12.92424202,2038.24231
14/11/2020 12:19:06,17.16100121,13.16100216,2217.012695
14/11/2020 12:19:07,17.35976982,13.35976982,2320.953613
14/11/2020 12:19:08,17.55853653,13.55853748,2424.894531
14/11/2020 12:19:09,17.75730515,13.75730515,2528.835449
14/11/2020 12:19:10,17.95607185,13.95607281,2632.776367
14/11/2020 12:19:11,17.37479973,13.53109932,2362.430908
14/11/2020 12:19:12,16.57223129,12.92917347,1965.989014
14/11/2020 12:19:13,15.76966286,12.32724762,1569.546997
14/11/2020 12:19:14,14.96709442,11.72532082,1173.105103
14/11/2020 12:19:15,14.16452694,11.12339497,776.6630859
14/11/2020 12:19:16,14.15798855,11.15798855,597.4613037
14/11/2020 12:19:17,14.35671711,11.35671711,485.7377319
14/11/2020 12:19:18,14.55544472,11.55544472,374.0141602
14/11/2020 12:19:19,14.75417328,11.75417328,262.2905884
14/11/2020 12:19:20,14.95290184,11.95290184,150.5670319
14/11/2020 12:19:21,14.92370033,11.92370033,108.9698181
14/11/2020 12:19:22,14.82369995,11.82369995,89.15496826
14/11/2020 12:19:23,14.72369957,11.72369957,69.34011841
14/11/2020 12:19:24,14.62370014,11.62370014,49.52526093
14/11/2020 12:19:25,14.52369976,11.52369976,29.71040916
14/11/2020 12:19:26,14.42370033,11.42370033,21.31193733
14/11/2020 12:19:27,14.32369995,11.32369995,17.44175148
14/11/2020 12:19:28,14.22369957,11.22369957,13.57156467
14/11/2020 12:19:29,14.12370014,11.12370014,9.701377869
14/11/2020 12:19:30,14.02369976,11.02369976,5.83119154
14/11/2020 12:19:31,14.15260029,11.15260029,110.5995941
14/11/2020 12:19:32,14.3526001,11.3526001,261.7059937
14/11/2020 12:19:33,14.55259991,11.55259991,412.8124084
14/11/2020 12:19:34,14.75259972,11.75259972,563.9188232
14/11/2020 12:19:35,14.95259953,11.95259953,715.0252075
14/11/2020 12:19:36,15,12,781.1903687
14/11/2020 12:19:37,15,12,818.5870361
14/11/2020 12:19:38,15,12,855.9836426
14/11/2020 12:19:39,15,12,893.380249
14/11/2020 12:19:40,15,12,930.7768555
14/11/2020 12:19:41,15,11.85722828,842.0177612
14/11/2020 12:19:42,15,11.65782642,699.4489746
14/11/2020 12:19:43,15,11.45842457,556.880249
14/11/2020 12:19:44,15,11.25902271,414.3114929
14/11/2020 12:19:45,15,11.05962086,271.7427673
14/11/2020 12:19:46,15.42450523,11.56600761,600.663208
14/11/2020 12:19:47,16.03007698,12.37343597,1162.861572
14/11/2020 12:19:48,16.63564873,13.18086433,1725.060059
14/11/2020 12:19:49,17.24121857,13.98829269,2287.258545
14/11/2020 12:19:50,17.84679031,14.79572105,2849.456787
14/11/2020 12:19:51,17.70392418,14.70392418,3050.467041
14/11/2020 12:19:52,17.3075695,14.30757046,3085.383545
14/11/2020 12:19:53,16.91121674,13.91121674,3120.299805
14/11/2020 12:19:54,16.51486397,13.51486301,3155.216309
14/11/2020 12:19:55,16.11850929,13.11850929,3190.132568
14/11/2020 12:19:56,16.69654274,13.55723381,3316.161133
14/11/2020 12:19:57,17.69018364,14.35214615,3487.269287
14/11/2020 12:19:58,18.68382263,15.14705849,3658.377441
14/11/2020 12:19:59,19.67746353,15.94197178,3829.485596
14/11/2020 12:20:00,20.67110443,16.73688316,4000.593506
14/11/2020 12:20:01,20.73154068,16.86577034,4084.4729
14/11/2020 12:20:02,20.33025742,16.66512871,4130.968262
14/11/2020 12:20:03,19.92897224,16.46448708,4177.463867
14/11/2020 12:20:04,19.52768898,16.26384354,4223.959473
14/11/2020 12:20:05,19.12640381,16.0632019,4270.455078
14/11/2020 12:20:06,19.13656235,16.13656235,4243.896973
14/11/2020 12:20:07,19.33592415,16.33592415,4183.745605
14/11/2020 12:20:08,19.53528786,16.53528786,4123.59375
14/11/2020 12:20:09,19.73464966,16.73464966,4063.441895
14/11/2020 12:20:10,19.93401146,16.93401146,4003.290039
14/11/2020 12:20:11,19.73073006,16.73073006,3997.909912
14/11/2020 12:20:12,19.32823563,16.32823563,4021.635254
14/11/2020 12:20:13,18.92573929,15.92573929,4045.360352
14/11/2020 12:20:14,18.52324486,15.5232439,4069.085449
14/11/2020 12:20:15,18.12074852,15.12074852,4092.810547
14/11/2020 12:20:16,18,15.13934517,4100.108887
14/11/2020 12:20:17,18,15.33840942,4096.038574
14/11/2020 12:20:18,18,15.53747368,4091.968506
14/11/2020 12:20:19,18,15.73653793,4087.898193
14/11/2020 12:20:20,18,15.93560314,4083.828125
14/11/2020 12:20:21,18.54451561,16.13466644,4111.150879
14/11/2020 12:20:22,19.33942795,16.3337307,4156.286621
14/11/2020 12:20:23,20.13434029,16.53279495,4201.421875
14/11/2020 12:20:24,20.92925262,16.73186111,4246.557129
14/11/2020 12:20:25,21.72416496,16.93092537,4291.692871
14/11/2020 12:20:26,21.48399925,16.74199867,4300.714355
14/11/2020 12:20:27,20.69379616,16.34689903,4287.789063
14/11/2020 12:20:28,19.90359497,15.95179749,4274.86377
14/11/2020 12:20:29,19.11339378,15.55669689,4261.938477
14/11/2020 12:20:30,18.3231926,15.1615963,4249.013184
14/11/2020 12:20:31,18.23864365,15.11932182,4221.572266
14/11/2020 12:20:32,18.64243889,15.32121944,4184.085938
14/11/2020 12:20:33,19.04623413,15.52311707,4146.600098
14/11/2020 12:20:34,19.45002937,15.72501469,4109.11377
14/11/2020 12:20:35,19.85382652,15.92691326,4071.627441
14/11/2020 12:20:36,19.61842155,15.74561405,3973.348145
14/11/2020 12:20:37,19.02033424,15.3468895,3832.996826
14/11/2020 12:20:38,18.42224884,14.94816589,3692.645508
14/11/2020 12:20:39,17.82416344,14.54944134,3552.294189
14/11/2020 12:20:40,17.22607613,14.15071774,3411.942871
14/11/2020 12:20:41,16.8758564,13.8758564,3228.868408
14/11/2020 12:20:42,16.67626953,13.67626858,3016.227783
14/11/2020 12:20:43,16.47668076,13.47668171,2803.587158
14/11/2020 12:20:44,16.27709389,13.27709389,2590.946289
14/11/2020 12:20:45,16.07750702,13.07750607,2378.305664
14/11/2020 12:20:46,15.8779192,12.8779192,2176.739746
14/11/2020 12:20:47,15.67833138,12.67833138,1982.869751
14/11/2020 12:20:48,15.47874355,12.47874355,1788.999756
14/11/2020 12:20:49,15.27915668,12.27915668,1595.129883
14/11/2020 12:20:50,15.07956886,12.07956886,1401.259888
14/11/2020 12:20:51,14.87998104,11.87998104,1202.597534
14/11/2020 12:20:52,14.68039417,11.68039417,1000.393188
14/11/2020 12:20:53,14.48080635,11.48080635,798.1887817
14/11/2020 12:20:54,14.28121853,11.28121853,595.984314
14/11/2020 12:20:55,14.08163166,11.08163166,393.7799377
14/11/2020 12:20:56,14.11817646,11.11817646,277.3823547
14/11/2020 12:20:57,14.31813622,11.31813622,228.6784973
14/11/2020 12:20:58,14.51809597,11.51809597,179.9746704
14/11/2020 12:20:59,14.71805668,11.71805668,131.2708282
14/11/2020 12:21:00,14.91801643,11.91801643,82.56698608
14/11/2020 12:21:01,14.88235283,11.88235283,55.60085297
14/11/2020 12:21:02,14.68295097,11.68295097,45.78379059
14/11/2020 12:21:03,14.48354912,11.48354912,35.96672821
14/11/2020 12:21:04,14.28414726,11.28414726,26.14966393
14/11/2020 12:21:05,14.08474541,11.08474541,16.33260155
14/11/2020 12:21:06,14,11,13.9831543
14/11/2020 12:21:07,14,11,17.89332771
14/11/2020 12:21:08,14,11,21.80350113
14/11/2020 12:21:09,14,11,25.71367264
14/11/2020 12:21:10,14,11,29.62384605
14/11/2020 12:21:11,14.11180019,11.11180019,28.79123306
14/11/2020 12:21:12,14.3118,11.3118,23.7188549
14/11/2020 12:21:13,14.51179981,11.51179981,18.64647865
14/11/2020 12:21:14,14.71179962,11.71179962,13.57410145
14/11/2020 12:21:15,14.91180038,11.91180038,8.501723289
14/11/2020 12:21:16,14.88853455,11.88853455,5.589434147
14/11/2020 12:21:17,14.68913269,11.68913269,4.608131886
14/11/2020 12:21:18,14.48973083,11.48973083,3.626829863
14/11/2020 12:21:19,14.29032898,11.29032898,2.645527601
14/11/2020 12:21:20,14.09092712,11.09092712,1.664225459
14/11/2020 12:21:21,14.1084528,11.1084528,1.126888752
14/11/2020 12:21:22,14.3078146,11.3078146,1.012706399
14/11/2020 12:21:23,14.50717735,11.50717735,0.898524046
14/11/2020 12:21:24,14.70653915,11.70653915,0.784341753
14/11/2020 12:21:25,14.90590096,11.90590096,0.670159459
14/11/2020 12:21:26,14.89439964,11.89439964,0.555977106
14/11/2020 12:21:27,14.69439983,11.69439983,0.441794783
14/11/2020 12:21:28,14.49440002,11.49440002,0.327612489
14/11/2020 12:21:29,14.29440022,11.29440022,0.213430166
14/11/2020 12:21:30,14.09440041,11.09440041,0.099247843
14/11/2020 12:21:31,14,11,0.04175584
14/11/2020 12:21:32,14,11,0.041638553
14/11/2020 12:21:33,14,11,0.041521262
14/11/2020 12:21:34,14,11,0.041403972
14/11/2020 12:21:35,14,11,0.041286685
14/11/2020 12:21:36,14.1020937,11,0.041169394
14/11/2020 12:21:37,14.30149555,11,0.041052103
14/11/2020 12:21:38,14.50089741,11,0.040934816
14/11/2020 12:21:39,14.70029926,11,0.040817525
14/11/2020 12:21:40,14.89970112,11,0.040700234
14/11/2020 12:21:41,14.90060043,11,0.040582947
14/11/2020 12:21:42,14.70059967,11,0.040465657
14/11/2020 12:21:43,14.50059986,11,0.04034837
14/11/2020 12:21:44,14.30060005,11,0.040231079
14/11/2020 12:21:45,14.10060024,11,0.040113788
14/11/2020 12:21:46,14.09908295,11.09908295,0.039996501
14/11/2020 12:21:47,14.29844475,11.29844475,0.03987921
14/11/2020 12:21:48,14.49780655,11.49780655,0.03976192
14/11/2020 12:21:49,14.6971693,11.6971693,0.039644632
14/11/2020 12:21:50,14.89653111,11.89653111,0.039527342
14/11/2020 12:21:51,14.90351009,11.90351009,0.039410055
14/11/2020 12:21:52,14.70290852,11.70290852,0.039292764
14/11/2020 12:21:53,14.50230694,11.50230694,0.039175473
14/11/2020 12:21:54,14.30170536,11.30170536,0.039058186
14/11/2020 12:21:55,14.10110378,11.10110378,0.038940895
14/11/2020 12:21:56,14,11,0.038823605
14/11/2020 12:21:57,14,11,0.038706318
14/11/2020 12:21:58,14,11,0.038589027
14/11/2020 12:21:59,14,11,0.03847174
14/11/2020 12:22:00,14,11,0.038354449
14/11/2020 12:22:01,14,11,0.038237158
14/11/2020 12:22:02,14,11,0.038119871
14/11/2020 12:22:03,14,11,0.03800258
14/11/2020 12:22:04,14,11,0.03788529
14/11/2020 12:22:05,14,11,0.037768003
14/11/2020 12:22:06,14,11,0.037650712
14/11/2020 12:22:07,14,11,0.037533425
14/11/2020 12:22:08,14,11,0.037416134
14/11/2020 12:22:09,14,11,0.037298843
14/11/2020 12:22:10,14,11,0.037181556
14/11/2020 12:22:11,14.09619999,11.09619999,0.037064265
14/11/2020 12:22:12,14.2961998,11.2961998,0.036946975
14/11/2020 12:22:13,14.49619961,11.49619961,0.036829688
14/11/2020 12:22:14,14.69620037,11.69620037,0.036712397
14/11/2020 12:22:15,14.89620018,11.89620018,0.036595106
14/11/2020 12:22:16,14.95205307,11.95205307,0.036477819
14/11/2020 12:22:17,14.85237217,11.85237217,0.036360528
14/11/2020 12:22:18,14.75269127,11.75269127,0.036243241
14/11/2020 12:22:19,14.65301037,11.65301037,0.036125951
14/11/2020 12:22:20,14.55332947,11.55332947,0.03600866
14/11/2020 12:22:21,14.45364857,11.45364857,0.035891373
14/11/2020 12:22:22,14.35396767,11.35396767,0.035774082
14/11/2020 12:22:23,14.25428581,11.25428581,0.035656791
14/11/2020 12:22:24,14.15460491,11.15460491,0.035539504
14/11/2020 12:22:25,14.05492401,11.05492401,0.035422213
14/11/2020 12:22:26,14,11,0.035304926
14/11/2020 12:22:27,14,11,0.035187636
14/11/2020 12:22:28,14,11,0.035070345
14/11/2020 12:22:29,14,11,0.034953058
14/11/2020 12:22:30,14,11,0.034835767
14/11/2020 12:22:31,14,11,0.034718476
14/11/2020 12:22:32,14,11,0.034601189
14/11/2020 12:22:33,14,11,0.034483898
14/11/2020 12:22:34,14,11,0.034366611
14/11/2020 12:22:35,14,11,0.034249321
14/11/2020 12:22:36,14.0862484,11.0862484,0.03413203
14/11/2020 12:22:37,14.28497601,11.28497601,0.034014743
14/11/2020 12:22:38,14.48370457,11.48370457,0.033897452
14/11/2020 12:22:39,14.68243217,11.68243217,0.033780161
14/11/2020 12:22:40,14.88116074,11.88116074,0.033662874
14/11/2020 12:22:41,14.95986462,11.95986462,0.033545583
14/11/2020 12:22:42,14.8600235,11.8600235,0.033428296
14/11/2020 12:22:43,14.76018333,11.76018333,0.033311006
14/11/2020 12:22:44,14.66034317,11.66034317,0.033193715
14/11/2020 12:22:45,14.56050301,11.56050301,0.033076428
14/11/2020 12:22:46,14.46066284,11.46066284,0.032959137
14/11/2020 12:22:47,14.36082268,11.36082268,0.032841846
14/11/2020 12:22:48,14.26098251,11.26098251,0.032724559
14/11/2020 12:22:49,14.16114235,11.16114235,0.032607269
14/11/2020 12:22:50,14.06130219,11.06130219,0.032489978
14/11/2020 12:22:51,14,11,0.032372691
14/11/2020 12:22:52,14,11,0.0322554
14/11/2020 12:22:53,14,11,0.032138113
14/11/2020 12:22:54,14,11,0.032020822
14/11/2020 12:22:55,14,11,0.031903531
14/11/2020 12:22:56,14,11,0.031786244
14/11/2020 12:22:57,14,11,0.031668954
14/11/2020 12:22:58,14,11,0.031551663
14/11/2020 12:22:59,14,11,0.031434376
14/11/2020 12:23:00,14,11,0.031317085
14/11/2020 12:23:01,14.05505848,11,0.031199796
14/11/2020 12:23:02,14.25382614,11,0.031082507
14/11/2020 12:23:03,14.4525938,11,0.030965218
14/11/2020 12:23:04,14.65136147,11,0.030847928
14/11/2020 12:23:05,14.85012913,11,0.030730639
14/11/2020 12:23:06,14.97562885,11,0.03061335
14/11/2020 12:23:07,14.87656021,11,0.030496061
14/11/2020 12:23:08,14.77749157,11,0.03037877
14/11/2020 12:23:09,14.67842293,11,0.030261481
14/11/2020 12:23:10,14.57935429,11,0.030144192
14/11/2020 12:23:11,14.48028564,11,0.030026903
14/11/2020 12:23:12,14.381217,11,0.029909613
14/11/2020 12:23:13,14.28214741,11,0.029792324
14/11/2020 12:23:14,14.18307877,11,0.029675035
14/11/2020 12:23:15,14.08401012,11,0.029557746
14/11/2020 12:23:16,14,11,0.029440455
14/11/2020 12:23:17,14,11,0.029323166
14/11/2020 12:23:18,14,11,0.029205877
14/11/2020 12:23:19,14,11,0.029088588
14/11/2020 12:23:20,14,11,0.028971298
14/11/2020 12:23:21,14,11,0.028854009
14/11/2020 12:23:22,14,11,0.02873672
14/11/2020 12:23:23,14,11,0.028619429
14/11/2020 12:23:24,14,11,0.02850214
14/11/2020 12:23:25,14,11,0.028384851
14/11/2020 12:23:26,14.00850677,11,0.028267562
14/11/2020 12:23:27,14.21105957,11,0.028150272
14/11/2020 12:23:28,14.41361141,11,0.028032983
14/11/2020 12:23:29,14.61616325,11,0.027915694
14/11/2020 12:23:30,14.81871605,11,0.027798405
14/11/2020 12:23:31,14.97893238,11,0.027681114
14/11/2020 12:23:32,14.77829075,11,0.027563825
14/11/2020 12:23:33,14.57764816,11,0.027446536
14/11/2020 12:23:34,14.37700653,11,0.027329247
14/11/2020 12:23:35,14.17636395,11,0.027211957
14/11/2020 12:23:36,14,11,0.027094668
14/11/2020 12:23:37,14,11,0.026977379
14/11/2020 12:23:38,14,11,0.02686009
14/11/2020 12:23:39,14,11,0.026742799
14/11/2020 12:23:40,14,11,0.02662551
14/11/2020 12:23:41,14,11.01780033,0.026508221
14/11/2020 12:23:42,14,11.21780014,0.026390933
14/11/2020 12:23:43,14,11.41779995,0.026273642
14/11/2020 12:23:44,14,11.61779976,0.026156353
14/11/2020 12:23:45,14,11.81779957,0.026039064
14/11/2020 12:23:46,14,11.98219967,0.025921775
14/11/2020 12:23:47,14,11.78219986,0.025804484
14/11/2020 12:23:48,14,11.58220005,0.025687195
14/11/2020 12:23:49,14,11.38220024,0.025569906
14/11/2020 12:23:50,14,11.18220043,0.025452618
14/11/2020 12:23:51,14.01780033,11,0.025335327
14/11/2020 12:23:52,14.21780014,11,0.025218038
14/11/2020 12:23:53,14.41779995,11,0.025100749
14/11/2020 12:23:54,14.61779976,11,0.02498346
14/11/2020 12:23:55,14.81779957,11,0.024866169
14/11/2020 12:23:56,14.99110031,11,0.02474888
14/11/2020 12:23:57,14.89109993,11,0.024631592
14/11/2020 12:23:58,14.79109955,11,0.024514301
14/11/2020 12:23:59,14.69110012,11,0.024397012
14/11/2020 12:24:00,14.59109974,11,0.024279723
14/11/2020 12:24:01,14.49110031,11,0.024162434
14/11/2020 12:24:02,14.39109993,11,0.024045143
14/11/2020 12:24:03,14.29109955,11,0.023927854
14/11/2020 12:24:04,14.19110012,11,0.023810565
14/11/2020 12:24:05,14.09109974,11,0.023693277
14/11/2020 12:24:06,14.01774311,11,0.023575986
14/11/2020 12:24:07,14.21710491,11,0.023458697
14/11/2020 12:24:08,14.41646767,11,0.023341408
14/11/2020 12:24:09,14.61582947,11,0.023224119
14/11/2020 12:24:10,14.81519127,11,0.023106828
14/11/2020 12:24:11,14.9854002,11,0.022989539
14/11/2020 12:24:12,14.78540039,11,0.022872251
14/11/2020 12:24:13,14.58539963,11,0.022754962
14/11/2020 12:24:14,14.38539982,11,0.022637671
14/11/2020 12:24:15,14.18540001,11,0.022520382
14/11/2020 12:24:16,14.01455593,11.01455593,0.022403093
14/11/2020 12:24:17,14.21395779,11.21395779,0.022285804
14/11/2020 12:24:18,14.41335964,11.41335964,0.022168513
14/11/2020 12:24:19,14.6127615,11.6127615,0.022051224
14/11/2020 12:24:20,14.81216335,11.81216335,0.021933936
14/11/2020 12:24:21,14.98847389,11.98847389,0.021816647
14/11/2020 12:24:22,14.78974533,11.78974533,0.021699356
14/11/2020 12:24:23,14.59101772,11.59101772,0.021582067
14/11/2020 12:24:24,14.39228916,11.39228916,0.021464778
14/11/2020 12:24:25,14.19356155,11.19356155,0.021347489
14/11/2020 12:24:26,14,11,0.021230198
14/11/2020 12:24:27,14,11,0.02111291
14/11/2020 12:24:28,14,11,0.020995621
14/11/2020 12:24:29,14,11,0.020878332
14/11/2020 12:24:30,14,11,0.020761041
14/11/2020 12:24:31,14,11,0.020643752
14/11/2020 12:24:32,14.18136024,11,0.020526463
14/11/2020 12:24:33,14.38264942,11,0.020409174
14/11/2020 12:24:34,14.58393764,11,0.020291883
14/11/2020 12:24:35,14.78522587,11,0.020174595
14/11/2020 12:24:36,14.98651409,11,0.020057306
14/11/2020 12:24:37,14.81399536,11,0.019940015
14/11/2020 12:24:38,14.61463356,11,0.019822726
14/11/2020 12:24:39,14.41527081,11,0.019705437
14/11/2020 12:24:40,14.215909,11,0.019588148
14/11/2020 12:24:41,14.0165472,11,0.019470857
14/11/2020 12:24:42,14.18454456,11.18454456,0.019353569
14/11/2020 12:24:43,14.38579178,11.38579178,0.01923628
14/11/2020 12:24:44,14.58703995,11.58703995,0.019118991
14/11/2020 12:24:45,14.78828716,11.78828716,0.0190017
14/11/2020 12:24:46,14.98953533,11.98953533,0.018884411
14/11/2020 12:24:47,14.90564346,11.90564346,0.018767122
14/11/2020 12:24:48,14.80611134,11.80611134,0.018649833
14/11/2020 12:24:49,14.70657921,11.70657921,0.018532543
14/11/2020 12:24:50,14.60704708,11.60704708,0.018415254
14/11/2020 12:24:51,14.50751495,11.50751495,0.018297965
14/11/2020 12:24:52,14.40798283,11.40798283,0.018180676
14/11/2020 12:24:53,14.3084507,11.3084507,0.018063385
14/11/2020 12:24:54,14.20891762,11.20891762,0.017946096
14/11/2020 12:24:55,14.10938549,11.10938549,0.017828807
14/11/2020 12:24:56,14.00985336,11.00985336,0.017711518
14/11/2020 12:24:57,14,11.17962551,0.017594228
14/11/2020 12:24:58,14,11.37898731,0.017476939
14/11/2020 12:24:59,14,11.57834911,0.01735965
14/11/2020 12:25:00,14,11.77771091,0.017242361
14/11/2020 12:25:01,14,11.97707367,0.01712507
14/11/2020 12:25:02,14,11.82352924,0.017007781
14/11/2020 12:25:03,14,11.62412739,0.016890492
14/11/2020 12:25:04,14,11.42472553,0.016773203
14/11/2020 12:25:05,14,11.22532368,0.016655913
14/11/2020 12:25:06,14,11.02592182,0.016538624
14/11/2020 12:25:07,14.17183495,11.17183495,0.016421335
14/11/2020 12:25:08,14.36934662,11.36934662,0.016304046
14/11/2020 12:25:09,14.56685734,11.56685734,0.016186755
14/11/2020 12:25:10,14.76436901,11.76436901,0.016069466
14/11/2020 12:25:11,14.96188068,11.96188068,0.015952177
14/11/2020 12:25:12,14.9194212,11.9194212,0.015834887
14/11/2020 12:25:13,14.81957054,11.81957054,0.015717598
14/11/2020 12:25:14,14.71972084,11.71972084,0.015600309
14/11/2020 12:25:15,14.61987019,11.61987019,0.015483019
14/11/2020 12:25:16,14.52001953,11.52001953,0.01536573
14/11/2020 12:25:17,14.42016983,11.42016983,0.01524844
14/11/2020 12:25:18,14.32031918,11.32031918,0.015131151
14/11/2020 12:25:19,14.22046947,11.22046947,0.015013861
14/11/2020 12:25:20,14.12061882,11.12061882,0.014896573
14/11/2020 12:25:21,14.02076912,11.02076912,0.014779283
14/11/2020 12:25:22,14.1573925,11,0.014661994
14/11/2020 12:25:23,14.35612106,11,0.014544704
14/11/2020 12:25:24,14.55484867,11,0.014427415
14/11/2020 12:25:25,14.75357723,11,0.014310125
14/11/2020 12:25:26,14.95230484,11,0.014192836
14/11/2020 12:25:27,14.8498621,11,0.014075547
14/11/2020 12:25:28,14.65231133,11,0.013958258
14/11/2020 12:25:29,14.45476055,11,0.013840968
14/11/2020 12:25:30,14.25721073,11,0.013723679
14/11/2020 12:25:31,14.05965996,11,0.013606389
14/11/2020 12:25:32,14.13915443,11.13915443,0.0134891
14/11/2020 12:25:33,14.33851719,11.33851719,0.01337181
14/11/2020 12:25:34,14.53787899,11.53787899,0.013254521
14/11/2020 12:25:35,14.73724079,11.73724079,0.013137232
14/11/2020 12:25:36,14.93660259,11.93660259,0.013019943
14/11/2020 12:25:37,14.93232822,11.93232822,0.012902653
14/11/2020 12:25:38,14.83310223,11.83310223,0.012785364
14/11/2020 12:25:39,14.73387623,11.73387623,0.012668074
14/11/2020 12:25:40,14.63464928,11.63464928,0.012550785
14/11/2020 12:25:41,14.53542328,11.53542328,0.012433495
14/11/2020 12:25:42,14.43619728,11.43619728,0.012316206
14/11/2020 12:25:43,14.33697128,11.33697128,0.012198917
14/11/2020 12:25:44,14.23774529,11.23774529,0.012081628
14/11/2020 12:25:45,14.13851929,11.13851929,0.011964338
14/11/2020 12:25:46,14.03929329,11.03929329,0.011847048
14/11/2020 12:25:47,14.1200552,11,0.011729759
14/11/2020 12:25:48,14.31882286,11,0.011612469
14/11/2020 12:25:49,14.51759052,11,0.01149518
14/11/2020 12:25:50,14.71635818,11,0.011377891
14/11/2020 12:25:51,14.91512585,11,0.011260602
14/11/2020 12:25:52,14.88612843,11,0.011143312
14/11/2020 12:25:53,14.68740082,11,0.011026023
14/11/2020 12:25:54,14.48867226,11,0.010908733
14/11/2020 12:25:55,14.28994465,11,0.010791444
14/11/2020 12:25:56,14.09121609,11,0.010674154
14/11/2020 12:25:57,14.10687447,11.10687447,0.010556865
14/11/2020 12:25:58,14.30442524,11.30442524,0.010439576
14/11/2020 12:25:59,14.50197506,11.50197506,0.010322287
14/11/2020 12:26:00,14.69952583,11.69952583,0.010204997
14/11/2020 12:26:01,14.89707661,11.89707661,0.010087708
14/11/2020 12:26:02,14.90509224,11.90509224,0.009970418
14/11/2020 12:26:03,14.70695496,11.70695496,0.009853129
14/11/2020 12:26:04,14.50881672,11.50881672,0.009735839
14/11/2020 12:26:05,14.31067944,11.31067944,0.009618551
14/11/2020 12:26:06,14.11254215,11.11254215,0.009501261
14/11/2020 12:26:07,14,11,0.009383972
14/11/2020 12:26:08,14,11,0.009266682
14/11/2020 12:26:09,14,11,0.009149393
14/11/2020 12:26:10,14,11,0.009032103
14/11/2020 12:26:11,14,11,0.008914814
14/11/2020 12:26:12,14,11,0.008797524
14/11/2020 12:26:13,14,11,0.008680236
14/11/2020 12:26:14,14,11,0.008562946
14/11/2020 12:26:15,14,11,0.008445657
14/11/2020 12:26:16,14,11,0.008328367
14/11/2020 12:26:17,14,11,0.008211078
14/11/2020 12:26:18,14,11,0.008093788
14/11/2020 12:26:19,14,11,0.007976499
14/11/2020 12:26:20,14,11,0.00785921
14/11/2020 12:26:21,14,11,0.00774192
14/11/2020 12:26:22,14.06120396,11.06120396,0.007624631
14/11/2020 12:26:23,14.26056576,11.26056576,0.007507341
14/11/2020 12:26:24,14.45992851,11.45992851,0.007390052
14/11/2020 12:26:25,14.65929031,11.65929031,0.007272763
14/11/2020 12:26:26,14.85865211,11.85865211,0.007155473
14/11/2020 12:26:27,14.9421587,11.9421587,0.007038184
14/11/2020 12:26:28,14.74339104,11.74339104,0.006920895
14/11/2020 12:26:29,14.54462337,11.54462337,0.006803605
14/11/2020 12:26:30,14.34585571,11.34585571,0.006686316
14/11/2020 12:26:31,14.14708805,11.14708805,0.006569027
14/11/2020 12:26:32,14.02575779,11,0.006451737
14/11/2020 12:26:33,14.12482643,11,0.006334448
14/11/2020 12:26:34,14.22389507,11,0.006217158
14/11/2020 12:26:35,14.32296371,11,0.006099869
14/11/2020 12:26:36,14.42203331,11,0.00598258
14/11/2020 12:26:37,14.52110195,11,0.00586529
14/11/2020 12:26:38,14.62017059,11,0.005748001
14/11/2020 12:26:39,14.71923923,11,0.005630711
14/11/2020 12:26:40,14.81830788,11,0.005513422
14/11/2020 12:26:41,14.91737652,11,0.005396132
14/11/2020 12:26:42,14.96679974,11,0.005278843
14/11/2020 12:26:43,14.76679993,11,0.005161554
14/11/2020 12:26:44,14.56680012,11,0.005044264
14/11/2020 12:26:45,14.36680031,11,0.004926975
14/11/2020 12:26:46,14.16679955,11,0.004809686
14/11/2020 12:26:47,14.03320026,11.03320026,0.004692396
14/11/2020 12:26:48,14.23320007,11.23320007,0.004575107
14/11/2020 12:26:49,14.43319988,11.43319988,0.004457817
14/11/2020 12:26:50,14.63319969,11.63319969,0.004340528
14/11/2020 12:26:51,14.83320045,11.83320045,0.004223239
14/11/2020 12:26:52,14.96690559,11.9834528,0.004105949
14/11/2020 12:26:53,14.76754379,11.8837719,0.00398866
14/11/2020 12:26:54,14.56818199,11.784091,0.003871371
14/11/2020 12:26:55,14.36882019,11.6844101,0.003754081
14/11/2020 12:26:56,14.16945744,11.58472919,0.003636792
14/11/2020 12:26:57,14.02990437,11.48504829,0.003519502
14/11/2020 12:26:58,14.22926617,11.38536644,0.003402213
14/11/2020 12:26:59,14.42862797,11.28568554,0.003284924
14/11/2020 12:27:00,14.62799072,11.18600464,0.003167634
14/11/2020 12:27:01,14.82735252,11.08632374,0.003050345
14/11/2020 12:27:02,14.98664188,11,0.002933056
14/11/2020 12:27:03,14.88695049,11,0.002815766
14/11/2020 12:27:04,14.7872591,11,0.002698477
14/11/2020 12:27:05,14.68756866,11,0.002581188
14/11/2020 12:27:06,14.58787727,11,0.002463898
14/11/2020 12:27:07,14.48818684,11,0.002346609
14/11/2020 12:27:08,14.38849545,11,0.002229319
14/11/2020 12:27:09,14.28880501,11,0.00211203
14/11/2020 12:27:10,14.18911362,11,0.00199474
14/11/2020 12:27:11,14.08942318,11,0.001877451
14/11/2020 12:27:12,14.02060032,11.02060032,0.001760162
14/11/2020 12:27:13,14.22060013,11.22060013,0.001642872
14/11/2020 12:27:14,14.42059994,11.42059994,0.001525583
14/11/2020 12:27:15,14.62059975,11.62059975,0.001408294
14/11/2020 12:27:16,14.82059956,11.82059956,0.001291004
14/11/2020 12:27:17,14.97946548,11.97946548,0.001173715
14/11/2020 12:27:18,14.78010368,11.78010368,0.001056426
14/11/2020 12:27:19,14.58074188,11.58074188,0.000939136
14/11/2020 12:27:20,14.38137913,11.38137913,0.000821847
14/11/2020 12:27:21,14.18201733,11.18201733,0.000704557
14/11/2020 12:27:22,14.01729298,11,0.000587268
14/11/2020 12:27:23,14.21606064,11,0.000469979
14/11/2020 12:27:24,14.4148283,11,0.000352689
14/11/2020 12:27:25,14.61359596,11,0.0002354
14/11/2020 12:27:26,14.81236362,11,0.00011811
14/11/2020 12:27:27,15,11.01113129,8.21026E-07
14/11/2020 12:27:28,15,11.20989895,31.49153709
14/11/2020 12:27:29,15,11.40866661,63.2050705
14/11/2020 12:27:30,15,11.60743427,94.91860199
14/11/2020 12:27:31,15,11.80620193,126.6321335
14/11/2020 12:27:32,15,11.9950161,158.3456726
14/11/2020 12:27:33,15,11.7956543,200.9443207
14/11/2020 12:27:34,15,11.59629154,243.9729462
14/11/2020 12:27:35,15,11.39692974,287.0015869
14/11/2020 12:27:36,15,11.19756794,330.0302124
14/11/2020 12:27:37,15,11.00179386,373.0588379
14/11/2020 12:27:38,15,11.20115662,365.2919312
14/11/2020 12:27:39,15,11.40051842,352.8063049
14/11/2020 12:27:40,15,11.59988022,340.3207092
14/11/2020 12:27:41,15,11.79924202,327.835083
14/11/2020 12:27:42,15,11.99860477,315.3494568
14/11/2020 12:27:43,14.80262375,11.80262375,267.9170227
14/11/2020 12:27:44,14.60385609,11.60385609,217.8945313
14/11/2020 12:27:45,14.40508842,11.40508842,167.8720398
14/11/2020 12:27:46,14.20632076,11.20632076,117.849556
14/11/2020 12:27:47,14.0075531,11.0075531,67.82707214
14/11/2020 12:27:48,14.09590244,11,54.5987854
14/11/2020 12:27:49,14.19559383,11,44.09746552
14/11/2020 12:27:50,14.29528427,11,33.59614182
14/11/2020 12:27:51,14.39497566,11,23.09481812
14/11/2020 12:27:52,14.4946661,11,12.59349537
14/11/2020 12:27:53,14.59435749,11,9.98035717
14/11/2020 12:27:54,14.69404888,11,8.100001335
14/11/2020 12:27:55,14.79373932,11,6.219645023
14/11/2020 12:27:56,14.89343071,11,4.339288712
14/11/2020 12:27:57,14.99312115,11,2.458932877
14/11/2020 12:27:58,14.81379986,11,1.942518592
14/11/2020 12:27:59,14.61380005,11,1.577653408
14/11/2020 12:28:00,14.41380024,11,1.212788343
14/11/2020 12:28:01,14.21380043,11,0.847923219
14/11/2020 12:28:02,14.01379967,11,0.483058095
14/11/2020 12:28:03,14.185606,11.185606,0.438226968
14/11/2020 12:28:04,14.3849678,11.3849678,0.435391277
14/11/2020 12:28:05,14.58433056,11.58433056,0.432555556
14/11/2020 12:28:06,14.78369236,11.78369236,0.429719865
14/11/2020 12:28:07,14.98305416,11.98305416,0.426884145
14/11/2020 12:28:08,14.8175478,11.8175478,0.424048454
14/11/2020 12:28:09,14.61814594,11.61814594,0.421212733
14/11/2020 12:28:10,14.41874409,11.41874409,0.418377042
14/11/2020 12:28:11,14.21934223,11.21934223,0.415541321
14/11/2020 12:28:12,14.01994038,11.01994038,0.41270563
14/11/2020 12:28:13,14.17942619,11,0.409869909
14/11/2020 12:28:14,14.37878799,11,0.407034218
14/11/2020 12:28:15,14.5781498,11,0.404198498
14/11/2020 12:28:16,14.7775116,11,0.401362807
14/11/2020 12:28:17,14.97687435,11,0.398527116
14/11/2020 12:28:18,15,11.17515373,0.395691395
14/11/2020 12:28:19,15,11.37329102,0.392855704
14/11/2020 12:28:20,15,11.5714283,0.390019983
14/11/2020 12:28:21,15,11.76956654,0.387184292
14/11/2020 12:28:22,15,11.96770382,0.384348571
14/11/2020 12:28:23,14.83468342,11.83468342,0.38151288
14/11/2020 12:28:24,14.63717175,11.63717175,0.37867716
14/11/2020 12:28:25,14.43966007,11.43966007,0.375841469
14/11/2020 12:28:26,14.24214935,11.24214935,0.373005748
14/11/2020 12:28:27,14.04463768,11.04463768,0.370170057
14/11/2020 12:28:28,14.15725327,11.15725327,0.367334336
14/11/2020 12:28:29,14.36042213,11.36042213,0.364498645
14/11/2020 12:28:30,14.56359196,11.56359196,0.361662954
14/11/2020 12:28:31,14.76676178,11.76676178,0.358827233
14/11/2020 12:28:32,14.96993065,11.96993065,0.355991542
14/11/2020 12:28:33,14.8301096,11.91492748,0.353155822
14/11/2020 12:28:34,14.63070774,11.81507778,0.350320131
14/11/2020 12:28:35,14.43130589,11.71522713,0.34748441
14/11/2020 12:28:36,14.23190403,11.61537647,0.344648719
14/11/2020 12:28:37,14.03250217,11.51552677,0.341812998
14/11/2020 12:28:38,14.16740036,11.41567612,0.338977307
14/11/2020 12:28:39,14.36740017,11.31582642,0.336141586
14/11/2020 12:28:40,14.56739998,11.21597576,0.333305895
14/11/2020 12:28:41,14.76739979,11.11612606,0.330470175
14/11/2020 12:28:42,14.9673996,11.01627541,0.327634484
14/11/2020 12:28:43,15,11,0.324798793
14/11/2020 12:28:44,15,11,0.321963072
14/11/2020 12:28:45,15,11,0.319127381
14/11/2020 12:28:46,15,11,0.31629166
14/11/2020 12:28:47,15,11,0.313455969
14/11/2020 12:28:48,14.8331337,11,0.310620248
14/11/2020 12:28:49,14.6337719,11,0.307784557
14/11/2020 12:28:50,14.4344101,11,0.304948837
14/11/2020 12:28:51,14.23504829,11,0.302113146
14/11/2020 12:28:52,14.03568554,11,0.299277425
14/11/2020 12:28:53,14.16367626,11.16367626,0.296441734
14/11/2020 12:28:54,14.36303806,11.36303806,0.293606043
14/11/2020 12:28:55,14.56239986,11.56239986,0.290770322
14/11/2020 12:28:56,14.76176262,11.76176262,0.287934631
14/11/2020 12:28:57,14.96112442,11.96112442,0.28509891
14/11/2020 12:28:58,14.83999252,11.83999252,0.282263219
14/11/2020 12:28:59,14.64122486,11.64122486,0.279427499
14/11/2020 12:29:00,14.4424572,11.4424572,0.276591808
14/11/2020 12:29:01,14.24368954,11.24368954,0.273756087
14/11/2020 12:29:02,14.04492188,11.04492188,0.270920396
14/11/2020 12:29:03,14.15480042,11.15480042,0.268084675
14/11/2020 12:29:04,14.35480022,11.35480022,0.265248984
14/11/2020 12:29:05,14.55480003,11.55480003,0.262413263
14/11/2020 12:29:06,14.75479984,11.75479984,0.259577572
14/11/2020 12:29:07,14.95479965,11.95479965,0.256741881
14/11/2020 12:29:08,15,11.92283916,0.253906161
14/11/2020 12:29:09,15,11.82314777,0.25107047
14/11/2020 12:29:10,15,11.72345734,0.248234749
14/11/2020 12:29:11,15,11.62376595,0.245399043
14/11/2020 12:29:12,15,11.52407551,0.242563337
14/11/2020 12:29:13,14.84885311,11.42438412,0.239727646
14/11/2020 12:29:14,14.64945126,11.32469368,0.23689194
14/11/2020 12:29:15,14.4500494,11.22500229,0.234056234
14/11/2020 12:29:16,14.2506485,11.12531185,0.231220528
14/11/2020 12:29:17,14.05124664,11.02562046,0.228384823
14/11/2020 12:29:18,14.07395267,11.14765453,0.225549117
14/11/2020 12:29:19,14.1734848,11.34638309,0.222713411
14/11/2020 12:29:20,14.27301693,11.54511166,0.219877705
14/11/2020 12:29:21,14.37254906,11.74383926,0.217041999
14/11/2020 12:29:22,14.47208118,11.94256783,0.214206293
14/11/2020 12:29:23,14.57161331,11.85822487,0.211370587
14/11/2020 12:29:24,14.67114544,11.65882397,0.208534881
14/11/2020 12:29:25,14.77067757,11.45942211,0.205699176
14/11/2020 12:29:26,14.87020969,11.26002026,0.202863485
14/11/2020 12:29:27,14.96974182,11.0606184,0.200027779
14/11/2020 12:29:28,15,11,0.197192073
14/11/2020 12:29:29,15,11,0.194356367
14/11/2020 12:29:30,15,11,0.191520661
14/11/2020 12:29:31,15,11,0.188684955
14/11/2020 12:29:32,15,11,0.185849249
14/11/2020 12:29:33,15,11,0.183013543
14/11/2020 12:29:34,15,11,0.180177838
14/11/2020 12:29:35,15,11,0.177342132
14/11/2020 12:29:36,15,11,0.174506426
14/11/2020 12:29:37,15,11,0.17167072
14/11/2020 12:29:38,14.87380409,11,0.168835029
14/11/2020 12:29:39,14.67444134,11,0.165999323
14/11/2020 12:29:40,14.47507954,11,0.163163617
14/11/2020 12:29:41,14.27571774,11,0.160327911
14/11/2020 12:29:42,14.07635593,11,0.157492206
14/11/2020 12:29:43,14.12339973,11.12339973,0.1546565
14/11/2020 12:29:44,14.32339954,11.32339954,0.151820794
14/11/2020 12:29:45,14.52340031,11.52340031,0.148985088
14/11/2020 12:29:46,14.72340012,11.72340012,0.146149382
14/11/2020 12:29:47,14.92339993,11.92339993,0.143313676
14/11/2020 12:29:48,14.87696934,11.87696934,0.14047797
14/11/2020 12:29:49,14.67756748,11.67756748,0.137642264
14/11/2020 12:29:50,14.47816563,11.47816563,0.134806558
14/11/2020 12:29:51,14.27876377,11.27876377,0.131970868
14/11/2020 12:29:52,14.07936192,11.07936192,0.129135162
14/11/2020 12:29:53,14.06010342,11,0.126299456
14/11/2020 12:29:54,14.15994453,11,0.12346375
14/11/2020 12:29:55,14.2597847,11,0.120628044
14/11/2020 12:29:56,14.35962486,11,0.117792338
14/11/2020 12:29:57,14.45946503,11,0.114956632
14/11/2020 12:29:58,14.55930519,11,0.112120926
14/11/2020 12:29:59,14.65914536,11,0.109285221
14/11/2020 12:30:00,14.75898552,11,0.106449522
14/11/2020 12:30:01,14.85882568,11,0.103613816
14/11/2020 12:30:02,14.95866585,11,0.10077811
14/11/2020 12:30:03,14.88317394,11,0.097942404
14/11/2020 12:30:04,14.68381214,11,0.095106699
14/11/2020 12:30:05,14.48444939,11,0.092270993
14/11/2020 12:30:06,14.28508759,11,0.089435287
14/11/2020 12:30:07,14.08572578,11,0.086599588
14/11/2020 12:30:08,14.11329746,11.11329746,0.083763883
14/11/2020 12:30:09,14.31206512,11.31206512,0.080928177
14/11/2020 12:30:10,14.51083279,11.51083279,0.078092471
14/11/2020 12:30:11,14.70960045,11.70960045,0.075256765
14/11/2020 12:30:12,14.90836811,11.90836811,0.072421059
14/11/2020 12:30:13,14.89220047,11.89220047,0.069585361
14/11/2020 12:30:14,14.69219971,11.69219971,0.066749655
14/11/2020 12:30:15,14.4921999,11.4921999,0.063913949
14/11/2020 12:30:16,14.29220009,11.29220009,0.061078243
14/11/2020 12:30:17,14.09220028,11.09220028,0.058242537
14/11/2020 12:30:18,14.10745621,11,0.055406835
14/11/2020 12:30:19,14.30681801,11,0.052571129
14/11/2020 12:30:20,14.50617981,11,0.049735423
14/11/2020 12:30:21,14.70554256,11,0.046899721
14/11/2020 12:30:22,14.90490437,11,0.044064015
14/11/2020 12:30:23,14.94786167,11,0.041228309
14/11/2020 12:30:24,14.84817028,11,0.038392607
14/11/2020 12:30:25,14.74847984,11,0.035556901
14/11/2020 12:30:26,14.64878845,11,0.032721195
14/11/2020 12:30:27,14.54909801,11,0.029885491
14/11/2020 12:30:28,14.44940662,11,0.027049787
14/11/2020 12:30:29,14.34971619,11,0.024214081
14/11/2020 12:30:30,14.2500248,11,0.021378377
14/11/2020 12:30:31,14.15033436,11,0.018542673
14/11/2020 12:30:32,14.05064297,11,0.015706968
14/11/2020 12:30:33,14.09779358,11.09779358,0.012871264
14/11/2020 12:30:34,14.29656124,11.29656124,0.010035559
14/11/2020 12:30:35,14.4953289,11.4953289,0.007199854
14/11/2020 12:30:36,14.69409657,11.69409657,0.00436415
14/11/2020 12:30:37,14.89286423,11.89286423,0.001528445
14/11/2020 12:30:38,14.90722466,11.90722466,7.595767975
14/11/2020 12:30:39,14.70597744,11.70597744,24.07248688
14/11/2020 12:30:40,14.50472927,11.50472927,40.54920578
14/11/2020 12:30:41,14.30348206,11.30348206,57.0259285
14/11/2020 12:30:42,14.10223389,11.10223389,73.5026474
14/11/2020 12:30:43,15.17703342,12.37320614,507.7498474
14/11/2020 12:30:44,17.5693779,15.16427422,1430.453247
14/11/2020 12:30:45,19.96172333,17.95534325,2353.156494
14/11/2020 12:30:46,22.35406685,20.74641228,3275.859863
14/11/2020 12:30:47,24.74641228,23.5374794,4198.563477
14/11/2020 12:30:48,25.81016922,24.52542305,4947.228516
14/11/2020 12:30:49,25.41136551,23.52841568,5432.649414
14/11/2020 12:30:50,25.0125618,22.5314064,5918.070313
14/11/2020 12:30:51,24.61375809,21.53439713,6403.491699
14/11/2020 12:30:52,24.21495438,20.53738785,6888.912598
14/11/2020 12:30:53,23.17020035,19.17020035,6729.141113
14/11/2020 12:30:54,21.3701992,17.3701992,5764.691406
14/11/2020 12:30:55,19.57019997,15.57019997,4800.241699
14/11/2020 12:30:56,17.77020073,13.77019978,3835.791992
14/11/2020 12:30:57,15.97019958,11.97019958,2871.342529
14/11/2020 12:30:58,15,11.09105301,2132.480225
14/11/2020 12:30:59,15,11.28856373,1758.573486
14/11/2020 12:31:00,15,11.4860754,1384.666748
14/11/2020 12:31:01,15,11.68358707,1010.760132
14/11/2020 12:31:02,15,11.88109779,636.8534546
14/11/2020 12:31:03,14.91964436,11.91964436,380.9153442
14/11/2020 12:31:04,14.71774673,11.71774673,315.8269043
14/11/2020 12:31:05,14.51584911,11.51584911,250.7384644
14/11/2020 12:31:06,14.31395149,11.31395149,185.6500244
14/11/2020 12:31:07,14.11205292,11.11205292,120.5615921
14/11/2020 12:31:08,14.04422188,11,76.13405609
14/11/2020 12:31:09,14.1435957,11,62.95742035
14/11/2020 12:31:10,14.24296951,11,49.78078461
14/11/2020 12:31:11,14.34234333,11,36.60415268
14/11/2020 12:31:12,14.44171715,11,23.42751694
14/11/2020 12:31:13,14.54109097,11,14.34607697
14/11/2020 12:31:14,14.64046478,11,11.88984966
14/11/2020 12:31:15,14.7398386,11,9.433621407
14/11/2020 12:31:16,14.83921337,11,6.977394104
14/11/2020 12:31:17,14.93858719,11,4.521166325
14/11/2020 12:31:18,15.61316204,11.61316204,362.2504883
14/11/2020 12:31:19,17.21829796,13.21829891,1341.226318
14/11/2020 12:31:20,18.82343483,14.82343483,2320.202148
14/11/2020 12:31:21,20.4285717,16.4285717,3299.177734
14/11/2020 12:31:22,22.03370857,18.03370857,4278.153809
14/11/2020 12:31:23,23.23803902,19.23803902,5019.870605
14/11/2020 12:31:24,23.83612442,19.83612442,5377.749512
14/11/2020 12:31:25,24.43420982,20.43420982,5735.628418
14/11/2020 12:31:26,25.03229713,21.03229713,6093.507324
14/11/2020 12:31:27,25.63038254,21.63038254,6451.38623
14/11/2020 12:31:28,25.08594131,21.16211319,6330.157227
14/11/2020 12:31:29,22.69312096,18.96869469,5382.564941
14/11/2020 12:31:30,20.30029869,16.77527428,4434.972656
14/11/2020 12:31:31,17.90747833,14.58185482,3487.380127
14/11/2020 12:31:32,15.51465607,12.38843441,2539.787598
14/11/2020 12:31:33,14.0736208,11.0736208,1808.068726
14/11/2020 12:31:34,14.27422237,11.27422237,1535.081299
14/11/2020 12:31:35,14.47482491,11.47482491,1262.093872
14/11/2020 12:31:36,14.67542648,11.67542648,989.1065063
14/11/2020 12:31:37,14.87602806,11.87602806,716.1191406
14/11/2020 12:31:38,16.37108612,13.2949152,940.8245239
14/11/2020 12:31:39,19.96031952,16.68474579,2228.002441
14/11/2020 12:31:40,23.54955101,20.07457542,3515.18042
14/11/2020 12:31:41,27.13878441,23.46440697,4802.358398
14/11/2020 12:31:42,30.7280159,26.8542366,6089.536621
14/11/2020 12:31:43,32.78184891,28.78185081,7113.35498
14/11/2020 12:31:44,32.18743896,28.18743896,7375.787598
14/11/2020 12:31:45,31.59302521,27.59302521,7638.220215
14/11/2020 12:31:46,30.99861336,26.99861336,7900.652832
14/11/2020 12:31:47,30.4041996,26.4041996,8163.085449
14/11/2020 12:31:48,29.93646622,25.93601227,8305.049805
14/11/2020 12:31:49,29.73792267,25.73605347,7993.825684
14/11/2020 12:31:50,29.53937721,25.53609276,7682.601074
14/11/2020 12:31:51,29.34083366,25.33613205,7371.376465
14/11/2020 12:31:52,29.14229012,25.13617325,7060.151855
14/11/2020 12:31:53,28.94374657,25,6834.276367
14/11/2020 12:31:54,28.74520111,25,7046.665039
14/11/2020 12:31:55,28.54665756,25,7259.054199
14/11/2020 12:31:56,28.34811401,25,7471.443359
14/11/2020 12:31:57,28.14957047,25,7683.83252
14/11/2020 12:31:58,27.95102501,24.94907951,7872.592773
14/11/2020 12:31:59,27.75248146,24.75094032,7881.287109
14/11/2020 12:32:00,27.55393791,24.55280304,7889.980957
14/11/2020 12:32:01,27.35539436,24.35466576,7898.675293
14/11/2020 12:32:02,27.15684891,24.15652847,7907.369141
14/11/2020 12:32:03,27.08321762,24.04160881,7925.381836
14/11/2020 12:32:04,27.47949219,24.23974609,8026.339844
14/11/2020 12:32:05,27.87576866,24.43788338,8127.297852
14/11/2020 12:32:06,28.27204323,24.63602066,8228.255859
14/11/2020 12:32:07,28.66831779,24.83415985,8329.213867
14/11/2020 12:32:08,29.0968895,25.0968895,8425.649414
14/11/2020 12:32:09,29.69130135,25.69130135,8481.825195
14/11/2020 12:32:10,30.2857151,26.2857151,8538.000977
14/11/2020 12:32:11,30.88012695,26.88012695,8594.175781
14/11/2020 12:32:12,31.4745388,27.4745388,8650.351563
14/11/2020 12:32:13,32,28.02313042,8707.49707
14/11/2020 12:32:14,32,28.22253227,8777.72168
14/11/2020 12:32:15,32,28.42193413,8847.946289
14/11/2020 12:32:16,32,28.62133598,8918.171875
14/11/2020 12:32:17,32,28.82073784,8988.396484
14/11/2020 12:32:18,31.87879944,28.85860062,9038.823242
14/11/2020 12:32:19,30.67880058,27.45859909,8742.416992
14/11/2020 12:32:20,29.47879982,26.05859947,8446.010742
14/11/2020 12:32:21,28.27879906,24.65859985,8149.604004
14/11/2020 12:32:22,27.0788002,23.25860023,7853.197754
14/11/2020 12:32:23,26,21.97992897,7570.924316
14/11/2020 12:32:24,26,21.78120041,7646.446777
14/11/2020 12:32:25,26,21.58247185,7721.969238
14/11/2020 12:32:26,26,21.38374329,7797.491211
14/11/2020 12:32:27,26,21.18501663,7873.013672
14/11/2020 12:32:28,26.04127693,21.06879425,7923.369629
14/11/2020 12:32:29,26.6394825,22.06580353,7532.853027
14/11/2020 12:32:30,27.23768616,23.0628109,7142.335938
14/11/2020 12:32:31,27.83589172,24.05982018,6751.819336
14/11/2020 12:32:32,28.43409729,25.05682945,6361.302734
14/11/2020 12:32:33,29.01076508,26,6002.915039
14/11/2020 12:32:34,29.21012688,26,6457.898438
14/11/2020 12:32:35,29.40949059,26,6912.881836
14/11/2020 12:32:36,29.60885239,26,7367.865234
14/11/2020 12:32:37,29.80821419,26,7822.848633
14/11/2020 12:32:38,29.98475075,25.98475075,8258.951172
14/11/2020 12:32:39,29.58346748,25.58346748,8217.074219
14/11/2020 12:32:40,29.18218231,25.18218231,8175.195801
14/11/2020 12:32:41,28.78089905,24.78089905,8133.317871
14/11/2020 12:32:42,28.37961388,24.37961388,8091.44043
14/11/2020 12:32:43,27.95693779,23.95693779,8036.555664
14/11/2020 12:32:44,27.15949059,23.15949059,7652.398438
14/11/2020 12:32:45,26.36204147,22.36204147,7268.240723
14/11/2020 12:32:46,25.56459236,21.56459236,6884.083008
14/11/2020 12:32:47,24.76714516,20.76714516,6499.925293
14/11/2020 12:32:48,24.02280045,20.03039932,6133.296875
14/11/2020 12:32:49,24.62280083,20.83040047,6545.913086
14/11/2020 12:32:50,25.2227993,21.6303997,6958.529785
14/11/2020 12:32:51,25.82279968,22.43040085,7371.146484
14/11/2020 12:32:52,26.42280006,23.23040009,7783.762695
14/11/2020 12:32:53,27.06080055,24.05319977,8189.960938
14/11/2020 12:32:54,28.66080093,25.45319939,8310.834961
14/11/2020 12:32:55,30.26079941,26.85320091,8431.708984
14/11/2020 12:32:56,31.86079979,28.25320053,8552.582031
14/11/2020 12:32:57,33.46080017,29.65320015,8673.456055
14/11/2020 12:32:58,34.87878799,30.88636398,8794.330078
14/11/2020 12:32:59,31.68899536,27.89593315,8329.945313
14/11/2020 12:33:00,28.49920273,24.90550232,7860.246094
14/11/2020 12:33:01,25.3094101,21.91507149,7390.546387
14/11/2020 12:33:02,22.11961746,18.92464066,6920.84668
14/11/2020 12:33:03,19.08799934,16.08359909,6451.146973
14/11/2020 12:33:04,23.08799934,19.88360023,6822.479004
14/11/2020 12:33:05,27.08799934,23.68359947,7215.375977
14/11/2020 12:33:06,31.08799934,27.48360062,7608.273438
14/11/2020 12:33:07,35.08800125,31.28359985,8001.17041
14/11/2020 12:33:08,38.93877792,34.93877792,8394.067383
14/11/2020 12:33:09,36.15603256,32.15603256,8287.619141
14/11/2020 12:33:10,33.3732872,29.37328529,8123.832031
14/11/2020 12:33:11,30.59053802,26.59053802,7960.044922
14/11/2020 12:33:12,27.80779076,23.80779076,7796.257813
14/11/2020 12:33:13,25.02504539,21.02504539,7632.470215
14/11/2020 12:33:14,23.81459236,20.01216125,7053.893555
14/11/2020 12:33:15,22.61842155,19.01535034,6443.134766
14/11/2020 12:33:16,21.42224884,18.01854134,5832.375977
14/11/2020 12:33:17,20.22607613,17.02173042,5221.617188
14/11/2020 12:33:18,19.02990341,16.02491951,4610.858398
14/11/2020 12:33:19,21.68806648,18.30405617,5133.46582
14/11/2020 12:33:20,24.44505692,20.66719246,5786.214844
14/11/2020 12:33:21,27.20204735,23.03032684,6438.963867
14/11/2020 12:33:22,29.95903969,25.39346123,7091.712891
14/11/2020 12:33:23,32.71603012,27.75659752,7744.461426
14/11/2020 12:33:24,33.36103821,28.54155731,7748.070313
14/11/2020 12:33:25,33.76353455,29.14530182,7663.997559
14/11/2020 12:33:26,34.16603088,29.74904442,7579.924316
14/11/2020 12:33:27,34.56852341,30.35278702,7495.851563
14/11/2020 12:33:28,34.97101974,30.95652962,7411.778809
14/11/2020 12:33:29,34.07771683,29.89326096,7514.69873
14/11/2020 12:33:30,33.08388138,28.70065498,7642.876465
14/11/2020 12:33:31,32.09004211,27.50805092,7771.054199
14/11/2020 12:33:32,31.09620285,26.31544495,7899.231934
14/11/2020 12:33:33,30.10236549,25.12283897,8027.410156
14/11/2020 12:33:34,28.03289413,23.39055061,7483.650879
14/11/2020 12:33:35,25.83991241,21.5962925,6806.149414
14/11/2020 12:33:36,23.64693069,19.80203438,6128.647949
14/11/2020 12:33:37,21.45394707,18.00777435,5451.145996
14/11/2020 12:33:38,19.26096535,16.21351624,4773.644531
14/11/2020 12:33:39,18.47139931,15.47140026,4267.289551
14/11/2020 12:33:40,17.87140083,14.87139988,3798.758545
14/11/2020 12:33:41,17.27140045,14.27140045,3330.227539
14/11/2020 12:33:42,16.67140007,13.67140007,2861.696289
14/11/2020 12:33:43,16.07139969,13.07139969,2393.165283
14/11/2020 12:33:44,20.88765526,17.71309662,3188.152832
14/11/2020 12:33:45,26.43550682,23.06280899,4325.109375
14/11/2020 12:33:46,31.98335648,28.41252136,5462.065918
14/11/2020 12:33:47,37.53120804,33.76223373,6599.022461
14/11/2020 12:33:48,43.07905579,39.11194611,7735.979004
14/11/2020 12:33:49,40.17507553,36.0087738,7657.789063
14/11/2020 12:33:50,35.58883286,31.22313118,7281.486816
14/11/2020 12:33:51,31.00259209,26.43748665,6905.18457
14/11/2020 12:33:52,26.41635132,21.65184402,6528.882324
14/11/2020 12:33:53,21.83011055,16.8662014,6152.580078
14/11/2020 12:33:54,20.02345085,15.3489666,5427.564941
14/11/2020 12:33:55,18.83108139,14.55405426,4599.5625
14/11/2020 12:33:56,17.63871193,13.75914192,3771.559814
14/11/2020 12:33:57,16.44634247,12.96422863,2943.557129
14/11/2020 12:33:58,15.25397491,12.16931629,2115.554688
14/11/2020 12:33:59,16.10533714,12.94743156,2232.371826
14/11/2020 12:34:00,17.50983238,14.15128422,2736.978516
14/11/2020 12:34:01,18.91432571,15.35513687,3241.585205
14/11/2020 12:34:02,20.31882095,16.55898857,3746.19165
14/11/2020 12:34:03,21.72331429,17.76284027,4250.79834
14/11/2020 12:34:04,20.88272667,17.04233742,4049.376709
14/11/2020 12:34:05,19.49135399,15.84973145,3599.890869
14/11/2020 12:34:06,18.0999794,14.65712547,3150.405029
14/11/2020 12:34:07,16.70860672,13.4645195,2700.919189
14/11/2020 12:34:08,15.31723309,12.27191448,2251.43335
14/11/2020 12:34:09,15.15247917,12.15247917,2013.526123
14/11/2020 12:34:10,15.34998989,12.34998989,1862.458496
14/11/2020 12:34:11,15.54750156,12.54750156,1711.390869
14/11/2020 12:34:12,15.74501324,12.74501324,1560.323364
14/11/2020 12:34:13,15.94252396,12.94252396,1409.255737
14/11/2020 12:34:14,15.85731506,12.71463108,1304.05835
14/11/2020 12:34:15,15.65606785,12.3121357,1220.645874
14/11/2020 12:34:16,15.45481968,11.90963936,1137.233398
14/11/2020 12:34:17,15.25357246,11.50714397,1053.821045
14/11/2020 12:34:18,15.0523243,11.10464859,970.4085693
14/11/2020 12:34:19,15,11,856.2350464
14/11/2020 12:34:20,15,11,725.204895
14/11/2020 12:34:21,15,11,594.1747437
14/11/2020 12:34:22,15,11,463.1445618
14/11/2020 12:34:23,15,11,332.1143799
14/11/2020 12:34:24,15.28185272,11.42277908,517.2558594
14/11/2020 12:34:25,15.67938805,12.01908207,927.6154785
14/11/2020 12:34:26,16.07692337,12.61538506,1337.975098
14/11/2020 12:34:27,16.47445869,13.21168709,1748.334717
14/11/2020 12:34:28,16.87199402,13.80799007,2158.694336
14/11/2020 12:34:29,17.20150566,14.20150566,2464.690674
14/11/2020 12:34:30,17.49871254,14.49871254,2691.311768
14/11/2020 12:34:31,17.79591751,14.79591846,2917.932861
14/11/2020 12:34:32,18.09312439,15.09312439,3144.554199
14/11/2020 12:34:33,18.39033127,15.39033127,3371.175293
14/11/2020 12:34:34,18.68753624,15.68753719,3557.303711
14/11/2020 12:34:35,18.98474312,15.98474312,3706.204102
14/11/2020 12:34:36,19.28195,16.28195,3855.104248
14/11/2020 12:34:37,19.57915688,16.57915688,4004.004395
14/11/2020 12:34:38,19.87636185,16.87636185,4152.904785
14/11/2020 12:34:39,19.88357162,16.76714516,4270.316406
14/11/2020 12:34:40,19.68420982,16.36842155,4356.986816
14/11/2020 12:34:41,19.48484802,15.969697,4443.657227
14/11/2020 12:34:42,19.28548622,15.57097244,4530.327637
14/11/2020 12:34:43,19.08612442,15.17224884,4616.998047
14/11/2020 12:34:44,19.1125412,15.22580051,4719.894531
14/11/2020 12:34:45,19.31068039,15.62333488,4843.191895
14/11/2020 12:34:46,19.50881767,16.02087021,4966.489746
14/11/2020 12:34:47,19.70695496,16.41840553,5089.787598
14/11/2020 12:34:48,19.90509224,16.81594086,5213.085449
14/11/2020 12:34:49,20.31166458,17.21347618,5336.755371
14/11/2020 12:34:50,20.90987015,17.61101151,5460.924805
14/11/2020 12:34:51,21.50807571,18.00854683,5585.094238
14/11/2020 12:34:52,22.10628128,18.40608215,5709.263672
14/11/2020 12:34:53,22.70448685,18.80361748,5833.433105
14/11/2020 12:34:54,22.94979668,18.90005875,5931.952148
14/11/2020 12:34:55,22.85058022,18.70254707,5993.862305
14/11/2020 12:34:56,22.75136375,18.50503731,6055.772949
14/11/2020 12:34:57,22.65214729,18.30752563,6117.683105
14/11/2020 12:34:58,22.55293274,18.11001396,6179.59375
14/11/2020 12:34:59,22.45371628,18.08831787,6177.42627
14/11/2020 12:35:00,22.35449982,18.28767967,6063.78125
14/11/2020 12:35:01,22.25528336,18.48704147,5950.13623
14/11/2020 12:35:02,22.15606689,18.68640327,5836.491211
14/11/2020 12:35:03,22.05685043,18.88576508,5722.846191
14/11/2020 12:35:04,21.65942192,18.65942192,5625.797363
14/11/2020 12:35:05,20.8618145,17.8618145,5561.991211
14/11/2020 12:35:06,20.06420708,17.06420708,5498.185547
14/11/2020 12:35:07,19.26659966,16.26659966,5434.379395
14/11/2020 12:35:08,18.46899223,15.46899319,5370.573242
14/11/2020 12:35:09,18.08163261,15,5300.856445
14/11/2020 12:35:10,18.2797699,15,5217.479492
14/11/2020 12:35:11,18.47790718,15,5134.102051
14/11/2020 12:35:12,18.67604446,15,5050.724609
14/11/2020 12:35:13,18.87418175,15,4967.347168
14/11/2020 12:35:14,19.14507103,15.2176075,4923.786133
14/11/2020 12:35:15,19.54252815,15.81379128,4987.333008
14/11/2020 12:35:16,19.93998337,16.40997696,5050.879395
14/11/2020 12:35:17,20.33744049,17.00616074,5114.42627
14/11/2020 12:35:18,20.73489761,17.60234451,5177.973145
14/11/2020 12:35:19,21,17.93381119,5227.991699
14/11/2020 12:35:20,21,17.73504257,5231.146484
14/11/2020 12:35:21,21,17.53627586,5234.30127
14/11/2020 12:35:22,21,17.33750725,5237.455566
14/11/2020 12:35:23,21,17.13874054,5240.610352
14/11/2020 12:35:24,21.06002808,17.12005615,5223.439453
14/11/2020 12:35:25,21.25879478,17.51759148,5121.279297
14/11/2020 12:35:26,21.4575634,17.9151268,5019.119141
14/11/2020 12:35:27,21.65633011,18.31266212,4916.959473
14/11/2020 12:35:28,21.85509872,18.71019745,4814.799316
14/11/2020 12:35:29,21.62413406,18.62413406,4640.59668
14/11/2020 12:35:30,20.23717117,17.23717117,4044.995361
14/11/2020 12:35:31,18.85020828,15.85020828,3449.394043
14/11/2020 12:35:32,17.46324539,14.46324539,2853.792725
14/11/2020 12:35:33,16.0762825,13.0762825,2258.191162
14/11/2020 12:35:34,14.95547581,11.95547581,1691.475952
14/11/2020 12:35:35,14.75670815,11.75670815,1443.899536
14/11/2020 12:35:36,14.55794048,11.55794048,1196.323242
14/11/2020 12:35:37,14.35917282,11.35917282,948.7468262
14/11/2020 12:35:38,14.16040516,11.16040516,701.1704712
14/11/2020 12:35:39,14.07648087,11.07648087,477.6203918
14/11/2020 12:35:40,14.47275639,11.47275639,588.6450806
14/11/2020 12:35:41,14.86903095,11.86903095,699.6697388
14/11/2020 12:35:42,15.26530647,12.26530647,810.694397
14/11/2020 12:35:43,15.66158104,12.66158104,921.7190552
14/11/2020 12:35:44,15.97116375,12.97116375,1031.789185
14/11/2020 12:35:45,15.77365208,12.77365208,1124.457397
14/11/2020 12:35:46,15.5761404,12.5761404,1217.125488
14/11/2020 12:35:47,15.37862968,12.37862968,1309.793701
14/11/2020 12:35:48,15.18111801,12.18111801,1402.461792
14/11/2020 12:35:49,15.17376137,12.17376137,1498.35437
14/11/2020 12:35:50,17.26727104,14.26727104,2235.915283
14/11/2020 12:35:51,19.36078072,16.36078072,2973.476074
14/11/2020 12:35:52,21.4542923,18.4542923,3711.037109
14/11/2020 12:35:53,23.54780197,20.54780197,4448.598145
14/11/2020 12:35:54,25.64131165,22.64131165,5186.158691
14/11/2020 12:35:55,27.73482132,24.73482132,6016.022461
14/11/2020 12:35:56,29.8283329,26.8283329,6846.913086
14/11/2020 12:35:57,31.92184258,28.92184258,7677.803711
14/11/2020 12:35:58,34.01535416,31.01535225,8508.694336
14/11/2020 12:35:59,36.04121399,33.03091049,9339.584961
14/11/2020 12:36:00,36.83376312,33.62532043,9634.317383
14/11/2020 12:36:01,37.62631226,34.21973419,9923.086914
14/11/2020 12:36:02,38.41886139,34.81414795,10211.85742
14/11/2020 12:36:03,39.21141434,35.40855789,10500.62695
14/11/2020 12:36:04,39.99601364,35.99501419,10789.39648
14/11/2020 12:36:05,39.19856644,34.99820709,9830.535156
14/11/2020 12:36:06,38.40111542,34.00139618,8838.370117
14/11/2020 12:36:07,37.60366821,33.00458527,7846.204102
14/11/2020 12:36:08,36.80622101,32.00777435,6854.039063
14/11/2020 12:36:09,36.0087738,31.01096535,5861.873535
14/11/2020 12:36:10,32.04399872,27.43959999,4973.883789
14/11/2020 12:36:11,28.04400063,23.83959961,4094.098389
14/11/2020 12:36:12,24.04400063,20.23959923,3214.3125
14/11/2020 12:36:13,20.04400063,16.63960075,2334.526855
14/11/2020 12:36:14,16.04400063,13.03960037,1454.741211
14/11/2020 12:36:15,15.8027916,12.8027916,1617.993164
14/11/2020 12:36:16,15.60338974,12.60338974,1863.382813
14/11/2020 12:36:17,15.40398788,12.40398788,2108.772461
14/11/2020 12:36:18,15.20458603,12.20458603,2354.162354
14/11/2020 12:36:19,15.00518417,12.00518417,2599.552002
14/11/2020 12:36:20,15.57895756,12.57895756,2951.461914
14/11/2020 12:36:21,16.17337036,13.17337036,3317.897217
14/11/2020 12:36:22,16.76778221,13.76778316,3684.332764
14/11/2020 12:36:23,17.36219597,14.36219501,4050.768066
14/11/2020 12:36:24,17.95660782,14.95660782,4417.203613
14/11/2020 12:36:25,19.48320007,16.29780006,4797.230957
14/11/2020 12:36:26,21.08320045,17.69779968,5179.111816
14/11/2020 12:36:27,22.68320084,19.0977993,5560.992188
14/11/2020 12:36:28,24.28319931,20.49780083,5942.873047
14/11/2020 12:36:29,25.88319969,21.89780045,6324.753906
14/11/2020 12:36:30,26,22.18367386,6586.879395
14/11/2020 12:36:31,26,22.38181114,6827.539551
14/11/2020 12:36:32,26,22.57994843,7068.199707
14/11/2020 12:36:33,26,22.77808571,7308.859863
14/11/2020 12:36:34,26,22.97622299,7549.519531
14/11/2020 12:36:35,26.70400047,23.52799988,7753.258789
14/11/2020 12:36:36,27.50399971,24.12800026,7950.379395
14/11/2020 12:36:37,28.30400085,24.72800064,8147.500488
14/11/2020 12:36:38,29.10400009,25.32799911,8344.621094
14/11/2020 12:36:39,29.90399933,25.9279995,8541.742188
14/11/2020 12:36:40,30,26,8629.319336
14/11/2020 12:36:41,30,26,8692.360352
14/11/2020 12:36:42,30,26,8755.401367
14/11/2020 12:36:43,30,26,8818.442383
14/11/2020 12:36:44,30,26,8881.483398
14/11/2020 12:36:45,29.66080093,25.66080093,8798.264648
14/11/2020 12:36:46,29.26079941,25.26079941,8682.285156
14/11/2020 12:36:47,28.86079979,24.86079979,8566.305664
14/11/2020 12:36:48,28.46080017,24.46080017,8450.326172
14/11/2020 12:36:49,28.06080055,24.06080055,8334.34668
14/11/2020 12:36:50,29.68554878,25.68554878,8451.977539
14/11/2020 12:36:51,31.6732254,27.6732254,8621.93457
14/11/2020 12:36:52,33.66090393,29.66090202,8791.892578
14/11/2020 12:36:53,35.64857864,31.64857864,8961.849609
14/11/2020 12:36:54,37.63625336,33.63625336,9131.807617
14/11/2020 12:36:55,36.20259857,32.03919983,9076.59668
14/11/2020 12:36:56,34.00260162,29.63920021,8954.12793
14/11/2020 12:36:57,31.80260086,27.23920059,8831.65918
14/11/2020 12:36:58,29.6026001,24.83919907,8709.19043
14/11/2020 12:36:59,27.40259933,22.43919945,8586.72168
14/11/2020 12:37:00,26.83659935,22.16340065,8400.932617
14/11/2020 12:37:01,26.63660049,22.36339951,8194.484375
14/11/2020 12:37:02,26.43659973,22.56340027,7988.035645
14/11/2020 12:37:03,26.23660088,22.76339912,7781.587402
14/11/2020 12:37:04,26.03660011,22.96339989,7575.138672
14/11/2020 12:37:05,26,23,7501.692383
14/11/2020 12:37:06,26,23,7467.974121
14/11/2020 12:37:07,26,23,7434.255371
14/11/2020 12:37:08,26,23,7400.537109
14/11/2020 12:37:09,26,23,7366.818848
14/11/2020 12:37:10,25.69298172,22.53947449,7221.740723
14/11/2020 12:37:11,25.29425812,21.94138718,7040.331055
14/11/2020 12:37:12,24.89553452,21.34330177,6858.921387
14/11/2020 12:37:13,24.49681091,20.74521446,6677.51123
14/11/2020 12:37:14,24.0980854,20.14712906,6496.101563
14/11/2020 12:37:15,24.90770531,20.90770531,6553.205078
14/11/2020 12:37:16,26.11155701,22.11155701,6688.125488
14/11/2020 12:37:17,27.31540871,23.31540871,6823.046387
14/11/2020 12:37:18,28.51926231,24.51926231,6957.967285
14/11/2020 12:37:19,29.72311401,25.72311401,7092.888184
14/11/2020 12:37:20,29.23245621,25.07894707,7225.039063
14/11/2020 12:37:21,28.23564529,23.88277435,7356.128418
14/11/2020 12:37:22,27.23883629,22.68660355,7487.217773
14/11/2020 12:37:23,26.24202538,21.49043083,7618.307129
14/11/2020 12:37:24,25.24521446,20.29425812,7749.396484
14/11/2020 12:37:25,25.3015995,20.45240021,7841.996582
14/11/2020 12:37:26,25.70159912,21.05240059,7919.850098
14/11/2020 12:37:27,26.10160065,21.65239906,7997.703613
14/11/2020 12:37:28,26.50160027,22.25239944,8075.557129
14/11/2020 12:37:29,26.90159988,22.85239983,8153.410645
14/11/2020 12:37:30,25.6511631,21.6511631,7619.983887
14/11/2020 12:37:31,23.86225319,19.86225319,6833.225586
14/11/2020 12:37:32,22.07334518,18.07334518,6046.467773
14/11/2020 12:37:33,20.28443718,16.28443718,5259.709961
14/11/2020 12:37:34,18.49552727,14.49552727,4472.95166
14/11/2020 12:37:35,17.42160034,13.56620026,3786.89209
14/11/2020 12:37:36,16.6215992,12.96619987,3142.564453
14/11/2020 12:37:37,15.82159996,12.36620045,2498.236816
14/11/2020 12:37:38,15.02159977,11.76620007,1853.90918
14/11/2020 12:37:39,14.22159958,11.16619968,1209.581543
14/11/2020 12:37:40,14.14413834,11.14413834,877.7149048
14/11/2020 12:37:41,14.34350109,11.34350109,717.822937
14/11/2020 12:37:42,14.54286289,11.54286289,557.9309082
14/11/2020 12:37:43,14.74222469,11.74222469,398.0388794
14/11/2020 12:37:44,14.94158649,11.94158649,238.1468506
14/11/2020 12:37:45,14.85859966,11.85859966,203.4960785
14/11/2020 12:37:46,14.65859985,11.65859985,233.3635101
14/11/2020 12:37:47,14.45860004,11.45860004,263.230957
14/11/2020 12:37:48,14.25860023,11.25860023,293.0983887
14/11/2020 12:37:49,14.05860043,11.05860043,322.9658203
14/11/2020 12:37:50,14,11,303.5836792
14/11/2020 12:37:51,14,11,258.8305664
14/11/2020 12:37:52,14,11,214.0774384
14/11/2020 12:37:53,14,11,169.3243103
14/11/2020 12:37:54,14,11,124.5711899
14/11/2020 12:37:55,14,11,98.3111496
14/11/2020 12:37:56,14,11,80.91467285
14/11/2020 12:37:57,14,11,63.51818848
14/11/2020 12:37:58,14,11,46.12170792
14/11/2020 12:37:59,14,11,28.72522545
14/11/2020 12:38:00,14,11,20.46625328
14/11/2020 12:38:01,14,11,16.91448593
14/11/2020 12:38:02,14,11,13.36271858
14/11/2020 12:38:03,14,11,9.810951233
14/11/2020 12:38:04,14,11,6.25918293
14/11/2020 12:38:05,14,11,4.392357349
14/11/2020 12:38:06,14,11,3.589272261
14/11/2020 12:38:07,14,11,2.786186934
14/11/2020 12:38:08,14,11,1.983101487
14/11/2020 12:38:09,14,11,1.18001616
14/11/2020 12:38:10,14,11,0.822114646
14/11/2020 12:38:11,14,11,0.805573106
14/11/2020 12:38:12,14,11,0.789031565
14/11/2020 12:38:13,14,11,0.772490025
14/11/2020 12:38:14,14,11,0.755948484
14/11/2020 12:38:15,14,11,0.739406943
14/11/2020 12:38:16,14,11,0.722865403
14/11/2020 12:38:17,14,11,0.706323862
14/11/2020 12:38:18,14,11,0.689782321
14/11/2020 12:38:19,14,11,0.673240781
14/11/2020 12:38:20,14,11,0.65669924
14/11/2020 12:38:21,14,11,0.6401577
14/11/2020 12:38:22,14,11,0.623616159
14/11/2020 12:38:23,14,11,0.607074618
14/11/2020 12:38:24,14,11,0.590533078
14/11/2020 12:38:25,14,11,0.573991537
14/11/2020 12:38:26,14,11,0.557449996
14/11/2020 12:38:27,14,11,0.540908456
14/11/2020 12:38:28,14,11,0.524366915
14/11/2020 12:38:29,14,11,0.507825375
14/11/2020 12:38:30,14.1125021,11.1125021,0.491283834
14/11/2020 12:38:31,14.31126976,11.31126976,0.474742293
14/11/2020 12:38:32,14.51003742,11.51003742,0.458200753
14/11/2020 12:38:33,14.70880508,11.70880508,0.441659212
14/11/2020 12:38:34,14.90757275,11.90757275,0.425117671
14/11/2020 12:38:35,14.94683456,11.94683456,0.408576131
14/11/2020 12:38:36,14.84746075,11.84746075,0.39203459
14/11/2020 12:38:37,14.74808693,11.74808693,0.37549305
14/11/2020 12:38:38,14.64871311,11.64871311,0.358951509
14/11/2020 12:38:39,14.54933929,11.54933929,0.342409968
14/11/2020 12:38:40,14.44996548,11.44996548,0.325868428
14/11/2020 12:38:41,14.35059166,11.35059166,0.309326887
14/11/2020 12:38:42,14.25121689,11.25121689,0.292785347
14/11/2020 12:38:43,14.15184307,11.15184307,0.276243806
14/11/2020 12:38:44,14.05246925,11.05246925,0.259702265
14/11/2020 12:38:45,14,11,0.243160725
14/11/2020 12:38:46,14,11,0.226619184
14/11/2020 12:38:47,14,11,0.210077643
14/11/2020 12:38:48,14,11,0.193536103
14/11/2020 12:38:49,14,11,0.176994562
14/11/2020 12:38:50,14,11,0.160453022
14/11/2020 12:38:51,14,11,0.143911481
14/11/2020 12:38:52,14,11,0.127369925
14/11/2020 12:38:53,14,11,0.110828392
14/11/2020 12:38:54,14,11,0.094286852
14/11/2020 12:38:55,14.09110832,11,0.077745311
14/11/2020 12:38:56,14.29047012,11,0.06120377
14/11/2020 12:38:57,14.48983288,11,0.04466223
14/11/2020 12:38:58,14.68919468,11,0.028120687
14/11/2020 12:38:59,14.88855648,11,0.011579146
14/11/2020 12:39:00,14.9126215,11,0.636220038
14/11/2020 12:39:01,14.71448421,11,2.756953239
14/11/2020 12:39:02,14.51634598,11,4.877686501
14/11/2020 12:39:03,14.31820869,11,6.998419285
14/11/2020 12:39:04,14.12007141,11,9.119153023
14/11/2020 12:39:05,14,11,10.33613682
14/11/2020 12:39:06,14,11,8.659603119
14/11/2020 12:39:07,14,11,6.983070374
14/11/2020 12:39:08,14,11,5.306537628
14/11/2020 12:39:09,14,11,3.630004406
14/11/2020 12:39:10,14,11,2.222061634
14/11/2020 12:39:11,14,11,1.849364758
14/11/2020 12:39:12,14,11,1.476667881
14/11/2020 12:39:13,14,11,1.103971124
14/11/2020 12:39:14,14,11,0.731274188
14/11/2020 12:39:15,14.05926514,11.05926514,35.31493759
14/11/2020 12:39:16,14.25681591,11.25681591,254.7935638
14/11/2020 12:39:17,14.45436573,11.45436573,474.2721863
14/11/2020 12:39:18,14.6519165,11.6519165,693.7507935
14/11/2020 12:39:19,14.84946632,11.84946632,913.2294312
14/11/2020 12:39:20,15.18918896,12.18918896,1146.708496
14/11/2020 12:39:21,15.9841013,12.9841013,1539.032715
14/11/2020 12:39:22,16.77901459,13.77901459,1931.356934
14/11/2020 12:39:23,17.57392693,14.57392693,2323.681152
14/11/2020 12:39:24,18.36883926,15.36883926,2716.005371
14/11/2020 12:39:25,18.79591751,15.79591846,3055.447266
14/11/2020 12:39:26,17.80523109,14.80523109,2646.527344
14/11/2020 12:39:27,16.81454277,13.81454372,2237.607178
14/11/2020 12:39:28,15.8238554,12.8238554,1828.687134
14/11/2020 12:39:29,14.83316803,11.83316803,1419.76709
14/11/2020 12:39:30,14,11,1019.277466
14/11/2020 12:39:31,14,11,858.3129272
14/11/2020 12:39:32,14,11,697.3484497
14/11/2020 12:39:33,14,11,536.3839722
14/11/2020 12:39:34,14,11,375.4194641
14/11/2020 12:39:35,14,11,214.4549713
14/11/2020 12:39:36,14,11,178.5252838
14/11/2020 12:39:37,14,11,144.2424774
14/11/2020 12:39:38,14,11,109.9596558
14/11/2020 12:39:39,14,11,75.67684174
14/11/2020 12:39:40,14,11,41.39403152
14/11/2020 12:39:41,14,11,87.28391266
14/11/2020 12:39:42,14,11,136.863739
14/11/2020 12:39:43,14,11,186.4435883
14/11/2020 12:39:44,14,11,236.0234222
14/11/2020 12:39:45,14.02021027,11.02021027,285.603241
14/11/2020 12:39:46,14.61462212,11.61462212,598.734314
14/11/2020 12:39:47,15.20903492,12.20903492,938.2495117
14/11/2020 12:39:48,15.80344772,12.80344772,1277.764648
14/11/2020 12:39:49,16.39785957,13.39786053,1617.279907
14/11/2020 12:39:50,16.99227333,13.99227238,1956.795044
14/11/2020 12:39:51,16.60763359,13.60763264,1977.099121
14/11/2020 12:39:52,16.21009827,13.21009731,1932.485474
14/11/2020 12:39:53,15.81256199,12.81256199,1887.871826
14/11/2020 12:39:54,15.41502666,12.41502666,1843.258179
14/11/2020 12:39:55,15.01749134,12.01749134,1798.644531
14/11/2020 12:39:56,15,12,1773.677979
14/11/2020 12:39:57,15,12,1752.707031
14/11/2020 12:39:58,15,12,1731.736084
14/11/2020 12:39:59,15,12,1710.765137
14/11/2020 12:40:00,15,12,1689.794189
14/11/2020 12:40:01,15,12,1545.002441
14/11/2020 12:40:02,15,12,1366.096924
14/11/2020 12:40:03,15,12,1187.191406
14/11/2020 12:40:04,15,12,1008.285828
14/11/2020 12:40:05,15,12,829.3803101
14/11/2020 12:40:06,15.66479969,12.66479969,1194.164551
14/11/2020 12:40:07,16.46479988,13.46479988,1737.290649
14/11/2020 12:40:08,17.26479912,14.26480007,2280.416748
14/11/2020 12:40:09,18.06480026,15.06480026,2823.542725
14/11/2020 12:40:10,18.8647995,15.86480045,3366.668945
14/11/2020 12:40:11,20.48187065,17.152565,3994.097412
14/11/2020 12:40:12,22.26510811,18.53952789,4651.609375
14/11/2020 12:40:13,24.04834557,19.92649078,5309.121582
14/11/2020 12:40:14,25.83158302,21.31345367,5966.633789
14/11/2020 12:40:15,27.61482048,22.70041656,6624.145508
14/11/2020 12:40:16,25.97416115,21.28582764,6323.86084
14/11/2020 12:40:17,23.39018059,19.09938431,5491.797852
14/11/2020 12:40:18,20.80620193,16.91293907,4659.734863
14/11/2020 12:40:19,18.22222137,14.72649574,3827.671875
14/11/2020 12:40:20,15.63824272,12.54005146,2995.608643
14/11/2020 12:40:21,15,11.84988022,2568.320068
14/11/2020 12:40:22,15,11.65051842,2335.923096
14/11/2020 12:40:23,15,11.45115662,2103.525879
14/11/2020 12:40:24,15,11.25179386,1871.128662
14/11/2020 12:40:25,15,11.05243206,1638.731567
14/11/2020 12:40:26,17.17020035,13.31488037,2266.329834
14/11/2020 12:40:27,20.11484146,16.45582962,3338.93335
14/11/2020 12:40:28,23.05948257,19.59678078,4411.536621
14/11/2020 12:40:29,26.00412178,22.73773003,5484.140137
14/11/2020 12:40:30,28.94876289,25.87868118,6556.743652
14/11/2020 12:40:31,28.05857468,25.05857468,6498.406738
14/11/2020 12:40:32,25.03925133,22.03925133,5812.160156
14/11/2020 12:40:33,22.01992798,19.01992798,5125.913574
14/11/2020 12:40:34,19.00060463,16.00060463,4439.666992
14/11/2020 12:40:35,15.98128033,12.98128033,3753.420654
14/11/2020 12:40:36,15.13456917,12,3247.613037
14/11/2020 12:40:37,15.33393097,12,2871.932861
14/11/2020 12:40:38,15.53329372,12,2496.252686
14/11/2020 12:40:39,15.73265553,12,2120.57251
14/11/2020 12:40:40,15.93201733,12,1744.892212
14/11/2020 12:40:41,17.05103683,13.05103683,2057.967773
14/11/2020 12:40:42,18.64593315,14.64593315,2837.917969
14/11/2020 12:40:43,20.24082947,16.24082947,3617.868164
14/11/2020 12:40:44,21.83572578,17.83572578,4397.818359
14/11/2020 12:40:45,23.4306221,19.4306221,5177.768555
14/11/2020 12:40:46,23.36487579,19.49189949,5456.846191
14/11/2020 12:40:47,22.37712288,18.7016983,5298.83252
14/11/2020 12:40:48,21.38937187,17.91149712,5140.818848
14/11/2020 12:40:49,20.40162086,17.12129593,4982.804688
14/11/2020 12:40:50,19.41386795,16.33109474,4824.791016
14/11/2020 12:40:51,19.46619797,16.34964943,4851.680664
14/11/2020 12:40:52,20.26860619,16.95145416,5039.928223
14/11/2020 12:40:53,21.0710125,17.5532589,5228.175293
14/11/2020 12:40:54,21.87342072,18.15506554,5416.422852
14/11/2020 12:40:55,22.67582703,18.75687027,5604.669922
14/11/2020 12:40:56,22.88225937,19,5591.039551
14/11/2020 12:40:57,22.68470955,19,5421.981445
14/11/2020 12:40:58,22.48715973,19,5252.92334
14/11/2020 12:40:59,22.289608,19,5083.865234
14/11/2020 12:41:00,22.09205818,19,4914.807129
14/11/2020 12:41:01,21.35919952,18.35919952,4619.668457
14/11/2020 12:41:02,20.15920067,17.15920067,4227.458984
14/11/2020 12:41:03,18.95919991,15.95919991,3835.249756
14/11/2020 12:41:04,17.75919914,14.7592001,3443.040527
14/11/2020 12:41:05,16.55920029,13.55920029,3050.831299
14/11/2020 12:41:06,15.78506756,12.78506756,2674.995605
14/11/2020 12:41:07,15.38257217,12.38257217,2312.61084
14/11/2020 12:41:08,14.98007679,11.98007679,1950.226196
14/11/2020 12:41:09,14.57758141,11.57758141,1587.841431
14/11/2020 12:41:10,14.17508507,11.17508507,1225.456787
14/11/2020 12:41:11,14.33845806,11.33845806,1349.647339
14/11/2020 12:41:12,14.9375,11.9375,1873.556519
14/11/2020 12:41:13,15.53654194,12.53654194,2397.46582
14/11/2020 12:41:14,16.13558388,13.13558292,2921.375
14/11/2020 12:41:15,16.73462486,13.73462486,3445.28418
14/11/2020 12:41:16,17.33366585,14.33366585,3751.312256
14/11/2020 12:41:17,17.93270683,14.93270779,3878.352783
14/11/2020 12:41:18,18.53174973,15.53174877,4005.393311
14/11/2020 12:41:19,19.13079071,16.13079071,4132.433594
14/11/2020 12:41:20,19.7298317,16.7298317,4259.474121
14/11/2020 12:41:21,20,16.78039932,4400.88623
14/11/2020 12:41:22,20,16.3803997,4554.104004
14/11/2020 12:41:23,20,15.98040009,4707.321777
14/11/2020 12:41:24,20,15.58040047,4860.539551
14/11/2020 12:41:25,20,15.18039989,5013.757813
14/11/2020 12:41:26,20.54899979,15.65880013,5263.829102
14/11/2020 12:41:27,21.54899979,16.85880089,5593.464844
14/11/2020 12:41:28,22.54899979,18.05879974,5923.100586
14/11/2020 12:41:29,23.54899979,19.25880051,6252.736328
14/11/2020 12:41:30,24.54899979,20.45879936,6582.37207
14/11/2020 12:41:31,25.65880013,21.54899979,6921.674805
14/11/2020 12:41:32,26.85880089,22.54899979,7269.447754
14/11/2020 12:41:33,28.05879974,23.54899979,7617.220215
14/11/2020 12:41:34,29.25880051,24.54899979,7964.993164
14/11/2020 12:41:35,30.45879936,25.54899979,8312.765625
14/11/2020 12:41:36,30.1215992,25.23139954,8414.046875
14/11/2020 12:41:37,28.52160072,23.83139992,8312.835938
14/11/2020 12:41:38,26.92160034,22.4314003,8211.625
14/11/2020 12:41:39,25.32159996,21.03140068,8110.414063
14/11/2020 12:41:40,23.72159958,19.63139915,8009.203125
14/11/2020 12:41:41,22.34330177,18.34330177,7495.810059
14/11/2020 12:41:42,21.14712906,17.14712906,6621.274414
14/11/2020 12:41:43,19.95095634,15.9509573,5746.73877
14/11/2020 12:41:44,18.75478554,14.75478458,4872.203125
14/11/2020 12:41:45,17.55861282,13.55861282,3997.66748
14/11/2020 12:41:46,16.67917252,12.78611565,3295.713623
14/11/2020 12:41:47,16.07724762,12.38483143,2776.28418
14/11/2020 12:41:48,15.47532082,11.98354721,2256.85498
14/11/2020 12:41:49,14.87339497,11.58226299,1737.425659
14/11/2020 12:41:50,14.27146912,11.18097878,1217.996338
14/11/2020 12:41:51,14.32834911,11.32834911,1068.066895
14/11/2020 12:41:52,14.92643547,11.92643547,1308.925293
14/11/2020 12:41:53,15.52452183,12.52452183,1549.783691
14/11/2020 12:41:54,16.12260818,13.12260723,1790.64209
14/11/2020 12:41:55,16.72069359,13.72069359,2031.500488
14/11/2020 12:41:56,16.89439201,13.89439297,2160.439697
14/11/2020 12:41:57,16.69625473,13.69625473,2163.677734
14/11/2020 12:41:58,16.49811745,13.49811745,2166.915771
14/11/2020 12:41:59,16.29998016,13.29998016,2170.153809
14/11/2020 12:42:00,16.10184288,13.10184288,2173.39209
14/11/2020 12:42:01,16.48600006,13.38879967,2467.880859
14/11/2020 12:42:02,17.48600006,14.18879986,3111.230713
14/11/2020 12:42:03,18.48600006,14.98880005,3754.580566
14/11/2020 12:42:04,19.48600006,15.78880024,4397.930664
14/11/2020 12:42:05,20.48600006,16.58880043,5041.280273
14/11/2020 12:42:06,23.4227314,19.22891235,5731.799316
14/11/2020 12:42:07,28.40777588,23.81515503,6482.595703
14/11/2020 12:42:08,33.39282227,28.4013958,7233.392578
14/11/2020 12:42:09,38.37786484,32.98763657,7984.188965
14/11/2020 12:42:10,43.36291122,37.57387924,8734.985352
14/11/2020 12:42:11,44.87320709,38.96710587,9296.09082
14/11/2020 12:42:12,42.48086166,36.77412415,9562.980469
14/11/2020 12:42:13,40.08851624,34.58113861,9829.870117
14/11/2020 12:42:14,37.69617081,32.38815689,10096.75977
14/11/2020 12:42:15,35.30382919,30.19517517,10363.65039
14/11/2020 12:42:16,32.82077408,28.00219345,10327.19531
14/11/2020 12:42:17,30.22906685,25.80920982,9820.24707
14/11/2020 12:42:18,27.63735962,23.6162281,9313.298828
14/11/2020 12:42:19,25.0456543,21.42324638,8806.350586
14/11/2020 12:42:20,22.45394707,19.23026276,8299.402344
14/11/2020 12:42:21,21.52189445,18.52189445,7910.782227
14/11/2020 12:42:22,22.71072006,19.71072006,7717.702148
14/11/2020 12:42:23,23.89954376,20.89954376,7524.621582
14/11/2020 12:42:24,25.08836937,22.08836937,7331.541504
14/11/2020 12:42:25,26.27719498,23.27719498,7138.460938
14/11/2020 12:42:26,27,24,7072.960938
14/11/2020 12:42:27,27,24,7233.288574
14/11/2020 12:42:28,27,24,7393.616699
14/11/2020 12:42:29,27,24,7553.944336
14/11/2020 12:42:30,27,24,7714.272461
14/11/2020 12:42:31,26.88276291,23.84366989,7751.656738
14/11/2020 12:42:32,26.58369064,23.44486618,7477.554199
14/11/2020 12:42:33,26.28461838,23.04606247,7203.452148
14/11/2020 12:42:34,25.9855442,22.64725876,6929.349609
14/11/2020 12:42:35,25.68647194,22.24845505,6655.247559
14/11/2020 12:42:36,25.38739967,21.92484093,6483.370605
14/11/2020 12:42:37,25.0883255,21.72547913,6592.133789
14/11/2020 12:42:38,24.78925323,21.52611732,6700.897461
14/11/2020 12:42:39,24.49018097,21.32675362,6809.661133
14/11/2020 12:42:40,24.1911068,21.12739182,6918.424805
14/11/2020 12:42:41,24.3554554,21.2843647,7063.470215
14/11/2020 12:42:42,25.34009361,22.07207489,7337.151855
14/11/2020 12:42:43,26.32473373,22.85978699,7610.833496
14/11/2020 12:42:44,27.30937386,23.64749908,7884.514648
14/11/2020 12:42:45,28.29401398,24.43521118,8158.196289
14/11/2020 12:42:46,28.49222565,24.54864502,8266.550781
14/11/2020 12:42:47,26.69796562,22.9537487,7839.695313
14/11/2020 12:42:48,24.9037075,21.35885239,7412.839844
14/11/2020 12:42:49,23.10944939,19.76395607,6985.984375
14/11/2020 12:42:50,21.31519127,18.16905975,6559.128418
14/11/2020 12:42:51,20.10580635,17.10580635,6213.558594
14/11/2020 12:42:52,20.50208092,17.50208092,6216.785156
14/11/2020 12:42:53,20.89835548,17.89835548,6220.01123
14/11/2020 12:42:54,21.29463005,18.29463005,6223.237793
14/11/2020 12:42:55,21.69090462,18.69090462,6226.463867
14/11/2020 12:42:56,22,18.95585823,6232.814941
14/11/2020 12:42:57,22,18.7552166,6254.102051
14/11/2020 12:42:58,22,18.55457497,6275.388672
14/11/2020 12:42:59,22,18.35393333,6296.675781
14/11/2020 12:43:00,22,18.15328979,6317.962402
14/11/2020 12:43:01,21.67267609,17.71943665,6189.276367
14/11/2020 12:43:02,20.2857151,16.53061295,5575.083984
14/11/2020 12:43:03,18.89875221,15.34178734,4960.89209
14/11/2020 12:43:04,17.51178932,14.15296173,4346.699707
14/11/2020 12:43:05,16.12482643,12.96413708,3732.507568
14/11/2020 12:43:06,15.41447353,12.41447353,3390.631348
14/11/2020 12:43:07,17.60745621,14.60745621,4014.23877
14/11/2020 12:43:08,19.80043793,16.80043793,4637.846191
14/11/2020 12:43:09,21.99342155,18.99342155,5261.453613
14/11/2020 12:43:10,24.18640327,21.18640327,5885.061035
14/11/2020 12:43:11,26.28033257,23.24529076,6489.611816
14/11/2020 12:43:12,27.90074921,24.66315651,7012.391602
14/11/2020 12:43:13,29.52116585,26.08102036,7535.170898
14/11/2020 12:43:14,31.1415844,27.49888611,8057.950684
14/11/2020 12:43:15,32.76200104,28.91675186,8580.729492
14/11/2020 12:43:16,33.9295311,29.85885239,9031.083984
14/11/2020 12:43:17,33.63093567,29.26076508,9170.663086
14/11/2020 12:43:18,33.33233643,28.66267967,9310.241211
14/11/2020 12:43:19,33.033741,28.06459236,9449.820313
14/11/2020 12:43:20,32.73514557,27.46650696,9589.398438
14/11/2020 12:43:21,32.43654633,26.95627022,9698.289063
14/11/2020 12:43:22,32.1379509,26.75750351,9642.399414
14/11/2020 12:43:23,31.83935547,26.55873489,9586.509766
14/11/2020 12:43:24,31.54075813,26.35996819,9530.621094
14/11/2020 12:43:25,31.2421627,26.16120148,9474.731445
14/11/2020 12:43:26,30.84880066,25.88660049,9403.619141
14/11/2020 12:43:27,30.04879951,25.28660011,9240.523438
14/11/2020 12:43:28,29.24880028,24.68659973,9077.428711
14/11/2020 12:43:29,28.44879913,24.08659935,8914.333984
14/11/2020 12:43:30,27.6487999,23.48660088,8751.239258
14/11/2020 12:43:31,27,23,8605.753906
14/11/2020 12:43:32,27,23,8566.673828
14/11/2020 12:43:33,27,23,8527.59375
14/11/2020 12:43:34,27,23,8488.513672
14/11/2020 12:43:35,27,23,8449.432617
14/11/2020 12:43:36,27.15653038,23.12522507,8424.597656
14/11/2020 12:43:37,28.15353966,23.92283058,8476.249023
14/11/2020 12:43:38,29.15054893,24.720438,8527.900391
14/11/2020 12:43:39,30.14755821,25.51804543,8579.552734
14/11/2020 12:43:40,31.14456558,26.31565285,8631.204102
14/11/2020 12:43:41,31.77280045,26.82959938,8663.75293
14/11/2020 12:43:42,30.17280006,25.62960052,8593.736328
14/11/2020 12:43:43,28.57279968,24.42959976,8523.71875
14/11/2020 12:43:44,26.9727993,23.22960091,8453.702148
14/11/2020 12:43:45,25.37280083,22.02960014,8383.68457
14/11/2020 12:43:46,24.02848625,21,8314.170898
14/11/2020 12:43:47,24.22908783,21,8247.692383
14/11/2020 12:43:48,24.42968941,21,8181.213867
14/11/2020 12:43:49,24.63029099,21,8114.735352
14/11/2020 12:43:50,24.83089256,21,8048.256836
14/11/2020 12:43:51,24.93733025,20.93729401,7979.928711
14/11/2020 12:43:52,24.5381546,20.5378933,7898.769531
14/11/2020 12:43:53,24.13897896,20.13849258,7817.609863
14/11/2020 12:43:54,23.73980522,19.73909187,7736.450684
14/11/2020 12:43:55,23.34062958,19.33969116,7655.291504
14/11/2020 12:43:56,22.94145393,18.94029045,7561.483398
14/11/2020 12:43:57,22.5422802,18.54088783,7347.182129
14/11/2020 12:43:58,22.14310455,18.14148712,7132.880371
14/11/2020 12:43:59,21.74392891,17.74208641,6918.579102
14/11/2020 12:44:00,21.34475327,17.3426857,6704.277344
14/11/2020 12:44:01,20.94557953,17,6474.916016
14/11/2020 12:44:02,20.54640388,17,6069.981934
14/11/2020 12:44:03,20.14722824,17,5665.047363
14/11/2020 12:44:04,19.7480545,17,5260.113281
14/11/2020 12:44:05,19.34887886,17,4855.179199
14/11/2020 12:44:06,18.87477684,16.84973145,4438.740723
14/11/2020 12:44:07,17.88093758,15.65712547,3888.185059
14/11/2020 12:44:08,16.88710022,14.4645195,3337.62915
14/11/2020 12:44:09,15.89326191,13.27191448,2787.073242
14/11/2020 12:44:10,14.8994236,12.07930851,2236.51709
14/11/2020 12:44:11,14.07575798,11.07575798,1721.294312
14/11/2020 12:44:12,14.87320614,11.87320614,1906.844116
14/11/2020 12:44:13,15.6706543,12.6706543,2092.393799
14/11/2020 12:44:14,16.4681015,13.46810246,2277.943604
14/11/2020 12:44:15,17.26555061,14.26555061,2463.493408
14/11/2020 12:44:16,17.96839905,14.9684,2640.628906
14/11/2020 12:44:17,17.56839943,14.56840038,2563.23291
14/11/2020 12:44:18,17.16839981,14.16839981,2485.836914
14/11/2020 12:44:19,16.76840019,13.76840019,2408.441162
14/11/2020 12:44:20,16.36840057,13.36839962,2331.045166
14/11/2020 12:44:21,16.04717827,13.03931522,2260.517578
14/11/2020 12:44:22,16.64437103,13.53697586,2612.387695
14/11/2020 12:44:23,17.2415638,14.03463745,2964.257813
14/11/2020 12:44:24,17.83875847,14.53229809,3316.12793
14/11/2020 12:44:25,18.43595123,15.02995872,3667.997803
14/11/2020 12:44:26,19.033144,15.52762032,4019.545898
14/11/2020 12:44:27,19.63033676,16.02528191,4049.250488
14/11/2020 12:44:28,20.22753143,16.52294159,4078.955078
14/11/2020 12:44:29,20.8247242,17.02060318,4108.659668
14/11/2020 12:44:30,21.42191696,17.51826477,4138.364258
14/11/2020 12:44:31,21.98724174,17.99680901,4168.25293
14/11/2020 12:44:32,21.58851624,17.89711952,4382.084961
14/11/2020 12:44:33,21.18979263,17.79742813,4595.916504
14/11/2020 12:44:34,20.79106903,17.69773674,4809.748535
14/11/2020 12:44:35,20.39234543,17.59804535,5023.580566
14/11/2020 12:44:36,20.00319099,17.49835587,5237.412598
14/11/2020 12:44:37,20.20259285,17.39866447,5167.900391
14/11/2020 12:44:38,20.40199471,17.29897308,5074.417969
14/11/2020 12:44:39,20.60139656,17.19928169,4980.935547
14/11/2020 12:44:40,20.80079842,17.09959221,4887.452637
14/11/2020 12:44:41,21.00039673,17.00060081,4793.970215
14/11/2020 12:44:42,21.39726257,17.60059929,4941.225098
14/11/2020 12:44:43,21.79412651,18.20059967,5108.845215
14/11/2020 12:44:44,22.19099045,18.80060005,5276.46582
14/11/2020 12:44:45,22.58785629,19.40060043,5444.086426
14/11/2020 12:44:46,22.98472023,20.00039291,5611.707031
14/11/2020 12:44:47,23.38158607,20.39417267,5869.438965
14/11/2020 12:44:48,23.77845001,20.78795052,6136.410156
14/11/2020 12:44:49,24.17531586,21.18172836,6403.381348
14/11/2020 12:44:50,24.57217979,21.57550621,6670.352539
14/11/2020 12:44:51,24.96904373,21.96928596,6937.324219
14/11/2020 12:44:52,25.92200089,22.92200089,7018.742188
14/11/2020 12:44:53,26.92200089,23.92200089,7081.134766
14/11/2020 12:44:54,27.92200089,24.92200089,7143.527344
14/11/2020 12:44:55,28.92200089,25.92200089,7205.919922
14/11/2020 12:44:56,29.92200089,26.92200089,7268.3125
14/11/2020 12:44:57,29.81615067,26.63230324,7555.475586
14/11/2020 12:44:58,29.61674881,26.23349953,7874.748535
14/11/2020 12:44:59,29.41734886,25.83469582,8194.021484
14/11/2020 12:45:00,29.21794701,25.43589211,8513.294922
14/11/2020 12:45:01,29.01854515,25.03708839,8832.567383
14/11/2020 12:45:02,26.46039963,22.64179993,7935.339844
14/11/2020 12:45:03,23.66040039,20.04179955,6889.292969
14/11/2020 12:45:04,20.86039925,17.44179916,5843.245605
14/11/2020 12:45:05,18.06040001,14.84179974,4797.198242
14/11/2020 12:45:06,15.26039982,12.24180031,3751.150879
14/11/2020 12:45:07,15.36049271,12.36049271,3529.057129
14/11/2020 12:45:08,15.75794888,12.75794888,3424.670898
14/11/2020 12:45:09,16.15540504,13.15540504,3320.284668
14/11/2020 12:45:10,16.55286217,13.55286121,3215.898682
14/11/2020 12:45:11,16.95031738,13.95031834,3111.512451
14/11/2020 12:45:12,19.28230286,16.28230286,3661.422607
14/11/2020 12:45:13,21.8906498,18.8906498,4304.803711
14/11/2020 12:45:14,24.49899673,21.49899673,4948.18457
14/11/2020 12:45:15,27.10734367,24.10734367,5591.56543
14/11/2020 12:45:16,29.71569061,26.71569061,6234.946289
14/11/2020 12:45:17,28.22368431,25.22368431,6235.522949
14/11/2020 12:45:18,26.23006439,23.23006439,6144.269531
14/11/2020 12:45:19,24.23644257,21.23644257,6053.016602
14/11/2020 12:45:20,22.24282265,19.24282265,5961.763672
14/11/2020 12:45:21,20.24920273,17.24920273,5870.510742
14/11/2020 12:45:22,21.75,18.92499924,6390.136719
14/11/2020 12:45:23,23.75,21.125,7010.035156
14/11/2020 12:45:24,25.75,23.32500076,7629.933594
14/11/2020 12:45:25,27.75,25.52499962,8249.832031
14/11/2020 12:45:26,29.75,27.72500038,8869.730469
14/11/2020 12:45:27,31.75,29.39999962,9187.105469
14/11/2020 12:45:28,33.75,31,9441.638672
14/11/2020 12:45:29,35.75,32.59999847,9696.170898
14/11/2020 12:45:30,37.75,34.20000076,9950.704102
14/11/2020 12:45:31,39.75,35.79999924,10205.2373
14/11/2020 12:45:32,36.51116562,32.51116562,9835.84082
14/11/2020 12:45:33,32.52392197,28.52392387,9336.836914
14/11/2020 12:45:34,28.53668213,24.53668213,8837.832031
14/11/2020 12:45:35,24.54944229,20.54944229,8338.828125
14/11/2020 12:45:36,20.56220055,16.56220055,7839.823242
14/11/2020 12:45:37,18.97555161,15.14629269,6823.616211
14/11/2020 12:45:38,17.78294563,14.15245438,5675.674316
14/11/2020 12:45:39,16.59033966,13.15861702,4527.73291
14/11/2020 12:45:40,15.39773369,12.16477871,3379.79126
14/11/2020 12:45:41,14.20512867,11.1709404,2231.849854
14/11/2020 12:45:42,15.82159996,12.65600014,2482.48999
14/11/2020 12:45:43,18.02160072,14.65600014,3056.939941
14/11/2020 12:45:44,20.22159958,16.65600014,3631.389648
14/11/2020 12:45:45,22.42160034,18.65600014,4205.839355
14/11/2020 12:45:46,24.6215992,20.65600014,4780.289551
14/11/2020 12:45:47,24.83542061,21,5162.317871
14/11/2020 12:45:48,24.63665199,21,5480.205566
14/11/2020 12:45:49,24.43788528,21,5798.093262
14/11/2020 12:45:50,24.23911667,21,6115.980957
14/11/2020 12:45:51,24.04034996,21,6433.869141
14/11/2020 12:45:52,24.39663506,21,6570.358887
14/11/2020 12:45:53,24.89429665,21,6655.983398
14/11/2020 12:45:54,25.39195824,21,6741.60791
14/11/2020 12:45:55,25.88961792,21,6827.232422
14/11/2020 12:45:56,26.38727951,21,6912.856934
14/11/2020 12:45:57,26.8849411,21.80205536,7013.834961
14/11/2020 12:45:58,27.38260269,22.78980637,7119.931152
14/11/2020 12:45:59,27.88026237,23.77755737,7226.026855
14/11/2020 12:46:00,28.37792397,24.76531029,7332.123047
14/11/2020 12:46:01,28.87558556,25.75306129,7438.21875
14/11/2020 12:46:02,28.54719353,25.69812775,7513.214844
14/11/2020 12:46:03,27.94344902,25.29563332,7576.94043
14/11/2020 12:46:04,27.33970642,24.89313698,7640.665527
14/11/2020 12:46:05,26.73596382,24.49064255,7704.391113
14/11/2020 12:46:06,26.13221931,24.08814621,7768.116211
14/11/2020 12:46:07,26.6209507,24.3104744,7827.833496
14/11/2020 12:46:08,27.41602135,24.70800972,7886.319336
14/11/2020 12:46:09,28.211092,25.10554504,7944.805664
14/11/2020 12:46:10,29.00616264,25.50308037,8003.291504
14/11/2020 12:46:11,29.80123329,25.90061569,8061.777344
14/11/2020 12:46:12,29.85047913,25.69954872,8146.828613
14/11/2020 12:46:13,29.65111732,25.29894829,8240.734375
14/11/2020 12:46:14,29.45175362,24.89834785,8334.640625
14/11/2020 12:46:15,29.25239182,24.49774742,8428.546875
14/11/2020 12:46:16,29.05303001,24.09714508,8522.453125
14/11/2020 12:46:17,28.40913582,23.69654465,8549.1875
14/11/2020 12:46:18,27.60414505,23.29594421,8553.532227
14/11/2020 12:46:19,26.79915428,22.89534378,8557.875977
14/11/2020 12:46:20,25.99416351,22.49474144,8562.220703
14/11/2020 12:46:21,25.18917274,22.09414101,8566.56543
14/11/2020 12:46:22,25.30508423,22.15254211,8562.264648
14/11/2020 12:46:23,25.70388794,22.35194397,8554.568359
14/11/2020 12:46:24,26.10269165,22.55134583,8546.873047
14/11/2020 12:46:25,26.50149536,22.75074768,8539.176758
14/11/2020 12:46:26,26.90029907,22.95014954,8531.481445
14/11/2020 12:46:27,26.62619591,22.62619591,8448.910156
14/11/2020 12:46:28,26.12779045,22.12779045,8334.707031
14/11/2020 12:46:29,25.6293869,21.6293869,8220.50293
14/11/2020 12:46:30,25.13098145,21.13098145,8106.299805
14/11/2020 12:46:31,24.63257599,20.63257599,7992.096191
14/11/2020 12:46:32,24.13417053,20.13417053,7663.5625
14/11/2020 12:46:33,23.63576508,19.63576508,7244.479004
14/11/2020 12:46:34,23.13735962,19.13735962,6825.395996
14/11/2020 12:46:35,22.63895607,18.63895607,6406.312988
14/11/2020 12:46:36,22.14055061,18.14055061,5987.229492
14/11/2020 12:46:37,21.14097786,17.28414726,5412.922363
14/11/2020 12:46:38,19.94456673,16.28713799,4767.894531
14/11/2020 12:46:39,18.74815559,15.29012966,4122.866699
14/11/2020 12:46:40,17.55174446,14.29312038,3477.839111
14/11/2020 12:46:41,16.35533333,13.29611206,2832.811279
14/11/2020 12:46:42,15.71879959,12.71879959,2357.769775
14/11/2020 12:46:43,15.31879997,12.31879997,1971.867432
14/11/2020 12:46:44,14.91880035,11.91880035,1585.965088
14/11/2020 12:46:45,14.51879978,11.51879978,1200.062744
14/11/2020 12:46:46,14.11880016,11.11880016,814.1604004
14/11/2020 12:46:47,14.14015198,11.14015198,594.6782227
14/11/2020 12:46:48,14.33951378,11.33951378,489.4170227
14/11/2020 12:46:49,14.53887558,11.53887558,384.1558228
14/11/2020 12:46:50,14.73823738,11.73823738,278.8946228
14/11/2020 12:46:51,14.93760014,11.93760014,173.6334076
14/11/2020 12:46:52,14.86344624,11.86344624,116.0135727
14/11/2020 12:46:53,14.66467857,11.66467857,95.52348328
14/11/2020 12:46:54,14.46591091,11.46591091,75.03339386
14/11/2020 12:46:55,14.26714325,11.26714325,54.54330444
14/11/2020 12:46:56,14.06837654,11.06837654,34.05321503
14/11/2020 12:46:57,14.08683014,11.08683014,44.93484879
14/11/2020 12:46:58,14.2191925,11.2191925,81.90213013
14/11/2020 12:46:59,14.35155487,11.35155487,118.8694077
14/11/2020 12:47:00,14.48391819,11.48391819,155.8366852
14/11/2020 12:47:01,14.61628056,11.61628056,192.8039703
14/11/2020 12:47:02,14.74864292,11.74864292,441.1138916
14/11/2020 12:47:03,14.88100624,11.88100624,876.0899658
14/11/2020 12:47:04,15.01336861,12.01336861,1311.06604
14/11/2020 12:47:05,15.14573097,12.14573097,1746.041992
14/11/2020 12:47:06,15.27809429,12.27809429,2181.018066
14/11/2020 12:47:07,15.41045666,12.41045666,2407.395996
14/11/2020 12:47:08,15.54281902,12.54281902,2437.327393
14/11/2020 12:47:09,15.67518234,12.67518234,2467.258545
14/11/2020 12:47:10,15.80754471,12.80754471,2497.189697
14/11/2020 12:47:11,15.93990707,12.93990707,2527.121094
14/11/2020 12:47:12,16.87098694,13.6532402,2757.026855
14/11/2020 12:47:13,18.46620178,14.84965134,3175.258301
14/11/2020 12:47:14,20.06141663,16.04606247,3593.48999
14/11/2020 12:47:15,21.65662956,17.24247169,4011.721436
14/11/2020 12:47:16,23.25184441,18.43888283,4429.952637
14/11/2020 12:47:17,23.25897217,18.47069359,4595.388184
14/11/2020 12:47:18,21.86343765,17.47388268,4507.014648
14/11/2020 12:47:19,20.46790314,16.47707367,4418.641113
14/11/2020 12:47:20,19.07236862,15.48026276,4330.267578
14/11/2020 12:47:21,17.67683411,14.4834528,4241.893555
14/11/2020 12:47:22,17.61800003,14.51500034,4324.991211
14/11/2020 12:47:23,18.81800079,15.51500034,4590.895996
14/11/2020 12:47:24,20.01799965,16.51499939,4856.80127
14/11/2020 12:47:25,21.21800041,17.51499939,5122.706543
14/11/2020 12:47:26,22.41799927,18.51499939,5388.611816
14/11/2020 12:47:27,22.89732933,18.89732933,5560.696777
14/11/2020 12:47:28,22.69796562,18.69796562,5626.132324
14/11/2020 12:47:29,22.49860382,18.49860382,5691.567871
14/11/2020 12:47:30,22.29924202,18.29924202,5757.003418
14/11/2020 12:47:31,22.09988022,18.09988022,5822.438477
14/11/2020 12:47:32,22.24872971,18.09950066,5845.420898
14/11/2020 12:47:33,22.74718285,18.29890251,5813.709473
14/11/2020 12:47:34,23.24563789,18.49830437,5781.998047
14/11/2020 12:47:35,23.74409294,18.69770622,5750.286621
14/11/2020 12:47:36,24.24254799,18.89710808,5718.575195
14/11/2020 12:47:37,24.74100304,19.48245621,5758.997559
14/11/2020 12:47:38,25.23945808,20.47926712,5892.72998
14/11/2020 12:47:39,25.73791313,21.47607613,6026.462402
14/11/2020 12:47:40,26.23636818,22.47288704,6160.195313
14/11/2020 12:47:41,26.73482132,23.46969604,6293.927734
14/11/2020 12:47:42,26.5348835,23.4418602,6346.466309
14/11/2020 12:47:43,25.54104614,22.24925423,6253.399414
14/11/2020 12:47:44,24.54720688,21.05664825,6160.33252
14/11/2020 12:47:45,23.55336952,19.86404228,6067.266113
14/11/2020 12:47:46,22.55953026,18.67143631,5974.199219
14/11/2020 12:47:47,21.7378521,17.86992836,5847.501953
14/11/2020 12:47:48,21.13797188,17.57227898,5656.386719
14/11/2020 12:47:49,20.53809166,17.27462959,5465.271973
14/11/2020 12:47:50,19.93821144,16.97698212,5274.157227
14/11/2020 12:47:51,19.33833313,16.67933273,5083.04248
14/11/2020 12:47:52,18.8282795,16.38168526,4854.746094
14/11/2020 12:47:53,18.43442345,16.08403587,4514.308594
14/11/2020 12:47:54,18.0405674,15.78638744,4173.871094
14/11/2020 12:47:55,17.64671135,15.48873901,3833.43335
14/11/2020 12:47:56,17.2528553,15.19109058,3492.99585
14/11/2020 12:47:57,17.85663033,15.7138586,3325.892822
14/11/2020 12:47:58,20.24945259,17.70787621,3681.578613
14/11/2020 12:47:59,22.64227295,19.70189476,4037.264404
14/11/2020 12:48:00,25.03509521,21.69591141,4392.950195
14/11/2020 12:48:01,27.42791557,23.68992996,4748.63623
14/11/2020 12:48:02,28.93266678,25,5103.15625
14/11/2020 12:48:03,28.73635674,25,5452.026855
14/11/2020 12:48:04,28.54004669,25,5800.896973
14/11/2020 12:48:05,28.34373856,25,6149.767578
14/11/2020 12:48:06,28.14742851,25,6498.637695
14/11/2020 12:48:07,27.3526001,24.3526001,6606.37793
14/11/2020 12:48:08,24.75259972,21.75259972,5844.050781
14/11/2020 12:48:09,22.15259933,19.15259933,5081.723145
14/11/2020 12:48:10,19.55260086,16.55260086,4319.395508
14/11/2020 12:48:11,16.95260048,13.95259953,3557.068115
14/11/2020 12:48:12,15,12,2910.041748
14/11/2020 12:48:13,15,12,2718.511963
14/11/2020 12:48:14,15,12,2526.982178
14/11/2020 12:48:15,15,12,2335.452393
14/11/2020 12:48:16,15,12,2143.922607
14/11/2020 12:48:17,15.34517574,12.34517574,2160.699219
14/11/2020 12:48:18,17.36374664,14.36374664,3000.389404
14/11/2020 12:48:19,19.38231659,16.38231659,3840.079346
14/11/2020 12:48:20,21.40088844,18.40088844,4679.769531
14/11/2020 12:48:21,23.41945839,20.41945839,5519.459473
14/11/2020 12:48:22,25.08654022,22.04327011,6271.445313
14/11/2020 12:48:23,25.48534393,22.24267197,6639.605957
14/11/2020 12:48:24,25.88414764,22.44207382,7007.766602
14/11/2020 12:48:25,26.28295135,22.64147568,7375.927246
14/11/2020 12:48:26,26.68175507,22.84087753,7744.087891
14/11/2020 12:48:27,27.24239922,23.24239922,8111.292969
14/11/2020 12:48:28,28.44239998,24.44239998,8473.288086
14/11/2020 12:48:29,29.64240074,25.64240074,8835.283203
14/11/2020 12:48:30,30.8423996,26.8423996,9197.27832
14/11/2020 12:48:31,32.04240036,28.04240036,9559.273438
14/11/2020 12:48:32,32.75837326,28.83891487,9845.859375
14/11/2020 12:48:33,31.56220055,28.04146767,9764.273438
14/11/2020 12:48:34,30.36602783,27.24401855,9682.6875
14/11/2020 12:48:35,29.16985703,26.44657135,9601.101563
14/11/2020 12:48:36,27.97368431,25.64912224,9519.514648
14/11/2020 12:48:37,26.59332085,24.55635071,9352.168945
14/11/2020 12:48:38,24.40687752,22.17113876,8476.507813
14/11/2020 12:48:39,22.22043419,19.78592682,7600.84668
14/11/2020 12:48:40,20.03398895,17.40071487,6725.186035
14/11/2020 12:48:41,17.84754562,15.01550388,5849.524902
14/11/2020 12:48:42,16.27984047,13.24874592,5145.193848
14/11/2020 12:48:43,18.08525658,14.85356045,5374.88623
14/11/2020 12:48:44,19.89067268,16.45837593,5604.579102
14/11/2020 12:48:45,21.69608879,18.06319046,5834.271973
14/11/2020 12:48:46,23.5015049,19.66800308,6063.964844
14/11/2020 12:48:47,25.0339489,21.03358269,6286.286621
14/11/2020 12:48:48,25.23365021,21.23113441,6456.055176
14/11/2020 12:48:49,25.43334961,21.42868423,6625.82373
14/11/2020 12:48:50,25.63305092,21.62623405,6795.592285
14/11/2020 12:48:51,25.83275032,21.82378578,6965.36084
14/11/2020 12:48:52,26.03245163,22.04360962,7129.285156
14/11/2020 12:48:53,26.23215103,22.44740486,7251.540527
14/11/2020 12:48:54,26.43185234,22.85120201,7373.796387
14/11/2020 12:48:55,26.63155174,23.25499725,7496.051758
14/11/2020 12:48:56,26.83125305,23.6587925,7618.307617
14/11/2020 12:48:57,26.96919632,23.96919632,7735.954102
14/11/2020 12:48:58,26.77046967,23.77046967,7820.736328
14/11/2020 12:48:59,26.5717411,23.5717411,7905.518066
14/11/2020 12:49:00,26.37301254,23.37301254,7990.300293
14/11/2020 12:49:01,26.17428398,23.17428398,8075.08252
14/11/2020 12:49:02,26.02459908,23.06150055,8157.641602
14/11/2020 12:49:03,26.22459984,23.56150055,8218.260742
14/11/2020 12:49:04,26.4246006,24.06150055,8278.879883
14/11/2020 12:49:05,26.62459946,24.56150055,8339.499023
14/11/2020 12:49:06,26.82460022,25.06150055,8400.118164
14/11/2020 12:49:07,27.09840012,25.56150055,8460.345703
14/11/2020 12:49:08,27.89839935,26.06150055,8515.80957
14/11/2020 12:49:09,28.6984005,26.56150055,8571.272461
14/11/2020 12:49:10,29.49839973,27.06150055,8626.735352
14/11/2020 12:49:11,30.29840088,27.56150055,8682.198242
14/11/2020 12:49:12,30.87775803,27.85330963,8735.768555
14/11/2020 12:49:13,29.88391876,26.66070366,8760.191406
14/11/2020 12:49:14,28.89008141,25.46809769,8784.614258
14/11/2020 12:49:15,27.89624405,24.27549171,8809.038086
14/11/2020 12:49:16,26.90240479,23.08288574,8833.460938
14/11/2020 12:49:17,26.07336617,22.05502319,8855.467773
14/11/2020 12:49:18,26.87081337,22.6531105,8826.197266
14/11/2020 12:49:19,27.66826248,23.25119591,8796.926758
14/11/2020 12:49:20,28.46570969,23.84928322,8767.655273
14/11/2020 12:49:21,29.2631588,24.44736862,8738.384766
14/11/2020 12:49:22,29.92422676,24.93938255,8705.398438
14/11/2020 12:49:23,28.92721748,24.14177513,8615.213867
14/11/2020 12:49:24,27.93021011,23.34416771,8525.029297
14/11/2020 12:49:25,26.93320084,22.54656029,8434.84375
14/11/2020 12:49:26,25.93619156,21.74895287,8344.65918
14/11/2020 12:49:27,24.95135498,20.9817009,8254.474609
14/11/2020 12:49:28,24.15390778,20.68169975,8007.311523
14/11/2020 12:49:29,23.35645866,20.38170052,7757.270996
14/11/2020 12:49:30,22.55901146,20.08169937,7507.230469
14/11/2020 12:49:31,21.76156235,19.78170013,7257.189941
14/11/2020 12:49:32,20.99097061,19.4817009,7007.149414
14/11/2020 12:49:33,20.79032898,19.18169975,6572.352051
14/11/2020 12:49:34,20.58968735,18.88170052,6128.035156
14/11/2020 12:49:35,20.38904572,18.58169937,5683.717773
14/11/2020 12:49:36,20.18840218,18.28170013,5239.400879
14/11/2020 12:49:37,19.93994904,17.92793846,4795.083984
14/11/2020 12:49:38,18.95550346,16.74660301,4286.089844
14/11/2020 12:49:39,17.97105789,15.56526852,3771.471191
14/11/2020 12:49:40,16.98661232,14.38393402,3256.852783
14/11/2020 12:49:41,16.00216484,13.20259857,2742.234375
14/11/2020 12:49:42,15.01772022,12.02126408,2227.615723
14/11/2020 12:49:43,15.19518948,12.19518948,2063.352539
14/11/2020 12:49:44,15.39395714,12.39395714,1942.834351
14/11/2020 12:49:45,15.5927248,12.5927248,1822.316162
14/11/2020 12:49:46,15.79149246,12.79149246,1701.797974
14/11/2020 12:49:47,15.99026012,12.99026012,1581.279907
14/11/2020 12:49:48,15.81097221,12.81097221,1497.21814
14/11/2020 12:49:49,15.61220455,12.61220455,1420.83606
14/11/2020 12:49:50,15.41343689,12.41343689,1344.453979
14/11/2020 12:49:51,15.21466923,12.21466923,1268.071899
14/11/2020 12:49:52,15.01590157,12.01590157,1191.689819
14/11/2020 12:49:53,15.73146534,12.73146534,1587.323364
14/11/2020 12:49:54,16.52653503,13.52653503,2093.676758
14/11/2020 12:49:55,17.32160568,14.32160568,2600.030029
14/11/2020 12:49:56,18.11667633,15.11667633,3106.383301
14/11/2020 12:49:57,18.91174698,15.91174698,3612.736572
14/11/2020 12:49:58,19.1755867,16.1755867,3762.450439
14/11/2020 12:49:59,19.37309837,16.37309837,3810.986816
14/11/2020 12:50:00,19.57061005,16.57061005,3859.523193
14/11/2020 12:50:01,19.76812172,16.76812172,3908.05957
14/11/2020 12:50:02,19.96563339,16.96563339,3956.595947
14/11/2020 12:50:03,20.3293457,17.3293457,4225.106934
14/11/2020 12:50:04,20.72806931,17.72806931,4574.155273
14/11/2020 12:50:05,21.12679482,18.12679482,4923.203125
14/11/2020 12:50:06,21.52551842,18.52551842,5272.251465
14/11/2020 12:50:07,21.92424202,18.92424202,5621.299805
14/11/2020 12:50:08,22.16100121,19.16100121,5762.498535
14/11/2020 12:50:09,22.35976982,19.35976982,5815.04248
14/11/2020 12:50:10,22.55853653,19.55853653,5867.586426
14/11/2020 12:50:11,22.75730515,19.75730515,5920.130371
14/11/2020 12:50:12,22.95607185,19.95607185,5972.674805
14/11/2020 12:50:13,23.46304703,20.46304703,6121.138184
14/11/2020 12:50:14,24.05746078,21.05746078,6316.845703
14/11/2020 12:50:15,24.65187263,21.65187263,6512.552734
14/11/2020 12:50:16,25.24628448,22.24628448,6708.260254
14/11/2020 12:50:17,25.84069824,22.84069824,6903.967773
14/11/2020 12:50:18,26.14549828,22.85450172,7016.104492
14/11/2020 12:50:19,26.34426498,22.65573502,7077.668945
14/11/2020 12:50:20,26.5430336,22.4569664,7139.233887
14/11/2020 12:50:21,26.74180031,22.25819969,7200.79834
14/11/2020 12:50:22,26.94056892,22.05943108,7262.362793
14/11/2020 12:50:23,27.55734444,22.83601761,7334.943359
14/11/2020 12:50:24,28.35241508,24.02862167,7415.146484
14/11/2020 12:50:25,29.14748573,25.22122765,7495.350098
14/11/2020 12:50:26,29.94255638,26.41383362,7575.553223
14/11/2020 12:50:27,30.73762703,27.60643959,7655.756836
14/11/2020 12:50:28,30.73449516,27.6017437,7712.601563
14/11/2020 12:50:29,30.3382206,27.00733185,7749.866699
14/11/2020 12:50:30,29.94194603,26.41291809,7787.131348
14/11/2020 12:50:31,29.54567146,25.81850624,7824.396484
14/11/2020 12:50:32,29.14939499,25.22409439,7861.661133
14/11/2020 12:50:33,29.12380791,25,7926.566406
14/11/2020 12:50:34,29.32253647,25,8019.334473
14/11/2020 12:50:35,29.52126312,25,8112.102539
14/11/2020 12:50:36,29.71999168,25,8204.870117
14/11/2020 12:50:37,29.91872025,25,8297.638672
14/11/2020 12:50:38,30.35129738,25.35129738,8453.010742
14/11/2020 12:50:39,30.94571114,25.94571114,8675.662109
14/11/2020 12:50:40,31.54012299,26.54012299,8898.313477
14/11/2020 12:50:41,32.13453674,27.13453484,9120.964844
14/11/2020 12:50:42,32.72894669,27.72894859,9343.617188
14/11/2020 12:50:43,31.05945396,26.38287735,9009.546875
14/11/2020 12:50:44,27.49227142,23.41022682,8037.516113
14/11/2020 12:50:45,23.92508888,20.43757439,7065.48584
14/11/2020 12:50:46,20.35790634,17.46492195,6093.455566
14/11/2020 12:50:47,16.79072571,14.49227142,5121.425293
14/11/2020 12:50:48,15,12.90071774,4305.316406
14/11/2020 12:50:49,15,12.70135593,3705.41333
14/11/2020 12:50:50,15,12.50199318,3105.51001
14/11/2020 12:50:51,15,12.30263138,2505.606934
14/11/2020 12:50:52,15,12.10326958,1905.703735
14/11/2020 12:50:53,15.67264748,12.67264748,1775.992188
14/11/2020 12:50:54,17.06818199,14.06818199,2440.044922
14/11/2020 12:50:55,18.46371651,15.46371651,3104.097656
14/11/2020 12:50:56,19.85925102,16.85925102,3768.150146
14/11/2020 12:50:57,21.25478554,18.25478554,4432.203125
14/11/2020 12:50:58,22,18.90766716,4947.743164
14/11/2020 12:50:59,22,18.70952988,5212.567871
14/11/2020 12:51:00,22,18.51139259,5477.393066
14/11/2020 12:51:01,22,18.31325531,5742.217773
14/11/2020 12:51:02,22,18.11511803,6007.042969
14/11/2020 12:51:03,21.83318329,17.91698074,6048.911133
14/11/2020 12:51:04,21.43505478,17.71884346,5714.390625
14/11/2020 12:51:05,21.03692627,17.52070618,5379.870117
14/11/2020 12:51:06,20.63879776,17.32256699,5045.349609
14/11/2020 12:51:07,20.24066925,17.1244297,4710.828613
14/11/2020 12:51:08,19.84254074,16.8512001,4456.076172
14/11/2020 12:51:09,19.44441032,16.45120049,4366.996582
14/11/2020 12:51:10,19.04628181,16.05120087,4277.916504
14/11/2020 12:51:11,18.64815331,15.65120029,4188.836914
14/11/2020 12:51:12,18.2500248,15.25119972,4099.756836
14/11/2020 12:51:13,18.89279938,15.81840038,4267.343262
14/11/2020 12:51:14,21.2928009,18.01840019,4897.216309
14/11/2020 12:51:15,23.69280052,20.21839905,5527.089355
14/11/2020 12:51:16,26.09280014,22.41839981,6156.962402
14/11/2020 12:51:17,28.49279976,24.61840057,6786.835449
14/11/2020 12:51:18,29.77887917,25.85258484,7269.483398
14/11/2020 12:51:19,29.18446541,25.45631027,7503.588867
14/11/2020 12:51:20,28.59005356,25.06003571,7737.694824
14/11/2020 12:51:21,27.99564171,24.66376114,7971.800781
14/11/2020 12:51:22,27.40122795,24.26748657,8205.90625
14/11/2020 12:51:23,26.60748863,23.47665024,8175.241699
14/11/2020 12:51:24,25.39975929,21.86634445,7697.598633
14/11/2020 12:51:25,24.19202805,20.25603867,7219.956055
14/11/2020 12:51:26,22.98429871,18.64573288,6742.312988
14/11/2020 12:51:27,21.77656937,17.03542709,6264.67041
14/11/2020 12:51:28,21.35807419,16.42968941,5947.741211
14/11/2020 12:51:29,22.36108398,17.63330078,5902.124512
14/11/2020 12:51:30,23.36409187,18.83691025,5856.507813
14/11/2020 12:51:31,24.36710167,20.04052162,5810.890625
14/11/2020 12:51:32,25.37010956,21.244133,5765.273926
14/11/2020 12:51:33,25.8512001,21.92560005,5788.921387
14/11/2020 12:51:34,25.45120049,21.72559929,5937.865723
14/11/2020 12:51:35,25.05120087,21.52560043,6086.810547
14/11/2020 12:51:36,24.65119934,21.32559967,6235.755371
14/11/2020 12:51:37,24.25119972,21.12560081,6384.699707
14/11/2020 12:51:38,24.29759979,21.29759979,6517.971191
14/11/2020 12:51:39,25.09760094,22.09760094,6622.890137
14/11/2020 12:51:40,25.89760017,22.89760017,6727.80957
14/11/2020 12:51:41,26.69759941,23.69759941,6832.728516
14/11/2020 12:51:42,27.49760056,24.49760056,6937.647461
14/11/2020 12:51:43,27.48086166,24.48086166,6985.839844
14/11/2020 12:51:44,26.08532715,23.08532715,6924.404785
14/11/2020 12:51:45,24.68979263,21.68979263,6862.970215
14/11/2020 12:51:46,23.29425812,20.29425812,6801.535156
14/11/2020 12:51:47,21.8987236,18.8987236,6740.100586
14/11/2020 12:51:48,21.14240074,18.17773247,6721.748535
14/11/2020 12:51:49,21.54240036,18.67698479,6792.876953
14/11/2020 12:51:50,21.94239998,19.1762352,6864.005371
14/11/2020 12:51:51,22.3423996,19.67548752,6935.133789
14/11/2020 12:51:52,22.74239922,20.17473793,7006.261719
14/11/2020 12:51:53,23.2839489,20.67398834,7092.414063
14/11/2020 12:51:54,24.08155441,21.17324066,7212.162598
14/11/2020 12:51:55,24.87916183,21.67249107,7331.911133
14/11/2020 12:51:56,25.67676926,22.17174149,7451.660156
14/11/2020 12:51:57,26.47437668,22.6709938,7571.408691
14/11/2020 12:51:58,26.86403465,22.86403465,7659.823242
14/11/2020 12:51:59,26.46531105,22.46531105,7672.993652
14/11/2020 12:52:00,26.06658745,22.06658745,7686.163574
14/11/2020 12:52:01,25.66786194,21.66786194,7699.333984
14/11/2020 12:52:02,25.26913834,21.26913834,7712.503906
14/11/2020 12:52:03,25.1943779,21.06479263,7720.79834
14/11/2020 12:52:04,25.7924633,21.26415443,7717.383789
14/11/2020 12:52:05,26.39055061,21.46351624,7713.969238
14/11/2020 12:52:06,26.98863602,21.66287804,7710.554688
14/11/2020 12:52:07,27.58672333,21.86224174,7707.140137
14/11/2020 12:52:08,28,22.09256172,7727.050781
14/11/2020 12:52:09,28,22.39211273,7807.539551
14/11/2020 12:52:10,28,22.69166183,7888.027832
14/11/2020 12:52:11,28,22.99121284,7968.516602
14/11/2020 12:52:12,28,23.29076385,8049.005371
14/11/2020 12:52:13,28.05879974,23.59031487,8109.444336
14/11/2020 12:52:14,28.25880051,23.88986588,8117.811035
14/11/2020 12:52:15,28.45879936,24.18941498,8126.178223
14/11/2020 12:52:16,28.65880013,24.48896599,8134.544922
14/11/2020 12:52:17,28.85880089,24.788517,8142.912109
14/11/2020 12:52:18,29.23444939,25.29306221,8155.02002
14/11/2020 12:52:19,30.0318985,26.28987312,8177.666504
14/11/2020 12:52:20,30.8293457,27.28668213,8200.3125
14/11/2020 12:52:21,31.62679482,28.28349304,8222.958984
14/11/2020 12:52:22,32.42424393,29.28030396,8245.604492
14/11/2020 12:52:23,32.66640091,29.61079979,8254.652344
14/11/2020 12:52:24,31.46640015,28.21080017,8222.244141
14/11/2020 12:52:25,30.26639938,26.81080055,8189.836426
14/11/2020 12:52:26,29.06640053,25.41080093,8157.428223
14/11/2020 12:52:27,27.86639977,24.01079941,8125.02002
14/11/2020 12:52:28,27,23.02771378,8085.653809
14/11/2020 12:52:29,27,23.12740517,8026.687988
14/11/2020 12:52:30,27,23.22709656,7967.722168
14/11/2020 12:52:31,27,23.32678604,7908.756348
14/11/2020 12:52:32,27,23.42647743,7849.790527
14/11/2020 12:52:33,27.05224419,23.52616882,7813.292969
14/11/2020 12:52:34,27.25164413,23.62586021,7858.830566
14/11/2020 12:52:35,27.45104599,23.72555161,7904.367676
14/11/2020 12:52:36,27.65044785,23.82524109,7949.905273
14/11/2020 12:52:37,27.8498497,23.92493248,7995.442383
14/11/2020 12:52:38,27.8513546,23.8513546,8012.931152
14/11/2020 12:52:39,27.24954796,23.24954796,7891.513672
14/11/2020 12:52:40,26.64774323,22.64774323,7770.095703
14/11/2020 12:52:41,26.04593849,22.04593849,7648.677734
14/11/2020 12:52:42,25.44413185,21.44413185,7527.259766
14/11/2020 12:52:43,24.89617538,20.89617538,7366.236816
14/11/2020 12:52:44,24.49990082,20.49990082,6917.50293
14/11/2020 12:52:45,24.10362625,20.10362625,6468.769043
14/11/2020 12:52:46,23.70735168,19.70735168,6020.035156
14/11/2020 12:52:47,23.31107521,19.31107521,5571.30127
14/11/2020 12:52:48,22.65920258,18.70180321,5114.751953
14/11/2020 12:52:49,21.07410431,17.31484032,4579.184082
14/11/2020 12:52:50,19.48900414,15.92787838,4043.616211
14/11/2020 12:52:51,17.90390396,14.54091549,3508.048584
14/11/2020 12:52:52,16.31880379,13.1539526,2972.480713
14/11/2020 12:52:53,15,12,2440.233398
14/11/2020 12:52:54,15,12,2181.374756
14/11/2020 12:52:55,15,12,1922.516235
14/11/2020 12:52:56,15,12,1663.657715
14/11/2020 12:52:57,15,12,1404.799072
14/11/2020 12:52:58,15,12,1148.707031
14/11/2020 12:52:59,15,12,1120.384155
14/11/2020 12:53:00,15,12,1092.061279
14/11/2020 12:53:01,15,12,1063.738403
14/11/2020 12:53:02,15,12,1035.415527
14/11/2020 12:53:03,15.08861732,12.08861732,1007.09259
14/11/2020 12:53:04,16.07325745,13.07325745,1544.909424
14/11/2020 12:53:05,17.05789757,14.05789661,2085
14/11/2020 12:53:06,18.04253578,15.04253674,2625.090576
14/11/2020 12:53:07,19.0271759,16.0271759,3165.180908
14/11/2020 12:53:08,19.99760056,16.99760056,3705.271484
14/11/2020 12:53:09,19.79759979,16.79759979,3741.969727
14/11/2020 12:53:10,19.59760094,16.59760094,3776.645996
14/11/2020 12:53:11,19.39760017,16.39760017,3811.32251
14/11/2020 12:53:12,19.19759941,16.19759941,3845.999023
14/11/2020 12:53:13,19.00239182,16.00239182,3880.675537
14/11/2020 12:53:14,19.20175362,16.20175362,4285.057617
14/11/2020 12:53:15,19.40111732,16.40111732,4690.924805
14/11/2020 12:53:16,19.60047913,16.60047913,5096.791992
14/11/2020 12:53:17,19.79984093,16.79984093,5502.65918
14/11/2020 12:53:18,19.99920273,16.99920273,5908.525879
14/11/2020 12:53:19,19.60160065,16.60160065,5853.891113
14/11/2020 12:53:20,19.20159912,16.20159912,5782.554199
14/11/2020 12:53:21,18.8015995,15.80160046,5711.217285
14/11/2020 12:53:22,18.40159988,15.40159988,5639.880371
14/11/2020 12:53:23,18.00160027,15.00160027,5568.543457
14/11/2020 12:53:24,18.99600029,15.59450817,5760.587891
14/11/2020 12:53:25,19.99600029,16.19140434,5976.158691
14/11/2020 12:53:26,20.99600029,16.78830147,6191.729492
14/11/2020 12:53:27,21.99600029,17.38519669,6407.300781
14/11/2020 12:53:28,22.99600029,17.98209381,6622.871582
14/11/2020 12:53:29,23,18.57898903,6720.767578
14/11/2020 12:53:30,23,19.17588615,6803.672363
14/11/2020 12:53:31,23,19.77278137,6886.577148
14/11/2020 12:53:32,23,20.3696785,6969.481934
14/11/2020 12:53:33,23,20.96657372,7052.387207
14/11/2020 12:53:34,24.33841896,21.56347084,7105.675781
14/11/2020 12:53:35,25.72538185,22.16036606,7153.942383
14/11/2020 12:53:36,27.11234474,22.75726318,7202.208496
14/11/2020 12:53:37,28.49930573,23.3541584,7250.475098
14/11/2020 12:53:38,29.88626862,23.95105362,7298.741211
14/11/2020 12:53:39,29.45259476,23.63506317,7379.003418
14/11/2020 12:53:40,28.85629082,23.23752785,7464.003906
14/11/2020 12:53:41,28.25998878,22.83999252,7549.004883
14/11/2020 12:53:42,27.66368484,22.4424572,7634.005371
14/11/2020 12:53:43,27.06738281,22.04492188,7719.006348
14/11/2020 12:53:44,27.17627144,22.35254288,7743.929688
14/11/2020 12:53:45,27.375,22.75,7757.409668
14/11/2020 12:53:46,27.57372856,23.14745712,7770.889648
14/11/2020 12:53:47,27.77245712,23.54491234,7784.369629
14/11/2020 12:53:48,27.97118378,23.94236946,7797.849609
14/11/2020 12:53:49,29.02929306,25.02929306,7909.32373
14/11/2020 12:53:50,30.23314667,26.23314667,8037.416504
14/11/2020 12:53:51,31.43699837,27.43699837,8165.509766
14/11/2020 12:53:52,32.64085007,28.64085007,8293.602539
14/11/2020 12:53:53,33.84470367,29.84470367,8421.695313
14/11/2020 12:53:54,32.09560776,28.09560776,8207.25
14/11/2020 12:53:55,29.90916252,25.90916252,7927.558594
14/11/2020 12:53:56,27.72271919,23.72271919,7647.867188
14/11/2020 12:53:57,25.53627586,21.53627586,7368.17627
14/11/2020 12:53:58,23.34983063,19.34983063,7088.484863
14/11/2020 12:53:59,21.98896599,18.15747261,6469.823242
14/11/2020 12:54:00,20.78535652,17.15446281,5786.595703
14/11/2020 12:54:01,19.58174515,16.15145493,5103.368164
14/11/2020 12:54:02,18.37813377,15.14844513,4420.140625
14/11/2020 12:54:03,17.17452431,14.14543629,3736.91333
14/11/2020 12:54:04,18.87537384,15.70488548,4052.871582
14/11/2020 12:54:05,21.06879425,17.69890404,4582.248535
14/11/2020 12:54:06,23.26221275,19.69292068,5111.625
14/11/2020 12:54:07,25.45563316,21.68693924,5641.001465
14/11/2020 12:54:08,27.64905357,23.68095779,6170.378418
14/11/2020 12:54:09,26.8239994,22.8239994,6287.254883
14/11/2020 12:54:10,25.42399979,21.42399979,6324.974609
14/11/2020 12:54:11,24.02400017,20.02400017,6362.694336
14/11/2020 12:54:12,22.62400055,18.62400055,6400.414551
14/11/2020 12:54:13,21.22400093,17.22400093,6438.134277
14/11/2020 12:54:14,20.8325367,17,6032.291992
14/11/2020 12:54:15,20.63317299,17,5531.708496
14/11/2020 12:54:16,20.43381119,17,5031.125
14/11/2020 12:54:17,20.23444939,17,4530.541504
14/11/2020 12:54:18,20.03508759,17,4029.957764
14/11/2020 12:54:19,19.17352104,16.17352104,3672.619385
14/11/2020 12:54:20,18.17051125,15.17051125,3345.877197
14/11/2020 12:54:21,17.16750336,14.1675024,3019.135254
14/11/2020 12:54:22,16.16449356,13.16449356,2692.393066
14/11/2020 12:54:23,15.16148472,12.16148472,2365.650879
14/11/2020 12:54:24,14.83270168,11.83270168,2024.032349
14/11/2020 12:54:25,14.63329983,11.63329983,1678.506958
14/11/2020 12:54:26,14.43389797,11.43389797,1332.981689
14/11/2020 12:54:27,14.23449612,11.23449612,987.4562988
14/11/2020 12:54:28,14.03509426,11.03509426,641.9309082
14/11/2020 12:54:29,14.16479969,11.16479969,686.6539917
14/11/2020 12:54:30,14.36480045,11.36480045,853.9386597
14/11/2020 12:54:31,14.56480026,11.56480026,1021.223328
14/11/2020 12:54:32,14.76480007,11.76480007,1188.507935
14/11/2020 12:54:33,14.96479988,11.96479988,1355.792603
14/11/2020 12:54:34,16.88333511,13.80145073,2119.091797
14/11/2020 12:54:35,19.16893578,15.98767757,3085.323486
14/11/2020 12:54:36,21.45453644,18.17390442,4051.555176
14/11/2020 12:54:37,23.7401371,20.36013031,5017.787109
14/11/2020 12:54:38,26.02573776,22.54635811,5984.018555
14/11/2020 12:54:39,28.31133842,24.732584,6734.224121
14/11/2020 12:54:40,30.59693909,26.9188118,7410.487793
14/11/2020 12:54:41,32.88254166,29.10503769,8086.751465
14/11/2020 12:54:42,35.16814041,31.29126549,8763.014648
14/11/2020 12:54:43,37.45374298,33.47749329,9439.27832
14/11/2020 12:54:44,36.9377861,32.9377861,9696.509766
14/11/2020 12:54:45,35.54197311,31.54197502,9810.314453
14/11/2020 12:54:46,34.14616013,30.14616203,9924.118164
14/11/2020 12:54:47,32.75034714,28.75034904,10037.92285
14/11/2020 12:54:48,31.35453606,27.35453606,10151.72656
14/11/2020 12:54:49,29.80663872,25.80663872,9861.881836
14/11/2020 12:54:50,28.20695877,24.20695877,9422.741211
14/11/2020 12:54:51,26.60727882,22.60727882,8983.600586
14/11/2020 12:54:52,25.00759888,21.00759888,8544.459961
14/11/2020 12:54:53,23.40791893,19.40791893,8105.318848
14/11/2020 12:54:54,22.5529995,18.70199966,7615.904297
14/11/2020 12:54:55,21.95299911,18.30200005,7106.352539
14/11/2020 12:54:56,21.35300064,17.90200043,6596.800781
14/11/2020 12:54:57,20.75300026,17.50200081,6087.248535
14/11/2020 12:54:58,20.15299988,17.10199928,5577.696777
14/11/2020 12:54:59,20.44566345,17.2971096,5437.364746
14/11/2020 12:55:00,21.04386902,17.69591141,5444.927734
14/11/2020 12:55:01,21.64207458,18.09471512,5452.491211
14/11/2020 12:55:02,22.24027824,18.49351883,5460.054199
14/11/2020 12:55:03,22.83848381,18.89232254,5467.617188
14/11/2020 12:55:04,24.16427422,20.16427422,5610.584961
14/11/2020 12:55:05,25.75917053,21.75917053,5816.397461
14/11/2020 12:55:06,27.35406685,23.35406685,6022.210449
14/11/2020 12:55:07,28.94896317,24.94896317,6228.022949
14/11/2020 12:55:08,30.54385948,26.54385948,6433.835938
14/11/2020 12:55:09,30.2859993,26.00040054,6568.808105
14/11/2020 12:55:10,29.2859993,24.60040092,6670.901367
14/11/2020 12:55:11,28.2859993,23.2003994,6772.994629
14/11/2020 12:55:12,27.2859993,21.80039978,6875.087891
14/11/2020 12:55:13,26.2859993,20.40040016,6977.181152
14/11/2020 12:55:14,26.42576027,20.70960045,7062.499512
14/11/2020 12:55:15,27.0220623,21.70343781,7140.031738
14/11/2020 12:55:16,27.61836624,22.69727707,7217.563965
14/11/2020 12:55:17,28.21466827,23.69111443,7295.096191
14/11/2020 12:55:18,28.81097221,24.68495369,7372.628906
14/11/2020 12:55:19,29,25,7467.880371
14/11/2020 12:55:20,29,25,7572.631836
14/11/2020 12:55:21,29,25,7677.382813
14/11/2020 12:55:22,29,25,7782.134277
14/11/2020 12:55:23,29,25,7886.885254
14/11/2020 12:55:24,28.72680092,24.86339951,7921.221191
14/11/2020 12:55:25,28.32679939,24.66340065,7915.256836
14/11/2020 12:55:26,27.92679977,24.46339989,7909.291992
14/11/2020 12:55:27,27.52680016,24.26339912,7903.327637
14/11/2020 12:55:28,27.12680054,24.06340027,7897.363281
14/11/2020 12:55:29,27.40719414,24.40719414,7914.149902
14/11/2020 12:55:30,28.00337791,25.00337791,7944.880371
14/11/2020 12:55:31,28.5995636,25.5995636,7975.611328
14/11/2020 12:55:32,29.19574738,26.19574738,8006.342285
14/11/2020 12:55:33,29.79193115,26.79193115,8037.072754
14/11/2020 12:55:34,29.22113609,26.09132576,8041.669922
14/11/2020 12:55:35,28.02472496,24.69551277,8029.133789
14/11/2020 12:55:36,26.82831573,23.29970169,8016.597168
14/11/2020 12:55:37,25.6319046,21.9038887,8004.060547
14/11/2020 12:55:38,24.43549347,20.50807571,7991.523926
14/11/2020 12:55:39,24.12679482,20.12679482,7969.109375
14/11/2020 12:55:40,24.32615662,20.32615662,7939.80127
14/11/2020 12:55:41,24.52551842,20.52551842,7910.493164
14/11/2020 12:55:42,24.72488022,20.72488022,7881.185547
14/11/2020 12:55:43,24.92424202,20.92424202,7851.877441
14/11/2020 12:55:44,25.24720955,21.61802292,7867.663574
14/11/2020 12:55:45,25.64593315,22.61483192,7919.313965
14/11/2020 12:55:46,26.04465675,23.61164284,7970.964355
14/11/2020 12:55:47,26.44338036,24.60845375,8022.615234
14/11/2020 12:55:48,26.84210587,25.60526276,8074.265625
14/11/2020 12:55:49,27,25.63868332,8084.959473
14/11/2020 12:55:50,27,25.04047775,8063.078613
14/11/2020 12:55:51,27,24.44227409,8041.197754
14/11/2020 12:55:52,27,23.84406853,8019.316895
14/11/2020 12:55:53,27,23.24586296,7997.436523
14/11/2020 12:55:54,27.11705017,23,7991.615234
14/11/2020 12:55:55,27.31577873,23,7998.566895
14/11/2020 12:55:56,27.51450729,23,8005.518555
14/11/2020 12:55:57,27.71323586,23,8012.470215
14/11/2020 12:55:58,27.91196251,23,8019.421875
14/11/2020 12:55:59,27.8885994,22.8885994,8017.630859
14/11/2020 12:56:00,27.68860054,22.68860054,8007.961914
14/11/2020 12:56:01,27.48859978,22.48859978,7998.292969
14/11/2020 12:56:02,27.28860092,22.28860092,7988.623535
14/11/2020 12:56:03,27.08860016,22.08860016,7978.95459
14/11/2020 12:56:04,27,22.1114006,8001.129395
14/11/2020 12:56:05,27,22.31139946,8052.000488
14/11/2020 12:56:06,27,22.51140022,8102.871094
14/11/2020 12:56:07,27,22.71139908,8153.742188
14/11/2020 12:56:08,27,22.91139984,8204.613281
14/11/2020 12:56:09,26.77857208,22.66786003,8071.745117
14/11/2020 12:56:10,26.38103676,22.07155609,7773.303711
14/11/2020 12:56:11,25.98350143,21.47525406,7474.862305
14/11/2020 12:56:12,25.58596611,20.87895012,7176.42041
14/11/2020 12:56:13,25.18843079,20.28264809,6877.979004
14/11/2020 12:56:14,24.15839958,19.47400093,6456.84082
14/11/2020 12:56:15,22.5583992,18.47400093,5917.817383
14/11/2020 12:56:16,20.95840073,17.47400093,5378.794434
14/11/2020 12:56:17,19.35840034,16.47400093,4839.770996
14/11/2020 12:56:18,17.75839996,15.47399998,4300.748047
14/11/2020 12:56:19,16.78960037,14.6843996,3771.894043
14/11/2020 12:56:20,16.38960075,14.08440018,3252.810547
14/11/2020 12:56:21,15.98960018,13.4843998,2733.727295
14/11/2020 12:56:22,15.58959961,12.88440037,2214.643799
14/11/2020 12:56:23,15.18959999,12.28439999,1695.560547
14/11/2020 12:56:24,14.94748402,11.94748402,1325.263184
14/11/2020 12:56:25,14.84764385,11.84764385,1097.917114
14/11/2020 12:56:26,14.74780369,11.74780369,870.5709839
14/11/2020 12:56:27,14.64796352,11.64796352,643.2249146
14/11/2020 12:56:28,14.54812336,11.54812336,415.8788147
14/11/2020 12:56:29,14.4482832,11.4482832,277.1245117
14/11/2020 12:56:30,14.34844208,11.34844208,228.7517395
14/11/2020 12:56:31,14.24860191,11.24860191,180.3789673
14/11/2020 12:56:32,14.14876175,11.14876175,132.0061798
14/11/2020 12:56:33,14.04892159,11.04892159,83.63341522
14/11/2020 12:56:34,14,11,53.98918152
14/11/2020 12:56:35,14,11,44.71566391
14/11/2020 12:56:36,14,11,35.4421463
14/11/2020 12:56:37,14,11,26.1686306
14/11/2020 12:56:38,14,11,16.89511108
14/11/2020 12:56:39,14,11,10.60034275
14/11/2020 12:56:40,14,11,8.755124092
14/11/2020 12:56:41,14,11,6.909906387
14/11/2020 12:56:42,14,11,5.064688206
14/11/2020 12:56:43,14,11,3.219470501
14/11/2020 12:56:44,14.19736862,11.19736862,83.73983002
14/11/2020 12:56:45,14.59609222,11.59609222,265.7463379
14/11/2020 12:56:46,14.99481678,11.99481678,447.7528381
14/11/2020 12:56:47,15.39354038,12.39354038,629.7593384
14/11/2020 12:56:48,15.79226494,12.79226494,811.7658691
14/11/2020 12:56:49,16.56597137,13.47164249,1256.567627
14/11/2020 12:56:50,17.74753761,14.45628166,2026.48291
14/11/2020 12:56:51,18.92910576,15.44092178,2796.398193
14/11/2020 12:56:52,20.1106739,16.4255619,3566.313477
14/11/2020 12:56:53,21.29224014,17.41020012,4336.228516
14/11/2020 12:56:54,22.80961037,18.89057159,5117.845703
14/11/2020 12:56:55,24.82858849,21.11144829,5914.848633
14/11/2020 12:56:56,26.8475666,23.33232307,6711.852051
14/11/2020 12:56:57,28.86654472,25.55319977,7508.85498
14/11/2020 12:56:58,30.88552475,27.77407646,8305.857422
14/11/2020 12:56:59,32.53749084,29.44791031,8890.658203
14/11/2020 12:57:00,33.73725128,30.44771004,9177.557617
14/11/2020 12:57:01,34.93701172,31.44750977,9464.457031
14/11/2020 12:57:02,36.13677216,32.4473114,9751.356445
14/11/2020 12:57:03,37.33653259,33.44710922,10038.25586
14/11/2020 12:57:04,37.28693771,33.37607193,10216.85352
14/11/2020 12:57:05,35.69172668,31.98025894,10243.41309
14/11/2020 12:57:06,34.09651184,30.58444595,10269.97363
14/11/2020 12:57:07,32.501297,29.18863487,10296.5332
14/11/2020 12:57:08,30.90608215,27.79282188,10323.09375
14/11/2020 12:57:09,29.65550232,26.5693779,10180.71582
14/11/2020 12:57:10,28.85805511,25.57256699,9784.932617
14/11/2020 12:57:11,28.060606,24.57575798,9389.149414
14/11/2020 12:57:12,27.2631588,23.57894707,8993.366211
14/11/2020 12:57:13,26.46570969,22.58213806,8597.583008
14/11/2020 12:57:14,25.41760063,21.41760063,8105.054199
14/11/2020 12:57:15,24.01759911,20.01759911,7457.985352
14/11/2020 12:57:16,22.61759949,18.61759949,6810.916992
14/11/2020 12:57:17,21.21759987,17.21759987,6163.848145
14/11/2020 12:57:18,19.81760025,15.81760025,5516.779297
14/11/2020 12:57:19,19.33173752,15.41467285,5278.413574
14/11/2020 12:57:20,20.12918663,16.41148376,5692.911621
14/11/2020 12:57:21,20.92663383,17.40829277,6107.409668
14/11/2020 12:57:22,21.72408295,18.40510368,6521.907715
14/11/2020 12:57:23,22.52153015,19.4019146,6936.405273
14/11/2020 12:57:24,23.07983589,20.05322266,7176.452148
14/11/2020 12:57:25,23.27942276,20.1862812,7118.181641
14/11/2020 12:57:26,23.47900963,20.31933975,7059.911621
14/11/2020 12:57:27,23.6785984,20.4523983,7001.641602
14/11/2020 12:57:28,23.87818527,20.58545685,6943.371582
14/11/2020 12:57:29,24.07777214,20.7185154,6879.400391
14/11/2020 12:57:30,24.27736092,20.85157394,6804.979492
14/11/2020 12:57:31,24.47694778,20.98463249,6730.559082
14/11/2020 12:57:32,24.67653465,21.11769104,6656.138184
14/11/2020 12:57:33,24.87612343,21.25074768,6581.717773
14/11/2020 12:57:34,25.0757103,21.38380623,6598.372559
14/11/2020 12:57:35,25.27529716,21.51686478,6793.405762
14/11/2020 12:57:36,25.47488594,21.64992332,6988.439453
14/11/2020 12:57:37,25.67447281,21.78298187,7183.472656
14/11/2020 12:57:38,25.87405968,21.91604042,7378.505859
14/11/2020 12:57:39,26.36782265,22.36782265,7573.888184
14/11/2020 12:57:40,27.36463356,23.36463356,7770.189453
14/11/2020 12:57:41,28.36144257,24.36144257,7966.490723
14/11/2020 12:57:42,29.35825348,25.35825348,8162.791992
14/11/2020 12:57:43,30.35506439,26.35506439,8359.09375
14/11/2020 12:57:44,31,26.92961121,8496.338867
14/11/2020 12:57:45,31,26.73020935,8450.610352
14/11/2020 12:57:46,31,26.5308075,8404.881836
14/11/2020 12:57:47,31,26.33140564,8359.15332
14/11/2020 12:57:48,31,26.13200378,8313.423828
14/11/2020 12:57:49,31.33379364,26.33379364,8276.708008
14/11/2020 12:57:50,32.3213501,27.3213501,8273.291992
14/11/2020 12:57:51,33.30890656,28.30890846,8269.876953
14/11/2020 12:57:52,34.29646301,29.29646492,8266.460938
14/11/2020 12:57:53,35.28401947,30.28402138,8263.045898
14/11/2020 12:57:54,35.56270981,30.50805092,8266.117188
14/11/2020 12:57:55,33.97256851,28.71914101,8293.158203
14/11/2020 12:57:56,32.38242722,26.930233,8320.200195
14/11/2020 12:57:57,30.79228783,25.14132309,8347.241211
14/11/2020 12:57:58,29.20214653,23.35241508,8374.283203
14/11/2020 12:57:59,28,22.19399643,8390.191406
14/11/2020 12:58:00,28,22.98906708,8364.966797
14/11/2020 12:58:01,28,23.78413773,8339.742188
14/11/2020 12:58:02,28,24.57920837,8314.517578
14/11/2020 12:58:03,28,25.37427902,8289.292969
14/11/2020 12:58:04,27.91480064,25.95744514,8276.900391
14/11/2020 12:58:05,27.51479912,25.757658,8316.81543
14/11/2020 12:58:06,27.1147995,25.55787086,8356.731445
14/11/2020 12:58:07,26.71479988,25.35808563,8396.646484
14/11/2020 12:58:08,26.31480026,25.15829849,8436.5625
14/11/2020 12:58:09,25.91480064,24.95851135,8424.217773
14/11/2020 12:58:10,25.51479912,24.75872421,8175.404785
14/11/2020 12:58:11,25.1147995,24.55893707,7926.591797
14/11/2020 12:58:12,24.71479988,24.35914993,7677.779297
14/11/2020 12:58:13,24.31480026,24.15936279,7428.966309
14/11/2020 12:58:14,24.12739182,23.95957565,7240.134766
14/11/2020 12:58:15,24.72547913,23.75979042,7354.844727
14/11/2020 12:58:16,25.32356453,23.56000328,7469.554199
14/11/2020 12:58:17,25.92164993,23.36021614,7584.26416
14/11/2020 12:58:18,26.51973724,23.160429,7698.974121
14/11/2020 12:58:19,26.92152977,22.88217735,7796.149902
14/11/2020 12:58:20,26.5232029,22.28409004,7780.008301
14/11/2020 12:58:21,26.12487602,21.68600464,7763.866211
14/11/2020 12:58:22,25.72654915,21.08791924,7747.724609
14/11/2020 12:58:23,25.32822227,20.48983192,7731.58252
14/11/2020 12:58:24,24.92989349,19.96397018,7700.375
14/11/2020 12:58:25,24.53156662,19.76490402,7511.060059
14/11/2020 12:58:26,24.13323975,19.56583977,7321.744629
14/11/2020 12:58:27,23.73491287,19.36677551,7132.429688
14/11/2020 12:58:28,23.336586,19.16771126,6943.114746
14/11/2020 12:58:29,22.93825912,18.968647,6749.722168
14/11/2020 12:58:30,22.53993225,18.76958275,6458.459961
14/11/2020 12:58:31,22.14160538,18.57051849,6167.197754
14/11/2020 12:58:32,21.7432785,18.37145424,5875.935547
14/11/2020 12:58:33,21.34495163,18.17238998,5584.67334
14/11/2020 12:58:34,21.02655029,18,5293.411133
14/11/2020 12:58:35,21.22468758,18,5223.182129
14/11/2020 12:58:36,21.42282486,18,5157.925781
14/11/2020 12:58:37,21.62096214,18,5092.668945
14/11/2020 12:58:38,21.81910133,18,5027.412109
14/11/2020 12:58:39,22.13790321,18.15514183,4962.155762
14/11/2020 12:58:40,23.72300339,19.93837929,5179.583008
14/11/2020 12:58:41,25.30810356,21.72161674,5408.177246
14/11/2020 12:58:42,26.89320374,23.5048542,5636.770996
14/11/2020 12:58:43,28.47830391,25.28809166,5865.365234
14/11/2020 12:58:44,29.9288826,26.9288826,6093.958984
14/11/2020 12:58:45,28.1509285,25.1509285,6212.106445
14/11/2020 12:58:46,26.3729744,23.3729744,6319.994141
14/11/2020 12:58:47,24.5950222,21.5950222,6427.881836
14/11/2020 12:58:48,22.8170681,19.8170681,6535.769043
14/11/2020 12:58:49,21.03911591,18.03911591,6643.656738
14/11/2020 12:58:50,21.19497681,18.19497681,6893.445313
14/11/2020 12:58:51,21.39433861,18.39433861,7159.000977
14/11/2020 12:58:52,21.59370041,18.59370041,7424.557129
14/11/2020 12:58:53,21.79306221,18.79306221,7690.112793
14/11/2020 12:58:54,21.99242401,18.99242401,7955.668457
14/11/2020 12:58:55,23.14365005,19.95304108,8040.725586
14/11/2020 12:58:56,24.33247566,20.9437294,8098.333984
14/11/2020 12:58:57,25.52129936,21.93441582,8155.941895
14/11/2020 12:58:58,26.71012497,22.92510414,8213.550781
14/11/2020 12:58:59,27.89895058,23.91579247,8271.158203
14/11/2020 12:59:00,26.54037857,22.72283173,7720.198242
14/11/2020 12:59:01,24.94516373,21.32701874,7064.361816
14/11/2020 12:59:02,23.34995079,19.93120575,6408.525391
14/11/2020 12:59:03,21.75473595,18.53539467,5752.688477
14/11/2020 12:59:04,20.1595211,17.13958168,5096.852051
14/11/2020 12:59:05,19.64229012,16.91042137,4888.54541
14/11/2020 12:59:06,19.24483299,16.81088829,4799.202148
14/11/2020 12:59:07,18.84737587,16.71135712,4709.858887
14/11/2020 12:59:08,18.44992065,16.61182404,4620.515625
14/11/2020 12:59:09,18.05246353,16.51229286,4531.172363
14/11/2020 12:59:10,18.34616089,16.41275978,4542.802246
14/11/2020 12:59:11,18.7449646,16.31322861,4581.272949
14/11/2020 12:59:12,19.14376831,16.21369553,4619.743652
14/11/2020 12:59:13,19.54257202,16.11416435,4658.214355
14/11/2020 12:59:14,19.94137573,16.01463127,4696.685059
14/11/2020 12:59:15,20,16.16847801,4725.536621
14/11/2020 12:59:16,20,16.36598778,4751.579102
14/11/2020 12:59:17,20,16.56349945,4777.621582
14/11/2020 12:59:18,20,16.76101112,4803.664551
14/11/2020 12:59:19,20,16.9585228,4829.707031
14/11/2020 12:59:20,20,16.84199905,4874.629883
14/11/2020 12:59:21,20,16.6420002,4925.065918
14/11/2020 12:59:22,20,16.44199944,4975.501465
14/11/2020 12:59:23,20,16.24200058,5025.9375
14/11/2020 12:59:24,20,16.04199982,5076.373535
14/11/2020 12:59:25,20.6299839,16.7874794,5318.614746
14/11/2020 12:59:26,21.42743301,17.78429031,5611.841797
14/11/2020 12:59:27,22.22488022,18.78110123,5905.069336
14/11/2020 12:59:28,23.02232933,19.77791023,6198.296875
14/11/2020 12:59:29,23.81977654,20.77472115,6491.524414
14/11/2020 12:59:30,24,20.84519958,6686.933105
14/11/2020 12:59:31,24,20.64520073,6856.338867
14/11/2020 12:59:32,24,20.44519997,7025.745117
14/11/2020 12:59:33,24,20.2451992,7195.151367
14/11/2020 12:59:34,24,20.04520035,7364.557129
14/11/2020 12:59:35,24.62118721,20.62118721,7465.302246
14/11/2020 12:59:36,25.42375565,21.42375565,7542.297363
14/11/2020 12:59:37,26.22632408,22.22632408,7619.29248
14/11/2020 12:59:38,27.02889252,23.02889252,7696.287598
14/11/2020 12:59:39,27.83146095,23.83146095,7773.282715
14/11/2020 12:59:40,28.94799995,24.94799995,7835.157227
14/11/2020 12:59:41,30.14800072,26.14800072,7891.80127
14/11/2020 12:59:42,31.34799957,27.34799957,7948.445801
14/11/2020 12:59:43,32.54800034,28.54800034,8005.090332
14/11/2020 12:59:44,33.7480011,29.74799919,8061.734375
14/11/2020 12:59:45,33.21735764,28.90429878,8115.000488
14/11/2020 12:59:46,32.22666931,27.5173378,8167.1875
14/11/2020 12:59:47,31.23598099,26.13037491,8219.375
14/11/2020 12:59:48,30.24529457,24.74341202,8271.5625
14/11/2020 12:59:49,29.25460625,23.35644913,8323.749023
14/11/2020 12:59:50,29,23.29719925,8319.272461
14/11/2020 12:59:51,29,23.69720078,8288.128906
14/11/2020 12:59:52,29,24.09720039,8256.986328
14/11/2020 12:59:53,29,24.49720001,8225.84375
14/11/2020 12:59:54,29,24.89719963,8194.701172
14/11/2020 12:59:55,28.85095215,24.85095215,8178.599609
14/11/2020 12:59:56,28.65035057,24.65035057,8168.146973
14/11/2020 12:59:57,28.44974899,24.44974899,8157.694336
14/11/2020 12:59:58,28.24914742,24.24914742,8147.241211
14/11/2020 12:59:59,28.04854584,24.04854584,8136.788574
14/11/2020 13:00:00,28.22669792,24.44781494,8120.414551
14/11/2020 13:00:01,28.52577019,25.03859711,8101.817383
14/11/2020 13:00:02,28.82484245,25.62938118,8083.219727
14/11/2020 13:00:03,29.12391663,26.22016525,8064.62207
14/11/2020 13:00:04,29.42298889,26.81094933,8046.024414
14/11/2020 13:00:05,29.72206116,27,8013.67627
14/11/2020 13:00:06,30.02113533,27,7975.738281
14/11/2020 13:00:07,30.3202076,27,7937.800293
14/11/2020 13:00:08,30.61927986,27,7899.862793
14/11/2020 13:00:09,30.91835403,27,7861.924805
14/11/2020 13:00:10,30.41839981,26.12759972,7848.342773
14/11/2020 13:00:11,29.61840057,24.92760086,7846.222656
14/11/2020 13:00:12,28.81839943,23.7276001,7844.102051
14/11/2020 13:00:13,28.01840019,22.52759933,7841.981934
14/11/2020 13:00:14,27.21839905,21.32760048,7839.861328
14/11/2020 13:00:15,26.71012688,21.14493561,7764.767578
14/11/2020 13:00:16,26.31140327,21.34429741,7657.799805
14/11/2020 13:00:17,25.91267967,21.54366112,7550.83252
14/11/2020 13:00:18,25.51395607,21.74302292,7443.865234
14/11/2020 13:00:19,25.11523056,21.94238472,7336.897461
14/11/2020 13:00:20,25,22,6985.052734
14/11/2020 13:00:21,25,22,6500.77002
14/11/2020 13:00:22,25,22,6016.487305
14/11/2020 13:00:23,25,22,5532.20459
14/11/2020 13:00:24,25,22,5047.921875
14/11/2020 13:00:25,25.68218231,22.54574585,4477.866699
14/11/2020 13:00:26,26.68539238,23.34831429,3858.082764
14/11/2020 13:00:27,27.68860435,24.15088272,3238.298828
14/11/2020 13:00:28,28.69181442,24.95345116,2618.515137
14/11/2020 13:00:29,29.69502449,25.75601959,1998.731079
14/11/2020 13:00:30,25.86288834,22.4145031,1690.571899
14/11/2020 13:00:31,19.91876411,17.26292801,1588.437012
14/11/2020 13:00:32,13.97463799,12.11135292,1486.302002
14/11/2020 13:00:33,8.03051281,6.959778309,1384.167114
14/11/2020 13:00:34,2.086387873,1.808202863,1282.032227
14/11/2020 13:00:35,0,0,1275.561523
14/11/2020 13:00:36,0,0,1350.911133
14/11/2020 13:00:37,0,0,1426.260742
14/11/2020 13:00:38,0,0,1501.610474
14/11/2020 13:00:39,0,0,1576.960083
14/11/2020 13:00:40,0,0,1670.547852
14/11/2020 13:00:41,0,0,1777.894287
14/11/2020 13:00:42,0,0,1885.240601
14/11/2020 13:00:43,0,0,1992.587036
14/11/2020 13:00:44,0,0,2099.93335
14/11/2020 13:00:45,0,0,2117.10376
14/11/2020 13:00:46,0,0,2066.246338
14/11/2020 13:00:47,0,0,2015.38916
14/11/2020 13:00:48,0,0,1964.53186
14/11/2020 13:00:49,0,0,1913.674683
14/11/2020 13:00:50,0,0,1734.017334
14/11/2020 13:00:51,0,0,1457.194946
14/11/2020 13:00:52,0,0,1180.372559
14/11/2020 13:00:53,0,0,903.5501709
14/11/2020 13:00:54,0,0,626.7277832
14/11/2020 13:00:55,0,0,443.7339478
14/11/2020 13:00:56,0,0,345.9736633
14/11/2020 13:00:57,0,0,248.2133636
14/11/2020 13:00:58,0,0,150.4530792
14/11/2020 13:00:59,0,0,52.6927948
14/11/2020 13:01:00,0,0,0
14/11/2020 13:01:01,0,0,0
14/11/2020 13:01:02,0,0,0
14/11/2020 13:01:03,0,0,0
14/11/2020 13:01:04,0,0,0
14/11/2020 13:01:05,0,0,0
14/11/2020 13:01:06,0,0,0
14/11/2020 13:01:07,0,0,0
14/11/2020 13:01:08,0,0,0
14/11/2020 13:01:09,0,0,0
14/11/2020 13:01:10,0,0,0
14/11/2020 13:01:11,0,0,0
14/11/2020 13:01:12,0,0,0
14/11/2020 13:01:13,0,0,0
14/11/2020 13:01:14,0,0,0
14/11/2020 13:01:15,0,0,0
14/11/2020 13:01:16,0,0,0
14/11/2020 13:01:17,0,0,0
14/11/2020 13:01:18,0,0,0
14/11/2020 13:01:19,0,0,0
14/11/2020 13:01:20,0,0,0
14/11/2020 13:01:21,0,0,0
14/11/2020 13:01:22,0,0,0
14/11/2020 13:01:23,0,0,0
14/11/2020 13:01:24,0,0,0
14/11/2020 13:01:25,0,0,0
14/11/2020 13:01:26,0,0,0
14/11/2020 13:01:27,0,0,0
14/11/2020 13:01:28,0,0,0
14/11/2020 13:01:29,0,0,0
14/11/2020 13:01:30,0,0,0
14/11/2020 13:01:31,0,0,0
14/11/2020 13:01:32,0,0,0
14/11/2020 13:01:33,0,0,0
14/11/2020 13:01:34,0,0,0
14/11/2020 13:01:35,0,0,0
14/11/2020 13:01:36,0,0,0
14/11/2020 13:01:37,0,0,0
14/11/2020 13:01:38,0,0,0
14/11/2020 13:01:39,0,0,0
14/11/2020 13:01:40,0,0,0
14/11/2020 13:01:41,0,0,0
14/11/2020 13:01:42,0,0,0
14/11/2020 13:01:43,0,0,0
14/11/2020 13:01:44,0,0,0
14/11/2020 13:01:45,0,0,0
14/11/2020 13:01:46,0,0,0
14/11/2020 13:01:47,0,0,0
14/11/2020 13:01:48,0,0,0
14/11/2020 13:01:49,0,0,0
14/11/2020 13:01:50,0,0,0
14/11/2020 13:01:51,0,0,0
14/11/2020 13:01:52,0,0,0
14/11/2020 13:01:53,0,0,0
14/11/2020 13:01:54,0,0,0
14/11/2020 13:01:55,0,0,0
14/11/2020 13:01:56,0,0,0
14/11/2020 13:01:57,0,0,0
14/11/2020 13:01:58,0,0,0
14/11/2020 13:01:59,0,0,0
14/11/2020 13:02:00,0,0,0
14/11/2020 13:02:01,0,0,0
14/11/2020 13:02:02,0,0,0
14/11/2020 13:02:03,0,0,0
14/11/2020 13:02:04,0,0,0
14/11/2020 13:02:05,0,0,0
14/11/2020 13:02:06,0,0,0
14/11/2020 13:02:07,0,0,0
14/11/2020 13:02:08,0,0,0
14/11/2020 13:02:09,0,0,0
14/11/2020 13:02:10,0,0,0
14/11/2020 13:02:11,0,0,0
14/11/2020 13:02:12,0,0,0
14/11/2020 13:02:13,0,0,0
14/11/2020 13:02:14,0,0,0
14/11/2020 13:02:15,0,0,0
14/11/2020 13:02:16,0,0,0
14/11/2020 13:02:17,0,0,0
14/11/2020 13:02:18,0,0,0
14/11/2020 13:02:19,0,0,0
14/11/2020 13:02:20,0,0,0
14/11/2020 13:02:21,0,0,0
14/11/2020 13:02:22,0,0,0
14/11/2020 13:02:23,0,0,0
14/11/2020 13:02:24,0,0,0
14/11/2020 13:02:25,0,0,0
14/11/2020 13:02:26,0,0,0
14/11/2020 13:02:27,0,0,0
14/11/2020 13:02:28,0,0,0
14/11/2020 13:02:29,0,0,0
14/11/2020 13:02:30,0,0,0
14/11/2020 13:02:31,0,0,0
14/11/2020 13:02:32,0,0,0
14/11/2020 13:02:33,0,0,0
14/11/2020 13:02:34,0,0,0
14/11/2020 13:02:35,0,0,0
14/11/2020 13:02:36,0,0,0
14/11/2020 13:02:37,0,0,0
14/11/2020 13:02:38,0,0,0
14/11/2020 13:02:39,0,0,0
14/11/2020 13:02:40,0,0,0
14/11/2020 13:02:41,0,0,0
14/11/2020 13:02:42,0,0,0
14/11/2020 13:02:43,0,0,0
14/11/2020 13:02:44,0,0,0
14/11/2020 13:02:45,0,0,0
14/11/2020 13:02:46,0,0,0
14/11/2020 13:02:47,0,0,0
14/11/2020 13:02:48,0,0,0
14/11/2020 13:02:49,0,0,0
14/11/2020 13:02:50,0,0,0
14/11/2020 13:02:51,0,0,0
14/11/2020 13:02:52,0,0,0
14/11/2020 13:02:53,0,0,0
14/11/2020 13:02:54,0,0,0
14/11/2020 13:02:55,0,0,0
14/11/2020 13:02:56,0,0,0
14/11/2020 13:02:57,0,0,0
14/11/2020 13:02:58,0,0,0
14/11/2020 13:02:59,0,0,0
14/11/2020 13:03:00,0,0,0
14/11/2020 13:03:01,0,0,0
14/11/2020 13:03:02,0,0,0
14/11/2020 13:03:03,0,0,0
14/11/2020 13:03:04,0,0,0
14/11/2020 13:03:05,0,0,0
14/11/2020 13:03:06,0,0,0
14/11/2020 13:03:07,0,0,0
14/11/2020 13:03:08,0,0,0
14/11/2020 13:03:09,0,0,0
14/11/2020 13:03:10,0,0,0
14/11/2020 13:03:11,0,0,0
14/11/2020 13:03:12,0,0,0
14/11/2020 13:03:13,0,0,0
14/11/2020 13:03:14,0,0,0
14/11/2020 13:03:15,0,0,0
14/11/2020 13:03:16,0,0,0
14/11/2020 13:03:17,0,0,0
14/11/2020 13:03:18,0,0,0
14/11/2020 13:03:19,0,0,0
14/11/2020 13:03:20,0,0,0
14/11/2020 13:03:21,0,0,0
14/11/2020 13:03:22,0,0,0
14/11/2020 13:03:23,0,0,0
14/11/2020 13:03:24,0,0,0
14/11/2020 13:03:25,0,0,0
14/11/2020 13:03:26,0,0,0
14/11/2020 13:03:27,0,0,0
14/11/2020 13:03:28,0,0,0
14/11/2020 13:03:29,0,0,0
14/11/2020 13:03:30,0,0,0
14/11/2020 13:03:31,0,0,0
14/11/2020 13:03:32,0,0,0
14/11/2020 13:03:33,0,0,0
14/11/2020 13:03:34,0,0,0
14/11/2020 13:03:35,0,0,0
14/11/2020 13:03:36,0,0,0
14/11/2020 13:03:37,0,0,0
14/11/2020 13:03:38,0,0,0
14/11/2020 13:03:39,0,0,0
14/11/2020 13:03:40,0,0,0
14/11/2020 13:03:41,0,0,0
14/11/2020 13:03:42,0,0,0
14/11/2020 13:03:43,0,0,0
14/11/2020 13:03:44,0,0,0
14/11/2020 13:03:45,0,0,0
14/11/2020 13:03:46,0,0,0
14/11/2020 13:03:47,0,0,0
14/11/2020 13:03:48,0,0,0
14/11/2020 13:03:49,0,0,0
14/11/2020 13:03:50,0,0,0
14/11/2020 13:03:51,0,0,0
14/11/2020 13:03:52,0,0,0
14/11/2020 13:03:53,0,0,0
14/11/2020 13:03:54,0,0,0
14/11/2020 13:03:55,0,0,0
14/11/2020 13:03:56,0,0,0
14/11/2020 13:03:57,0,0,0
14/11/2020 13:03:58,0,0,0
14/11/2020 13:03:59,0,0,0
14/11/2020 13:04:00,0,0,0
14/11/2020 13:04:01,0,0,0
14/11/2020 13:04:02,0,0,0
14/11/2020 13:04:03,0,0,0
14/11/2020 13:04:04,0,0,0
14/11/2020 13:04:05,0,0,0
14/11/2020 13:04:06,0,0,0
14/11/2020 13:04:07,0,0,0
14/11/2020 13:04:08,0,0,0
14/11/2020 13:04:09,0,0,0
14/11/2020 13:04:10,0,0,0
14/11/2020 13:04:11,0,0,0
14/11/2020 13:04:12,0,0,0
14/11/2020 13:04:13,0,0,0
14/11/2020 13:04:14,0,0,0
14/11/2020 13:04:15,0,0,0
14/11/2020 13:04:16,0,0,0
14/11/2020 13:04:17,0,0,0
14/11/2020 13:04:18,0,0,0
14/11/2020 13:04:19,0,0,0
14/11/2020 13:04:20,0,0,0
14/11/2020 13:04:21,0,0,0
14/11/2020 13:04:22,0,0,0
14/11/2020 13:04:23,0,0,0
14/11/2020 13:04:24,0,0,0
14/11/2020 13:04:25,0,0,0
14/11/2020 13:04:26,0,0,0
14/11/2020 13:04:27,0,0,0
14/11/2020 13:04:28,0,0,0
14/11/2020 13:04:29,0,0,0
14/11/2020 13:04:30,0,0,0
14/11/2020 13:04:31,0,0,0
14/11/2020 13:04:32,0,0,0
14/11/2020 13:04:33,0,0,0
14/11/2020 13:04:34,0,0,0
14/11/2020 13:04:35,0,0,0
14/11/2020 13:04:36,0,0,0
14/11/2020 13:04:37,0,0,0
14/11/2020 13:04:38,0,0,0
14/11/2020 13:04:39,0,0,0
14/11/2020 13:04:40,0,0,0
14/11/2020 13:04:41,0,0,0
14/11/2020 13:04:42,0,0,0
14/11/2020 13:04:43,0,0,0
14/11/2020 13:04:44,0,0,0
14/11/2020 13:04:45,0,0,0
14/11/2020 13:04:46,0,0,0
14/11/2020 13:04:47,0,0,0
14/11/2020 13:04:48,0,0,0
14/11/2020 13:04:49,0,0,0
14/11/2020 13:04:50,0,0,0
14/11/2020 13:04:51,0,0,0
14/11/2020 13:04:52,0,0,0
14/11/2020 13:04:53,0,0,0
14/11/2020 13:04:54,0,0,0
14/11/2020 13:04:55,0,0,0
14/11/2020 13:04:56,0,0,0
14/11/2020 13:04:57,0,0,0
14/11/2020 13:04:58,0,0,0
14/11/2020 13:04:59,0,0,0
14/11/2020 13:05:00,0,0,0
14/11/2020 13:05:01,0,0,0
14/11/2020 13:05:02,0,0,0
14/11/2020 13:05:03,0,0,0
14/11/2020 13:05:04,0,0,0
14/11/2020 13:05:05,0,0,0
14/11/2020 13:05:06,0,0,0
14/11/2020 13:05:07,0,0,0
14/11/2020 13:05:08,0,0,0
14/11/2020 13:05:09,0,0,0
14/11/2020 13:05:10,0,0,0
14/11/2020 13:05:11,0,0,0
14/11/2020 13:05:12,0,0,0
14/11/2020 13:05:13,0,0,0
14/11/2020 13:05:14,0,0,0
14/11/2020 13:05:15,0,0,0
14/11/2020 13:05:16,0,0,0
14/11/2020 13:05:17,0,0,0
14/11/2020 13:05:18,0,0,0
14/11/2020 13:05:19,0,0,0
14/11/2020 13:05:20,0,0,0
14/11/2020 13:05:21,0,0,0
14/11/2020 13:05:22,0,0,0
14/11/2020 13:05:23,0,0,0
14/11/2020 13:05:24,0,0,0
14/11/2020 13:05:25,0,0,0
14/11/2020 13:05:26,0,0,0
14/11/2020 13:05:27,0,0,0
14/11/2020 13:05:28,0,0,0
14/11/2020 13:05:29,0,0,0
14/11/2020 13:05:30,0,0,0
14/11/2020 13:05:31,0,0,0
14/11/2020 13:05:32,0,0,0
14/11/2020 13:05:33,0,0,0
14/11/2020 13:05:34,0,0,0
14/11/2020 13:05:35,0,0,0
14/11/2020 13:05:36,0,0,0
14/11/2020 13:05:37,0,0,0
14/11/2020 13:05:38,0,0,0
14/11/2020 13:05:39,0,0,0
14/11/2020 13:05:40,0,0,0
14/11/2020 13:05:41,0,0,0
14/11/2020 13:05:42,0,0,0
14/11/2020 13:05:43,0,0,0
14/11/2020 13:05:44,0,0,0
14/11/2020 13:05:45,0,0,0
14/11/2020 13:05:46,0,0,0
14/11/2020 13:05:47,0,0,0
14/11/2020 13:05:48,0,0,0
14/11/2020 13:05:49,0,0,0
14/11/2020 13:05:50,0,0,0
14/11/2020 13:05:51,0,0,0
14/11/2020 13:05:52,0,0,0
14/11/2020 13:05:53,0,0,0
14/11/2020 13:05:54,0,0,0
14/11/2020 13:05:55,0,0,0
14/11/2020 13:05:56,0,0,0
14/11/2020 13:05:57,0,0,0
14/11/2020 13:05:58,0,0,0
14/11/2020 13:05:59,0,0,0
14/11/2020 13:06:00,0,0,0
14/11/2020 13:06:01,0,0,0
14/11/2020 13:06:02,0,0,0
14/11/2020 13:06:03,0,0,0
14/11/2020 13:06:04,0,0,0
14/11/2020 13:06:05,0,0,0
14/11/2020 13:06:06,0,0,0
14/11/2020 13:06:07,0,0,0
14/11/2020 13:06:08,0,0,0
14/11/2020 13:06:09,0,0,0
14/11/2020 13:06:10,0,0,0
14/11/2020 13:06:11,0,0,0
14/11/2020 13:06:12,0,0,0
14/11/2020 13:06:13,0,0,0
14/11/2020 13:06:14,0,0,0
14/11/2020 13:06:15,0,0,0
14/11/2020 13:06:16,0,0,0
14/11/2020 13:06:17,0,0,0
14/11/2020 13:06:18,0,0,0
14/11/2020 13:06:19,0,0,0
14/11/2020 13:06:20,0,0,0
14/11/2020 13:06:21,0,0,0
14/11/2020 13:06:22,0,0,0
14/11/2020 13:06:23,0,0,0
14/11/2020 13:06:24,0,0,0
14/11/2020 13:06:25,0,0,0
14/11/2020 13:06:26,0,0,0
14/11/2020 13:06:27,0,0,0
14/11/2020 13:06:28,0,0,0
14/11/2020 13:06:29,0,0,0
14/11/2020 13:06:30,0,0,0
14/11/2020 13:06:31,0,0,0
14/11/2020 13:06:32,0,0,0
14/11/2020 13:06:33,0,0,0
14/11/2020 13:06:34,0,0,0
14/11/2020 13:06:35,0,0,0
14/11/2020 13:06:36,0,0,0
14/11/2020 13:06:37,0,0,0
14/11/2020 13:06:38,0,0,0
14/11/2020 13:06:39,0,0,0
14/11/2020 13:06:40,0,0,0
14/11/2020 13:06:41,0,0,0
14/11/2020 13:06:42,0,0,0
14/11/2020 13:06:43,0,0,0
14/11/2020 13:06:44,0,0,0
14/11/2020 13:06:45,0,0,0
14/11/2020 13:06:46,0,0,0
14/11/2020 13:06:47,0,0,0
14/11/2020 13:06:48,0,0,0
14/11/2020 13:06:49,0,0,0
14/11/2020 13:06:50,0,0,0
14/11/2020 13:06:51,0,0,0
14/11/2020 13:06:52,0,0,0
14/11/2020 13:06:53,0,0,0
14/11/2020 13:06:54,0,0,0
14/11/2020 13:06:55,0,0,0
14/11/2020 13:06:56,0,0,0
14/11/2020 13:06:57,0,0,0
14/11/2020 13:06:58,0,0,0
14/11/2020 13:06:59,0,0,0
14/11/2020 13:07:00,0,0,0
14/11/2020 13:07:01,0,0,0
14/11/2020 13:07:02,0,0,0
14/11/2020 13:07:03,0,0,0
14/11/2020 13:07:04,0,0,0
14/11/2020 13:07:05,0,0,0
14/11/2020 13:07:06,0,0,0
14/11/2020 13:07:07,0,0,0
14/11/2020 13:07:08,0,0,0
14/11/2020 13:07:09,0,0,0
14/11/2020 13:07:10,0,0,0
14/11/2020 13:07:11,0,0,0
14/11/2020 13:07:12,0,0,0
14/11/2020 13:07:13,0,0,0
14/11/2020 13:07:14,0,0,0
14/11/2020 13:07:15,0,0,0
14/11/2020 13:07:16,0,0,0
14/11/2020 13:07:17,0,0,0
14/11/2020 13:07:18,0,0,0
14/11/2020 13:07:19,0,0,0
14/11/2020 13:07:20,0,0,0
14/11/2020 13:07:21,0,0,0
14/11/2020 13:07:22,0,0,0
14/11/2020 13:07:23,0,0,0
14/11/2020 13:07:24,0,0,0
14/11/2020 13:07:25,0,0,0
14/11/2020 13:07:26,0,0,0
14/11/2020 13:07:27,0,0,0
14/11/2020 13:07:28,0,0,0
14/11/2020 13:07:29,0,0,0
14/11/2020 13:07:30,0,0,0
14/11/2020 13:07:31,0,0,0
14/11/2020 13:07:32,0,0,0
14/11/2020 13:07:33,0,0,0
14/11/2020 13:07:34,0,0,0
14/11/2020 13:07:35,0,0,0
14/11/2020 13:07:36,0,0,0
14/11/2020 13:07:37,0,0,0
14/11/2020 13:07:38,0,0,0
14/11/2020 13:07:39,0,0,0
14/11/2020 13:07:40,0,0,0
14/11/2020 13:07:41,0,0,0
14/11/2020 13:07:42,0,0,0
14/11/2020 13:07:43,0,0,0
14/11/2020 13:07:44,0,0,0
14/11/2020 13:07:45,0,0,0
14/11/2020 13:07:46,0,0,0
14/11/2020 13:07:47,0,0,0
14/11/2020 13:07:48,0,0,0
14/11/2020 13:07:49,0,0,0
14/11/2020 13:07:50,0,0,0
14/11/2020 13:07:51,0,0,0
14/11/2020 13:07:52,0,0,0
14/11/2020 13:07:53,0,0,0
14/11/2020 13:07:54,0,0,0
14/11/2020 13:07:55,0,0,0
14/11/2020 13:07:56,0,0,0
14/11/2020 13:07:57,0,0,0
14/11/2020 13:07:58,0,0,0
14/11/2020 13:07:59,0,0,0
14/11/2020 13:08:00,0,0,0
14/11/2020 13:08:01,0,0,0
14/11/2020 13:08:02,0,0,0
14/11/2020 13:08:03,0,0,0
14/11/2020 13:08:04,0,0,0
14/11/2020 13:08:05,0,0,0
14/11/2020 13:08:06,0,0,0
14/11/2020 13:08:07,0,0,0
14/11/2020 13:08:08,0,0,0
14/11/2020 13:08:09,0,0,0
14/11/2020 13:08:10,0,0,0
14/11/2020 13:08:11,0,0,0
14/11/2020 13:08:12,0,0,0
14/11/2020 13:08:13,0,0,0
14/11/2020 13:08:14,0,0,0
14/11/2020 13:08:15,0,0,0
14/11/2020 13:08:16,0,0,0
14/11/2020 13:08:17,0,0,0
14/11/2020 13:08:18,0,0,0
14/11/2020 13:08:19,0,0,0
14/11/2020 13:08:20,0,0,0
14/11/2020 13:08:21,0,0,0
14/11/2020 13:08:22,0,0,0
14/11/2020 13:08:23,0,0,0
14/11/2020 13:08:24,0,0,0
14/11/2020 13:08:25,0,0,0
14/11/2020 13:08:26,0,0,0
14/11/2020 13:08:27,0,0,0
14/11/2020 13:08:28,0,0,0
14/11/2020 13:08:29,0,0,0
14/11/2020 13:08:30,0,0,0
14/11/2020 13:08:31,0,0,0
14/11/2020 13:08:32,0,0,149.8506165
14/11/2020 13:08:33,0,0,361.8034058
14/11/2020 13:08:34,0,0,573.7561646
14/11/2020 13:08:35,0,0,785.7089844
14/11/2020 13:08:36,0,0,997.6617432
14/11/2020 13:08:37,0,0,1886.533813
14/11/2020 13:08:38,0,0,3034.750977
14/11/2020 13:08:39,0,0,4182.968262
14/11/2020 13:08:40,0,0,5331.185547
14/11/2020 13:08:41,0,0,6479.402832
14/11/2020 13:08:42,0,0,6926.938477
14/11/2020 13:08:43,0,0,7084.092285
14/11/2020 13:08:44,0,0,7241.246094
14/11/2020 13:08:45,0,0,7398.399902
14/11/2020 13:08:46,0,0,7555.553711
14/11/2020 13:08:47,0,0,6818.932129
14/11/2020 13:08:48,0,0,5621.881348
14/11/2020 13:08:49,0,0,4424.830566
14/11/2020 13:08:50,0,0,3227.779785
14/11/2020 13:08:51,0,0,2030.729004
14/11/2020 13:08:52,0,0,1441.226563
14/11/2020 13:08:53,0,0,1186.111328
14/11/2020 13:08:54,0,0,930.9959717
14/11/2020 13:08:55,0,0,675.8806763
14/11/2020 13:08:56,0,0,420.7653198
14/11/2020 13:08:57,0,0,291.4840393
14/11/2020 13:08:58,0,0,241.6444244
14/11/2020 13:08:59,0,0,191.8048248
14/11/2020 13:09:00,0,0,141.9652252
14/11/2020 13:09:01,0,0,92.12561798
14/11/2020 13:09:02,0,0,65.94864655
14/11/2020 13:09:03,0,0,53.72849274
14/11/2020 13:09:04,0,0,41.50833893
14/11/2020 13:09:05,0,0,29.28818703
14/11/2020 13:09:06,0,0,17.06803322
14/11/2020 13:09:07,0,0,11.2737627
14/11/2020 13:09:08,0,0,9.269640923
14/11/2020 13:09:09,0,0,7.265518188
14/11/2020 13:09:10,0,0,5.261395931
14/11/2020 13:09:11,0,0,3.257273436
14/11/2020 13:09:12,0,0,2.260509253
14/11/2020 13:09:13,0,0,1.857910037
14/11/2020 13:09:14,0,0,1.455310941
14/11/2020 13:09:15,0,0,1.052711725
14/11/2020 13:09:16,0,0,0.650112569
14/11/2020 13:09:17,0,0,0.44091931
14/11/2020 13:09:18,0,0,0.3622832
14/11/2020 13:09:19,0,0,0.28364706
14/11/2020 13:09:20,0,0,0.205010921
14/11/2020 13:09:21,0,0,0.126374796
14/11/2020 13:09:22,27.80179977,0,23.26034164
14/11/2020 13:09:23,72.00180054,0,62.06378937
14/11/2020 13:09:24,116.2017975,0,100.8672333
14/11/2020 13:09:25,160.4017944,0,139.6706848
14/11/2020 13:09:26,204.6018066,0,178.4741211
14/11/2020 13:09:27,196.125,2.125,632.4555054
14/11/2020 13:09:28,156.5780945,5.503378391,1447.292358
14/11/2020 13:09:29,117.0311966,8.881756783,2262.129395
14/11/2020 13:09:30,77.48429871,12.2601347,3076.966309
14/11/2020 13:09:31,37.93740082,15.63851357,3891.803223
14/11/2020 13:09:32,21.16419983,16.40299988,3922.247559
14/11/2020 13:09:33,19.76420021,15.40299988,3351.232178
14/11/2020 13:09:34,18.36420059,14.40299988,2780.216797
14/11/2020 13:09:35,16.96419907,13.40299988,2209.201416
14/11/2020 13:09:36,15.5642004,12.40299988,1638.185913
14/11/2020 13:09:37,14.88206196,11.88206196,1271.177734
14/11/2020 13:09:38,14.68451214,11.68451214,1050.690308
14/11/2020 13:09:39,14.48696136,11.48696136,830.2028809
14/11/2020 13:09:40,14.28941154,11.28941154,609.7154541
14/11/2020 13:09:41,14.09186077,11.09186077,389.2280579
14/11/2020 13:09:42,14.32300282,11.43066978,408.9125061
14/11/2020 13:09:43,14.92674541,12.23566151,625.1012573
14/11/2020 13:09:44,15.53048897,13.04065228,841.2900391
14/11/2020 13:09:45,16.13423157,13.84564304,1057.47876
14/11/2020 13:09:46,16.73797607,14.65063381,1273.66748
14/11/2020 13:09:47,17.11356354,15,1608.312866
14/11/2020 13:09:48,17.31420517,15,2045.915894
14/11/2020 13:09:49,17.5148468,15,2483.518799
14/11/2020 13:09:50,17.71549034,15,2921.121826
14/11/2020 13:09:51,17.91613197,15,3358.724854
14/11/2020 13:09:52,18,14.88434029,3502.033691
14/11/2020 13:09:53,18,14.68561172,3389.554443
14/11/2020 13:09:54,18,14.48688412,3277.075195
14/11/2020 13:09:55,18,14.28815556,3164.595947
14/11/2020 13:09:56,18,14.08942795,3052.116455
14/11/2020 13:09:57,17.67098618,13.78065777,2875.926514
14/11/2020 13:09:58,17.07278252,13.38185406,2636.785889
14/11/2020 13:09:59,16.47457695,12.9830513,2397.64502
14/11/2020 13:10:00,15.87637043,12.58424759,2158.504395
14/11/2020 13:10:01,15.27816582,12.18544388,1919.363647
14/11/2020 13:10:02,15.10700035,12.10700035,1831.925537
14/11/2020 13:10:03,15.30700016,12.30700016,1894.380371
14/11/2020 13:10:04,15.50699997,12.50699997,1956.835327
14/11/2020 13:10:05,15.70699978,12.70699978,2019.290161
14/11/2020 13:10:06,15.90699959,12.90699959,2081.745117
14/11/2020 13:10:07,16,13,2107.908203
14/11/2020 13:10:08,16,13,2093.473633
14/11/2020 13:10:09,16,13,2079.039063
14/11/2020 13:10:10,16,13,2064.604492
14/11/2020 13:10:11,16,13,2050.170166
14/11/2020 13:10:12,16.90539932,13.80480003,2379.858154
14/11/2020 13:10:13,18.70540047,15.40480042,3145.74707
14/11/2020 13:10:14,20.5053997,17.0048008,3911.635986
14/11/2020 13:10:15,22.30540085,18.60479927,4677.524902
14/11/2020 13:10:16,24.10540009,20.20479965,5443.413574
14/11/2020 13:10:17,25.19996071,21.0999794,6045.925293
14/11/2020 13:10:18,25.59749603,21.29874802,6427.396973
14/11/2020 13:10:19,25.99503136,21.49751472,6808.868652
14/11/2020 13:10:20,26.39256668,21.69628334,7190.34082
14/11/2020 13:10:21,26.79010201,21.89505005,7571.8125
14/11/2020 13:10:22,26.81236267,21.90618134,7770.989258
14/11/2020 13:10:23,26.41482735,21.70741463,7739.094238
14/11/2020 13:10:24,26.01729202,21.50864601,7707.199219
14/11/2020 13:10:25,25.6197567,21.3098793,7675.304199
14/11/2020 13:10:26,25.22222137,21.11111069,7643.40918
14/11/2020 13:10:27,25.43959236,21.2637558,7654.444824
14/11/2020 13:10:28,26.43640327,21.8618412,7723.564453
14/11/2020 13:10:29,27.43321419,22.45992851,7792.683594
14/11/2020 13:10:30,28.43002319,23.05801392,7861.802734
14/11/2020 13:10:31,29.42683411,23.65610123,7930.921875
14/11/2020 13:10:32,30.59691048,24.76745605,8054.525391
14/11/2020 13:10:33,32.00140381,26.57323456,8247.191406
14/11/2020 13:10:34,33.40589905,28.37901306,8439.858398
14/11/2020 13:10:35,34.81039429,30.18479156,8632.524414
14/11/2020 13:10:36,36.21488953,31.99057007,8825.19043
14/11/2020 13:10:37,36.03289413,32.03289413,8874.839844
14/11/2020 13:10:38,33.83991241,29.83991241,8730.994141
14/11/2020 13:10:39,31.64693069,27.64693069,8587.149414
14/11/2020 13:10:40,29.45394707,25.45394707,8443.304688
14/11/2020 13:10:41,27.26096535,23.26096535,8299.459961
14/11/2020 13:10:42,26.17054558,22.21249962,8160.429199
14/11/2020 13:10:43,26.57183075,22.71249962,8027.911621
14/11/2020 13:10:44,26.97311401,23.21249962,7895.394043
14/11/2020 13:10:45,27.37439728,23.71249962,7762.876465
14/11/2020 13:10:46,27.77568245,24.21249962,7630.358887
14/11/2020 13:10:47,28.35167503,24.71249962,7625.17627
14/11/2020 13:10:48,29.14912224,25.21249962,7803.991211
14/11/2020 13:10:49,29.94657135,25.71249962,7982.806152
14/11/2020 13:10:50,30.74401855,26.21249962,8161.621094
14/11/2020 13:10:51,31.54146767,26.71249962,8340.435547
14/11/2020 13:10:52,31.82999992,26.91500092,8469.858398
14/11/2020 13:10:53,31.43000031,26.71500015,8523.310547
14/11/2020 13:10:54,31.03000069,26.51499939,8576.763672
14/11/2020 13:10:55,30.62999916,26.31500053,8630.216797
14/11/2020 13:10:56,30.22999954,26.11499977,8683.668945
14/11/2020 13:10:57,30.08472824,26.08472824,8656.623047
14/11/2020 13:10:58,30.28409004,26.28409004,8513.255859
14/11/2020 13:10:59,30.48345375,26.48345375,8369.887695
14/11/2020 13:11:00,30.68281555,26.68281555,8226.520508
14/11/2020 13:11:01,30.88217735,26.88217735,8083.153809
14/11/2020 13:11:02,30.59222412,26.59222412,7983.955078
14/11/2020 13:11:03,29.59521484,25.59521484,7952.976563
14/11/2020 13:11:04,28.59820557,24.59820557,7921.998047
14/11/2020 13:11:05,27.60119629,23.60119629,7891.019043
14/11/2020 13:11:06,26.60418701,22.60418701,7860.040527
14/11/2020 13:11:07,26,21.92096329,7844.504883
14/11/2020 13:11:08,26,21.72036171,7858.030762
14/11/2020 13:11:09,26,21.51976013,7871.556641
14/11/2020 13:11:10,26,21.31915665,7885.082031
14/11/2020 13:11:11,26,21.11855507,7898.60791
14/11/2020 13:11:12,26.24461746,21.16307831,7941.655273
14/11/2020 13:11:13,26.84270287,21.56180191,8036.732422
14/11/2020 13:11:14,27.44079018,21.96052551,8131.810059
14/11/2020 13:11:15,28.03887558,22.35925102,8226.887695
14/11/2020 13:11:16,28.63696098,22.75797462,8321.964844
14/11/2020 13:11:17,28.61058235,22.76634979,8339.619141
14/11/2020 13:11:18,27.61969948,22.17181969,8220.821289
14/11/2020 13:11:19,26.6288147,21.57728958,8102.023438
14/11/2020 13:11:20,25.63793182,20.98275948,7983.226074
14/11/2020 13:11:21,24.64704704,20.38822746,7864.428223
14/11/2020 13:11:22,24.34804344,20.34804344,7797.858398
14/11/2020 13:11:23,25.35105324,21.35105324,7830.008301
14/11/2020 13:11:24,26.35406303,22.35406303,7862.158203
14/11/2020 13:11:25,27.35707092,23.35707092,7894.308105
14/11/2020 13:11:26,28.36008072,24.36008072,7926.458008
14/11/2020 13:11:27,29.0722847,24.92760086,7960.144043
14/11/2020 13:11:28,29.27196503,24.7276001,7996.934082
14/11/2020 13:11:29,29.47164536,24.52759933,8033.724121
14/11/2020 13:11:30,29.67132568,24.32760048,8070.51416
14/11/2020 13:11:31,29.87100601,24.12759972,8107.304199
14/11/2020 13:11:32,30.07068634,24.07217598,8141.693848
14/11/2020 13:11:33,30.27036667,24.27155876,8171.230957
14/11/2020 13:11:34,30.470047,24.47093964,8200.767578
14/11/2020 13:11:35,30.66972923,24.67032242,8230.305664
14/11/2020 13:11:36,30.86940956,24.86970329,8259.842773
14/11/2020 13:11:37,31,25.06908607,8265.911133
14/11/2020 13:11:38,31,25.26846695,8216.960938
14/11/2020 13:11:39,31,25.46784973,8168.009766
14/11/2020 13:11:40,31,25.66723251,8119.059082
14/11/2020 13:11:41,31,25.86661339,8070.108398
14/11/2020 13:11:42,30.66900063,25.66900063,8003.290039
14/11/2020 13:11:43,29.66900063,24.66900063,7883.716309
14/11/2020 13:11:44,28.66900063,23.66900063,7764.143066
14/11/2020 13:11:45,27.66900063,22.66900063,7644.569336
14/11/2020 13:11:46,26.66900063,21.66900063,7524.996094
14/11/2020 13:11:47,26.26311684,21.26311684,7438.118164
14/11/2020 13:11:48,27.05802917,22.05802917,7448.290039
14/11/2020 13:11:49,27.85294151,22.85294151,7458.461426
14/11/2020 13:11:50,28.64785385,23.64785385,7468.632813
14/11/2020 13:11:51,29.44276619,24.44276619,7478.804199
14/11/2020 13:11:52,29.82223511,24.9407444,7489.475098
14/11/2020 13:11:53,29.227705,24.74256897,7502.070313
14/11/2020 13:11:54,28.6331749,24.54439163,7514.666016
14/11/2020 13:11:55,28.03864479,24.34621429,7527.26123
14/11/2020 13:11:56,27.44411469,24.14803886,7539.856445
14/11/2020 13:11:57,26.54469109,23.5952816,7493.553223
14/11/2020 13:11:58,24.74505043,21.99560165,7094.270508
14/11/2020 13:11:59,22.94541168,20.39592171,6694.987305
14/11/2020 13:12:00,21.14577103,18.79623985,6295.70459
14/11/2020 13:12:01,19.34613037,17.19655991,5896.421387
14/11/2020 13:12:02,17.85017776,15.80023766,5447.934082
14/11/2020 13:12:03,17.25564766,15.00753117,4704.566406
14/11/2020 13:12:04,16.66111755,14.21482372,3961.198242
14/11/2020 13:12:05,16.06658745,13.42211628,3217.830078
14/11/2020 13:12:06,15.47205734,12.62940979,2474.462158
14/11/2020 13:12:07,14.95931244,11.97952938,1789.2771
14/11/2020 13:12:08,14.76180172,11.88015461,1504.043213
14/11/2020 13:12:09,14.56429005,11.78078079,1218.809326
14/11/2020 13:12:10,14.36677837,11.68140697,933.5755005
14/11/2020 13:12:11,14.16926765,11.58203316,648.3416138
14/11/2020 13:12:12,14.02859974,11.48265934,384.5041504
14/11/2020 13:12:13,14.22859955,11.38328552,322.1494446
14/11/2020 13:12:14,14.42860031,11.28391171,259.7947388
14/11/2020 13:12:15,14.62860012,11.18453789,197.4400177
14/11/2020 13:12:16,14.82859993,11.08516312,135.0853119
14/11/2020 13:12:17,14.97149086,11,75.17900848
14/11/2020 13:12:18,14.77212906,11,62.7918129
14/11/2020 13:12:19,14.57276726,11,50.40461731
14/11/2020 13:12:20,14.37340546,11,38.01742172
14/11/2020 13:12:21,14.1740427,11,25.63022804
14/11/2020 13:12:22,14,11,14.05217361
14/11/2020 13:12:23,14,11,11.77924156
14/11/2020 13:12:24,14,11,9.506310463
14/11/2020 13:12:25,14,11,7.233379364
14/11/2020 13:12:26,14,11,4.960447788
14/11/2020 13:12:27,14.01902103,11.01902103,2.747829199
14/11/2020 13:12:28,14.21715832,11.21715832,2.302554131
14/11/2020 13:12:29,14.41529655,11.41529655,1.857279062
14/11/2020 13:12:30,14.61343384,11.61343384,1.412003994
14/11/2020 13:12:31,14.81157112,11.81157112,0.966728926
14/11/2020 13:12:32,14.99013901,11.99013901,0.53599447
14/11/2020 13:12:33,14.78889084,11.78889084,0.531343043
14/11/2020 13:12:34,14.58764362,11.58764362,0.526691675
14/11/2020 13:12:35,14.38639545,11.38639545,0.522040248
14/11/2020 13:12:36,14.18514824,11.18514824,0.51738888
14/11/2020 13:12:37,14.01585102,11,0.512737453
14/11/2020 13:12:38,14.2139883,11,0.508086085
14/11/2020 13:12:39,14.41212559,11,0.503434658
14/11/2020 13:12:40,14.61026382,11,0.49878329
14/11/2020 13:12:41,14.80840111,11,0.494131893
14/11/2020 13:12:42,14.99339962,11,0.489480495
14/11/2020 13:12:43,14.79339981,11,0.484829098
14/11/2020 13:12:44,14.5934,11,0.480177701
14/11/2020 13:12:45,14.39340019,11,0.475526303
14/11/2020 13:12:46,14.19340038,11,0.470874906
14/11/2020 13:12:47,14,11,0.466223508
14/11/2020 13:12:48,14,11,0.461572111
14/11/2020 13:12:49,14,11,0.456920713
14/11/2020 13:12:50,14,11,0.452269316
14/11/2020 13:12:51,14,11,0.447617918
14/11/2020 13:12:52,14.00658035,11,0.442966521
14/11/2020 13:12:53,14.20598221,11,0.438315123
14/11/2020 13:12:54,14.40538406,11,0.433663726
14/11/2020 13:12:55,14.60478592,11,0.429012328
14/11/2020 13:12:56,14.80418777,11,0.424360931
14/11/2020 13:12:57,14.99639988,11,0.419709533
14/11/2020 13:12:58,14.79640007,11,0.415058136
14/11/2020 13:12:59,14.59640026,11,0.410406739
14/11/2020 13:13:00,14.39640045,11,0.405755341
14/11/2020 13:13:01,14.19639969,11,0.401103944
14/11/2020 13:13:02,14.00360012,11.00360012,0.396452546
14/11/2020 13:13:03,14.20359993,11.20359993,0.391801149
14/11/2020 13:13:04,14.40359974,11.40359974,0.387149751
14/11/2020 13:13:05,14.60359955,11.60359955,0.382498354
14/11/2020 13:13:06,14.80360031,11.80360031,0.377846956
14/11/2020 13:13:07,14.99820805,11.99820805,0.373195559
14/11/2020 13:13:08,14.89867592,11.89867592,0.368544161
14/11/2020 13:13:09,14.79914379,11.79914379,0.363892764
14/11/2020 13:13:10,14.69961166,11.69961166,0.359241366
14/11/2020 13:13:11,14.60007954,11.60007954,0.354589969
14/11/2020 13:13:12,14.50054741,11.50054741,0.349938571
14/11/2020 13:13:13,14.40101528,11.40101528,0.345287174
14/11/2020 13:13:14,14.30148315,11.30148315,0.340635777
14/11/2020 13:13:15,14.20195103,11.20195103,0.335984379
14/11/2020 13:13:16,14.1024189,11.1024189,0.331332982
14/11/2020 13:13:17,14.00288677,11.00288677,0.326681584
14/11/2020 13:13:18,14.19358063,11.19358063,0.322030187
14/11/2020 13:13:19,14.39294243,11.39294243,0.317378789
14/11/2020 13:13:20,14.59230423,11.59230423,0.312727392
14/11/2020 13:13:21,14.79166698,11.79166698,0.308075994
14/11/2020 13:13:22,14.99102879,11.99102879,0.303424597
14/11/2020 13:13:23,14.80842495,11.80842495,0.298773199
14/11/2020 13:13:24,14.60782337,11.60782337,0.294121802
14/11/2020 13:13:25,14.40722179,11.40722179,0.289470404
14/11/2020 13:13:26,14.20662022,11.20662022,0.284819007
14/11/2020 13:13:27,14.00601768,11.00601768,0.280167609
14/11/2020 13:13:28,14.19400024,11,0.275516212
14/11/2020 13:13:29,14.39400005,11,0.270864815
14/11/2020 13:13:30,14.59399986,11,0.266213417
14/11/2020 13:13:31,14.79399967,11,0.26156202
14/11/2020 13:13:32,14.99400043,11,0.256910622
14/11/2020 13:13:33,14.80658054,11,0.252259225
14/11/2020 13:13:34,14.60717869,11,0.247607827
14/11/2020 13:13:35,14.40777683,11,0.24295643
14/11/2020 13:13:36,14.20837498,11,0.238305032
14/11/2020 13:13:37,14.00897312,11,0.233653635
14/11/2020 13:13:38,14,11,0.229002237
14/11/2020 13:13:39,14,11,0.22435084
14/11/2020 13:13:40,14,11,0.219699442
14/11/2020 13:13:41,14,11,0.215048045
14/11/2020 13:13:42,14,11,0.210396647
14/11/2020 13:13:43,14,11.18780041,0.20574525
14/11/2020 13:13:44,14,11.38780022,0.201093853
14/11/2020 13:13:45,14,11.58780003,0.196442455
14/11/2020 13:13:46,14,11.78779984,0.191791058
14/11/2020 13:13:47,14,11.98779964,0.18713966
14/11/2020 13:13:48,14,11.90625,0.182488263
14/11/2020 13:13:49,14,11.80640984,0.177836865
14/11/2020 13:13:50,14,11.70656967,0.173185468
14/11/2020 13:13:51,14,11.60672951,0.16853407
14/11/2020 13:13:52,14,11.50688934,0.163882673
14/11/2020 13:13:53,14.18459988,11.40704918,0.159231275
14/11/2020 13:13:54,14.38459969,11.30720806,0.154579878
14/11/2020 13:13:55,14.58460045,11.2073679,0.14992848
14/11/2020 13:13:56,14.78460026,11.10752773,0.145277083
14/11/2020 13:13:57,14.98460007,11.00768757,0.140625685
14/11/2020 13:13:58,14.81421089,11,0.135974288
14/11/2020 13:13:59,14.61292267,11,0.131322891
14/11/2020 13:14:00,14.41163445,11,0.126671508
14/11/2020 13:14:01,14.21034622,11,0.122020103
14/11/2020 13:14:02,14.009058,11,0.117368706
14/11/2020 13:14:03,14,11,0.112717308
14/11/2020 13:14:04,14,11,0.108065911
14/11/2020 13:14:05,14,11,0.103414513
14/11/2020 13:14:06,14,11,0.098763116
14/11/2020 13:14:07,14,11,0.094111718
14/11/2020 13:14:08,14,11,0.089460321
14/11/2020 13:14:09,14,11,0.084808923
14/11/2020 13:14:10,14,11,0.080157526
14/11/2020 13:14:11,14,11,0.075506128
14/11/2020 13:14:12,14,11,0.070854731
14/11/2020 13:14:13,14,11,0.066203333
14/11/2020 13:14:14,14,11,0.06155194
14/11/2020 13:14:15,14,11,0.056900542
14/11/2020 13:14:16,14,11,0.052249145
14/11/2020 13:14:17,14,11,0.047597747
14/11/2020 13:14:18,14.17730045,11.17730045,0.04294635
14/11/2020 13:14:19,14.37606812,11.37606812,0.038294952
14/11/2020 13:14:20,14.57483578,11.57483578,0.033643555
14/11/2020 13:14:21,14.77360344,11.77360344,0.028992159
14/11/2020 13:14:22,14.9723711,11.9723711,0.024340762
14/11/2020 13:14:23,14.91377068,11.91377068,0.019689364
14/11/2020 13:14:24,14.81362057,11.81362057,0.015037967
14/11/2020 13:14:25,14.71347046,11.71347046,0.01038657
14/11/2020 13:14:26,14.61332035,11.61332035,0.005735173
14/11/2020 13:14:27,14.51316929,11.51316929,0.001083776
14/11/2020 13:14:28,14.41301918,11.41301918,29.05135727
14/11/2020 13:14:29,14.31286907,11.31286907,66.92796326
14/11/2020 13:14:30,14.21271896,11.21271896,104.8045654
14/11/2020 13:14:31,14.11256886,11.11256886,142.6811676
14/11/2020 13:14:32,14.01241875,11.01241875,180.557785
14/11/2020 13:14:33,14,11,165.0867004
14/11/2020 13:14:34,14,11,134.7437592
14/11/2020 13:14:35,14,11,104.4008179
14/11/2020 13:14:36,14,11,74.05786896
14/11/2020 13:14:37,14,11,43.71492767
14/11/2020 13:14:38,14,11,32.18860626
14/11/2020 13:14:39,14,11,26.37841606
14/11/2020 13:14:40,14,11,20.56822395
14/11/2020 13:14:41,14,11,14.7580328
14/11/2020 13:14:42,14,11,8.947841644
14/11/2020 13:14:43,14.153862,11,6.663968086
14/11/2020 13:14:44,14.35446358,11,5.451323986
14/11/2020 13:14:45,14.55506516,11,4.238679409
14/11/2020 13:14:46,14.75566673,11,3.026034832
14/11/2020 13:14:47,14.95626926,11,1.813390255
14/11/2020 13:14:48,14.92191696,11,1.371322155
14/11/2020 13:14:49,14.82206726,11,1.228922725
14/11/2020 13:14:50,14.72221661,11,1.086523294
14/11/2020 13:14:51,14.62236691,11,0.944123805
14/11/2020 13:14:52,14.52251625,11,0.801724315
14/11/2020 13:14:53,14.4226656,11,0.659324884
14/11/2020 13:14:54,14.3228159,11,0.516925395
14/11/2020 13:14:55,14.22296524,11,0.374525964
14/11/2020 13:14:56,14.12311554,11,0.232126489
14/11/2020 13:14:57,14.02326488,11,0.089727037
14/11/2020 13:14:58,14,11,0.051728912
14/11/2020 13:14:59,14,11,0.051372085
14/11/2020 13:15:00,14,11,0.051015258
14/11/2020 13:15:01,14,11,0.050658431
14/11/2020 13:15:02,14,11,0.0503016
14/11/2020 13:15:03,14,11,0.049944773
14/11/2020 13:15:04,14,11,0.049587946
14/11/2020 13:15:05,14,11,0.049231119
14/11/2020 13:15:06,14,11,0.048874293
14/11/2020 13:15:07,14,11,0.048517466
14/11/2020 13:15:08,14.14443302,11,0.048160639
14/11/2020 13:15:09,14.34503555,11,0.047803812
14/11/2020 13:15:10,14.54563713,11,0.047446981
14/11/2020 13:15:11,14.74623871,11,0.047090154
14/11/2020 13:15:12,14.94684029,11,0.046733327
14/11/2020 13:15:13,14.85252762,11,0.0463765
14/11/2020 13:15:14,14.65188599,11,0.046019673
14/11/2020 13:15:15,14.45124435,11,0.045662846
14/11/2020 13:15:16,14.25060177,11,0.045306019
14/11/2020 13:15:17,14.04996014,11,0.044949193
14/11/2020 13:15:18,14,11,0.044592362
14/11/2020 13:15:19,14,11,0.044235535
14/11/2020 13:15:20,14,11,0.043878708
14/11/2020 13:15:21,14,11,0.043521881
14/11/2020 13:15:22,14,11,0.043165054
14/11/2020 13:15:23,14.14609432,11,0.042808227
14/11/2020 13:15:24,14.34486198,11,0.0424514
14/11/2020 13:15:25,14.54362965,11,0.042094573
14/11/2020 13:15:26,14.74239731,11,0.041737743
14/11/2020 13:15:27,14.94116497,11,0.041380916
14/11/2020 13:15:28,14.8596487,11,0.041024089
14/11/2020 13:15:29,14.6602869,11,0.040667262
14/11/2020 13:15:30,14.4609251,11,0.040310435
14/11/2020 13:15:31,14.2615633,11,0.039953608
14/11/2020 13:15:32,14.06220055,11,0.039596781
14/11/2020 13:15:33,14.13631821,11,0.039239954
14/11/2020 13:15:34,14.33445644,11,0.038883124
14/11/2020 13:15:35,14.53259373,11,0.038526297
14/11/2020 13:15:36,14.73073101,11,0.03816947
14/11/2020 13:15:37,14.92886829,11,0.037812643
14/11/2020 13:15:38,14.93599606,11,0.037455816
14/11/2020 13:15:39,14.8361454,11,0.037098989
14/11/2020 13:15:40,14.7362957,11,0.036742162
14/11/2020 13:15:41,14.63644505,11,0.036385335
14/11/2020 13:15:42,14.53659534,11,0.036028504
14/11/2020 13:15:43,14.43674469,11,0.035671677
14/11/2020 13:15:44,14.33689499,11,0.035314851
14/11/2020 13:15:45,14.23704433,11,0.034958024
14/11/2020 13:15:46,14.13719463,11,0.034601197
14/11/2020 13:15:47,14.03734398,11,0.03424437
14/11/2020 13:15:48,14.12520027,11,0.033887543
14/11/2020 13:15:49,14.32520008,11,0.033530716
14/11/2020 13:15:50,14.52519989,11,0.033173885
14/11/2020 13:15:51,14.7251997,11,0.032817058
14/11/2020 13:15:52,14.92520046,11,0.032460231
14/11/2020 13:15:53,14.87635803,11,0.032103404
14/11/2020 13:15:54,14.67884636,11,0.031746577
14/11/2020 13:15:55,14.48133564,11,0.031389751
14/11/2020 13:15:56,14.28382397,11,0.031032922
14/11/2020 13:15:57,14.08631229,11,0.030676095
14/11/2020 13:15:58,14.11296177,11,0.030319268
14/11/2020 13:15:59,14.3136034,11,0.029962439
14/11/2020 13:16:00,14.51424599,11,0.029605612
14/11/2020 13:16:01,14.71488762,11,0.029248785
14/11/2020 13:16:02,14.91552925,11,0.028891958
14/11/2020 13:16:03,14.88385201,11,0.02853513
14/11/2020 13:16:04,14.68324947,11,0.028178303
14/11/2020 13:16:05,14.4826479,11,0.027821476
14/11/2020 13:16:06,14.28204632,11,0.027464649
14/11/2020 13:16:07,14.08144474,11,0.02710782
14/11/2020 13:16:08,14,11,0.026750993
14/11/2020 13:16:09,14,11,0.026394166
14/11/2020 13:16:10,14,11,0.026037339
14/11/2020 13:16:11,14,11,0.02568051
14/11/2020 13:16:12,14,11,0.025323683
14/11/2020 13:16:13,14.11577702,11,0.024966856
14/11/2020 13:16:14,14.31573677,11,0.02461003
14/11/2020 13:16:15,14.51569653,11,0.024253201
14/11/2020 13:16:16,14.71565723,11,0.023896374
14/11/2020 13:16:17,14.91561699,11,0.023539547
14/11/2020 13:16:18,14.88511276,11,0.02318272
14/11/2020 13:16:19,14.6863451,11,0.022825891
14/11/2020 13:16:20,14.48757744,11,0.022469064
14/11/2020 13:16:21,14.28880978,11,0.022112237
14/11/2020 13:16:22,14.09004211,11,0.02175541
14/11/2020 13:16:23,14.10872555,11,0.021398582
14/11/2020 13:16:24,14.30749321,11,0.021041755
14/11/2020 13:16:25,14.50626087,11,0.020684928
14/11/2020 13:16:26,14.70502853,11,0.020328101
14/11/2020 13:16:27,14.9037962,11,0.019971272
14/11/2020 13:16:28,14.94879913,11,0.019614445
14/11/2020 13:16:29,14.84957314,11,0.019257618
14/11/2020 13:16:30,14.75034714,11,0.018900791
14/11/2020 13:16:31,14.65112114,11,0.018543962
14/11/2020 13:16:32,14.55189514,11,0.018187135
14/11/2020 13:16:33,14.45266914,11,0.017830309
14/11/2020 13:16:34,14.35344315,11,0.017473482
14/11/2020 13:16:35,14.25421715,11,0.017116653
14/11/2020 13:16:36,14.15499115,11,0.016759826
14/11/2020 13:16:37,14.05576515,11,0.016402999
14/11/2020 13:16:38,14.08732033,11,0.016046172
14/11/2020 13:16:39,14.28668308,11,0.015689343
14/11/2020 13:16:40,14.48604488,11,0.015332516
14/11/2020 13:16:41,14.68540668,11,0.014975689
14/11/2020 13:16:42,14.88476849,11,0.014618861
14/11/2020 13:16:43,14.91559982,11,0.014262035
14/11/2020 13:16:44,14.71560001,11,0.013905207
14/11/2020 13:16:45,14.5156002,11,0.01354838
14/11/2020 13:16:46,14.3156004,11,0.013191552
14/11/2020 13:16:47,14.11559963,11,0.012834725
14/11/2020 13:16:48,14.08310318,11.08310318,0.012477897
14/11/2020 13:16:49,14.2800312,11.2800312,0.01212107
14/11/2020 13:16:50,14.47695923,11.47695923,0.011764242
14/11/2020 13:16:51,14.67388725,11.67388725,0.011407415
14/11/2020 13:16:52,14.87081528,11.87081528,0.011050588
14/11/2020 13:16:53,14.96576118,11.96576118,0.010693761
14/11/2020 13:16:54,14.86622906,11.86622906,0.010336933
14/11/2020 13:16:55,14.76669693,11.76669693,0.009980106
14/11/2020 13:16:56,14.6671648,11.6671648,0.009623278
14/11/2020 13:16:57,14.56763172,11.56763172,0.009266451
14/11/2020 13:16:58,14.46809959,11.46809959,0.008909623
14/11/2020 13:16:59,14.36856747,11.36856747,0.008552796
14/11/2020 13:17:00,14.26903534,11.26903534,0.008195968
14/11/2020 13:17:01,14.16950321,11.16950321,0.007839141
14/11/2020 13:17:02,14.06997108,11.06997108,0.007482314
14/11/2020 13:17:03,14.05866051,11,0.007125486
14/11/2020 13:17:04,14.25617218,11,0.006768659
14/11/2020 13:17:05,14.45368385,11,0.006411831
14/11/2020 13:17:06,14.65119457,11,0.006055004
14/11/2020 13:17:07,14.84870625,11,0.005698177
14/11/2020 13:17:08,14.95348835,11,0.005341349
14/11/2020 13:17:09,14.75472069,11,0.004984522
14/11/2020 13:17:10,14.55595303,11,0.004627694
14/11/2020 13:17:11,14.35718536,11,0.004270867
14/11/2020 13:17:12,14.1584177,11,0.00391404
14/11/2020 13:17:13,14.04047012,11,0.003557212
14/11/2020 13:17:14,14.23983288,11,0.003200385
14/11/2020 13:17:15,14.43919468,11,0.002843558
14/11/2020 13:17:16,14.63855648,11,0.00248673
14/11/2020 13:17:17,14.83791828,11,0.002129903
14/11/2020 13:17:18,14.96294785,11,0.001773075
14/11/2020 13:17:19,14.76481056,11,0.001416248
14/11/2020 13:17:20,14.56667328,11,0.001059421
14/11/2020 13:17:21,14.368536,11,0.000702593
14/11/2020 13:17:22,14.17039871,11,0.000345766
14/11/2020 13:17:23,14.02773952,11.04154682,1.287312031
14/11/2020 13:17:24,14.22587681,11.33831215,42.81350708
14/11/2020 13:17:25,14.42401409,11.63507748,84.33969879
14/11/2020 13:17:26,14.62215137,11.9318428,125.8658905
14/11/2020 13:17:27,14.82028961,12.22860813,167.3920898
14/11/2020 13:17:28,15.05511665,12.52537346,220.9895325
14/11/2020 13:17:29,15.64776802,12.82213879,651.9110107
14/11/2020 13:17:30,16.24041939,13.11890411,1082.83252
14/11/2020 13:17:31,16.83307076,13.41566944,1513.753906
14/11/2020 13:17:32,17.42572021,13.71243477,1944.675415
14/11/2020 13:17:33,18.03100014,14.0248003,2377.35083
14/11/2020 13:17:34,19.03100014,14.82479954,2925.208008
14/11/2020 13:17:35,20.03100014,15.62479973,3473.064941
14/11/2020 13:17:36,21.03100014,16.42480087,4020.921875
14/11/2020 13:17:37,22.03100014,17.22480011,4568.778809
14/11/2020 13:17:38,22.96279907,17.97520065,5116.635742
14/11/2020 13:17:39,21.76280022,17.17519951,4745.447754
14/11/2020 13:17:40,20.56279945,16.37520027,4328.934082
14/11/2020 13:17:41,19.3628006,15.57520008,3912.42041
14/11/2020 13:17:42,18.16279984,14.77519989,3495.906738
14/11/2020 13:17:43,17.03708076,14.02472115,3079.393066
14/11/2020 13:17:44,18.23325348,14.8221693,3489.305908
14/11/2020 13:17:45,19.42942619,15.61961746,3970.106689
14/11/2020 13:17:46,20.62559891,16.41706467,4450.907227
14/11/2020 13:17:47,21.82176971,17.21451378,4931.708008
14/11/2020 13:17:48,23.02377701,18.02370644,5412.508789
14/11/2020 13:17:49,24.60887718,19.60410881,5900.185547
14/11/2020 13:17:50,26.19397736,21.18451118,6388.575684
14/11/2020 13:17:51,27.77907753,22.76491547,6876.96582
14/11/2020 13:17:52,29.3641758,24.34531784,7365.355957
14/11/2020 13:17:53,30.94927597,25.92572021,7853.745605
14/11/2020 13:17:54,32.53437805,27.89387894,8108.117188
14/11/2020 13:17:55,34.11947632,29.88116074,8342.415039
14/11/2020 13:17:56,35.7045784,31.86844254,8576.713867
14/11/2020 13:17:57,37.28967667,33.85572433,8811.011719
14/11/2020 13:17:58,38.87477875,35.84300613,9045.30957
14/11/2020 13:17:59,36.61256409,33.42891312,8814.858398
14/11/2020 13:18:00,34.02033997,30.63728905,8544.541992
14/11/2020 13:18:01,31.42811584,27.84566307,8274.225586
14/11/2020 13:18:02,28.83589172,25.05403709,8003.90918
14/11/2020 13:18:03,26.24366951,22.26241302,7733.592773
14/11/2020 13:18:04,28.36268806,24.18094254,7842.759766
14/11/2020 13:18:05,30.97051239,26.58816528,7991.298828
14/11/2020 13:18:06,33.57833481,28.99538612,8139.838379
14/11/2020 13:18:07,36.18615723,31.40260696,8288.37793
14/11/2020 13:18:08,38.79398346,33.80982971,8436.916992
14/11/2020 13:18:09,37.52640152,32.71060181,8466.101563
14/11/2020 13:18:10,35.92639923,31.31060028,8485.047852
14/11/2020 13:18:11,34.32640076,29.91060066,8503.994141
14/11/2020 13:18:12,32.72639847,28.51059914,8522.941406
14/11/2020 13:18:13,31.12639999,27.11059952,8541.887695
14/11/2020 13:18:14,29.89810562,25.89810562,8296.761719
14/11/2020 13:18:15,28.70169449,24.70169449,8028.985352
14/11/2020 13:18:16,27.50528336,23.50528336,7761.208008
14/11/2020 13:18:17,26.30887413,22.30887413,7493.431152
14/11/2020 13:18:18,25.112463,21.112463,7225.654297
14/11/2020 13:18:19,24.63650894,20.63650894,6828.507813
14/11/2020 13:18:20,24.23530579,20.23530579,6415.37207
14/11/2020 13:18:21,23.83410263,19.83410263,6002.236328
14/11/2020 13:18:22,23.43289948,19.43289948,5589.100586
14/11/2020 13:18:23,23.03169441,19.03169441,5175.964844
14/11/2020 13:18:24,22.26320076,18.26320076,4775.151855
14/11/2020 13:18:25,21.46319962,17.46319962,4376.115723
14/11/2020 13:18:26,20.66320038,16.66320038,3977.079102
14/11/2020 13:18:27,19.86319923,15.86320019,3578.042725
14/11/2020 13:18:28,19.0632,15.0632,3179.006348
14/11/2020 13:18:29,18.81693459,15.18306541,2931.501953
14/11/2020 13:18:30,18.61816788,15.38183308,2712.218994
14/11/2020 13:18:31,18.41939926,15.58060074,2492.935791
14/11/2020 13:18:32,18.22063255,15.77936745,2273.652832
14/11/2020 13:18:33,18.02186394,15.97813511,2054.369629
14/11/2020 13:18:34,17.46770287,15.29027081,1884.869263
14/11/2020 13:18:35,16.86961746,14.49282265,1724.640381
14/11/2020 13:18:36,16.27153015,13.69537449,1564.411499
14/11/2020 13:18:37,15.67344475,12.89792633,1404.182495
14/11/2020 13:18:38,15.07535839,12.10047817,1243.953613
14/11/2020 13:18:39,15,12,1184.187134
14/11/2020 13:18:40,15,12,1145.436401
14/11/2020 13:18:41,15,12,1106.685547
14/11/2020 13:18:42,15,12,1067.934814
14/11/2020 13:18:43,15,12,1029.184082
14/11/2020 13:18:44,15.16860008,12.16860008,1029.589111
14/11/2020 13:18:45,15.36859989,12.36859989,1038.185181
14/11/2020 13:18:46,15.5685997,12.5685997,1046.78125
14/11/2020 13:18:47,15.76860046,12.76860046,1055.377319
14/11/2020 13:18:48,15.96860027,12.96860027,1063.973389
14/11/2020 13:18:49,15.83193779,13,1236.050293
14/11/2020 13:18:50,15.63257599,13,1450.024292
14/11/2020 13:18:51,15.43321419,13,1663.998291
14/11/2020 13:18:52,15.23385143,13,1877.97229
14/11/2020 13:18:53,15.03448963,13,2091.946289
14/11/2020 13:18:54,15.16539955,13,2097.992432
14/11/2020 13:18:55,15.36540031,13,2055.581543
14/11/2020 13:18:56,15.56540012,13,2013.170898
14/11/2020 13:18:57,15.76539993,13,1970.760132
14/11/2020 13:18:58,15.96539974,13,1928.349365
14/11/2020 13:18:59,16.49314308,13.49314213,2191.899414
14/11/2020 13:19:00,17.08944511,14.08944511,2526.752441
14/11/2020 13:19:01,17.68574905,14.6857481,2861.605469
14/11/2020 13:19:02,18.28205109,15.28205109,3196.458496
14/11/2020 13:19:03,18.87835503,15.87835407,3531.311523
14/11/2020 13:19:04,19,15.84032059,3677.484619
14/11/2020 13:19:05,19,15.63971901,3770.439941
14/11/2020 13:19:06,19,15.43911743,3863.395508
14/11/2020 13:19:07,19,15.23851585,3956.351074
14/11/2020 13:19:08,19,15.03791332,4049.306641
14/11/2020 13:19:09,19.48660088,15.48659992,4120.304199
14/11/2020 13:19:10,20.08659935,16.08659935,4180.535156
14/11/2020 13:19:11,20.68659973,16.68659973,4240.766113
14/11/2020 13:19:12,21.28660011,17.28660011,4300.99707
14/11/2020 13:19:13,21.88660049,17.88660049,4361.228027
14/11/2020 13:19:14,21.35519791,17.51639748,4394.790527
14/11/2020 13:19:15,20.56012726,16.92009544,4419.416504
14/11/2020 13:19:16,19.76505661,16.32379341,4444.041992
14/11/2020 13:19:17,18.96998596,15.72748947,4468.66748
14/11/2020 13:19:18,18.17491531,15.13118649,4493.292969
14/11/2020 13:19:19,18,15,4414.726074
14/11/2020 13:19:20,18,15,4301.577637
14/11/2020 13:19:21,18,15,4188.429688
14/11/2020 13:19:22,18,15,4075.28125
14/11/2020 13:19:23,18,15,3962.133057
14/11/2020 13:19:24,18.40897942,15.27265358,4141.544922
14/11/2020 13:19:25,19.01848793,15.67899227,4427.523438
14/11/2020 13:19:26,19.62799644,16.08533096,4713.502441
14/11/2020 13:19:27,20.23750496,16.49167061,4999.480957
14/11/2020 13:19:28,20.84701347,16.89800835,5285.459961
14/11/2020 13:19:29,20.55060005,16.7003994,5245.161621
14/11/2020 13:19:30,19.95059967,16.30039978,5066.35791
14/11/2020 13:19:31,19.35059929,15.90040016,4887.554199
14/11/2020 13:19:32,18.75060081,15.50039959,4708.750488
14/11/2020 13:19:33,18.15060043,15.10039997,4529.946777
14/11/2020 13:19:34,17.85067749,14.85067749,4217.009277
14/11/2020 13:19:35,17.65131569,14.65131569,3847.131592
14/11/2020 13:19:36,17.45195389,14.45195389,3477.253906
14/11/2020 13:19:37,17.25259209,14.25259209,3107.376465
14/11/2020 13:19:38,17.05323029,14.05322933,2737.499023
14/11/2020 13:19:39,16.56291008,13.56291008,2368.777344
14/11/2020 13:19:40,15.96660709,12.96660709,2000.584595
14/11/2020 13:19:41,15.37030411,12.37030411,1632.391846
14/11/2020 13:19:42,14.77400112,11.77400112,1264.199219
14/11/2020 13:19:43,14.17769814,11.17769814,896.0064697
14/11/2020 13:19:44,14.70199966,11.70199966,1002.604492
14/11/2020 13:19:45,15.70199966,12.70199966,1326.526611
14/11/2020 13:19:46,16.70199966,13.70199966,1650.448608
14/11/2020 13:19:47,17.70199966,14.70199966,1974.370728
14/11/2020 13:19:48,18.70199966,15.70199966,2298.292725
14/11/2020 13:19:49,18.58014297,15.58014393,2419.493652
14/11/2020 13:19:50,17.98205757,14.98205757,2433.91748
14/11/2020 13:19:51,17.38397217,14.38397121,2448.341309
14/11/2020 13:19:52,16.78588486,13.78588486,2462.765137
14/11/2020 13:19:53,16.18779945,13.18779945,2477.188965
14/11/2020 13:19:54,16.27440071,13.34193993,2574.028564
14/11/2020 13:19:55,16.67440033,13.84039497,2727.668457
14/11/2020 13:19:56,17.07439995,14.33885002,2881.308105
14/11/2020 13:19:57,17.47439957,14.83730412,3034.947754
14/11/2020 13:19:58,17.87439919,15.33575916,3188.587402
14/11/2020 13:19:59,18.54541779,15.83421421,3410.841309
14/11/2020 13:20:00,19.34048843,16.3326683,3697.971436
14/11/2020 13:20:01,20.13555908,16.83112335,3985.101563
14/11/2020 13:20:02,20.93062973,17.3295784,4272.231934
14/11/2020 13:20:03,21.72570038,17.82803345,4559.361816
14/11/2020 13:20:04,21.74126053,17.74126053,4764.777344
14/11/2020 13:20:05,21.34623718,17.34623718,4876.929688
14/11/2020 13:20:06,20.95121384,16.95121384,4989.081543
14/11/2020 13:20:07,20.5561924,16.5561924,5101.233887
14/11/2020 13:20:08,20.16116905,16.16116905,5213.385742
14/11/2020 13:20:09,20.11693764,16.17540741,5310.560547
14/11/2020 13:20:10,20.31446838,16.47170448,5387.052734
14/11/2020 13:20:11,20.51199913,16.76799965,5463.544922
14/11/2020 13:20:12,20.70953178,17.06429672,5540.037109
14/11/2020 13:20:13,20.90706253,17.36059189,5616.529297
14/11/2020 13:20:14,21.10459328,17.65688896,5675.151855
14/11/2020 13:20:15,21.30212402,17.95318604,5707.413086
14/11/2020 13:20:16,21.49965477,18.2494812,5739.673828
14/11/2020 13:20:17,21.69718552,18.54577827,5771.935059
14/11/2020 13:20:18,21.89471626,18.84207344,5804.195801
14/11/2020 13:20:19,21.8149395,18.8149395,5801.445801
14/11/2020 13:20:20,21.41866493,18.41866493,5747.045898
14/11/2020 13:20:21,21.02239037,18.02239037,5692.645996
14/11/2020 13:20:22,20.62611389,17.62611389,5638.246094
14/11/2020 13:20:23,20.22983932,17.22983932,5583.84668
14/11/2020 13:20:24,20.25119591,17.1674633,5553.743164
14/11/2020 13:20:25,20.84928322,17.56618881,5564.481445
14/11/2020 13:20:26,21.44736862,17.96491241,5575.219727
14/11/2020 13:20:27,22.04545403,18.36363602,5585.95752
14/11/2020 13:20:28,22.64354134,18.76235962,5596.695801
14/11/2020 13:20:29,22.59600067,18.67679977,5571.84082
14/11/2020 13:20:30,21.59600067,17.87680054,5482.878418
14/11/2020 13:20:31,20.59600067,17.07679939,5393.916016
14/11/2020 13:20:32,19.59600067,16.27680016,5304.953613
14/11/2020 13:20:33,18.59600067,15.47679996,5215.991211
14/11/2020 13:20:34,18.48181343,15.32120895,5200.050781
14/11/2020 13:20:35,19.6744194,16.1162796,5358.620605
14/11/2020 13:20:36,20.86702538,16.91135025,5517.189941
14/11/2020 13:20:37,22.05962944,17.7064209,5675.759277
14/11/2020 13:20:38,23.25223541,18.50149155,5834.329102
14/11/2020 13:20:39,24,19.0743618,5980.321289
14/11/2020 13:20:40,24,19.2737236,6091.250488
14/11/2020 13:20:41,24,19.4730854,6202.179688
14/11/2020 13:20:42,24,19.67244911,6313.108887
14/11/2020 13:20:43,24,19.87181091,6424.038086
14/11/2020 13:20:44,23.6816597,19.75240326,6471.045898
14/11/2020 13:20:45,22.78995323,19.05885315,6306.454102
14/11/2020 13:20:46,21.89824677,18.36530304,6141.862305
14/11/2020 13:20:47,21.00653839,17.67175293,5977.270508
14/11/2020 13:20:48,20.11483192,16.97820282,5812.678711
14/11/2020 13:20:49,19.22312546,16.28465271,5535.333496
14/11/2020 13:20:50,18.33141708,15.5911026,4851.140625
14/11/2020 13:20:51,17.43971062,14.89755249,4166.947754
14/11/2020 13:20:52,16.54800415,14.20400238,3482.755127
14/11/2020 13:20:53,15.65629673,13.51045322,2798.562256
14/11/2020 13:20:54,14.97372341,12.89507198,2184.175293
14/11/2020 13:20:55,14.87419128,12.49761486,1847.27478
14/11/2020 13:20:56,14.77465916,12.10015869,1510.37439
14/11/2020 13:20:57,14.67512703,11.70270252,1173.473877
14/11/2020 13:20:58,14.5755949,11.30524635,836.5733032
14/11/2020 13:20:59,14.47606277,11,534.0913696
14/11/2020 13:21:00,14.37653065,11,446.600647
14/11/2020 13:21:01,14.27699852,11,359.1099243
14/11/2020 13:21:02,14.17746544,11,271.6192017
14/11/2020 13:21:03,14.07793331,11,184.1284637
14/11/2020 13:21:04,14.04326153,11,104.2048416
14/11/2020 13:21:05,14.24262333,11,87.43471527
14/11/2020 13:21:06,14.44198608,11,70.66459656
14/11/2020 13:21:07,14.64134789,11,53.89447403
14/11/2020 13:21:08,14.84070969,11,37.1243515
14/11/2020 13:21:09,14.96030045,11,20.52969933
14/11/2020 13:21:10,14.76278877,11,17.25743103
14/11/2020 13:21:11,14.5652771,11,13.98516273
14/11/2020 13:21:12,14.36776638,11,10.71289444
14/11/2020 13:21:13,14.17025471,11,7.440626621
14/11/2020 13:21:14,14.02742958,11,4.243086338
14/11/2020 13:21:15,14.22619724,11,3.547638416
14/11/2020 13:21:16,14.4249649,11,2.852190733
14/11/2020 13:21:17,14.62373257,11,2.15674305
14/11/2020 13:21:18,14.82250023,11,1.461295247
14/11/2020 13:21:19,14.98938274,11,0.774885535
14/11/2020 13:21:20,14.89015675,11,0.774670243
14/11/2020 13:21:21,14.79093075,11,0.774454951
14/11/2020 13:21:22,14.69170475,11,0.774239719
14/11/2020 13:21:23,14.59247875,11,0.774024427
14/11/2020 13:21:24,14.49325275,11,0.773809135
14/11/2020 13:21:25,14.39402676,11,0.773593843
14/11/2020 13:21:26,14.29480076,11,0.773378611
14/11/2020 13:21:27,14.19557476,11,0.773163319
14/11/2020 13:21:28,14.09634876,11,0.772948027
14/11/2020 13:21:29,14,11,0.772732735
14/11/2020 13:21:30,14,11,0.772517502
14/11/2020 13:21:31,14,11,0.77230221
14/11/2020 13:21:32,14,11,0.772086918
14/11/2020 13:21:33,14,11,0.771871626
14/11/2020 13:21:34,14,11,0.771656334
14/11/2020 13:21:35,14,11,0.771441102
14/11/2020 13:21:36,14,11,0.77122581
14/11/2020 13:21:37,14,11,0.771010518
14/11/2020 13:21:38,14,11,0.770795226
14/11/2020 13:21:39,14.00256824,11.00256824,0.770579994
14/11/2020 13:21:40,14.20011806,11.20011806,0.770364702
14/11/2020 13:21:41,14.39766884,11.39766884,0.77014941
14/11/2020 13:21:42,14.59521961,11.59521961,0.769934118
14/11/2020 13:21:43,14.79276943,11.79276943,0.769718826
14/11/2020 13:21:44,14.99032021,11.99032021,0.769503593
14/11/2020 13:21:45,14.81100941,11.81100941,0.769288301
14/11/2020 13:21:46,14.6122818,11.6122818,0.769073009
14/11/2020 13:21:47,14.41355324,11.41355324,0.768857718
14/11/2020 13:21:48,14.21482468,11.21482468,0.768642485
14/11/2020 13:21:49,14.01609707,11.01609707,0.768427193
14/11/2020 13:21:50,14.18151283,11.18151283,0.768211901
14/11/2020 13:21:51,14.37902451,11.37902451,0.767996609
14/11/2020 13:21:52,14.57653522,11.57653522,0.767781317
14/11/2020 13:21:53,14.7740469,11.7740469,0.767566085
14/11/2020 13:21:54,14.97155857,11.97155857,0.767350793
14/11/2020 13:21:55,14.82982063,11.82982063,0.767135501
14/11/2020 13:21:56,14.63101387,11.63101387,0.766920209
14/11/2020 13:21:57,14.43220711,11.43220711,0.766704977
14/11/2020 13:21:58,14.23339939,11.23339939,0.766489685
14/11/2020 13:21:59,14.03459263,11.03459263,0.766274393
14/11/2020 13:22:00,14.16414928,11.16414928,0.766059101
14/11/2020 13:22:01,14.36287785,11.36287785,0.765843809
14/11/2020 13:22:02,14.56160545,11.56160545,0.765628576
14/11/2020 13:22:03,14.76033401,11.76033401,0.765413284
14/11/2020 13:22:04,14.95906162,11.95906162,0.765197992
14/11/2020 13:22:05,14.9212141,11.9212141,0.7649827
14/11/2020 13:22:06,14.82198811,11.82198811,0.764767468
14/11/2020 13:22:07,14.72276211,11.72276211,0.764552176
14/11/2020 13:22:08,14.62353611,11.62353611,0.764336884
14/11/2020 13:22:09,14.52431011,11.52431011,0.764121592
14/11/2020 13:22:10,14.42508411,11.42508411,0.7639063
14/11/2020 13:22:11,14.32585812,11.32585812,0.763691068
14/11/2020 13:22:12,14.22663212,11.22663212,0.763475776
14/11/2020 13:22:13,14.12740612,11.12740612,0.763260484
14/11/2020 13:22:14,14.02818012,11.02818012,0.763045192
14/11/2020 13:22:15,14.14141846,11,0.762829959
14/11/2020 13:22:16,14.33892918,11,0.762614667
14/11/2020 13:22:17,14.53644085,11,0.762399375
14/11/2020 13:22:18,14.73395252,11,0.762184083
14/11/2020 13:22:19,14.93146324,11,0.761968791
14/11/2020 13:22:20,14.87020493,11,0.761753559
14/11/2020 13:22:21,14.67143726,11,0.761538267
14/11/2020 13:22:22,14.4726696,11,0.761322975
14/11/2020 13:22:23,14.27390194,11,0.761107683
14/11/2020 13:22:24,14.07513428,11,0.760892451
14/11/2020 13:22:25,14.12324142,11,0.760677159
14/11/2020 13:22:26,14.32137871,11,0.760461867
14/11/2020 13:22:27,14.51951694,11,0.760246575
14/11/2020 13:22:28,14.71765423,11,0.760031283
14/11/2020 13:22:29,14.91579151,11,0.759816051
14/11/2020 13:22:30,14.94285393,11,0.759600759
14/11/2020 13:22:31,14.84347057,11,0.759385467
14/11/2020 13:22:32,14.74408627,11,0.759170175
14/11/2020 13:22:33,14.64470291,11,0.758954942
14/11/2020 13:22:34,14.5453186,11,0.75873965
14/11/2020 13:22:35,14.44593525,11,0.758524358
14/11/2020 13:22:36,14.34655094,11,0.758309066
14/11/2020 13:22:37,14.24716759,11,0.758093834
14/11/2020 13:22:38,14.14778328,11,0.757878542
14/11/2020 13:22:39,14.04839993,11,0.75766325
14/11/2020 13:22:40,14,11,0.757447958
14/11/2020 13:22:41,14,11,0.757232666
14/11/2020 13:22:42,14,11,0.757017434
14/11/2020 13:22:43,14,11,0.756802142
14/11/2020 13:22:44,14,11,0.75658685
14/11/2020 13:22:45,14,11,0.756371558
14/11/2020 13:22:46,14,11,0.756156325
14/11/2020 13:22:47,14,11,0.755941033
14/11/2020 13:22:48,14,11,0.755725741
14/11/2020 13:22:49,14,11,0.755510449
14/11/2020 13:22:50,14.08916187,11,0.755295157
14/11/2020 13:22:51,14.28729916,11,0.755079925
14/11/2020 13:22:52,14.48543644,11,0.754864633
14/11/2020 13:22:53,14.68357468,11,0.754649341
14/11/2020 13:22:54,14.88171196,11,0.754434049
14/11/2020 13:22:55,14.91964149,11,0.754218817
14/11/2020 13:22:56,14.72023964,11,0.754003525
14/11/2020 13:22:57,14.52083778,11,0.753788233
14/11/2020 13:22:58,14.32143593,11,0.753572941
14/11/2020 13:22:59,14.12203407,11,0.753357649
14/11/2020 13:23:00,14,11,0.753142416
14/11/2020 13:23:01,14,11,0.752927125
14/11/2020 13:23:02,14,11,0.752711833
14/11/2020 13:23:03,14,11,0.752496541
14/11/2020 13:23:04,14,11,0.752281308
14/11/2020 13:23:05,14.07347393,11,0.752066016
14/11/2020 13:23:06,14.2709856,11,0.751850724
14/11/2020 13:23:07,14.46849728,11,0.751635432
14/11/2020 13:23:08,14.666008,11,0.75142014
14/11/2020 13:23:09,14.86351967,11,0.751204908
14/11/2020 13:23:10,14.93858051,11,0.750989616
14/11/2020 13:23:11,14.73981285,11,0.750774324
14/11/2020 13:23:12,14.54104519,11,0.750559032
14/11/2020 13:23:13,14.34227753,11,0.7503438
14/11/2020 13:23:14,14.14350986,11,0.750128508
14/11/2020 13:23:15,14.05560017,11.05560017,0.749913216
14/11/2020 13:23:16,14.25559998,11.25559998,0.749697924
14/11/2020 13:23:17,14.45559978,11.45559978,0.749482632
14/11/2020 13:23:18,14.65559959,11.65559959,0.749267399
14/11/2020 13:23:19,14.85560036,11.85560036,0.749052107
14/11/2020 13:23:20,14.97224426,11.97224426,0.748836815
14/11/2020 13:23:21,14.8724041,11.8724041,0.748621523
14/11/2020 13:23:22,14.77256393,11.77256393,0.748406291
14/11/2020 13:23:23,14.67272377,11.67272377,0.748190999
14/11/2020 13:23:24,14.57288361,11.57288361,0.747975707
14/11/2020 13:23:25,14.47304344,11.47304344,0.747760415
14/11/2020 13:23:26,14.37320328,11.37320328,0.747545123
14/11/2020 13:23:27,14.27336216,11.27336216,0.747329891
14/11/2020 13:23:28,14.173522,11.173522,0.747114599
14/11/2020 13:23:29,14.07368183,11.07368183,0.746899307
14/11/2020 13:23:30,14,11,0.746684015
14/11/2020 13:23:31,14,11,0.746468782
14/11/2020 13:23:32,14,11,0.74625349
14/11/2020 13:23:33,14,11,0.746038198
14/11/2020 13:23:34,14,11,0.745822906
14/11/2020 13:23:35,14,11,0.745607615
14/11/2020 13:23:36,14,11,0.745392382
14/11/2020 13:23:37,14,11,0.74517709
14/11/2020 13:23:38,14,11,0.744961798
14/11/2020 13:23:39,14,11,0.744746506
14/11/2020 13:23:40,14.04605293,11,0.744531274
14/11/2020 13:23:41,14.24541473,11,0.744315982
14/11/2020 13:23:42,14.44477654,11,0.74410069
14/11/2020 13:23:43,14.64413834,11,0.743885398
14/11/2020 13:23:44,14.84350109,11,0.743670166
14/11/2020 13:23:45,14.97850037,11,0.743454874
14/11/2020 13:23:46,14.87849998,11,0.743239582
14/11/2020 13:23:47,14.7784996,11,0.74302429
14/11/2020 13:23:48,14.67850018,11,0.742808998
14/11/2020 13:23:49,14.57849979,11,0.742593765
14/11/2020 13:23:50,14.47850037,11,0.742378473
14/11/2020 13:23:51,14.37849998,11,0.742163181
14/11/2020 13:23:52,14.2784996,11,0.741947889
14/11/2020 13:23:53,14.17850018,11,0.741732657
14/11/2020 13:23:54,14.07849979,11,0.741517365
14/11/2020 13:23:55,14,11,0.741302073
14/11/2020 13:23:56,14,11,0.741086781
14/11/2020 13:23:57,14,11,0.740871489
14/11/2020 13:23:58,14,11,0.740656257
14/11/2020 13:23:59,14,11,0.740440965
14/11/2020 13:24:00,14,11,0.740225673
14/11/2020 13:24:01,14,11,0.740010381
14/11/2020 13:24:02,14,11,0.739795148
14/11/2020 13:24:03,14,11,0.739579856
14/11/2020 13:24:04,14,11,0.739364564
14/11/2020 13:24:05,14.03987217,11.03987217,0.739149272
14/11/2020 13:24:06,14.23923492,11.23923492,0.73893398
14/11/2020 13:24:07,14.43859673,11.43859673,0.738718748
14/11/2020 13:24:08,14.63795853,11.63795853,0.738503456
14/11/2020 13:24:09,14.83732033,11.83732033,0.738288164
14/11/2020 13:24:10,14.96319962,11.96319962,0.738072872
14/11/2020 13:24:11,14.76319981,11.76319981,0.73785764
14/11/2020 13:24:12,14.5632,11.5632,0.737642348
14/11/2020 13:24:13,14.36320019,11.36320019,0.737427056
14/11/2020 13:24:14,14.16320038,11.16320038,0.737211764
14/11/2020 13:24:15,14.03645706,11,0.736996472
14/11/2020 13:24:16,14.23459435,11,0.73678124
14/11/2020 13:24:17,14.43273258,11,0.736565948
14/11/2020 13:24:18,14.63086987,11,0.736350656
14/11/2020 13:24:19,14.82900715,11,0.736135364
14/11/2020 13:24:20,14.97276878,11,0.735920131
14/11/2020 13:24:21,14.77400112,11,0.735704839
14/11/2020 13:24:22,14.57523346,11,0.735489547
14/11/2020 13:24:23,14.3764658,11,0.735274255
14/11/2020 13:24:24,14.17769814,11,0.735058963
14/11/2020 13:24:25,14,11,0.734843731
14/11/2020 13:24:26,14,11,0.734628439
14/11/2020 13:24:27,14,11,0.734413147
14/11/2020 13:24:28,14,11,0.734197855
14/11/2020 13:24:29,14,11,0.733982623
14/11/2020 13:24:30,14,11,0.733767331
14/11/2020 13:24:31,14,11,0.733552039
14/11/2020 13:24:32,14,11,0.733336747
14/11/2020 13:24:33,14,11,0.733121455
14/11/2020 13:24:34,14,11,0.732906222
14/11/2020 13:24:35,14,11,0.73269093
14/11/2020 13:24:36,14,11,0.732475638
14/11/2020 13:24:37,14,11,0.732260346
14/11/2020 13:24:38,14,11,0.732045114
14/11/2020 13:24:39,14,11,0.731829822
14/11/2020 13:24:40,14.01475239,11,0.73161453
14/11/2020 13:24:41,14.21411514,11,0.731399238
14/11/2020 13:24:42,14.41347694,11,0.731183946
14/11/2020 13:24:43,14.61283875,11,0.730968714
14/11/2020 13:24:44,14.81220055,11,0.730753422
14/11/2020 13:24:45,14.99422646,11,0.73053813
14/11/2020 13:24:46,14.89468479,11,0.730322838
14/11/2020 13:24:47,14.79514217,11,0.730107605
14/11/2020 13:24:48,14.69560051,11,0.729892313
14/11/2020 13:24:49,14.59605789,11,0.729677022
14/11/2020 13:24:50,14.49651623,11,0.72946173
14/11/2020 13:24:51,14.39697361,11,0.729246497
14/11/2020 13:24:52,14.29743195,11,0.729031205
14/11/2020 13:24:53,14.19788933,11,0.728815913
14/11/2020 13:24:54,14.09834766,11,0.728600621
14/11/2020 13:24:55,14.0024004,11.0024004,0.728385329
14/11/2020 13:24:56,14.20240021,11.20240021,0.728170097
14/11/2020 13:24:57,14.40240002,11.40240002,0.727954805
14/11/2020 13:24:58,14.60239983,11.60239983,0.727739513
14/11/2020 13:24:59,14.80239964,11.80239964,0.727524221
14/11/2020 13:25:00,14.9975996,11.9975996,0.727308989
14/11/2020 13:25:01,14.79759979,11.79759979,0.727093697
14/11/2020 13:25:02,14.59759998,11.59759998,0.726878405
14/11/2020 13:25:03,14.39760017,11.39760017,0.726663113
14/11/2020 13:25:04,14.19760036,11.19760036,0.726447821
14/11/2020 13:25:05,14,11,0.726232588
14/11/2020 13:25:06,14,11,0.726017296
14/11/2020 13:25:07,14,11,0.725802004
14/11/2020 13:25:08,14,11,0.725586712
14/11/2020 13:25:09,14,11,0.72537148
14/11/2020 13:25:10,14,11,0.725156188
14/11/2020 13:25:11,14,11,0.724940896
14/11/2020 13:25:12,14,11,0.724725604
14/11/2020 13:25:13,14,11,0.724510312
14/11/2020 13:25:14,14,11,0.72429508
14/11/2020 13:25:15,14,11,0.724079788
14/11/2020 13:25:16,14,11,0.723864496
14/11/2020 13:25:17,14,11,0.723649204
14/11/2020 13:25:18,14,11,0.723433971
14/11/2020 13:25:19,14,11,0.723218679
14/11/2020 13:25:20,14,11,0.723003387
14/11/2020 13:25:21,14.19537449,11.19537449,0.722788095
14/11/2020 13:25:22,14.39473724,11.39473724,0.722572803
14/11/2020 13:25:23,14.59409904,11.59409904,0.722357571
14/11/2020 13:25:24,14.79346085,11.79346085,0.722142279
14/11/2020 13:25:25,14.99282265,11.99282265,0.721926987
14/11/2020 13:25:26,14.80895805,11.90434647,0.721711695
14/11/2020 13:25:27,14.61078072,11.80512047,0.721496463
14/11/2020 13:25:28,14.41260433,11.70589447,0.721281171
14/11/2020 13:25:29,14.21442699,11.60666752,0.721065879
14/11/2020 13:25:30,14.01625061,11.50744152,0.720850587
14/11/2020 13:25:31,14.09165382,11.40821552,0.720635295
14/11/2020 13:25:32,14.19149399,11.30898952,0.720420063
14/11/2020 13:25:33,14.29133415,11.20976353,0.720204771
14/11/2020 13:25:34,14.39117432,11.11053753,0.719989479
14/11/2020 13:25:35,14.49101448,11.01131153,0.719774187
14/11/2020 13:25:36,14.59085464,11,0.719558954
14/11/2020 13:25:37,14.69069481,11,0.719343662
14/11/2020 13:25:38,14.79053497,11,0.71912837
14/11/2020 13:25:39,14.89037514,11,0.718913078
14/11/2020 13:25:40,14.9902153,11,0.718697786
14/11/2020 13:25:41,14.81960011,11,0.718482554
14/11/2020 13:25:42,14.6196003,11,0.718267262
14/11/2020 13:25:43,14.41959953,11,0.71805197
14/11/2020 13:25:44,14.21959972,11,0.717836678
14/11/2020 13:25:45,14.01959991,11,0.717621446
14/11/2020 13:25:46,14.17982483,11.17982483,0.717406154
14/11/2020 13:25:47,14.37918663,11.37918663,0.717190862
14/11/2020 13:25:48,14.57854843,11.57854843,0.71697557
14/11/2020 13:25:49,14.77791023,11.77791023,0.716760278
14/11/2020 13:25:50,14.97727299,11.97727299,0.716545045
14/11/2020 13:25:51,14.91181469,11.91181469,0.716329753
14/11/2020 13:25:52,14.81228256,11.81228256,0.716114461
14/11/2020 13:25:53,14.71275043,11.71275043,0.715899169
14/11/2020 13:25:54,14.61321831,11.61321831,0.715683937
14/11/2020 13:25:55,14.51368523,11.51368523,0.715468645
14/11/2020 13:25:56,14.4141531,11.4141531,0.715253353
14/11/2020 13:25:57,14.31462097,11.31462097,0.715038061
14/11/2020 13:25:58,14.21508884,11.21508884,0.714822829
14/11/2020 13:25:59,14.11555672,11.11555672,0.714607537
14/11/2020 13:26:00,14.01602459,11.01602459,0.714392245
14/11/2020 13:26:01,14.16574478,11,0.714176953
14/11/2020 13:26:02,14.36329556,11,0.713961661
14/11/2020 13:26:03,14.56084538,11,0.713746428
14/11/2020 13:26:04,14.75839615,11,0.713531137
14/11/2020 13:26:05,14.95594597,11,0.713315845
14/11/2020 13:26:06,14.84413242,11,0.713100553
14/11/2020 13:26:07,14.64353085,11,0.71288532
14/11/2020 13:26:08,14.44292831,11,0.712670028
14/11/2020 13:26:09,14.24232674,11,0.712454736
14/11/2020 13:26:10,14.04172516,11,0.712239444
14/11/2020 13:26:11,14.15742397,11,0.712024152
14/11/2020 13:26:12,14.35619164,11,0.71180892
14/11/2020 13:26:13,14.5549593,11,0.711593628
14/11/2020 13:26:14,14.75372696,11,0.711378336
14/11/2020 13:26:15,14.95249462,11,0.711163044
14/11/2020 13:26:16,14.84780025,11,0.710947812
14/11/2020 13:26:17,14.64780045,11,0.71073252
14/11/2020 13:26:18,14.44779968,11,0.710517228
14/11/2020 13:26:19,14.24779987,11,0.710301936
14/11/2020 13:26:20,14.04780006,11,0.710086644
14/11/2020 13:26:21,14,11,0.709871411
14/11/2020 13:26:22,14,11,0.709656119
14/11/2020 13:26:23,14,11,0.709440827
14/11/2020 13:26:24,14,11,0.709225535
14/11/2020 13:26:25,14,11,0.709010303
14/11/2020 13:26:26,14,11,0.708795011
14/11/2020 13:26:27,14,11,0.708579719
14/11/2020 13:26:28,14,11,0.708364427
14/11/2020 13:26:29,14,11,0.708149135
14/11/2020 13:26:30,14,11,0.707933903
14/11/2020 13:26:31,14,11,0.707718611
14/11/2020 13:26:32,14,11,0.707503319
14/11/2020 13:26:33,14,11,0.707288027
14/11/2020 13:26:34,14,11,0.707072794
14/11/2020 13:26:35,14,11,0.706857502
14/11/2020 13:26:36,14.13745213,11.13745213,0.70664221
14/11/2020 13:26:37,14.33870029,11.33870029,0.706426919
14/11/2020 13:26:38,14.53994751,11.53994751,0.706211627
14/11/2020 13:26:39,14.74119568,11.74119568,0.705996394
14/11/2020 13:26:40,14.94244289,11.94244289,0.705781102
14/11/2020 13:26:41,14.85677052,11.85677052,0.70556581
14/11/2020 13:26:42,14.65616894,11.65616894,0.705350518
14/11/2020 13:26:43,14.45556641,11.45556641,0.705135286
14/11/2020 13:26:44,14.25496483,11.25496483,0.704919994
14/11/2020 13:26:45,14.05436325,11.05436325,0.704704702
14/11/2020 13:26:46,14.14536381,11,0.70448941
14/11/2020 13:26:47,14.34476566,11,0.704274118
14/11/2020 13:26:48,14.54416752,11,0.704058886
14/11/2020 13:26:49,14.74356937,11,0.703843594
14/11/2020 13:26:50,14.94297123,11,0.703628302
14/11/2020 13:26:51,14.9287138,11,0.70341301
14/11/2020 13:26:52,14.82887363,11,0.703197777
14/11/2020 13:26:53,14.72903347,11,0.702982485
14/11/2020 13:26:54,14.62919331,11,0.702767193
14/11/2020 13:26:55,14.52935314,11,0.702551901
14/11/2020 13:26:56,14.42951298,11,0.702336609
14/11/2020 13:26:57,14.32967281,11,0.702121377
14/11/2020 13:26:58,14.22983265,11,0.701906085
14/11/2020 13:26:59,14.12999249,11,0.701690793
14/11/2020 13:27:00,14.03015137,11,0.701475501
14/11/2020 13:27:01,14.1395998,11.1395998,0.701260269
14/11/2020 13:27:02,14.33959961,11.33959961,0.701044977
14/11/2020 13:27:03,14.53960037,11.53960037,0.700829685
14/11/2020 13:27:04,14.73960018,11.73960018,0.700614393
14/11/2020 13:27:05,14.93959999,11.93959999,0.70039916
14/11/2020 13:27:06,14.86084557,11.86084557,0.700183868
14/11/2020 13:27:07,14.66148281,11.66148281,0.699968576
14/11/2020 13:27:08,14.46212101,11.46212101,0.699753284
14/11/2020 13:27:09,14.26275921,11.26275921,0.699537992
14/11/2020 13:27:10,14.06339741,11.06339741,0.69932276
14/11/2020 13:27:11,14.13599205,11.13599205,0.699107468
14/11/2020 13:27:12,14.33539391,11.33539391,0.698892176
14/11/2020 13:27:13,14.53479576,11.53479576,0.698676884
14/11/2020 13:27:14,14.73419762,11.73419762,0.698461652
14/11/2020 13:27:15,14.93359947,11.93359947,0.69824636
14/11/2020 13:27:16,13.01172543,10.40937996,0.698031068
14/11/2020 13:27:17,10.03080273,8.024641991,0.697815776
14/11/2020 13:27:18,7.049880981,5.639904499,0.697600484
14/11/2020 13:27:19,4.068958759,3.255167007,0.697385252
14/11/2020 13:27:20,1.088036537,0.870429277,0.69716996
14/11/2020 13:27:21,0,0,0.696954668
14/11/2020 13:27:22,0,0,0.696739376
14/11/2020 13:27:23,0,0,0.696524143
14/11/2020 13:27:24,0,0,0.696308851
14/11/2020 13:27:25,0,0,0.696093559
14/11/2020 13:27:26,0,0,0.695878267
14/11/2020 13:27:27,0,0,0.695662975
14/11/2020 13:27:28,0,0,0.695447743
14/11/2020 13:27:29,0,0,0.695232451
14/11/2020 13:27:30,0,0,0.695017159
14/11/2020 13:27:31,0,0,0.694801867
14/11/2020 13:27:32,0,0,0.694586635
14/11/2020 13:27:33,0,0,0.694371343
14/11/2020 13:27:34,0,0,0.694156051
14/11/2020 13:27:35,0,0,0.693940759
14/11/2020 13:27:36,0,0,0.693725467
14/11/2020 13:27:37,0,0,0.693510234
14/11/2020 13:27:38,0,0,0.693294942
14/11/2020 13:27:39,0,0,0.69307965
14/11/2020 13:27:40,0,0,0.692864358
14/11/2020 13:27:41,0,0,0.692649126
14/11/2020 13:27:42,0,0,0.692433834
14/11/2020 13:27:43,0,0,0.692218542
14/11/2020 13:27:44,0,0,0.69200325
14/11/2020 13:27:45,0,0,0.691787958
14/11/2020 13:27:46,0,0,0.691572726
14/11/2020 13:27:47,0,0,0.691357434
14/11/2020 13:27:48,0,0,0.691142142
14/11/2020 13:27:49,0,0,0.69092685
14/11/2020 13:27:50,0,0,0.690711617
14/11/2020 13:27:51,0,0,0.690496325
14/11/2020 13:27:52,0,0,0.690281034
14/11/2020 13:27:53,0,0,0.690065742
14/11/2020 13:27:54,0,0,0.68985045
14/11/2020 13:27:55,0,0,0.689635217
14/11/2020 13:27:56,0,0,0.689419925
14/11/2020 13:27:57,0,0,0.689204633
14/11/2020 13:27:58,0,0,0.688989341
14/11/2020 13:27:59,0,0,0.688774109
14/11/2020 13:28:00,0,0,0.688558817
14/11/2020 13:28:01,0,0,0.688343525
14/11/2020 13:28:02,0,0,0.688128233
14/11/2020 13:28:03,0,0,0.687912941
14/11/2020 13:28:04,0,0,0.687697709
14/11/2020 13:28:05,0,0,0.687482417
14/11/2020 13:28:06,0,0,0.687267125
14/11/2020 13:28:07,0,0,0.687051833
14/11/2020 13:28:08,0,0,0.6868366
14/11/2020 13:28:09,0,0,0.686621308
14/11/2020 13:28:10,0,0,0.686406016
14/11/2020 13:28:11,0,0,0.686190724
14/11/2020 13:28:12,0,0,0.685975492
14/11/2020 13:28:13,0,0,0.6857602
14/11/2020 13:28:14,0,0,0.685544908
14/11/2020 13:28:15,0,0,0.685329616
14/11/2020 13:28:16,0,0,0.685114324
14/11/2020 13:28:17,0,0,0.684899092
14/11/2020 13:28:18,0,0,0.6846838
14/11/2020 13:28:19,0,0,0.684468508
14/11/2020 13:28:20,0,0,0.684253216
14/11/2020 13:28:21,0,0,0.684037983
14/11/2020 13:28:22,0,0,0.683822691
14/11/2020 13:28:23,0,0,0.683607399
14/11/2020 13:28:24,0,0,0.683392107
14/11/2020 13:28:25,0,0,0.683176816
14/11/2020 13:28:26,0,0,0.682961583
14/11/2020 13:28:27,0,0,0.682746291
14/11/2020 13:28:28,0,0,0.682530999
14/11/2020 13:28:29,0,0,0.682315707
14/11/2020 13:28:30,0,0,0.682100475
14/11/2020 13:28:31,0,0,0.681885183
14/11/2020 13:28:32,0,0,0.681669891
14/11/2020 13:28:33,0,0,0.681454599
14/11/2020 13:28:34,0,0,0.681239307
14/11/2020 13:28:35,0,0,0.681024075
14/11/2020 13:28:36,0,0,0.680808783
14/11/2020 13:28:37,0,0,0.680593491
14/11/2020 13:28:38,0,0,0.680378199
14/11/2020 13:28:39,0,0,0.680162966
14/11/2020 13:28:40,0,0,0.679947674
14/11/2020 13:28:41,0,0,0.679732382
14/11/2020 13:28:42,0,0,0.67951709
14/11/2020 13:28:43,0,0,0.679301798
14/11/2020 13:28:44,0,0,0.679086566
14/11/2020 13:28:45,0,0,0.678871274
14/11/2020 13:28:46,0,0,0.678655982
14/11/2020 13:28:47,0,0,0.67844069
14/11/2020 13:28:48,0,0,0.678225458
14/11/2020 13:28:49,0,0,0.678010166
14/11/2020 13:28:50,0,0,0.677794874
14/11/2020 13:28:51,0,0,0.677579582
14/11/2020 13:28:52,0,0,0.67736429
14/11/2020 13:28:53,0,0,0.677149057
14/11/2020 13:28:54,0,0,0.676933765
14/11/2020 13:28:55,0,0,0.676718473
14/11/2020 13:28:56,0,0,0.676503181
14/11/2020 13:28:57,0,0,0.676287949
14/11/2020 13:28:58,0,0,0.676072657
14/11/2020 13:28:59,0,0,0.675857365
14/11/2020 13:29:00,0,0,0.675642073
14/11/2020 13:29:01,0,0,0.675426781
14/11/2020 13:29:02,0,0,0.675211549
14/11/2020 13:29:03,0,0,0.674996257
14/11/2020 13:29:04,0,0,0.674780965
14/11/2020 13:29:05,0,0,0.674565673
14/11/2020 13:29:06,0,0,0.674350441
14/11/2020 13:29:07,0,0,0.674135149
14/11/2020 13:29:08,0,0,0.673919857
14/11/2020 13:29:09,0,0,0.673704565
14/11/2020 13:29:10,0,0,0.673489273
14/11/2020 13:29:11,0,0,0.67327404
14/11/2020 13:29:12,0,0,0.673058748
14/11/2020 13:29:13,0,0,0.672843456
14/11/2020 13:29:14,0,0,0.672628164
14/11/2020 13:29:15,0,0,0.672412932
14/11/2020 13:29:16,0,0,0.67219764
14/11/2020 13:29:17,0,0,0.671982348
14/11/2020 13:29:18,0,0,0.671767056
14/11/2020 13:29:19,0,0,0.671551824
14/11/2020 13:29:20,0,0,0.671336532
14/11/2020 13:29:21,0,0,0.67112124
14/11/2020 13:29:22,0,0,0.670905948
14/11/2020 13:29:23,0,0,0.670690656
14/11/2020 13:29:24,0,0,0.670475423
14/11/2020 13:29:25,0,0,0.670260131
14/11/2020 13:29:26,0,0,0.670044839
14/11/2020 13:29:27,0,0,0.669829547
14/11/2020 13:29:28,0,0,0.669614315
14/11/2020 13:29:29,0,0,0.669399023
14/11/2020 13:29:30,0,0,0.669183731
14/11/2020 13:29:31,0,0,0.668968439
14/11/2020 13:29:32,0,0,0.668753147
14/11/2020 13:29:33,0,0,0.668537915
14/11/2020 13:29:34,0,0,0.668322623
14/11/2020 13:29:35,0,0,0.668107331
14/11/2020 13:29:36,0,0,0.667892039
14/11/2020 13:29:37,0,0,0.667676806
14/11/2020 13:29:38,0,0,0.667461514
14/11/2020 13:29:39,0,0,0.667246222
14/11/2020 13:29:40,0,0,0.667030931
14/11/2020 13:29:41,0,0,0.666815639
14/11/2020 13:29:42,0,0,0.666600406
14/11/2020 13:29:43,0,0,0.666385114
14/11/2020 13:29:44,0,0,0.666169822
14/11/2020 13:29:45,0,0,0.66595453
14/11/2020 13:29:46,0,0,0.665739298
14/11/2020 13:29:47,0,0,0.665524006
14/11/2020 13:29:48,0,0,0.665308714
14/11/2020 13:29:49,0,0,0.665093422
14/11/2020 13:29:50,0,0,0.66487813
14/11/2020 13:29:51,0,0,0.664662898
14/11/2020 13:29:52,0,0,0.664447606
14/11/2020 13:29:53,0,0,0.664232314
14/11/2020 13:29:54,0,0,0.664017022
14/11/2020 13:29:55,0,0,0.663801789
14/11/2020 13:29:56,0,0,0.663586497
14/11/2020 13:29:57,0,0,0.663371205
14/11/2020 13:29:58,0,0,0.663155913
14/11/2020 13:29:59,0,0,0.662940621
14/11/2020 13:30:00,0,0,0.662725389
14/11/2020 13:30:01,0,0,0.662510097
14/11/2020 13:30:02,0,0,0.662294805
14/11/2020 13:30:03,0,0,0.662079513
14/11/2020 13:30:04,0,0,0.661864281
14/11/2020 13:30:05,0,0,0.661648989
14/11/2020 13:30:06,0,0,0.661433697
14/11/2020 13:30:07,0,0,0.661218405
14/11/2020 13:30:08,0,0,0.661003113
14/11/2020 13:30:09,0,0,0.66078788
14/11/2020 13:30:10,0,0,0.660572588
14/11/2020 13:30:11,0,0,0.660357296
14/11/2020 13:30:12,0,0,0.660142004
14/11/2020 13:30:13,0,0,0.659926772
14/11/2020 13:30:14,0,0,0.65971148
14/11/2020 13:30:15,0,0,0.659496188
14/11/2020 13:30:16,0,0,0.659280896
14/11/2020 13:30:17,0,0,0.659065604
14/11/2020 13:30:18,0,0,0.658850372
14/11/2020 13:30:19,0,0,0.65863508
14/11/2020 13:30:20,0,0,0.658419788
14/11/2020 13:30:21,0,0,0.658204496
14/11/2020 13:30:22,0,0,0.657989264
14/11/2020 13:30:23,0,0,0.657773972
14/11/2020 13:30:24,0,0,0.65755868
14/11/2020 13:30:25,0,0,0.657343388
14/11/2020 13:30:26,0,0,0.657128155
14/11/2020 13:30:27,0,0,0.656912863
14/11/2020 13:30:28,0,0,0.656697571
14/11/2020 13:30:29,0,0,0.656482279
14/11/2020 13:30:30,0,0,0.656266987
14/11/2020 13:30:31,0,0,0.656051755
14/11/2020 13:30:32,0,0,0.655836463
14/11/2020 13:30:33,0,0,0.655621171
14/11/2020 13:30:34,0,0,0.655405879
14/11/2020 13:30:35,0,0,0.655190647
14/11/2020 13:30:36,0,0,0.654975355
14/11/2020 13:30:37,0,0,0.654760063
14/11/2020 13:30:38,0,0,0.654544771
14/11/2020 13:30:39,0,0,0.654329479
14/11/2020 13:30:40,0,0,0.654114246
14/11/2020 13:30:41,0,0,0.653898954
14/11/2020 13:30:42,0,0,0.653683662
14/11/2020 13:30:43,0,0,0.65346837
14/11/2020 13:30:44,0,0,0.653253138
14/11/2020 13:30:45,0,0,0.653037846
14/11/2020 13:30:46,0,0,0.652822554
14/11/2020 13:30:47,0,0,0.652607262
14/11/2020 13:30:48,0,0,0.65239197
14/11/2020 13:30:49,0,0,0.652176738
14/11/2020 13:30:50,0,0,0.651961446
14/11/2020 13:30:51,0,0,0.651746154
14/11/2020 13:30:52,0,0,0.651530862
14/11/2020 13:30:53,0,0,0.651315629
14/11/2020 13:30:54,0,0,0.651100338
14/11/2020 13:30:55,0,0,0.650885046
14/11/2020 13:30:56,0,0,0.650669754
14/11/2020 13:30:57,0,0,0.650454462
14/11/2020 13:30:58,0,0,0.650239229
14/11/2020 13:30:59,0,0,0.650023937
14/11/2020 13:31:00,0,0,0.649808645
14/11/2020 13:31:01,0,0,0.649593353
14/11/2020 13:31:02,0,0,0.649378121
14/11/2020 13:31:03,0,0,0.649162829
14/11/2020 13:31:04,0,0,0.648947537
14/11/2020 13:31:05,0,0,0.648732245
14/11/2020 13:31:06,0,0,0.648516953
14/11/2020 13:31:07,0,0,0.648301721
14/11/2020 13:31:08,0,0,0.648086429
14/11/2020 13:31:09,0,0,0.647871137
14/11/2020 13:31:10,0,0,0.647655845
14/11/2020 13:31:11,0,0,0.647440612
14/11/2020 13:31:12,0,0,0.64722532
14/11/2020 13:31:13,0,0,0.647010028
14/11/2020 13:31:14,0,0,0.646794736
14/11/2020 13:31:15,0,0,0.646579444
14/11/2020 13:31:16,0,0,0.646364212
14/11/2020 13:31:17,0,0,0.64614892
14/11/2020 13:31:18,0,0,0.645933628
14/11/2020 13:31:19,0,0,0.645718336
14/11/2020 13:31:20,0,0,0.645503104
14/11/2020 13:31:21,0,0,0.645287812
14/11/2020 13:31:22,0,0,0.64507252
14/11/2020 13:31:23,0,0,0.644857228
14/11/2020 13:31:24,0,0,0.644641936
14/11/2020 13:31:25,0,0,0.644426703
14/11/2020 13:31:26,0,0,0.644211411
14/11/2020 13:31:27,0,0,0.643996119
14/11/2020 13:31:28,0,0,0.643780828
14/11/2020 13:31:29,0,0,0.643565595
14/11/2020 13:31:30,0,0,0.643350303
14/11/2020 13:31:31,0,0,0.643135011
14/11/2020 13:31:32,0,0,0.642919719
14/11/2020 13:31:33,0,0,0.642704487
14/11/2020 13:31:34,0,0,0.642489195
14/11/2020 13:31:35,0,0,0.642273903
14/11/2020 13:31:36,0,0,0.642058611
14/11/2020 13:31:37,0,0,0.641843319
14/11/2020 13:31:38,0,0,0.641628087
14/11/2020 13:31:39,0,0,0.641412795
14/11/2020 13:31:40,0,0,0.641197503
14/11/2020 13:31:41,0,0,0.640982211
14/11/2020 13:31:42,0,0,0.640766978
14/11/2020 13:31:43,0,0,0.640551686
14/11/2020 13:31:44,0,0,0.640336394
14/11/2020 13:31:45,0,0,0.640121102
14/11/2020 13:31:46,0,0,0.63990581
14/11/2020 13:31:47,0,0,0.639690578
14/11/2020 13:31:48,0,0,0.639475286
14/11/2020 13:31:49,0,0,0.639259994
14/11/2020 13:31:50,0,0,0.639044702
14/11/2020 13:31:51,0,0,0.63882947
14/11/2020 13:31:52,0,0,0.638614178
14/11/2020 13:31:53,0,0,0.638398886
14/11/2020 13:31:54,0,0,0.638183594
14/11/2020 13:31:55,0,0,0.637968302
14/11/2020 13:31:56,0,0,0.637753069
14/11/2020 13:31:57,0,0,0.637537777
14/11/2020 13:31:58,0,0,0.637322485
14/11/2020 13:31:59,0,0,0.637107193
14/11/2020 13:32:00,0,0,0.636891961
14/11/2020 13:32:01,0,0,0.636676669
14/11/2020 13:32:02,0,0,0.636461377
14/11/2020 13:32:03,0,0,0.636246085
14/11/2020 13:32:04,0,0,0.636030793
14/11/2020 13:32:05,0,0,0.635815561
14/11/2020 13:32:06,0,0,0.635600269
14/11/2020 13:32:07,0,0,0.635384977
14/11/2020 13:32:08,0,0,0.635169685
14/11/2020 13:32:09,0,0,0.634954453
14/11/2020 13:32:10,0,0,0.634739161
14/11/2020 13:32:11,0,0,0.634523869
14/11/2020 13:32:12,0,0,0.634308577
14/11/2020 13:32:13,0,0,0.634093285
14/11/2020 13:32:14,0,0,0.633878052
14/11/2020 13:32:15,0,0,0.63366276
14/11/2020 13:32:16,0,0,0.633447468
14/11/2020 13:32:17,0,0,0.633232176
14/11/2020 13:32:18,0,0,0.633016944
14/11/2020 13:32:19,0,0,0.632801652
14/11/2020 13:32:20,0,0,0.63258636
14/11/2020 13:32:21,0,0,0.632371068
14/11/2020 13:32:22,0,0,0.632155776
14/11/2020 13:32:23,0,0,0.631940544
14/11/2020 13:32:24,0,0,0.631725252
14/11/2020 13:32:25,0,0,0.63150996
14/11/2020 13:32:26,0,0,0.631294668
14/11/2020 13:32:27,0,0,0.631079435
14/11/2020 13:32:28,0,0,0.630864143
14/11/2020 13:32:29,0,0,0.630648851
14/11/2020 13:32:30,0,0,0.630433559
14/11/2020 13:32:31,0,0,0.630218267
14/11/2020 13:32:32,0,0,0.630003035
14/11/2020 13:32:33,0,0,0.629787743
14/11/2020 13:32:34,0,0,0.629572451
14/11/2020 13:32:35,0,0,0.629357159
14/11/2020 13:32:36,0,0,0.629141927
14/11/2020 13:32:37,0,0,0.628926635
14/11/2020 13:32:38,0,0,0.628711343
14/11/2020 13:32:39,0,0,0.628496051
14/11/2020 13:32:40,0,0,0.628280818
14/11/2020 13:32:41,0,0,0.628065526
14/11/2020 13:32:42,0,0,0.627850235
14/11/2020 13:32:43,0,0,0.627634943
14/11/2020 13:32:44,0,0,0.627419651
14/11/2020 13:32:45,0,0,0.627204418
14/11/2020 13:32:46,0,0,0.626989126
14/11/2020 13:32:47,0,0,0.626773834
14/11/2020 13:32:48,0,0,0.626558542
14/11/2020 13:32:49,0,0,0.62634331
14/11/2020 13:32:50,0,0,0.626128018
14/11/2020 13:32:51,0,0,0.625912726
14/11/2020 13:32:52,0,0,0.625697434
14/11/2020 13:32:53,0,0,0.625482142
14/11/2020 13:32:54,0,0,0.62526691
14/11/2020 13:32:55,0,0,0.625051618
14/11/2020 13:32:56,0,0,0.624836326
14/11/2020 13:32:57,0,0,0.624621034
14/11/2020 13:32:58,0,0,0.624405801
14/11/2020 13:32:59,0,0,0.624190509
14/11/2020 13:33:00,0,0,0.623975217
14/11/2020 13:33:01,0,0,0.623759925
14/11/2020 13:33:02,0,0,0.623544633
14/11/2020 13:33:03,0,0,0.623329401
14/11/2020 13:33:04,0,0,0.623114109
14/11/2020 13:33:05,0,0,0.622898817
14/11/2020 13:33:06,0,0,0.622683525
14/11/2020 13:33:07,0,0,0.622468293
14/11/2020 13:33:08,0,0,0.622253001
14/11/2020 13:33:09,0,0,0.622037709
14/11/2020 13:33:10,0,0,0.621822417
14/11/2020 13:33:11,0,0,0.621607125
14/11/2020 13:33:12,0,0,0.621391892
14/11/2020 13:33:13,0,0,0.6211766
14/11/2020 13:33:14,0,0,0.620961308
14/11/2020 13:33:15,0,0,0.620746017
14/11/2020 13:33:16,0,0,0.620530784
14/11/2020 13:33:17,0,0,0.620315492
14/11/2020 13:33:18,0,0,0.6201002
14/11/2020 13:33:19,0,0,0.619884908
14/11/2020 13:33:20,0,0,0.619669616
14/11/2020 13:33:21,0,0,0.619454384
14/11/2020 13:33:22,0,0,0.619239092
14/11/2020 13:33:23,0,0,0.6190238
14/11/2020 13:33:24,0,0,0.618808508
14/11/2020 13:33:25,0,0,0.618593276
14/11/2020 13:33:26,0,0,0.618377984
14/11/2020 13:33:27,0,0,0.618162692
14/11/2020 13:33:28,0,0,0.6179474
14/11/2020 13:33:29,0,0,0.617732108
14/11/2020 13:33:30,0,0,0.617516875
14/11/2020 13:33:31,0,0,0.617301583
14/11/2020 13:33:32,0,0,0.617086291
14/11/2020 13:33:33,0,0,0.616870999
14/11/2020 13:33:34,0,0,0.616655767
14/11/2020 13:33:35,0,0,0.616440475
14/11/2020 13:33:36,0,0,0.616225183
14/11/2020 13:33:37,0,0,0.616009891
14/11/2020 13:33:38,0,0,0.615794599
14/11/2020 13:33:39,0,0,0.615579367
14/11/2020 13:33:40,0,0,0.615364075
14/11/2020 13:33:41,0,0,0.615148783
14/11/2020 13:33:42,0,0,0.614933491
14/11/2020 13:33:43,0,0,0.614718258
14/11/2020 13:33:44,0,0,0.614502966
14/11/2020 13:33:45,0,0,0.614287674
14/11/2020 13:33:46,0,0,0.614072382
14/11/2020 13:33:47,0,0,0.61385709
14/11/2020 13:33:48,0,0,0.613641858
14/11/2020 13:33:49,0,0,0.613426566
14/11/2020 13:33:50,0,0,0.613211274
14/11/2020 13:33:51,0,0,0.612995982
14/11/2020 13:33:52,0,0,0.61278075
14/11/2020 13:33:53,0,0,0.612565458
14/11/2020 13:33:54,0,0,0.612350166
14/11/2020 13:33:55,0,0,0.612134874
14/11/2020 13:33:56,0,0,0.611919641
14/11/2020 13:33:57,0,0,0.61170435
14/11/2020 13:33:58,0,0,0.611489058
14/11/2020 13:33:59,0,0,0.611273766
14/11/2020 13:34:00,0,0,0.611058474
14/11/2020 13:34:01,0,0,0.610843241
14/11/2020 13:34:02,0,0,0.610627949
14/11/2020 13:34:03,0,0,0.610412657
14/11/2020 13:34:04,0,0,0.610197365
14/11/2020 13:34:05,0,0,0.609982133
14/11/2020 13:34:06,0,0,0.609766841
14/11/2020 13:34:07,0,0,0.609551549
14/11/2020 13:34:08,0,0,0.609336257
14/11/2020 13:34:09,0,0,0.609120965
14/11/2020 13:34:10,0,0,0.608905733
14/11/2020 13:34:11,0,0,0.608690441
14/11/2020 13:34:12,0,0,0.608475149
14/11/2020 13:34:13,0,0,0.608259857
14/11/2020 13:34:14,0,0,0.608044624
14/11/2020 13:34:15,0,0,0.607829332
14/11/2020 13:34:16,0,0,0.60761404
14/11/2020 13:34:17,0,0,0.607398748
14/11/2020 13:34:18,0,0,0.607183456
14/11/2020 13:34:19,0,0,0.606968224
14/11/2020 13:34:20,0,0,0.606752932
14/11/2020 13:34:21,0,0,0.60653764
14/11/2020 13:34:22,0,0,0.606322348
14/11/2020 13:34:23,0,0,0.606107116
14/11/2020 13:34:24,0,0,0.605891824
14/11/2020 13:34:25,0,0,0.605676532
14/11/2020 13:34:26,0,0,0.60546124
14/11/2020 13:34:27,0,0,0.605245948
14/11/2020 13:34:28,0,0,0.605030715
14/11/2020 13:34:29,0,0,0.604815423
14/11/2020 13:34:30,0,0,0.604600132
14/11/2020 13:34:31,0,0,0.60438484
14/11/2020 13:34:32,0,0,0.604169607
14/11/2020 13:34:33,0,0,0.603954315
14/11/2020 13:34:34,0,0,0.603739023
14/11/2020 13:34:35,0,0,0.603523731
14/11/2020 13:34:36,0,0,0.603308439
14/11/2020 13:34:37,0,0,0.603093207
14/11/2020 13:34:38,0,0,0.602877915
14/11/2020 13:34:39,0,0,0.602662623
14/11/2020 13:34:40,0,0,0.602447331
14/11/2020 13:34:41,0,0,0.602232099
14/11/2020 13:34:42,0,0,0.602016807
14/11/2020 13:34:43,0,0,0.601801515
14/11/2020 13:34:44,0,0,0.601586223
14/11/2020 13:34:45,0,0,0.601370931
14/11/2020 13:34:46,0,0,0.601155698
14/11/2020 13:34:47,0,0,0.600940406
14/11/2020 13:34:48,0,0,0.600725114
14/11/2020 13:34:49,0,0,0.600509822
14/11/2020 13:34:50,0,0,0.60029459
14/11/2020 13:34:51,0,0,0.600079298
14/11/2020 13:34:52,0,0,0.599864006
14/11/2020 13:34:53,0,0,0.599648714
14/11/2020 13:34:54,0,0,0.599433422
14/11/2020 13:34:55,0,0,0.59921819
14/11/2020 13:34:56,0,0,0.599002898
14/11/2020 13:34:57,0,0,0.598787606
14/11/2020 13:34:58,0,0,0.598572314
14/11/2020 13:34:59,0,0,0.598357081
14/11/2020 13:35:00,0,0,0.598141789
14/11/2020 13:35:01,0,0,0.597926497
14/11/2020 13:35:02,0,0,0.597711205
14/11/2020 13:35:03,0,0,0.597495973
14/11/2020 13:35:04,0,0,0.597280681
14/11/2020 13:35:05,0,0,0.597065389
14/11/2020 13:35:06,0,0,0.596850097
14/11/2020 13:35:07,0,0,0.596634805
14/11/2020 13:35:08,0,0,0.596419573
14/11/2020 13:35:09,0,0,0.596204281
14/11/2020 13:35:10,0,0,0.595988989
14/11/2020 13:35:11,0,0,0.595773697
14/11/2020 13:35:12,0,0,0.595558465
14/11/2020 13:35:13,0,0,0.595343173
14/11/2020 13:35:14,0,0,0.595127881
14/11/2020 13:35:15,0,0,0.594912589
14/11/2020 13:35:16,0,0,0.594697297
14/11/2020 13:35:17,0,0,0.594482064
14/11/2020 13:35:18,0,0,0.594266772
14/11/2020 13:35:19,0,0,0.59405148
14/11/2020 13:35:20,0,0,0.593836188
14/11/2020 13:35:21,0,0,0.593620956
14/11/2020 13:35:22,0,0,0.593405664
14/11/2020 13:35:23,0,0,0.593190372
14/11/2020 13:35:24,0,0,0.59297508
14/11/2020 13:35:25,0,0,0.592759788
14/11/2020 13:35:26,0,0,0.592544556
14/11/2020 13:35:27,0,0,0.592329264
14/11/2020 13:35:28,0,0,0.592113972
14/11/2020 13:35:29,0,0,0.59189868
14/11/2020 13:35:30,0,0,0.591683447
14/11/2020 13:35:31,0,0,0.591468155
14/11/2020 13:35:32,0,0,0.591252863
14/11/2020 13:35:33,0,0,0.591037571
14/11/2020 13:35:34,0,0,0.590822279
14/11/2020 13:35:35,0,0,0.590607047
14/11/2020 13:35:36,0,0,0.590391755
14/11/2020 13:35:37,0,0,0.590176463
14/11/2020 13:35:38,0,0,0.589961171
14/11/2020 13:35:39,0,0,0.589745939
14/11/2020 13:35:40,0,0,0.589530647
14/11/2020 13:35:41,0,0,0.589315355
14/11/2020 13:35:42,0,0,0.589100063
14/11/2020 13:35:43,0,0,0.588884771
14/11/2020 13:35:44,0,0,0.588669538
14/11/2020 13:35:45,0,0,0.588454247
14/11/2020 13:35:46,0,0,0.588238955
14/11/2020 13:35:47,0,0,0.588023663
14/11/2020 13:35:48,0,0,0.58780843
14/11/2020 13:35:49,0,0,0.587593138
14/11/2020 13:35:50,0,0,0.587377846
14/11/2020 13:35:51,0,0,0.587162554
14/11/2020 13:35:52,0,0,0.586947262
14/11/2020 13:35:53,0,0,0.58673203
14/11/2020 13:35:54,0,0,0.586516738
14/11/2020 13:35:55,0,0,0.586301446
14/11/2020 13:35:56,0,0,0.586086154
14/11/2020 13:35:57,0,0,0.585870922
14/11/2020 13:35:58,0,0,0.58565563
14/11/2020 13:35:59,0,0,0.585440338
14/11/2020 13:36:00,0,0,0.585225046
14/11/2020 13:36:01,0,0,0.585009754
14/11/2020 13:36:02,0,0,0.584794521
14/11/2020 13:36:03,0,0,0.584579229
14/11/2020 13:36:04,0,0,0.584363937
14/11/2020 13:36:05,0,0,0.584148645
14/11/2020 13:36:06,0,0,0.583933413
14/11/2020 13:36:07,0,0,0.583718121
14/11/2020 13:36:08,0,0,0.583502829
14/11/2020 13:36:09,0,0,0.583287537
14/11/2020 13:36:10,0,0,0.583072305
14/11/2020 13:36:11,0,0,0.582857013
14/11/2020 13:36:12,0,0,0.582641721
14/11/2020 13:36:13,0,0,0.582426429
14/11/2020 13:36:14,0,0,0.582211137
14/11/2020 13:36:15,0,0,0.581995904
14/11/2020 13:36:16,0,0,0.581780612
14/11/2020 13:36:17,0,0,0.58156532
14/11/2020 13:36:18,0,0,0.581350029
14/11/2020 13:36:19,0,0,0.581134796
14/11/2020 13:36:20,0,0,0.580919504
14/11/2020 13:36:21,0,0,0.580704212
14/11/2020 13:36:22,0,0,0.58048892
14/11/2020 13:36:23,0,0,0.580273628
14/11/2020 13:36:24,0,0,0.580058396
14/11/2020 13:36:25,0,0,0.579843104
14/11/2020 13:36:26,0,0,0.579627812
14/11/2020 13:36:27,0,0,0.57941252
14/11/2020 13:36:28,0,0,0.579197288
14/11/2020 13:36:29,0,0,0.578981996
14/11/2020 13:36:30,0,0,0.578766704
14/11/2020 13:36:31,0,0,0.578551412
14/11/2020 13:36:32,0,0,0.57833612
14/11/2020 13:36:33,0,0,0.578120887
14/11/2020 13:36:34,0,0,0.577905595
14/11/2020 13:36:35,0,0,0.577690303
14/11/2020 13:36:36,0,0,0.577475011
14/11/2020 13:36:37,0,0,0.577259779
14/11/2020 13:36:38,0,0,0.577044487
14/11/2020 13:36:39,0,0,0.576829195
14/11/2020 13:36:40,0,0,0.576613903
14/11/2020 13:36:41,0,0,0.576398611
14/11/2020 13:36:42,0,0,0.576183379
14/11/2020 13:36:43,0,0,0.575968087
14/11/2020 13:36:44,0,0,0.575752795
14/11/2020 13:36:45,0,0,0.575537503
14/11/2020 13:36:46,0,0,0.57532227
14/11/2020 13:36:47,0,0,0.575106978
14/11/2020 13:36:48,0,0,0.574891686
14/11/2020 13:36:49,0,0,0.574676394
14/11/2020 13:36:50,0,0,0.574461102
14/11/2020 13:36:51,0,0,0.57424587
14/11/2020 13:36:52,0,0,0.574030578
14/11/2020 13:36:53,0,0,0.573815286
14/11/2020 13:36:54,0,0,0.573599994
14/11/2020 13:36:55,0,0,0.573384762
14/11/2020 13:36:56,0,0,0.57316947
14/11/2020 13:36:57,0,0,0.572954178
14/11/2020 13:36:58,0,0,0.572738886
14/11/2020 13:36:59,0,0,0.572523594
14/11/2020 13:37:00,0,0,0.572308362
14/11/2020 13:37:01,0,0,0.57209307
14/11/2020 13:37:02,0,0,0.571877778
14/11/2020 13:37:03,0,0,0.571662486
14/11/2020 13:37:04,0,0,0.571447253
14/11/2020 13:37:05,0,0,0.571231961
14/11/2020 13:37:06,0,0,0.571016669
14/11/2020 13:37:07,0,0,0.570801377
14/11/2020 13:37:08,0,0,0.570586085
14/11/2020 13:37:09,0,0,0.570370853
14/11/2020 13:37:10,0,0,0.570155561
14/11/2020 13:37:11,0,0,0.569940269
14/11/2020 13:37:12,0,0,0.569724977
14/11/2020 13:37:13,0,0,0.569509745
14/11/2020 13:37:14,0,0,0.569294453
14/11/2020 13:37:15,0,0,0.569079161
14/11/2020 13:37:16,0,0,0.568863869
14/11/2020 13:37:17,0,0,0.568648636
14/11/2020 13:37:18,0,0,0.568433344
14/11/2020 13:37:19,0,0,0.568218052
14/11/2020 13:37:20,0,0,0.56800276
14/11/2020 13:37:21,0,0,0.567787468
14/11/2020 13:37:22,0,0,0.567572236
14/11/2020 13:37:23,0,0,0.567356944
14/11/2020 13:37:24,0,0,0.567141652
14/11/2020 13:37:25,0,0,0.56692636
14/11/2020 13:37:26,0,0,0.566711128
14/11/2020 13:37:27,0,0,0.566495836
14/11/2020 13:37:28,0,0,0.566280544
14/11/2020 13:37:29,0,0,0.566065252
14/11/2020 13:37:30,0,0,0.56584996
14/11/2020 13:37:31,0,0,0.565634727
14/11/2020 13:37:32,0,0,0.565419436
14/11/2020 13:37:33,0,0,0.565204144
14/11/2020 13:37:34,0,0,0.564988852
14/11/2020 13:37:35,0,0,0.564773619
14/11/2020 13:37:36,0,0,0.564558327
14/11/2020 13:37:37,0,0,0.564343035
14/11/2020 13:37:38,0,0,0.564127743
14/11/2020 13:37:39,0,0,0.563912451
14/11/2020 13:37:40,0,0,0.563697219
14/11/2020 13:37:41,0,0,0.563481927
14/11/2020 13:37:42,0,0,0.563266635
14/11/2020 13:37:43,0,0,0.563051343
14/11/2020 13:37:44,0,0,0.562836111
14/11/2020 13:37:45,0,0,0.562620819
14/11/2020 13:37:46,0,0,0.562405527
14/11/2020 13:37:47,0,0,0.562190235
14/11/2020 13:37:48,0,0,0.561974943
14/11/2020 13:37:49,0,0,0.56175971
14/11/2020 13:37:50,0,0,0.561544418
14/11/2020 13:37:51,0,0,0.561329126
14/11/2020 13:37:52,0,0,0.561113834
14/11/2020 13:37:53,0,0,0.560898602
14/11/2020 13:37:54,0,0,0.56068331
14/11/2020 13:37:55,0,0,0.560468018
14/11/2020 13:37:56,0,0,0.560252726
14/11/2020 13:37:57,0,0,0.560037434
14/11/2020 13:37:58,0,0,0.559822202
14/11/2020 13:37:59,0,0,0.55960691
14/11/2020 13:38:00,0,0,0.559391618
14/11/2020 13:38:01,0,0,0.559176326
14/11/2020 13:38:02,0,0,0.558961093
14/11/2020 13:38:03,0,0,0.558745801
14/11/2020 13:38:04,0,0,0.558530509
14/11/2020 13:38:05,0,0,0.558315217
14/11/2020 13:38:06,0,0,0.558099926
14/11/2020 13:38:07,0,0,0.557884693
14/11/2020 13:38:08,0,0,0.557669401
14/11/2020 13:38:09,0,0,0.557454109
14/11/2020 13:38:10,0,0,0.557238817
14/11/2020 13:38:11,0,0,0.557023585
14/11/2020 13:38:12,0,0,0.556808293
14/11/2020 13:38:13,0,0,0.556593001
14/11/2020 13:38:14,0,0,0.556377709
14/11/2020 13:38:15,0,0,0.556162417
14/11/2020 13:38:16,0,0,0.555947185
14/11/2020 13:38:17,0,0,0.555731893
14/11/2020 13:38:18,0,0,0.555516601
14/11/2020 13:38:19,0,0,0.555301309
14/11/2020 13:38:20,0,0,0.555086076
14/11/2020 13:38:21,0,0,0.554870784
14/11/2020 13:38:22,0,0,0.554655492
14/11/2020 13:38:23,0,0,0.5544402
14/11/2020 13:38:24,0,0,0.554224968
14/11/2020 13:38:25,0,0,0.554009676
14/11/2020 13:38:26,0,0,0.553794384
14/11/2020 13:38:27,0,0,0.553579092
14/11/2020 13:38:28,0,0,0.5533638
14/11/2020 13:38:29,0,0,0.553148568
14/11/2020 13:38:30,0,0,0.552933276
14/11/2020 13:38:31,0,0,0.552717984
14/11/2020 13:38:32,0,0,0.552502692
14/11/2020 13:38:33,0,0,0.552287459
14/11/2020 13:38:34,0,0,0.552072167
14/11/2020 13:38:35,0,0,0.551856875
14/11/2020 13:38:36,0,0,0.551641583
14/11/2020 13:38:37,0,0,0.551426291
14/11/2020 13:38:38,0,0,0.551211059
14/11/2020 13:38:39,0,0,0.550995767
14/11/2020 13:38:40,0,0,0.550780475
14/11/2020 13:38:41,0,0,0.550565183
14/11/2020 13:38:42,0,0,0.550349951
14/11/2020 13:38:43,0,0,0.550134659
14/11/2020 13:38:44,0,0,0.549919367
14/11/2020 13:38:45,0,0,0.549704075
14/11/2020 13:38:46,0,0,0.549488783
14/11/2020 13:38:47,0,0,0.549273551
14/11/2020 13:38:48,0,0,0.549058259
14/11/2020 13:38:49,0,0,0.548842967
14/11/2020 13:38:50,0,0,0.548627675
14/11/2020 13:38:51,0,0,0.548412442
14/11/2020 13:38:52,0,0,0.54819715
14/11/2020 13:38:53,0,0,0.547981858
14/11/2020 13:38:54,0,0,0.547766566
14/11/2020 13:38:55,0,0,0.547551274
14/11/2020 13:38:56,0,0,0.547336042
14/11/2020 13:38:57,0,0,0.54712075
14/11/2020 13:38:58,0,0,0.546905458
14/11/2020 13:38:59,0,0,0.546690166
14/11/2020 13:39:00,0,0,0.546474934
14/11/2020 13:39:01,0,0,0.546259642
14/11/2020 13:39:02,0,0,0.54604435
14/11/2020 13:39:03,0,0,0.545829058
14/11/2020 13:39:04,0,0,0.545613766
14/11/2020 13:39:05,0,0,0.545398533
14/11/2020 13:39:06,0,0,0.545183241
14/11/2020 13:39:07,0,0,0.544967949
14/11/2020 13:39:08,0,0,0.544752657
14/11/2020 13:39:09,0,0,0.544537425
14/11/2020 13:39:10,0,0,0.544322133
14/11/2020 13:39:11,0,0,0.544106841
14/11/2020 13:39:12,0,0,0.543891549
14/11/2020 13:39:13,0,0,0.543676257
14/11/2020 13:39:14,0,0,0.543461025
14/11/2020 13:39:15,0,0,0.543245733
14/11/2020 13:39:16,0,0,0.543030441
14/11/2020 13:39:17,0,0,0.542815149
14/11/2020 13:39:18,0,0,0.542599916
14/11/2020 13:39:19,0,0,0.542384624
14/11/2020 13:39:20,0,0,0.542169333
14/11/2020 13:39:21,0,0,0.541954041
14/11/2020 13:39:22,0,0,0.541738749
14/11/2020 13:39:23,0,0,0.541523516
14/11/2020 13:39:24,0,0,0.541308224
14/11/2020 13:39:25,0,0,0.541092932
14/11/2020 13:39:26,0,0,0.54087764
14/11/2020 13:39:27,0,0,0.540662408
14/11/2020 13:39:28,0,0,0.540447116
14/11/2020 13:39:29,0,0,0.540231824
14/11/2020 13:39:30,0,0,0.540016532
14/11/2020 13:39:31,0,0,0.5398013
14/11/2020 13:39:32,0,0,0.539586008
14/11/2020 13:39:33,0,0,0.539370716
14/11/2020 13:39:34,0,0,0.539155424
14/11/2020 13:39:35,0,0,0.538940132
14/11/2020 13:39:36,0,0,0.538724899
14/11/2020 13:39:37,0,0,0.538509607
14/11/2020 13:39:38,0,0,0.538294315
14/11/2020 13:39:39,0,0,0.538079023
14/11/2020 13:39:40,0,0,0.537863791
14/11/2020 13:39:41,0,0,0.537648499
14/11/2020 13:39:42,0,0,0.537433207
14/11/2020 13:39:43,0,0,0.537217915
14/11/2020 13:39:44,0,0,0.537002623
14/11/2020 13:39:45,0,0,0.536787391
14/11/2020 13:39:46,0,0,0.536572099
14/11/2020 13:39:47,0,0,0.536356807
14/11/2020 13:39:48,0,0,0.536141515
14/11/2020 13:39:49,0,0,0.535926282
14/11/2020 13:39:50,0,0,0.53571099
14/11/2020 13:39:51,0,0,0.535495698
14/11/2020 13:39:52,0,0,0.535280406
14/11/2020 13:39:53,0,0,0.535065114
14/11/2020 13:39:54,0,0,0.534849882
14/11/2020 13:39:55,0,0,0.53463459
14/11/2020 13:39:56,0,0,0.534419298
14/11/2020 13:39:57,0,0,0.534204006
14/11/2020 13:39:58,0,0,0.533988774
14/11/2020 13:39:59,0,0,0.533773482
14/11/2020 13:40:00,0,0,0.53355819
14/11/2020 13:40:01,0,0,0.533342898
14/11/2020 13:40:02,0,0,0.533127606
14/11/2020 13:40:03,0,0,0.532912374
14/11/2020 13:40:04,0,0,0.532697082
14/11/2020 13:40:05,0,0,0.53248179
14/11/2020 13:40:06,0,0,0.532266498
14/11/2020 13:40:07,0,0,0.532051265
14/11/2020 13:40:08,0,0,0.531835973
14/11/2020 13:40:09,0,0,0.531620681
14/11/2020 13:40:10,0,0,0.531405389
14/11/2020 13:40:11,0,0,0.531190097
14/11/2020 13:40:12,0,0,0.530974865
14/11/2020 13:40:13,0,0,0.530759573
14/11/2020 13:40:14,0,0,0.530544281
14/11/2020 13:40:15,0,0,0.530328989
14/11/2020 13:40:16,0,0,0.530113757
14/11/2020 13:40:17,0,0,0.529898465
14/11/2020 13:40:18,0,0,0.529683173
14/11/2020 13:40:19,0,0,0.529467881
14/11/2020 13:40:20,0,0,0.529252589
14/11/2020 13:40:21,0,0,0.529037356
14/11/2020 13:40:22,0,0,0.528822064
14/11/2020 13:40:23,0,0,0.528606772
14/11/2020 13:40:24,0,0,0.52839148
14/11/2020 13:40:25,0,0,0.528176248
14/11/2020 13:40:26,0,0,0.527960956
14/11/2020 13:40:27,0,0,0.527745664
14/11/2020 13:40:28,0,0,0.527530372
14/11/2020 13:40:29,0,0,0.52731508
14/11/2020 13:40:30,0,0,0.527099848
14/11/2020 13:40:31,0,0,0.526884556
14/11/2020 13:40:32,0,0,0.526669264
14/11/2020 13:40:33,0,0,0.526453972
14/11/2020 13:40:34,0,0,0.526238739
14/11/2020 13:40:35,0,0,0.526023448
14/11/2020 13:40:36,0,0,0.525808156
14/11/2020 13:40:37,0,0,0.525592864
14/11/2020 13:40:38,0,0,0.525377631
14/11/2020 13:40:39,0,0,0.525162339
14/11/2020 13:40:40,0,0,0.524947047
14/11/2020 13:40:41,0,0,0.524731755
14/11/2020 13:40:42,0,0,0.524516463
14/11/2020 13:40:43,0,0,0.524301231
14/11/2020 13:40:44,0,0,0.524085939
14/11/2020 13:40:45,0,0,0.523870647
14/11/2020 13:40:46,0,0,0.523655355
14/11/2020 13:40:47,0,0,0.523440123
14/11/2020 13:40:48,0,0,0.523224831
14/11/2020 13:40:49,0,0,0.523009539
14/11/2020 13:40:50,0,0,0.522794247
14/11/2020 13:40:51,0,0,0.522578955
14/11/2020 13:40:52,0,0,0.522363722
14/11/2020 13:40:53,0,0,0.52214843
14/11/2020 13:40:54,0,0,0.521933138
14/11/2020 13:40:55,0,0,0.521717846
14/11/2020 13:40:56,0,0,0.521502614
14/11/2020 13:40:57,0,0,0.521287322
14/11/2020 13:40:58,0,0,0.52107203
14/11/2020 13:40:59,0,0,0.520856738
14/11/2020 13:41:00,0,0,0.520641446
14/11/2020 13:41:01,0,0,0.520426214
14/11/2020 13:41:02,0,0,0.520210922
14/11/2020 13:41:03,0,0,0.51999563
14/11/2020 13:41:04,0,0,0.519780338
14/11/2020 13:41:05,0,0,0.519565105
14/11/2020 13:41:06,0,0,0.519349813
14/11/2020 13:41:07,0,0,0.519134521
14/11/2020 13:41:08,0,0,0.51891923
14/11/2020 13:41:09,0,0,0.518703938
14/11/2020 13:41:10,0,0,0.518488705
14/11/2020 13:41:11,0,0,0.518273413
14/11/2020 13:41:12,0,0,0.518058121
14/11/2020 13:41:13,0,0,0.517842829
14/11/2020 13:41:14,0,0,0.517627597
14/11/2020 13:41:15,0,0,0.517412305
14/11/2020 13:41:16,0,0,0.517197013
14/11/2020 13:41:17,0,0,0.516981721
14/11/2020 13:41:18,0,0,0.516766429
14/11/2020 13:41:19,0,0,0.516551197
14/11/2020 13:41:20,0,0,0.516335905
14/11/2020 13:41:21,0,0,0.516120613
14/11/2020 13:41:22,0,0,0.515905321
14/11/2020 13:41:23,0,0,0.515690088
14/11/2020 13:41:24,0,0,0.515474796
14/11/2020 13:41:25,0,0,0.515259504
14/11/2020 13:41:26,0,0,0.515044212
14/11/2020 13:41:27,0,0,0.51482892
14/11/2020 13:41:28,0,0,0.514613688
14/11/2020 13:41:29,0,0,0.514398396
14/11/2020 13:41:30,0,0,0.514183104
14/11/2020 13:41:31,0,0,0.513967812
14/11/2020 13:41:32,0,0,0.51375258
14/11/2020 13:41:33,0,0,0.513537288
14/11/2020 13:41:34,0,0,0.513321996
14/11/2020 13:41:35,0,0,0.513106704
14/11/2020 13:41:36,0,0,0.512891412
14/11/2020 13:41:37,0,0,0.512676179
14/11/2020 13:41:38,0,0,0.512460887
14/11/2020 13:41:39,0,0,0.512245595
14/11/2020 13:41:40,0,0,0.512030303
14/11/2020 13:41:41,0,0,0.511815071
14/11/2020 13:41:42,0,0,0.511599779
14/11/2020 13:41:43,0,0,0.511384487
14/11/2020 13:41:44,0,0,0.511169195
14/11/2020 13:41:45,0,0,0.510953963
14/11/2020 13:41:46,0,0,0.510738671
14/11/2020 13:41:47,0,0,0.510523379
14/11/2020 13:41:48,0,0,0.510308087
14/11/2020 13:41:49,0,0,0.510092795
14/11/2020 13:41:50,0,0,0.509877563
14/11/2020 13:41:51,0,0,0.509662271
14/11/2020 13:41:52,0,0,0.509446979
14/11/2020 13:41:53,0,0,0.509231687
14/11/2020 13:41:54,0,0,0.509016454
14/11/2020 13:41:55,0,0,0.508801162
14/11/2020 13:41:56,0,0,0.50858587
14/11/2020 13:41:57,0,0,0.508370578
14/11/2020 13:41:58,0,0,0.508155286
14/11/2020 13:41:59,0,0,0.507940054
14/11/2020 13:42:00,0,0,0.507724762
14/11/2020 13:42:01,0,0,0.50750947
14/11/2020 13:42:02,0,0,0.507294178
14/11/2020 13:42:03,0,0,0.507078946
14/11/2020 13:42:04,0,0,0.506863654
14/11/2020 13:42:05,0,0,0.506648362
14/11/2020 13:42:06,0,0,0.50643307
14/11/2020 13:42:07,0,0,0.506217778
14/11/2020 13:42:08,0,0,0.506002545
14/11/2020 13:42:09,0,0,0.505787253
14/11/2020 13:42:10,0,0,0.505571961
14/11/2020 13:42:11,0,0,0.505356669
14/11/2020 13:42:12,0,0,0.505141437
14/11/2020 13:42:13,0,0,0.504926145
14/11/2020 13:42:14,0,0,0.504710853
14/11/2020 13:42:15,0,0,0.504495561
14/11/2020 13:42:16,0,0,0.504280269
14/11/2020 13:42:17,0,0,0.504065037
14/11/2020 13:42:18,0,0,0.503849745
14/11/2020 13:42:19,0,0,0.503634453
14/11/2020 13:42:20,0,0,0.503419161
14/11/2020 13:42:21,0,0,0.503203928
14/11/2020 13:42:22,0,0,0.502988636
14/11/2020 13:42:23,0,0,0.502773345
14/11/2020 13:42:24,0,0,0.502558053
14/11/2020 13:42:25,0,0,0.502342761
14/11/2020 13:42:26,0,0,0.502127528
14/11/2020 13:42:27,0,0,0.501912236
14/11/2020 13:42:28,0,0,0.501696944
14/11/2020 13:42:29,0,0,0.501481652
14/11/2020 13:42:30,0,0,0.50126642
14/11/2020 13:42:31,0,0,0.501051128
14/11/2020 13:42:32,0,0,0.500835836
14/11/2020 13:42:33,0,0,0.500620544
14/11/2020 13:42:34,0,0,0.500405252
14/11/2020 13:42:35,0,0,0.50019002
14/11/2020 13:42:36,0,0,0.499974728
14/11/2020 13:42:37,0,0,0.499759436
14/11/2020 13:42:38,0,0,0.499544173
14/11/2020 13:42:39,0,0,0.499328882
14/11/2020 13:42:40,0,0,0.499113619
14/11/2020 13:42:41,0,0,0.498898327
14/11/2020 13:42:42,0,0,0.498683065
14/11/2020 13:42:43,0,0,0.498467773
14/11/2020 13:42:44,0,0,0.498252481
14/11/2020 13:42:45,0,0,0.498037219
14/11/2020 13:42:46,0,0,0.497821927
14/11/2020 13:42:47,0,0,0.497606665
14/11/2020 13:42:48,0,0,0.497391373
14/11/2020 13:42:49,0,0,0.497176111
14/11/2020 13:42:50,0,0,0.496960819
14/11/2020 13:42:51,0,0,0.496745557
14/11/2020 13:42:52,0,0,0.496530265
14/11/2020 13:42:53,0,0,0.496314973
14/11/2020 13:42:54,0,0,0.49609971
14/11/2020 13:42:55,0,0,0.495884418
14/11/2020 13:42:56,0,0,0.495669156
14/11/2020 13:42:57,0,0,0.495453864
14/11/2020 13:42:58,0,0,0.495238602
14/11/2020 13:42:59,0,0,0.49502331
14/11/2020 13:43:00,0,0,0.494808048
14/11/2020 13:43:01,0,0,0.494592756
14/11/2020 13:43:02,0,0,0.494377464
14/11/2020 13:43:03,0,0,0.494162202
14/11/2020 13:43:04,0,0,0.49394691
14/11/2020 13:43:05,0,0,0.493731648
14/11/2020 13:43:06,0,0,0.493516356
14/11/2020 13:43:07,0,0,0.493301094
14/11/2020 13:43:08,0,0,0.493085802
14/11/2020 13:43:09,0,0,0.492870539
14/11/2020 13:43:10,0,0,0.492655247
14/11/2020 13:43:11,0,0,0.492439985
14/11/2020 13:43:12,0,0,0.492224693
14/11/2020 13:43:13,0,0,0.492009401
14/11/2020 13:43:14,0,0,0.491794139
14/11/2020 13:43:15,0,0,0.491578847
14/11/2020 13:43:16,0,0,0.491363585
14/11/2020 13:43:17,0,0,0.491148293
14/11/2020 13:43:18,0,0,0.490933031
14/11/2020 13:43:19,0,0,0.490717739
14/11/2020 13:43:20,0,0,0.490502477
14/11/2020 13:43:21,0,0,0.490287185
14/11/2020 13:43:22,0,0,0.490071893
14/11/2020 13:43:23,0,0,0.489856631
14/11/2020 13:43:24,0,0,0.489641339
14/11/2020 13:43:25,0,0,0.489426076
14/11/2020 13:43:26,0,0,0.489210784
14/11/2020 13:43:27,0,0,0.488995522
14/11/2020 13:43:28,0,0,0.48878023
14/11/2020 13:43:29,0,0,0.488564968
14/11/2020 13:43:30,0,0,0.488349676
14/11/2020 13:43:31,0,0,0.488134384
14/11/2020 13:43:32,0,0,0.487919122
14/11/2020 13:43:33,0,0,0.48770383
14/11/2020 13:43:34,0,0,0.487488568
14/11/2020 13:43:35,0,0,0.487273276
14/11/2020 13:43:36,0,0,0.487058014
14/11/2020 13:43:37,0,0,0.486842722
14/11/2020 13:43:38,0,0,0.48662746
14/11/2020 13:43:39,0,0,0.486412168
14/11/2020 13:43:40,0,0,0.486196905
14/11/2020 13:43:41,0,0,0.485981613
14/11/2020 13:43:42,0,0,0.485766321
14/11/2020 13:43:43,0,0,0.485551059
14/11/2020 13:43:44,0,0,0.485335767
14/11/2020 13:43:45,0,0,0.485120505
14/11/2020 13:43:46,0,0,0.484905213
14/11/2020 13:43:47,0,0,0.484689951
14/11/2020 13:43:48,0,0,0.484474659
14/11/2020 13:43:49,0,0,0.484259397
14/11/2020 13:43:50,0,0,0.484044105
14/11/2020 13:43:51,0,0,0.483828813
14/11/2020 13:43:52,0,0,0.483613551
14/11/2020 13:43:53,0,0,0.483398259
14/11/2020 13:43:54,0,0,0.483182997
14/11/2020 13:43:55,0,0,0.482967705
14/11/2020 13:43:56,0,0,0.482752442
14/11/2020 13:43:57,0,0,0.48253715
14/11/2020 13:43:58,0,0,0.482321888
14/11/2020 13:43:59,0,0,0.482106596
14/11/2020 13:44:00,0,0,0.481891304
14/11/2020 13:44:01,0,0,0.481676042
14/11/2020 13:44:02,0,0,0.48146075
14/11/2020 13:44:03,0,0,0.481245488
14/11/2020 13:44:04,0,0,0.481030196
14/11/2020 13:44:05,0,0,0.480814934
14/11/2020 13:44:06,0,0,0.480599642
14/11/2020 13:44:07,0,0,0.48038438
14/11/2020 13:44:08,0,0,0.480169088
14/11/2020 13:44:09,0,0,0.479953796
14/11/2020 13:44:10,0,0,0.479738533
14/11/2020 13:44:11,0,0,0.479523242
14/11/2020 13:44:12,0,0,0.479307979
14/11/2020 13:44:13,0,0,0.479092687
14/11/2020 13:44:14,0,0,0.478877425
14/11/2020 13:44:15,0,0,0.478662133
14/11/2020 13:44:16,0,0,0.478446871
14/11/2020 13:44:17,0,0,0.478231579
14/11/2020 13:44:18,0,0,0.478016317
14/11/2020 13:44:19,0,0,0.477801025
14/11/2020 13:44:20,0,0,0.477585733
14/11/2020 13:44:21,0,0,0.477370471
14/11/2020 13:44:22,0,0,0.477155179
14/11/2020 13:44:23,0,0,0.476939917
14/11/2020 13:44:24,0,0,0.476724625
14/11/2020 13:44:25,0,0,0.476509362
14/11/2020 13:44:26,0,0,0.47629407
14/11/2020 13:44:27,0,0,0.476078808
14/11/2020 13:44:28,0,0,0.475863516
14/11/2020 13:44:29,0,0,0.475648224
14/11/2020 13:44:30,0,0,0.475432962
14/11/2020 13:44:31,0,0,0.47521767
14/11/2020 13:44:32,0,0,0.475002408
14/11/2020 13:44:33,0,0,0.474787116
14/11/2020 13:44:34,0,0,0.474571854
14/11/2020 13:44:35,0,0,0.474356562
14/11/2020 13:44:36,0,0,0.4741413
14/11/2020 13:44:37,0,0,0.473926008
14/11/2020 13:44:38,0,0,0.473710716
14/11/2020 13:44:39,0,0,0.473495454
14/11/2020 13:44:40,0,0,0.473280162
14/11/2020 13:44:41,0,0,0.473064899
14/11/2020 13:44:42,0,0,0.472849607
14/11/2020 13:44:43,0,0,0.472634345
14/11/2020 13:44:44,0,0,0.472419053
14/11/2020 13:44:45,0,0,0.472203791
14/11/2020 13:44:46,0,0,0.471988499
14/11/2020 13:44:47,0,0,0.471773237
14/11/2020 13:44:48,0,0,0.471557945
14/11/2020 13:44:49,0,0,0.471342653
14/11/2020 13:44:50,0,0,0.471127391
14/11/2020 13:44:51,0,0,0.470912099
14/11/2020 13:44:52,0,0,0.470696837
14/11/2020 13:44:53,0,0,0.470481545
14/11/2020 13:44:54,0,0,0.470266283
14/11/2020 13:44:55,0,0,0.470050991
14/11/2020 13:44:56,0,0,0.469835728
14/11/2020 13:44:57,0,0,0.469620436
14/11/2020 13:44:58,0,0,0.469405144
14/11/2020 13:44:59,0,0,0.469189882
14/11/2020 13:45:00,0,0,0.46897459
14/11/2020 13:45:01,0,0,0.468759328
14/11/2020 13:45:02,0,0,0.468544036
14/11/2020 13:45:03,0,0,0.468328774
14/11/2020 13:45:04,0,0,0.468113482
14/11/2020 13:45:05,0,0,0.46789822
14/11/2020 13:45:06,0,0,0.467682928
14/11/2020 13:45:07,0,0,0.467467636
14/11/2020 13:45:08,0,0,0.467252374
14/11/2020 13:45:09,0,0,0.467037082
14/11/2020 13:45:10,0,0,0.46682182
14/11/2020 13:45:11,0,0,0.466606528
14/11/2020 13:45:12,0,0,0.466391265
14/11/2020 13:45:13,0,0,0.466175973
14/11/2020 13:45:14,0,0,0.465960711
14/11/2020 13:45:15,0,0,0.465745419
14/11/2020 13:45:16,0,0,0.465530127
14/11/2020 13:45:17,0,0,0.465314865
14/11/2020 13:45:18,0,0,0.465099573
14/11/2020 13:45:19,0,0,0.464884311
14/11/2020 13:45:20,0,0,0.464669019
14/11/2020 13:45:21,0,0,0.464453757
14/11/2020 13:45:22,0,0,0.464238465
14/11/2020 13:45:23,0,0,0.464023203
14/11/2020 13:45:24,0,0,0.463807911
14/11/2020 13:45:25,0,0,0.463592649
14/11/2020 13:45:26,0,0,0.463377357
14/11/2020 13:45:27,0,0,0.463162065
14/11/2020 13:45:28,0,0,0.462946802
14/11/2020 13:45:29,0,0,0.46273151
14/11/2020 13:45:30,0,0,0.462516248
14/11/2020 13:45:31,0,0,0.462300956
14/11/2020 13:45:32,0,0,0.462085694
14/11/2020 13:45:33,0,0,0.461870402
14/11/2020 13:45:34,0,0,0.46165514
14/11/2020 13:45:35,0,0,0.461439848
14/11/2020 13:45:36,0,0,0.461224556
14/11/2020 13:45:37,0,0,0.461009294
14/11/2020 13:45:38,0,0,0.460794002
14/11/2020 13:45:39,0,0,0.46057874
14/11/2020 13:45:40,0,0,0.460363448
14/11/2020 13:45:41,0,0,0.460148185
14/11/2020 13:45:42,0,0,0.459932894
14/11/2020 13:45:43,0,0,0.459717631
14/11/2020 13:45:44,0,0,0.459502339
14/11/2020 13:45:45,0,0,0.459287047
14/11/2020 13:45:46,0,0,0.459071785
14/11/2020 13:45:47,0,0,0.458856493
14/11/2020 13:45:48,0,0,0.458641231
14/11/2020 13:45:49,0,0,0.458425939
14/11/2020 13:45:50,0,0,0.458210677
14/11/2020 13:45:51,0,0,0.457995385
14/11/2020 13:45:52,0,0,0.457780123
14/11/2020 13:45:53,0,0,0.457564831
14/11/2020 13:45:54,0,0,0.457349569
14/11/2020 13:45:55,0,0,0.457134277
14/11/2020 13:45:56,0,0,0.456918985
14/11/2020 13:45:57,0,0,0.456703722
14/11/2020 13:45:58,0,0,0.456488431
14/11/2020 13:45:59,0,0,0.456273168
14/11/2020 13:46:00,0,0,0.456057876
14/11/2020 13:46:01,0,0,0.455842614
14/11/2020 13:46:02,0,0,0.455627322
14/11/2020 13:46:03,0,0,0.45541206
14/11/2020 13:46:04,0,0,0.455196768
14/11/2020 13:46:05,0,0,0.454981476
14/11/2020 13:46:06,0,0,0.454766214
14/11/2020 13:46:07,0,0,0.454550922
14/11/2020 13:46:08,0,0,0.45433566
14/11/2020 13:46:09,0,0,0.454120368
14/11/2020 13:46:10,0,0,0.453905106
14/11/2020 13:46:11,0,0,0.453689814
14/11/2020 13:46:12,0,0,0.453474551
14/11/2020 13:46:13,0,0,0.453259259
14/11/2020 13:46:14,0,0,0.453043967
14/11/2020 13:46:15,0,0,0.452828705
14/11/2020 13:46:16,0,0,0.452613413
14/11/2020 13:46:17,0,0,0.452398151
14/11/2020 13:46:18,0,0,0.452182859
14/11/2020 13:46:19,0,0,0.451967597
14/11/2020 13:46:20,0,0,0.451752305
14/11/2020 13:46:21,0,0,0.451537043
14/11/2020 13:46:22,0,0,0.451321751
14/11/2020 13:46:23,0,0,0.451106459
14/11/2020 13:46:24,0,0,0.450891197
14/11/2020 13:46:25,0,0,0.450675905
14/11/2020 13:46:26,0,0,0.450460643
14/11/2020 13:46:27,0,0,0.450245351
14/11/2020 13:46:28,0,0,0.450030088
14/11/2020 13:46:29,0,0,0.449814796
14/11/2020 13:46:30,0,0,0.449599534
14/11/2020 13:46:31,0,0,0.449384242
14/11/2020 13:46:32,0,0,0.44916898
14/11/2020 13:46:33,0,0,0.448953688
14/11/2020 13:46:34,0,0,0.448738396
14/11/2020 13:46:35,0,0,0.448523134
14/11/2020 13:46:36,0,0,0.448307842
14/11/2020 13:46:37,0,0,0.44809258
14/11/2020 13:46:38,0,0,0.447877288
14/11/2020 13:46:39,0,0,0.447662026
14/11/2020 13:46:40,0,0,0.447446734
14/11/2020 13:46:41,0,0,0.447231472
14/11/2020 13:46:42,0,0,0.44701618
14/11/2020 13:46:43,0,0,0.446800888
14/11/2020 13:46:44,0,0,0.446585625
14/11/2020 13:46:45,0,0,0.446370333
14/11/2020 13:46:46,0,0,0.446155071
14/11/2020 13:46:47,0,0,0.445939779
14/11/2020 13:46:48,0,0,0.445724517
14/11/2020 13:46:49,0,0,0.445509225
14/11/2020 13:46:50,0,0,0.445293963
14/11/2020 13:46:51,0,0,0.445078671
14/11/2020 13:46:52,0,0,0.444863379
14/11/2020 13:46:53,0,0,0.444648117
14/11/2020 13:46:54,0,0,0.444432825
14/11/2020 13:46:55,0,0,0.444217563
14/11/2020 13:46:56,0,0,0.444002271
14/11/2020 13:46:57,0,0,0.443787009
14/11/2020 13:46:58,0,0,0.443571717
14/11/2020 13:46:59,0,0,0.443356454
14/11/2020 13:47:00,0,0,0.443141162
14/11/2020 13:47:01,0,0,0.4429259
14/11/2020 13:47:02,0,0,0.442710608
14/11/2020 13:47:03,0,0,0.442495316
14/11/2020 13:47:04,0,0,0.442280054
14/11/2020 13:47:05,0,0,0.442064762
14/11/2020 13:47:06,0,0,0.4418495
14/11/2020 13:47:07,0,0,0.441634208
14/11/2020 13:47:08,0,0,0.441418946
14/11/2020 13:47:09,0,0,0.441203654
14/11/2020 13:47:10,0,0,0.440988392
14/11/2020 13:47:11,0,0,0.4407731
14/11/2020 13:47:12,0,0,0.440557808
14/11/2020 13:47:13,0,0,0.440342546
14/11/2020 13:47:14,0,0,0.440127254
14/11/2020 13:47:15,0,0,0.439911991
14/11/2020 13:47:16,0,0,0.439696699
14/11/2020 13:47:17,0,0,0.439481437
14/11/2020 13:47:18,0,0,0.439266145
14/11/2020 13:47:19,0,0,0.439050883
14/11/2020 13:47:20,0,0,0.438835591
14/11/2020 13:47:21,0,0,0.438620299
14/11/2020 13:47:22,0,0,0.438405037
14/11/2020 13:47:23,0,0,0.438189745
14/11/2020 13:47:24,0,0,0.437974483
14/11/2020 13:47:25,0,0,0.437759191
14/11/2020 13:47:26,0,0,0.437543929
14/11/2020 13:47:27,0,0,0.437328637
14/11/2020 13:47:28,0,0,0.437113374
14/11/2020 13:47:29,0,0,0.436898082
14/11/2020 13:47:30,0,0,0.436682791
14/11/2020 13:47:31,0,0,0.436467528
14/11/2020 13:47:32,0,0,0.436252236
14/11/2020 13:47:33,0,0,0.436036974
14/11/2020 13:47:34,0,0,0.435821682
14/11/2020 13:47:35,0,0,0.43560642
14/11/2020 13:47:36,0,0,0.435391128
14/11/2020 13:47:37,0,0,0.435175866
14/11/2020 13:47:38,0,0,0.434960574
14/11/2020 13:47:39,0,0,0.434745312
14/11/2020 13:47:40,0,0,0.43453002
14/11/2020 13:47:41,0,0,0.434314728
14/11/2020 13:47:42,0,0,0.434099466
14/11/2020 13:47:43,0,0,0.433884174
14/11/2020 13:47:44,0,0,0.433668911
14/11/2020 13:47:45,0,0,0.433453619
14/11/2020 13:47:46,0,0,0.433238357
14/11/2020 13:47:47,0,0,0.433023065
14/11/2020 13:47:48,0,0,0.432807803
14/11/2020 13:47:49,0,0,0.432592511
14/11/2020 13:47:50,0,0,0.432377219
14/11/2020 13:47:51,0,0,0.432161957
14/11/2020 13:47:52,0,0,0.431946665
14/11/2020 13:47:53,0,0,0.431731403
14/11/2020 13:47:54,0,0,0.431516111
14/11/2020 13:47:55,0,0,0.431300849
14/11/2020 13:47:56,0,0,0.431085557
14/11/2020 13:47:57,0,0,0.430870295
14/11/2020 13:47:58,0,0,0.430655003
14/11/2020 13:47:59,0,0,0.430439711
14/11/2020 13:48:00,0,0,0.430224448
14/11/2020 13:48:01,0,0,0.430009156
14/11/2020 13:48:02,0,0,0.429793894
14/11/2020 13:48:03,0,0,0.429578602
14/11/2020 13:48:04,0,0,0.42936334
14/11/2020 13:48:05,0,0,0.429148048
14/11/2020 13:48:06,0,0,0.428932786
14/11/2020 13:48:07,0,0,0.428717494
14/11/2020 13:48:08,0,0,0.428502202
14/11/2020 13:48:09,0,0,0.42828694
14/11/2020 13:48:10,0,0,0.428071648
14/11/2020 13:48:11,0,0,0.427856386
14/11/2020 13:48:12,0,0,0.427641094
14/11/2020 13:48:13,0,0,0.427425832
14/11/2020 13:48:14,0,0,0.42721054
14/11/2020 13:48:15,0,0,0.426995277
14/11/2020 13:48:16,0,0,0.426779985
14/11/2020 13:48:17,0,0,0.426564723
14/11/2020 13:48:18,0,0,0.426349431
14/11/2020 13:48:19,0,0,0.426134139
14/11/2020 13:48:20,0,0,0.425918877
14/11/2020 13:48:21,0,0,0.425703585
14/11/2020 13:48:22,0,0,0.425488323
14/11/2020 13:48:23,0,0,0.425273031
14/11/2020 13:48:24,0,0,0.425057769
14/11/2020 13:48:25,0,0,0.424842477
14/11/2020 13:48:26,0,0,0.424627215
14/11/2020 13:48:27,0,0,0.424411923
14/11/2020 13:48:28,0,0,0.424196631
14/11/2020 13:48:29,0,0,0.423981369
14/11/2020 13:48:30,0,0,0.423766077
14/11/2020 13:48:31,0,0,0.423550814
14/11/2020 13:48:32,0,0,0.423335522
14/11/2020 13:48:33,0,0,0.42312026
14/11/2020 13:48:34,0,0,0.422904968
14/11/2020 13:48:35,0,0,0.422689706
14/11/2020 13:48:36,0,0,0.422474414
14/11/2020 13:48:37,0,0,0.422259122
14/11/2020 13:48:38,0,0,0.42204386
14/11/2020 13:48:39,0,0,0.421828568
14/11/2020 13:48:40,0,0,0.421613306
14/11/2020 13:48:41,0,0,0.421398014
14/11/2020 13:48:42,0,0,0.421182752
14/11/2020 13:48:43,0,0,0.42096746
14/11/2020 13:48:44,0,0,0.420752198
14/11/2020 13:48:45,0,0,0.420536906
14/11/2020 13:48:46,0,0,0.420321643
14/11/2020 13:48:47,0,0,0.420106351
14/11/2020 13:48:48,0,0,0.419891059
14/11/2020 13:48:49,0,0,0.419675797
14/11/2020 13:48:50,0,0,0.419460505
14/11/2020 13:48:51,0,0,0.419245243
14/11/2020 13:48:52,0,0,0.419029951
14/11/2020 13:48:53,0,0,0.418814689
14/11/2020 13:48:54,0,0,0.418599397
14/11/2020 13:48:55,0,0,0.418384135
14/11/2020 13:48:56,0,0,0.418168843
14/11/2020 13:48:57,0,0,0.417953551
14/11/2020 13:48:58,0,0,0.417738289
14/11/2020 13:48:59,0,0,0.417522997
14/11/2020 13:49:00,0,0,0.417307734
14/11/2020 13:49:01,0,0,0.417092443
14/11/2020 13:49:02,0,0,0.41687718
14/11/2020 13:49:03,0,0,0.416661888
14/11/2020 13:49:04,0,0,0.416446626
14/11/2020 13:49:05,0,0,0.416231334
14/11/2020 13:49:06,0,0,0.416016042
14/11/2020 13:49:07,0,0,0.41580078
14/11/2020 13:49:08,0,0,0.415585488
14/11/2020 13:49:09,0,0,0.415370226
14/11/2020 13:49:10,0,0,0.415154934
14/11/2020 13:49:11,0,0,0.414939672
14/11/2020 13:49:12,0,0,0.41472438
14/11/2020 13:49:13,0,0,0.414509118
14/11/2020 13:49:14,0,0,0.414293826
14/11/2020 13:49:15,0,0,0.414078534
14/11/2020 13:49:16,0,0,0.413863271
14/11/2020 13:49:17,0,0,0.413647979
14/11/2020 13:49:18,0,0,0.413432717
14/11/2020 13:49:19,0,0,0.413217425
14/11/2020 13:49:20,0,0,0.413002163
14/11/2020 13:49:21,0,0,0.412786871
14/11/2020 13:49:22,0,0,0.412571609
14/11/2020 13:49:23,0,0,0.412356317
14/11/2020 13:49:24,0,0,0.412141055
14/11/2020 13:49:25,0,0,0.411925763
14/11/2020 13:49:26,0,0,0.411710471
14/11/2020 13:49:27,0,0,0.411495209
14/11/2020 13:49:28,0,0,0.411279917
14/11/2020 13:49:29,0,0,0.411064655
14/11/2020 13:49:30,0,0,0.410849363
14/11/2020 13:49:31,0,0,0.4106341
14/11/2020 13:49:32,0,0,0.410418808
14/11/2020 13:49:33,0,0,0.410203546
14/11/2020 13:49:34,0,0,0.409988254
14/11/2020 13:49:35,0,0,0.409772962
14/11/2020 13:49:36,0,0,0.4095577
14/11/2020 13:49:37,0,0,0.409342408
14/11/2020 13:49:38,0,0,0.409127146
14/11/2020 13:49:39,0,0,0.408911854
14/11/2020 13:49:40,0,0,0.408696592
14/11/2020 13:49:41,0,0,0.4084813
14/11/2020 13:49:42,0,0,0.408266038
14/11/2020 13:49:43,0,0,0.408050746
14/11/2020 13:49:44,0,0,0.407835454
14/11/2020 13:49:45,0,0,0.407620192
14/11/2020 13:49:46,0,0,0.4074049
14/11/2020 13:49:47,0,0,0.407189637
14/11/2020 13:49:48,0,0,0.406974345
14/11/2020 13:49:49,0,0,0.406759083
14/11/2020 13:49:50,0,0,0.406543791
14/11/2020 13:49:51,0,0,0.406328529
14/11/2020 13:49:52,0,0,0.406113237
14/11/2020 13:49:53,0,0,0.405897975
14/11/2020 13:49:54,0,0,0.405682683
14/11/2020 13:49:55,0,0,0.405467391
14/11/2020 13:49:56,0,0,0.405252129
14/11/2020 13:49:57,0,0,0.405036837
14/11/2020 13:49:58,0,0,0.404821575
14/11/2020 13:49:59,0,0,0.404606283
14/11/2020 13:50:00,0,0,0.404391021
14/11/2020 13:50:01,0,0,0.404175729
14/11/2020 13:50:02,0,0,0.403960466
14/11/2020 13:50:03,0,0,0.403745174
14/11/2020 13:50:04,0,0,0.403529882
14/11/2020 13:50:05,0,0,0.40331462
14/11/2020 13:50:06,0,0,0.403099328
14/11/2020 13:50:07,0,0,0.402884066
14/11/2020 13:50:08,0,0,0.402668774
14/11/2020 13:50:09,0,0,0.402453512
14/11/2020 13:50:10,0,0,0.40223822
14/11/2020 13:50:11,0,0,0.402022958
14/11/2020 13:50:12,0,0,0.401807666
14/11/2020 13:50:13,0,0,0.401592374
14/11/2020 13:50:14,0,0,0.401377112
14/11/2020 13:50:15,0,0,0.40116182
14/11/2020 13:50:16,0,0,0.400946558
14/11/2020 13:50:17,0,0,0.400731266
14/11/2020 13:50:18,0,0,0.400516003
14/11/2020 13:50:19,0,0,0.400300711
14/11/2020 13:50:20,0,0,0.400085449
14/11/2020 13:50:21,0,0,0.399870157
14/11/2020 13:50:22,0,0,0.399654865
14/11/2020 13:50:23,0,0,0.399439603
14/11/2020 13:50:24,0,0,0.399224311
14/11/2020 13:50:25,0,0,0.399009049
14/11/2020 13:50:26,0,0,0.398793757
14/11/2020 13:50:27,0,0,0.398578495
14/11/2020 13:50:28,0,0,0.398363203
14/11/2020 13:50:29,0,0,0.398147941
14/11/2020 13:50:30,0,0,0.397932649
14/11/2020 13:50:31,0,0,0.397717386
14/11/2020 13:50:32,0,0,0.397502095
14/11/2020 13:50:33,0,0,0.397286803
14/11/2020 13:50:34,0,0,0.39707154
14/11/2020 13:50:35,0,0,0.396856248
14/11/2020 13:50:36,0,0,0.396640986
14/11/2020 13:50:37,0,0,0.396425694
14/11/2020 13:50:38,0,0,0.396210432
14/11/2020 13:50:39,0,0,0.39599514
14/11/2020 13:50:40,0,0,0.395779878
14/11/2020 13:50:41,0,0,0.395564586
14/11/2020 13:50:42,0,0,0.395349294
14/11/2020 13:50:43,0,0,0.395134032
14/11/2020 13:50:44,0,0,0.39491874
14/11/2020 13:50:45,0,0,0.394703478
14/11/2020 13:50:46,0,0,0.394488186
14/11/2020 13:50:47,0,0,0.394272923
14/11/2020 13:50:48,0,0,0.394057631
14/11/2020 13:50:49,0,0,0.393842369
14/11/2020 13:50:50,0,0,0.393627077
14/11/2020 13:50:51,0,0,0.393411785
14/11/2020 13:50:52,0,0,0.393196523
14/11/2020 13:50:53,0,0,0.392981231
14/11/2020 13:50:54,0,0,0.392765969
14/11/2020 13:50:55,0,0,0.392550677
14/11/2020 13:50:56,0,0,0.392335415
14/11/2020 13:50:57,0,0,0.392120123
14/11/2020 13:50:58,0,0,0.391904861
14/11/2020 13:50:59,0,0,0.391689569
14/11/2020 13:51:00,0,0,0.391474307
14/11/2020 13:51:01,0,0,0.391259015
14/11/2020 13:51:02,0,0,0.391043723
14/11/2020 13:51:03,0,0,0.39082846
14/11/2020 13:51:04,0,0,0.390613168
14/11/2020 13:51:05,0,0,0.390397906
14/11/2020 13:51:06,0,0,0.390182614
14/11/2020 13:51:07,0,0,0.389967352
14/11/2020 13:51:08,0,0,0.38975206
14/11/2020 13:51:09,0,0,0.389536798
14/11/2020 13:51:10,0,0,0.389321506
14/11/2020 13:51:11,0,0,0.389106214
14/11/2020 13:51:12,0,0,0.388890952
14/11/2020 13:51:13,0,0,0.38867566
14/11/2020 13:51:14,0,0,0.388460398
14/11/2020 13:51:15,0,0,0.388245106
14/11/2020 13:51:16,0,0,0.388029844
14/11/2020 13:51:17,0,0,0.387814552
14/11/2020 13:51:18,0,0,0.387599289
14/11/2020 13:51:19,0,0,0.387383997
14/11/2020 13:51:20,0,0,0.387168705
14/11/2020 13:51:21,0,0,0.386953443
14/11/2020 13:51:22,0,0,0.386738151
14/11/2020 13:51:23,0,0,0.386522889
14/11/2020 13:51:24,0,0,0.386307597
14/11/2020 13:51:25,0,0,0.386092335
14/11/2020 13:51:26,0,0,0.385877043
14/11/2020 13:51:27,0,0,0.385661781
14/11/2020 13:51:28,0,0,0.385446489
14/11/2020 13:51:29,0,0,0.385231197
14/11/2020 13:51:30,0,0,0.385015935
14/11/2020 13:51:31,0,0,0.384800643
14/11/2020 13:51:32,0,0,0.384585381
14/11/2020 13:51:33,0,0,0.384370089
14/11/2020 13:51:34,0,0,0.384154826
14/11/2020 13:51:35,0,0,0.383939534
14/11/2020 13:51:36,0,0,0.383724272
14/11/2020 13:51:37,0,0,0.38350898
14/11/2020 13:51:38,0,0,0.383293718
14/11/2020 13:51:39,0,0,0.383078426
14/11/2020 13:51:40,0,0,0.382863134
14/11/2020 13:51:41,0,0,0.382647872
14/11/2020 13:51:42,0,0,0.38243258
14/11/2020 13:51:43,0,0,0.382217318
14/11/2020 13:51:44,0,0,0.382002026
14/11/2020 13:51:45,0,0,0.381786764
14/11/2020 13:51:46,0,0,0.381571472
14/11/2020 13:51:47,0,0,0.38135621
14/11/2020 13:51:48,0,0,0.381140918
14/11/2020 13:51:49,0,0,0.380925626
14/11/2020 13:51:50,0,0,0.380710363
14/11/2020 13:51:51,0,0,0.380495071
14/11/2020 13:51:52,0,0,0.380279809
14/11/2020 13:51:53,0,0,0.380064517
14/11/2020 13:51:54,0,0,0.379849255
14/11/2020 13:51:55,0,0,0.379633963
14/11/2020 13:51:56,0,0,0.379418701
14/11/2020 13:51:57,0,0,0.379203409
14/11/2020 13:51:58,0,0,0.378988117
14/11/2020 13:51:59,0,0,0.378772855
14/11/2020 13:52:00,0,0,0.378557563
14/11/2020 13:52:01,0,0,0.378342301
14/11/2020 13:52:02,0,0,0.378127009
14/11/2020 13:52:03,0,0,0.377911747
14/11/2020 13:52:04,0,0,0.377696455
14/11/2020 13:52:05,0,0,0.377481192
14/11/2020 13:52:06,0,0,0.3772659
14/11/2020 13:52:07,0,0,0.377050638
14/11/2020 13:52:08,0,0,0.376835346
14/11/2020 13:52:09,0,0,0.376620054
14/11/2020 13:52:10,0,0,0.376404792
14/11/2020 13:52:11,0,0,0.3761895
14/11/2020 13:52:12,0,0,0.375974238
14/11/2020 13:52:13,0,0,0.375758946
14/11/2020 13:52:14,0,0,0.375543684
14/11/2020 13:52:15,0,0,0.375328392
14/11/2020 13:52:16,0,0,0.37511313
14/11/2020 13:52:17,0,0,0.374897838
14/11/2020 13:52:18,0,0,0.374682546
14/11/2020 13:52:19,0,0,0.374467283
14/11/2020 13:52:20,0,0,0.374251992
14/11/2020 13:52:21,0,0,0.374036729
14/11/2020 13:52:22,0,0,0.373821437
14/11/2020 13:52:23,0,0,0.373606175
14/11/2020 13:52:24,0,0,0.373390883
14/11/2020 13:52:25,0,0,0.373175621
14/11/2020 13:52:26,0,0,0.372960329
14/11/2020 13:52:27,0,0,0.372745037
14/11/2020 13:52:28,0,0,0.372529775
14/11/2020 13:52:29,0,0,0.372314483
14/11/2020 13:52:30,0,0,0.372099221
14/11/2020 13:52:31,0,0,0.371883929
14/11/2020 13:52:32,0,0,0.371668667
14/11/2020 13:52:33,0,0,0.371453375
14/11/2020 13:52:34,0,0,0.371238112
14/11/2020 13:52:35,0,0,0.37102282
14/11/2020 13:52:36,0,0,0.370807528
14/11/2020 13:52:37,0,0,0.370592266
14/11/2020 13:52:38,0,0,0.370376974
14/11/2020 13:52:39,0,0,0.370161712
14/11/2020 13:52:40,0,0,0.36994642
14/11/2020 13:52:41,0,0,0.369731158
14/11/2020 13:52:42,0,0,0.369515866
14/11/2020 13:52:43,0,0,0.369300604
14/11/2020 13:52:44,0,0,0.369085312
14/11/2020 13:52:45,0,0,0.36887005
14/11/2020 13:52:46,0,0,0.368654758
14/11/2020 13:52:47,0,0,0.368439466
14/11/2020 13:52:48,0,0,0.368224204
14/11/2020 13:52:49,0,0,0.368008912
14/11/2020 13:52:50,0,0,0.367793649
14/11/2020 13:52:51,0,0,0.367578357
14/11/2020 13:52:52,0,0,0.367363095
14/11/2020 13:52:53,0,0,0.367147803
14/11/2020 13:52:54,0,0,0.366932541
14/11/2020 13:52:55,0,0,0.366717249
14/11/2020 13:52:56,0,0,0.366501957
14/11/2020 13:52:57,0,0,0.366286695
14/11/2020 13:52:58,0,0,0.366071403
14/11/2020 13:52:59,0,0,0.365856141
14/11/2020 13:53:00,0,0,0.365640849
14/11/2020 13:53:01,0,0,0.365425587
14/11/2020 13:53:02,0,0,0.365210295
14/11/2020 13:53:03,0,0,0.364995033
14/11/2020 13:53:04,0,0,0.364779741
14/11/2020 13:53:05,0,0,0.364564449
14/11/2020 13:53:06,0,0,0.364349186
14/11/2020 13:53:07,0,0,0.364133894
14/11/2020 13:53:08,0,0,0.363918632
14/11/2020 13:53:09,0,0,0.36370334
14/11/2020 13:53:10,0,0,0.363488078
14/11/2020 13:53:11,0,0,0.363272786
14/11/2020 13:53:12,0,0,0.363057524
14/11/2020 13:53:13,0,0,0.362842232
14/11/2020 13:53:14,0,0,0.36262697
14/11/2020 13:53:15,0,0,0.362411678
14/11/2020 13:53:16,0,0,0.362196386
14/11/2020 13:53:17,0,0,0.361981124
14/11/2020 13:53:18,0,0,0.361765832
14/11/2020 13:53:19,0,0,0.36155057
14/11/2020 13:53:20,0,0,0.361335278
14/11/2020 13:53:21,0,0,0.361120015
14/11/2020 13:53:22,0,0,0.360904723
14/11/2020 13:53:23,0,0,0.360689461
14/11/2020 13:53:24,0,0,0.360474169
14/11/2020 13:53:25,0,0,0.360258877
14/11/2020 13:53:26,0,0,0.360043615
14/11/2020 13:53:27,0,0,0.359828323
14/11/2020 13:53:28,0,0,0.359613061
14/11/2020 13:53:29,0,0,0.359397769
14/11/2020 13:53:30,0,0,0.359182507
14/11/2020 13:53:31,0,0,0.358967215
14/11/2020 13:53:32,0,0,0.358751953
14/11/2020 13:53:33,0,0,0.358536661
14/11/2020 13:53:34,0,0,0.358321369
14/11/2020 13:53:35,0,0,0.358106107
14/11/2020 13:53:36,0,0,0.357890815
14/11/2020 13:53:37,0,0,0.357675552
14/11/2020 13:53:38,0,0,0.35746026
14/11/2020 13:53:39,0,0,0.357244998
14/11/2020 13:53:40,0,0,0.357029706
14/11/2020 13:53:41,0,0,0.356814444
14/11/2020 13:53:42,0,0,0.356599152
14/11/2020 13:53:43,0,0,0.35638386
14/11/2020 13:53:44,0,0,0.356168598
14/11/2020 13:53:45,0,0,0.355953306
14/11/2020 13:53:46,0,0,0.355738044
14/11/2020 13:53:47,0,0,0.355522752
14/11/2020 13:53:48,0,0,0.35530749
14/11/2020 13:53:49,0,0,0.355092198
14/11/2020 13:53:50,0,0,0.354876935
14/11/2020 13:53:51,0,0,0.354661644
14/11/2020 13:53:52,0,0,0.354446381
14/11/2020 13:53:53,0,0,0.354231089
14/11/2020 13:53:54,0,0,0.354015797
14/11/2020 13:53:55,0,0,0.353800535
14/11/2020 13:53:56,0,0,0.353585243
14/11/2020 13:53:57,0,0,0.353369981
14/11/2020 13:53:58,0,0,0.353154689
14/11/2020 13:53:59,0,0,0.352939427
14/11/2020 13:54:00,0,0,0.352724135
14/11/2020 13:54:01,0,0,0.352508873
14/11/2020 13:54:02,0,0,0.352293581
14/11/2020 13:54:03,0,0,0.352078289
14/11/2020 13:54:04,0,0,0.351863027
14/11/2020 13:54:05,0,0,0.351647735
14/11/2020 13:54:06,0,0,0.351432472
14/11/2020 13:54:07,0,0,0.35121718
14/11/2020 13:54:08,0,0,0.351001918
14/11/2020 13:54:09,0,0,0.350786626
14/11/2020 13:54:10,0,0,0.350571364
14/11/2020 13:54:11,0,0,0.350356072
14/11/2020 13:54:12,0,0,0.35014078
14/11/2020 13:54:13,0,0,0.349925518
14/11/2020 13:54:14,0,0,0.349710226
14/11/2020 13:54:15,0,0,0.349494964
14/11/2020 13:54:16,0,0,0.349279672
14/11/2020 13:54:17,0,0,0.34906441
14/11/2020 13:54:18,0,0,0.348849118
14/11/2020 13:54:19,0,0,0.348633856
14/11/2020 13:54:20,0,0,0.348418564
14/11/2020 13:54:21,0,0,0.348203301
14/11/2020 13:54:22,0,0,0.347988009
14/11/2020 13:54:23,0,0,0.347772717
14/11/2020 13:54:24,0,0,0.347557455
14/11/2020 13:54:25,0,0,0.347342163
14/11/2020 13:54:26,0,0,0.347126901
14/11/2020 13:54:27,0,0,0.346911609
14/11/2020 13:54:28,0,0,0.346696347
14/11/2020 13:54:29,0,0,0.346481055
14/11/2020 13:54:30,0,0,0.346265793
14/11/2020 13:54:31,0,0,0.346050501
14/11/2020 13:54:32,0,0,0.345835209
14/11/2020 13:54:33,0,0,0.345619947
14/11/2020 13:54:34,0,0,0.345404655
14/11/2020 13:54:35,0,0,0.345189393
14/11/2020 13:54:36,0,0,0.344974101
14/11/2020 13:54:37,0,0,0.344758838
14/11/2020 13:54:38,0,0,0.344543546
14/11/2020 13:54:39,0,0,0.344328284
14/11/2020 13:54:40,0,0,0.344112992
14/11/2020 13:54:41,0,0,0.3438977
14/11/2020 13:54:42,0,0,0.343682438
14/11/2020 13:54:43,0,0,0.343467146
14/11/2020 13:54:44,0,0,0.343251884
14/11/2020 13:54:45,0,0,0.343036592
14/11/2020 13:54:46,0,0,0.34282133
14/11/2020 13:54:47,0,0,0.342606038
14/11/2020 13:54:48,0,0,0.342390776
14/11/2020 13:54:49,0,0,0.342175484
14/11/2020 13:54:50,0,0,0.341960192
14/11/2020 13:54:51,0,0,0.34174493
14/11/2020 13:54:52,0,0,0.341529638
14/11/2020 13:54:53,0,0,0.341314375
14/11/2020 13:54:54,0,0,0.341099083
14/11/2020 13:54:55,0,0,0.340883821
14/11/2020 13:54:56,0,0,0.340668529
14/11/2020 13:54:57,0,0,0.340453267
14/11/2020 13:54:58,0,0,0.340237975
14/11/2020 13:54:59,0,0,0.340022713
14/11/2020 13:55:00,0,0,0.339807421
14/11/2020 13:55:01,0,0,0.339592129
14/11/2020 13:55:02,0,0,0.339376867
14/11/2020 13:55:03,0,0,0.339161575
14/11/2020 13:55:04,0,0,0.338946313
14/11/2020 13:55:05,0,0,0.338731021
14/11/2020 13:55:06,0,0,0.338515759
14/11/2020 13:55:07,0,0,0.338300467
14/11/2020 13:55:08,0,0,0.338085204
14/11/2020 13:55:09,0,0,0.337869912
14/11/2020 13:55:10,0,0,0.33765462
14/11/2020 13:55:11,0,0,0.337439358
14/11/2020 13:55:12,0,0,0.337224066
14/11/2020 13:55:13,0,0,0.337008804
14/11/2020 13:55:14,0,0,0.336793512
14/11/2020 13:55:15,0,0,0.33657825
14/11/2020 13:55:16,0,0,0.336362958
14/11/2020 13:55:17,0,0,0.336147696
14/11/2020 13:55:18,0,0,0.335932404
14/11/2020 13:55:19,0,0,0.335717112
14/11/2020 13:55:20,0,0,0.33550185
14/11/2020 13:55:21,0,0,0.335286558
14/11/2020 13:55:22,0,0,0.335071295
14/11/2020 13:55:23,0,0,0.334856004
14/11/2020 13:55:24,0,0,0.334640741
14/11/2020 13:55:25,0,0,0.334425449
14/11/2020 13:55:26,0,0,0.334210187
14/11/2020 13:55:27,0,0,0.333994895
14/11/2020 13:55:28,0,0,0.333779633
14/11/2020 13:55:29,0,0,0.333564341
14/11/2020 13:55:30,0,0,0.333349049
14/11/2020 13:55:31,0,0,0.333133787
14/11/2020 13:55:32,0,0,0.332918495
14/11/2020 13:55:33,0,0,0.332703233
14/11/2020 13:55:34,0,0,0.332487941
14/11/2020 13:55:35,0,0,0.332272679
14/11/2020 13:55:36,0,0,0.332057387
14/11/2020 13:55:37,0,0,0.331842124
14/11/2020 13:55:38,0,0,0.331626832
14/11/2020 13:55:39,0,0,0.331411541
14/11/2020 13:55:40,0,0,0.331196278
14/11/2020 13:55:41,0,0,0.330980986
14/11/2020 13:55:42,0,0,0.330765724
14/11/2020 13:55:43,0,0,0.330550432
14/11/2020 13:55:44,0,0,0.33033517
14/11/2020 13:55:45,0,0,0.330119878
14/11/2020 13:55:46,0,0,0.329904616
14/11/2020 13:55:47,0,0,0.329689324
14/11/2020 13:55:48,0,0,0.329474032
14/11/2020 13:55:49,0,0,0.32925877
14/11/2020 13:55:50,0,0,0.329043478
14/11/2020 13:55:51,0,0,0.328828216
14/11/2020 13:55:52,0,0,0.328612924
14/11/2020 13:55:53,0,0,0.328397661
14/11/2020 13:55:54,0,0,0.328182369
14/11/2020 13:55:55,0,0,0.327967107
14/11/2020 13:55:56,0,0,0.327751815
14/11/2020 13:55:57,0,0,0.327536523
14/11/2020 13:55:58,0,0,0.327321261
14/11/2020 13:55:59,0,0,0.327105969
14/11/2020 13:56:00,0,0,0.326890707
14/11/2020 13:56:01,0,0,0.326675415
14/11/2020 13:56:02,0,0,0.326460153
14/11/2020 13:56:03,0,0,0.326244861
14/11/2020 13:56:04,0,0,0.326029599
14/11/2020 13:56:05,0,0,0.325814307
14/11/2020 13:56:06,0,0,0.325599045
14/11/2020 13:56:07,0,0,0.325383753
14/11/2020 13:56:08,0,0,0.325168461
14/11/2020 13:56:09,0,0,0.324953198
14/11/2020 13:56:10,0,0,0.324737906
14/11/2020 13:56:11,0,0,0.324522644
14/11/2020 13:56:12,0,0,0.324307352
14/11/2020 13:56:13,0,0,0.32409209
14/11/2020 13:56:14,0,0,0.323876798
14/11/2020 13:56:15,0,0,0.323661536
14/11/2020 13:56:16,0,0,0.323446244
14/11/2020 13:56:17,0,0,0.323230952
14/11/2020 13:56:18,0,0,0.32301569
14/11/2020 13:56:19,0,0,0.322800398
14/11/2020 13:56:20,0,0,0.322585136
14/11/2020 13:56:21,0,0,0.322369844
14/11/2020 13:56:22,0,0,0.322154582
14/11/2020 13:56:23,0,0,0.32193929
14/11/2020 13:56:24,0,0,0.321724027
14/11/2020 13:56:25,0,0,0.321508735
14/11/2020 13:56:26,0,0,0.321293443
14/11/2020 13:56:27,0,0,0.321078181
14/11/2020 13:56:28,0,0,0.320862889
14/11/2020 13:56:29,0,0,0.320647627
14/11/2020 13:56:30,0,0,0.320432335
14/11/2020 13:56:31,0,0,0.320217073
14/11/2020 13:56:32,0,0,0.320001781
14/11/2020 13:56:33,0,0,0.319786519
14/11/2020 13:56:34,0,0,0.319571227
14/11/2020 13:56:35,0,0,0.319355965
14/11/2020 13:56:36,0,0,0.319140673
14/11/2020 13:56:37,0,0,0.318925381
14/11/2020 13:56:38,0,0,0.318710119
14/11/2020 13:56:39,0,0,0.318494827
14/11/2020 13:56:40,0,0,0.318279564
14/11/2020 13:56:41,0,0,0.318064272
14/11/2020 13:56:42,0,0,0.31784901
14/11/2020 13:56:43,0,0,0.317633718
14/11/2020 13:56:44,0,0,0.317418456
14/11/2020 13:56:45,0,0,0.317203164
14/11/2020 13:56:46,0,0,0.316987872
14/11/2020 13:56:47,0,0,0.31677261
14/11/2020 13:56:48,0,0,0.316557318
14/11/2020 13:56:49,0,0,0.316342056
14/11/2020 13:56:50,0,0,0.316126764
14/11/2020 13:56:51,0,0,0.315911502
14/11/2020 13:56:52,0,0,0.31569621
14/11/2020 13:56:53,0,0,0.315480947
14/11/2020 13:56:54,0,0,0.315265656
14/11/2020 13:56:55,0,0,0.315050364
14/11/2020 13:56:56,0,0,0.314835101
14/11/2020 13:56:57,0,0,0.314619809
14/11/2020 13:56:58,0,0,0.314404547
14/11/2020 13:56:59,0,0,0.314189255
14/11/2020 13:57:00,0,0,0.313973993
14/11/2020 13:57:01,0,0,0.313758701
14/11/2020 13:57:02,0,0,0.313543439
14/11/2020 13:57:03,0,0,0.313328147
14/11/2020 13:57:04,0,0,0.313112855
14/11/2020 13:57:05,0,0,0.312897593
14/11/2020 13:57:06,0,0,0.312682301
14/11/2020 13:57:07,0,0,0.312467039
14/11/2020 13:57:08,0,0,0.312251747
14/11/2020 13:57:09,0,0,0.312036484
14/11/2020 13:57:10,0,0,0.311821193
14/11/2020 13:57:11,0,0,0.31160593
14/11/2020 13:57:12,0,0,0.311390638
14/11/2020 13:57:13,0,0,0.311175376
14/11/2020 13:57:14,0,0,0.310960084
14/11/2020 13:57:15,0,0,0.310744792
14/11/2020 13:57:16,0,0,0.31052953
14/11/2020 13:57:17,0,0,0.310314238
14/11/2020 13:57:18,0,0,0.310098976
14/11/2020 13:57:19,0,0,0.309883684
14/11/2020 13:57:20,0,0,0.309668422
14/11/2020 13:57:21,0,0,0.30945313
14/11/2020 13:57:22,0,0,0.309237868
14/11/2020 13:57:23,0,0,0.309022576
14/11/2020 13:57:24,0,0,0.308807284
14/11/2020 13:57:25,0,0,0.308592021
14/11/2020 13:57:26,0,0,0.308376729
14/11/2020 13:57:27,0,0,0.308161467
14/11/2020 13:57:28,0,0,0.307946175
14/11/2020 13:57:29,0,0,0.307730913
14/11/2020 13:57:30,0,0,0.307515621
14/11/2020 13:57:31,0,0,0.307300359
14/11/2020 13:57:32,0,0,0.307085067
14/11/2020 13:57:33,0,0,0.306869775
14/11/2020 13:57:34,0,0,0.306654513
14/11/2020 13:57:35,0,0,0.306439221
14/11/2020 13:57:36,0,0,0.306223959
14/11/2020 13:57:37,0,0,0.306008667
14/11/2020 13:57:38,0,0,0.305793405
14/11/2020 13:57:39,0,0,0.305578113
14/11/2020 13:57:40,0,0,0.30536285
14/11/2020 13:57:41,0,0,0.305147558
14/11/2020 13:57:42,0,0,0.304932266
14/11/2020 13:57:43,0,0,0.304717004
14/11/2020 13:57:44,0,0,0.304501712
14/11/2020 13:57:45,0,0,0.30428645
14/11/2020 13:57:46,0,0,0.304071158
14/11/2020 13:57:47,0,0,0.303855896
14/11/2020 13:57:48,0,0,0.303640604
14/11/2020 13:57:49,0,0,0.303425342
14/11/2020 13:57:50,0,0,0.30321005
14/11/2020 13:57:51,0,0,0.302994788
14/11/2020 13:57:52,0,0,0.302779496
14/11/2020 13:57:53,0,0,0.302564204
14/11/2020 13:57:54,0,0,0.302348942
14/11/2020 13:57:55,0,0,0.30213365
14/11/2020 13:57:56,0,0,0.301918387
14/11/2020 13:57:57,0,0,0.301703095
14/11/2020 13:57:58,0,0,0.301487833
14/11/2020 13:57:59,0,0,0.301272541
14/11/2020 13:58:00,0,0,0.301057279
14/11/2020 13:58:01,0,0,0.300841987
14/11/2020 13:58:02,0,0,0.300626695
14/11/2020 13:58:03,0,0,0.300411433
14/11/2020 13:58:04,0,0,0.300196141
14/11/2020 13:58:05,0,0,0.299980879
14/11/2020 13:58:06,0,0,0.299765587
14/11/2020 13:58:07,0,0,0.299550325
14/11/2020 13:58:08,0,0,0.299335033
14/11/2020 13:58:09,0,0,0.299119771
14/11/2020 13:58:10,0,0,0.298904479
14/11/2020 13:58:11,0,0,0.298689187
14/11/2020 13:58:12,0,0,0.298473924
14/11/2020 13:58:13,0,0,0.298258632
14/11/2020 13:58:14,0,0,0.29804337
14/11/2020 13:58:15,0,0,0.297828078
14/11/2020 13:58:16,0,0,0.297612816
14/11/2020 13:58:17,0,0,0.297397524
14/11/2020 13:58:18,0,0,0.297182262
14/11/2020 13:58:19,0,0,0.29696697
14/11/2020 13:58:20,0,0,0.296751708
14/11/2020 13:58:21,0,0,0.296536416
14/11/2020 13:58:22,0,0,0.296321124
14/11/2020 13:58:23,0,0,0.296105862
14/11/2020 13:58:24,0,0,0.29589057
14/11/2020 13:58:25,0,0,0.295675308
14/11/2020 13:58:26,0,0,0.295460016
14/11/2020 13:58:27,0,0,0.295244753
14/11/2020 13:58:28,0,0,0.295029461
14/11/2020 13:58:29,0,0,0.294814199
14/11/2020 13:58:30,0,0,0.294598907
14/11/2020 13:58:31,0,0,0.294383615
14/11/2020 13:58:32,0,0,0.294168353
14/11/2020 13:58:33,0,0,0.293953061
14/11/2020 13:58:34,0,0,0.293737799
14/11/2020 13:58:35,0,0,0.293522507
14/11/2020 13:58:36,0,0,0.293307245
14/11/2020 13:58:37,0,0,0.293091953
14/11/2020 13:58:38,0,0,0.292876691
14/11/2020 13:58:39,0,0,0.292661399
14/11/2020 13:58:40,0,0,0.292446107
14/11/2020 13:58:41,0,0,0.292230844
14/11/2020 13:58:42,0,0,0.292015553
14/11/2020 13:58:43,0,0,0.29180029
14/11/2020 13:58:44,0,0,0.291584998
14/11/2020 13:58:45,0,0,0.291369736
14/11/2020 13:58:46,0,0,0.291154444
14/11/2020 13:58:47,0,0,0.290939182
14/11/2020 13:58:48,0,0,0.29072389
14/11/2020 13:58:49,0,0,0.290508598
14/11/2020 13:58:50,0,0,0.290293336
14/11/2020 13:58:51,0,0,0.290078044
14/11/2020 13:58:52,0,0,0.289862782
14/11/2020 13:58:53,0,0,0.28964749
14/11/2020 13:58:54,0,0,0.289432228
14/11/2020 13:58:55,0,0,0.289216936
14/11/2020 13:58:56,0,0,0.289001673
14/11/2020 13:58:57,0,0,0.288786381
14/11/2020 13:58:58,0,0,0.288571119
14/11/2020 13:58:59,0,0,0.288355827
14/11/2020 13:59:00,0,0,0.288140535
14/11/2020 13:59:01,0,0,0.287925273
14/11/2020 13:59:02,0,0,0.287709981
14/11/2020 13:59:03,0,0,0.287494719
14/11/2020 13:59:04,0,0,0.287279427
14/11/2020 13:59:05,0,0,0.287064165
14/11/2020 13:59:06,0,0,0.286848873
14/11/2020 13:59:07,0,0,0.286633611
14/11/2020 13:59:08,0,0,0.286418319
14/11/2020 13:59:09,0,0,0.286203027
14/11/2020 13:59:10,0,0,0.285987765
14/11/2020 13:59:11,0,0,0.285772473
14/11/2020 13:59:12,0,0,0.28555721
14/11/2020 13:59:13,0,0,0.285341918
14/11/2020 13:59:14,0,0,0.285126656
14/11/2020 13:59:15,0,0,0.284911364
14/11/2020 13:59:16,0,0,0.284696102
14/11/2020 13:59:17,0,0,0.28448081
14/11/2020 13:59:18,0,0,0.284265518
14/11/2020 13:59:19,0,0,0.284050256
14/11/2020 13:59:20,0,0,0.283834964
14/11/2020 13:59:21,0,0,0.283619702
14/11/2020 13:59:22,0,0,0.28340441
14/11/2020 13:59:23,0,0,0.283189148
14/11/2020 13:59:24,0,0,0.282973856
14/11/2020 13:59:25,0,0,0.282758594
14/11/2020 13:59:26,0,0,0.282543302
14/11/2020 13:59:27,0,0,0.282328039
14/11/2020 13:59:28,0,0,0.282112747
14/11/2020 13:59:29,0,0,0.281897455
14/11/2020 13:59:30,0,0,0.281682193
14/11/2020 13:59:31,0,0,0.281466901
14/11/2020 13:59:32,0,0,0.281251639
14/11/2020 13:59:33,0,0,0.281036347
14/11/2020 13:59:34,0,0,0.280821085
14/11/2020 13:59:35,0,0,0.280605793
14/11/2020 13:59:36,0,0,0.280390531
14/11/2020 13:59:37,0,0,0.280175239
14/11/2020 13:59:38,0,0,0.279959947
14/11/2020 13:59:39,0,0,0.279744685
14/11/2020 13:59:40,0,0,0.279529393
14/11/2020 13:59:41,0,0,0.279314131
14/11/2020 13:59:42,0,0,0.279098839
14/11/2020 13:59:43,0,0,0.278883576
14/11/2020 13:59:44,0,0,0.278668284
14/11/2020 13:59:45,0,0,0.278453022
14/11/2020 13:59:46,0,0,0.27823773
14/11/2020 13:59:47,0,0,0.278022438
14/11/2020 13:59:48,0,0,0.277807176
14/11/2020 13:59:49,0,0,0.277591884
14/11/2020 13:59:50,0,0,0.277376622
14/11/2020 13:59:51,0,0,0.27716133
14/11/2020 13:59:52,0,0,0.276946068
14/11/2020 13:59:53,0,0,0.276730776
14/11/2020 13:59:54,0,0,0.276515514
14/11/2020 13:59:55,0,0,0.276300222
14/11/2020 13:59:56,0,0,0.27608493
14/11/2020 13:59:57,0,0,0.275869668
14/11/2020 13:59:58,0,0,0.275654376
14/11/2020 13:59:59,0,0,0.275439113
14/11/2020 14:00:00,0,0,0.275223821
14/11/2020 14:00:01,0,0,0.275008559
14/11/2020 14:00:02,0,0,0.274793267
14/11/2020 14:00:03,0,0,0.274578005
14/11/2020 14:00:04,0,0,0.274362713
14/11/2020 14:00:05,0,0,0.274147451
14/11/2020 14:00:06,0,0,0.273932159
14/11/2020 14:00:07,0,0,0.273716867
14/11/2020 14:00:08,0,0,0.273501605
14/11/2020 14:00:09,0,0,0.273286313
14/11/2020 14:00:10,0,0,0.273071051
14/11/2020 14:00:11,0,0,0.272855759
14/11/2020 14:00:12,0,0,0.272640496
14/11/2020 14:00:13,0,0,0.272425205
14/11/2020 14:00:14,0,0,0.272209942
14/11/2020 14:00:15,0,0,0.27199465
14/11/2020 14:00:16,0,0,0.271779358
14/11/2020 14:00:17,0,0,0.271564096
14/11/2020 14:00:18,0,0,0.271348804
14/11/2020 14:00:19,0,0,0.271133542
14/11/2020 14:00:20,0,0,0.27091825
14/11/2020 14:00:21,0,0,0.270702988
14/11/2020 14:00:22,0,0,0.270487696
14/11/2020 14:00:23,0,0,0.270272434
14/11/2020 14:00:24,0,0,0.270057142
14/11/2020 14:00:25,0,0,0.26984185
14/11/2020 14:00:26,0,0,0.269626588
14/11/2020 14:00:27,0,0,0.269411296
14/11/2020 14:00:28,0,0,0.269196033
14/11/2020 14:00:29,0,0,0.268980742
14/11/2020 14:00:30,0,0,0.268765479
14/11/2020 14:00:31,0,0,0.268550187
14/11/2020 14:00:32,0,0,0.268334925
14/11/2020 14:00:33,0,0,0.268119633
14/11/2020 14:00:34,0,0,0.267904371
14/11/2020 14:00:35,0,0,0.267689079
14/11/2020 14:00:36,0,0,0.267473787
14/11/2020 14:00:37,0,0,0.267258525
14/11/2020 14:00:38,0,0,0.267043233
14/11/2020 14:00:39,0,0,0.266827971
14/11/2020 14:00:40,0,0,0.266612679
14/11/2020 14:00:41,0,0,0.266397417
14/11/2020 14:00:42,0,0,0.266182125
14/11/2020 14:00:43,0,0,0.265966862
14/11/2020 14:00:44,0,0,0.26575157
14/11/2020 14:00:45,0,0,0.265536278
14/11/2020 14:00:46,0,0,0.265321016
14/11/2020 14:00:47,0,0,0.265105724
14/11/2020 14:00:48,0,0,0.264890462
14/11/2020 14:00:49,0,0,0.26467517
14/11/2020 14:00:50,0,0,0.264459908
14/11/2020 14:00:51,0,0,0.264244616
14/11/2020 14:00:52,0,0,0.264029354
14/11/2020 14:00:53,0,0,0.263814062
14/11/2020 14:00:54,0,0,0.26359877
14/11/2020 14:00:55,0,0,0.263383508
14/11/2020 14:00:56,0,0,0.263168216
14/11/2020 14:00:57,0,0,0.262952954
14/11/2020 14:00:58,0,0,0.262737662
14/11/2020 14:00:59,0,0,0.262522399
14/11/2020 14:01:00,0,0,0.262307107
14/11/2020 14:01:01,0,0,0.262091845
14/11/2020 14:01:02,0,0,0.261876553
14/11/2020 14:01:03,0,0,0.261661261
14/11/2020 14:01:04,0,0,0.261445999
14/11/2020 14:01:05,0,0,0.261230707
14/11/2020 14:01:06,0,0,0.261015445
14/11/2020 14:01:07,0,0,0.260800153
14/11/2020 14:01:08,0,0,0.260584891
14/11/2020 14:01:09,0,0,0.260369599
14/11/2020 14:01:10,0,0,0.260154337
14/11/2020 14:01:11,0,0,0.259939045
14/11/2020 14:01:12,0,0,0.259723783
14/11/2020 14:01:13,0,0,0.259508491
14/11/2020 14:01:14,0,0,0.259293199
14/11/2020 14:01:15,0,0,0.259077936
14/11/2020 14:01:16,0,0,0.258862644
14/11/2020 14:01:17,0,0,0.258647382
14/11/2020 14:01:18,0,0,0.25843209
14/11/2020 14:01:19,0,0,0.258216828
14/11/2020 14:01:20,0,0,0.258001536
14/11/2020 14:01:21,0,0,0.257786274
14/11/2020 14:01:22,0,0,0.257570982
14/11/2020 14:01:23,0,0,0.25735569
14/11/2020 14:01:24,0,0,0.257140428
14/11/2020 14:01:25,0,0,0.256925136
14/11/2020 14:01:26,0,0,0.256709874
14/11/2020 14:01:27,0,0,0.256494582
14/11/2020 14:01:28,0,0,0.25627932
14/11/2020 14:01:29,0,0,0.256064028
14/11/2020 14:01:30,0,0,0.255848765
14/11/2020 14:01:31,0,0,0.255633473
14/11/2020 14:01:32,0,0,0.255418181
14/11/2020 14:01:33,0,0,0.255202919
14/11/2020 14:01:34,0,0,0.254987627
14/11/2020 14:01:35,0,0,0.254772365
14/11/2020 14:01:36,0,0,0.254557073
14/11/2020 14:01:37,0,0,0.254341811
14/11/2020 14:01:38,0,0,0.254126519
14/11/2020 14:01:39,0,0,0.253911257
14/11/2020 14:01:40,0,0,0.253695965
14/11/2020 14:01:41,0,0,0.253480703
14/11/2020 14:01:42,0,0,0.253265411
14/11/2020 14:01:43,0,0,0.253050119
14/11/2020 14:01:44,0,0,0.252834857
14/11/2020 14:01:45,0,0,0.252619565
14/11/2020 14:01:46,0,0,0.252404302
14/11/2020 14:01:47,0,0,0.25218901
14/11/2020 14:01:48,0,0,0.251973748
14/11/2020 14:01:49,0,0,0.251758456
14/11/2020 14:01:50,0,0,0.251543194
14/11/2020 14:01:51,0,0,0.251327902
14/11/2020 14:01:52,0,0,0.25111261
14/11/2020 14:01:53,0,0,0.250897348
14/11/2020 14:01:54,0,0,0.250682056
14/11/2020 14:01:55,0,0,0.250466794
14/11/2020 14:01:56,0,0,0.250251502
14/11/2020 14:01:57,0,0,0.25003624
14/11/2020 14:01:58,0,0,0.249820948
14/11/2020 14:01:59,0,0,0.249605671
14/11/2020 14:02:00,0,0,0.249390393
14/11/2020 14:02:01,0,0,0.249175116
14/11/2020 14:02:02,0,0,0.248959839
14/11/2020 14:02:03,0,0,0.248744562
14/11/2020 14:02:04,0,0,0.248529285
14/11/2020 14:02:05,0,0,0.248314008
14/11/2020 14:02:06,0,0,0.248098716
14/11/2020 14:02:07,0,0,0.247883439
14/11/2020 14:02:08,0,0,0.247668162
14/11/2020 14:02:09,0,0,0.247452885
14/11/2020 14:02:10,0,0,0.247237608
14/11/2020 14:02:11,0,0,0.247022331
14/11/2020 14:02:12,0,0,0.246807054
14/11/2020 14:02:13,0,0,0.246591777
14/11/2020 14:02:14,0,0,0.2463765
14/11/2020 14:02:15,0,0,0.246161208
14/11/2020 14:02:16,0,0,0.24594593
14/11/2020 14:02:17,0,0,0.245730653
14/11/2020 14:02:18,0,0,0.245515376
14/11/2020 14:02:19,0,0,0.245300099
14/11/2020 14:02:20,0,0,0.245084822
14/11/2020 14:02:21,0,0,0.244869545
14/11/2020 14:02:22,0,0,0.244654268
14/11/2020 14:02:23,0,0,0.244438991
14/11/2020 14:02:24,0,0,0.244223714
14/11/2020 14:02:25,0,0,0.244008422
14/11/2020 14:02:26,0,0,0.243793145
14/11/2020 14:02:27,0,0,0.243577868
14/11/2020 14:02:28,0,0,0.243362591
14/11/2020 14:02:29,0,0,0.243147314
14/11/2020 14:02:30,0,0,0.242932037
14/11/2020 14:02:31,0,0,0.242716759
14/11/2020 14:02:32,0,0,0.242501482
14/11/2020 14:02:33,0,0,0.242286205
14/11/2020 14:02:34,0,0,0.242070913
14/11/2020 14:02:35,0,0,0.241855636
14/11/2020 14:02:36,0,0,0.241640359
14/11/2020 14:02:37,0,0,0.241425082
14/11/2020 14:02:38,0,0,0.241209805
14/11/2020 14:02:39,0,0,0.240994528
14/11/2020 14:02:40,0,0,0.240779251
14/11/2020 14:02:41,0,0,0.240563974
14/11/2020 14:02:42,0,0,0.240348697
14/11/2020 14:02:43,0,0,0.24013342
14/11/2020 14:02:44,0,0,0.239918128
14/11/2020 14:02:45,0,0,0.239702851
14/11/2020 14:02:46,0,0,0.239487574
14/11/2020 14:02:47,0,0,0.239272296
14/11/2020 14:02:48,0,0,0.239057019
14/11/2020 14:02:49,0,0,0.238841742
14/11/2020 14:02:50,0,0,0.238626465
14/11/2020 14:02:51,0,0,0.238411188
14/11/2020 14:02:52,0,0,0.238195911
14/11/2020 14:02:53,0,0,0.237980619
14/11/2020 14:02:54,0,0,0.237765342
14/11/2020 14:02:55,0,0,0.237550065
14/11/2020 14:02:56,0,0,0.237334788
14/11/2020 14:02:57,0,0,0.237119511
14/11/2020 14:02:58,0,0,0.236904234
14/11/2020 14:02:59,0,0,0.236688957
14/11/2020 14:03:00,0,0,0.23647368
14/11/2020 14:03:01,0,0,0.236258402
14/11/2020 14:03:02,0,0,0.236043125
14/11/2020 14:03:03,0,0,0.235827833
14/11/2020 14:03:04,0,0,0.235612556
14/11/2020 14:03:05,0,0,0.235397279
14/11/2020 14:03:06,0,0,0.235182002
14/11/2020 14:03:07,0,0,0.234966725
14/11/2020 14:03:08,0,0,0.234751448
14/11/2020 14:03:09,0,0,0.234536171
14/11/2020 14:03:10,0,0,0.234320894
14/11/2020 14:03:11,0,0,0.234105617
14/11/2020 14:03:12,0,0,0.23389034
14/11/2020 14:03:13,0,0,0.233675048
14/11/2020 14:03:14,0,0,0.233459771
14/11/2020 14:03:15,0,0,0.233244494
14/11/2020 14:03:16,0,0,0.233029217
14/11/2020 14:03:17,0,0,0.232813939
14/11/2020 14:03:18,0,0,0.232598662
14/11/2020 14:03:19,0,0,0.232383385
14/11/2020 14:03:20,0,0,0.232168108
14/11/2020 14:03:21,0,0,0.231952831
14/11/2020 14:03:22,0,0,0.231737539
14/11/2020 14:03:23,0,0,0.231522262
14/11/2020 14:03:24,0,0,0.231306985
14/11/2020 14:03:25,0,0,0.231091708
14/11/2020 14:03:26,0,0,0.230876431
14/11/2020 14:03:27,0,0,0.230661154
14/11/2020 14:03:28,0,0,0.230445877
14/11/2020 14:03:29,0,0,0.2302306
14/11/2020 14:03:30,0,0,0.230015323
14/11/2020 14:03:31,0,0,0.229800045
14/11/2020 14:03:32,0,0,0.229584754
14/11/2020 14:03:33,0,0,0.229369476
14/11/2020 14:03:34,0,0,0.229154199
14/11/2020 14:03:35,0,0,0.228938922
14/11/2020 14:03:36,0,0,0.228723645
14/11/2020 14:03:37,0,0,0.228508368
14/11/2020 14:03:38,0,0,0.228293091
14/11/2020 14:03:39,0,0,0.228077814
14/11/2020 14:03:40,0,0,0.227862537
14/11/2020 14:03:41,0,0,0.227647245
14/11/2020 14:03:42,0,0,0.227431968
14/11/2020 14:03:43,0,0,0.227216691
14/11/2020 14:03:44,0,0,0.227001414
14/11/2020 14:03:45,0,0,0.226786137
14/11/2020 14:03:46,0,0,0.22657086
14/11/2020 14:03:47,0,0,0.226355582
14/11/2020 14:03:48,0,0,0.226140305
14/11/2020 14:03:49,0,0,0.225925028
14/11/2020 14:03:50,0,0,0.225709751
14/11/2020 14:03:51,0,0,0.225494459
14/11/2020 14:03:52,0,0,0.225279182
14/11/2020 14:03:53,0,0,0.225063905
14/11/2020 14:03:54,0,0,0.224848628
14/11/2020 14:03:55,0,0,0.224633351
14/11/2020 14:03:56,0,0,0.224418074
14/11/2020 14:03:57,0,0,0.224202797
14/11/2020 14:03:58,0,0,0.22398752
14/11/2020 14:03:59,0,0,0.223772243
14/11/2020 14:04:00,0,0,0.223556951
14/11/2020 14:04:01,0,0,0.223341674
14/11/2020 14:04:02,0,0,0.223126397
14/11/2020 14:04:03,0,0,0.222911119
14/11/2020 14:04:04,0,0,0.222695842
14/11/2020 14:04:05,0,0,0.222480565
14/11/2020 14:04:06,0,0,0.222265288
14/11/2020 14:04:07,0,0,0.222050011
14/11/2020 14:04:08,0,0,0.221834734
14/11/2020 14:04:09,0,0,0.221619457
14/11/2020 14:04:10,0,0,0.221404165
14/11/2020 14:04:11,0,0,0.221188888
14/11/2020 14:04:12,0,0,0.220973611
14/11/2020 14:04:13,0,0,0.220758334
14/11/2020 14:04:14,0,0,0.220543057
14/11/2020 14:04:15,0,0,0.22032778
14/11/2020 14:04:16,0,0,0.220112503
14/11/2020 14:04:17,0,0,0.219897225
14/11/2020 14:04:18,0,0,0.219681948
14/11/2020 14:04:19,0,0,0.219466671
14/11/2020 14:04:20,0,0,0.219251379
14/11/2020 14:04:21,0,0,0.219036102
14/11/2020 14:04:22,0,0,0.218820825
14/11/2020 14:04:23,0,0,0.218605548
14/11/2020 14:04:24,0,0,0.218390271
14/11/2020 14:04:25,0,0,0.218174994
14/11/2020 14:04:26,0,0,0.217959717
14/11/2020 14:04:27,0,0,0.21774444
14/11/2020 14:04:28,0,0,0.217529163
14/11/2020 14:04:29,0,0,0.217313871
14/11/2020 14:04:30,0,0,0.217098594
14/11/2020 14:04:31,0,0,0.216883317
14/11/2020 14:04:32,0,0,0.21666804
14/11/2020 14:04:33,0,0,0.216452762
14/11/2020 14:04:34,0,0,0.216237485
14/11/2020 14:04:35,0,0,0.216022208
14/11/2020 14:04:36,0,0,0.215806931
14/11/2020 14:04:37,0,0,0.215591654
14/11/2020 14:04:38,0,0,0.215376377
14/11/2020 14:04:39,0,0,0.215161085
14/11/2020 14:04:40,0,0,0.214945808
14/11/2020 14:04:41,0,0,0.214730531
14/11/2020 14:04:42,0,0,0.214515254
14/11/2020 14:04:43,0,0,0.214299977
14/11/2020 14:04:44,0,0,0.2140847
14/11/2020 14:04:45,0,0,0.213869423
14/11/2020 14:04:46,0,0,0.213654146
14/11/2020 14:04:47,0,0,0.213438869
14/11/2020 14:04:48,0,0,0.213223577
14/11/2020 14:04:49,0,0,0.213008299
14/11/2020 14:04:50,0,0,0.212793022
14/11/2020 14:04:51,0,0,0.212577745
14/11/2020 14:04:52,0,0,0.212362468
14/11/2020 14:04:53,0,0,0.212147191
14/11/2020 14:04:54,0,0,0.211931914
14/11/2020 14:04:55,0,0,0.211716637
14/11/2020 14:04:56,0,0,0.21150136
14/11/2020 14:04:57,0,0,0.211286083
14/11/2020 14:04:58,0,0,0.211070791
14/11/2020 14:04:59,0,0,0.210855514
14/11/2020 14:05:00,0,0,0.210640237
14/11/2020 14:05:01,0,0,0.21042496
14/11/2020 14:05:02,0,0,0.210209683
14/11/2020 14:05:03,0,0,0.209994406
14/11/2020 14:05:04,0,0,0.209779128
14/11/2020 14:05:05,0,0,0.209563851
14/11/2020 14:05:06,0,0,0.209348574
14/11/2020 14:05:07,0,0,0.209133282
14/11/2020 14:05:08,0,0,0.208918005
14/11/2020 14:05:09,0,0,0.208702728
14/11/2020 14:05:10,0,0,0.208487451
14/11/2020 14:05:11,0,0,0.208272174
14/11/2020 14:05:12,0,0,0.208056897
14/11/2020 14:05:13,0,0,0.20784162
14/11/2020 14:05:14,0,0,0.207626343
14/11/2020 14:05:15,0,0,0.207411066
14/11/2020 14:05:16,0,0,0.207195789
14/11/2020 14:05:17,0,0,0.206980497
14/11/2020 14:05:18,0,0,0.20676522
14/11/2020 14:05:19,0,0,0.206549942
14/11/2020 14:05:20,0,0,0.206334665
14/11/2020 14:05:21,0,0,0.206119388
14/11/2020 14:05:22,0,0,0.205904111
14/11/2020 14:05:23,0,0,0.205688834
14/11/2020 14:05:24,0,0,0.205473557
14/11/2020 14:05:25,0,0,0.20525828
14/11/2020 14:05:26,0,0,0.205042988
14/11/2020 14:05:27,0,0,0.204827711
14/11/2020 14:05:28,0,0,0.204612434
14/11/2020 14:05:29,0,0,0.204397157
14/11/2020 14:05:30,0,0,0.20418188
14/11/2020 14:05:31,0,0,0.203966603
14/11/2020 14:05:32,0,0,0.203751326
14/11/2020 14:05:33,0,0,0.203536049
14/11/2020 14:05:34,0,0,0.203320771
14/11/2020 14:05:35,0,0,0.203105494
14/11/2020 14:05:36,0,0,0.202890202
14/11/2020 14:05:37,0,0,0.202674925
14/11/2020 14:05:38,0,0,0.202459648
14/11/2020 14:05:39,0,0,0.202244371
14/11/2020 14:05:40,0,0,0.202029094
14/11/2020 14:05:41,0,0,0.201813817
14/11/2020 14:05:42,0,0,0.20159854
14/11/2020 14:05:43,0,0,0.201383263
14/11/2020 14:05:44,0,0,0.201167986
14/11/2020 14:05:45,0,0,0.200952709
14/11/2020 14:05:46,0,0,0.200737417
14/11/2020 14:05:47,0,0,0.20052214
14/11/2020 14:05:48,0,0,0.200306863
14/11/2020 14:05:49,0,0,0.200091586
14/11/2020 14:05:50,0,0,0.199876308
14/11/2020 14:05:51,0,0,0.199661031
14/11/2020 14:05:52,0,0,0.199445754
14/11/2020 14:05:53,0,0,0.199230477
14/11/2020 14:05:54,0,0,0.1990152
14/11/2020 14:05:55,0,0,0.198799908
14/11/2020 14:05:56,0,0,0.198584631
14/11/2020 14:05:57,0,0,0.198369354
14/11/2020 14:05:58,0,0,0.198154077
14/11/2020 14:05:59,0,0,0.1979388
14/11/2020 14:06:00,0,0,0.197723523
14/11/2020 14:06:01,0,0,0.197508246
14/11/2020 14:06:02,0,0,0.197292969
14/11/2020 14:06:03,0,0,0.197077692
14/11/2020 14:06:04,0,0,0.196862414
14/11/2020 14:06:05,0,0,0.196647123
14/11/2020 14:06:06,0,0,0.196431845
14/11/2020 14:06:07,0,0,0.196216568
14/11/2020 14:06:08,0,0,0.196001291
14/11/2020 14:06:09,0,0,0.195786014
14/11/2020 14:06:10,0,0,0.195570737
14/11/2020 14:06:11,0,0,0.19535546
14/11/2020 14:06:12,0,0,0.195140183
14/11/2020 14:06:13,0,0,0.194924906
14/11/2020 14:06:14,0,0,0.194709614
14/11/2020 14:06:15,0,0,0.194494337
14/11/2020 14:06:16,0,0,0.19427906
14/11/2020 14:06:17,0,0,0.194063783
14/11/2020 14:06:18,0,0,0.193848506
14/11/2020 14:06:19,0,0,0.193633229
14/11/2020 14:06:20,0,0,0.193417951
14/11/2020 14:06:21,0,0,0.193202674
14/11/2020 14:06:22,0,0,0.192987397
14/11/2020 14:06:23,0,0,0.19277212
14/11/2020 14:06:24,0,0,0.192556828
14/11/2020 14:06:25,0,0,0.192341551
14/11/2020 14:06:26,0,0,0.192126274
14/11/2020 14:06:27,0,0,0.191910997
14/11/2020 14:06:28,0,0,0.19169572
14/11/2020 14:06:29,0,0,0.191480443
14/11/2020 14:06:30,0,0,0.191265166
14/11/2020 14:06:31,0,0,0.191049889
14/11/2020 14:06:32,0,0,0.190834612
14/11/2020 14:06:33,0,0,0.19061932
14/11/2020 14:06:34,0,0,0.190404043
14/11/2020 14:06:35,0,0,0.190188766
14/11/2020 14:06:36,0,0,0.189973488
14/11/2020 14:06:37,0,0,0.189758211
14/11/2020 14:06:38,0,0,0.189542934
14/11/2020 14:06:39,0,0,0.189327657
14/11/2020 14:06:40,0,0,0.18911238
14/11/2020 14:06:41,0,0,0.188897103
14/11/2020 14:06:42,0,0,0.188681826
14/11/2020 14:06:43,0,0,0.188466534
14/11/2020 14:06:44,0,0,0.188251257
14/11/2020 14:06:45,0,0,0.18803598
14/11/2020 14:06:46,0,0,0.187820703
14/11/2020 14:06:47,0,0,0.187605426
14/11/2020 14:06:48,0,0,0.187390149
14/11/2020 14:06:49,0,0,0.187174872
14/11/2020 14:06:50,0,0,0.186959594
14/11/2020 14:06:51,0,0,0.186744317
14/11/2020 14:06:52,0,0,0.18652904
14/11/2020 14:06:53,0,0,0.186313748
14/11/2020 14:06:54,0,0,0.186098471
14/11/2020 14:06:55,0,0,0.185883194
14/11/2020 14:06:56,0,0,0.185667917
14/11/2020 14:06:57,0,0,0.18545264
14/11/2020 14:06:58,0,0,0.185237363
14/11/2020 14:06:59,0,0,0.185022086
14/11/2020 14:07:00,0,0,0.184806809
14/11/2020 14:07:01,0,0,0.184591532
14/11/2020 14:07:02,0,0,0.18437624
14/11/2020 14:07:03,0,0,0.184160963
14/11/2020 14:07:04,0,0,0.183945686
14/11/2020 14:07:05,0,0,0.183730409
14/11/2020 14:07:06,0,0,0.183515131
14/11/2020 14:07:07,0,0,0.183299854
14/11/2020 14:07:08,0,0,0.183084577
14/11/2020 14:07:09,0,0,0.1828693
14/11/2020 14:07:10,0,0,0.182654023
14/11/2020 14:07:11,0,0,0.182438746
14/11/2020 14:07:12,0,0,0.182223454
14/11/2020 14:07:13,0,0,0.182008177
14/11/2020 14:07:14,0,0,0.1817929
14/11/2020 14:07:15,0,0,0.181577623
14/11/2020 14:07:16,0,0,0.181362346
14/11/2020 14:07:17,0,0,0.181147069
14/11/2020 14:07:18,0,0,0.180931792
14/11/2020 14:07:19,0,0,0.180716515
14/11/2020 14:07:20,0,0,0.180501238
14/11/2020 14:07:21,0,0,0.180285946
14/11/2020 14:07:22,0,0,0.180070668
14/11/2020 14:07:23,0,0,0.179855391
14/11/2020 14:07:24,0,0,0.179640114
14/11/2020 14:07:25,0,0,0.179424837
14/11/2020 14:07:26,0,0,0.17920956
14/11/2020 14:07:27,0,0,0.178994283
14/11/2020 14:07:28,0,0,0.178779006
14/11/2020 14:07:29,0,0,0.178563729
14/11/2020 14:07:30,0,0,0.178348452
14/11/2020 14:07:31,0,0,0.17813316
14/11/2020 14:07:32,0,0,0.177917883
14/11/2020 14:07:33,0,0,0.177702606
14/11/2020 14:07:34,0,0,0.177487329
14/11/2020 14:07:35,0,0,0.177272052
14/11/2020 14:07:36,0,0,0.177056774
14/11/2020 14:07:37,0,0,0.176841497
14/11/2020 14:07:38,0,0,0.17662622
14/11/2020 14:07:39,0,0,0.176410943
14/11/2020 14:07:40,0,0,0.176195651
14/11/2020 14:07:41,0,0,0.175980374
14/11/2020 14:07:42,0,0,0.175765097
14/11/2020 14:07:43,0,0,0.17554982
14/11/2020 14:07:44,0,0,0.175334543
14/11/2020 14:07:45,0,0,0.175119266
14/11/2020 14:07:46,0,0,0.174903989
14/11/2020 14:07:47,0,0,0.174688712
14/11/2020 14:07:48,0,0,0.174473435
14/11/2020 14:07:49,0,0,0.174258158
14/11/2020 14:07:50,0,0,0.174042866
14/11/2020 14:07:51,0,0,0.173827589
14/11/2020 14:07:52,0,0,0.173612311
14/11/2020 14:07:53,0,0,0.173397034
14/11/2020 14:07:54,0,0,0.173181757
14/11/2020 14:07:55,0,0,0.17296648
14/11/2020 14:07:56,0,0,0.172751203
14/11/2020 14:07:57,0,0,0.172535926
14/11/2020 14:07:58,0,0,0.172320649
14/11/2020 14:07:59,0,0,0.172105372
14/11/2020 14:08:00,0,0,0.17189008
14/11/2020 14:08:01,0,0,0.171674803
14/11/2020 14:08:02,0,0,0.171459526
14/11/2020 14:08:03,0,0,0.171244249
14/11/2020 14:08:04,0,0,0.171028972
14/11/2020 14:08:05,0,0,0.170813695
14/11/2020 14:08:06,0,0,0.170598418
14/11/2020 14:08:07,0,0,0.17038314
14/11/2020 14:08:08,0,0,0.170167863
14/11/2020 14:08:09,0,0,0.169952571
14/11/2020 14:08:10,0,0,0.169737294
14/11/2020 14:08:11,0,0,0.169522017
14/11/2020 14:08:12,0,0,0.16930674
14/11/2020 14:08:13,0,0,0.169091463
14/11/2020 14:08:14,0,0,0.168876186
14/11/2020 14:08:15,0,0,0.168660909
14/11/2020 14:08:16,0,0,0.168445632
14/11/2020 14:08:17,0,0,0.168230355
14/11/2020 14:08:18,0,0,0.168015078
14/11/2020 14:08:19,0,0,0.167799786
14/11/2020 14:08:20,0,0,0.167584509
14/11/2020 14:08:21,0,0,0.167369232
14/11/2020 14:08:22,0,0,0.167153955
14/11/2020 14:08:23,0,0,0.166938677
14/11/2020 14:08:24,0,0,0.1667234
14/11/2020 14:08:25,0,0,0.166508123
14/11/2020 14:08:26,0,0,0.166292846
14/11/2020 14:08:27,0,0,0.166077569
14/11/2020 14:08:28,0,0,0.165862277
14/11/2020 14:08:29,0,0,0.165647
14/11/2020 14:08:30,0,0,0.165431723
14/11/2020 14:08:31,0,0,0.165216446
14/11/2020 14:08:32,0,0,0.165001169
14/11/2020 14:08:33,0,0,0.164785892
14/11/2020 14:08:34,0,0,0.164570615
14/11/2020 14:08:35,0,0,0.164355338
14/11/2020 14:08:36,0,0,0.164140061
14/11/2020 14:08:37,0,0,0.163924783
14/11/2020 14:08:38,0,0,0.163709491
14/11/2020 14:08:39,0,0,0.163494214
14/11/2020 14:08:40,0,0,0.163278937
14/11/2020 14:08:41,0,0,0.16306366
14/11/2020 14:08:42,0,0,0.162848383
14/11/2020 14:08:43,0,0,0.162633106
14/11/2020 14:08:44,0,0,0.162417829
14/11/2020 14:08:45,0,0,0.162202552
14/11/2020 14:08:46,0,0,0.161987275
14/11/2020 14:08:47,0,0,0.161771983
14/11/2020 14:08:48,0,0,0.161556706
14/11/2020 14:08:49,0,0,0.161341429
14/11/2020 14:08:50,0,0,0.161126152
14/11/2020 14:08:51,0,0,0.160910875
14/11/2020 14:08:52,0,0,0.160695598
14/11/2020 14:08:53,0,0,0.16048032
14/11/2020 14:08:54,0,0,0.160265043
14/11/2020 14:08:55,0,0,0.160049766
14/11/2020 14:08:56,0,0,0.159834489
14/11/2020 14:08:57,0,0,0.159619197
14/11/2020 14:08:58,0,0,0.15940392
14/11/2020 14:08:59,0,0,0.159188643
14/11/2020 14:09:00,0,0,0.158973366
14/11/2020 14:09:01,0,0,0.158758089
14/11/2020 14:09:02,0,0,0.158542812
14/11/2020 14:09:03,0,0,0.158327535
14/11/2020 14:09:04,0,0,0.158112258
14/11/2020 14:09:05,0,0,0.157896981
14/11/2020 14:09:06,0,0,0.157681704
14/11/2020 14:09:07,0,0,0.157466412
14/11/2020 14:09:08,0,0,0.157251135
14/11/2020 14:09:09,0,0,0.157035857
14/11/2020 14:09:10,0,0,0.15682058
14/11/2020 14:09:11,0,0,0.156605303
14/11/2020 14:09:12,0,0,0.156390026
14/11/2020 14:09:13,0,0,0.156174749
14/11/2020 14:09:14,0,0,0.155959472
14/11/2020 14:09:15,0,0,0.155744195
14/11/2020 14:09:16,0,0,0.155528903
14/11/2020 14:09:17,0,0,0.155313626
14/11/2020 14:09:18,0,0,0.155098349
14/11/2020 14:09:19,0,0,0.154883072
14/11/2020 14:09:20,0,0,0.154667795
14/11/2020 14:09:21,0,0,0.154452518
14/11/2020 14:09:22,0,0,0.154237241
14/11/2020 14:09:23,0,0,0.154021963
14/11/2020 14:09:24,0,0,0.153806686
14/11/2020 14:09:25,0,0,0.153591409
14/11/2020 14:09:26,0,0,0.153376117
14/11/2020 14:09:27,0,0,0.15316084
14/11/2020 14:09:28,0,0,0.152945563
14/11/2020 14:09:29,0,0,0.152730286
14/11/2020 14:09:30,0,0,0.152515009
14/11/2020 14:09:31,0,0,0.152299732
14/11/2020 14:09:32,0,0,0.152084455
14/11/2020 14:09:33,0,0,0.151869178
14/11/2020 14:09:34,0,0,0.151653901
14/11/2020 14:09:35,0,0,0.151438609
14/11/2020 14:09:36,0,0,0.151223332
14/11/2020 14:09:37,0,0,0.151008055
14/11/2020 14:09:38,0,0,0.150792778
14/11/2020 14:09:39,0,0,0.1505775
14/11/2020 14:09:40,0,0,0.150362223
14/11/2020 14:09:41,0,0,0.150146946
14/11/2020 14:09:42,0,0,0.149931669
14/11/2020 14:09:43,0,0,0.149716392
14/11/2020 14:09:44,0,0,0.149501115
14/11/2020 14:09:45,0,0,0.149285823
14/11/2020 14:09:46,0,0,0.149070546
14/11/2020 14:09:47,0,0,0.148855269
14/11/2020 14:09:48,0,0,0.148639992
14/11/2020 14:09:49,0,0,0.148424715
14/11/2020 14:09:50,0,0,0.148209438
14/11/2020 14:09:51,0,0,0.147994161
14/11/2020 14:09:52,0,0,0.147778884
14/11/2020 14:09:53,0,0,0.147563607
14/11/2020 14:09:54,0,0,0.147348315
14/11/2020 14:09:55,0,0,0.147133037
14/11/2020 14:09:56,0,0,0.14691776
14/11/2020 14:09:57,0,0,0.146702483
14/11/2020 14:09:58,0,0,0.146487206
14/11/2020 14:09:59,0,0,0.146271929
14/11/2020 14:10:00,0,0,0.146056652
14/11/2020 14:10:01,0,0,0.145841375
14/11/2020 14:10:02,0,0,0.145626098
14/11/2020 14:10:03,0,0,0.145410821
14/11/2020 14:10:04,0,0,0.145195529
14/11/2020 14:10:05,0,0,0.144980252
14/11/2020 14:10:06,0,0,0.144764975
14/11/2020 14:10:07,0,0,0.144549698
14/11/2020 14:10:08,0,0,0.144334421
14/11/2020 14:10:09,0,0,0.144119143
14/11/2020 14:10:10,0,0,0.143903866
14/11/2020 14:10:11,0,0,0.143688589
14/11/2020 14:10:12,0,0,0.143473312
14/11/2020 14:10:13,0,0,0.14325802
14/11/2020 14:10:14,0,0,0.143042743
14/11/2020 14:10:15,0,0,0.142827466
14/11/2020 14:10:16,0,0,0.142612189
14/11/2020 14:10:17,0,0,0.142396912
14/11/2020 14:10:18,0,0,0.142181635
14/11/2020 14:10:19,0,0,0.141966358
14/11/2020 14:10:20,0,0,0.141751081
14/11/2020 14:10:21,0,0,0.141535804
14/11/2020 14:10:22,0,0,0.141320527
14/11/2020 14:10:23,0,0,0.141105235
14/11/2020 14:10:24,0,0,0.140889958
14/11/2020 14:10:25,0,0,0.14067468
14/11/2020 14:10:26,0,0,0.140459403
14/11/2020 14:10:27,0,0,0.140244126
14/11/2020 14:10:28,0,0,0.140028849
14/11/2020 14:10:29,0,0,0.139813572
14/11/2020 14:10:30,0,0,0.139598295
14/11/2020 14:10:31,0,0,0.139383018
14/11/2020 14:10:32,0,0,0.139167741
14/11/2020 14:10:33,0,0,0.138952449
14/11/2020 14:10:34,0,0,0.138737172
14/11/2020 14:10:35,0,0,0.138521895
14/11/2020 14:10:36,0,0,0.138306618
14/11/2020 14:10:37,0,0,0.138091341
14/11/2020 14:10:38,0,0,0.137876064
14/11/2020 14:10:39,0,0,0.137660787
14/11/2020 14:10:40,0,0,0.137445509
14/11/2020 14:10:41,0,0,0.137230232
14/11/2020 14:10:42,0,0,0.13701494
14/11/2020 14:10:43,0,0,0.136799663
14/11/2020 14:10:44,0,0,0.136584386
14/11/2020 14:10:45,0,0,0.136369109
14/11/2020 14:10:46,0,0,0.136153832
14/11/2020 14:10:47,0,0,0.135938555
14/11/2020 14:10:48,0,0,0.135723278
14/11/2020 14:10:49,0,0,0.135508001
14/11/2020 14:10:50,0,0,0.135292724
14/11/2020 14:10:51,0,0,0.135077447
14/11/2020 14:10:52,0,0,0.134862155
14/11/2020 14:10:53,0,0,0.134646878
14/11/2020 14:10:54,0,0,0.134431601
14/11/2020 14:10:55,0,0,0.134216323
14/11/2020 14:10:56,0,0,0.134001046
14/11/2020 14:10:57,0,0,0.133785769
14/11/2020 14:10:58,0,0,0.133570492
14/11/2020 14:10:59,0,0,0.133355215
14/11/2020 14:11:00,0,0,0.133139938
14/11/2020 14:11:01,0,0,0.132924646
14/11/2020 14:11:02,0,0,0.132709369
14/11/2020 14:11:03,0,0,0.132494092
14/11/2020 14:11:04,0,0,0.132278815
14/11/2020 14:11:05,0,0,0.132063538
14/11/2020 14:11:06,0,0,0.131848261
14/11/2020 14:11:07,0,0,0.131632984
14/11/2020 14:11:08,0,0,0.131417707
14/11/2020 14:11:09,0,0,0.13120243
14/11/2020 14:11:10,0,0,0.130987152
14/11/2020 14:11:11,0,0,0.13077186
14/11/2020 14:11:12,0,0,0.130556583
14/11/2020 14:11:13,0,0,0.130341306
14/11/2020 14:11:14,0,0,0.130126029
14/11/2020 14:11:15,0,0,0.129910752
14/11/2020 14:11:16,0,0,0.129695475
14/11/2020 14:11:17,0,0,0.129480198
14/11/2020 14:11:18,0,0,0.129264921
14/11/2020 14:11:19,0,0,0.129049644
14/11/2020 14:11:20,0,0,0.128834352
14/11/2020 14:11:21,0,0,0.128619075
14/11/2020 14:11:22,0,0,0.128403798
14/11/2020 14:11:23,0,0,0.128188521
14/11/2020 14:11:24,0,0,0.127973244
14/11/2020 14:11:25,0,0,0.127757967
14/11/2020 14:11:26,0,0,0.127542689
14/11/2020 14:11:27,0,0,0.127327412
14/11/2020 14:11:28,0,0,0.127112135
14/11/2020 14:11:29,0,0,0.126896858
14/11/2020 14:11:30,0,0,0.126681566
14/11/2020 14:11:31,0,0,0.126466289
14/11/2020 14:11:32,0,0,0.126251012
14/11/2020 14:11:33,0,0,0.126035735
14/11/2020 14:11:34,0,0,0.125820458
14/11/2020 14:11:35,0,0,0.125605181
14/11/2020 14:11:36,0,0,0.125389904
14/11/2020 14:11:37,0,0,0.125174627
14/11/2020 14:11:38,0,0,0.124959342
14/11/2020 14:11:39,0,0,0.124744065
14/11/2020 14:11:40,0,0,0.124528788
14/11/2020 14:11:41,0,0,0.124313511
14/11/2020 14:11:42,0,0,0.124098226
14/11/2020 14:11:43,0,0,0.123882949
14/11/2020 14:11:44,0,0,0.123667672
14/11/2020 14:11:45,0,0,0.123452395
14/11/2020 14:11:46,0,0,0.123237118
14/11/2020 14:11:47,0,0,0.123021834
14/11/2020 14:11:48,0,0,0.122806557
14/11/2020 14:11:49,0,0,0.122591279
14/11/2020 14:11:50,0,0,0.122376002
14/11/2020 14:11:51,0,0,0.122160725
14/11/2020 14:11:52,0,0,0.121945441
14/11/2020 14:11:53,0,0,0.121730164
14/11/2020 14:11:54,0,0,0.121514887
14/11/2020 14:11:55,0,0,0.12129961
14/11/2020 14:11:56,0,0,0.121084325
14/11/2020 14:11:57,0,0,0.120869048
14/11/2020 14:11:58,0,0,0.120653771
14/11/2020 14:11:59,0,0,0.120438494
14/11/2020 14:12:00,0,0,0.120223217
14/11/2020 14:12:01,0,0,0.120007932
14/11/2020 14:12:02,0,0,0.119792655
14/11/2020 14:12:03,0,0,0.119577378
14/11/2020 14:12:04,0,0,0.119362101
14/11/2020 14:12:05,0,0,0.119146824
14/11/2020 14:12:06,0,0,0.118931539
14/11/2020 14:12:07,0,0,0.118716262
14/11/2020 14:12:08,0,0,0.118500985
14/11/2020 14:12:09,0,0,0.118285708
14/11/2020 14:12:10,0,0,0.118070431
14/11/2020 14:12:11,0,0,0.117855147
14/11/2020 14:12:12,0,0,0.117639869
14/11/2020 14:12:13,0,0,0.117424592
14/11/2020 14:12:14,0,0,0.117209315
14/11/2020 14:12:15,0,0,0.116994031
14/11/2020 14:12:16,0,0,0.116778754
14/11/2020 14:12:17,0,0,0.116563477
14/11/2020 14:12:18,0,0,0.1163482
14/11/2020 14:12:19,0,0,0.116132922
14/11/2020 14:12:20,0,0,0.115917638
14/11/2020 14:12:21,0,0,0.115702361
14/11/2020 14:12:22,0,0,0.115487084
14/11/2020 14:12:23,0,0,0.115271807
14/11/2020 14:12:24,0,0,0.11505653
14/11/2020 14:12:25,0,0,0.114841245
14/11/2020 14:12:26,0,0,0.114625968
14/11/2020 14:12:27,0,0,0.114410691
14/11/2020 14:12:28,0,0,0.114195414
14/11/2020 14:12:29,0,0,0.113980137
14/11/2020 14:12:30,0,0,0.113764852
14/11/2020 14:12:31,0,0,0.113549575
14/11/2020 14:12:32,0,0,0.113334298
14/11/2020 14:12:33,0,0,0.113119021
14/11/2020 14:12:34,0,0,0.112903744
14/11/2020 14:12:35,0,0,0.112688459
14/11/2020 14:12:36,0,0,0.112473182
14/11/2020 14:12:37,0,0,0.112257905
14/11/2020 14:12:38,0,0,0.112042628
14/11/2020 14:12:39,0,0,0.111827344
14/11/2020 14:12:40,0,0,0.111612067
14/11/2020 14:12:41,0,0,0.11139679
14/11/2020 14:12:42,0,0,0.111181512
14/11/2020 14:12:43,0,0,0.110966235
14/11/2020 14:12:44,0,0,0.110750951
14/11/2020 14:12:45,0,0,0.110535674
14/11/2020 14:12:46,0,0,0.110320397
14/11/2020 14:12:47,0,0,0.11010512
14/11/2020 14:12:48,0,0,0.109889843
14/11/2020 14:12:49,0,0,0.109674558
14/11/2020 14:12:50,0,0,0.109459281
14/11/2020 14:12:51,0,0,0.109244004
14/11/2020 14:12:52,0,0,0.109028727
14/11/2020 14:12:53,0,0,0.10881345
14/11/2020 14:12:54,0,0,0.108598165
14/11/2020 14:12:55,0,0,0.108382888
14/11/2020 14:12:56,0,0,0.108167611
14/11/2020 14:12:57,0,0,0.107952334
14/11/2020 14:12:58,0,0,0.107737057
14/11/2020 14:12:59,0,0,0.107521772
14/11/2020 14:13:00,0,0,0.107306495
14/11/2020 14:13:01,0,0,0.107091218
14/11/2020 14:13:02,0,0,0.106875941
14/11/2020 14:13:03,0,0,0.106660657
14/11/2020 14:13:04,0,0,0.10644538
14/11/2020 14:13:05,0,0,0.106230102
14/11/2020 14:13:06,0,0,0.106014825
14/11/2020 14:13:07,0,0,0.105799548
14/11/2020 14:13:08,0,0,0.105584264
14/11/2020 14:13:09,0,0,0.105368987
14/11/2020 14:13:10,0,0,0.10515371
14/11/2020 14:13:11,0,0,0.104938433
14/11/2020 14:13:12,0,0,0.104723155
14/11/2020 14:13:13,0,0,0.104507871
14/11/2020 14:13:14,0,0,0.104292594
14/11/2020 14:13:15,0,0,0.104077317
14/11/2020 14:13:16,0,0,0.10386204
14/11/2020 14:13:17,0,0,0.103646763
14/11/2020 14:13:18,0,0,0.103431478
14/11/2020 14:13:19,0,0,0.103216201
14/11/2020 14:13:20,0,0,0.103000924
14/11/2020 14:13:21,0,0,0.102785647
14/11/2020 14:13:22,0,0,0.102570362
14/11/2020 14:13:23,0,0,0.102355085
14/11/2020 14:13:24,0,0,0.102139808
14/11/2020 14:13:25,0,0,0.101924531
14/11/2020 14:13:26,0,0,0.101709254
14/11/2020 14:13:27,0,0,0.10149397
14/11/2020 14:13:28,0,0,0.101278692
14/11/2020 14:13:29,0,0,0.101063415
14/11/2020 14:13:30,0,0,0.100848138
14/11/2020 14:13:31,0,0,0.100632861
14/11/2020 14:13:32,0,0,0.100417577
14/11/2020 14:13:33,0,0,0.1002023
14/11/2020 14:13:34,0,0,0.099987023
14/11/2020 14:13:35,0,0,0.099771746
14/11/2020 14:13:36,0,0,0.099556468
14/11/2020 14:13:37,0,0,0.099341184
14/11/2020 14:13:38,0,0,0.099125907
14/11/2020 14:13:39,0,0,0.09891063
14/11/2020 14:13:40,0,0,0.098695353
14/11/2020 14:13:41,0,0,0.098480076
14/11/2020 14:13:42,0,0,0.098264791
14/11/2020 14:13:43,0,0,0.098049514
14/11/2020 14:13:44,0,0,0.097834237
14/11/2020 14:13:45,0,0,0.09761896
14/11/2020 14:13:46,0,0,0.097403675
14/11/2020 14:13:47,0,0,0.097188398
14/11/2020 14:13:48,0,0,0.096973121
14/11/2020 14:13:49,0,0,0.096757844
14/11/2020 14:13:50,0,0,0.096542567
14/11/2020 14:13:51,0,0,0.096327282
14/11/2020 14:13:52,0,0,0.096112005
14/11/2020 14:13:53,0,0,0.095896728
14/11/2020 14:13:54,0,0,0.095681451
14/11/2020 14:13:55,0,0,0.095466174
14/11/2020 14:13:56,0,0,0.09525089
14/11/2020 14:13:57,0,0,0.095035613
14/11/2020 14:13:58,0,0,0.094820336
14/11/2020 14:13:59,0,0,0.094605058
14/11/2020 14:14:00,0,0,0.094389781
14/11/2020 14:14:01,0,0,0.094174497
14/11/2020 14:14:02,0,0,0.09395922
14/11/2020 14:14:03,0,0,0.093743943
14/11/2020 14:14:04,0,0,0.093528666
14/11/2020 14:14:05,0,0,0.093313381
14/11/2020 14:14:06,0,0,0.093098104
14/11/2020 14:14:07,0,0,0.092882827
14/11/2020 14:14:08,0,0,0.09266755
14/11/2020 14:14:09,0,0,0.092452273
14/11/2020 14:14:10,0,0,0.092236988
14/11/2020 14:14:11,0,0,0.092021711
14/11/2020 14:14:12,0,0,0.091806434
14/11/2020 14:14:13,0,0,0.091591157
14/11/2020 14:14:14,0,0,0.09137588
14/11/2020 14:14:15,0,0,0.091160595
14/11/2020 14:14:16,0,0,0.090945318
14/11/2020 14:14:17,0,0,0.090730041
14/11/2020 14:14:18,0,0,0.090514764
14/11/2020 14:14:19,0,0,0.090299487
14/11/2020 14:14:20,0,0,0.090084203
14/11/2020 14:14:21,0,0,0.089868926
14/11/2020 14:14:22,0,0,0.089653648
14/11/2020 14:14:23,0,0,0.089438371
14/11/2020 14:14:24,0,0,0.089223094
14/11/2020 14:14:25,0,0,0.08900781
14/11/2020 14:14:26,0,0,0.088792533
14/11/2020 14:14:27,0,0,0.088577256
14/11/2020 14:14:28,0,0,0.088361979
14/11/2020 14:14:29,0,0,0.088146694
14/11/2020 14:14:30,0,0,0.087931417
14/11/2020 14:14:31,0,0,0.08771614
14/11/2020 14:14:32,0,0,0.087500863
14/11/2020 14:14:33,0,0,0.087285586
14/11/2020 14:14:34,0,0,0.087070301
14/11/2020 14:14:35,0,0,0.086855024
14/11/2020 14:14:36,0,0,0.086639747
14/11/2020 14:14:37,0,0,0.08642447
14/11/2020 14:14:38,0,0,0.086209193
14/11/2020 14:14:39,0,0,0.085993908
14/11/2020 14:14:40,0,0,0.085778631
14/11/2020 14:14:41,0,0,0.085563354
14/11/2020 14:14:42,0,0,0.085348077
14/11/2020 14:14:43,0,0,0.0851328
14/11/2020 14:14:44,0,0,0.084917516
14/11/2020 14:14:45,0,0,0.084702238
14/11/2020 14:14:46,0,0,0.084486961
14/11/2020 14:14:47,0,0,0.084271684
14/11/2020 14:14:48,0,0,0.084056407
14/11/2020 14:14:49,0,0,0.083841123
14/11/2020 14:14:50,0,0,0.083625846
14/11/2020 14:14:51,0,0,0.083410569
14/11/2020 14:14:52,0,0,0.083195291
14/11/2020 14:14:53,0,0,0.082980007
14/11/2020 14:14:54,0,0,0.08276473
14/11/2020 14:14:55,0,0,0.082549453
14/11/2020 14:14:56,0,0,0.082334176
14/11/2020 14:14:57,0,0,0.082118899
14/11/2020 14:14:58,0,0,0.081903614
14/11/2020 14:14:59,0,0,0.081688337
14/11/2020 14:15:00,0,0,0.08147306
14/11/2020 14:15:01,0,0,0.081257783
14/11/2020 14:15:02,0,0,0.081042506
14/11/2020 14:15:03,0,0,0.080827221
14/11/2020 14:15:04,0,0,0.080611944
14/11/2020 14:15:05,0,0,0.080396667
14/11/2020 14:15:06,0,0,0.08018139
14/11/2020 14:15:07,0,0,0.079966113
14/11/2020 14:15:08,0,0,0.079750828
14/11/2020 14:15:09,0,0,0.079535551
14/11/2020 14:15:10,0,0,0.079320274
14/11/2020 14:15:11,0,0,0.079104997
14/11/2020 14:15:12,0,0,0.078889713
14/11/2020 14:15:13,0,0,0.078674436
14/11/2020 14:15:14,0,0,0.078459159
14/11/2020 14:15:15,0,0,0.078243881
14/11/2020 14:15:16,0,0,0.078028604
14/11/2020 14:15:17,0,0,0.07781332
14/11/2020 14:15:18,0,0,0.077598043
14/11/2020 14:15:19,0,0,0.077382766
14/11/2020 14:15:20,0,0,0.077167489
14/11/2020 14:15:21,0,0,0.076952212
14/11/2020 14:15:22,0,0,0.076736927
14/11/2020 14:15:23,0,0,0.07652165
14/11/2020 14:15:24,0,0,0.076306373
14/11/2020 14:15:25,0,0,0.076091096
14/11/2020 14:15:26,0,0,0.075875819
14/11/2020 14:15:27,0,0,0.075660534
14/11/2020 14:15:28,0,0,0.075445257
14/11/2020 14:15:29,0,0,0.07522998
14/11/2020 14:15:30,0,0,0.075014703
14/11/2020 14:15:31,0,0,0.074799426
14/11/2020 14:15:32,0,0,0.074584141
14/11/2020 14:15:33,0,0,0.074368864
14/11/2020 14:15:34,0,0,0.074153587
14/11/2020 14:15:35,0,0,0.07393831
14/11/2020 14:15:36,0,0,0.073723026
14/11/2020 14:15:37,0,0,0.073507749
14/11/2020 14:15:38,0,0,0.073292471
14/11/2020 14:15:39,0,0,0.073077194
14/11/2020 14:15:40,0,0,0.072861917
14/11/2020 14:15:41,0,0,0.072646633
14/11/2020 14:15:42,0,0,0.072431356
14/11/2020 14:15:43,0,0,0.072216079
14/11/2020 14:15:44,0,0,0.072000802
14/11/2020 14:15:45,0,0,0.071785524
14/11/2020 14:15:46,0,0,0.07157024
14/11/2020 14:15:47,0,0,0.071354963
14/11/2020 14:15:48,0,0,0.071139686
14/11/2020 14:15:49,0,0,0.070924409
14/11/2020 14:15:50,0,0,0.070709132
14/11/2020 14:15:51,0,0,0.070493847
14/11/2020 14:15:52,0,0,0.07027857
14/11/2020 14:15:53,0,0,0.070063293
14/11/2020 14:15:54,0,0,0.069848016
14/11/2020 14:15:55,0,0,0.069632731
14/11/2020 14:15:56,0,0,0.069417454
14/11/2020 14:15:57,0,0,0.069202177
14/11/2020 14:15:58,0,0,0.0689869
14/11/2020 14:15:59,0,0,0.068771623
14/11/2020 14:16:00,0,0,0.068556339
14/11/2020 14:16:01,0,0,0.068341061
14/11/2020 14:16:02,0,0,0.068125784
14/11/2020 14:16:03,0,0,0.067910507
14/11/2020 14:16:04,0,0,0.06769523
14/11/2020 14:16:05,0,0,0.067479946
14/11/2020 14:16:06,0,0,0.067264669
14/11/2020 14:16:07,0,0,0.067049392
14/11/2020 14:16:08,0,0,0.066834114
14/11/2020 14:16:09,0,0,0.066618837
14/11/2020 14:16:10,0,0,0.066403553
14/11/2020 14:16:11,0,0,0.066188276
14/11/2020 14:16:12,0,0,0.065972999
14/11/2020 14:16:13,0,0,0.065757722
14/11/2020 14:16:14,0,0,0.065542445
14/11/2020 14:16:15,0,0,0.06532716
14/11/2020 14:16:16,0,0,0.065111883
14/11/2020 14:16:17,0,0,0.064896606
14/11/2020 14:16:18,0,0,0.064681329
14/11/2020 14:16:19,0,0,0.064466044
14/11/2020 14:16:20,0,0,0.064250767
14/11/2020 14:16:21,0,0,0.06403549
14/11/2020 14:16:22,0,0,0.063820213
14/11/2020 14:16:23,0,0,0.063604936
14/11/2020 14:16:24,0,0,0.063389651
14/11/2020 14:16:25,0,0,0.063174374
14/11/2020 14:16:26,0,0,0.062959097
14/11/2020 14:16:27,0,0,0.06274382
14/11/2020 14:16:28,0,0,0.062528543
14/11/2020 14:16:29,0,0,0.062313262
14/11/2020 14:16:30,0,0,0.062097982
14/11/2020 14:16:31,0,0,0.061882704
14/11/2020 14:16:32,0,0,0.061667427
14/11/2020 14:16:33,0,0,0.061452147
14/11/2020 14:16:34,0,0,0.06123687
14/11/2020 14:16:35,0,0,0.061021589
14/11/2020 14:16:36,0,0,0.060806312
14/11/2020 14:16:37,0,0,0.060591031
14/11/2020 14:16:38,0,0,0.060375754
14/11/2020 14:16:39,0,0,0.060160477
14/11/2020 14:16:40,0,0,0.059945196
14/11/2020 14:16:41,0,0,0.059729919
14/11/2020 14:16:42,0,0,0.059514638
14/11/2020 14:16:43,0,0,0.059299361
14/11/2020 14:16:44,0,0,0.059084084
14/11/2020 14:16:45,0,0,0.058868803
14/11/2020 14:16:46,0,0,0.058653526
14/11/2020 14:16:47,0,0,0.058438245
14/11/2020 14:16:48,0,0,0.058222968
14/11/2020 14:16:49,0,0,0.058007687
14/11/2020 14:16:50,0,0,0.05779241
14/11/2020 14:16:51,0,0,0.057577133
14/11/2020 14:16:52,0,0,0.057361852
14/11/2020 14:16:53,0,0,0.057146575
14/11/2020 14:16:54,0,0,0.056931295
14/11/2020 14:16:55,0,0,0.056716017
14/11/2020 14:16:56,0,0,0.056500737
14/11/2020 14:16:57,0,0,0.05628546
14/11/2020 14:16:58,0,0,0.056070182
14/11/2020 14:16:59,0,0,0.055854902
14/11/2020 14:17:00,0,0,0.055639625
14/11/2020 14:17:01,0,0,0.055424344
14/11/2020 14:17:02,0,0,0.055209067
14/11/2020 14:17:03,0,0,0.05499379
14/11/2020 14:17:04,0,0,0.054778509
14/11/2020 14:17:05,0,0,0.054563232
14/11/2020 14:17:06,0,0,0.054347951
14/11/2020 14:17:07,0,0,0.054132674
14/11/2020 14:17:08,0,0,0.053917393
14/11/2020 14:17:09,0,0,0.053702116
14/11/2020 14:17:10,0,0,0.053486839
14/11/2020 14:17:11,0,0,0.053271558
14/11/2020 14:17:12,0,0,0.053056281
14/11/2020 14:17:13,0,0,0.052841
14/11/2020 14:17:14,0,0,0.052625723
14/11/2020 14:17:15,0,0,0.052410446
14/11/2020 14:17:16,0,0,0.052195165
14/11/2020 14:17:17,0,0,0.051979888
14/11/2020 14:17:18,0,0,0.051764607
14/11/2020 14:17:19,0,0,0.05154933
14/11/2020 14:17:20,0,0,0.05133405
14/11/2020 14:17:21,0,0,0.051118772
14/11/2020 14:17:22,0,0,0.050903495
14/11/2020 14:17:23,0,0,0.050688215
14/11/2020 14:17:24,0,0,0.050472938
14/11/2020 14:17:25,0,0,0.050257657
14/11/2020 14:17:26,0,0,0.05004238
14/11/2020 14:17:27,0,0,0.049827103
14/11/2020 14:17:28,0,0,0.049611822
14/11/2020 14:17:29,0,0,0.049396545
14/11/2020 14:17:30,0,0,0.049181264
14/11/2020 14:17:31,0,0,0.048965987
14/11/2020 14:17:32,0,0,0.048750706
14/11/2020 14:17:33,0,0,0.048535429
14/11/2020 14:17:34,0,0,0.048320152
14/11/2020 14:17:35,0,0,0.048104871
14/11/2020 14:17:36,0,0,0.047889594
14/11/2020 14:17:37,0,0,0.047674313
14/11/2020 14:17:38,0,0,0.047459036
14/11/2020 14:17:39,0,0,0.047243759
14/11/2020 14:17:40,0,0,0.047028478
14/11/2020 14:17:41,0,0,0.046813201
14/11/2020 14:17:42,0,0,0.04659792
14/11/2020 14:17:43,0,0,0.046382643
14/11/2020 14:17:44,0,0,0.046167362
14/11/2020 14:17:45,0,0,0.045952085
14/11/2020 14:17:46,0,0,0.045736808
14/11/2020 14:17:47,0,0,0.045521528
14/11/2020 14:17:48,0,0,0.04530625
14/11/2020 14:17:49,0,0,0.04509097
14/11/2020 14:17:50,0,0,0.044875693
14/11/2020 14:17:51,0,0,0.044660412
14/11/2020 14:17:52,0,0,0.044445135
14/11/2020 14:17:53,0,0,0.044229858
14/11/2020 14:17:54,0,0,0.044014577
14/11/2020 14:17:55,0,0,0.0437993
14/11/2020 14:17:56,0,0,0.043584019
14/11/2020 14:17:57,0,0,0.043368742
14/11/2020 14:17:58,0,0,0.043153465
14/11/2020 14:17:59,0,0,0.042938184
14/11/2020 14:18:00,0,0,0.042722907
14/11/2020 14:18:01,0,0,0.042507626
14/11/2020 14:18:02,0,0,0.042292349
14/11/2020 14:18:03,0,0,0.042077068
14/11/2020 14:18:04,0,0,0.041861791
14/11/2020 14:18:05,0,0,0.041646514
14/11/2020 14:18:06,0,0,0.041431233
14/11/2020 14:18:07,0,0,0.041215956
14/11/2020 14:18:08,0,0,0.041000675
14/11/2020 14:18:09,0,0,0.040785398
14/11/2020 14:18:10,0,0,0.040570121
14/11/2020 14:18:11,0,0,0.04035484
14/11/2020 14:18:12,0,0,0.040139563
14/11/2020 14:18:13,0,0,0.039924283
14/11/2020 14:18:14,0,0,0.039709006
14/11/2020 14:18:15,0,0,0.039493725
14/11/2020 14:18:16,0,0,0.039278448
14/11/2020 14:18:17,0,0,0.039063171
14/11/2020 14:18:18,0,0,0.03884789
14/11/2020 14:18:19,0,0,0.038632613
14/11/2020 14:18:20,0,0,0.038417332
14/11/2020 14:18:21,0,0,0.038202055
14/11/2020 14:18:22,0,0,0.037986778
14/11/2020 14:18:23,0,0,0.037771497
14/11/2020 14:18:24,0,0,0.03755622
14/11/2020 14:18:25,0,0,0.037340939
14/11/2020 14:18:26,0,0,0.037125662
14/11/2020 14:18:27,0,0,0.036910381
14/11/2020 14:18:28,0,0,0.036695104
14/11/2020 14:18:29,0,0,0.036479827
14/11/2020 14:18:30,0,0,0.036264546
14/11/2020 14:18:31,0,0,0.036049269
14/11/2020 14:18:32,0,0,0.035833988
14/11/2020 14:18:33,0,0,0.035618711
14/11/2020 14:18:34,0,0,0.035403434
14/11/2020 14:18:35,0,0,0.035188153
14/11/2020 14:18:36,0,0,0.034972876
14/11/2020 14:18:37,0,0,0.034757596
14/11/2020 14:18:38,0,0,0.034542318
14/11/2020 14:18:39,0,0,0.034327038
14/11/2020 14:18:40,0,0,0.034111761
14/11/2020 14:18:41,0,0,0.033896483
14/11/2020 14:18:42,0,0,0.033681203
14/11/2020 14:18:43,0,0,0.033465926
14/11/2020 14:18:44,0,0,0.033250645
14/11/2020 14:18:45,0,0,0.033035368
14/11/2020 14:18:46,0,0,0.032820087
14/11/2020 14:18:47,0,0,0.03260481
14/11/2020 14:18:48,0,0,0.032389533
14/11/2020 14:18:49,0,0,0.032174252
14/11/2020 14:18:50,0,0,0.031958975
14/11/2020 14:18:51,0,0,0.031743694
14/11/2020 14:18:52,0,0,0.031528417
14/11/2020 14:18:53,0,0,0.03131314
14/11/2020 14:18:54,0,0,0.031097859
14/11/2020 14:18:55,0,0,0.03088258
14/11/2020 14:18:56,0,0,0.030667303
14/11/2020 14:18:57,0,0,0.030452024
14/11/2020 14:18:58,0,0,0.030236745
14/11/2020 14:18:59,0,0,0.030021466
14/11/2020 14:19:00,0,0,0.029806187
14/11/2020 14:19:01,0,0,0.029590908
14/11/2020 14:19:02,0,0,0.029375631
14/11/2020 14:19:03,0,0,0.029160352
14/11/2020 14:19:04,0,0,0.028945073
14/11/2020 14:19:05,0,0,0.028729795
14/11/2020 14:19:06,0,0,0.028514516
14/11/2020 14:19:07,0,0,0.028299237
14/11/2020 14:19:08,0,0,0.02808396
14/11/2020 14:19:09,0,0,0.027868681
14/11/2020 14:19:10,0,0,0.027653402
14/11/2020 14:19:11,0,0,0.027438123
14/11/2020 14:19:12,0,0,0.027222844
14/11/2020 14:19:13,0,0,0.027007565
14/11/2020 14:19:14,0,0,0.026792288
14/11/2020 14:19:15,0,0,0.026577009
14/11/2020 14:19:16,0,0,0.02636173
14/11/2020 14:19:17,0,0,0.026146451
14/11/2020 14:19:18,0,0,0.025931172
14/11/2020 14:19:19,0,0,0.025715893
14/11/2020 14:19:20,0,0,0.025500616
14/11/2020 14:19:21,0,0,0.025285337
14/11/2020 14:19:22,0,0,0.025070058
14/11/2020 14:19:23,0,0,0.024854779
14/11/2020 14:19:24,0,0,0.0246395
14/11/2020 14:19:25,0,0,0.024424221
14/11/2020 14:19:26,0,0,0.024208944
14/11/2020 14:19:27,0,0,0.023993665
14/11/2020 14:19:28,0,0,0.023778386
14/11/2020 14:19:29,0,0,0.023563107
14/11/2020 14:19:30,0,0,0.023347829
14/11/2020 14:19:31,0,0,0.02313255
14/11/2020 14:19:32,0,0,0.022917273
14/11/2020 14:19:33,0,0,0.022701994
14/11/2020 14:19:34,0,0,0.022486715
14/11/2020 14:19:35,0,0,0.022271436
14/11/2020 14:19:36,0,0,0.022056157
14/11/2020 14:19:37,0,0,0.021840878
14/11/2020 14:19:38,0,0,0.021625601
14/11/2020 14:19:39,0,0,0.021410322
14/11/2020 14:19:40,0,0,0.021195043
14/11/2020 14:19:41,0,0,0.020979764
14/11/2020 14:19:42,0,0,0.020764485
14/11/2020 14:19:43,0,0,0.020549206
14/11/2020 14:19:44,0,0,0.020333927
14/11/2020 14:19:45,0,0,0.02011865
14/11/2020 14:19:46,0,0,0.019903371
14/11/2020 14:19:47,0,0,0.019688092
14/11/2020 14:19:48,0,0,0.019472813
14/11/2020 14:19:49,0,0,0.019257534
14/11/2020 14:19:50,0,0,0.019042255
14/11/2020 14:19:51,0,0,0.018826978
14/11/2020 14:19:52,0,0,0.018611699
14/11/2020 14:19:53,0,0,0.01839642
14/11/2020 14:19:54,0,0,0.018181141
14/11/2020 14:19:55,0,0,0.017965863
14/11/2020 14:19:56,0,0,0.017750584
14/11/2020 14:19:57,0,0,0.017535307
14/11/2020 14:19:58,0,0,0.017320028
14/11/2020 14:19:59,0,0,0.017104749
14/11/2020 14:20:00,0,0,0.01688947
14/11/2020 14:20:01,0,0,0.016674191
14/11/2020 14:20:02,0,0,0.016458912
14/11/2020 14:20:03,0,0,0.016243635
14/11/2020 14:20:04,0,0,0.016028356
14/11/2020 14:20:05,0,0,0.015813077
14/11/2020 14:20:06,0,0,0.015597798
14/11/2020 14:20:07,0,0,0.01538252
14/11/2020 14:20:08,0,0,0.015167241
14/11/2020 14:20:09,0,0,0.014951962
14/11/2020 14:20:10,0,0,0.014736683
14/11/2020 14:20:11,0,0,0.014521405
14/11/2020 14:20:12,0,0,0.014306126
14/11/2020 14:20:13,0,0,0.014090847
14/11/2020 14:20:14,0,0,0.013875569
14/11/2020 14:20:15,0,0,0.01366029
14/11/2020 14:20:16,0,0,0.013445011
14/11/2020 14:20:17,0,0,0.013229733
14/11/2020 14:20:18,0,0,0.013014454
14/11/2020 14:20:19,0,0,0.012799175
14/11/2020 14:20:20,0,0,0.012583897
14/11/2020 14:20:21,0,0,0.012368619
14/11/2020 14:20:22,0,0,0.01215334
14/11/2020 14:20:23,0,0,0.011938062
14/11/2020 14:20:24,0,0,0.011722783
14/11/2020 14:20:25,0,0,0.011507504
14/11/2020 14:20:26,0,0,0.011292226
14/11/2020 14:20:27,0,0,0.011076947
14/11/2020 14:20:28,0,0,0.010861668
14/11/2020 14:20:29,0,0,0.01064639
14/11/2020 14:20:30,0,0,0.010431111
14/11/2020 14:20:31,0,0,0.010215832
14/11/2020 14:20:32,0,0,0.010000554
14/11/2020 14:20:33,0,0,0.009785275
14/11/2020 14:20:34,0,0,0.009569996
14/11/2020 14:20:35,0,0,0.009354718
14/11/2020 14:20:36,0,0,0.009139439
14/11/2020 14:20:37,0,0,0.00892416
14/11/2020 14:20:38,0,0,0.008708882
14/11/2020 14:20:39,0,0,0.008493603
14/11/2020 14:20:40,0,0,0.008278324
14/11/2020 14:20:41,0,0,0.008063046
14/11/2020 14:20:42,0,0,0.007847767
14/11/2020 14:20:43,0,0,0.007632489
14/11/2020 14:20:44,0,0,0.00741721
14/11/2020 14:20:45,0,0,0.007201931
14/11/2020 14:20:46,0,0,0.006986653
14/11/2020 14:20:47,0,0,0.006771374
14/11/2020 14:20:48,0,0,0.006556096
14/11/2020 14:20:49,0,0,0.006340817
14/11/2020 14:20:50,0,0,0.006125538
14/11/2020 14:20:51,0,0,0.00591026
14/11/2020 14:20:52,0,0,0.005694981
14/11/2020 14:20:53,0,0,0.005479702
14/11/2020 14:20:54,0,0,0.005264424
14/11/2020 14:20:55,0,0,0.005049145
14/11/2020 14:20:56,0,0,0.004833866
14/11/2020 14:20:57,0,0,0.004618588
14/11/2020 14:20:58,0,0,0.004403309
14/11/2020 14:20:59,0,0,0.00418803
14/11/2020 14:21:00,0,0,0.003972752
14/11/2020 14:21:01,0,0,0.003757473
14/11/2020 14:21:02,0,0,0.003542195
14/11/2020 14:21:03,0,0,0.003326916
14/11/2020 14:21:04,0,0,0.003111637
14/11/2020 14:21:05,0,0,0.002896359
14/11/2020 14:21:06,0,0,0.00268108
14/11/2020 14:21:07,0,0,0.002465802
14/11/2020 14:21:08,0,0,0.002250523
14/11/2020 14:21:09,0,0,0.002035244
14/11/2020 14:21:10,0,0,0.001819966
14/11/2020 14:21:11,0,0,0.001604687
14/11/2020 14:21:12,0,0,0.001389408
14/11/2020 14:21:13,0,0,0.00117413
14/11/2020 14:21:14,0,0,0.000958851
14/11/2020 14:21:15,0,0,0.000743572
14/11/2020 14:21:16,0,0,0.000528294
14/11/2020 14:21:17,0,0,0.000313015
14/11/2020 14:21:18,0,0,9.77365E-05
14/11/2020 14:21:19,0,0,0
14/11/2020 14:21:20,0,0,0
14/11/2020 14:21:21,0,0,0
14/11/2020 14:21:22,0,0,0
14/11/2020 14:21:23,0,0,0
14/11/2020 14:21:24,0,0,0
14/11/2020 14:21:25,0,0,0
14/11/2020 14:21:26,0,0,0
14/11/2020 14:21:27,0,0,0
14/11/2020 14:21:28,0,0,0
14/11/2020 14:21:29,0,0,0
14/11/2020 14:21:30,0,0,0
14/11/2020 14:21:31,0,0,0
14/11/2020 14:21:32,0,0,0
14/11/2020 14:21:33,0,0,0
14/11/2020 14:21:34,0,0,0
14/11/2020 14:21:35,0,0,0
14/11/2020 14:21:36,0,0,0
14/11/2020 14:21:37,0,0,0
14/11/2020 14:21:38,0,0,0
14/11/2020 14:21:39,0,0,0
14/11/2020 14:21:40,0,0,0
14/11/2020 14:21:41,0,0,0
14/11/2020 14:21:42,0,0,0
14/11/2020 14:21:43,0,0,0
14/11/2020 14:21:44,0,0,0
14/11/2020 14:21:45,0,0,0
14/11/2020 14:21:46,0,0,0
14/11/2020 14:21:47,0,0,0
14/11/2020 14:21:48,0,0,0
14/11/2020 14:21:49,0,0,0
14/11/2020 14:21:50,0,0,0
14/11/2020 14:21:51,0,0,0
14/11/2020 14:21:52,0,0,0
14/11/2020 14:21:53,0,0,0
14/11/2020 14:21:54,0,0,0
14/11/2020 14:21:55,0,0,0
14/11/2020 14:21:56,0,0,0
14/11/2020 14:21:57,0,0,0
14/11/2020 14:21:58,0,0,0
14/11/2020 14:21:59,0,0,0
14/11/2020 14:22:00,0,0,0
14/11/2020 14:22:01,0,0,0
14/11/2020 14:22:02,0,0,0
14/11/2020 14:22:03,0,0,0
14/11/2020 14:22:04,0,0,0
14/11/2020 14:22:05,0,0,0
14/11/2020 14:22:06,0,0,0
14/11/2020 14:22:07,0,0,0
14/11/2020 14:22:08,0,0,0
14/11/2020 14:22:09,0,0,0
14/11/2020 14:22:10,0,0,0
14/11/2020 14:22:11,0,0,0
14/11/2020 14:22:12,0,0,0
14/11/2020 14:22:13,0,0,0
14/11/2020 14:22:14,0,0,0
14/11/2020 14:22:15,0,0,0
14/11/2020 14:22:16,0,0,0
14/11/2020 14:22:17,0,0,0
14/11/2020 14:22:18,0,0,0
14/11/2020 14:22:19,0,0,0
14/11/2020 14:22:20,0,0,0
14/11/2020 14:22:21,0,0,0
14/11/2020 14:22:22,0,0,0
14/11/2020 14:22:23,0,0,0
14/11/2020 14:22:24,0,0,0
14/11/2020 14:22:25,0,0,0
14/11/2020 14:22:26,0,0,0
14/11/2020 14:22:27,0,0,0
14/11/2020 14:22:28,0,0,0
14/11/2020 14:22:29,0,0,0
14/11/2020 14:22:30,0,0,0
14/11/2020 14:22:31,0,0,0
14/11/2020 14:22:32,0,0,0
14/11/2020 14:22:33,0,0,0
14/11/2020 14:22:34,0,0,0
14/11/2020 14:22:35,0,0,0
14/11/2020 14:22:36,0,0,0
14/11/2020 14:22:37,0,0,0
14/11/2020 14:22:38,0,0,0
14/11/2020 14:22:39,0,0,0
14/11/2020 14:22:40,0,0,0
14/11/2020 14:22:41,0,0,0
14/11/2020 14:22:42,0,0,0
14/11/2020 14:22:43,0,0,0
14/11/2020 14:22:44,0,0,0
14/11/2020 14:22:45,0,0,0
14/11/2020 14:22:46,0,0,0
14/11/2020 14:22:47,0,0,0
14/11/2020 14:22:48,0,0,0
14/11/2020 14:22:49,0,0,0
14/11/2020 14:22:50,0,0,0
14/11/2020 14:22:51,0,0,0
14/11/2020 14:22:52,0,0,0
14/11/2020 14:22:53,0,0,0
14/11/2020 14:22:54,0,0,0
14/11/2020 14:22:55,0,0,0
14/11/2020 14:22:56,0,0,0
14/11/2020 14:22:57,0,0,0
14/11/2020 14:22:58,0,0,0
14/11/2020 14:22:59,0,0,0
14/11/2020 14:23:00,0,0,0
14/11/2020 14:23:01,0,0,0
14/11/2020 14:23:02,0,0,0
14/11/2020 14:23:03,0,0,0
14/11/2020 14:23:04,0,0,0
14/11/2020 14:23:05,0,0,0
14/11/2020 14:23:06,0,0,0
14/11/2020 14:23:07,0,0,0
14/11/2020 14:23:08,0,0,0
14/11/2020 14:23:09,0,0,0
14/11/2020 14:23:10,0,0,0
14/11/2020 14:23:11,0,0,0
14/11/2020 14:23:12,0,0,0
14/11/2020 14:23:13,0,0,0
14/11/2020 14:23:14,0,0,0
14/11/2020 14:23:15,0,0,0
14/11/2020 14:23:16,0,0,0
14/11/2020 14:23:17,0,0,0
14/11/2020 14:23:18,0,0,0
14/11/2020 14:23:19,0,0,0
14/11/2020 14:23:20,0,0,0
14/11/2020 14:23:21,0,0,0
14/11/2020 14:23:22,0,0,0
14/11/2020 14:23:23,0,0,0
14/11/2020 14:23:24,0,0,0
14/11/2020 14:23:25,0,0,0
14/11/2020 14:23:26,0,0,0
14/11/2020 14:23:27,0,0,0
14/11/2020 14:23:28,0,0,0
14/11/2020 14:23:29,0,0,0
14/11/2020 14:23:30,0,0,0
14/11/2020 14:23:31,0,0,0
14/11/2020 14:23:32,0,0,0
14/11/2020 14:23:33,0,0,0
14/11/2020 14:23:34,0,0,0
14/11/2020 14:23:35,0,0,0
14/11/2020 14:23:36,0,0,0
14/11/2020 14:23:37,0,0,0
14/11/2020 14:23:38,0,0,0
14/11/2020 14:23:39,0,0,0
14/11/2020 14:23:40,0,0,0
14/11/2020 14:23:41,0,0,0
14/11/2020 14:23:42,0,0,0
14/11/2020 14:23:43,0,0,0
14/11/2020 14:23:44,0,0,0
14/11/2020 14:23:45,0,0,0
14/11/2020 14:23:46,0,0,0
14/11/2020 14:23:47,0,0,0
14/11/2020 14:23:48,0,0,0
14/11/2020 14:23:49,0,0,0
14/11/2020 14:23:50,0,0,0
14/11/2020 14:23:51,0,0,0
14/11/2020 14:23:52,0,0,0
14/11/2020 14:23:53,0,0,0
14/11/2020 14:23:54,0,0,0
14/11/2020 14:23:55,0,0,0
14/11/2020 14:23:56,0,0,0
14/11/2020 14:23:57,0,0,0
14/11/2020 14:23:58,0,0,0
14/11/2020 14:23:59,0,0,0
14/11/2020 14:24:00,0,0,0
14/11/2020 14:24:01,0,0,0
14/11/2020 14:24:02,0,0,0
14/11/2020 14:24:03,0,0,0
14/11/2020 14:24:04,0,0,0
14/11/2020 14:24:05,0,0,0
14/11/2020 14:24:06,0,0,0
14/11/2020 14:24:07,0,0,0
14/11/2020 14:24:08,0,0,0
14/11/2020 14:24:09,0,0,0
14/11/2020 14:24:10,0,0,0
14/11/2020 14:24:11,0,0,0
14/11/2020 14:24:12,0,0,0
14/11/2020 14:24:13,0,0,0
14/11/2020 14:24:14,0,0,0
14/11/2020 14:24:15,0,0,0
14/11/2020 14:24:16,0,0,0
14/11/2020 14:24:17,0,0,0
14/11/2020 14:24:18,0,0,0
14/11/2020 14:24:19,0,0,0
14/11/2020 14:24:20,0,0,0
14/11/2020 14:24:21,0,0,0
14/11/2020 14:24:22,0,0,0
14/11/2020 14:24:23,0,0,0
14/11/2020 14:24:24,0,0,0
14/11/2020 14:24:25,0,0,0
14/11/2020 14:24:26,0,0,0
14/11/2020 14:24:27,0,0,0
14/11/2020 14:24:28,0,0,0
14/11/2020 14:24:29,0,0,0
14/11/2020 14:24:30,0,0,0
14/11/2020 14:24:31,0,0,0
14/11/2020 14:24:32,0,0,0
14/11/2020 14:24:33,0,0,0
14/11/2020 14:24:34,0,0,0
14/11/2020 14:24:35,0,0,0
14/11/2020 14:24:36,0,0,0
14/11/2020 14:24:37,0,0,0
14/11/2020 14:24:38,0,0,0
14/11/2020 14:24:39,0,0,0
14/11/2020 14:24:40,0,0,0
14/11/2020 14:24:41,0,0,0
14/11/2020 14:24:42,0,0,0
14/11/2020 14:24:43,0,0,0
14/11/2020 14:24:44,0,0,0
14/11/2020 14:24:45,0,0,0
14/11/2020 14:24:46,0,0,0
14/11/2020 14:24:47,0,0,0
14/11/2020 14:24:48,0,0,0
14/11/2020 14:24:49,0,0,0
14/11/2020 14:24:50,0,0,0
14/11/2020 14:24:51,0,0,0
14/11/2020 14:24:52,0,0,0
14/11/2020 14:24:53,0,0,0
14/11/2020 14:24:54,0,0,0
14/11/2020 14:24:55,0,0,0
14/11/2020 14:24:56,0,0,0
14/11/2020 14:24:57,0,0,0
14/11/2020 14:24:58,0,0,0
14/11/2020 14:24:59,0,0,0
14/11/2020 14:25:00,0,0,0
14/11/2020 14:25:01,0,0,0
14/11/2020 14:25:02,0,0,0
14/11/2020 14:25:03,0,0,0
14/11/2020 14:25:04,0,0,0
14/11/2020 14:25:05,0,0,0
14/11/2020 14:25:06,0,0,0
14/11/2020 14:25:07,0,0,0
14/11/2020 14:25:08,0,0,0
14/11/2020 14:25:09,0,0,0
14/11/2020 14:25:10,0,0,0
14/11/2020 14:25:11,0,0,0
14/11/2020 14:25:12,0,0,0
14/11/2020 14:25:13,0,0,0
14/11/2020 14:25:14,0,0,0
14/11/2020 14:25:15,0,0,0
14/11/2020 14:25:16,0,0,0
14/11/2020 14:25:17,0,0,0
14/11/2020 14:25:18,0,0,0
14/11/2020 14:25:19,0,0,0
14/11/2020 14:25:20,0,0,0
14/11/2020 14:25:21,0,0,0
14/11/2020 14:25:22,0,0,0
14/11/2020 14:25:23,0,0,0
14/11/2020 14:25:24,0,0,0
14/11/2020 14:25:25,0,0,0
14/11/2020 14:25:26,0,0,0
14/11/2020 14:25:27,0,0,0
14/11/2020 14:25:28,0,0,0
14/11/2020 14:25:29,0,0,0
14/11/2020 14:25:30,0,0,0
14/11/2020 14:25:31,0,0,0
14/11/2020 14:25:32,0,0,0
14/11/2020 14:25:33,0,0,0
14/11/2020 14:25:34,0,0,0
14/11/2020 14:25:35,0,0,0
14/11/2020 14:25:36,0,0,0
14/11/2020 14:25:37,0,0,0
14/11/2020 14:25:38,0,0,0
14/11/2020 14:25:39,0,0,0
14/11/2020 14:25:40,0,0,0
14/11/2020 14:25:41,0,0,0
14/11/2020 14:25:42,0,0,0
14/11/2020 14:25:43,0,0,0
14/11/2020 14:25:44,0,0,0
14/11/2020 14:25:45,0,0,0
14/11/2020 14:25:46,0,0,0
14/11/2020 14:25:47,0,0,0
14/11/2020 14:25:48,0,0,0
14/11/2020 14:25:49,0,0,0
14/11/2020 14:25:50,0,0,0
14/11/2020 14:25:51,0,0,0
14/11/2020 14:25:52,0,0,0
14/11/2020 14:25:53,0,0,0
14/11/2020 14:25:54,0,0,0
14/11/2020 14:25:55,0,0,0
14/11/2020 14:25:56,0,0,0
14/11/2020 14:25:57,0,0,0
14/11/2020 14:25:58,0,0,0
14/11/2020 14:25:59,0,0,0
14/11/2020 14:26:00,0,0,0
14/11/2020 14:26:01,0,0,0
14/11/2020 14:26:02,0,0,0
14/11/2020 14:26:03,0,0,0
14/11/2020 14:26:04,0,0,0
14/11/2020 14:26:05,0,0,0
14/11/2020 14:26:06,0,0,0
14/11/2020 14:26:07,0,0,0
14/11/2020 14:26:08,0,0,0
14/11/2020 14:26:09,0,0,0
14/11/2020 14:26:10,0,0,0
14/11/2020 14:26:11,0,0,0
14/11/2020 14:26:12,0,0,0
14/11/2020 14:26:13,0,0,0
14/11/2020 14:26:14,0,0,0
14/11/2020 14:26:15,0,0,0
14/11/2020 14:26:16,0,0,0
14/11/2020 14:26:17,0,0,0
14/11/2020 14:26:18,0,0,0
14/11/2020 14:26:19,0,0,0
14/11/2020 14:26:20,0,0,0
14/11/2020 14:26:21,0,0,0
14/11/2020 14:26:22,0,0,0
14/11/2020 14:26:23,0,0,0
14/11/2020 14:26:24,0,0,0
14/11/2020 14:26:25,0,0,0
14/11/2020 14:26:26,0,0,0
14/11/2020 14:26:27,0,0,0
14/11/2020 14:26:28,0,0,0
14/11/2020 14:26:29,0,0,0
14/11/2020 14:26:30,0,0,0
14/11/2020 14:26:31,0,0,0
14/11/2020 14:26:32,0,0,0
14/11/2020 14:26:33,0,0,0
14/11/2020 14:26:34,0,0,0
14/11/2020 14:26:35,0,0,0
14/11/2020 14:26:36,0,0,0
14/11/2020 14:26:37,0,0,0
14/11/2020 14:26:38,0,0,0
14/11/2020 14:26:39,0,0,0
14/11/2020 14:26:40,0,0,0
14/11/2020 14:26:41,0,0,0
14/11/2020 14:26:42,0,0,0
14/11/2020 14:26:43,0,0,0
14/11/2020 14:26:44,0,0,0
14/11/2020 14:26:45,0,0,0
14/11/2020 14:26:46,0,0,0
14/11/2020 14:26:47,0,0,0
14/11/2020 14:26:48,0,0,0
14/11/2020 14:26:49,0,0,0
14/11/2020 14:26:50,0,0,0
14/11/2020 14:26:51,0,0,0
14/11/2020 14:26:52,0,0,0
14/11/2020 14:26:53,0,0,0
14/11/2020 14:26:54,0,0,0
14/11/2020 14:26:55,0,0,0
14/11/2020 14:26:56,0,0,0
14/11/2020 14:26:57,0,0,0
14/11/2020 14:26:58,0,0,0
14/11/2020 14:26:59,0,0,0
14/11/2020 14:27:00,0,0,0
14/11/2020 14:27:01,0,0,0
14/11/2020 14:27:02,0,0,0
14/11/2020 14:27:03,0,0,0
14/11/2020 14:27:04,0,0,0
14/11/2020 14:27:05,0,0,0
14/11/2020 14:27:06,0,0,0
14/11/2020 14:27:07,0,0,0
14/11/2020 14:27:08,0,0,0
14/11/2020 14:27:09,0,0,0
14/11/2020 14:27:10,0,0,0
14/11/2020 14:27:11,0,0,0
14/11/2020 14:27:12,0,0,0
14/11/2020 14:27:13,0,0,0
14/11/2020 14:27:14,0,0,0
14/11/2020 14:27:15,0,0,0
14/11/2020 14:27:16,0,0,0
14/11/2020 14:27:17,0,0,0
14/11/2020 14:27:18,0,0,0
14/11/2020 14:27:19,0,0,0
14/11/2020 14:27:20,0,0,0
14/11/2020 14:27:21,0,0,0
14/11/2020 14:27:22,0,0,0
14/11/2020 14:27:23,0,0,0
14/11/2020 14:27:24,0,0,0
14/11/2020 14:27:25,0,0,0
14/11/2020 14:27:26,0,0,0
14/11/2020 14:27:27,0,0,0
14/11/2020 14:27:28,0,0,0
14/11/2020 14:27:29,0,0,0
14/11/2020 14:27:30,0,0,0
14/11/2020 14:27:31,0,0,0
14/11/2020 14:27:32,0,0,0
14/11/2020 14:27:33,0,0,0
14/11/2020 14:27:34,0,0,0
14/11/2020 14:27:35,0,0,0
14/11/2020 14:27:36,0,0,0
14/11/2020 14:27:37,0,0,0
14/11/2020 14:27:38,0,0,0
14/11/2020 14:27:39,0,0,0
14/11/2020 14:27:40,0,0,0
14/11/2020 14:27:41,0,0,0
14/11/2020 14:27:42,0,0,0
14/11/2020 14:27:43,0,0,0
14/11/2020 14:27:44,0,0,0
14/11/2020 14:27:45,0,0,0
14/11/2020 14:27:46,0,0,0
14/11/2020 14:27:47,0,0,0
14/11/2020 14:27:48,0,0,0
14/11/2020 14:27:49,0,0,0
14/11/2020 14:27:50,0,0,0
14/11/2020 14:27:51,0,0,0
14/11/2020 14:27:52,0,0,0
14/11/2020 14:27:53,0,0,0
14/11/2020 14:27:54,0,0,0
14/11/2020 14:27:55,0,0,0
14/11/2020 14:27:56,0,0,0
14/11/2020 14:27:57,0,0,0
14/11/2020 14:27:58,0,0,0
14/11/2020 14:27:59,0,0,0
14/11/2020 14:28:00,0,0,0
14/11/2020 14:28:01,0,0,0
14/11/2020 14:28:02,0,0,0
14/11/2020 14:28:03,0,0,0
14/11/2020 14:28:04,0,0,0
14/11/2020 14:28:05,0,0,0
14/11/2020 14:28:06,0,0,0
14/11/2020 14:28:07,0,0,0
14/11/2020 14:28:08,0,0,0
14/11/2020 14:28:09,0,0,0
14/11/2020 14:28:10,0,0,0
14/11/2020 14:28:11,0,0,0
14/11/2020 14:28:12,0,0,0
14/11/2020 14:28:13,0,0,0
14/11/2020 14:28:14,0,0,0
14/11/2020 14:28:15,0,0,0
14/11/2020 14:28:16,0,0,0
14/11/2020 14:28:17,0,0,0
14/11/2020 14:28:18,0,0,0
14/11/2020 14:28:19,0,0,0
14/11/2020 14:28:20,0,0,0
14/11/2020 14:28:21,0,0,0
14/11/2020 14:28:22,0,0,0
14/11/2020 14:28:23,0,0,0
14/11/2020 14:28:24,0,0,0
14/11/2020 14:28:25,0,0,0
14/11/2020 14:28:26,0,0,0
14/11/2020 14:28:27,0,0,0
14/11/2020 14:28:28,0,0,0
14/11/2020 14:28:29,0,0,0
14/11/2020 14:28:30,0,0,0
14/11/2020 14:28:31,0,0,0
14/11/2020 14:28:32,0,0,0
14/11/2020 14:28:33,0,0,0
14/11/2020 14:28:34,0,0,0
14/11/2020 14:28:35,0,0,0
14/11/2020 14:28:36,0,0,0
14/11/2020 14:28:37,0,0,0
14/11/2020 14:28:38,0,0,0
14/11/2020 14:28:39,0,0,0
14/11/2020 14:28:40,0,0,0
14/11/2020 14:28:41,0,0,0
14/11/2020 14:28:42,0,0,0
14/11/2020 14:28:43,0,0,0
14/11/2020 14:28:44,0,0,0
14/11/2020 14:28:45,0,0,0
14/11/2020 14:28:46,0,0,0
14/11/2020 14:28:47,0,0,0
14/11/2020 14:28:48,0,0,0
14/11/2020 14:28:49,0,0,0
14/11/2020 14:28:50,0,0,0
14/11/2020 14:28:51,0,0,0
14/11/2020 14:28:52,0,0,0
14/11/2020 14:28:53,0,0,0
14/11/2020 14:28:54,0,0,0
14/11/2020 14:28:55,0,0,0
14/11/2020 14:28:56,0,0,0
14/11/2020 14:28:57,0,0,0
14/11/2020 14:28:58,0,0,0
14/11/2020 14:28:59,0,0,0
14/11/2020 14:29:00,0,0,0
14/11/2020 14:29:01,0,0,0
14/11/2020 14:29:02,0,0,0
14/11/2020 14:29:03,0,0,0
14/11/2020 14:29:04,0,0,0
14/11/2020 14:29:05,0,0,0
14/11/2020 14:29:06,0,0,0
14/11/2020 14:29:07,0,0,0
14/11/2020 14:29:08,0,0,0
14/11/2020 14:29:09,0,0,0
14/11/2020 14:29:10,0,0,0
14/11/2020 14:29:11,0,0,0
14/11/2020 14:29:12,0,0,0
14/11/2020 14:29:13,0,0,0
14/11/2020 14:29:14,0,0,0
14/11/2020 14:29:15,0,0,0
14/11/2020 14:29:16,0,0,0
14/11/2020 14:29:17,0,0,0
14/11/2020 14:29:18,0,0,0
14/11/2020 14:29:19,0,0,0
14/11/2020 14:29:20,0,0,0
14/11/2020 14:29:21,0,0,0
14/11/2020 14:29:22,0,0,0
14/11/2020 14:29:23,0,0,0
14/11/2020 14:29:24,0,0,0
14/11/2020 14:29:25,0,0,0
14/11/2020 14:29:26,0,0,0
14/11/2020 14:29:27,0,0,0
14/11/2020 14:29:28,0,0,0
14/11/2020 14:29:29,0,0,0
14/11/2020 14:29:30,0,0,0
14/11/2020 14:29:31,0,0,0
14/11/2020 14:29:32,0,0,0
14/11/2020 14:29:33,0,0,0
14/11/2020 14:29:34,0,0,0
14/11/2020 14:29:35,0,0,0
14/11/2020 14:29:36,0,0,0
14/11/2020 14:29:37,0,0,0
14/11/2020 14:29:38,0,0,0
14/11/2020 14:29:39,0,0,0
14/11/2020 14:29:40,0,0,0
14/11/2020 14:29:41,0,0,0
14/11/2020 14:29:42,0,0,0
14/11/2020 14:29:43,0,0,0
14/11/2020 14:29:44,0,0,0
14/11/2020 14:29:45,0,0,0
14/11/2020 14:29:46,0,0,0
14/11/2020 14:29:47,0,0,0
14/11/2020 14:29:48,0,0,0
14/11/2020 14:29:49,0,0,0
14/11/2020 14:29:50,0,0,0
14/11/2020 14:29:51,0,0,0
14/11/2020 14:29:52,0,0,0
14/11/2020 14:29:53,0,0,0
14/11/2020 14:29:54,0,0,0
14/11/2020 14:29:55,0,0,0
14/11/2020 14:29:56,0,0,0
14/11/2020 14:29:57,0,0,0
14/11/2020 14:29:58,0,0,0
14/11/2020 14:29:59,0,0,0
14/11/2020 14:30:00,0,0,0
14/11/2020 14:30:01,0,0,0
14/11/2020 14:30:02,0,0,0
14/11/2020 14:30:03,0,0,0
14/11/2020 14:30:04,0,0,0
14/11/2020 14:30:05,0,0,0
14/11/2020 14:30:06,0,0,0
14/11/2020 14:30:07,0,0,0
14/11/2020 14:30:08,0,0,0
14/11/2020 14:30:09,0,0,0
14/11/2020 14:30:10,0,0,0
14/11/2020 14:30:11,0,0,0
14/11/2020 14:30:12,0,0,0
14/11/2020 14:30:13,0,0,0
14/11/2020 14:30:14,0,0,0
14/11/2020 14:30:15,0,0,0
14/11/2020 14:30:16,0,0,0
14/11/2020 14:30:17,0,0,0
14/11/2020 14:30:18,0,0,0
14/11/2020 14:30:19,0,0,0
14/11/2020 14:30:20,0,0,0
14/11/2020 14:30:21,0,0,0
14/11/2020 14:30:22,0,0,0
14/11/2020 14:30:23,0,0,0
14/11/2020 14:30:24,0,0,0
14/11/2020 14:30:25,0,0,0
14/11/2020 14:30:26,0,0,0
14/11/2020 14:30:27,0,0,0
14/11/2020 14:30:28,0,0,0
14/11/2020 14:30:29,0,0,0
14/11/2020 14:30:30,0,0,0
14/11/2020 14:30:31,0,0,0
14/11/2020 14:30:32,0,0,0
14/11/2020 14:30:33,0,0,0
14/11/2020 14:30:34,0,0,0
14/11/2020 14:30:35,0,0,0
14/11/2020 14:30:36,0,0,0
14/11/2020 14:30:37,0,0,0
14/11/2020 14:30:38,0,0,0
14/11/2020 14:30:39,0,0,0
14/11/2020 14:30:40,0,0,0
14/11/2020 14:30:41,0,0,0
14/11/2020 14:30:42,0,0,0
14/11/2020 14:30:43,0,0,0
14/11/2020 14:30:44,0,0,0
14/11/2020 14:30:45,0,0,0
14/11/2020 14:30:46,0,0,0
14/11/2020 14:30:47,0,0,0
14/11/2020 14:30:48,0,0,0
14/11/2020 14:30:49,0,0,0
14/11/2020 14:30:50,0,0,0
14/11/2020 14:30:51,0,0,0
14/11/2020 14:30:52,0,0,0
14/11/2020 14:30:53,0,0,0
14/11/2020 14:30:54,0,0,0
14/11/2020 14:30:55,0,0,0
14/11/2020 14:30:56,0,0,0
14/11/2020 14:30:57,0,0,0
14/11/2020 14:30:58,0,0,0
14/11/2020 14:30:59,0,0,0
14/11/2020 14:31:00,0,0,0
14/11/2020 14:31:01,0,0,0
14/11/2020 14:31:02,0,0,0
14/11/2020 14:31:03,0,0,0
14/11/2020 14:31:04,0,0,0
14/11/2020 14:31:05,0,0,0
14/11/2020 14:31:06,0,0,0
14/11/2020 14:31:07,0,0,0
14/11/2020 14:31:08,0,0,0
14/11/2020 14:31:09,0,0,0
14/11/2020 14:31:10,0,0,0
14/11/2020 14:31:11,0,0,0
14/11/2020 14:31:12,0,0,0
14/11/2020 14:31:13,0,0,0
14/11/2020 14:31:14,0,0,0
14/11/2020 14:31:15,0,0,0
14/11/2020 14:31:16,0,0,0
14/11/2020 14:31:17,0,0,0
14/11/2020 14:31:18,0,0,0
14/11/2020 14:31:19,0,0,0
14/11/2020 14:31:20,0,0,0
14/11/2020 14:31:21,0,0,0
14/11/2020 14:31:22,0,0,0
14/11/2020 14:31:23,0,0,0
14/11/2020 14:31:24,0,0,0
14/11/2020 14:31:25,0,0,0
14/11/2020 14:31:26,0,0,0
14/11/2020 14:31:27,0,0,0
14/11/2020 14:31:28,0,0,0
14/11/2020 14:31:29,0,0,0
14/11/2020 14:31:30,0,0,0
14/11/2020 14:31:31,0,0,0
14/11/2020 14:31:32,0,0,0
14/11/2020 14:31:33,0,0,0
14/11/2020 14:31:34,0,0,0
14/11/2020 14:31:35,0,0,0
14/11/2020 14:31:36,0,0,0
14/11/2020 14:31:37,0,0,0
14/11/2020 14:31:38,0,0,0
14/11/2020 14:31:39,0,0,0
14/11/2020 14:31:40,0,0,0
14/11/2020 14:31:41,0,0,0
14/11/2020 14:31:42,0,0,0
14/11/2020 14:31:43,0,0,0
14/11/2020 14:31:44,0,0,0
14/11/2020 14:31:45,0,0,0
14/11/2020 14:31:46,0,0,0
14/11/2020 14:31:47,0,0,0
14/11/2020 14:31:48,0,0,0
14/11/2020 14:31:49,0,0,0
14/11/2020 14:31:50,0,0,0
14/11/2020 14:31:51,0,0,0
14/11/2020 14:31:52,0,0,0
14/11/2020 14:31:53,0,0,0
14/11/2020 14:31:54,0,0,0
14/11/2020 14:31:55,0,0,0
14/11/2020 14:31:56,0,0,0
14/11/2020 14:31:57,0,0,0
14/11/2020 14:31:58,0,0,0
14/11/2020 14:31:59,0,0,0
14/11/2020 14:32:00,0,0,0
14/11/2020 14:32:01,0,0,0
14/11/2020 14:32:02,0,0,0
14/11/2020 14:32:03,0,0,0
14/11/2020 14:32:04,0,0,0
14/11/2020 14:32:05,0,0,0
14/11/2020 14:32:06,0,0,0
14/11/2020 14:32:07,0,0,0
14/11/2020 14:32:08,0,0,0
14/11/2020 14:32:09,0,0,0
14/11/2020 14:32:10,0,0,0
14/11/2020 14:32:11,0,0,0
14/11/2020 14:32:12,0,0,0
14/11/2020 14:32:13,0,0,0
14/11/2020 14:32:14,0,0,0
14/11/2020 14:32:15,0,0,0
14/11/2020 14:32:16,0,0,0
14/11/2020 14:32:17,0,0,0
14/11/2020 14:32:18,0,0,0
14/11/2020 14:32:19,0,0,0
14/11/2020 14:32:20,0,0,0
14/11/2020 14:32:21,0,0,0
14/11/2020 14:32:22,0,0,0
14/11/2020 14:32:23,0,0,0
14/11/2020 14:32:24,0,0,0
14/11/2020 14:32:25,0,0,0
14/11/2020 14:32:26,0,0,0
14/11/2020 14:32:27,0,0,0
14/11/2020 14:32:28,0,0,0
14/11/2020 14:32:29,0,0,0
14/11/2020 14:32:30,0,0,0
14/11/2020 14:32:31,0,0,0
14/11/2020 14:32:32,0,0,0
14/11/2020 14:32:33,0,0,0
14/11/2020 14:32:34,0,0,0
14/11/2020 14:32:35,0,0,0
14/11/2020 14:32:36,0,0,0
14/11/2020 14:32:37,0,0,0
14/11/2020 14:32:38,0,0,0
14/11/2020 14:32:39,0,0,0
14/11/2020 14:32:40,0,0,0
14/11/2020 14:32:41,0,0,0
14/11/2020 14:32:42,0,0,0
14/11/2020 14:32:43,0,0,0
14/11/2020 14:32:44,0,0,0
14/11/2020 14:32:45,0,0,0
14/11/2020 14:32:46,0,0,0
14/11/2020 14:32:47,0,0,0
14/11/2020 14:32:48,0,0,0
14/11/2020 14:32:49,0,0,0
14/11/2020 14:32:50,0,0,0
14/11/2020 14:32:51,0,0,0
14/11/2020 14:32:52,0,0,0
14/11/2020 14:32:53,0,0,0
14/11/2020 14:32:54,0,0,0
14/11/2020 14:32:55,0,0,0
14/11/2020 14:32:56,0,0,0
14/11/2020 14:32:57,0,0,0
14/11/2020 14:32:58,0,0,0
14/11/2020 14:32:59,0,0,0
14/11/2020 14:33:00,0,0,0
14/11/2020 14:33:01,0,0,0
14/11/2020 14:33:02,0,0,0
14/11/2020 14:33:03,0,0,0
14/11/2020 14:33:04,0,0,0
14/11/2020 14:33:05,0,0,0
14/11/2020 14:33:06,0,0,0
14/11/2020 14:33:07,0,0,0
14/11/2020 14:33:08,0,0,0
14/11/2020 14:33:09,0,0,0
14/11/2020 14:33:10,0,0,0
14/11/2020 14:33:11,0,0,0
14/11/2020 14:33:12,0,0,0
14/11/2020 14:33:13,0,0,0
14/11/2020 14:33:14,0,0,0
14/11/2020 14:33:15,0,0,0
14/11/2020 14:33:16,0,0,0
14/11/2020 14:33:17,0,0,0
14/11/2020 14:33:18,0,0,0
14/11/2020 14:33:19,0,0,0
14/11/2020 14:33:20,0,0,0
14/11/2020 14:33:21,0,0,0
14/11/2020 14:33:22,0,0,0
14/11/2020 14:33:23,0,0,0
14/11/2020 14:33:24,0,0,0
14/11/2020 14:33:25,0,0,0
14/11/2020 14:33:26,0,0,0
14/11/2020 14:33:27,0,0,0
14/11/2020 14:33:28,0,0,0
14/11/2020 14:33:29,0,0,0
14/11/2020 14:33:30,0,0,0
14/11/2020 14:33:31,0,0,0
14/11/2020 14:33:32,0,0,0
14/11/2020 14:33:33,0,0,0
14/11/2020 14:33:34,0,0,0
14/11/2020 14:33:35,0,0,0
14/11/2020 14:33:36,0,0,0
14/11/2020 14:33:37,0,0,0
14/11/2020 14:33:38,0,0,0
14/11/2020 14:33:39,0,0,0
14/11/2020 14:33:40,0,0,0
14/11/2020 14:33:41,0,0,0
14/11/2020 14:33:42,0,0,0
14/11/2020 14:33:43,0,0,0
14/11/2020 14:33:44,0,0,0
14/11/2020 14:33:45,0,0,0
14/11/2020 14:33:46,0,0,0
14/11/2020 14:33:47,0,0,0
14/11/2020 14:33:48,0,0,0
14/11/2020 14:33:49,0,0,0
14/11/2020 14:33:50,0,0,0
14/11/2020 14:33:51,0,0,0
14/11/2020 14:33:52,0,0,0
14/11/2020 14:33:53,0,0,0
14/11/2020 14:33:54,0,0,0
14/11/2020 14:33:55,0,0,0
14/11/2020 14:33:56,0,0,0
14/11/2020 14:33:57,0,0,0
14/11/2020 14:33:58,0,0,0
14/11/2020 14:33:59,0,0,0
14/11/2020 14:34:00,0,0,0
14/11/2020 14:34:01,0,0,0
14/11/2020 14:34:02,0,0,0
14/11/2020 14:34:03,0,0,0
14/11/2020 14:34:04,0,0,0
14/11/2020 14:34:05,0,0,0
14/11/2020 14:34:06,0,0,0
14/11/2020 14:34:07,0,0,0
14/11/2020 14:34:08,0,0,0
14/11/2020 14:34:09,0,0,0
14/11/2020 14:34:10,0,0,0
14/11/2020 14:34:11,0,0,0
14/11/2020 14:34:12,0,0,0
14/11/2020 14:34:13,0,0,0
14/11/2020 14:34:14,0,0,0
14/11/2020 14:34:15,0,0,0
14/11/2020 14:34:16,0,0,0
14/11/2020 14:34:17,0,0,0
14/11/2020 14:34:18,0,0,0
14/11/2020 14:34:19,0,0,0
14/11/2020 14:34:20,0,0,0
14/11/2020 14:34:21,0,0,0
14/11/2020 14:34:22,0,0,0
14/11/2020 14:34:23,0,0,0
14/11/2020 14:34:24,0,0,0
14/11/2020 14:34:25,0,0,0
14/11/2020 14:34:26,0,0,0
14/11/2020 14:34:27,0,0,0
14/11/2020 14:34:28,0,0,0
14/11/2020 14:34:29,0,0,0
14/11/2020 14:34:30,0,0,0
14/11/2020 14:34:31,0,0,0
14/11/2020 14:34:32,0,0,0
14/11/2020 14:34:33,0,0,0
14/11/2020 14:34:34,0,0,0
14/11/2020 14:34:35,0,0,0
14/11/2020 14:34:36,0,0,0
14/11/2020 14:34:37,0,0,0
14/11/2020 14:34:38,0,0,0
14/11/2020 14:34:39,0,0,0
14/11/2020 14:34:40,0,0,0
14/11/2020 14:34:41,0,0,0
14/11/2020 14:34:42,0,0,0
14/11/2020 14:34:43,0,0,0
14/11/2020 14:34:44,0,0,0
14/11/2020 14:34:45,0,0,0
14/11/2020 14:34:46,0,0,0
14/11/2020 14:34:47,0,0,0
14/11/2020 14:34:48,0,0,0
14/11/2020 14:34:49,0,0,0
14/11/2020 14:34:50,0,0,0
14/11/2020 14:34:51,0,0,0
14/11/2020 14:34:52,0,0,0
14/11/2020 14:34:53,0,0,0
14/11/2020 14:34:54,0,0,0
14/11/2020 14:34:55,0,0,0
14/11/2020 14:34:56,0,0,0
14/11/2020 14:34:57,0,0,0
14/11/2020 14:34:58,0,0,0
14/11/2020 14:34:59,0,0,0
14/11/2020 14:35:00,0,0,0
14/11/2020 14:35:01,0,0,0
14/11/2020 14:35:02,0,0,0
14/11/2020 14:35:03,0,0,0
14/11/2020 14:35:04,0,0,0
14/11/2020 14:35:05,0,0,0
14/11/2020 14:35:06,0,0,0
14/11/2020 14:35:07,0,0,0
14/11/2020 14:35:08,0,0,0
14/11/2020 14:35:09,0,0,0
14/11/2020 14:35:10,0,0,0
14/11/2020 14:35:11,0,0,0
14/11/2020 14:35:12,0,0,0
14/11/2020 14:35:13,0,0,0
14/11/2020 14:35:14,0,0,0
14/11/2020 14:35:15,0,0,0
14/11/2020 14:35:16,0,0,0
14/11/2020 14:35:17,0,0,0
14/11/2020 14:35:18,0,0,0
14/11/2020 14:35:19,0,0,0
14/11/2020 14:35:20,0,0,0
14/11/2020 14:35:21,0,0,0
14/11/2020 14:35:22,0,0,0
14/11/2020 14:35:23,0,0,0
14/11/2020 14:35:24,0,0,0
14/11/2020 14:35:25,0,0,0
14/11/2020 14:35:26,0,0,0
14/11/2020 14:35:27,0,0,0
14/11/2020 14:35:28,0,0,0
14/11/2020 14:35:29,0,0,0
14/11/2020 14:35:30,0,0,0
14/11/2020 14:35:31,0,0,0
14/11/2020 14:35:32,0,0,0
14/11/2020 14:35:33,0,0,0
14/11/2020 14:35:34,0,0,0
14/11/2020 14:35:35,0,0,0
14/11/2020 14:35:36,0,0,0
14/11/2020 14:35:37,0,0,0
14/11/2020 14:35:38,0,0,0
14/11/2020 14:35:39,0,0,0
14/11/2020 14:35:40,0,0,0
14/11/2020 14:35:41,0,0,0
14/11/2020 14:35:42,0,0,0
14/11/2020 14:35:43,0,0,0
14/11/2020 14:35:44,0,0,0
14/11/2020 14:35:45,0,0,0
14/11/2020 14:35:46,0,0,0
14/11/2020 14:35:47,0,0,0
14/11/2020 14:35:48,0,0,0
14/11/2020 14:35:49,0,0,0
14/11/2020 14:35:50,0,0,0
14/11/2020 14:35:51,0,0,0
14/11/2020 14:35:52,0,0,0
14/11/2020 14:35:53,0,0,0
14/11/2020 14:35:54,0,0,0
14/11/2020 14:35:55,0,0,0
14/11/2020 14:35:56,0,0,0
14/11/2020 14:35:57,0,0,0
14/11/2020 14:35:58,0,0,0
14/11/2020 14:35:59,0,0,0
14/11/2020 14:36:00,0,0,0
14/11/2020 14:36:01,0,0,0
14/11/2020 14:36:02,0,0,0
14/11/2020 14:36:03,0,0,0
14/11/2020 14:36:04,0,0,0
14/11/2020 14:36:05,0,0,0
14/11/2020 14:36:06,0,0,0
14/11/2020 14:36:07,0,0,0
14/11/2020 14:36:08,0,0,0
14/11/2020 14:36:09,0,0,0
14/11/2020 14:36:10,0,0,0
14/11/2020 14:36:11,0,0,0
14/11/2020 14:36:12,0,0,0
14/11/2020 14:36:13,0,0,0
14/11/2020 14:36:14,0,0,0
14/11/2020 14:36:15,0,0,0
14/11/2020 14:36:16,0,0,0
14/11/2020 14:36:17,0,0,0
14/11/2020 14:36:18,0,0,0
14/11/2020 14:36:19,0,0,0
14/11/2020 14:36:20,0,0,0
14/11/2020 14:36:21,0,0,0
14/11/2020 14:36:22,0,0,0
14/11/2020 14:36:23,0,0,0
14/11/2020 14:36:24,0,0,0
14/11/2020 14:36:25,0,0,0
14/11/2020 14:36:26,0,0,0
14/11/2020 14:36:27,0,0,0
14/11/2020 14:36:28,0,0,0
14/11/2020 14:36:29,0,0,0
14/11/2020 14:36:30,0,0,0
14/11/2020 14:36:31,0,0,0
14/11/2020 14:36:32,0,0,0
14/11/2020 14:36:33,0,0,0
14/11/2020 14:36:34,0,0,0
14/11/2020 14:36:35,0,0,0
14/11/2020 14:36:36,0,0,0
14/11/2020 14:36:37,0,0,0
14/11/2020 14:36:38,0,0,0
14/11/2020 14:36:39,0,0,0
14/11/2020 14:36:40,0,0,0
14/11/2020 14:36:41,0,0,0
14/11/2020 14:36:42,0,0,0
14/11/2020 14:36:43,0,0,0
14/11/2020 14:36:44,0,0,0
14/11/2020 14:36:45,0,0,0
14/11/2020 14:36:46,0,0,0
14/11/2020 14:36:47,0,0,0
14/11/2020 14:36:48,0,0,0
14/11/2020 14:36:49,0,0,0
14/11/2020 14:36:50,0,0,0
14/11/2020 14:36:51,0,0,0
14/11/2020 14:36:52,0,0,0
14/11/2020 14:36:53,0,0,0
14/11/2020 14:36:54,0,0,0
14/11/2020 14:36:55,0,0,0
14/11/2020 14:36:56,0,0,0
14/11/2020 14:36:57,0,0,0
14/11/2020 14:36:58,0,0,0
14/11/2020 14:36:59,0,0,0
14/11/2020 14:37:00,0,0,0
14/11/2020 14:37:01,0,0,0
14/11/2020 14:37:02,0,0,0
14/11/2020 14:37:03,0,0,0
14/11/2020 14:37:04,0,0,0
14/11/2020 14:37:05,0,0,0
14/11/2020 14:37:06,0,0,0
14/11/2020 14:37:07,0,0,0
14/11/2020 14:37:08,0,0,0
14/11/2020 14:37:09,0,0,0
14/11/2020 14:37:10,0,0,0
14/11/2020 14:37:11,0,0,0
14/11/2020 14:37:12,0,0,0
14/11/2020 14:37:13,0,0,0
14/11/2020 14:37:14,0,0,0
14/11/2020 14:37:15,0,0,0
14/11/2020 14:37:16,0,0,0
14/11/2020 14:37:17,0,0,0
14/11/2020 14:37:18,0,0,0
14/11/2020 14:37:19,0,0,0
14/11/2020 14:37:20,0,0,0
14/11/2020 14:37:21,0,0,0
14/11/2020 14:37:22,0,0,0
14/11/2020 14:37:23,0,0,0
14/11/2020 14:37:24,0,0,0
14/11/2020 14:37:25,0,0,0
14/11/2020 14:37:26,0,0,0
14/11/2020 14:37:27,0,0,0
14/11/2020 14:37:28,0,0,0
14/11/2020 14:37:29,0,0,0
14/11/2020 14:37:30,0,0,0
14/11/2020 14:37:31,0,0,0
14/11/2020 14:37:32,0,0,0
14/11/2020 14:37:33,0,0,0
14/11/2020 14:37:34,0,0,0
14/11/2020 14:37:35,0,0,0
14/11/2020 14:37:36,0,0,0
14/11/2020 14:37:37,0,0,0
14/11/2020 14:37:38,0,0,0
14/11/2020 14:37:39,0,0,0
14/11/2020 14:37:40,0,0,0
14/11/2020 14:37:41,0,0,0
14/11/2020 14:37:42,0,0,0
14/11/2020 14:37:43,0,0,0
14/11/2020 14:37:44,0,0,0
14/11/2020 14:37:45,0,0,0
14/11/2020 14:37:46,0,0,0
14/11/2020 14:37:47,0,0,0
14/11/2020 14:37:48,0,0,0
14/11/2020 14:37:49,0,0,0
14/11/2020 14:37:50,0,0,0
14/11/2020 14:37:51,0,0,0
14/11/2020 14:37:52,0,0,0
14/11/2020 14:37:53,0,0,0
14/11/2020 14:37:54,0,0,0
14/11/2020 14:37:55,0,0,0
14/11/2020 14:37:56,0,0,0
14/11/2020 14:37:57,0,0,0
14/11/2020 14:37:58,0,0,0
14/11/2020 14:37:59,0,0,0
14/11/2020 14:38:00,0,0,0
14/11/2020 14:38:01,0,0,0
14/11/2020 14:38:02,0,0,0
14/11/2020 14:38:03,0,0,0
14/11/2020 14:38:04,0,0,0
14/11/2020 14:38:05,0,0,0
14/11/2020 14:38:06,0,0,0
14/11/2020 14:38:07,0,0,0
14/11/2020 14:38:08,0,0,0
14/11/2020 14:38:09,0,0,0
14/11/2020 14:38:10,0,0,0
14/11/2020 14:38:11,0,0,0
14/11/2020 14:38:12,0,0,0
14/11/2020 14:38:13,0,0,0
14/11/2020 14:38:14,0,0,0
14/11/2020 14:38:15,0,0,0
14/11/2020 14:38:16,0,0,0
14/11/2020 14:38:17,0,0,0
14/11/2020 14:38:18,0,0,0
14/11/2020 14:38:19,0,0,0
14/11/2020 14:38:20,0,0,0
14/11/2020 14:38:21,0,0,0
14/11/2020 14:38:22,0,0,0
14/11/2020 14:38:23,0,0,0
14/11/2020 14:38:24,0,0,0
14/11/2020 14:38:25,0,0,0
14/11/2020 14:38:26,0,0,0
14/11/2020 14:38:27,0,0,0
14/11/2020 14:38:28,0,0,0
14/11/2020 14:38:29,0,0,0
14/11/2020 14:38:30,0,0,0
14/11/2020 14:38:31,0,0,0
14/11/2020 14:38:32,0,0,0
14/11/2020 14:38:33,0,0,0
14/11/2020 14:38:34,0,0,0
14/11/2020 14:38:35,0,0,0
14/11/2020 14:38:36,0,0,0
14/11/2020 14:38:37,0,0,0
14/11/2020 14:38:38,0,0,0
14/11/2020 14:38:39,0,0,0
14/11/2020 14:38:40,0,0,0
14/11/2020 14:38:41,0,0,0
14/11/2020 14:38:42,0,0,0
14/11/2020 14:38:43,0,0,0
14/11/2020 14:38:44,0,0,0
14/11/2020 14:38:45,0,0,0
14/11/2020 14:38:46,0,0,0
14/11/2020 14:38:47,0,0,0
14/11/2020 14:38:48,0,0,0
14/11/2020 14:38:49,0,0,0
14/11/2020 14:38:50,0,0,0
14/11/2020 14:38:51,0,0,0
14/11/2020 14:38:52,0,0,0
14/11/2020 14:38:53,0,0,0
14/11/2020 14:38:54,0,0,0
14/11/2020 14:38:55,0,0,0
14/11/2020 14:38:56,0,0,0
14/11/2020 14:38:57,0,0,0
14/11/2020 14:38:58,0,0,0
14/11/2020 14:38:59,0,0,0
14/11/2020 14:39:00,0,0,0
14/11/2020 14:39:01,0,0,0
14/11/2020 14:39:02,0,0,0
14/11/2020 14:39:03,0,0,0
14/11/2020 14:39:04,0,0,0
14/11/2020 14:39:05,0,0,0
14/11/2020 14:39:06,0,0,0
14/11/2020 14:39:07,0,0,0
14/11/2020 14:39:08,0,0,0
14/11/2020 14:39:09,0,0,0
14/11/2020 14:39:10,0,0,0
14/11/2020 14:39:11,0,0,0
14/11/2020 14:39:12,0,0,0
14/11/2020 14:39:13,0,0,0
14/11/2020 14:39:14,0,0,0
14/11/2020 14:39:15,0,0,0
14/11/2020 14:39:16,0,0,0
14/11/2020 14:39:17,0,0,0
14/11/2020 14:39:18,0,0,0
14/11/2020 14:39:19,0,0,0
14/11/2020 14:39:20,0,0,0
14/11/2020 14:39:21,0,0,0
14/11/2020 14:39:22,0,0,0
14/11/2020 14:39:23,0,0,0
14/11/2020 14:39:24,0,0,0
14/11/2020 14:39:25,0,0,0
14/11/2020 14:39:26,0,0,0
14/11/2020 14:39:27,0,0,0
14/11/2020 14:39:28,0,0,0
14/11/2020 14:39:29,0,0,0
14/11/2020 14:39:30,0,0,0
14/11/2020 14:39:31,0,0,0
14/11/2020 14:39:32,0,0,0
14/11/2020 14:39:33,0,0,0
14/11/2020 14:39:34,0,0,0
14/11/2020 14:39:35,0,0,0
14/11/2020 14:39:36,0,0,0
14/11/2020 14:39:37,0,0,0
14/11/2020 14:39:38,0,0,0
14/11/2020 14:39:39,0,0,0
14/11/2020 14:39:40,0,0,0
14/11/2020 14:39:41,0,0,0
14/11/2020 14:39:42,0,0,0
14/11/2020 14:39:43,0,0,0
14/11/2020 14:39:44,0,0,0
14/11/2020 14:39:45,0,0,0
14/11/2020 14:39:46,0,0,0
14/11/2020 14:39:47,0,0,0
14/11/2020 14:39:48,0,0,0
14/11/2020 14:39:49,0,0,0
14/11/2020 14:39:50,0,0,0
14/11/2020 14:39:51,0,0,0
14/11/2020 14:39:52,0,0,0
14/11/2020 14:39:53,0,0,0
14/11/2020 14:39:54,0,0,0
14/11/2020 14:39:55,0,0,0
14/11/2020 14:39:56,0,0,0
14/11/2020 14:39:57,0,0,0
14/11/2020 14:39:58,0,0,0
14/11/2020 14:39:59,0,0,0
14/11/2020 14:40:00,0,0,0
14/11/2020 14:40:01,0,0,0
14/11/2020 14:40:02,0,0,0
14/11/2020 14:40:03,0,0,0
14/11/2020 14:40:04,0,0,0
14/11/2020 14:40:05,0,0,0
14/11/2020 14:40:06,0,0,0
14/11/2020 14:40:07,0,0,0
14/11/2020 14:40:08,0,0,0
14/11/2020 14:40:09,0,0,0
14/11/2020 14:40:10,0,0,0
14/11/2020 14:40:11,0,0,0
14/11/2020 14:40:12,0,0,0
14/11/2020 14:40:13,0,0,0
14/11/2020 14:40:14,0,0,0
14/11/2020 14:40:15,0,0,0
14/11/2020 14:40:16,0,0,0
14/11/2020 14:40:17,0,0,0
14/11/2020 14:40:18,0,0,0
14/11/2020 14:40:19,0,0,0
14/11/2020 14:40:20,0,0,0
14/11/2020 14:40:21,0,0,0
14/11/2020 14:40:22,0,0,0
14/11/2020 14:40:23,0,0,0
14/11/2020 14:40:24,0,0,0
14/11/2020 14:40:25,0,0,0
14/11/2020 14:40:26,0,0,0
14/11/2020 14:40:27,0,0,0
14/11/2020 14:40:28,0,0,0
14/11/2020 14:40:29,0,0,0
14/11/2020 14:40:30,0,0,0
14/11/2020 14:40:31,0,0,0
14/11/2020 14:40:32,0,0,0
14/11/2020 14:40:33,0,0,0
14/11/2020 14:40:34,0,0,0
14/11/2020 14:40:35,0,0,0
14/11/2020 14:40:36,0,0,0
14/11/2020 14:40:37,0,0,0
14/11/2020 14:40:38,0,0,0
14/11/2020 14:40:39,0,0,0
14/11/2020 14:40:40,0,0,0
14/11/2020 14:40:41,0,0,0
14/11/2020 14:40:42,0,0,0
14/11/2020 14:40:43,0,0,0
14/11/2020 14:40:44,0,0,0
14/11/2020 14:40:45,0,0,0
14/11/2020 14:40:46,0,0,0
14/11/2020 14:40:47,0,0,0
14/11/2020 14:40:48,0,0,0
14/11/2020 14:40:49,0,0,0
14/11/2020 14:40:50,0,0,0
14/11/2020 14:40:51,0,0,0
14/11/2020 14:40:52,0,0,0
14/11/2020 14:40:53,0,0,0
14/11/2020 14:40:54,0,0,0
14/11/2020 14:40:55,0,0,0
14/11/2020 14:40:56,0,0,0
14/11/2020 14:40:57,0,0,0
14/11/2020 14:40:58,0,0,0
14/11/2020 14:40:59,0,0,0
14/11/2020 14:41:00,0,0,0
14/11/2020 14:41:01,0,0,0
14/11/2020 14:41:02,0,0,0
14/11/2020 14:41:03,0,0,0
14/11/2020 14:41:04,0,0,0
14/11/2020 14:41:05,0,0,0
14/11/2020 14:41:06,0,0,0
14/11/2020 14:41:07,0,0,0
14/11/2020 14:41:08,0,0,0
14/11/2020 14:41:09,0,0,0
14/11/2020 14:41:10,0,0,0
14/11/2020 14:41:11,0,0,0
14/11/2020 14:41:12,0,0,0
14/11/2020 14:41:13,0,0,0
14/11/2020 14:41:14,0,0,0
14/11/2020 14:41:15,0,0,0
14/11/2020 14:41:16,0,0,0
14/11/2020 14:41:17,0,0,0
14/11/2020 14:41:18,0,0,0
14/11/2020 14:41:19,0,0,0
14/11/2020 14:41:20,0,0,0
14/11/2020 14:41:21,0,0,0
14/11/2020 14:41:22,0,0,0
14/11/2020 14:41:23,0,0,0
14/11/2020 14:41:24,0,0,0
14/11/2020 14:41:25,0,0,0
14/11/2020 14:41:26,0,0,0
14/11/2020 14:41:27,0,0,0
14/11/2020 14:41:28,0,0,0
14/11/2020 14:41:29,0,0,0
14/11/2020 14:41:30,0,0,0
14/11/2020 14:41:31,0,0,0
14/11/2020 14:41:32,0,0,0
14/11/2020 14:41:33,0,0,0
14/11/2020 14:41:34,0,0,0
14/11/2020 14:41:35,0,0,0
14/11/2020 14:41:36,0,0,0
14/11/2020 14:41:37,0,0,0
14/11/2020 14:41:38,0,0,0
14/11/2020 14:41:39,0,0,0
14/11/2020 14:41:40,0,0,0
14/11/2020 14:41:41,0,0,0
14/11/2020 14:41:42,0,0,0
14/11/2020 14:41:43,0,0,0
14/11/2020 14:41:44,0,0,0
14/11/2020 14:41:45,0,0,0
14/11/2020 14:41:46,0,0,0
14/11/2020 14:41:47,0,0,0
14/11/2020 14:41:48,0,0,0
14/11/2020 14:41:49,0,0,0
14/11/2020 14:41:50,0,0,0
14/11/2020 14:41:51,0,0,0
14/11/2020 14:41:52,0,0,0
14/11/2020 14:41:53,0,0,0
14/11/2020 14:41:54,0,0,0
14/11/2020 14:41:55,0,0,0
14/11/2020 14:41:56,0,0,0
14/11/2020 14:41:57,0,0,0
14/11/2020 14:41:58,0,0,0
14/11/2020 14:41:59,0,0,0
14/11/2020 14:42:00,0,0,0
14/11/2020 14:42:01,0,0,0
14/11/2020 14:42:02,0,0,0
14/11/2020 14:42:03,0,0,0
14/11/2020 14:42:04,0,0,0
14/11/2020 14:42:05,0,0,0
14/11/2020 14:42:06,0,0,0
14/11/2020 14:42:07,0,0,0
14/11/2020 14:42:08,0,0,0
14/11/2020 14:42:09,0,0,0
14/11/2020 14:42:10,0,0,0
14/11/2020 14:42:11,0,0,0
14/11/2020 14:42:12,0,0,0
14/11/2020 14:42:13,0,0,0
14/11/2020 14:42:14,0,0,0
14/11/2020 14:42:15,0,0,0
14/11/2020 14:42:16,0,0,0
14/11/2020 14:42:17,0,0,0
14/11/2020 14:42:18,0,0,0
14/11/2020 14:42:19,0,0,0
14/11/2020 14:42:20,0,0,0
14/11/2020 14:42:21,0,0,0
14/11/2020 14:42:22,0,0,0
14/11/2020 14:42:23,0,0,0
14/11/2020 14:42:24,0,0,0
14/11/2020 14:42:25,0,0,0
14/11/2020 14:42:26,0,0,0
14/11/2020 14:42:27,0,0,0
14/11/2020 14:42:28,0,0,0
14/11/2020 14:42:29,0,0,0
14/11/2020 14:42:30,0,0,0
14/11/2020 14:42:31,0,0,0
14/11/2020 14:42:32,0,0,0
14/11/2020 14:42:33,0,0,0
14/11/2020 14:42:34,0,0,0
14/11/2020 14:42:35,0,0,0
14/11/2020 14:42:36,0,0,0
14/11/2020 14:42:37,0,0,0
14/11/2020 14:42:38,0,0,0
14/11/2020 14:42:39,0,0,0
14/11/2020 14:42:40,0,0,0
14/11/2020 14:42:41,0,0,0
14/11/2020 14:42:42,0,0,0
14/11/2020 14:42:43,0,0,0
14/11/2020 14:42:44,0,0,0
14/11/2020 14:42:45,0,0,0
14/11/2020 14:42:46,0,0,0
14/11/2020 14:42:47,0,0,0
14/11/2020 14:42:48,0,0,0
14/11/2020 14:42:49,0,0,0
14/11/2020 14:42:50,0,0,0
14/11/2020 14:42:51,0,0,0
14/11/2020 14:42:52,0,0,0
14/11/2020 14:42:53,0,0,0
14/11/2020 14:42:54,0,0,0
14/11/2020 14:42:55,0,0,0
14/11/2020 14:42:56,0,0,0
14/11/2020 14:42:57,0,0,0
14/11/2020 14:42:58,0,0,0
14/11/2020 14:42:59,0,0,0
14/11/2020 14:43:00,0,0,0
14/11/2020 14:43:01,0,0,0
14/11/2020 14:43:02,0,0,0
14/11/2020 14:43:03,0,0,0
14/11/2020 14:43:04,0,0,0
14/11/2020 14:43:05,0,0,0
14/11/2020 14:43:06,0,0,0
14/11/2020 14:43:07,0,0,0
14/11/2020 14:43:08,0,0,0
14/11/2020 14:43:09,0,0,0
14/11/2020 14:43:10,0,0,0
14/11/2020 14:43:11,0,0,0
14/11/2020 14:43:12,0,0,0
14/11/2020 14:43:13,0,0,0
14/11/2020 14:43:14,0,0,0
14/11/2020 14:43:15,0,0,0
14/11/2020 14:43:16,0,0,0
14/11/2020 14:43:17,0,0,0
14/11/2020 14:43:18,0,0,0
14/11/2020 14:43:19,0,0,0
14/11/2020 14:43:20,0,0,0
14/11/2020 14:43:21,0,0,0
14/11/2020 14:43:22,0,0,0
14/11/2020 14:43:23,0,0,0
14/11/2020 14:43:24,0,0,0
14/11/2020 14:43:25,0,0,0
14/11/2020 14:43:26,0,0,0
14/11/2020 14:43:27,0,0,0
14/11/2020 14:43:28,0,0,0
14/11/2020 14:43:29,0,0,0
14/11/2020 14:43:30,0,0,0
14/11/2020 14:43:31,0,0,0
14/11/2020 14:43:32,0,0,0
14/11/2020 14:43:33,0,0,0
14/11/2020 14:43:34,0,0,0
14/11/2020 14:43:35,0,0,0
14/11/2020 14:43:36,0,0,0
14/11/2020 14:43:37,0,0,0
14/11/2020 14:43:38,0,0,0
14/11/2020 14:43:39,0,0,0
14/11/2020 14:43:40,0,0,0
14/11/2020 14:43:41,0,0,0
14/11/2020 14:43:42,0,0,0
14/11/2020 14:43:43,0,0,0
14/11/2020 14:43:44,0,0,0
14/11/2020 14:43:45,0,0,0
14/11/2020 14:43:46,0,0,0
14/11/2020 14:43:47,0,0,0
14/11/2020 14:43:48,0,0,0
14/11/2020 14:43:49,0,0,0
14/11/2020 14:43:50,0,0,0
14/11/2020 14:43:51,0,0,0
14/11/2020 14:43:52,0,0,0
14/11/2020 14:43:53,0,0,0
14/11/2020 14:43:54,0,0,0
14/11/2020 14:43:55,0,0,0
14/11/2020 14:43:56,0,0,0
14/11/2020 14:43:57,0,0,0
14/11/2020 14:43:58,0,0,0
14/11/2020 14:43:59,0,0,0
14/11/2020 14:44:00,0,0,0
14/11/2020 14:44:01,0,0,0
14/11/2020 14:44:02,0,0,0
14/11/2020 14:44:03,0,0,0
14/11/2020 14:44:04,0,0,0
14/11/2020 14:44:05,0,0,0
14/11/2020 14:44:06,0,0,0
14/11/2020 14:44:07,0,0,0
14/11/2020 14:44:08,0,0,0
14/11/2020 14:44:09,0,0,0
14/11/2020 14:44:10,0,0,0
14/11/2020 14:44:11,0,0,0
14/11/2020 14:44:12,0,0,0
14/11/2020 14:44:13,0,0,0
14/11/2020 14:44:14,0,0,0
14/11/2020 14:44:15,0,0,0
14/11/2020 14:44:16,0,0,0
14/11/2020 14:44:17,0,0,0
14/11/2020 14:44:18,0,0,0
14/11/2020 14:44:19,0,0,0
14/11/2020 14:44:20,0,0,0
14/11/2020 14:44:21,0,0,0
14/11/2020 14:44:22,0,0,0
14/11/2020 14:44:23,0,0,0
14/11/2020 14:44:24,0,0,0
14/11/2020 14:44:25,0,0,0
14/11/2020 14:44:26,0,0,0
14/11/2020 14:44:27,0,0,0
14/11/2020 14:44:28,0,0,0
14/11/2020 14:44:29,0,0,0
14/11/2020 14:44:30,0,0,0
14/11/2020 14:44:31,0,0,0
14/11/2020 14:44:32,0,0,0
14/11/2020 14:44:33,0,0,0
14/11/2020 14:44:34,0,0,0
14/11/2020 14:44:35,0,0,0
14/11/2020 14:44:36,0,0,0
14/11/2020 14:44:37,0,0,0
14/11/2020 14:44:38,0,0,0
14/11/2020 14:44:39,0,0,0
14/11/2020 14:44:40,0,0,0
14/11/2020 14:44:41,0,0,0
14/11/2020 14:44:42,0,0,0
14/11/2020 14:44:43,0,0,0
14/11/2020 14:44:44,0,0,0
14/11/2020 14:44:45,0,0,0
14/11/2020 14:44:46,0,0,0
14/11/2020 14:44:47,0,0,0
14/11/2020 14:44:48,0,0,0
14/11/2020 14:44:49,0,0,0
14/11/2020 14:44:50,0,0,0
14/11/2020 14:44:51,0,0,0
14/11/2020 14:44:52,0,0,0
14/11/2020 14:44:53,0,0,0
14/11/2020 14:44:54,0,0,0
14/11/2020 14:44:55,0,0,0
14/11/2020 14:44:56,0,0,0
14/11/2020 14:44:57,0,0,0
14/11/2020 14:44:58,0,0,0
14/11/2020 14:44:59,0,0,0
14/11/2020 14:45:00,0,0,0
14/11/2020 14:45:01,0,0,0
14/11/2020 14:45:02,0,0,0
14/11/2020 14:45:03,0,0,0
14/11/2020 14:45:04,0,0,0
14/11/2020 14:45:05,0,0,0
14/11/2020 14:45:06,0,0,0
14/11/2020 14:45:07,0,0,0
14/11/2020 14:45:08,0,0,0
14/11/2020 14:45:09,0,0,0
14/11/2020 14:45:10,0,0,0
14/11/2020 14:45:11,0,0,0
14/11/2020 14:45:12,0,0,0
14/11/2020 14:45:13,0,0,0
14/11/2020 14:45:14,0,0,0
14/11/2020 14:45:15,0,0,0
14/11/2020 14:45:16,0,0,0
14/11/2020 14:45:17,0,0,0
14/11/2020 14:45:18,0,0,0
14/11/2020 14:45:19,0,0,0
14/11/2020 14:45:20,0,0,0
14/11/2020 14:45:21,0,0,0
14/11/2020 14:45:22,0,0,0
14/11/2020 14:45:23,0,0,0
14/11/2020 14:45:24,0,0,0
14/11/2020 14:45:25,0,0,0
14/11/2020 14:45:26,0,0,0
14/11/2020 14:45:27,0,0,0
14/11/2020 14:45:28,0,0,0
14/11/2020 14:45:29,0,0,0
14/11/2020 14:45:30,0,0,0
14/11/2020 14:45:31,0,0,0
14/11/2020 14:45:32,0,0,0
14/11/2020 14:45:33,0,0,0
14/11/2020 14:45:34,0,0,0
14/11/2020 14:45:35,0,0,0
14/11/2020 14:45:36,0,0,0
14/11/2020 14:45:37,0,0,0
14/11/2020 14:45:38,0,0,0
14/11/2020 14:45:39,0,0,0
14/11/2020 14:45:40,0,0,0
14/11/2020 14:45:41,0,0,0
14/11/2020 14:45:42,0,0,0
14/11/2020 14:45:43,0,0,0
14/11/2020 14:45:44,0,0,0
14/11/2020 14:45:45,0,0,0
14/11/2020 14:45:46,0,0,0
14/11/2020 14:45:47,0,0,0
14/11/2020 14:45:48,0,0,0
14/11/2020 14:45:49,0,0,0
14/11/2020 14:45:50,0,0,0
14/11/2020 14:45:51,0,0,0
14/11/2020 14:45:52,0,0,0
14/11/2020 14:45:53,0,0,0
14/11/2020 14:45:54,0,0,0
14/11/2020 14:45:55,0,0,0
14/11/2020 14:45:56,0,0,0
14/11/2020 14:45:57,0,0,0
14/11/2020 14:45:58,0,0,0
14/11/2020 14:45:59,0,0,0
14/11/2020 14:46:00,0,0,0
14/11/2020 14:46:01,0,0,0
14/11/2020 14:46:02,0,0,0
14/11/2020 14:46:03,0,0,0
14/11/2020 14:46:04,0,0,0
14/11/2020 14:46:05,0,0,0
14/11/2020 14:46:06,0,0,0
14/11/2020 14:46:07,0,0,0
14/11/2020 14:46:08,0,0,0
14/11/2020 14:46:09,0,0,0
14/11/2020 14:46:10,0,0,0
14/11/2020 14:46:11,0,0,0
14/11/2020 14:46:12,0,0,0
14/11/2020 14:46:13,0,0,0
14/11/2020 14:46:14,0,0,0
14/11/2020 14:46:15,0,0,0
14/11/2020 14:46:16,0,0,0
14/11/2020 14:46:17,0,0,0
14/11/2020 14:46:18,0,0,0
14/11/2020 14:46:19,0,0,0
14/11/2020 14:46:20,0,0,0
14/11/2020 14:46:21,0,0,0
14/11/2020 14:46:22,0,0,0
14/11/2020 14:46:23,0,0,0
14/11/2020 14:46:24,0,0,0
14/11/2020 14:46:25,0,0,0
14/11/2020 14:46:26,0,0,0
14/11/2020 14:46:27,0,0,0
14/11/2020 14:46:28,0,0,0
14/11/2020 14:46:29,0,0,0
14/11/2020 14:46:30,0,0,0
14/11/2020 14:46:31,0,0,0
14/11/2020 14:46:32,0,0,0
14/11/2020 14:46:33,0,0,0
14/11/2020 14:46:34,0,0,0
14/11/2020 14:46:35,0,0,0
14/11/2020 14:46:36,0,0,0
14/11/2020 14:46:37,0,0,0
14/11/2020 14:46:38,0,0,0
14/11/2020 14:46:39,0,0,0
14/11/2020 14:46:40,0,0,0
14/11/2020 14:46:41,0,0,0
14/11/2020 14:46:42,0,0,0
14/11/2020 14:46:43,0,0,0
14/11/2020 14:46:44,0,0,0
14/11/2020 14:46:45,0,0,0
14/11/2020 14:46:46,0,0,0
14/11/2020 14:46:47,0,0,0
14/11/2020 14:46:48,0,0,0
14/11/2020 14:46:49,0,0,0
14/11/2020 14:46:50,0,0,0
14/11/2020 14:46:51,0,0,0
14/11/2020 14:46:52,0,0,0
14/11/2020 14:46:53,0,0,0
14/11/2020 14:46:54,0,0,0
14/11/2020 14:46:55,0,0,0
14/11/2020 14:46:56,0,0,0
14/11/2020 14:46:57,0,0,0
14/11/2020 14:46:58,0,0,0
14/11/2020 14:46:59,0,0,0
14/11/2020 14:47:00,0,0,0
14/11/2020 14:47:01,0,0,0
14/11/2020 14:47:02,0,0,0
14/11/2020 14:47:03,0,0,0
14/11/2020 14:47:04,0,0,0
14/11/2020 14:47:05,0,0,0
14/11/2020 14:47:06,0,0,0
14/11/2020 14:47:07,0,0,0
14/11/2020 14:47:08,0,0,0
14/11/2020 14:47:09,0,0,0
14/11/2020 14:47:10,0,0,0
14/11/2020 14:47:11,0,0,0
14/11/2020 14:47:12,0,0,0
14/11/2020 14:47:13,0,0,0
14/11/2020 14:47:14,0,0,0
14/11/2020 14:47:15,0,0,0
14/11/2020 14:47:16,0,0,0
14/11/2020 14:47:17,0,0,0
14/11/2020 14:47:18,0,0,0
14/11/2020 14:47:19,0,0,0
14/11/2020 14:47:20,0,0,0
14/11/2020 14:47:21,0,0,0
14/11/2020 14:47:22,0,0,0
14/11/2020 14:47:23,0,0,0
14/11/2020 14:47:24,0,0,0
14/11/2020 14:47:25,0,0,0
14/11/2020 14:47:26,0,0,0
14/11/2020 14:47:27,0,0,0
14/11/2020 14:47:28,0,0,0
14/11/2020 14:47:29,0,0,0
14/11/2020 14:47:30,0,0,0
14/11/2020 14:47:31,0,0,0
14/11/2020 14:47:32,0,0,0
14/11/2020 14:47:33,0,0,0
14/11/2020 14:47:34,0,0,0
14/11/2020 14:47:35,0,0,0
14/11/2020 14:47:36,0,0,0
14/11/2020 14:47:37,0,0,0
14/11/2020 14:47:38,0,0,0
14/11/2020 14:47:39,0,0,0
14/11/2020 14:47:40,0,0,0
14/11/2020 14:47:41,0,0,0
14/11/2020 14:47:42,0,0,0
14/11/2020 14:47:43,0,0,0
14/11/2020 14:47:44,0,0,0
14/11/2020 14:47:45,0,0,0
14/11/2020 14:47:46,0,0,0
14/11/2020 14:47:47,0,0,0
14/11/2020 14:47:48,0,0,0
14/11/2020 14:47:49,0,0,0
14/11/2020 14:47:50,0,0,0
14/11/2020 14:47:51,0,0,0
14/11/2020 14:47:52,0,0,0
14/11/2020 14:47:53,0,0,0
14/11/2020 14:47:54,0,0,0
14/11/2020 14:47:55,0,0,0
14/11/2020 14:47:56,0,0,0
14/11/2020 14:47:57,0,0,0
14/11/2020 14:47:58,0,0,0
14/11/2020 14:47:59,0,0,0
14/11/2020 14:48:00,0,0,0
14/11/2020 14:48:01,0,0,0
14/11/2020 14:48:02,0,0,0
14/11/2020 14:48:03,0,0,0
14/11/2020 14:48:04,0,0,0
14/11/2020 14:48:05,0,0,0
14/11/2020 14:48:06,0,0,0
14/11/2020 14:48:07,0,0,0
14/11/2020 14:48:08,0,0,0
14/11/2020 14:48:09,0,0,0
14/11/2020 14:48:10,0,0,0
14/11/2020 14:48:11,0,0,0
14/11/2020 14:48:12,0,0,0
14/11/2020 14:48:13,0,0,0
14/11/2020 14:48:14,0,0,0
14/11/2020 14:48:15,0,0,0
14/11/2020 14:48:16,0,0,0
14/11/2020 14:48:17,0,0,0
14/11/2020 14:48:18,0,0,0
14/11/2020 14:48:19,0,0,0
14/11/2020 14:48:20,0,0,0
14/11/2020 14:48:21,0,0,0
14/11/2020 14:48:22,0,0,0
14/11/2020 14:48:23,0,0,0
14/11/2020 14:48:24,0,0,0
14/11/2020 14:48:25,0,0,0
14/11/2020 14:48:26,0,0,0
14/11/2020 14:48:27,0,0,0
14/11/2020 14:48:28,0,0,0
14/11/2020 14:48:29,0,0,0
14/11/2020 14:48:30,0,0,0
14/11/2020 14:48:31,0,0,0
14/11/2020 14:48:32,0,0,0
14/11/2020 14:48:33,0,0,0
14/11/2020 14:48:34,0,0,0
14/11/2020 14:48:35,0,0,0
14/11/2020 14:48:36,0,0,0
14/11/2020 14:48:37,0,0,0
14/11/2020 14:48:38,0,0,0
14/11/2020 14:48:39,0,0,0
14/11/2020 14:48:40,0,0,0
14/11/2020 14:48:41,0,0,0
14/11/2020 14:48:42,0,0,0
14/11/2020 14:48:43,0,0,0
14/11/2020 14:48:44,0,0,0
14/11/2020 14:48:45,0,0,0
14/11/2020 14:48:46,0,0,0
14/11/2020 14:48:47,0,0,0
14/11/2020 14:48:48,0,0,0
14/11/2020 14:48:49,0,0,0
14/11/2020 14:48:50,0,0,0
14/11/2020 14:48:51,0,0,0
14/11/2020 14:48:52,0,0,0
14/11/2020 14:48:53,0,0,0
14/11/2020 14:48:54,0,0,0
14/11/2020 14:48:55,0,0,0
14/11/2020 14:48:56,0,0,0
14/11/2020 14:48:57,0,0,0
14/11/2020 14:48:58,0,0,0
14/11/2020 14:48:59,0,0,0
14/11/2020 14:49:00,0,0,0
14/11/2020 14:49:01,0,0,0
14/11/2020 14:49:02,0,0,0
14/11/2020 14:49:03,0,0,0
14/11/2020 14:49:04,0,0,0
14/11/2020 14:49:05,0,0,0
14/11/2020 14:49:06,0,0,0
14/11/2020 14:49:07,0,0,0
14/11/2020 14:49:08,0,0,0
14/11/2020 14:49:09,0,0,0
14/11/2020 14:49:10,0,0,0
14/11/2020 14:49:11,0,0,0
14/11/2020 14:49:12,0,0,0
14/11/2020 14:49:13,0,0,0
14/11/2020 14:49:14,0,0,0
14/11/2020 14:49:15,0,0,0
14/11/2020 14:49:16,0,0,0
14/11/2020 14:49:17,0,0,0
14/11/2020 14:49:18,0,0,0
14/11/2020 14:49:19,0,0,0
14/11/2020 14:49:20,0,0,0
14/11/2020 14:49:21,0,0,0
14/11/2020 14:49:22,0,0,0
14/11/2020 14:49:23,0,0,0
14/11/2020 14:49:24,0,0,0
14/11/2020 14:49:25,0,0,0
14/11/2020 14:49:26,0,0,0
14/11/2020 14:49:27,0,0,0
14/11/2020 14:49:28,0,0,0
14/11/2020 14:49:29,0,0,0
14/11/2020 14:49:30,0,0,0
14/11/2020 14:49:31,0,0,0
14/11/2020 14:49:32,0,0,0
14/11/2020 14:49:33,0,0,0
14/11/2020 14:49:34,0,0,0
14/11/2020 14:49:35,0,0,0
14/11/2020 14:49:36,0,0,0
14/11/2020 14:49:37,0,0,0
14/11/2020 14:49:38,0,0,0
14/11/2020 14:49:39,0,0,0
14/11/2020 14:49:40,0,0,0
14/11/2020 14:49:41,0,0,0
14/11/2020 14:49:42,0,0,0
14/11/2020 14:49:43,0,0,0
14/11/2020 14:49:44,0,0,0
14/11/2020 14:49:45,0,0,0
14/11/2020 14:49:46,0,0,0
14/11/2020 14:49:47,0,0,0
14/11/2020 14:49:48,0,0,0
14/11/2020 14:49:49,0,0,0
14/11/2020 14:49:50,0,0,0
14/11/2020 14:49:51,0,0,0
14/11/2020 14:49:52,0,0,0
14/11/2020 14:49:53,0,0,0
14/11/2020 14:49:54,0,0,0
14/11/2020 14:49:55,0,0,0
14/11/2020 14:49:56,0,0,0
14/11/2020 14:49:57,0,0,0
14/11/2020 14:49:58,0,0,0
14/11/2020 14:49:59,0,0,0
14/11/2020 14:50:00,0,0,0
14/11/2020 14:50:01,0,0,0
14/11/2020 14:50:02,0,0,0
14/11/2020 14:50:03,0,0,0
14/11/2020 14:50:04,0,0,0
14/11/2020 14:50:05,0,0,0
14/11/2020 14:50:06,0,0,0
14/11/2020 14:50:07,0,0,0
14/11/2020 14:50:08,0,0,0
14/11/2020 14:50:09,0,0,0
14/11/2020 14:50:10,0,0,0
14/11/2020 14:50:11,0,0,0
14/11/2020 14:50:12,0,0,0
14/11/2020 14:50:13,0,0,0
14/11/2020 14:50:14,0,0,0
14/11/2020 14:50:15,0,0,0
14/11/2020 14:50:16,0,0,0
14/11/2020 14:50:17,0,0,0
14/11/2020 14:50:18,0,0,0
14/11/2020 14:50:19,0,0,0
14/11/2020 14:50:20,0,0,0
14/11/2020 14:50:21,0,0,0
14/11/2020 14:50:22,0,0,0
14/11/2020 14:50:23,0,0,0
14/11/2020 14:50:24,0,0,0
14/11/2020 14:50:25,0,0,0
14/11/2020 14:50:26,0,0,0
14/11/2020 14:50:27,0,0,0
14/11/2020 14:50:28,0,0,0
14/11/2020 14:50:29,0,0,0
14/11/2020 14:50:30,0,0,0
14/11/2020 14:50:31,0,0,0
14/11/2020 14:50:32,0,0,0
14/11/2020 14:50:33,0,0,0
14/11/2020 14:50:34,0,0,0
14/11/2020 14:50:35,0,0,0
14/11/2020 14:50:36,0,0,0
14/11/2020 14:50:37,0,0,0
14/11/2020 14:50:38,0,0,0
14/11/2020 14:50:39,0,0,0
14/11/2020 14:50:40,0,0,0
14/11/2020 14:50:41,0,0,0
14/11/2020 14:50:42,0,0,0
14/11/2020 14:50:43,0,0,0
14/11/2020 14:50:44,0,0,0
14/11/2020 14:50:45,0,0,0
14/11/2020 14:50:46,0,0,0
14/11/2020 14:50:47,0,0,0
14/11/2020 14:50:48,0,0,0
14/11/2020 14:50:49,0,0,0
14/11/2020 14:50:50,0,0,0
14/11/2020 14:50:51,0,0,0
14/11/2020 14:50:52,0,0,0
14/11/2020 14:50:53,0,0,0
14/11/2020 14:50:54,0,0,0
14/11/2020 14:50:55,0,0,0
14/11/2020 14:50:56,0,0,0
14/11/2020 14:50:57,0,0,0
14/11/2020 14:50:58,0,0,0
14/11/2020 14:50:59,0,0,0
14/11/2020 14:51:00,0,0,0
14/11/2020 14:51:01,0,0,0
14/11/2020 14:51:02,0,0,0
14/11/2020 14:51:03,0,0,0
14/11/2020 14:51:04,0,0,0
14/11/2020 14:51:05,0,0,0
14/11/2020 14:51:06,0,0,0
14/11/2020 14:51:07,0,0,0
14/11/2020 14:51:08,0,0,0
14/11/2020 14:51:09,0,0,0
14/11/2020 14:51:10,0,0,0
14/11/2020 14:51:11,0,0,0
14/11/2020 14:51:12,0,0,0
14/11/2020 14:51:13,0,0,0
14/11/2020 14:51:14,0,0,0
14/11/2020 14:51:15,0,0,0
14/11/2020 14:51:16,0,0,0
14/11/2020 14:51:17,0,0,0
14/11/2020 14:51:18,0,0,0
14/11/2020 14:51:19,0,0,0
14/11/2020 14:51:20,0,0,0
14/11/2020 14:51:21,0,0,0
14/11/2020 14:51:22,0,0,0
14/11/2020 14:51:23,0,0,0
14/11/2020 14:51:24,0,0,0
14/11/2020 14:51:25,0,0,0
14/11/2020 14:51:26,0,0,0
14/11/2020 14:51:27,0,0,0
14/11/2020 14:51:28,0,0,0
14/11/2020 14:51:29,0,0,0
14/11/2020 14:51:30,0,0,0
14/11/2020 14:51:31,0,0,0
14/11/2020 14:51:32,0,0,0
14/11/2020 14:51:33,0,0,0
14/11/2020 14:51:34,0,0,0
14/11/2020 14:51:35,0,0,0
14/11/2020 14:51:36,0,0,0
14/11/2020 14:51:37,0,0,0
14/11/2020 14:51:38,0,0,0
14/11/2020 14:51:39,0,0,0
14/11/2020 14:51:40,0,0,0
14/11/2020 14:51:41,0,0,0
14/11/2020 14:51:42,0,0,0
14/11/2020 14:51:43,0,0,0
14/11/2020 14:51:44,0,0,0
14/11/2020 14:51:45,0,0,0
14/11/2020 14:51:46,0,0,0
14/11/2020 14:51:47,0,0,0
14/11/2020 14:51:48,0,0,0
14/11/2020 14:51:49,0,0,0
14/11/2020 14:51:50,0,0,0
14/11/2020 14:51:51,0,0,0
14/11/2020 14:51:52,0,0,0
14/11/2020 14:51:53,0,0,0
14/11/2020 14:51:54,0,0,0
14/11/2020 14:51:55,0,0,0
14/11/2020 14:51:56,0,0,0
14/11/2020 14:51:57,0,0,0
14/11/2020 14:51:58,0,0,0
14/11/2020 14:51:59,0,0,0
14/11/2020 14:52:00,0,0,0
14/11/2020 14:52:01,0,0,0
14/11/2020 14:52:02,0,0,0
14/11/2020 14:52:03,0,0,0
14/11/2020 14:52:04,0,0,0
14/11/2020 14:52:05,0,0,0
14/11/2020 14:52:06,0,0,0
14/11/2020 14:52:07,0,0,0
14/11/2020 14:52:08,0,0,0
14/11/2020 14:52:09,0,0,0
14/11/2020 14:52:10,0,0,0
14/11/2020 14:52:11,0,0,0
14/11/2020 14:52:12,0,0,0
14/11/2020 14:52:13,0,0,0
14/11/2020 14:52:14,0,0,0
14/11/2020 14:52:15,0,0,0
14/11/2020 14:52:16,0,0,0
14/11/2020 14:52:17,0,0,0
14/11/2020 14:52:18,0,0,0
14/11/2020 14:52:19,0,0,0
14/11/2020 14:52:20,0,0,0
14/11/2020 14:52:21,0,0,0
14/11/2020 14:52:22,0,0,0
14/11/2020 14:52:23,0,0,0
14/11/2020 14:52:24,0,0,0
14/11/2020 14:52:25,0,0,0
14/11/2020 14:52:26,0,0,0
14/11/2020 14:52:27,0,0,0
14/11/2020 14:52:28,0,0,0
14/11/2020 14:52:29,0,0,0
14/11/2020 14:52:30,0,0,0
14/11/2020 14:52:31,0,0,0
14/11/2020 14:52:32,0,0,0
14/11/2020 14:52:33,0,0,0
14/11/2020 14:52:34,0,0,0
14/11/2020 14:52:35,0,0,0
14/11/2020 14:52:36,0,0,0
14/11/2020 14:52:37,0,0,0
14/11/2020 14:52:38,0,0,0
14/11/2020 14:52:39,0,0,0
14/11/2020 14:52:40,0,0,0
14/11/2020 14:52:41,0,0,0
14/11/2020 14:52:42,0,0,0
14/11/2020 14:52:43,0,0,0
14/11/2020 14:52:44,0,0,0
14/11/2020 14:52:45,0,0,0
14/11/2020 14:52:46,0,0,0
14/11/2020 14:52:47,0,0,0
14/11/2020 14:52:48,0,0,0
14/11/2020 14:52:49,0,0,0
14/11/2020 14:52:50,0,0,0
14/11/2020 14:52:51,0,0,0
14/11/2020 14:52:52,0,0,0
14/11/2020 14:52:53,0,0,0
14/11/2020 14:52:54,0,0,0
14/11/2020 14:52:55,0,0,0
14/11/2020 14:52:56,0,0,0
14/11/2020 14:52:57,0,0,0
14/11/2020 14:52:58,0,0,0
14/11/2020 14:52:59,0,0,0
14/11/2020 14:53:00,0,0,0
14/11/2020 14:53:01,0,0,0
14/11/2020 14:53:02,0,0,0
14/11/2020 14:53:03,0,0,0
14/11/2020 14:53:04,0,0,0
14/11/2020 14:53:05,0,0,0
14/11/2020 14:53:06,0,0,0
14/11/2020 14:53:07,0,0,0
14/11/2020 14:53:08,0,0,0
14/11/2020 14:53:09,0,0,0
14/11/2020 14:53:10,0,0,0
14/11/2020 14:53:11,0,0,0
14/11/2020 14:53:12,0,0,0
14/11/2020 14:53:13,0,0,0
14/11/2020 14:53:14,0,0,0
14/11/2020 14:53:15,0,0,0
14/11/2020 14:53:16,0,0,0
14/11/2020 14:53:17,0,0,0
14/11/2020 14:53:18,0,0,0
14/11/2020 14:53:19,0,0,0
14/11/2020 14:53:20,0,0,0
14/11/2020 14:53:21,0,0,0
14/11/2020 14:53:22,0,0,0
14/11/2020 14:53:23,0,0,0
14/11/2020 14:53:24,0,0,0
14/11/2020 14:53:25,0,0,0
14/11/2020 14:53:26,0,0,0
14/11/2020 14:53:27,0,0,0
14/11/2020 14:53:28,0,0,0
14/11/2020 14:53:29,0,0,0
14/11/2020 14:53:30,0,0,0
14/11/2020 14:53:31,0,0,0
14/11/2020 14:53:32,0,0,0
14/11/2020 14:53:33,0,0,0
14/11/2020 14:53:34,0,0,0
14/11/2020 14:53:35,0,0,0
14/11/2020 14:53:36,0,0,0
14/11/2020 14:53:37,0,0,0
14/11/2020 14:53:38,0,0,0
14/11/2020 14:53:39,0,0,0
14/11/2020 14:53:40,0,0,0
14/11/2020 14:53:41,0,0,0
14/11/2020 14:53:42,0,0,0
14/11/2020 14:53:43,0,0,0
14/11/2020 14:53:44,0,0,0
14/11/2020 14:53:45,0,0,0
14/11/2020 14:53:46,0,0,0
14/11/2020 14:53:47,0,0,0
14/11/2020 14:53:48,0,0,0
14/11/2020 14:53:49,0,0,0
14/11/2020 14:53:50,0,0,0
14/11/2020 14:53:51,0,0,0
14/11/2020 14:53:52,0,0,0
14/11/2020 14:53:53,0,0,0
14/11/2020 14:53:54,0,0,0
14/11/2020 14:53:55,0,0,0
14/11/2020 14:53:56,0,0,0
14/11/2020 14:53:57,0,0,0
14/11/2020 14:53:58,0,0,0
14/11/2020 14:53:59,0,0,0
14/11/2020 14:54:00,0,0,0
14/11/2020 14:54:01,0,0,0
14/11/2020 14:54:02,0,0,0
14/11/2020 14:54:03,0,0,0
14/11/2020 14:54:04,0,0,0
14/11/2020 14:54:05,0,0,0
14/11/2020 14:54:06,0,0,0
14/11/2020 14:54:07,0,0,0
14/11/2020 14:54:08,0,0,0
14/11/2020 14:54:09,0,0,0
14/11/2020 14:54:10,0,0,0
14/11/2020 14:54:11,0,0,0
14/11/2020 14:54:12,0,0,0
14/11/2020 14:54:13,0,0,0
14/11/2020 14:54:14,0,0,0
14/11/2020 14:54:15,0,0,0
14/11/2020 14:54:16,0,0,0
14/11/2020 14:54:17,0,0,0
14/11/2020 14:54:18,0,0,0
14/11/2020 14:54:19,0,0,0
14/11/2020 14:54:20,0,0,0
14/11/2020 14:54:21,0,0,0
14/11/2020 14:54:22,0,0,0
14/11/2020 14:54:23,0,0,0
14/11/2020 14:54:24,0,0,0
14/11/2020 14:54:25,0,0,0
14/11/2020 14:54:26,0,0,0
14/11/2020 14:54:27,0,0,0
14/11/2020 14:54:28,0,0,0
14/11/2020 14:54:29,0,0,0
14/11/2020 14:54:30,0,0,0
14/11/2020 14:54:31,0,0,0
14/11/2020 14:54:32,0,0,0
14/11/2020 14:54:33,0,0,0
14/11/2020 14:54:34,0,0,0
14/11/2020 14:54:35,0,0,0
14/11/2020 14:54:36,0,0,0
14/11/2020 14:54:37,0,0,0
14/11/2020 14:54:38,0,0,0
14/11/2020 14:54:39,0,0,0
14/11/2020 14:54:40,0,0,0
14/11/2020 14:54:41,0,0,0
14/11/2020 14:54:42,0,0,0
14/11/2020 14:54:43,0,0,0
14/11/2020 14:54:44,0,0,0
14/11/2020 14:54:45,0,0,0
14/11/2020 14:54:46,0,0,0
14/11/2020 14:54:47,0,0,0
14/11/2020 14:54:48,0,0,0
14/11/2020 14:54:49,0,0,0
14/11/2020 14:54:50,0,0,0
14/11/2020 14:54:51,0,0,0
14/11/2020 14:54:52,0,0,0
14/11/2020 14:54:53,0,0,0
14/11/2020 14:54:54,0,0,0
14/11/2020 14:54:55,0,0,0
14/11/2020 14:54:56,0,0,0
14/11/2020 14:54:57,0,0,0
14/11/2020 14:54:58,0,0,0
14/11/2020 14:54:59,0,0,0
14/11/2020 14:55:00,0,0,0
14/11/2020 14:55:01,0,0,0
14/11/2020 14:55:02,0,0,0
14/11/2020 14:55:03,0,0,0
14/11/2020 14:55:04,0,0,0
14/11/2020 14:55:05,0,0,0
14/11/2020 14:55:06,0,0,0
14/11/2020 14:55:07,0,0,0
14/11/2020 14:55:08,0,0,0
14/11/2020 14:55:09,0,0,0
14/11/2020 14:55:10,0,0,0
14/11/2020 14:55:11,0,0,0
14/11/2020 14:55:12,0,0,0
14/11/2020 14:55:13,0,0,0
14/11/2020 14:55:14,0,0,0
14/11/2020 14:55:15,0,0,0
14/11/2020 14:55:16,0,0,0
14/11/2020 14:55:17,0,0,0
14/11/2020 14:55:18,0,0,0
14/11/2020 14:55:19,0,0,0
14/11/2020 14:55:20,0,0,0
14/11/2020 14:55:21,0,0,0
14/11/2020 14:55:22,0,0,0
14/11/2020 14:55:23,0,0,0
14/11/2020 14:55:24,0,0,0
14/11/2020 14:55:25,0,0,0
14/11/2020 14:55:26,0,0,0
14/11/2020 14:55:27,0,0,0
14/11/2020 14:55:28,0,0,0
14/11/2020 14:55:29,0,0,0
14/11/2020 14:55:30,0,0,0
14/11/2020 14:55:31,0,0,0
14/11/2020 14:55:32,0,0,0
14/11/2020 14:55:33,0,0,0
14/11/2020 14:55:34,0,0,0
14/11/2020 14:55:35,0,0,0
14/11/2020 14:55:36,0,0,0
14/11/2020 14:55:37,0,0,0
14/11/2020 14:55:38,0,0,0
14/11/2020 14:55:39,0,0,0
14/11/2020 14:55:40,0,0,0
14/11/2020 14:55:41,0,0,0
14/11/2020 14:55:42,0,0,0
14/11/2020 14:55:43,0,0,0
14/11/2020 14:55:44,0,0,0
14/11/2020 14:55:45,0,0,0
14/11/2020 14:55:46,0,0,0
14/11/2020 14:55:47,0,0,0
14/11/2020 14:55:48,0,0,0
14/11/2020 14:55:49,0,0,0
14/11/2020 14:55:50,0,0,0
14/11/2020 14:55:51,0,0,0
14/11/2020 14:55:52,0,0,0
14/11/2020 14:55:53,0,0,0
14/11/2020 14:55:54,0,0,0
14/11/2020 14:55:55,0,0,0
14/11/2020 14:55:56,0,0,0
14/11/2020 14:55:57,0,0,0
14/11/2020 14:55:58,0,0,0
14/11/2020 14:55:59,0,0,0
14/11/2020 14:56:00,0,0,0
14/11/2020 14:56:01,0,0,0
14/11/2020 14:56:02,0,0,0
14/11/2020 14:56:03,0,0,0
14/11/2020 14:56:04,0,0,0
14/11/2020 14:56:05,0,0,0
14/11/2020 14:56:06,0,0,0
14/11/2020 14:56:07,0,0,0
14/11/2020 14:56:08,0,0,0
14/11/2020 14:56:09,0,0,0
14/11/2020 14:56:10,0,0,0
14/11/2020 14:56:11,0,0,0
14/11/2020 14:56:12,0,0,0
14/11/2020 14:56:13,0,0,0
14/11/2020 14:56:14,0,0,0
14/11/2020 14:56:15,0,0,0
14/11/2020 14:56:16,0,0,0
14/11/2020 14:56:17,0,0,0
14/11/2020 14:56:18,0,0,0
14/11/2020 14:56:19,0,0,0
14/11/2020 14:56:20,0,0,0
14/11/2020 14:56:21,0,0,0
14/11/2020 14:56:22,0,0,0
14/11/2020 14:56:23,0,0,0
14/11/2020 14:56:24,0,0,0
14/11/2020 14:56:25,0,0,0
14/11/2020 14:56:26,0,0,0
14/11/2020 14:56:27,0,0,0
14/11/2020 14:56:28,0,0,0
14/11/2020 14:56:29,0,0,0
14/11/2020 14:56:30,0,0,0
14/11/2020 14:56:31,0,0,0
14/11/2020 14:56:32,0,0,0
14/11/2020 14:56:33,0,0,0
14/11/2020 14:56:34,0,0,0
14/11/2020 14:56:35,0,0,0
14/11/2020 14:56:36,0,0,0
14/11/2020 14:56:37,0,0,0
14/11/2020 14:56:38,0,0,0
14/11/2020 14:56:39,0,0,0
14/11/2020 14:56:40,0,0,0
14/11/2020 14:56:41,0,0,0
14/11/2020 14:56:42,0,0,0
14/11/2020 14:56:43,0,0,0
14/11/2020 14:56:44,0,0,0
14/11/2020 14:56:45,0,0,0
14/11/2020 14:56:46,0,0,0
14/11/2020 14:56:47,0,0,0
14/11/2020 14:56:48,0,0,0
14/11/2020 14:56:49,0,0,0
14/11/2020 14:56:50,0,0,0
14/11/2020 14:56:51,0,0,0
14/11/2020 14:56:52,0,0,0
14/11/2020 14:56:53,0,0,0
14/11/2020 14:56:54,0,0,0
14/11/2020 14:56:55,0,0,0
14/11/2020 14:56:56,0,0,0
14/11/2020 14:56:57,0,0,0
14/11/2020 14:56:58,0,0,0
14/11/2020 14:56:59,0,0,0
14/11/2020 14:57:00,0,0,0
14/11/2020 14:57:01,0,0,0
14/11/2020 14:57:02,0,0,0
14/11/2020 14:57:03,0,0,0
14/11/2020 14:57:04,0,0,0
14/11/2020 14:57:05,0,0,0
14/11/2020 14:57:06,0,0,0
14/11/2020 14:57:07,0,0,0
14/11/2020 14:57:08,0,0,0
14/11/2020 14:57:09,0,0,0
14/11/2020 14:57:10,0,0,0
14/11/2020 14:57:11,0,0,0
14/11/2020 14:57:12,0,0,0
14/11/2020 14:57:13,0,0,0
14/11/2020 14:57:14,0,0,0
14/11/2020 14:57:15,0,0,0
14/11/2020 14:57:16,0,0,0
14/11/2020 14:57:17,0,0,0
14/11/2020 14:57:18,0,0,0
14/11/2020 14:57:19,0,0,0
14/11/2020 14:57:20,0,0,0
14/11/2020 14:57:21,0,0,0
14/11/2020 14:57:22,0,0,0
14/11/2020 14:57:23,0,0,0
14/11/2020 14:57:24,0,0,0
14/11/2020 14:57:25,0,0,0
14/11/2020 14:57:26,0,0,0
14/11/2020 14:57:27,0,0,0
14/11/2020 14:57:28,0,0,0
14/11/2020 14:57:29,0,0,0
14/11/2020 14:57:30,0,0,0
14/11/2020 14:57:31,0,0,0
14/11/2020 14:57:32,0,0,0
14/11/2020 14:57:33,0,0,0
14/11/2020 14:57:34,0,0,0
14/11/2020 14:57:35,0,0,0
14/11/2020 14:57:36,0,0,0
14/11/2020 14:57:37,0,0,0
14/11/2020 14:57:38,0,0,0
14/11/2020 14:57:39,0,0,0
14/11/2020 14:57:40,0,0,0
14/11/2020 14:57:41,0,0,0
14/11/2020 14:57:42,0,0,0
14/11/2020 14:57:43,0,0,0
14/11/2020 14:57:44,0,0,0
14/11/2020 14:57:45,0,0,0
14/11/2020 14:57:46,0,0,0
14/11/2020 14:57:47,0,0,0
14/11/2020 14:57:48,0,0,0
14/11/2020 14:57:49,0,0,0
14/11/2020 14:57:50,0,0,0
14/11/2020 14:57:51,0,0,0
14/11/2020 14:57:52,0,0,0
14/11/2020 14:57:53,0,0,0
14/11/2020 14:57:54,0,0,0
14/11/2020 14:57:55,0,0,0
14/11/2020 14:57:56,0,0,0
14/11/2020 14:57:57,0,0,0
14/11/2020 14:57:58,0,0,0
14/11/2020 14:57:59,0,0,0
14/11/2020 14:58:00,0,0,0
14/11/2020 14:58:01,0,0,0
14/11/2020 14:58:02,0,0,0
14/11/2020 14:58:03,0,0,0
14/11/2020 14:58:04,0,0,0
14/11/2020 14:58:05,0,0,0
14/11/2020 14:58:06,0,0,0
14/11/2020 14:58:07,0,0,0
14/11/2020 14:58:08,0,0,0
14/11/2020 14:58:09,0,0,0
14/11/2020 14:58:10,0,0,0
14/11/2020 14:58:11,0,0,0
14/11/2020 14:58:12,0,0,0
14/11/2020 14:58:13,0,0,0
14/11/2020 14:58:14,0,0,0
14/11/2020 14:58:15,0,0,0
14/11/2020 14:58:16,0,0,0
14/11/2020 14:58:17,0,0,0
14/11/2020 14:58:18,0,0,0
14/11/2020 14:58:19,0,0,0
14/11/2020 14:58:20,0,0,0
14/11/2020 14:58:21,0,0,0
14/11/2020 14:58:22,0,0,0
14/11/2020 14:58:23,0,0,0
14/11/2020 14:58:24,0,0,0
14/11/2020 14:58:25,0,0,0
14/11/2020 14:58:26,0,0,0
14/11/2020 14:58:27,0,0,0
14/11/2020 14:58:28,0,0,0
14/11/2020 14:58:29,0,0,0
14/11/2020 14:58:30,0,0,0
14/11/2020 14:58:31,0,0,0
14/11/2020 14:58:32,0,0,0
14/11/2020 14:58:33,0,0,0
14/11/2020 14:58:34,0,0,0
14/11/2020 14:58:35,0,0,0
14/11/2020 14:58:36,0,0,0
14/11/2020 14:58:37,0,0,0
14/11/2020 14:58:38,0,0,0
14/11/2020 14:58:39,0,0,0
14/11/2020 14:58:40,0,0,0
14/11/2020 14:58:41,0,0,0
14/11/2020 14:58:42,0,0,0
14/11/2020 14:58:43,0,0,0
14/11/2020 14:58:44,0,0,0
14/11/2020 14:58:45,0,0,0
14/11/2020 14:58:46,0,0,0
14/11/2020 14:58:47,0,0,0
14/11/2020 14:58:48,0,0,0
14/11/2020 14:58:49,0,0,0
14/11/2020 14:58:50,0,0,0
14/11/2020 14:58:51,0,0,0
14/11/2020 14:58:52,0,0,0
14/11/2020 14:58:53,0,0,0
14/11/2020 14:58:54,0,0,0
14/11/2020 14:58:55,0,0,0
14/11/2020 14:58:56,0,0,0
14/11/2020 14:58:57,0,0,0
14/11/2020 14:58:58,0,0,0
14/11/2020 14:58:59,0,0,0
14/11/2020 14:59:00,0,0,0
14/11/2020 14:59:01,0,0,0
14/11/2020 14:59:02,0,0,0
14/11/2020 14:59:03,0,0,0
14/11/2020 14:59:04,0,0,0
14/11/2020 14:59:05,0,0,0
14/11/2020 14:59:06,0,0,0
14/11/2020 14:59:07,0,0,0
14/11/2020 14:59:08,0,0,0
14/11/2020 14:59:09,0,0,0
14/11/2020 14:59:10,0,0,0
14/11/2020 14:59:11,0,0,0
14/11/2020 14:59:12,0,0,0
14/11/2020 14:59:13,0,0,0
14/11/2020 14:59:14,0,0,0
14/11/2020 14:59:15,0,0,0
14/11/2020 14:59:16,0,0,0
14/11/2020 14:59:17,0,0,0
14/11/2020 14:59:18,0,0,0
14/11/2020 14:59:19,0,0,0
14/11/2020 14:59:20,0,0,0
14/11/2020 14:59:21,0,0,0
14/11/2020 14:59:22,0,0,0
14/11/2020 14:59:23,0,0,0
14/11/2020 14:59:24,0,0,0
14/11/2020 14:59:25,0,0,0
14/11/2020 14:59:26,0,0,0
14/11/2020 14:59:27,0,0,0
14/11/2020 14:59:28,0,0,0
14/11/2020 14:59:29,0,0,0
14/11/2020 14:59:30,0,0,0
14/11/2020 14:59:31,0,0,0
14/11/2020 14:59:32,0,0,0
14/11/2020 14:59:33,0,0,0
14/11/2020 14:59:34,0,0,0
14/11/2020 14:59:35,0,0,0
14/11/2020 14:59:36,0,0,0
14/11/2020 14:59:37,0,0,0
14/11/2020 14:59:38,0,0,0
14/11/2020 14:59:39,0,0,0
14/11/2020 14:59:40,0,0,0
14/11/2020 14:59:41,0,0,0
14/11/2020 14:59:42,0,0,0
14/11/2020 14:59:43,0,0,0
14/11/2020 14:59:44,0,0,0
14/11/2020 14:59:45,0,0,0
14/11/2020 14:59:46,0,0,0
14/11/2020 14:59:47,0,0,0
14/11/2020 14:59:48,0,0,0
14/11/2020 14:59:49,0,0,0
14/11/2020 14:59:50,0,0,0
14/11/2020 14:59:51,0,0,0
14/11/2020 14:59:52,0,0,0
14/11/2020 14:59:53,0,0,0
14/11/2020 14:59:54,0,0,0
14/11/2020 14:59:55,0,0,0
14/11/2020 14:59:56,0,0,0
14/11/2020 14:59:57,0,0,0
14/11/2020 14:59:58,0,0,0
14/11/2020 14:59:59,0,0,0
14/11/2020 15:00:00,0,0,0
14/11/2020 15:00:01,0,0,0
14/11/2020 15:00:02,0,0,0
14/11/2020 15:00:03,0,0,0
14/11/2020 15:00:04,0,0,0
14/11/2020 15:00:05,0,0,0
14/11/2020 15:00:06,0,0,0
14/11/2020 15:00:07,0,0,0
14/11/2020 15:00:08,0,0,0
14/11/2020 15:00:09,0,0,0
14/11/2020 15:00:10,0,0,0
14/11/2020 15:00:11,0,0,0
14/11/2020 15:00:12,0,0,0
14/11/2020 15:00:13,0,0,0
14/11/2020 15:00:14,0,0,0
14/11/2020 15:00:15,0,0,0
14/11/2020 15:00:16,0,0,0
14/11/2020 15:00:17,0,0,0
14/11/2020 15:00:18,0,0,0
14/11/2020 15:00:19,0,0,0
14/11/2020 15:00:20,0,0,0
14/11/2020 15:00:21,0,0,0
14/11/2020 15:00:22,0,0,0
14/11/2020 15:00:23,0,0,0
14/11/2020 15:00:24,0,0,0
14/11/2020 15:00:25,0,0,0
14/11/2020 15:00:26,0,0,0
14/11/2020 15:00:27,0,0,0
14/11/2020 15:00:28,0,0,0
14/11/2020 15:00:29,0,0,0
14/11/2020 15:00:30,0,0,0
14/11/2020 15:00:31,0,0,0
14/11/2020 15:00:32,0,0,0
14/11/2020 15:00:33,0,0,0
14/11/2020 15:00:34,0,0,0
14/11/2020 15:00:35,0,0,0
14/11/2020 15:00:36,0,0,0
14/11/2020 15:00:37,0,0,0
14/11/2020 15:00:38,0,0,0
14/11/2020 15:00:39,0,0,0
14/11/2020 15:00:40,0,0,0
14/11/2020 15:00:41,0,0,0
14/11/2020 15:00:42,0,0,0
14/11/2020 15:00:43,0,0,0
14/11/2020 15:00:44,0,0,0
14/11/2020 15:00:45,0,0,0
14/11/2020 15:00:46,0,0,0
14/11/2020 15:00:47,0,0,0
14/11/2020 15:00:48,0,0,0
14/11/2020 15:00:49,0,0,0
14/11/2020 15:00:50,0,0,0
14/11/2020 15:00:51,0,0,0
14/11/2020 15:00:52,0,0,0
14/11/2020 15:00:53,0,0,0
14/11/2020 15:00:54,0,0,0
14/11/2020 15:00:55,0,0,0
14/11/2020 15:00:56,0,0,0
14/11/2020 15:00:57,0,0,0
14/11/2020 15:00:58,0,0,0
14/11/2020 15:00:59,0,0,0
14/11/2020 15:01:00,0,0,0
14/11/2020 15:01:01,0,0,0
14/11/2020 15:01:02,0,0,0
14/11/2020 15:01:03,0,0,0
14/11/2020 15:01:04,0,0,0
14/11/2020 15:01:05,0,0,0
14/11/2020 15:01:06,0,0,0
14/11/2020 15:01:07,0,0,0
14/11/2020 15:01:08,0,0,0
14/11/2020 15:01:09,0,0,0
14/11/2020 15:01:10,0,0,0
14/11/2020 15:01:11,0,0,0
14/11/2020 15:01:12,0,0,0
14/11/2020 15:01:13,0,0,0
14/11/2020 15:01:14,0,0,0
14/11/2020 15:01:15,0,0,0
14/11/2020 15:01:16,0,0,0
14/11/2020 15:01:17,0,0,0
14/11/2020 15:01:18,0,0,0
14/11/2020 15:01:19,0,0,0
14/11/2020 15:01:20,0,0,0
14/11/2020 15:01:21,0,0,0
14/11/2020 15:01:22,0,0,0
14/11/2020 15:01:23,0,0,0
14/11/2020 15:01:24,0,0,0
14/11/2020 15:01:25,0,0,0
14/11/2020 15:01:26,0,0,0
14/11/2020 15:01:27,0,0,0
14/11/2020 15:01:28,0,0,0
14/11/2020 15:01:29,0,0,0
14/11/2020 15:01:30,0,0,0
14/11/2020 15:01:31,0,0,0
14/11/2020 15:01:32,0,0,0
14/11/2020 15:01:33,0,0,0
14/11/2020 15:01:34,0,0,0
14/11/2020 15:01:35,0,0,0
14/11/2020 15:01:36,0,0,0
14/11/2020 15:01:37,0,0,0
14/11/2020 15:01:38,0,0,0
14/11/2020 15:01:39,0,0,0
14/11/2020 15:01:40,0,0,0
14/11/2020 15:01:41,0,0,0
14/11/2020 15:01:42,0,0,0
14/11/2020 15:01:43,0,0,0
14/11/2020 15:01:44,0,0,0
14/11/2020 15:01:45,0,0,0
14/11/2020 15:01:46,0,0,0
14/11/2020 15:01:47,0,0,0
14/11/2020 15:01:48,0,0,0
14/11/2020 15:01:49,0,0,0
14/11/2020 15:01:50,0,0,0
14/11/2020 15:01:51,0,0,0
14/11/2020 15:01:52,0,0,0
14/11/2020 15:01:53,0,0,0
14/11/2020 15:01:54,0,0,0
14/11/2020 15:01:55,0,0,0
14/11/2020 15:01:56,0,0,0
14/11/2020 15:01:57,0,0,0
14/11/2020 15:01:58,0,0,0
14/11/2020 15:01:59,0,0,0
14/11/2020 15:02:00,0,0,0
14/11/2020 15:02:01,0,0,0
14/11/2020 15:02:02,0,0,0
14/11/2020 15:02:03,0,0,0
14/11/2020 15:02:04,0,0,0
14/11/2020 15:02:05,0,0,0
14/11/2020 15:02:06,0,0,0
14/11/2020 15:02:07,0,0,0
14/11/2020 15:02:08,0,0,0
14/11/2020 15:02:09,0,0,0
14/11/2020 15:02:10,0,0,0
14/11/2020 15:02:11,0,0,0
14/11/2020 15:02:12,0,0,0
14/11/2020 15:02:13,0,0,0
14/11/2020 15:02:14,0,0,0
14/11/2020 15:02:15,0,0,0
14/11/2020 15:02:16,0,0,0
14/11/2020 15:02:17,0,0,0
14/11/2020 15:02:18,0,0,0
14/11/2020 15:02:19,0,0,0
14/11/2020 15:02:20,0,0,0
14/11/2020 15:02:21,0,0,0
14/11/2020 15:02:22,0,0,0
14/11/2020 15:02:23,0,0,0
14/11/2020 15:02:24,0,0,0
14/11/2020 15:02:25,0,0,0
14/11/2020 15:02:26,0,0,0
14/11/2020 15:02:27,0,0,0
14/11/2020 15:02:28,0,0,0
14/11/2020 15:02:29,0,0,0
14/11/2020 15:02:30,0,0,0
14/11/2020 15:02:31,0,0,0
14/11/2020 15:02:32,0,0,0
14/11/2020 15:02:33,0,0,0
14/11/2020 15:02:34,0,0,0
14/11/2020 15:02:35,0,0,0
14/11/2020 15:02:36,0,0,0
14/11/2020 15:02:37,0,0,0
14/11/2020 15:02:38,0,0,0
14/11/2020 15:02:39,0,0,0
14/11/2020 15:02:40,0,0,0
14/11/2020 15:02:41,0,0,0
14/11/2020 15:02:42,0,0,0
14/11/2020 15:02:43,0,0,0
14/11/2020 15:02:44,0,0,0
14/11/2020 15:02:45,0,0,0
14/11/2020 15:02:46,0,0,0
14/11/2020 15:02:47,0,0,0
14/11/2020 15:02:48,0,0,0
14/11/2020 15:02:49,0,0,0
14/11/2020 15:02:50,0,0,0
14/11/2020 15:02:51,0,0,0
14/11/2020 15:02:52,0,0,0
14/11/2020 15:02:53,0,0,0
14/11/2020 15:02:54,0,0,0
14/11/2020 15:02:55,0,0,0
14/11/2020 15:02:56,0,0,0
14/11/2020 15:02:57,0,0,0
14/11/2020 15:02:58,0,0,0
14/11/2020 15:02:59,0,0,0
14/11/2020 15:03:00,0,0,0
14/11/2020 15:03:01,0,0,0
14/11/2020 15:03:02,0,0,0
14/11/2020 15:03:03,0,0,0
14/11/2020 15:03:04,0,0,0
14/11/2020 15:03:05,0,0,0
14/11/2020 15:03:06,0,0,0
14/11/2020 15:03:07,0,0,0
14/11/2020 15:03:08,0,0,0
14/11/2020 15:03:09,0,0,0
14/11/2020 15:03:10,0,0,0
14/11/2020 15:03:11,0,0,0
14/11/2020 15:03:12,0,0,0
14/11/2020 15:03:13,0,0,0
14/11/2020 15:03:14,0,0,0
14/11/2020 15:03:15,0,0,0
14/11/2020 15:03:16,0,0,0
14/11/2020 15:03:17,0,0,0
14/11/2020 15:03:18,0,0,0
14/11/2020 15:03:19,0,0,0
14/11/2020 15:03:20,0,0,0
14/11/2020 15:03:21,0,0,0
14/11/2020 15:03:22,0,0,0
14/11/2020 15:03:23,0,0,0
14/11/2020 15:03:24,0,0,0
14/11/2020 15:03:25,0,0,0
14/11/2020 15:03:26,0,0,0
14/11/2020 15:03:27,0,0,0
14/11/2020 15:03:28,0,0,0
14/11/2020 15:03:29,0,0,0
14/11/2020 15:03:30,0,0,0
14/11/2020 15:03:31,0,0,0
14/11/2020 15:03:32,0,0,0
14/11/2020 15:03:33,0,0,0
14/11/2020 15:03:34,0,0,0
14/11/2020 15:03:35,0,0,0
14/11/2020 15:03:36,0,0,0
14/11/2020 15:03:37,0,0,0
14/11/2020 15:03:38,0,0,0
14/11/2020 15:03:39,0,0,0
14/11/2020 15:03:40,0,0,0
14/11/2020 15:03:41,0,0,0
14/11/2020 15:03:42,0,0,0
14/11/2020 15:03:43,0,0,0
14/11/2020 15:03:44,0,0,0
14/11/2020 15:03:45,0,0,0
14/11/2020 15:03:46,0,0,0
14/11/2020 15:03:47,0,0,0
14/11/2020 15:03:48,0,0,0
14/11/2020 15:03:49,0,0,0
14/11/2020 15:03:50,0,0,0
14/11/2020 15:03:51,0,0,0
14/11/2020 15:03:52,0,0,0
14/11/2020 15:03:53,0,0,0
14/11/2020 15:03:54,0,0,0
14/11/2020 15:03:55,0,0,0
14/11/2020 15:03:56,0,0,0
14/11/2020 15:03:57,0,0,0
14/11/2020 15:03:58,0,0,0
14/11/2020 15:03:59,0,0,0
14/11/2020 15:04:00,0,0,0
14/11/2020 15:04:01,0,0,0
14/11/2020 15:04:02,0,0,0
14/11/2020 15:04:03,0,0,0
14/11/2020 15:04:04,0,0,0
14/11/2020 15:04:05,0,0,0
14/11/2020 15:04:06,0,0,0
14/11/2020 15:04:07,0,0,0
14/11/2020 15:04:08,0,0,0
14/11/2020 15:04:09,0,0,0
14/11/2020 15:04:10,0,0,0
14/11/2020 15:04:11,0,0,0
14/11/2020 15:04:12,0,0,0
14/11/2020 15:04:13,0,0,0
14/11/2020 15:04:14,0,0,0
14/11/2020 15:04:15,0,0,0
14/11/2020 15:04:16,0,0,0
14/11/2020 15:04:17,0,0,0
14/11/2020 15:04:18,0,0,0
14/11/2020 15:04:19,0,0,0
14/11/2020 15:04:20,0,0,0
14/11/2020 15:04:21,0,0,0
14/11/2020 15:04:22,0,0,0
14/11/2020 15:04:23,0,0,0
14/11/2020 15:04:24,0,0,0
14/11/2020 15:04:25,0,0,0
14/11/2020 15:04:26,0,0,0
14/11/2020 15:04:27,0,0,0
14/11/2020 15:04:28,0,0,0
14/11/2020 15:04:29,0,0,0
14/11/2020 15:04:30,0,0,0
14/11/2020 15:04:31,0,0,0
14/11/2020 15:04:32,0,0,0
14/11/2020 15:04:33,0,0,0
14/11/2020 15:04:34,0,0,0
14/11/2020 15:04:35,0,0,0
14/11/2020 15:04:36,0,0,0
14/11/2020 15:04:37,0,0,0
14/11/2020 15:04:38,0,0,0
14/11/2020 15:04:39,0,0,0
14/11/2020 15:04:40,0,0,0
14/11/2020 15:04:41,0,0,0
14/11/2020 15:04:42,0,0,0
14/11/2020 15:04:43,0,0,0
14/11/2020 15:04:44,0,0,0
14/11/2020 15:04:45,0,0,0
14/11/2020 15:04:46,0,0,0
14/11/2020 15:04:47,0,0,0
14/11/2020 15:04:48,0,0,0
14/11/2020 15:04:49,0,0,0
14/11/2020 15:04:50,0,0,0
14/11/2020 15:04:51,0,0,0
14/11/2020 15:04:52,0,0,0
14/11/2020 15:04:53,0,0,0
14/11/2020 15:04:54,0,0,0
14/11/2020 15:04:55,0,0,0
14/11/2020 15:04:56,0,0,0
14/11/2020 15:04:57,0,0,0
14/11/2020 15:04:58,0,0,0
14/11/2020 15:04:59,0,0,0
14/11/2020 15:05:00,0,0,0
14/11/2020 15:05:01,0,0,0
14/11/2020 15:05:02,0,0,0
14/11/2020 15:05:03,0,0,0
14/11/2020 15:05:04,0,0,0
14/11/2020 15:05:05,0,0,0
14/11/2020 15:05:06,0,0,0
14/11/2020 15:05:07,0,0,0
14/11/2020 15:05:08,0,0,0
14/11/2020 15:05:09,0,0,0
14/11/2020 15:05:10,0,0,0
14/11/2020 15:05:11,0,0,0
14/11/2020 15:05:12,0,0,0
14/11/2020 15:05:13,0,0,0
14/11/2020 15:05:14,0,0,0
14/11/2020 15:05:15,0,0,0
14/11/2020 15:05:16,0,0,0
14/11/2020 15:05:17,0,0,0
14/11/2020 15:05:18,0,0,0
14/11/2020 15:05:19,0,0,0
14/11/2020 15:05:20,0,0,0
14/11/2020 15:05:21,0,0,0
14/11/2020 15:05:22,0,0,0
14/11/2020 15:05:23,0,0,0
14/11/2020 15:05:24,0,0,0
14/11/2020 15:05:25,0,0,0
14/11/2020 15:05:26,0,0,0
14/11/2020 15:05:27,0,0,0
14/11/2020 15:05:28,0,0,0
14/11/2020 15:05:29,0,0,0
14/11/2020 15:05:30,0,0,0
14/11/2020 15:05:31,0,0,0
14/11/2020 15:05:32,0,0,0
14/11/2020 15:05:33,0,0,0
14/11/2020 15:05:34,0,0,0
14/11/2020 15:05:35,0,0,0
14/11/2020 15:05:36,0,0,0
14/11/2020 15:05:37,0,0,0
14/11/2020 15:05:38,0,0,0
14/11/2020 15:05:39,0,0,0
14/11/2020 15:05:40,0,0,0
14/11/2020 15:05:41,0,0,0
14/11/2020 15:05:42,0,0,0
14/11/2020 15:05:43,0,0,0
14/11/2020 15:05:44,0,0,0
14/11/2020 15:05:45,0,0,0
14/11/2020 15:05:46,0,0,0
14/11/2020 15:05:47,0,0,0
14/11/2020 15:05:48,0,0,0
14/11/2020 15:05:49,0,0,0
14/11/2020 15:05:50,0,0,0
14/11/2020 15:05:51,0,0,0
14/11/2020 15:05:52,0,0,0
14/11/2020 15:05:53,0,0,0
14/11/2020 15:05:54,0,0,0
14/11/2020 15:05:55,0,0,0
14/11/2020 15:05:56,0,0,0
14/11/2020 15:05:57,0,0,0
14/11/2020 15:05:58,0,0,0
14/11/2020 15:05:59,0,0,0
14/11/2020 15:06:00,0,0,0
14/11/2020 15:06:01,0,0,0
14/11/2020 15:06:02,0,0,0
14/11/2020 15:06:03,0,0,0
14/11/2020 15:06:04,0,0,0
14/11/2020 15:06:05,0,0,0
14/11/2020 15:06:06,0,0,0
14/11/2020 15:06:07,0,0,0
14/11/2020 15:06:08,0,0,0
14/11/2020 15:06:09,0,0,0
14/11/2020 15:06:10,0,0,0
14/11/2020 15:06:11,0,0,0
14/11/2020 15:06:12,0,0,0
14/11/2020 15:06:13,0,0,0
14/11/2020 15:06:14,0,0,0
14/11/2020 15:06:15,0,0,0
14/11/2020 15:06:16,0,0,0
14/11/2020 15:06:17,0,0,0
14/11/2020 15:06:18,0,0,0
14/11/2020 15:06:19,0,0,0
14/11/2020 15:06:20,0,0,0
14/11/2020 15:06:21,0,0,0
14/11/2020 15:06:22,0,0,0
14/11/2020 15:06:23,0,0,0
14/11/2020 15:06:24,0,0,0
14/11/2020 15:06:25,0,0,0
14/11/2020 15:06:26,0,0,0
14/11/2020 15:06:27,0,0,0
14/11/2020 15:06:28,0,0,0
14/11/2020 15:06:29,0,0,0
14/11/2020 15:06:30,0,0,0
14/11/2020 15:06:31,0,0,0
14/11/2020 15:06:32,0,0,0
14/11/2020 15:06:33,0,0,0
14/11/2020 15:06:34,0,0,0
14/11/2020 15:06:35,0,0,0
14/11/2020 15:06:36,0,0,0
14/11/2020 15:06:37,0,0,0
14/11/2020 15:06:38,0,0,0
14/11/2020 15:06:39,0,0,0
14/11/2020 15:06:40,0,0,0
14/11/2020 15:06:41,0,0,0
14/11/2020 15:06:42,0,0,0
14/11/2020 15:06:43,0,0,0
14/11/2020 15:06:44,0,0,0
14/11/2020 15:06:45,0,0,0
14/11/2020 15:06:46,0,0,0
14/11/2020 15:06:47,0,0,0
14/11/2020 15:06:48,0,0,0
14/11/2020 15:06:49,0,0,0
14/11/2020 15:06:50,0,0,0
14/11/2020 15:06:51,0,0,0
14/11/2020 15:06:52,0,0,0
14/11/2020 15:06:53,0,0,0
14/11/2020 15:06:54,0,0,0
14/11/2020 15:06:55,0,0,0
14/11/2020 15:06:56,0,0,0
14/11/2020 15:06:57,0,0,0
14/11/2020 15:06:58,0,0,0
14/11/2020 15:06:59,0,0,0
14/11/2020 15:07:00,0,0,0
14/11/2020 15:07:01,0,0,0
14/11/2020 15:07:02,0,0,0
14/11/2020 15:07:03,0,0,0
14/11/2020 15:07:04,0,0,0
14/11/2020 15:07:05,0,0,0
14/11/2020 15:07:06,0,0,0
14/11/2020 15:07:07,0,0,0
14/11/2020 15:07:08,0,0,0
14/11/2020 15:07:09,0,0,0
14/11/2020 15:07:10,0,0,0
14/11/2020 15:07:11,0,0,0
14/11/2020 15:07:12,0,0,0
14/11/2020 15:07:13,0,0,0
14/11/2020 15:07:14,0,0,0
14/11/2020 15:07:15,0,0,0
14/11/2020 15:07:16,0,0,0
14/11/2020 15:07:17,0,0,0
14/11/2020 15:07:18,0,0,0
14/11/2020 15:07:19,0,0,0
14/11/2020 15:07:20,0,0,0
14/11/2020 15:07:21,0,0,0
14/11/2020 15:07:22,0,0,0
14/11/2020 15:07:23,0,0,0
14/11/2020 15:07:24,0,0,0
14/11/2020 15:07:25,0,0,0
14/11/2020 15:07:26,0,0,0
14/11/2020 15:07:27,0,0,0
14/11/2020 15:07:28,0,0,0
14/11/2020 15:07:29,0,0,0
14/11/2020 15:07:30,0,0,0
14/11/2020 15:07:31,0,0,0
14/11/2020 15:07:32,0,0,0
14/11/2020 15:07:33,0,0,0
14/11/2020 15:07:34,0,0,0
14/11/2020 15:07:35,0,0,0
14/11/2020 15:07:36,0,0,0
14/11/2020 15:07:37,0,0,0
14/11/2020 15:07:38,0,0,0
14/11/2020 15:07:39,0,0,0
14/11/2020 15:07:40,0,0,0
14/11/2020 15:07:41,0,0,0
14/11/2020 15:07:42,0,0,0
14/11/2020 15:07:43,0,0,0
14/11/2020 15:07:44,0,0,0
14/11/2020 15:07:45,0,0,0
14/11/2020 15:07:46,0,0,0
14/11/2020 15:07:47,0,0,0
14/11/2020 15:07:48,0,0,0
14/11/2020 15:07:49,0,0,0
14/11/2020 15:07:50,0,0,0
14/11/2020 15:07:51,0,0,0
14/11/2020 15:07:52,0,0,0
14/11/2020 15:07:53,0,0,0
14/11/2020 15:07:54,0,0,0
14/11/2020 15:07:55,0,0,0
14/11/2020 15:07:56,0,0,0
14/11/2020 15:07:57,0,0,0
14/11/2020 15:07:58,0,0,0
14/11/2020 15:07:59,0,0,0
14/11/2020 15:08:00,0,0,0
14/11/2020 15:08:01,0,0,0
14/11/2020 15:08:02,0,0,0
14/11/2020 15:08:03,0,0,0
14/11/2020 15:08:04,0,0,0
14/11/2020 15:08:05,0,0,0
14/11/2020 15:08:06,0,0,0
14/11/2020 15:08:07,0,0,0
14/11/2020 15:08:08,0,0,0
14/11/2020 15:08:09,0,0,0
14/11/2020 15:08:10,0,0,0
14/11/2020 15:08:11,0,0,0
14/11/2020 15:08:12,0,0,0
14/11/2020 15:08:13,0,0,0
14/11/2020 15:08:14,0,0,0
14/11/2020 15:08:15,0,0,0
14/11/2020 15:08:16,0,0,0
14/11/2020 15:08:17,0,0,0
14/11/2020 15:08:18,0,0,0
14/11/2020 15:08:19,0,0,0
14/11/2020 15:08:20,0,0,0
14/11/2020 15:08:21,0,0,0
14/11/2020 15:08:22,0,0,0
14/11/2020 15:08:23,0,0,0
14/11/2020 15:08:24,0,0,0
14/11/2020 15:08:25,0,0,0
14/11/2020 15:08:26,0,0,0
14/11/2020 15:08:27,0,0,0
14/11/2020 15:08:28,0,0,0
14/11/2020 15:08:29,0,0,0
14/11/2020 15:08:30,0,0,0
14/11/2020 15:08:31,0,0,0
14/11/2020 15:08:32,0,0,0
14/11/2020 15:08:33,0,0,0
14/11/2020 15:08:34,0,0,0
14/11/2020 15:08:35,0,0,0
14/11/2020 15:08:36,0,0,0
14/11/2020 15:08:37,0,0,0
14/11/2020 15:08:38,0,0,0
14/11/2020 15:08:39,0,0,0
14/11/2020 15:08:40,0,0,0
14/11/2020 15:08:41,0,0,0
14/11/2020 15:08:42,0,0,0
14/11/2020 15:08:43,0,0,0
14/11/2020 15:08:44,0,0,0
14/11/2020 15:08:45,0,0,0
14/11/2020 15:08:46,0,0,0
14/11/2020 15:08:47,0,0,0
14/11/2020 15:08:48,0,0,0
14/11/2020 15:08:49,0,0,0
14/11/2020 15:08:50,0,0,0
14/11/2020 15:08:51,0,0,0
14/11/2020 15:08:52,0,0,0
14/11/2020 15:08:53,0,0,0
14/11/2020 15:08:54,0,0,0
14/11/2020 15:08:55,0,0,0
14/11/2020 15:08:56,0,0,0
14/11/2020 15:08:57,0,0,0
14/11/2020 15:08:58,0,0,0
14/11/2020 15:08:59,0,0,0
14/11/2020 15:09:00,0,0,0
14/11/2020 15:09:01,0,0,0
14/11/2020 15:09:02,0,0,0
14/11/2020 15:09:03,0,0,0
14/11/2020 15:09:04,0,0,0
14/11/2020 15:09:05,0,0,0
14/11/2020 15:09:06,0,0,0
14/11/2020 15:09:07,0,0,0
14/11/2020 15:09:08,0,0,0
14/11/2020 15:09:09,0,0,0
14/11/2020 15:09:10,0,0,0
14/11/2020 15:09:11,0,0,0
14/11/2020 15:09:12,0,0,0
14/11/2020 15:09:13,0,0,0
14/11/2020 15:09:14,0,0,0
14/11/2020 15:09:15,0,0,0
14/11/2020 15:09:16,0,0,0
14/11/2020 15:09:17,0,0,0
14/11/2020 15:09:18,0,0,0
14/11/2020 15:09:19,0,0,0
14/11/2020 15:09:20,0,0,0
14/11/2020 15:09:21,0,0,0
14/11/2020 15:09:22,0,0,0
14/11/2020 15:09:23,0,0,0
14/11/2020 15:09:24,0,0,0
14/11/2020 15:09:25,0,0,0
14/11/2020 15:09:26,0,0,0
14/11/2020 15:09:27,0,0,0
14/11/2020 15:09:28,0,0,0
14/11/2020 15:09:29,0,0,0
14/11/2020 15:09:30,0,0,0
14/11/2020 15:09:31,0,0,0
14/11/2020 15:09:32,0,0,0
14/11/2020 15:09:33,0,0,0
14/11/2020 15:09:34,0,0,0
14/11/2020 15:09:35,0,0,0
14/11/2020 15:09:36,0,0,0
14/11/2020 15:09:37,0,0,0
14/11/2020 15:09:38,0,0,0
14/11/2020 15:09:39,0,0,0
14/11/2020 15:09:40,0,0,0
14/11/2020 15:09:41,0,0,0
14/11/2020 15:09:42,0,0,0
14/11/2020 15:09:43,0,0,0
14/11/2020 15:09:44,0,0,0
14/11/2020 15:09:45,0,0,0
14/11/2020 15:09:46,0,0,0
14/11/2020 15:09:47,0,0,0
14/11/2020 15:09:48,0,0,0
14/11/2020 15:09:49,0,0,0
14/11/2020 15:09:50,0,0,0
14/11/2020 15:09:51,0,0,0
14/11/2020 15:09:52,0,0,0
14/11/2020 15:09:53,0,0,0
14/11/2020 15:09:54,0,0,0
14/11/2020 15:09:55,0,0,0
14/11/2020 15:09:56,0,0,0
14/11/2020 15:09:57,0,0,0
14/11/2020 15:09:58,0,0,0
14/11/2020 15:09:59,0,0,0
14/11/2020 15:10:00,0,0,0
14/11/2020 15:10:01,0,0,0
14/11/2020 15:10:02,0,0,0
14/11/2020 15:10:03,0,0,0
14/11/2020 15:10:04,0,0,0
14/11/2020 15:10:05,0,0,0
14/11/2020 15:10:06,0,0,0
14/11/2020 15:10:07,0,0,0
14/11/2020 15:10:08,0,0,0
14/11/2020 15:10:09,0,0,0
14/11/2020 15:10:10,0,0,0
14/11/2020 15:10:11,0,0,0
14/11/2020 15:10:12,0,0,0
14/11/2020 15:10:13,0,0,0
14/11/2020 15:10:14,0,0,0
14/11/2020 15:10:15,0,0,0
14/11/2020 15:10:16,0,0,0
14/11/2020 15:10:17,0,0,0
14/11/2020 15:10:18,0,0,0
14/11/2020 15:10:19,0,0,0
14/11/2020 15:10:20,0,0,0
14/11/2020 15:10:21,0,0,0
14/11/2020 15:10:22,0,0,0
14/11/2020 15:10:23,0,0,0
14/11/2020 15:10:24,0,0,0
14/11/2020 15:10:25,0,0,0
14/11/2020 15:10:26,0,0,0
14/11/2020 15:10:27,0,0,0
14/11/2020 15:10:28,0,0,0
14/11/2020 15:10:29,0,0,0
14/11/2020 15:10:30,0,0,0
14/11/2020 15:10:31,0,0,0
14/11/2020 15:10:32,0,0,0
14/11/2020 15:10:33,0,0,0
14/11/2020 15:10:34,0,0,0
14/11/2020 15:10:35,0,0,0
14/11/2020 15:10:36,0,0,0
14/11/2020 15:10:37,0,0,0
14/11/2020 15:10:38,0,0,0
14/11/2020 15:10:39,0,0,0
14/11/2020 15:10:40,0,0,0
14/11/2020 15:10:41,0,0,0
14/11/2020 15:10:42,0,0,0
14/11/2020 15:10:43,0,0,0
14/11/2020 15:10:44,0,0,0
14/11/2020 15:10:45,0,0,0
14/11/2020 15:10:46,0,0,0
14/11/2020 15:10:47,0,0,0
14/11/2020 15:10:48,0,0,0
14/11/2020 15:10:49,0,0,0
14/11/2020 15:10:50,0,0,0
14/11/2020 15:10:51,0,0,0
14/11/2020 15:10:52,0,0,0
14/11/2020 15:10:53,0,0,0
14/11/2020 15:10:54,0,0,0
14/11/2020 15:10:55,0,0,0
14/11/2020 15:10:56,0,0,0
14/11/2020 15:10:57,0,0,0
14/11/2020 15:10:58,0,0,0
14/11/2020 15:10:59,0,0,0
14/11/2020 15:11:00,0,0,0
14/11/2020 15:11:01,0,0,0
14/11/2020 15:11:02,0,0,0
14/11/2020 15:11:03,0,0,0
14/11/2020 15:11:04,0,0,0
14/11/2020 15:11:05,0,0,0
14/11/2020 15:11:06,0,0,0
14/11/2020 15:11:07,0,0,0
14/11/2020 15:11:08,0,0,0
14/11/2020 15:11:09,0,0,0
14/11/2020 15:11:10,0,0,0
14/11/2020 15:11:11,0,0,0
14/11/2020 15:11:12,0,0,0
14/11/2020 15:11:13,0,0,0
14/11/2020 15:11:14,0,0,0
14/11/2020 15:11:15,0,0,0
14/11/2020 15:11:16,0,0,0
14/11/2020 15:11:17,0,0,0
14/11/2020 15:11:18,0,0,0
14/11/2020 15:11:19,0,0,0
14/11/2020 15:11:20,0,0,0
14/11/2020 15:11:21,0,0,0
14/11/2020 15:11:22,0,0,0
14/11/2020 15:11:23,0,0,0
14/11/2020 15:11:24,0,0,0
14/11/2020 15:11:25,0,0,0
14/11/2020 15:11:26,0,0,0
14/11/2020 15:11:27,0,0,0
14/11/2020 15:11:28,0,0,0
14/11/2020 15:11:29,0,0,0
14/11/2020 15:11:30,0,0,0
14/11/2020 15:11:31,0,0,0
14/11/2020 15:11:32,0,0,0
14/11/2020 15:11:33,0,0,0
14/11/2020 15:11:34,0,0,0
14/11/2020 15:11:35,0,0,0
14/11/2020 15:11:36,0,0,0
14/11/2020 15:11:37,0,0,0
14/11/2020 15:11:38,0,0,0
14/11/2020 15:11:39,0,0,0
14/11/2020 15:11:40,0,0,0
14/11/2020 15:11:41,0,0,0
14/11/2020 15:11:42,0,0,0
14/11/2020 15:11:43,0,0,0
14/11/2020 15:11:44,0,0,0
14/11/2020 15:11:45,0,0,0
14/11/2020 15:11:46,0,0,0
14/11/2020 15:11:47,0,0,0
14/11/2020 15:11:48,0,0,0
14/11/2020 15:11:49,0,0,0
14/11/2020 15:11:50,0,0,0
14/11/2020 15:11:51,0,0,0
14/11/2020 15:11:52,0,0,0
14/11/2020 15:11:53,0,0,0
14/11/2020 15:11:54,0,0,0
14/11/2020 15:11:55,0,0,0
14/11/2020 15:11:56,0,0,0
14/11/2020 15:11:57,0,0,0
14/11/2020 15:11:58,0,0,0
14/11/2020 15:11:59,0,0,0
14/11/2020 15:12:00,0,0,0
14/11/2020 15:12:01,0,0,0
14/11/2020 15:12:02,0,0,0
14/11/2020 15:12:03,0,0,0
14/11/2020 15:12:04,0,0,0
14/11/2020 15:12:05,0,0,0
14/11/2020 15:12:06,0,0,0
14/11/2020 15:12:07,0,0,0
14/11/2020 15:12:08,0,0,0
14/11/2020 15:12:09,0,0,0
14/11/2020 15:12:10,0,0,0
14/11/2020 15:12:11,0,0,0
14/11/2020 15:12:12,0,0,0
14/11/2020 15:12:13,0,0,0
14/11/2020 15:12:14,0,0,0
14/11/2020 15:12:15,0,0,0
14/11/2020 15:12:16,0,0,0
14/11/2020 15:12:17,0,0,0
14/11/2020 15:12:18,0,0,0
14/11/2020 15:12:19,0,0,0
14/11/2020 15:12:20,0,0,0
14/11/2020 15:12:21,0,0,0
14/11/2020 15:12:22,0,0,0
14/11/2020 15:12:23,0,0,0
14/11/2020 15:12:24,0,0,0
14/11/2020 15:12:25,0,0,0
14/11/2020 15:12:26,0,0,0
14/11/2020 15:12:27,0,0,0
14/11/2020 15:12:28,0,0,0
14/11/2020 15:12:29,0,0,0
14/11/2020 15:12:30,0,0,0
14/11/2020 15:12:31,0,0,0
14/11/2020 15:12:32,0,0,0
14/11/2020 15:12:33,0,0,0
14/11/2020 15:12:34,0,0,0
14/11/2020 15:12:35,0,0,0
14/11/2020 15:12:36,0,0,0
14/11/2020 15:12:37,0,0,0
14/11/2020 15:12:38,0,0,0
14/11/2020 15:12:39,0,0,0
14/11/2020 15:12:40,0,0,0
14/11/2020 15:12:41,0,0,0
14/11/2020 15:12:42,0,0,0
14/11/2020 15:12:43,0,0,0
14/11/2020 15:12:44,0,0,0
14/11/2020 15:12:45,0,0,0
14/11/2020 15:12:46,0,0,0
14/11/2020 15:12:47,0,0,0
14/11/2020 15:12:48,0,0,0
14/11/2020 15:12:49,0,0,0
14/11/2020 15:12:50,0,0,0
14/11/2020 15:12:51,0,0,0
14/11/2020 15:12:52,0,0,0
14/11/2020 15:12:53,0,0,0
14/11/2020 15:12:54,0,0,0
14/11/2020 15:12:55,0,0,0
14/11/2020 15:12:56,0,0,0
14/11/2020 15:12:57,0,0,0
14/11/2020 15:12:58,0,0,0
14/11/2020 15:12:59,0,0,0
14/11/2020 15:13:00,0,0,0
14/11/2020 15:13:01,0,0,0
14/11/2020 15:13:02,0,0,0
14/11/2020 15:13:03,0,0,0
14/11/2020 15:13:04,0,0,0
14/11/2020 15:13:05,0,0,0
14/11/2020 15:13:06,0,0,0
14/11/2020 15:13:07,0,0,0
14/11/2020 15:13:08,0,0,0
14/11/2020 15:13:09,0,0,0
14/11/2020 15:13:10,0,0,0
14/11/2020 15:13:11,0,0,0
14/11/2020 15:13:12,0,0,0
14/11/2020 15:13:13,0,0,0
14/11/2020 15:13:14,0,0,0
14/11/2020 15:13:15,0,0,0
14/11/2020 15:13:16,0,0,0
14/11/2020 15:13:17,0,0,0
14/11/2020 15:13:18,0,0,0
14/11/2020 15:13:19,0,0,0
14/11/2020 15:13:20,0,0,0
14/11/2020 15:13:21,0,0,0
14/11/2020 15:13:22,0,0,0
14/11/2020 15:13:23,0,0,0
14/11/2020 15:13:24,0,0,0
14/11/2020 15:13:25,0,0,0
14/11/2020 15:13:26,0,0,0
14/11/2020 15:13:27,0,0,0
14/11/2020 15:13:28,0,0,0
14/11/2020 15:13:29,0,0,0
14/11/2020 15:13:30,0,0,0
14/11/2020 15:13:31,0,0,0
14/11/2020 15:13:32,0,0,0
14/11/2020 15:13:33,0,0,0
14/11/2020 15:13:34,0,0,0
14/11/2020 15:13:35,0,0,0
14/11/2020 15:13:36,0,0,0
14/11/2020 15:13:37,0,0,0
14/11/2020 15:13:38,0,0,0
14/11/2020 15:13:39,0,0,0
14/11/2020 15:13:40,0,0,0
14/11/2020 15:13:41,0,0,0
14/11/2020 15:13:42,0,0,0
14/11/2020 15:13:43,0,0,0
14/11/2020 15:13:44,0,0,0
14/11/2020 15:13:45,0,0,0
14/11/2020 15:13:46,0,0,0
14/11/2020 15:13:47,0,0,0
14/11/2020 15:13:48,0,0,0
14/11/2020 15:13:49,0,0,0
14/11/2020 15:13:50,0,0,0
14/11/2020 15:13:51,0,0,0
14/11/2020 15:13:52,0,0,0
14/11/2020 15:13:53,0,0,0
14/11/2020 15:13:54,0,0,0
14/11/2020 15:13:55,0,0,0
14/11/2020 15:13:56,0,0,0
14/11/2020 15:13:57,0,0,0
14/11/2020 15:13:58,0,0,0
14/11/2020 15:13:59,0,0,0
14/11/2020 15:14:00,0,0,0
14/11/2020 15:14:01,0,0,0
14/11/2020 15:14:02,0,0,0
14/11/2020 15:14:03,0,0,0
14/11/2020 15:14:04,0,0,0
14/11/2020 15:14:05,0,0,0
14/11/2020 15:14:06,0,0,0
14/11/2020 15:14:07,0,0,0
14/11/2020 15:14:08,0,0,0
14/11/2020 15:14:09,0,0,0
14/11/2020 15:14:10,0,0,0
14/11/2020 15:14:11,0,0,0
14/11/2020 15:14:12,0,0,0
14/11/2020 15:14:13,0,0,0
14/11/2020 15:14:14,0,0,0
14/11/2020 15:14:15,0,0,0
14/11/2020 15:14:16,0,0,0
14/11/2020 15:14:17,0,0,0
14/11/2020 15:14:18,0,0,0
14/11/2020 15:14:19,0,0,0
14/11/2020 15:14:20,0,0,0
14/11/2020 15:14:21,0,0,0
14/11/2020 15:14:22,0,0,0
14/11/2020 15:14:23,0,0,0
14/11/2020 15:14:24,0,0,0
14/11/2020 15:14:25,0,0,0
14/11/2020 15:14:26,0,0,0
14/11/2020 15:14:27,0,0,0
14/11/2020 15:14:28,0,0,0
14/11/2020 15:14:29,0,0,0
14/11/2020 15:14:30,0,0,0
14/11/2020 15:14:31,0,0,0
14/11/2020 15:14:32,0,0,0
14/11/2020 15:14:33,0,0,0
14/11/2020 15:14:34,0,0,0
14/11/2020 15:14:35,0,0,0
14/11/2020 15:14:36,0,0,0
14/11/2020 15:14:37,0,0,0
14/11/2020 15:14:38,0,0,0
14/11/2020 15:14:39,0,0,0
14/11/2020 15:14:40,0,0,0
14/11/2020 15:14:41,0,0,0
14/11/2020 15:14:42,0,0,0
14/11/2020 15:14:43,0,0,0
14/11/2020 15:14:44,0,0,0
14/11/2020 15:14:45,0,0,0
14/11/2020 15:14:46,0,0,0
14/11/2020 15:14:47,0,0,0
14/11/2020 15:14:48,0,0,0
14/11/2020 15:14:49,0,0,0
14/11/2020 15:14:50,0,0,0
14/11/2020 15:14:51,0,0,0
14/11/2020 15:14:52,0,0,0
14/11/2020 15:14:53,0,0,0
14/11/2020 15:14:54,0,0,0
14/11/2020 15:14:55,0,0,0
14/11/2020 15:14:56,0,0,0
14/11/2020 15:14:57,0,0,0
14/11/2020 15:14:58,0,0,0
14/11/2020 15:14:59,0,0,0
14/11/2020 15:15:00,0,0,0
14/11/2020 15:15:01,0,0,0
14/11/2020 15:15:02,0,0,0
14/11/2020 15:15:03,0,0,0
14/11/2020 15:15:04,0,0,0
14/11/2020 15:15:05,0,0,0
14/11/2020 15:15:06,0,0,0
14/11/2020 15:15:07,0,0,0
14/11/2020 15:15:08,0,0,0
14/11/2020 15:15:09,0,0,0
14/11/2020 15:15:10,0,0,0
14/11/2020 15:15:11,0,0,0
14/11/2020 15:15:12,0,0,0
14/11/2020 15:15:13,0,0,0
14/11/2020 15:15:14,0,0,0
14/11/2020 15:15:15,0,0,0
14/11/2020 15:15:16,0,0,0
14/11/2020 15:15:17,0,0,0
14/11/2020 15:15:18,0,0,0
14/11/2020 15:15:19,0,0,0
14/11/2020 15:15:20,0,0,0
14/11/2020 15:15:21,0,0,0
14/11/2020 15:15:22,0,0,0
14/11/2020 15:15:23,0,0,0
14/11/2020 15:15:24,0,0,0
14/11/2020 15:15:25,0,0,0
14/11/2020 15:15:26,0,0,0
14/11/2020 15:15:27,0,0,0
14/11/2020 15:15:28,0,0,0
14/11/2020 15:15:29,0,0,0
14/11/2020 15:15:30,0,0,0
14/11/2020 15:15:31,0,0,0
14/11/2020 15:15:32,0,0,0
14/11/2020 15:15:33,0,0,0
14/11/2020 15:15:34,0,0,0
14/11/2020 15:15:35,0,0,0
14/11/2020 15:15:36,0,0,0
14/11/2020 15:15:37,0,0,0
14/11/2020 15:15:38,0,0,0
14/11/2020 15:15:39,0,0,0
14/11/2020 15:15:40,0,0,0
14/11/2020 15:15:41,0,0,0
14/11/2020 15:15:42,0,0,0
14/11/2020 15:15:43,0,0,0
14/11/2020 15:15:44,0,0,0
14/11/2020 15:15:45,0,0,0
14/11/2020 15:15:46,0,0,0
14/11/2020 15:15:47,0,0,0
14/11/2020 15:15:48,0,0,0
14/11/2020 15:15:49,0,0,0
14/11/2020 15:15:50,0,0,0
14/11/2020 15:15:51,0,0,0
14/11/2020 15:15:52,0,0,0
14/11/2020 15:15:53,0,0,0
14/11/2020 15:15:54,0,0,0
14/11/2020 15:15:55,0,0,0
14/11/2020 15:15:56,0,0,0
14/11/2020 15:15:57,0,0,0
14/11/2020 15:15:58,0,0,0
14/11/2020 15:15:59,0,0,0
14/11/2020 15:16:00,0,0,0
14/11/2020 15:16:01,0,0,0
14/11/2020 15:16:02,0,0,0
14/11/2020 15:16:03,0,0,0
14/11/2020 15:16:04,0,0,0
14/11/2020 15:16:05,0,0,0
14/11/2020 15:16:06,0,0,0
14/11/2020 15:16:07,0,0,0
14/11/2020 15:16:08,0,0,0
14/11/2020 15:16:09,0,0,0
14/11/2020 15:16:10,0,0,0
14/11/2020 15:16:11,0,0,0
14/11/2020 15:16:12,0,0,0
14/11/2020 15:16:13,0,0,0
14/11/2020 15:16:14,0,0,0
14/11/2020 15:16:15,0,0,0
14/11/2020 15:16:16,0,0,0
14/11/2020 15:16:17,0,0,0
14/11/2020 15:16:18,0,0,0
14/11/2020 15:16:19,0,0,0
14/11/2020 15:16:20,0,0,0
14/11/2020 15:16:21,0,0,0
14/11/2020 15:16:22,0,0,0
14/11/2020 15:16:23,0,0,0
14/11/2020 15:16:24,0,0,0
14/11/2020 15:16:25,0,0,0
14/11/2020 15:16:26,0,0,0
14/11/2020 15:16:27,0,0,0
14/11/2020 15:16:28,0,0,0
14/11/2020 15:16:29,0,0,0
14/11/2020 15:16:30,0,0,0
14/11/2020 15:16:31,0,0,0
14/11/2020 15:16:32,0,0,0
14/11/2020 15:16:33,0,0,0
14/11/2020 15:16:34,0,0,0
14/11/2020 15:16:35,0,0,0
14/11/2020 15:16:36,0,0,0
14/11/2020 15:16:37,0,0,0
14/11/2020 15:16:38,0,0,0
14/11/2020 15:16:39,0,0,0
14/11/2020 15:16:40,0,0,0
14/11/2020 15:16:41,0,0,0
14/11/2020 15:16:42,0,0,0
14/11/2020 15:16:43,0,0,0
14/11/2020 15:16:44,0,0,0
14/11/2020 15:16:45,0,0,0
14/11/2020 15:16:46,0,0,0
14/11/2020 15:16:47,0,0,0
14/11/2020 15:16:48,0,0,0
14/11/2020 15:16:49,0,0,0
14/11/2020 15:16:50,0,0,0
14/11/2020 15:16:51,0,0,0
14/11/2020 15:16:52,0,0,0
14/11/2020 15:16:53,0,0,0
14/11/2020 15:16:54,0,0,0
14/11/2020 15:16:55,0,0,0
14/11/2020 15:16:56,0,0,0
14/11/2020 15:16:57,0,0,0
14/11/2020 15:16:58,0,0,0
14/11/2020 15:16:59,0,0,0
14/11/2020 15:17:00,0,0,0
14/11/2020 15:17:01,0,0,0
14/11/2020 15:17:02,0,0,0
14/11/2020 15:17:03,0,0,0
14/11/2020 15:17:04,0,0,0
14/11/2020 15:17:05,0,0,0
14/11/2020 15:17:06,0,0,0
14/11/2020 15:17:07,0,0,0
14/11/2020 15:17:08,0,0,0
14/11/2020 15:17:09,0,0,0
14/11/2020 15:17:10,0,0,0
14/11/2020 15:17:11,0,0,0
14/11/2020 15:17:12,0,0,0
14/11/2020 15:17:13,0,0,0
14/11/2020 15:17:14,0,0,0
14/11/2020 15:17:15,0,0,0
14/11/2020 15:17:16,0,0,0
14/11/2020 15:17:17,0,0,0
14/11/2020 15:17:18,0,0,0
14/11/2020 15:17:19,0,0,0
14/11/2020 15:17:20,0,0,0
14/11/2020 15:17:21,0,0,0
14/11/2020 15:17:22,0,0,0
14/11/2020 15:17:23,0,0,0
14/11/2020 15:17:24,0,0,0
14/11/2020 15:17:25,0,0,0
14/11/2020 15:17:26,0,0,0
14/11/2020 15:17:27,0,0,0
14/11/2020 15:17:28,0,0,0
14/11/2020 15:17:29,0,0,0
14/11/2020 15:17:30,0,0,0
14/11/2020 15:17:31,0,0,0
14/11/2020 15:17:32,0,0,0
14/11/2020 15:17:33,0,0,0
14/11/2020 15:17:34,0,0,0
14/11/2020 15:17:35,0,0,0
14/11/2020 15:17:36,0,0,0
14/11/2020 15:17:37,0,0,0
14/11/2020 15:17:38,0,0,0
14/11/2020 15:17:39,0,0,0
14/11/2020 15:17:40,0,0,0
14/11/2020 15:17:41,0,0,0
14/11/2020 15:17:42,0,0,0
14/11/2020 15:17:43,0,0,0
14/11/2020 15:17:44,0,0,0
14/11/2020 15:17:45,0,0,0
14/11/2020 15:17:46,0,0,0
14/11/2020 15:17:47,0,0,0
14/11/2020 15:17:48,0,0,0
14/11/2020 15:17:49,0,0,0
14/11/2020 15:17:50,0,0,0
14/11/2020 15:17:51,0,0,0
14/11/2020 15:17:52,0,0,0
14/11/2020 15:17:53,0,0,0
14/11/2020 15:17:54,0,0,0
14/11/2020 15:17:55,0,0,0
14/11/2020 15:17:56,0,0,0
14/11/2020 15:17:57,0,0,0
14/11/2020 15:17:58,0,0,0
14/11/2020 15:17:59,0,0,0
14/11/2020 15:18:00,0,0,0
14/11/2020 15:18:01,0,0,0
14/11/2020 15:18:02,0,0,0
14/11/2020 15:18:03,0,0,0
14/11/2020 15:18:04,0,0,0
14/11/2020 15:18:05,0,0,0
14/11/2020 15:18:06,0,0,0
14/11/2020 15:18:07,0,0,0
14/11/2020 15:18:08,0,0,0
14/11/2020 15:18:09,0,0,0
14/11/2020 15:18:10,0,0,0
14/11/2020 15:18:11,0,0,0
14/11/2020 15:18:12,0,0,0
14/11/2020 15:18:13,0,0,0
14/11/2020 15:18:14,0,0,0
14/11/2020 15:18:15,0,0,0
14/11/2020 15:18:16,0,0,0
14/11/2020 15:18:17,0,0,0
14/11/2020 15:18:18,0,0,0
14/11/2020 15:18:19,0,0,0
14/11/2020 15:18:20,0,0,0
14/11/2020 15:18:21,0,0,0
14/11/2020 15:18:22,0,0,0
14/11/2020 15:18:23,0,0,0
14/11/2020 15:18:24,0,0,0
14/11/2020 15:18:25,0,0,0
14/11/2020 15:18:26,0,0,0
14/11/2020 15:18:27,0,0,0
14/11/2020 15:18:28,0,0,0
14/11/2020 15:18:29,0,0,0
14/11/2020 15:18:30,0,0,0
14/11/2020 15:18:31,0,0,0
14/11/2020 15:18:32,0,0,0
14/11/2020 15:18:33,0,0,0
14/11/2020 15:18:34,0,0,0
14/11/2020 15:18:35,0,0,0
14/11/2020 15:18:36,0,0,0
14/11/2020 15:18:37,0,0,0
14/11/2020 15:18:38,0,0,0
14/11/2020 15:18:39,0,0,0
14/11/2020 15:18:40,0,0,0
14/11/2020 15:18:41,0,0,0
14/11/2020 15:18:42,0,0,0
14/11/2020 15:18:43,0,0,0
14/11/2020 15:18:44,0,0,0
14/11/2020 15:18:45,0,0,0
14/11/2020 15:18:46,0,0,0
14/11/2020 15:18:47,0,0,0
14/11/2020 15:18:48,0,0,0
14/11/2020 15:18:49,0,0,0
14/11/2020 15:18:50,0,0,0
14/11/2020 15:18:51,0,0,0
14/11/2020 15:18:52,0,0,0
14/11/2020 15:18:53,0,0,0
14/11/2020 15:18:54,0,0,0
14/11/2020 15:18:55,0,0,0
14/11/2020 15:18:56,0,0,0
14/11/2020 15:18:57,0,0,0
14/11/2020 15:18:58,0,0,0
14/11/2020 15:18:59,0,0,0
14/11/2020 15:19:00,0,0,0
14/11/2020 15:19:01,0,0,0
14/11/2020 15:19:02,0,0,0
14/11/2020 15:19:03,0,0,0
14/11/2020 15:19:04,0,0,0
14/11/2020 15:19:05,0,0,0
14/11/2020 15:19:06,0,0,0
14/11/2020 15:19:07,0,0,0
14/11/2020 15:19:08,0,0,0
14/11/2020 15:19:09,0,0,0
14/11/2020 15:19:10,0,0,0
14/11/2020 15:19:11,0,0,0
14/11/2020 15:19:12,0,0,0
14/11/2020 15:19:13,0,0,0
14/11/2020 15:19:14,0,0,0
14/11/2020 15:19:15,0,0,0
14/11/2020 15:19:16,0,0,0
14/11/2020 15:19:17,0,0,0
14/11/2020 15:19:18,0,0,0
14/11/2020 15:19:19,0,0,0
14/11/2020 15:19:20,0,0,0
14/11/2020 15:19:21,0,0,0
14/11/2020 15:19:22,0,0,0
14/11/2020 15:19:23,0,0,0
14/11/2020 15:19:24,0,0,0
14/11/2020 15:19:25,0,0,0
14/11/2020 15:19:26,0,0,0
14/11/2020 15:19:27,0,0,0
14/11/2020 15:19:28,0,0,0
14/11/2020 15:19:29,0,0,0
14/11/2020 15:19:30,0,0,0
14/11/2020 15:19:31,0,0,0
14/11/2020 15:19:32,0,0,0
14/11/2020 15:19:33,0,0,0
14/11/2020 15:19:34,0,0,0
14/11/2020 15:19:35,0,0,0
14/11/2020 15:19:36,0,0,0
14/11/2020 15:19:37,0,0,0
14/11/2020 15:19:38,0,0,0
14/11/2020 15:19:39,0,0,0
14/11/2020 15:19:40,0,0,0
14/11/2020 15:19:41,0,0,0
14/11/2020 15:19:42,0,0,0
14/11/2020 15:19:43,0,0,0
14/11/2020 15:19:44,0,0,0
14/11/2020 15:19:45,0,0,0
14/11/2020 15:19:46,0,0,0
14/11/2020 15:19:47,0,0,0
14/11/2020 15:19:48,0,0,0
14/11/2020 15:19:49,0,0,0
14/11/2020 15:19:50,0,0,0
14/11/2020 15:19:51,0,0,0
14/11/2020 15:19:52,0,0,0
14/11/2020 15:19:53,0,0,0
14/11/2020 15:19:54,0,0,0
14/11/2020 15:19:55,0,0,0
14/11/2020 15:19:56,0,0,0
14/11/2020 15:19:57,0,0,0
14/11/2020 15:19:58,0,0,0
14/11/2020 15:19:59,0,0,0
14/11/2020 15:20:00,0,0,0
14/11/2020 15:20:01,0,0,0
14/11/2020 15:20:02,0,0,0
14/11/2020 15:20:03,0,0,0
14/11/2020 15:20:04,0,0,0
14/11/2020 15:20:05,0,0,0
14/11/2020 15:20:06,0,0,0
14/11/2020 15:20:07,0,0,0
14/11/2020 15:20:08,0,0,0
14/11/2020 15:20:09,0,0,0
14/11/2020 15:20:10,0,0,0
14/11/2020 15:20:11,0,0,0
14/11/2020 15:20:12,0,0,0
14/11/2020 15:20:13,0,0,0
14/11/2020 15:20:14,0,0,0
14/11/2020 15:20:15,0,0,0
14/11/2020 15:20:16,0,0,0
14/11/2020 15:20:17,0,0,0
14/11/2020 15:20:18,0,0,0
14/11/2020 15:20:19,0,0,0
14/11/2020 15:20:20,0,0,0
14/11/2020 15:20:21,0,0,0
14/11/2020 15:20:22,0,0,0
14/11/2020 15:20:23,0,0,0
14/11/2020 15:20:24,0,0,0
14/11/2020 15:20:25,0,0,0
14/11/2020 15:20:26,0,0,0
14/11/2020 15:20:27,0,0,0
14/11/2020 15:20:28,0,0,0
14/11/2020 15:20:29,0,0,0
14/11/2020 15:20:30,0,0,0
14/11/2020 15:20:31,0,0,0
14/11/2020 15:20:32,0,0,0
14/11/2020 15:20:33,0,0,0
14/11/2020 15:20:34,0,0,0
14/11/2020 15:20:35,0,0,0
14/11/2020 15:20:36,0,0,0
14/11/2020 15:20:37,0,0,0
14/11/2020 15:20:38,0,0,0
14/11/2020 15:20:39,0,0,0
14/11/2020 15:20:40,0,0,0
14/11/2020 15:20:41,0,0,0
14/11/2020 15:20:42,0,0,0
14/11/2020 15:20:43,0,0,0
14/11/2020 15:20:44,0,0,0
14/11/2020 15:20:45,0,0,0
14/11/2020 15:20:46,0,0,0
14/11/2020 15:20:47,0,0,0
14/11/2020 15:20:48,0,0,0
14/11/2020 15:20:49,0,0,0
14/11/2020 15:20:50,0,0,0
14/11/2020 15:20:51,0,0,0
14/11/2020 15:20:52,0,0,0
14/11/2020 15:20:53,0,0,0
14/11/2020 15:20:54,0,0,0
14/11/2020 15:20:55,0,0,0
14/11/2020 15:20:56,0,0,0
14/11/2020 15:20:57,0,0,0
14/11/2020 15:20:58,0,0,0
14/11/2020 15:20:59,0,0,0
14/11/2020 15:21:00,0,0,0
14/11/2020 15:21:01,0,0,0
14/11/2020 15:21:02,0,0,0
14/11/2020 15:21:03,0,0,0
14/11/2020 15:21:04,0,0,0
14/11/2020 15:21:05,0,0,0
14/11/2020 15:21:06,0,0,0
14/11/2020 15:21:07,0,0,0
14/11/2020 15:21:08,0,0,0
14/11/2020 15:21:09,0,0,0
14/11/2020 15:21:10,0,0,0
14/11/2020 15:21:11,0,0,0
14/11/2020 15:21:12,0,0,0
14/11/2020 15:21:13,0,0,0
14/11/2020 15:21:14,0,0,0
14/11/2020 15:21:15,0,0,0
14/11/2020 15:21:16,0,0,0
14/11/2020 15:21:17,0,0,0
14/11/2020 15:21:18,0,0,0
14/11/2020 15:21:19,0,0,0
14/11/2020 15:21:20,0,0,0
14/11/2020 15:21:21,0,0,0
14/11/2020 15:21:22,0,0,0
14/11/2020 15:21:23,0,0,0
14/11/2020 15:21:24,0,0,0
14/11/2020 15:21:25,0,0,0
14/11/2020 15:21:26,0,0,0
14/11/2020 15:21:27,0,0,0
14/11/2020 15:21:28,0,0,0
14/11/2020 15:21:29,0,0,0
14/11/2020 15:21:30,0,0,0
14/11/2020 15:21:31,0,0,0
14/11/2020 15:21:32,0,0,0
14/11/2020 15:21:33,0,0,0
14/11/2020 15:21:34,0,0,0
14/11/2020 15:21:35,0,0,0
14/11/2020 15:21:36,0,0,0
14/11/2020 15:21:37,0,0,0
14/11/2020 15:21:38,0,0,0
14/11/2020 15:21:39,0,0,0
14/11/2020 15:21:40,0,0,0
14/11/2020 15:21:41,0,0,0
14/11/2020 15:21:42,0,0,0
14/11/2020 15:21:43,0,0,0
14/11/2020 15:21:44,0,0,0
14/11/2020 15:21:45,0,0,0
14/11/2020 15:21:46,0,0,0
14/11/2020 15:21:47,0,0,0
14/11/2020 15:21:48,0,0,0
14/11/2020 15:21:49,0,0,0
14/11/2020 15:21:50,0,0,0
14/11/2020 15:21:51,0,0,0
14/11/2020 15:21:52,0,0,0
14/11/2020 15:21:53,0,0,0
14/11/2020 15:21:54,0,0,0
14/11/2020 15:21:55,0,0,0
14/11/2020 15:21:56,0,0,0
14/11/2020 15:21:57,0,0,0
14/11/2020 15:21:58,0,0,0
14/11/2020 15:21:59,0,0,0
14/11/2020 15:22:00,0,0,0
14/11/2020 15:22:01,0,0,0
14/11/2020 15:22:02,0,0,0
14/11/2020 15:22:03,0,0,0
14/11/2020 15:22:04,0,0,0
14/11/2020 15:22:05,0,0,0
14/11/2020 15:22:06,0,0,0
14/11/2020 15:22:07,0,0,0
14/11/2020 15:22:08,0,0,0
14/11/2020 15:22:09,0,0,0
14/11/2020 15:22:10,0,0,0
14/11/2020 15:22:11,0,0,0
14/11/2020 15:22:12,0,0,0
14/11/2020 15:22:13,0,0,0
14/11/2020 15:22:14,0,0,0
14/11/2020 15:22:15,0,0,0
14/11/2020 15:22:16,0,0,0
14/11/2020 15:22:17,0,0,0
14/11/2020 15:22:18,0,0,0
14/11/2020 15:22:19,0,0,0
14/11/2020 15:22:20,0,0,0
14/11/2020 15:22:21,0,0,0
14/11/2020 15:22:22,0,0,0
14/11/2020 15:22:23,0,0,0
14/11/2020 15:22:24,0,0,0
14/11/2020 15:22:25,0,0,0
14/11/2020 15:22:26,0,0,0
14/11/2020 15:22:27,0,0,0
14/11/2020 15:22:28,0,0,0
14/11/2020 15:22:29,0,0,0
14/11/2020 15:22:30,0,0,0
14/11/2020 15:22:31,0,0,0
14/11/2020 15:22:32,0,0,0
14/11/2020 15:22:33,0,0,0
14/11/2020 15:22:34,0,0,0
14/11/2020 15:22:35,0,0,0
14/11/2020 15:22:36,0,0,0
14/11/2020 15:22:37,0,0,0
14/11/2020 15:22:38,0,0,0
14/11/2020 15:22:39,0,0,0
14/11/2020 15:22:40,0,0,0
14/11/2020 15:22:41,0,0,0
14/11/2020 15:22:42,0,0,0
14/11/2020 15:22:43,0,0,0
14/11/2020 15:22:44,0,0,0
14/11/2020 15:22:45,0,0,0
14/11/2020 15:22:46,0,0,0
14/11/2020 15:22:47,0,0,0
14/11/2020 15:22:48,0,0,0
14/11/2020 15:22:49,0,0,0
14/11/2020 15:22:50,0,0,0
14/11/2020 15:22:51,0,0,0
14/11/2020 15:22:52,0,0,0
14/11/2020 15:22:53,0,0,0
14/11/2020 15:22:54,0,0,0
14/11/2020 15:22:55,0,0,0
14/11/2020 15:22:56,0,0,0
14/11/2020 15:22:57,0,0,0
14/11/2020 15:22:58,0,0,0
14/11/2020 15:22:59,0,0,0
14/11/2020 15:23:00,0,0,0
14/11/2020 15:23:01,0,0,0
14/11/2020 15:23:02,0,0,0
14/11/2020 15:23:03,0,0,0
14/11/2020 15:23:04,0,0,0
14/11/2020 15:23:05,0,0,0
14/11/2020 15:23:06,0,0,0
14/11/2020 15:23:07,0,0,0
14/11/2020 15:23:08,0,0,0
14/11/2020 15:23:09,0,0,0
14/11/2020 15:23:10,0,0,0
14/11/2020 15:23:11,0,0,0
14/11/2020 15:23:12,0,0,0
14/11/2020 15:23:13,0,0,0
14/11/2020 15:23:14,0,0,0
14/11/2020 15:23:15,0,0,0
14/11/2020 15:23:16,0,0,0
14/11/2020 15:23:17,0,0,0
14/11/2020 15:23:18,0,0,0
14/11/2020 15:23:19,0,0,0
14/11/2020 15:23:20,0,0,0
14/11/2020 15:23:21,0,0,0
14/11/2020 15:23:22,0,0,0
14/11/2020 15:23:23,0,0,0
14/11/2020 15:23:24,0,0,0
14/11/2020 15:23:25,0,0,0
14/11/2020 15:23:26,0,0,0
14/11/2020 15:23:27,0,0,0
14/11/2020 15:23:28,0,0,0
14/11/2020 15:23:29,0,0,0
14/11/2020 15:23:30,0,0,0
14/11/2020 15:23:31,0,0,0
14/11/2020 15:23:32,0,0,0
14/11/2020 15:23:33,0,0,0
14/11/2020 15:23:34,0,0,0
14/11/2020 15:23:35,0,0,0
14/11/2020 15:23:36,0,0,0
14/11/2020 15:23:37,0,0,0
14/11/2020 15:23:38,0,0,0
14/11/2020 15:23:39,0,0,0
14/11/2020 15:23:40,0,0,0
14/11/2020 15:23:41,0,0,0
14/11/2020 15:23:42,0,0,0
14/11/2020 15:23:43,0,0,0
14/11/2020 15:23:44,0,0,0
14/11/2020 15:23:45,0,0,0
14/11/2020 15:23:46,0,0,0
14/11/2020 15:23:47,0,0,0
14/11/2020 15:23:48,0,0,0
14/11/2020 15:23:49,0,0,0
14/11/2020 15:23:50,0,0,0
14/11/2020 15:23:51,0,0,0
14/11/2020 15:23:52,0,0,0
14/11/2020 15:23:53,0,0,0
14/11/2020 15:23:54,0,0,0
14/11/2020 15:23:55,0,0,0
14/11/2020 15:23:56,0,0,0
14/11/2020 15:23:57,0,0,0
14/11/2020 15:23:58,0,0,0
14/11/2020 15:23:59,0,0,0
14/11/2020 15:24:00,0,0,0
14/11/2020 15:24:01,0,0,0
14/11/2020 15:24:02,0,0,0
14/11/2020 15:24:03,0,0,0
14/11/2020 15:24:04,0,0,0
14/11/2020 15:24:05,0,0,0
14/11/2020 15:24:06,0,0,0
14/11/2020 15:24:07,0,0,0
14/11/2020 15:24:08,0,0,0
14/11/2020 15:24:09,0,0,0
14/11/2020 15:24:10,0,0,0
14/11/2020 15:24:11,0,0,0
14/11/2020 15:24:12,0,0,0
14/11/2020 15:24:13,0,0,0
14/11/2020 15:24:14,0,0,0
14/11/2020 15:24:15,0,0,0
14/11/2020 15:24:16,0,0,0
14/11/2020 15:24:17,0,0,0
14/11/2020 15:24:18,0,0,0
14/11/2020 15:24:19,0,0,0
14/11/2020 15:24:20,0,0,0
14/11/2020 15:24:21,0,0,0
14/11/2020 15:24:22,0,0,0
14/11/2020 15:24:23,0,0,0
14/11/2020 15:24:24,0,0,0
14/11/2020 15:24:25,0,0,0
14/11/2020 15:24:26,0,0,0
14/11/2020 15:24:27,0,0,0
14/11/2020 15:24:28,0,0,0
14/11/2020 15:24:29,0,0,0
14/11/2020 15:24:30,0,0,0
14/11/2020 15:24:31,0,0,0
14/11/2020 15:24:32,0,0,0
14/11/2020 15:24:33,0,0,0
14/11/2020 15:24:34,0,0,0
14/11/2020 15:24:35,0,0,0
14/11/2020 15:24:36,0,0,0
14/11/2020 15:24:37,0,0,0
14/11/2020 15:24:38,0,0,0
14/11/2020 15:24:39,0,0,0
14/11/2020 15:24:40,0,0,0
14/11/2020 15:24:41,0,0,0
14/11/2020 15:24:42,0,0,0
14/11/2020 15:24:43,0,0,0
14/11/2020 15:24:44,0,0,0
14/11/2020 15:24:45,0,0,0
14/11/2020 15:24:46,0,0,0
14/11/2020 15:24:47,0,0,0
14/11/2020 15:24:48,0,0,0
14/11/2020 15:24:49,0,0,0
14/11/2020 15:24:50,0,0,0
14/11/2020 15:24:51,0,0,0
14/11/2020 15:24:52,0,0,0
14/11/2020 15:24:53,0,0,0
14/11/2020 15:24:54,0,0,0
14/11/2020 15:24:55,0,0,0
14/11/2020 15:24:56,0,0,0
14/11/2020 15:24:57,0,0,0
14/11/2020 15:24:58,0,0,0
14/11/2020 15:24:59,0,0,0
14/11/2020 15:25:00,0,0,0
14/11/2020 15:25:01,0,0,0
14/11/2020 15:25:02,0,0,0
14/11/2020 15:25:03,0,0,0
14/11/2020 15:25:04,0,0,0
14/11/2020 15:25:05,0,0,0
14/11/2020 15:25:06,0,0,0
14/11/2020 15:25:07,0,0,0
14/11/2020 15:25:08,0,0,0
14/11/2020 15:25:09,0,0,0
14/11/2020 15:25:10,0,0,0
14/11/2020 15:25:11,0,0,0
14/11/2020 15:25:12,0,0,0
14/11/2020 15:25:13,0,0,0
14/11/2020 15:25:14,0,0,0
14/11/2020 15:25:15,0,0,0
14/11/2020 15:25:16,0,0,0
14/11/2020 15:25:17,0,0,0
14/11/2020 15:25:18,0,0,0
14/11/2020 15:25:19,0,0,0
14/11/2020 15:25:20,0,0,0
14/11/2020 15:25:21,0,0,0
14/11/2020 15:25:22,0,0,0
14/11/2020 15:25:23,0,0,0
14/11/2020 15:25:24,0,0,0
14/11/2020 15:25:25,0,0,0
14/11/2020 15:25:26,0,0,0
14/11/2020 15:25:27,0,0,0
14/11/2020 15:25:28,0,0,0
14/11/2020 15:25:29,0,0,0
14/11/2020 15:25:30,0,0,0
14/11/2020 15:25:31,0,0,0
14/11/2020 15:25:32,0,0,0
14/11/2020 15:25:33,0,0,0
14/11/2020 15:25:34,0,0,0
14/11/2020 15:25:35,0,0,0
14/11/2020 15:25:36,0,0,0
14/11/2020 15:25:37,0,0,0
14/11/2020 15:25:38,0,0,0
14/11/2020 15:25:39,0,0,0
14/11/2020 15:25:40,0,0,0
14/11/2020 15:25:41,0,0,0
14/11/2020 15:25:42,0,0,0
14/11/2020 15:25:43,0,0,0
14/11/2020 15:25:44,0,0,0
14/11/2020 15:25:45,0,0,0
14/11/2020 15:25:46,0,0,0
14/11/2020 15:25:47,0,0,0
14/11/2020 15:25:48,0,0,0
14/11/2020 15:25:49,0,0,0
14/11/2020 15:25:50,0,0,0
14/11/2020 15:25:51,0,0,0
14/11/2020 15:25:52,0,0,0
14/11/2020 15:25:53,0,0,0
14/11/2020 15:25:54,0,0,0
14/11/2020 15:25:55,0,0,0
14/11/2020 15:25:56,0,0,0
14/11/2020 15:25:57,0,0,0
14/11/2020 15:25:58,0,0,0
14/11/2020 15:25:59,0,0,0
14/11/2020 15:26:00,0,0,0
14/11/2020 15:26:01,0,0,0
14/11/2020 15:26:02,0,0,0
14/11/2020 15:26:03,0,0,0
14/11/2020 15:26:04,0,0,0
14/11/2020 15:26:05,0,0,0
14/11/2020 15:26:06,0,0,0
14/11/2020 15:26:07,0,0,0
14/11/2020 15:26:08,0,0,0
14/11/2020 15:26:09,0,0,0
14/11/2020 15:26:10,0,0,0
14/11/2020 15:26:11,0,0,0
14/11/2020 15:26:12,0,0,0
14/11/2020 15:26:13,0,0,0
14/11/2020 15:26:14,0,0,0
14/11/2020 15:26:15,0,0,0
14/11/2020 15:26:16,0,0,0
14/11/2020 15:26:17,0,0,0
14/11/2020 15:26:18,0,0,0
14/11/2020 15:26:19,0,0,0
14/11/2020 15:26:20,0,0,0
14/11/2020 15:26:21,0,0,0
14/11/2020 15:26:22,0,0,0
14/11/2020 15:26:23,0,0,0
14/11/2020 15:26:24,0,0,0
14/11/2020 15:26:25,0,0,0
14/11/2020 15:26:26,0,0,0
14/11/2020 15:26:27,0,0,0
14/11/2020 15:26:28,0,0,0
14/11/2020 15:26:29,0,0,0
14/11/2020 15:26:30,0,0,0
14/11/2020 15:26:31,0,0,0
14/11/2020 15:26:32,0,0,0
14/11/2020 15:26:33,0,0,0
14/11/2020 15:26:34,0,0,0
14/11/2020 15:26:35,0,0,0
14/11/2020 15:26:36,0,0,0
14/11/2020 15:26:37,0,0,0
14/11/2020 15:26:38,0,0,0
14/11/2020 15:26:39,0,0,0
14/11/2020 15:26:40,0,0,0
14/11/2020 15:26:41,0,0,0
14/11/2020 15:26:42,0,0,0
14/11/2020 15:26:43,0,0,0
14/11/2020 15:26:44,0,0,0
14/11/2020 15:26:45,0,0,0
14/11/2020 15:26:46,0,0,0
14/11/2020 15:26:47,0,0,0
14/11/2020 15:26:48,0,0,0
14/11/2020 15:26:49,0,0,0
14/11/2020 15:26:50,0,0,0
14/11/2020 15:26:51,0,0,0
14/11/2020 15:26:52,0,0,0
14/11/2020 15:26:53,0,0,0
14/11/2020 15:26:54,0,0,0
14/11/2020 15:26:55,0,0,0
14/11/2020 15:26:56,0,0,0
14/11/2020 15:26:57,0,0,0
14/11/2020 15:26:58,0,0,0
14/11/2020 15:26:59,0,0,0
14/11/2020 15:27:00,0,0,0
14/11/2020 15:27:01,0,0,0
14/11/2020 15:27:02,0,0,0
14/11/2020 15:27:03,0,0,0
14/11/2020 15:27:04,0,0,0
14/11/2020 15:27:05,0,0,0
14/11/2020 15:27:06,0,0,0
14/11/2020 15:27:07,0,0,0
14/11/2020 15:27:08,0,0,0
14/11/2020 15:27:09,0,0,0
14/11/2020 15:27:10,0,0,0
14/11/2020 15:27:11,0,0,0
14/11/2020 15:27:12,0,0,0
14/11/2020 15:27:13,0,0,0
14/11/2020 15:27:14,0,0,0
14/11/2020 15:27:15,0,0,0
14/11/2020 15:27:16,0,0,0
14/11/2020 15:27:17,0,0,0
14/11/2020 15:27:18,0,0,0
14/11/2020 15:27:19,0,0,0
14/11/2020 15:27:20,0,0,0
14/11/2020 15:27:21,0,0,0
14/11/2020 15:27:22,0,0,0
14/11/2020 15:27:23,0,0,0
14/11/2020 15:27:24,0,0,0
14/11/2020 15:27:25,0,0,0
14/11/2020 15:27:26,0,0,0
14/11/2020 15:27:27,0,0,0
14/11/2020 15:27:28,0,0,0
14/11/2020 15:27:29,0,0,0
14/11/2020 15:27:30,0,0,0
14/11/2020 15:27:31,0,0,0
14/11/2020 15:27:32,0,0,0
14/11/2020 15:27:33,0,0,0
14/11/2020 15:27:34,0,0,0
14/11/2020 15:27:35,0,0,0
14/11/2020 15:27:36,0,0,0
14/11/2020 15:27:37,0,0,0
14/11/2020 15:27:38,0,0,0
14/11/2020 15:27:39,0,0,0
14/11/2020 15:27:40,0,0,0
14/11/2020 15:27:41,0,0,0
14/11/2020 15:27:42,0,0,0
14/11/2020 15:27:43,0,0,0
14/11/2020 15:27:44,0,0,0
14/11/2020 15:27:45,0,0,0
14/11/2020 15:27:46,0,0,0
14/11/2020 15:27:47,0,0,0
14/11/2020 15:27:48,0,0,0
14/11/2020 15:27:49,0,0,0
14/11/2020 15:27:50,0,0,0
14/11/2020 15:27:51,0,0,0
14/11/2020 15:27:52,0,0,0
14/11/2020 15:27:53,0,0,0
14/11/2020 15:27:54,0,0,0
14/11/2020 15:27:55,0,0,0
14/11/2020 15:27:56,0,0,0
14/11/2020 15:27:57,0,0,0
14/11/2020 15:27:58,0,0,0
14/11/2020 15:27:59,0,0,0
14/11/2020 15:28:00,0,0,0
14/11/2020 15:28:01,0,0,0
14/11/2020 15:28:02,0,0,0
14/11/2020 15:28:03,0,0,0
14/11/2020 15:28:04,0,0,0
14/11/2020 15:28:05,0,0,0
14/11/2020 15:28:06,0,0,0
14/11/2020 15:28:07,0,0,0
14/11/2020 15:28:08,0,0,0
14/11/2020 15:28:09,0,0,0
14/11/2020 15:28:10,0,0,0
14/11/2020 15:28:11,0,0,0
14/11/2020 15:28:12,0,0,0
14/11/2020 15:28:13,0,0,0
14/11/2020 15:28:14,0,0,0
14/11/2020 15:28:15,0,0,0
14/11/2020 15:28:16,0,0,0
14/11/2020 15:28:17,0,0,0
14/11/2020 15:28:18,0,0,0
14/11/2020 15:28:19,0,0,0
14/11/2020 15:28:20,0,0,0
14/11/2020 15:28:21,0,0,0
14/11/2020 15:28:22,0,0,0
14/11/2020 15:28:23,0,0,0
14/11/2020 15:28:24,0,0,0
14/11/2020 15:28:25,0,0,0
14/11/2020 15:28:26,0,0,0
14/11/2020 15:28:27,0,0,0
14/11/2020 15:28:28,0,0,0
14/11/2020 15:28:29,0,0,0
14/11/2020 15:28:30,0,0,0
14/11/2020 15:28:31,0,0,0
14/11/2020 15:28:32,0,0,0
14/11/2020 15:28:33,0,0,0
14/11/2020 15:28:34,0,0,0
14/11/2020 15:28:35,0,0,0
14/11/2020 15:28:36,0,0,0
14/11/2020 15:28:37,0,0,0
14/11/2020 15:28:38,0,0,0
14/11/2020 15:28:39,0,0,0
14/11/2020 15:28:40,0,0,0
14/11/2020 15:28:41,0,0,0
14/11/2020 15:28:42,0,0,0
14/11/2020 15:28:43,0,0,0
14/11/2020 15:28:44,0,0,0
14/11/2020 15:28:45,0,0,0
14/11/2020 15:28:46,0,0,0
14/11/2020 15:28:47,0,0,0
14/11/2020 15:28:48,0,0,0
14/11/2020 15:28:49,0,0,0
14/11/2020 15:28:50,0,0,0
14/11/2020 15:28:51,0,0,0
14/11/2020 15:28:52,0,0,0
14/11/2020 15:28:53,0,0,0
14/11/2020 15:28:54,0,0,0
14/11/2020 15:28:55,0,0,0
14/11/2020 15:28:56,0,0,0
14/11/2020 15:28:57,0,0,0
14/11/2020 15:28:58,0,0,0
14/11/2020 15:28:59,0,0,0
14/11/2020 15:29:00,0,0,0
14/11/2020 15:29:01,0,0,0
14/11/2020 15:29:02,0,0,0
14/11/2020 15:29:03,0,0,0
14/11/2020 15:29:04,0,0,0
14/11/2020 15:29:05,0,0,0
14/11/2020 15:29:06,0,0,0
14/11/2020 15:29:07,0,0,0
14/11/2020 15:29:08,0,0,0
14/11/2020 15:29:09,0,0,0
14/11/2020 15:29:10,0,0,0
14/11/2020 15:29:11,0,0,0
14/11/2020 15:29:12,0,0,0
14/11/2020 15:29:13,0,0,0
14/11/2020 15:29:14,0,0,0
14/11/2020 15:29:15,0,0,0
14/11/2020 15:29:16,0,0,0
14/11/2020 15:29:17,0,0,0
14/11/2020 15:29:18,0,0,0
14/11/2020 15:29:19,0,0,0
14/11/2020 15:29:20,0,0,0
14/11/2020 15:29:21,0,0,0
14/11/2020 15:29:22,0,0,0
14/11/2020 15:29:23,0,0,0
14/11/2020 15:29:24,0,0,0
14/11/2020 15:29:25,0,0,0
14/11/2020 15:29:26,0,0,0
14/11/2020 15:29:27,0,0,0
14/11/2020 15:29:28,0,0,0
14/11/2020 15:29:29,0,0,0
14/11/2020 15:29:30,0,0,0
14/11/2020 15:29:31,0,0,0
14/11/2020 15:29:32,0,0,0
14/11/2020 15:29:33,0,0,0
14/11/2020 15:29:34,0,0,0
14/11/2020 15:29:35,0,0,0
14/11/2020 15:29:36,0,0,0
14/11/2020 15:29:37,0,0,0
14/11/2020 15:29:38,0,0,0
14/11/2020 15:29:39,0,0,0
14/11/2020 15:29:40,0,0,0
14/11/2020 15:29:41,0,0,0
14/11/2020 15:29:42,0,0,0
14/11/2020 15:29:43,0,0,0
14/11/2020 15:29:44,0,0,0
14/11/2020 15:29:45,0,0,0
14/11/2020 15:29:46,0,0,0
14/11/2020 15:29:47,0,0,0
14/11/2020 15:29:48,0,0,0
14/11/2020 15:29:49,0,0,0
14/11/2020 15:29:50,0,0,0
14/11/2020 15:29:51,0,0,0
14/11/2020 15:29:52,0,0,0
14/11/2020 15:29:53,0,0,0
14/11/2020 15:29:54,0,0,0
14/11/2020 15:29:55,0,0,0
14/11/2020 15:29:56,0,0,0
14/11/2020 15:29:57,0,0,0
14/11/2020 15:29:58,0,0,0
14/11/2020 15:29:59,0,0,0
14/11/2020 15:30:00,0,0,0
14/11/2020 15:30:01,0,0,0
14/11/2020 15:30:02,0,0,0
14/11/2020 15:30:03,0,0,0
14/11/2020 15:30:04,0,0,0
14/11/2020 15:30:05,0,0,0
14/11/2020 15:30:06,0,0,0
14/11/2020 15:30:07,0,0,0
14/11/2020 15:30:08,0,0,0
14/11/2020 15:30:09,0,0,0
14/11/2020 15:30:10,0,0,0
14/11/2020 15:30:11,0,0,0
14/11/2020 15:30:12,0,0,0
14/11/2020 15:30:13,0,0,0
14/11/2020 15:30:14,0,0,0
14/11/2020 15:30:15,0,0,0
14/11/2020 15:30:16,0,0,0
14/11/2020 15:30:17,0,0,0
14/11/2020 15:30:18,0,0,0
14/11/2020 15:30:19,0,0,0
14/11/2020 15:30:20,0,0,0
14/11/2020 15:30:21,0,0,0
14/11/2020 15:30:22,0,0,0
14/11/2020 15:30:23,0,0,0
14/11/2020 15:30:24,0,0,0
14/11/2020 15:30:25,0,0,0
14/11/2020 15:30:26,0,0,0
14/11/2020 15:30:27,0,0,0
14/11/2020 15:30:28,0,0,0
14/11/2020 15:30:29,0,0,0
14/11/2020 15:30:30,0,0,0
14/11/2020 15:30:31,0,0,0
14/11/2020 15:30:32,0,0,0
14/11/2020 15:30:33,0,0,0
14/11/2020 15:30:34,0,0,0
14/11/2020 15:30:35,0,0,0
14/11/2020 15:30:36,0,0,0
14/11/2020 15:30:37,0,0,0
14/11/2020 15:30:38,0,0,0
14/11/2020 15:30:39,0,0,0
14/11/2020 15:30:40,0,0,0
14/11/2020 15:30:41,0,0,0
14/11/2020 15:30:42,0,0,0
14/11/2020 15:30:43,0,0,0
14/11/2020 15:30:44,0,0,0
14/11/2020 15:30:45,0,0,0
14/11/2020 15:30:46,0,0,0
14/11/2020 15:30:47,0,0,0
14/11/2020 15:30:48,0,0,0
14/11/2020 15:30:49,0,0,0
14/11/2020 15:30:50,0,0,0
14/11/2020 15:30:51,0,0,0
14/11/2020 15:30:52,0,0,0
14/11/2020 15:30:53,0,0,0
14/11/2020 15:30:54,0,0,0
14/11/2020 15:30:55,0,0,0
14/11/2020 15:30:56,0,0,0
14/11/2020 15:30:57,0,0,0
14/11/2020 15:30:58,0,0,0
14/11/2020 15:30:59,0,0,0
14/11/2020 15:31:00,0,0,0
14/11/2020 15:31:01,0,0,0
14/11/2020 15:31:02,0,0,0
14/11/2020 15:31:03,0,0,0
14/11/2020 15:31:04,0,0,0
14/11/2020 15:31:05,0,0,0
14/11/2020 15:31:06,0,0,0
14/11/2020 15:31:07,0,0,0
14/11/2020 15:31:08,0,0,0
14/11/2020 15:31:09,0,0,0
14/11/2020 15:31:10,0,0,0
14/11/2020 15:31:11,0,0,0
14/11/2020 15:31:12,0,0,0
14/11/2020 15:31:13,0,0,0
14/11/2020 15:31:14,0,0,0
14/11/2020 15:31:15,0,0,0
14/11/2020 15:31:16,0,0,0
14/11/2020 15:31:17,0,0,0
14/11/2020 15:31:18,0,0,0
14/11/2020 15:31:19,0,0,0
14/11/2020 15:31:20,0,0,0
14/11/2020 15:31:21,0,0,0
14/11/2020 15:31:22,0,0,0
14/11/2020 15:31:23,0,0,0
14/11/2020 15:31:24,0,0,0
14/11/2020 15:31:25,0,0,0
14/11/2020 15:31:26,0,0,0
14/11/2020 15:31:27,0,0,0
14/11/2020 15:31:28,0,0,0
14/11/2020 15:31:29,0,0,0
14/11/2020 15:31:30,0,0,0
14/11/2020 15:31:31,0,0,0
14/11/2020 15:31:32,0,0,0
14/11/2020 15:31:33,0,0,0
14/11/2020 15:31:34,0,0,0
14/11/2020 15:31:35,0,0,0
14/11/2020 15:31:36,0,0,0
14/11/2020 15:31:37,0,0,0
14/11/2020 15:31:38,0,0,0
14/11/2020 15:31:39,0,0,0
14/11/2020 15:31:40,0,0,0
14/11/2020 15:31:41,0,0,0
14/11/2020 15:31:42,0,0,0
14/11/2020 15:31:43,0,0,0
14/11/2020 15:31:44,0,0,0
14/11/2020 15:31:45,0,0,0
14/11/2020 15:31:46,0,0,0
14/11/2020 15:31:47,0,0,0
14/11/2020 15:31:48,0,0,0
14/11/2020 15:31:49,0,0,0
14/11/2020 15:31:50,0,0,0
14/11/2020 15:31:51,0,0,0
14/11/2020 15:31:52,0,0,0
14/11/2020 15:31:53,0,0,0
14/11/2020 15:31:54,0,0,0
14/11/2020 15:31:55,0,0,0
14/11/2020 15:31:56,0,0,0
14/11/2020 15:31:57,0,0,0
14/11/2020 15:31:58,0,0,0
14/11/2020 15:31:59,0,0,0
14/11/2020 15:32:00,0,0,0
14/11/2020 15:32:01,0,0,0
14/11/2020 15:32:02,0,0,0
14/11/2020 15:32:03,0,0,0
14/11/2020 15:32:04,0,0,0
14/11/2020 15:32:05,0,0,0
14/11/2020 15:32:06,0,0,0
14/11/2020 15:32:07,0,0,0
14/11/2020 15:32:08,0,0,0
14/11/2020 15:32:09,0,0,0
14/11/2020 15:32:10,0,0,0
14/11/2020 15:32:11,0,0,0
14/11/2020 15:32:12,0,0,0
14/11/2020 15:32:13,0,0,0
14/11/2020 15:32:14,0,0,0
14/11/2020 15:32:15,0,0,0
14/11/2020 15:32:16,0,0,0
14/11/2020 15:32:17,0,0,0
14/11/2020 15:32:18,0,0,0
14/11/2020 15:32:19,0,0,0
14/11/2020 15:32:20,0,0,0
14/11/2020 15:32:21,0,0,0
14/11/2020 15:32:22,0,0,0
14/11/2020 15:32:23,0,0,0
14/11/2020 15:32:24,0,0,0
14/11/2020 15:32:25,0,0,0
14/11/2020 15:32:26,0,0,0
14/11/2020 15:32:27,0,0,0
14/11/2020 15:32:28,0,0,0
14/11/2020 15:32:29,0,0,0
14/11/2020 15:32:30,0,0,0
14/11/2020 15:32:31,0,0,0
14/11/2020 15:32:32,0,0,0
14/11/2020 15:32:33,0,0,0
14/11/2020 15:32:34,0,0,0
14/11/2020 15:32:35,0,0,0
14/11/2020 15:32:36,0,0,0
14/11/2020 15:32:37,0,0,0
14/11/2020 15:32:38,0,0,0
14/11/2020 15:32:39,0,0,0
14/11/2020 15:32:40,0,0,0
14/11/2020 15:32:41,0,0,0
14/11/2020 15:32:42,0,0,0
14/11/2020 15:32:43,0,0,0
14/11/2020 15:32:44,0,0,0
14/11/2020 15:32:45,0,0,0
14/11/2020 15:32:46,0,0,0
14/11/2020 15:32:47,0,0,0
14/11/2020 15:32:48,0,0,0
14/11/2020 15:32:49,0,0,0
14/11/2020 15:32:50,0,0,0
14/11/2020 15:32:51,0,0,0
14/11/2020 15:32:52,0,0,0
14/11/2020 15:32:53,0,0,0
14/11/2020 15:32:54,0,0,0
14/11/2020 15:32:55,0,0,0
14/11/2020 15:32:56,0,0,0
14/11/2020 15:32:57,0,0,0
14/11/2020 15:32:58,0,0,0
14/11/2020 15:32:59,0,0,0
14/11/2020 15:33:00,0,0,0
14/11/2020 15:33:01,0,0,0
14/11/2020 15:33:02,0,0,0
14/11/2020 15:33:03,0,0,0
14/11/2020 15:33:04,0,0,0
14/11/2020 15:33:05,0,0,0
14/11/2020 15:33:06,0,0,0
14/11/2020 15:33:07,0,0,0
14/11/2020 15:33:08,0,0,0
14/11/2020 15:33:09,0,0,0
14/11/2020 15:33:10,0,0,0
14/11/2020 15:33:11,0,0,0
14/11/2020 15:33:12,0,0,0
14/11/2020 15:33:13,0,0,0
14/11/2020 15:33:14,0,0,0
14/11/2020 15:33:15,0,0,0
14/11/2020 15:33:16,0,0,0
14/11/2020 15:33:17,0,0,0
14/11/2020 15:33:18,0,0,0
14/11/2020 15:33:19,0,0,0
14/11/2020 15:33:20,0,0,0
14/11/2020 15:33:21,0,0,0
14/11/2020 15:33:22,0,0,0
14/11/2020 15:33:23,0,0,0
14/11/2020 15:33:24,0,0,0
14/11/2020 15:33:25,0,0,0
14/11/2020 15:33:26,0,0,0
14/11/2020 15:33:27,0,0,0
14/11/2020 15:33:28,0,0,0
14/11/2020 15:33:29,0,0,0
14/11/2020 15:33:30,0,0,0
14/11/2020 15:33:31,0,0,0
14/11/2020 15:33:32,0,0,0
14/11/2020 15:33:33,0,0,0
14/11/2020 15:33:34,0,0,0
14/11/2020 15:33:35,0,0,0
14/11/2020 15:33:36,0,0,0
14/11/2020 15:33:37,0,0,0
14/11/2020 15:33:38,0,0,0
14/11/2020 15:33:39,0,0,0
14/11/2020 15:33:40,0,0,0
14/11/2020 15:33:41,0,0,0
14/11/2020 15:33:42,0,0,0
14/11/2020 15:33:43,0,0,0
14/11/2020 15:33:44,0,0,0
14/11/2020 15:33:45,0,0,0
14/11/2020 15:33:46,0,0,0
14/11/2020 15:33:47,0,0,0
14/11/2020 15:33:48,0,0,0
14/11/2020 15:33:49,0,0,0
14/11/2020 15:33:50,0,0,0
14/11/2020 15:33:51,0,0,0
14/11/2020 15:33:52,0,0,0
14/11/2020 15:33:53,0,0,0
14/11/2020 15:33:54,0,0,0
14/11/2020 15:33:55,0,0,0
14/11/2020 15:33:56,0,0,0
14/11/2020 15:33:57,0,0,0
14/11/2020 15:33:58,0,0,0
14/11/2020 15:33:59,0,0,0
14/11/2020 15:34:00,0,0,0
14/11/2020 15:34:01,0,0,0
14/11/2020 15:34:02,0,0,0
14/11/2020 15:34:03,0,0,0
14/11/2020 15:34:04,0,0,0
14/11/2020 15:34:05,0,0,0
14/11/2020 15:34:06,0,0,0
14/11/2020 15:34:07,0,0,0
14/11/2020 15:34:08,0,0,0
14/11/2020 15:34:09,0,0,0
14/11/2020 15:34:10,0,0,0
14/11/2020 15:34:11,0,0,0
14/11/2020 15:34:12,0,0,0
14/11/2020 15:34:13,0,0,0
14/11/2020 15:34:14,0,0,0
14/11/2020 15:34:15,0,0,0
14/11/2020 15:34:16,0,0,0
14/11/2020 15:34:17,0,0,0
14/11/2020 15:34:18,0,0,0
14/11/2020 15:34:19,0,0,0
14/11/2020 15:34:20,0,0,0
14/11/2020 15:34:21,0,0,0
14/11/2020 15:34:22,0,0,0
14/11/2020 15:34:23,0,0,0
14/11/2020 15:34:24,0,0,0
14/11/2020 15:34:25,0,0,0
14/11/2020 15:34:26,0,0,0
14/11/2020 15:34:27,0,0,0
14/11/2020 15:34:28,0,0,0
14/11/2020 15:34:29,0,0,0
14/11/2020 15:34:30,0,0,0
14/11/2020 15:34:31,0,0,0
14/11/2020 15:34:32,0,0,0
14/11/2020 15:34:33,0,0,0
14/11/2020 15:34:34,0,0,0
14/11/2020 15:34:35,0,0,0
14/11/2020 15:34:36,0,0,0
14/11/2020 15:34:37,0,0,0
14/11/2020 15:34:38,0,0,0
14/11/2020 15:34:39,0,0,0
14/11/2020 15:34:40,0,0,0
14/11/2020 15:34:41,0,0,0
14/11/2020 15:34:42,0,0,0
14/11/2020 15:34:43,0,0,0
14/11/2020 15:34:44,0,0,0
14/11/2020 15:34:45,0,0,0
14/11/2020 15:34:46,0,0,0
14/11/2020 15:34:47,0,0,0
14/11/2020 15:34:48,0,0,0
14/11/2020 15:34:49,0,0,0
14/11/2020 15:34:50,0,0,0
14/11/2020 15:34:51,0,0,0
14/11/2020 15:34:52,0,0,0
14/11/2020 15:34:53,0,0,0
14/11/2020 15:34:54,0,0,0
14/11/2020 15:34:55,0,0,0
14/11/2020 15:34:56,0,0,0
14/11/2020 15:34:57,0,0,0
14/11/2020 15:34:58,0,0,0
14/11/2020 15:34:59,0,0,0
14/11/2020 15:35:00,0,0,0
14/11/2020 15:35:01,0,0,0
14/11/2020 15:35:02,0,0,0
14/11/2020 15:35:03,0,0,0
14/11/2020 15:35:04,0,0,0
14/11/2020 15:35:05,0,0,0
14/11/2020 15:35:06,0,0,0
14/11/2020 15:35:07,0,0,0
14/11/2020 15:35:08,0,0,0
14/11/2020 15:35:09,0,0,0
14/11/2020 15:35:10,0,0,0
14/11/2020 15:35:11,0,0,0
14/11/2020 15:35:12,0,0,0
14/11/2020 15:35:13,0,0,0
14/11/2020 15:35:14,0,0,0
14/11/2020 15:35:15,0,0,0
14/11/2020 15:35:16,0,0,0
14/11/2020 15:35:17,0,0,0
14/11/2020 15:35:18,0,0,0
14/11/2020 15:35:19,0,0,0
14/11/2020 15:35:20,0,0,0
14/11/2020 15:35:21,0,0,0
14/11/2020 15:35:22,0,0,0
14/11/2020 15:35:23,0,0,0
14/11/2020 15:35:24,0,0,0
14/11/2020 15:35:25,0,0,0
14/11/2020 15:35:26,0,0,0
14/11/2020 15:35:27,0,0,0
14/11/2020 15:35:28,0,0,0
14/11/2020 15:35:29,0,0,0
14/11/2020 15:35:30,0,0,0
14/11/2020 15:35:31,0,0,0
14/11/2020 15:35:32,0,0,0
14/11/2020 15:35:33,0,0,0
14/11/2020 15:35:34,0,0,0
14/11/2020 15:35:35,0,0,0
14/11/2020 15:35:36,0,0,0
14/11/2020 15:35:37,0,0,0
14/11/2020 15:35:38,0,0,0
14/11/2020 15:35:39,0,0,0
14/11/2020 15:35:40,0,0,0
14/11/2020 15:35:41,0,0,0
14/11/2020 15:35:42,0,0,0
14/11/2020 15:35:43,0,0,0
14/11/2020 15:35:44,0,0,0
14/11/2020 15:35:45,0,0,0
14/11/2020 15:35:46,0,0,0
14/11/2020 15:35:47,0,0,0
14/11/2020 15:35:48,0,0,0
14/11/2020 15:35:49,0,0,0
14/11/2020 15:35:50,0,0,0
14/11/2020 15:35:51,0,0,0
14/11/2020 15:35:52,0,0,0
14/11/2020 15:35:53,0,0,0
14/11/2020 15:35:54,0,0,0
14/11/2020 15:35:55,0,0,0
14/11/2020 15:35:56,0,0,0
14/11/2020 15:35:57,0,0,0
14/11/2020 15:35:58,0,0,0
14/11/2020 15:35:59,0,0,0
14/11/2020 15:36:00,0,0,0
14/11/2020 15:36:01,0,0,0
14/11/2020 15:36:02,0,0,0
14/11/2020 15:36:03,0,0,0
14/11/2020 15:36:04,0,0,0
14/11/2020 15:36:05,0,0,0
14/11/2020 15:36:06,0,0,0
14/11/2020 15:36:07,0,0,0
14/11/2020 15:36:08,0,0,0
14/11/2020 15:36:09,0,0,0
14/11/2020 15:36:10,0,0,0
14/11/2020 15:36:11,0,0,0
14/11/2020 15:36:12,0,0,0
14/11/2020 15:36:13,0,0,0
14/11/2020 15:36:14,0,0,0
14/11/2020 15:36:15,0,0,0
14/11/2020 15:36:16,0,0,0
14/11/2020 15:36:17,0,0,0
14/11/2020 15:36:18,0,0,0
14/11/2020 15:36:19,0,0,0
14/11/2020 15:36:20,0,0,0
14/11/2020 15:36:21,0,0,0
14/11/2020 15:36:22,0,0,0
14/11/2020 15:36:23,0,0,0
14/11/2020 15:36:24,0,0,0
14/11/2020 15:36:25,0,0,0
14/11/2020 15:36:26,0,0,0
14/11/2020 15:36:27,0,0,0
14/11/2020 15:36:28,0,0,0
14/11/2020 15:36:29,0,0,0
14/11/2020 15:36:30,0,0,0
14/11/2020 15:36:31,0,0,0
14/11/2020 15:36:32,0,0,0
14/11/2020 15:36:33,0,0,0
14/11/2020 15:36:34,0,0,0
14/11/2020 15:36:35,0,0,0
14/11/2020 15:36:36,0,0,0
14/11/2020 15:36:37,0,0,0
14/11/2020 15:36:38,0,0,0
14/11/2020 15:36:39,0,0,0
14/11/2020 15:36:40,0,0,0
14/11/2020 15:36:41,0,0,0
14/11/2020 15:36:42,0,0,0
14/11/2020 15:36:43,0,0,0
14/11/2020 15:36:44,0,0,0
14/11/2020 15:36:45,0,0,0
14/11/2020 15:36:46,0,0,0
14/11/2020 15:36:47,0,0,0
14/11/2020 15:36:48,0,0,0
14/11/2020 15:36:49,0,0,0
14/11/2020 15:36:50,0,0,0
14/11/2020 15:36:51,0,0,0
14/11/2020 15:36:52,0,0,0
14/11/2020 15:36:53,0,0,0
14/11/2020 15:36:54,0,0,0
14/11/2020 15:36:55,0,0,0
14/11/2020 15:36:56,0,0,0
14/11/2020 15:36:57,0,0,0
14/11/2020 15:36:58,0,0,0
14/11/2020 15:36:59,0,0,0
14/11/2020 15:37:00,0,0,0
14/11/2020 15:37:01,0,0,0
14/11/2020 15:37:02,0,0,0
14/11/2020 15:37:03,0,0,0
14/11/2020 15:37:04,0,0,0
14/11/2020 15:37:05,0,0,0
14/11/2020 15:37:06,0,0,0
14/11/2020 15:37:07,0,0,0
14/11/2020 15:37:08,0,0,0
14/11/2020 15:37:09,0,0,0
14/11/2020 15:37:10,0,0,0
14/11/2020 15:37:11,0,0,0
14/11/2020 15:37:12,0,0,0
14/11/2020 15:37:13,0,0,0
14/11/2020 15:37:14,0,0,0
14/11/2020 15:37:15,0,0,0
14/11/2020 15:37:16,0,0,0
14/11/2020 15:37:17,0,0,0
14/11/2020 15:37:18,0,0,0
14/11/2020 15:37:19,0,0,0
14/11/2020 15:37:20,0,0,0
14/11/2020 15:37:21,0,0,0
14/11/2020 15:37:22,0,0,0
14/11/2020 15:37:23,0,0,0
14/11/2020 15:37:24,0,0,0
14/11/2020 15:37:25,0,0,0
14/11/2020 15:37:26,0,0,0
14/11/2020 15:37:27,0,0,0
14/11/2020 15:37:28,0,0,0
14/11/2020 15:37:29,0,0,0
14/11/2020 15:37:30,0,0,0
14/11/2020 15:37:31,0,0,0
14/11/2020 15:37:32,0,0,0
14/11/2020 15:37:33,0,0,0
14/11/2020 15:37:34,0,0,0
14/11/2020 15:37:35,0,0,0
14/11/2020 15:37:36,0,0,0
14/11/2020 15:37:37,0,0,0
14/11/2020 15:37:38,0,0,0
14/11/2020 15:37:39,0,0,0
14/11/2020 15:37:40,0,0,0
14/11/2020 15:37:41,0,0,0
14/11/2020 15:37:42,0,0,0
14/11/2020 15:37:43,0,0,0
14/11/2020 15:37:44,0,0,0
14/11/2020 15:37:45,0,0,0
14/11/2020 15:37:46,0,0,0
14/11/2020 15:37:47,0,0,0
14/11/2020 15:37:48,0,0,0
14/11/2020 15:37:49,0,0,0
14/11/2020 15:37:50,0,0,0
14/11/2020 15:37:51,0,0,0
14/11/2020 15:37:52,0,0,0
14/11/2020 15:37:53,0,0,0
14/11/2020 15:37:54,0,0,0
14/11/2020 15:37:55,0,0,0
14/11/2020 15:37:56,0,0,0
14/11/2020 15:37:57,0,0,0
14/11/2020 15:37:58,0,0,0
14/11/2020 15:37:59,0,0,0
14/11/2020 15:38:00,0,0,0
14/11/2020 15:38:01,0,0,0
14/11/2020 15:38:02,0,0,0
14/11/2020 15:38:03,0,0,0
14/11/2020 15:38:04,0,0,0
14/11/2020 15:38:05,0,0,0
14/11/2020 15:38:06,0,0,0
14/11/2020 15:38:07,0,0,0
14/11/2020 15:38:08,0,0,0
14/11/2020 15:38:09,0,0,0
14/11/2020 15:38:10,0,0,0
14/11/2020 15:38:11,0,0,0
14/11/2020 15:38:12,0,0,0
14/11/2020 15:38:13,0,0,0
14/11/2020 15:38:14,0,0,0
14/11/2020 15:38:15,0,0,0
14/11/2020 15:38:16,0,0,0
14/11/2020 15:38:17,0,0,0
14/11/2020 15:38:18,0,0,0
14/11/2020 15:38:19,0,0,0
14/11/2020 15:38:20,0,0,0
14/11/2020 15:38:21,0,0,0
14/11/2020 15:38:22,0,0,0
14/11/2020 15:38:23,0,0,0
14/11/2020 15:38:24,0,0,0
14/11/2020 15:38:25,0,0,0
14/11/2020 15:38:26,0,0,0
14/11/2020 15:38:27,0,0,0
14/11/2020 15:38:28,0,0,0
14/11/2020 15:38:29,0,0,0
14/11/2020 15:38:30,0,0,0
14/11/2020 15:38:31,0,0,0
14/11/2020 15:38:32,0,0,0
14/11/2020 15:38:33,0,0,0
14/11/2020 15:38:34,0,0,0
14/11/2020 15:38:35,0,0,0
14/11/2020 15:38:36,0,0,0
14/11/2020 15:38:37,0,0,0
14/11/2020 15:38:38,0,0,0
14/11/2020 15:38:39,0,0,0
14/11/2020 15:38:40,0,0,0
14/11/2020 15:38:41,0,0,0
14/11/2020 15:38:42,0,0,0
14/11/2020 15:38:43,0,0,0
14/11/2020 15:38:44,0,0,0
14/11/2020 15:38:45,0,0,0
14/11/2020 15:38:46,0,0,0
14/11/2020 15:38:47,0,0,0
14/11/2020 15:38:48,0,0,0
14/11/2020 15:38:49,0,0,0
14/11/2020 15:38:50,0,0,0
14/11/2020 15:38:51,0,0,0
14/11/2020 15:38:52,0,0,0
14/11/2020 15:38:53,0,0,0
14/11/2020 15:38:54,0,0,0
14/11/2020 15:38:55,0,0,0
14/11/2020 15:38:56,0,0,0
14/11/2020 15:38:57,0,0,0
14/11/2020 15:38:58,0,0,0
14/11/2020 15:38:59,0,0,0
14/11/2020 15:39:00,0,0,0
14/11/2020 15:39:01,0,0,0
14/11/2020 15:39:02,0,0,0
14/11/2020 15:39:03,0,0,0
14/11/2020 15:39:04,0,0,0
14/11/2020 15:39:05,0,0,0
14/11/2020 15:39:06,0,0,0
14/11/2020 15:39:07,0,0,0
14/11/2020 15:39:08,0,0,0
14/11/2020 15:39:09,0,0,0
14/11/2020 15:39:10,0,0,0
14/11/2020 15:39:11,0,0,0
14/11/2020 15:39:12,0,0,0
14/11/2020 15:39:13,0,0,0
14/11/2020 15:39:14,0,0,0
14/11/2020 15:39:15,0,0,0
14/11/2020 15:39:16,0,0,0
14/11/2020 15:39:17,0,0,0
14/11/2020 15:39:18,0,0,0
14/11/2020 15:39:19,0,0,0
14/11/2020 15:39:20,0,0,0
14/11/2020 15:39:21,0,0,0
14/11/2020 15:39:22,0,0,0
14/11/2020 15:39:23,0,0,0
14/11/2020 15:39:24,0,0,0
14/11/2020 15:39:25,0,0,0
14/11/2020 15:39:26,0,0,0
14/11/2020 15:39:27,0,0,0
14/11/2020 15:39:28,0,0,0
14/11/2020 15:39:29,0,0,0
14/11/2020 15:39:30,0,0,0
14/11/2020 15:39:31,0,0,0
14/11/2020 15:39:32,0,0,0
14/11/2020 15:39:33,0,0,0
14/11/2020 15:39:34,0,0,0
14/11/2020 15:39:35,0,0,0
14/11/2020 15:39:36,0,0,0
14/11/2020 15:39:37,0,0,0
14/11/2020 15:39:38,0,0,0
14/11/2020 15:39:39,0,0,0
14/11/2020 15:39:40,0,0,0
14/11/2020 15:39:41,0,0,0
14/11/2020 15:39:42,0,0,0
14/11/2020 15:39:43,0,0,0
14/11/2020 15:39:44,0,0,0
14/11/2020 15:39:45,0,0,0
14/11/2020 15:39:46,0,0,0
14/11/2020 15:39:47,0,0,0
14/11/2020 15:39:48,0,0,0
14/11/2020 15:39:49,0,0,0
14/11/2020 15:39:50,0,0,0
14/11/2020 15:39:51,0,0,0
14/11/2020 15:39:52,0,0,0
14/11/2020 15:39:53,0,0,0
14/11/2020 15:39:54,0,0,0
14/11/2020 15:39:55,0,0,0
14/11/2020 15:39:56,0,0,0
14/11/2020 15:39:57,0,0,0
14/11/2020 15:39:58,0,0,0
14/11/2020 15:39:59,0,0,0
14/11/2020 15:40:00,0,0,0
14/11/2020 15:40:01,0,0,0
14/11/2020 15:40:02,0,0,4.575201511
14/11/2020 15:40:03,0,0,11.16771126
14/11/2020 15:40:04,0,0,17.76021957
14/11/2020 15:40:05,0,0,24.3527298
14/11/2020 15:40:06,0,0,30.94524002
14/11/2020 15:40:07,0,0,29.23087502
14/11/2020 15:40:08,0,0,23.85382652
14/11/2020 15:40:09,0,0,18.47677612
14/11/2020 15:40:10,0,0,13.09972668
14/11/2020 15:40:11,0,0,7.722677708
14/11/2020 15:40:12,0,0,5.347828865
14/11/2020 15:40:13,0,0,4.398804188
14/11/2020 15:40:14,0,0,3.449779034
14/11/2020 15:40:15,0,0,2.500754356
14/11/2020 15:40:16,0,0,1.551729441
14/11/2020 15:40:17,0,0,1.128694534
14/11/2020 15:40:18,0,0,1.013251066
14/11/2020 15:40:19,0,0,0.897807658
14/11/2020 15:40:20,0,0,0.782364249
14/11/2020 15:40:21,0,0,0.666920781
14/11/2020 15:40:22,28.50159454,0,0.551477373
14/11/2020 15:40:23,69.57017517,0,0.436033964
14/11/2020 15:40:24,110.6387558,0,0.320590556
14/11/2020 15:40:25,151.7073364,0,0.205147117
14/11/2020 15:40:26,192.7759247,0,0.089703701
14/11/2020 15:40:27,180.3415833,1.612046719,0.044911016
14/11/2020 15:40:28,142.4973297,3.989696741,0.044346835
14/11/2020 15:40:29,104.6530609,6.367346764,0.043782655
14/11/2020 15:40:30,66.80879974,8.744997025,0.043218475
14/11/2020 15:40:31,28.96453285,11.12264729,0.042654295
14/11/2020 15:40:32,14.87380028,11.87380028,0.042090114
14/11/2020 15:40:33,14.67380047,11.67380047,0.041525934
14/11/2020 15:40:34,14.47379971,11.47379971,0.040961754
14/11/2020 15:40:35,14.2737999,11.2737999,0.040397573
14/11/2020 15:40:36,14.07380009,11.07380009,0.039833393
14/11/2020 15:40:37,14.12579727,11,0.039269213
14/11/2020 15:40:38,14.32515907,11,0.038705032
14/11/2020 15:40:39,14.52452183,11,0.038140852
14/11/2020 15:40:40,14.72388363,11,0.037576668
14/11/2020 15:40:41,14.92324543,11,0.037012488
14/11/2020 15:40:42,14.87660503,11,0.036448307
14/11/2020 15:40:43,14.6759634,11,0.035884127
14/11/2020 15:40:44,14.47532082,11,0.035319947
14/11/2020 15:40:45,14.27467918,11,0.034755766
14/11/2020 15:40:46,14.0740366,11,0.034191586
14/11/2020 15:40:47,14,11,0.033627406
14/11/2020 15:40:48,14,11,0.033063225
14/11/2020 15:40:49,14,11,0.032499045
14/11/2020 15:40:50,14,11,0.031934865
14/11/2020 15:40:51,14,11,0.031370685
14/11/2020 15:40:52,14.12619972,11.12619972,0.030806506
14/11/2020 15:40:53,14.32619953,11.32619953,0.030242326
14/11/2020 15:40:54,14.52620029,11.52620029,0.029678145
14/11/2020 15:40:55,14.7262001,11.7262001,0.029113963
14/11/2020 15:40:56,14.92619991,11.92619991,0.028549783
14/11/2020 15:40:57,14.87460232,11.87460232,0.027985603
14/11/2020 15:40:58,14.67587471,11.67587471,0.027421422
14/11/2020 15:40:59,14.47714615,11.47714615,0.026857242
14/11/2020 15:41:00,14.27841854,11.27841854,0.026293062
14/11/2020 15:41:01,14.07968998,11.07968998,0.025728881
14/11/2020 15:41:02,14.11906147,11.05971527,0.025164701
14/11/2020 15:41:03,14.31782913,11.15940571,0.024600521
14/11/2020 15:41:04,14.51659679,11.2590971,0.02403634
14/11/2020 15:41:05,14.71536446,11.35878754,0.02347216
14/11/2020 15:41:06,14.91413212,11.45847893,0.02290798
14/11/2020 15:41:07,14.88640022,11.55816936,0.022343799
14/11/2020 15:41:08,14.68640041,11.65786076,0.021779619
14/11/2020 15:41:09,14.48639965,11.75755119,0.021215439
14/11/2020 15:41:10,14.28639984,11.85724258,0.020651259
14/11/2020 15:41:11,14.08640003,11.95693398,0.020087078
14/11/2020 15:41:12,14,11.88814449,0.019522898
14/11/2020 15:41:13,14,11.69121742,0.018958718
14/11/2020 15:41:14,14,11.4942894,0.018394537
14/11/2020 15:41:15,14,11.29736137,0.017830357
14/11/2020 15:41:16,14,11.10043335,0.017266177
14/11/2020 15:41:17,14.09923077,11.09923077,0.016701996
14/11/2020 15:41:18,14.3017416,11.3017416,0.016137816
14/11/2020 15:41:19,14.50425243,11.50425243,0.015573635
14/11/2020 15:41:20,14.70676422,11.70676422,0.015009454
14/11/2020 15:41:21,14.90927505,11.90927505,0.014445274
14/11/2020 15:41:22,14.89028072,11.89028072,0.013881094
14/11/2020 15:41:23,14.69151306,11.69151306,0.013316914
14/11/2020 15:41:24,14.4927454,11.4927454,0.012752733
14/11/2020 15:41:25,14.29397774,11.29397774,0.012188553
14/11/2020 15:41:26,14.09521008,11.09521008,0.011624373
14/11/2020 15:41:27,14.10484982,11.10484982,0.011060192
14/11/2020 15:41:28,14.30609798,11.30609798,0.010496012
14/11/2020 15:41:29,14.5073452,11.5073452,0.009931832
14/11/2020 15:41:30,14.70859337,11.70859337,0.009367651
14/11/2020 15:41:31,14.90984058,11.90984058,0.008803471
14/11/2020 15:41:32,14.94522762,11.94522762,0.008239291
14/11/2020 15:41:33,14.84600163,11.84600163,0.00767511
14/11/2020 15:41:34,14.74677563,11.74677563,0.00711093
14/11/2020 15:41:35,14.64754868,11.64754868,0.006546749
14/11/2020 15:41:36,14.54832268,11.54832268,0.005982568
14/11/2020 15:41:37,14.44909668,11.44909668,0.005418388
14/11/2020 15:41:38,14.34987068,11.34987068,0.004854208
14/11/2020 15:41:39,14.25064468,11.25064468,0.004290028
14/11/2020 15:41:40,14.15141869,11.15141869,0.003725847
14/11/2020 15:41:41,14.05219269,11.05219269,0.003161667
14/11/2020 15:41:42,14.04725361,11.09421539,0.002597486
14/11/2020 15:41:43,14.14694405,11.29298306,0.002033306
14/11/2020 15:41:44,14.24663544,11.49175072,0.001469126
14/11/2020 15:41:45,14.34632683,11.69051838,0.000904945
14/11/2020 15:41:46,14.44601727,11.88928604,0.000340765
14/11/2020 15:41:47,14.54570866,11.91139984,19.61918449
14/11/2020 15:41:48,14.64539909,11.71140003,69.1625824
14/11/2020 15:41:49,14.74509048,11.51140022,118.7059784
14/11/2020 15:41:50,14.84478092,11.31140041,168.2493744
14/11/2020 15:41:51,14.94447231,11.11139965,217.7927704
14/11/2020 15:41:52,16.67269516,12.67269516,617.7074585
14/11/2020 15:41:53,20.4485302,16.4485302,1671.179932
14/11/2020 15:41:54,24.22436333,20.22436333,2724.652588
14/11/2020 15:41:55,28.00019836,24.00019836,3778.125
14/11/2020 15:41:56,31.7760334,27.7760334,4831.597656
14/11/2020 15:41:57,33.34436798,29.30560493,5678.36377
14/11/2020 15:41:58,31.74915314,27.61608124,6139.554199
14/11/2020 15:41:59,30.15393829,25.92655563,6600.744141
14/11/2020 15:42:00,28.55872345,24.23703003,7061.93457
14/11/2020 15:42:01,26.96350861,22.54750633,7523.125
14/11/2020 15:42:02,25.2153759,20.85798073,7564.645996
14/11/2020 15:42:03,23.23400116,19.16845512,6823.344727
14/11/2020 15:42:04,21.25262451,17.47893143,6082.043945
14/11/2020 15:42:05,19.27124977,15.78940582,5340.742676
14/11/2020 15:42:06,17.28987503,14.09988117,4599.441895
14/11/2020 15:42:07,17.18659973,14.25640011,4161.318848
14/11/2020 15:42:08,20.58659935,17.85639954,4330.462891
14/11/2020 15:42:09,23.98660088,21.45639992,4499.606934
14/11/2020 15:42:10,27.38660049,25.0564003,4668.750977
14/11/2020 15:42:11,30.78660011,28.65640068,4837.89502
14/11/2020 15:42:12,33.13959885,31,5156.566895
14/11/2020 15:42:13,33.53960037,31,5774.744629
14/11/2020 15:42:14,33.9396019,31,6392.922363
14/11/2020 15:42:15,34.33959961,31,7011.100098
14/11/2020 15:42:16,34.73960114,31,7629.277832
14/11/2020 15:42:17,35.62619781,31.4174633,8144.359863
14/11/2020 15:42:18,37.42045593,32.61363602,8421.162109
14/11/2020 15:42:19,39.21471405,33.80980682,8697.963867
14/11/2020 15:42:20,41.00897217,35.00598145,8974.765625
14/11/2020 15:42:21,42.80323029,36.20215225,9251.567383
14/11/2020 15:42:22,43.66699982,36.8667984,9451.670898
14/11/2020 15:42:23,42.66699982,36.46680069,9474.503906
14/11/2020 15:42:24,41.66699982,36.06679916,9497.335938
14/11/2020 15:42:25,40.66699982,35.66680145,9520.168945
14/11/2020 15:42:26,39.66699982,35.26679993,9543.000977
14/11/2020 15:42:27,39.4633255,35.39713669,9554.447266
14/11/2020 15:42:28,40.854702,36.58974457,9537.46582
14/11/2020 15:42:29,42.24607468,37.78234863,9520.485352
14/11/2020 15:42:30,43.63744736,38.97495651,9503.503906
14/11/2020 15:42:31,45.02882004,40.16756058,9486.523438
14/11/2020 15:42:32,44.97320175,39.97320175,9460.452148
14/11/2020 15:42:33,41.57320023,36.57320023,9407.823242
14/11/2020 15:42:34,38.1731987,33.1731987,9355.194336
14/11/2020 15:42:35,34.77320099,29.77319908,9302.56543
14/11/2020 15:42:36,31.37319946,26.37319946,9249.936523
14/11/2020 15:42:37,28.2775116,23.39792633,9079.058594
14/11/2020 15:42:38,25.88516808,21.40430641,8562.711914
14/11/2020 15:42:39,23.49282265,19.41068649,8046.364746
14/11/2020 15:42:40,21.10047913,17.41706467,7530.01709
14/11/2020 15:42:41,18.7081337,15.42344475,7013.669922
14/11/2020 15:42:42,17,14,6461.388672
14/11/2020 15:42:43,17,14,5783.900391
14/11/2020 15:42:44,17,14,5106.412598
14/11/2020 15:42:45,17,14,4428.924805
14/11/2020 15:42:46,17,14,3751.436768
14/11/2020 15:42:47,16.9489994,13.94900036,3162.374756
14/11/2020 15:42:48,16.74900055,13.7489996,2910.011719
14/11/2020 15:42:49,16.54899979,13.54899979,2657.648926
14/11/2020 15:42:50,16.34900093,13.34899998,2405.285889
14/11/2020 15:42:51,16.14900017,13.14900017,2152.922852
14/11/2020 15:42:52,16.30405426,13.30405426,2027.309814
14/11/2020 15:42:53,17.49642372,14.49642277,2562.212891
14/11/2020 15:42:54,18.68879128,15.68879128,3097.115967
14/11/2020 15:42:55,19.88116074,16.88116074,3632.018799
14/11/2020 15:42:56,21.0735302,18.0735302,4166.921875
14/11/2020 15:42:57,22,18.95567513,4588.083496
14/11/2020 15:42:58,22,18.75690651,4530.583496
14/11/2020 15:42:59,22,18.5581398,4473.083984
14/11/2020 15:43:00,22,18.35937119,4415.583984
14/11/2020 15:43:01,22,18.16060448,4358.083984
14/11/2020 15:43:02,21.95878792,17.96183586,4326.125
14/11/2020 15:43:03,21.76065063,17.76306915,4401.652344
14/11/2020 15:43:04,21.56251144,17.56430054,4477.179688
14/11/2020 15:43:05,21.36437416,17.36553383,4552.706543
14/11/2020 15:43:06,21.16623688,17.16676521,4628.233887
14/11/2020 15:43:07,21.06480217,17.06480217,4718.223633
14/11/2020 15:43:08,21.4672966,17.4672966,4893.494629
14/11/2020 15:43:09,21.86979294,17.86979294,5068.765137
14/11/2020 15:43:10,22.27228737,18.27228737,5244.035645
14/11/2020 15:43:11,22.67478371,18.67478371,5419.306152
14/11/2020 15:43:12,23.15360069,19.15360069,5584.32373
14/11/2020 15:43:13,23.95359993,19.95359993,5688.882324
14/11/2020 15:43:14,24.75359917,20.75359917,5793.440918
14/11/2020 15:43:15,25.55360031,21.55360031,5897.999512
14/11/2020 15:43:16,26.35359955,22.35359955,6002.558105
14/11/2020 15:43:17,26.88587189,22.88587189,6092.979004
14/11/2020 15:43:18,26.29146004,22.29146004,6100.037598
14/11/2020 15:43:19,25.69704819,21.69704819,6107.096191
14/11/2020 15:43:20,25.10263443,21.10263443,6114.154785
14/11/2020 15:43:21,24.50822258,20.50822258,6121.213379
14/11/2020 15:43:22,24.20299911,20.26099968,6140.912598
14/11/2020 15:43:23,25.60300064,22.06100082,6245.962891
14/11/2020 15:43:24,27.00300026,23.86100006,6351.012695
14/11/2020 15:43:25,28.40299988,25.6609993,6456.062988
14/11/2020 15:43:26,29.8029995,27.46100044,6561.113281
14/11/2020 15:43:27,30.82600021,28.76799965,6656.79541
14/11/2020 15:43:28,29.62599945,27.16799927,6501.628418
14/11/2020 15:43:29,28.4260006,25.56800079,6346.461426
14/11/2020 15:43:30,27.22599983,23.96800041,6191.294434
14/11/2020 15:43:31,26.02599907,22.36800003,6036.127441
14/11/2020 15:43:32,24.7687397,20.79764748,5865.914551
14/11/2020 15:43:33,23.17384338,19.40211296,5527.264648
14/11/2020 15:43:34,21.57894707,18.00657845,5188.614258
14/11/2020 15:43:35,19.98405075,16.61104393,4849.963867
14/11/2020 15:43:36,18.38915443,15.21551037,4511.313477
14/11/2020 15:43:37,17.22796059,14.202631,4195.26123
14/11/2020 15:43:38,18.99509048,15.77341461,4299.703613
14/11/2020 15:43:39,20.76222229,17.34419823,4404.145996
14/11/2020 15:43:40,22.5293541,18.91498184,4508.588867
14/11/2020 15:43:41,24.2964859,20.48576546,4613.03125
14/11/2020 15:43:42,25.97093201,21.97819901,4718.781738
14/11/2020 15:43:43,25.16350365,21.37262726,4860.590332
14/11/2020 15:43:44,24.35607529,20.76705742,5002.399414
14/11/2020 15:43:45,23.54864693,20.16148567,5144.208008
14/11/2020 15:43:46,22.74121857,19.55591393,5286.01709
14/11/2020 15:43:47,22.35857773,19.34227753,5427.825684
14/11/2020 15:43:48,26.73146439,23.51639748,5700.539063
14/11/2020 15:43:49,31.10435295,27.69051933,5974.708008
14/11/2020 15:43:50,35.47724152,31.86463928,6248.876953
14/11/2020 15:43:51,39.85012817,36.03876114,6523.045898
14/11/2020 15:43:52,43.95933151,39.95933151,6797.214844
14/11/2020 15:43:53,43.16188049,39.16188049,7228.630859
14/11/2020 15:43:54,42.36443329,38.36443329,7669.729004
14/11/2020 15:43:55,41.56698608,37.56698608,8110.82666
14/11/2020 15:43:56,40.76953888,36.76953888,8551.924805
14/11/2020 15:43:57,39.95838165,35.95144653,8993.022461
14/11/2020 15:43:58,38.76932144,34.56420898,9112.473633
14/11/2020 15:43:59,37.58026123,33.17697144,9187.648438
14/11/2020 15:44:00,36.39120102,31.78973389,9262.823242
14/11/2020 15:44:01,35.20214081,30.40249634,9337.998047
14/11/2020 15:44:02,34.0130806,29.01525879,9413.172852
14/11/2020 15:44:03,34.39191437,29.78383255,9413.463867
14/11/2020 15:44:04,34.78819275,30.57638168,9403.446289
14/11/2020 15:44:05,35.18446732,31.36893272,9393.429688
14/11/2020 15:44:06,35.58074188,32.16148376,9383.413086
14/11/2020 15:44:07,35.97701645,32.9540329,9373.395508
14/11/2020 15:44:08,32.46494293,29.2788868,8800.956055
14/11/2020 15:44:09,28.71222687,25.32865906,8127.706055
14/11/2020 15:44:10,24.9595108,21.37843132,7454.455078
14/11/2020 15:44:11,21.20679474,17.42820549,6781.20459
14/11/2020 15:44:12,17.45407867,13.47797775,6107.953613
14/11/2020 15:44:13,18.40640068,14.40639973,5930.873535
14/11/2020 15:44:14,20.00639915,16.00639915,5865.674805
14/11/2020 15:44:15,21.60639954,17.60639954,5800.476074
14/11/2020 15:44:16,23.20639992,19.20639992,5735.277344
14/11/2020 15:44:17,24.8064003,20.8064003,5670.079102
14/11/2020 15:44:18,26.04829979,21.87358284,5961.280273
14/11/2020 15:44:19,27.24090576,22.8674221,6368.760742
14/11/2020 15:44:20,28.43351173,23.86125946,6776.241211
14/11/2020 15:44:21,29.62611771,24.85509872,7183.72168
14/11/2020 15:44:22,30.81872368,25.84893608,7591.202148
14/11/2020 15:44:23,30.83147812,26,7787.679688
14/11/2020 15:44:24,30.63274956,26,7903.316895
14/11/2020 15:44:25,30.4340229,26,8018.954102
14/11/2020 15:44:26,30.23529434,26,8134.591309
14/11/2020 15:44:27,30.03656578,26,8250.228516
14/11/2020 15:44:28,30.32240295,26.48360252,8354.118164
14/11/2020 15:44:29,30.71750259,27.07625389,8451.956055
14/11/2020 15:44:30,31.11260414,27.66890526,8549.793945
14/11/2020 15:44:31,31.50770378,28.26155663,8647.631836
14/11/2020 15:44:32,31.90280533,28.85420799,8745.469727
14/11/2020 15:44:33,30.05167961,26.90180969,8420.020508
14/11/2020 15:44:34,27.46770096,24.11906242,7876.513672
14/11/2020 15:44:35,24.8837204,21.33631516,7333.006836
14/11/2020 15:44:36,22.29974174,18.55356789,6789.500488
14/11/2020 15:44:37,19.71576309,15.77082062,6245.993652
14/11/2020 15:44:38,18.57159805,14.78445816,5661.749023
14/11/2020 15:44:39,17.97906303,14.48633575,5048.245117
14/11/2020 15:44:40,17.38652992,14.1882143,4434.741211
14/11/2020 15:44:41,16.7939949,13.89009285,3821.237305
14/11/2020 15:44:42,16.20146179,13.59197044,3207.733398
14/11/2020 15:44:43,15.86800003,13.29384899,2769.690674
14/11/2020 15:44:44,15.66800022,12.99572659,2466.188965
14/11/2020 15:44:45,15.46800041,12.69760513,2162.6875
14/11/2020 15:44:46,15.26799965,12.39948368,1859.185791
14/11/2020 15:44:47,15.06799984,12.10136127,1555.684082
14/11/2020 15:44:48,15,11.87002754,1343.143188
14/11/2020 15:44:49,15,11.67309952,1214.903076
14/11/2020 15:44:50,15,11.47617149,1086.662964
14/11/2020 15:44:51,15,11.27924347,958.4228516
14/11/2020 15:44:52,15,11.08231544,830.1827393
14/11/2020 15:44:53,15,11.11602879,762.609436
14/11/2020 15:44:54,15,11.31539059,762.9005737
14/11/2020 15:44:55,15,11.51475239,763.1917114
14/11/2020 15:44:56,15,11.71411514,763.4828491
14/11/2020 15:44:57,15,11.91347694,763.7739868
14/11/2020 15:44:58,15,12,765.3944702
14/11/2020 15:44:59,15,12,768.8134766
14/11/2020 15:45:00,15,12,772.2324829
14/11/2020 15:45:01,15,12,775.6514282
14/11/2020 15:45:02,15,12,779.0704346
14/11/2020 15:45:03,15,12,765.4655151
14/11/2020 15:45:04,15,12,727.362793
14/11/2020 15:45:05,15,12,689.2600708
14/11/2020 15:45:06,15,12,651.1574097
14/11/2020 15:45:07,15,12,613.0546875
14/11/2020 15:45:08,15.18704224,12.18704224,683.5491333
14/11/2020 15:45:09,15.5833168,12.5833168,972.5463257
14/11/2020 15:45:10,15.97959137,12.97959137,1261.543457
14/11/2020 15:45:11,16.37586594,13.37586689,1550.540649
14/11/2020 15:45:12,16.77214241,13.77214146,1839.537842
14/11/2020 15:45:13,18.61017036,15.44067764,2306.700684
14/11/2020 15:45:14,22.39880371,18.83050919,3189.583008
14/11/2020 15:45:15,26.18743706,22.22033882,4072.465332
14/11/2020 15:45:16,29.97607231,25.61017036,4955.347656
14/11/2020 15:45:17,33.76470566,29,5838.22998
14/11/2020 15:45:18,34.86963272,29.9503746,6477.934082
14/11/2020 15:45:19,32.1126442,27.39031029,6507.55957
14/11/2020 15:45:20,29.35565186,24.83024788,6537.18457
14/11/2020 15:45:21,26.59866142,22.27018547,6566.810059
14/11/2020 15:45:22,23.84166908,19.71012115,6596.435547
14/11/2020 15:45:23,22.1319561,18.1979332,6657.402344
14/11/2020 15:45:24,22.52941132,18.79411697,6803.538086
14/11/2020 15:45:25,22.92686844,19.39030266,6949.673828
14/11/2020 15:45:26,23.32432365,19.98648643,7095.810059
14/11/2020 15:45:27,23.72178078,20.58267021,7241.945801
14/11/2020 15:45:28,24.59820557,21.41874313,7419.03418
14/11/2020 15:45:29,26.59222412,22.81455612,7715.425293
14/11/2020 15:45:30,28.58624077,24.21036911,8011.816406
14/11/2020 15:45:31,30.58025932,25.6061821,8308.207031
14/11/2020 15:45:32,32.57427597,27.00199318,8604.598633
14/11/2020 15:45:33,34.05681992,28.28409004,8868.46875
14/11/2020 15:45:34,34.25617981,29.28090096,8979.024414
14/11/2020 15:45:35,34.45554352,30.27771187,9089.581055
14/11/2020 15:45:36,34.65490341,31.27452087,9200.137695
14/11/2020 15:45:37,34.85426712,32.27133179,9310.694336
14/11/2020 15:45:38,34.62808609,32.62808609,9400.532227
14/11/2020 15:45:39,33.24550629,31.24550629,9380.783203
14/11/2020 15:45:40,31.86292648,29.86292648,9361.03418
14/11/2020 15:45:41,30.48034668,28.48034668,9341.285156
14/11/2020 15:45:42,29.09776878,27.09776878,9321.537109
14/11/2020 15:45:43,27.958992,26,9293.825195
14/11/2020 15:45:44,27.75992775,26,9218.780273
14/11/2020 15:45:45,27.56086349,26,9143.735352
14/11/2020 15:45:46,27.36179924,26,9068.691406
14/11/2020 15:45:47,27.16273499,26,8993.646484
14/11/2020 15:45:48,26.96367073,25.86044693,8918.007813
14/11/2020 15:45:49,26.76460648,25.06299782,8836.847656
14/11/2020 15:45:50,26.56554222,24.26555061,8755.686523
14/11/2020 15:45:51,26.36647797,23.4681015,8674.526367
14/11/2020 15:45:52,26.16741371,22.6706543,8593.365234
14/11/2020 15:45:53,26.15852356,22.09511375,8523.455078
14/11/2020 15:45:54,27.15553284,22.69331932,8542.741211
14/11/2020 15:45:55,28.15254211,23.29152489,8562.02832
14/11/2020 15:45:56,29.14955139,23.88973045,8581.314453
14/11/2020 15:45:57,30.14656067,24.48793602,8600.601563
14/11/2020 15:45:58,31.19972229,25.22825432,8628.642578
14/11/2020 15:45:59,32.58668518,26.81335449,8726.102539
14/11/2020 15:46:00,33.97364807,28.39845467,8823.561523
14/11/2020 15:46:01,35.36061096,29.98355484,8921.020508
14/11/2020 15:46:02,36.74757385,31.56865501,9018.479492
14/11/2020 15:46:03,37.74703979,32.76649857,9074.875977
14/11/2020 15:46:04,35.13921738,30.35927773,8805.701172
14/11/2020 15:46:05,32.53139496,27.95205688,8536.527344
14/11/2020 15:46:06,29.92357063,25.54483414,8267.352539
14/11/2020 15:46:07,27.31574631,23.1376133,7998.178223
14/11/2020 15:46:08,25.0447998,21.0447998,7740.775879
14/11/2020 15:46:09,25.44479942,21.44479942,7592.961914
14/11/2020 15:46:10,25.84480095,21.84480095,7445.148438
14/11/2020 15:46:11,26.24480057,22.24480057,7297.334473
14/11/2020 15:46:12,26.64480019,22.64480019,7149.520996
14/11/2020 15:46:13,26.9552002,22.9552002,7018.897949
14/11/2020 15:46:14,26.55520058,22.55520058,7048.30957
14/11/2020 15:46:15,26.15519905,22.15519905,7077.721191
14/11/2020 15:46:16,25.75519943,21.75519943,7107.132813
14/11/2020 15:46:17,25.35519981,21.35519981,7136.544434
14/11/2020 15:46:18,25.06699944,21.06699944,7166.652344
14/11/2020 15:46:19,25.665205,21.665205,7204.660156
14/11/2020 15:46:20,26.26341057,22.26341057,7242.667969
14/11/2020 15:46:21,26.86161423,22.86161423,7280.675293
14/11/2020 15:46:22,27.45981979,23.45981979,7318.683105
14/11/2020 15:46:23,28.11639977,24.13579941,7362.279785
14/11/2020 15:46:24,29.31640053,25.53580093,7469.287109
14/11/2020 15:46:25,30.51639938,26.93580055,7576.294434
14/11/2020 15:46:26,31.71640015,28.33580017,7683.301758
14/11/2020 15:46:27,32.91640091,29.73579979,7790.309082
14/11/2020 15:46:28,33.80661774,30.80661964,7884.664063
14/11/2020 15:46:29,31.81299782,28.81299782,7797.022461
14/11/2020 15:46:30,29.8193779,26.8193779,7709.380859
14/11/2020 15:46:31,27.82575798,24.82575798,7621.739258
14/11/2020 15:46:32,25.83213806,22.83213806,7534.097656
14/11/2020 15:46:33,23.90279961,20.90279961,7430.35498
14/11/2020 15:46:34,22.70280075,19.70280075,6869.140625
14/11/2020 15:46:35,21.50279999,18.50279999,6307.926758
14/11/2020 15:46:36,20.30279922,17.30279922,5746.712891
14/11/2020 15:46:37,19.10280037,16.10280037,5185.499023
14/11/2020 15:46:38,18.19377899,15.1453352,4624.285156
14/11/2020 15:46:39,20.58612442,16.93959236,5040.464844
14/11/2020 15:46:40,22.97846985,18.73385239,5469.518066
14/11/2020 15:46:41,25.37081337,20.5281105,5898.571289
14/11/2020 15:46:42,27.7631588,22.32236862,6327.625
14/11/2020 15:46:43,29.93540001,23.94832039,6756.678223
14/11/2020 15:46:44,28.94156265,23.15324974,6897.620605
14/11/2020 15:46:45,27.94772339,22.35817909,7034.768555
14/11/2020 15:46:46,26.95388603,21.56310844,7171.916504
14/11/2020 15:46:47,25.96004677,20.7680378,7309.064453
14/11/2020 15:46:48,25.01692009,20.04042053,7446.212402
14/11/2020 15:46:49,25.51458168,21.22924423,7389.506836
14/11/2020 15:46:50,26.01224327,22.41806984,7330.248047
14/11/2020 15:46:51,26.50990295,23.60689545,7270.989258
14/11/2020 15:46:52,27.00756454,24.79572105,7211.730957
14/11/2020 15:46:53,27.50522614,25.98454475,7153.275391
14/11/2020 15:46:54,28.00288582,25.80260086,7361.745605
14/11/2020 15:46:55,28.50054741,25.6026001,7570.216309
14/11/2020 15:46:56,28.998209,25.40259933,7778.686523
14/11/2020 15:46:57,29.49586868,25.20260048,7987.156738
14/11/2020 15:46:58,29.99353027,25.00259972,8195.626953
14/11/2020 15:46:59,28.22340012,23.42079926,7926.480469
14/11/2020 15:47:00,26.42340088,21.82080078,7643.069336
14/11/2020 15:47:01,24.62339973,20.2208004,7359.658203
14/11/2020 15:47:02,22.8234005,18.62080002,7076.24707
14/11/2020 15:47:03,21.02339935,17.02079964,6792.835938
14/11/2020 15:47:04,20.20786476,16.20786476,6219.135742
14/11/2020 15:47:05,19.40529633,15.40529728,5632.074707
14/11/2020 15:47:06,18.60272789,14.60272884,5045.01416
14/11/2020 15:47:07,17.80016136,13.80016041,4457.953613
14/11/2020 15:47:08,17.00715446,13.00715446,3870.892822
14/11/2020 15:47:09,19.39189148,15.39189148,4423.268555
14/11/2020 15:47:10,21.7766304,17.7766304,5069.364746
14/11/2020 15:47:11,24.16136742,20.16136742,5715.460449
14/11/2020 15:47:12,26.54610443,22.54610443,6361.556641
14/11/2020 15:47:13,28.93084335,24.93084335,7007.652344
14/11/2020 15:47:14,27.06380844,23.25742722,6847.504395
14/11/2020 15:47:15,25.06978989,21.46281242,6590.751953
14/11/2020 15:47:16,23.07577324,19.66819572,6333.999512
14/11/2020 15:47:17,21.08175468,17.87357903,6077.246582
14/11/2020 15:47:18,19.08773613,16.07896233,5820.494141
14/11/2020 15:47:19,18.05007935,15.05007935,5067.041504
14/11/2020 15:47:20,17.05643845,14.05643845,4254.07373
14/11/2020 15:47:21,16.06279755,13.0627985,3441.106201
14/11/2020 15:47:22,15.0691576,12.0691576,2628.138672
14/11/2020 15:47:23,14.0755167,11.0755167,1815.171021
14/11/2020 15:47:24,14,11,1490.371094
14/11/2020 15:47:25,14,11,1224.063843
14/11/2020 15:47:26,14,11,957.7566528
14/11/2020 15:47:27,14,11,691.4494629
14/11/2020 15:47:28,14,11,425.1422119
14/11/2020 15:47:29,17.75060081,14.57199955,1084.817871
14/11/2020 15:47:30,21.95059967,18.5720005,1855.445557
14/11/2020 15:47:31,26.15060043,22.5720005,2626.073242
14/11/2020 15:47:32,30.35059929,26.5720005,3396.700928
14/11/2020 15:47:33,34.55059814,30.5720005,4167.328613
14/11/2020 15:47:34,36.42879868,32.07160187,4959.508301
14/11/2020 15:47:35,38.02880096,33.27159882,5755.137695
14/11/2020 15:47:36,39.62879944,34.47159958,6550.767578
14/11/2020 15:47:37,41.22880173,35.67160034,7346.397461
14/11/2020 15:47:38,42.8288002,36.8716011,8142.027344
14/11/2020 15:47:39,45.32180023,38.7859993,8429.267578
14/11/2020 15:47:40,47.92179871,40.7859993,8645.206055
14/11/2020 15:47:41,50.52180099,42.7859993,8861.144531
14/11/2020 15:47:42,53.12179947,44.7859993,9077.082031
14/11/2020 15:47:43,55.72180176,46.7859993,9293.020508
14/11/2020 15:47:44,50.6750145,42.74001312,9276.946289
14/11/2020 15:47:45,44.71198654,37.96958923,9223.727539
14/11/2020 15:47:46,38.74895477,33.19916534,9170.509766
14/11/2020 15:47:47,32.78592682,28.42874146,9117.291016
14/11/2020 15:47:48,26.82289886,23.65831757,9064.073242
14/11/2020 15:47:49,25.30832481,22.13540649,8682.074219
14/11/2020 15:47:50,24.5059185,21.1323967,8225.445313
14/11/2020 15:47:51,23.70351028,20.12938881,7768.815918
14/11/2020 15:47:52,22.90110397,19.12637901,7312.186523
14/11/2020 15:47:53,22.09869576,18.12336922,6855.557129
14/11/2020 15:47:54,23.39900208,19.39900208,6511.182617
14/11/2020 15:47:55,24.99421692,20.99421692,6197.918457
14/11/2020 15:47:56,26.58943176,22.58943176,5884.653809
14/11/2020 15:47:57,28.18464661,24.18464661,5571.38916
14/11/2020 15:47:58,29.77985954,25.77985954,5258.125
14/11/2020 15:47:59,27.43808174,23.60887718,4853.243164
14/11/2020 15:48:00,24.46601868,20.8349514,4412.909668
14/11/2020 15:48:01,21.49395752,18.06102562,3972.575684
14/11/2020 15:48:02,18.52189445,15.28710079,3532.241943
14/11/2020 15:48:03,15.54983139,12.51317596,3091.907959
14/11/2020 15:48:04,15,12,2659.526367
14/11/2020 15:48:05,15,12,2230.990967
14/11/2020 15:48:06,15,12,1802.455811
14/11/2020 15:48:07,15,12,1373.920532
14/11/2020 15:48:08,15,12,945.3852539
14/11/2020 15:48:09,14.92254448,11.92254448,714.1033325
14/11/2020 15:48:10,14.8236227,11.8236227,585.3451538
14/11/2020 15:48:11,14.72470093,11.72470093,456.5870056
14/11/2020 15:48:12,14.62577915,11.62577915,327.8288574
14/11/2020 15:48:13,14.52685738,11.52685738,199.0707092
14/11/2020 15:48:14,14.4279356,11.4279356,138.4440002
14/11/2020 15:48:15,14.32901382,11.32901382,113.2290955
14/11/2020 15:48:16,14.23009205,11.23009205,88.01419067
14/11/2020 15:48:17,14.13117027,11.13117027,62.79928207
14/11/2020 15:48:18,14.0322485,11.0322485,37.58437347
14/11/2020 15:48:19,14,11,25.33135223
14/11/2020 15:48:20,14,11,20.78930855
14/11/2020 15:48:21,14,11,16.24726486
14/11/2020 15:48:22,14,11,11.70522118
14/11/2020 15:48:23,14,11,7.163177967
14/11/2020 15:48:24,14,11,4.916285515
14/11/2020 15:48:25,14,11,4.034769535
14/11/2020 15:48:26,14,11,3.153254271
14/11/2020 15:48:27,14,11,2.271738529
14/11/2020 15:48:28,14,11,1.390223026
14/11/2020 15:48:29,14,11,0.957152128
14/11/2020 15:48:30,14,11,0.790859342
14/11/2020 15:48:31,14,11,0.624566555
14/11/2020 15:48:32,14,11,0.458273768
14/11/2020 15:48:33,14,11,0.291980982
14/11/2020 15:48:34,14,11,20.91567421
14/11/2020 15:48:35,14,11,54.77554321
14/11/2020 15:48:36,14,11,88.63541412
14/11/2020 15:48:37,14,11,122.495285
14/11/2020 15:48:38,14,11,156.3551483
14/11/2020 15:48:39,15.25399971,12.12860012,680.0493774
14/11/2020 15:48:40,17.25399971,13.92860031,1582.40979
14/11/2020 15:48:41,19.25399971,15.72859955,2484.770264
14/11/2020 15:48:42,21.25399971,17.52860069,3387.130859
14/11/2020 15:48:43,23.25399971,19.32859993,4289.491211
14/11/2020 15:48:44,24.875,20.75,5036.300781
14/11/2020 15:48:45,26.27053452,21.94617271,5646.821289
14/11/2020 15:48:46,27.66606903,23.14234543,6257.341797
14/11/2020 15:48:47,29.06160355,24.33851624,6867.861816
14/11/2020 15:48:48,30.45713806,25.53468895,7478.382324
14/11/2020 15:48:49,31.36318588,26.48424721,7859.770996
14/11/2020 15:48:50,31.95759773,27.27679825,8052.929688
14/11/2020 15:48:51,32.55200958,28.06934738,8246.087891
14/11/2020 15:48:52,33.14642334,28.86189842,8439.24707
14/11/2020 15:48:53,33.7408371,29.65444756,8632.405273
14/11/2020 15:48:54,35.12104797,30.89683914,8793.358398
14/11/2020 15:48:55,37.1087265,32.48698044,8924.223633
14/11/2020 15:48:56,39.09640121,34.07712173,9055.087891
14/11/2020 15:48:57,41.08407974,35.66726303,9185.953125
14/11/2020 15:48:58,43.07175446,37.25740433,9316.817383
14/11/2020 15:48:59,42.60975266,36.8236351,9374.179688
14/11/2020 15:49:00,40.00140381,34.61657333,9367.140625
14/11/2020 15:49:01,37.39305878,32.40951157,9360.101563
14/11/2020 15:49:02,34.78470993,30.20244789,9353.0625
14/11/2020 15:49:03,32.1763649,27.99538612,9346.023438
14/11/2020 15:49:04,30.34539032,26.34539032,9257.258789
14/11/2020 15:49:05,29.15302086,25.15302086,9087.420898
14/11/2020 15:49:06,27.9606514,23.9606514,8917.583008
14/11/2020 15:49:07,26.76828384,22.76828384,8747.746094
14/11/2020 15:49:08,25.57591438,21.57591438,8577.908203
14/11/2020 15:49:09,26.2447834,22.2447834,8542.201172
14/11/2020 15:49:10,28.65248871,24.65248871,8648.353516
14/11/2020 15:49:11,31.06019211,27.06019211,8754.504883
14/11/2020 15:49:12,33.46789551,29.46789742,8860.657227
14/11/2020 15:49:13,35.87560272,31.87560272,8966.808594
14/11/2020 15:49:14,35.19896698,31.30490875,8898.560547
14/11/2020 15:49:15,31.81991577,28.12462807,8592.418945
14/11/2020 15:49:16,28.44086647,24.94434547,8286.277344
14/11/2020 15:49:17,25.06181717,21.76406288,7980.135254
14/11/2020 15:49:18,21.68276596,18.58378029,7673.993164
14/11/2020 15:49:19,20.90071678,17.70055771,7461.443848
14/11/2020 15:49:20,22.69497681,19.09609222,7384.694336
14/11/2020 15:49:21,24.48923492,20.49162674,7307.945313
14/11/2020 15:49:22,26.28349304,21.88716125,7231.196289
14/11/2020 15:49:23,28.07775116,23.28269577,7154.446777
14/11/2020 15:49:24,29.09599113,24.19198036,7183.263184
14/11/2020 15:49:25,29.29350281,24.58700371,7412.500977
14/11/2020 15:49:26,29.49101257,24.98202705,7641.738281
14/11/2020 15:49:27,29.68852425,25.37704849,7870.976074
14/11/2020 15:49:28,29.88603592,25.77207184,8100.213379
14/11/2020 15:49:29,29.91565323,25.91565323,8165.272461
14/11/2020 15:49:30,29.71625137,25.71625137,7957.865234
14/11/2020 15:49:31,29.51684952,25.51684952,7750.458008
14/11/2020 15:49:32,29.31744766,25.31744766,7543.050781
14/11/2020 15:49:33,29.11804581,25.11804581,7335.643555
14/11/2020 15:49:34,29.08058548,25.08058548,7263.250977
14/11/2020 15:49:35,29.27809525,25.27809525,7414.92627
14/11/2020 15:49:36,29.47560692,25.47560692,7566.601563
14/11/2020 15:49:37,29.67311859,25.67311859,7718.276855
14/11/2020 15:49:38,29.87063026,25.87063026,7869.95166
14/11/2020 15:49:39,29.44455719,25.44455719,7715.168457
14/11/2020 15:49:40,27.83457375,23.83457375,7051.794922
14/11/2020 15:49:41,26.22459221,22.22459221,6388.421387
14/11/2020 15:49:42,24.61461067,20.61461067,5725.047363
14/11/2020 15:49:43,23.00462914,19.00462914,5061.673828
14/11/2020 15:49:44,22.60160065,18.60160065,4803.329102
14/11/2020 15:49:45,24.20159912,20.20159912,5313.953125
14/11/2020 15:49:46,25.8015995,21.8015995,5824.577148
14/11/2020 15:49:47,27.40159988,23.40159988,6335.201172
14/11/2020 15:49:48,29.00160027,25.00160027,6845.825195
14/11/2020 15:49:49,30.15040016,26,7246.279785
14/11/2020 15:49:50,30.55039978,26,7437.57373
14/11/2020 15:49:51,30.9503994,26,7628.867188
14/11/2020 15:49:52,31.35040092,26,7820.160645
14/11/2020 15:49:53,31.75040054,26,8011.454102
14/11/2020 15:49:54,31.10316086,25.25263405,8036.516602
14/11/2020 15:49:55,28.71794891,23.26495743,7745.97998
14/11/2020 15:49:56,26.33273697,21.27728081,7455.443359
14/11/2020 15:49:57,23.94752502,19.28960419,7164.906738
14/11/2020 15:49:58,21.56231308,17.30192757,6874.370117
14/11/2020 15:49:59,19.65500069,15.72399998,6389.991211
14/11/2020 15:50:00,18.65500069,14.92399979,5448.976563
14/11/2020 15:50:01,17.65500069,14.1239996,4507.961426
14/11/2020 15:50:02,16.65500069,13.32400036,3566.946777
14/11/2020 15:50:03,15.65499973,12.52400017,2625.931885
14/11/2020 15:50:04,15.06900024,12.06900024,2004.149414
14/11/2020 15:50:05,15.26900005,12.26900005,2079.797852
14/11/2020 15:50:06,15.46899986,12.46899986,2155.446289
14/11/2020 15:50:07,15.66899967,12.66899967,2231.094727
14/11/2020 15:50:08,15.86900043,12.86900043,2306.743408
14/11/2020 15:50:09,16.95700455,13.82028961,2594.505859
14/11/2020 15:50:10,19.73092842,16.19793892,3515.230713
14/11/2020 15:50:11,22.5048542,18.57559013,4435.955566
14/11/2020 15:50:12,25.27877998,20.95323944,5356.680176
14/11/2020 15:50:13,28.05270386,23.33088875,6277.404785
14/11/2020 15:50:14,29.82062531,25,6951.854004
14/11/2020 15:50:15,29.21870041,25,6999.26123
14/11/2020 15:50:16,28.61677361,25,7046.668457
14/11/2020 15:50:17,28.0148468,25,7094.075195
14/11/2020 15:50:18,27.41292191,25,7141.482422
14/11/2020 15:50:19,26.56587029,24.4418335,7087.613281
14/11/2020 15:50:20,25.18329048,22.66423035,6731.529297
14/11/2020 15:50:21,23.80071068,20.8866291,6375.445801
14/11/2020 15:50:22,22.41813087,19.10902596,6019.362305
14/11/2020 15:50:23,21.03555298,17.33142471,5663.27832
14/11/2020 15:50:24,20.50513268,16.40410614,5480.052734
14/11/2020 15:50:25,22.51760864,18.01408768,5812.645508
14/11/2020 15:50:26,24.53008652,19.62406921,6145.23877
14/11/2020 15:50:27,26.54256439,21.23405075,6477.832031
14/11/2020 15:50:28,28.55504036,22.84403229,6810.424805
14/11/2020 15:50:29,29.77578926,23.88789558,7107.512207
14/11/2020 15:50:30,28.98071861,23.49036026,7306.625
14/11/2020 15:50:31,28.18564987,23.09282494,7505.737793
14/11/2020 15:50:32,27.39057922,22.69528961,7704.850586
14/11/2020 15:50:33,26.59550858,22.29775429,7903.963379
14/11/2020 15:50:34,26,22.05019951,8077.721191
14/11/2020 15:50:35,26,22.25020027,8175.817383
14/11/2020 15:50:36,26,22.45019913,8273.913086
14/11/2020 15:50:37,26,22.65019989,8372.009766
14/11/2020 15:50:38,26,22.85020065,8470.105469
14/11/2020 15:50:39,26.40280914,23.40280914,8555.561523
14/11/2020 15:50:40,28.00762367,25.00762367,8595.938477
14/11/2020 15:50:41,29.6124382,26.6124382,8636.31543
14/11/2020 15:50:42,31.21725082,28.21725082,8676.692383
14/11/2020 15:50:43,32.82206726,29.82206535,8717.069336
14/11/2020 15:50:44,33.73479462,30.73479652,8748.72168
14/11/2020 15:50:45,32.73778534,29.73778725,8746.326172
14/11/2020 15:50:46,31.74077797,28.74077797,8743.930664
14/11/2020 15:50:47,30.74376869,27.74376869,8741.536133
14/11/2020 15:50:48,29.74675941,26.74675941,8739.140625
14/11/2020 15:50:49,28.95011902,25.97501755,8741.018555
14/11/2020 15:50:50,28.75139046,25.87548447,8759.569336
14/11/2020 15:50:51,28.5526638,25.77595329,8778.120117
14/11/2020 15:50:52,28.35393524,25.67642021,8796.670898
14/11/2020 15:50:53,28.15520668,25.57688904,8815.220703
14/11/2020 15:50:54,28.08733749,25.47735596,8825.942383
14/11/2020 15:50:55,28.4861412,25.37782478,8806.114258
14/11/2020 15:50:56,28.88494492,25.2782917,8786.285156
14/11/2020 15:50:57,29.28374863,25.17876053,8766.457031
14/11/2020 15:50:58,29.68255234,25.07922745,8746.62793
14/11/2020 15:50:59,29.95919991,25,8710.453125
14/11/2020 15:51:00,29.75919914,25,8610.492188
14/11/2020 15:51:01,29.55920029,25,8510.532227
14/11/2020 15:51:02,29.35919952,25,8410.571289
14/11/2020 15:51:03,29.15920067,25,8310.611328
14/11/2020 15:51:04,29.20400047,25.16320038,8226.306641
14/11/2020 15:51:05,30.20400047,25.96319962,8203.086914
14/11/2020 15:51:06,31.20400047,26.76320076,8179.867676
14/11/2020 15:51:07,32.20399857,27.5632,8156.648438
14/11/2020 15:51:08,33.20399857,28.36319923,8133.428711
14/11/2020 15:51:09,33.55120087,28.63279915,8075.302734
14/11/2020 15:51:10,31.3512001,26.83279991,7880.971191
14/11/2020 15:51:11,29.15119934,25.03280067,7686.639648
14/11/2020 15:51:12,26.95120049,23.23279953,7492.308105
14/11/2020 15:51:13,24.75119972,21.43280029,7297.976563
14/11/2020 15:51:14,23.04080009,20.04080009,7108.623047
14/11/2020 15:51:15,23.24080086,20.24080086,6940.77002
14/11/2020 15:51:16,23.44079971,20.44079971,6772.91748
14/11/2020 15:51:17,23.64080048,20.64080048,6605.064453
14/11/2020 15:51:18,23.84079933,20.84079933,6437.211426
14/11/2020 15:51:19,24,21,6292.145508
14/11/2020 15:51:20,24,21,6256.772949
14/11/2020 15:51:21,24,21,6221.400391
14/11/2020 15:51:22,24,21,6186.027832
14/11/2020 15:51:23,24,21,6150.655273
14/11/2020 15:51:24,24,21,6122.428711
14/11/2020 15:51:25,24,21,6137.739258
14/11/2020 15:51:26,24,21,6153.049805
14/11/2020 15:51:27,24,21,6168.360352
14/11/2020 15:51:28,24,21,6183.670898
14/11/2020 15:51:29,24.11244011,21.11244011,6208.555176
14/11/2020 15:51:30,24.71052551,21.71052551,6300.455566
14/11/2020 15:51:31,25.30861282,22.30861282,6392.355469
14/11/2020 15:51:32,25.90669823,22.90669823,6484.255371
14/11/2020 15:51:33,26.50478554,23.50478554,6576.155273
14/11/2020 15:51:34,26.8290596,23.79487228,6648.881348
14/11/2020 15:51:35,25.83522224,22.60226631,6587.387207
14/11/2020 15:51:36,24.84138298,21.40966034,6525.893066
14/11/2020 15:51:37,23.84754562,20.21705437,6464.399414
14/11/2020 15:51:38,22.85370636,19.02444839,6402.905273
14/11/2020 15:51:39,22.05622101,18.05622101,6334.655762
14/11/2020 15:51:40,22.45494461,18.45494461,6165.926758
14/11/2020 15:51:41,22.85366821,18.85366821,5997.197266
14/11/2020 15:51:42,23.25239182,19.25239182,5828.468262
14/11/2020 15:51:43,23.65111732,19.65111732,5659.73877
14/11/2020 15:51:44,23.88819313,19.90061569,5488.473145
14/11/2020 15:51:45,22.99373817,19.10554504,5161.213379
14/11/2020 15:51:46,22.09928513,18.3104744,4833.953613
14/11/2020 15:51:47,21.20483017,17.51540375,4506.693359
14/11/2020 15:51:48,20.31037521,16.7203331,4179.433594
14/11/2020 15:51:49,19.41592216,15.9252634,3852.173584
14/11/2020 15:51:50,18.52146721,15.13019276,3517.08374
14/11/2020 15:51:51,17.62701225,14.33512211,3181.743652
14/11/2020 15:51:52,16.7325573,13.54005146,2846.40332
14/11/2020 15:51:53,15.83810329,12.74498081,2511.062988
14/11/2020 15:51:54,15.13730907,12.11234379,2175.722656
14/11/2020 15:51:55,17.31682205,13.89558125,2450.570557
14/11/2020 15:51:56,19.49633408,15.6788187,2788.727051
14/11/2020 15:51:57,21.6758461,17.46205711,3126.883545
14/11/2020 15:51:58,23.85536003,19.24529457,3465.040039
14/11/2020 15:51:59,25.96512794,20.97146797,3803.196533
14/11/2020 15:52:00,23.78561592,19.18823051,3590.266113
14/11/2020 15:52:01,21.60610199,17.40499306,3320.158936
14/11/2020 15:52:02,19.42658997,15.6217556,3050.051758
14/11/2020 15:52:03,17.24707794,13.83851814,2779.94458
14/11/2020 15:52:04,15.06756496,12.05528069,2509.837646
14/11/2020 15:52:05,18.44499397,15.25360489,3153.406494
14/11/2020 15:52:06,22.00019836,18.61129761,3858.407227
14/11/2020 15:52:07,25.55540276,21.96899033,4563.408203
14/11/2020 15:52:08,29.11060715,25.32668304,5268.408691
14/11/2020 15:52:09,32.66580963,28.68437767,5973.409668
14/11/2020 15:52:10,35.53680038,30.81200027,6581.130859
14/11/2020 15:52:11,38.33679962,32.81200027,7182.311523
14/11/2020 15:52:12,41.13679886,34.81200027,7783.492188
14/11/2020 15:52:13,43.9367981,36.81200027,8384.672852
14/11/2020 15:52:14,46.73680115,38.81200027,8985.853516
14/11/2020 15:52:15,44.99436569,37.54135513,9060.234375
14/11/2020 15:52:16,42.78063965,35.9313736,9099.196289
14/11/2020 15:52:17,40.5669136,34.32139206,9138.157227
14/11/2020 15:52:18,38.35319138,32.71141052,9177.119141
14/11/2020 15:52:19,36.13946533,31.10142899,9216.081055
14/11/2020 15:52:20,36,31,9246.332031
14/11/2020 15:52:21,36,31,9275.679688
14/11/2020 15:52:22,36,31,9305.027344
14/11/2020 15:52:23,36,31,9334.375
14/11/2020 15:52:24,36,31,9363.722656
14/11/2020 15:52:25,33.56380081,28.93860054,9288.789063
14/11/2020 15:52:26,30.96380043,26.73859978,9203.035156
14/11/2020 15:52:27,28.36380005,24.53860092,9117.28125
14/11/2020 15:52:28,25.76379967,22.33860016,9031.527344
14/11/2020 15:52:29,23.16379929,20.1385994,8945.773438
14/11/2020 15:52:30,23.93122673,20.55873489,8792.364258
14/11/2020 15:52:31,24.92506409,21.15503883,8629.290039
14/11/2020 15:52:32,25.91890335,21.75134087,8466.21582
14/11/2020 15:52:33,26.91274071,22.34764481,8303.140625
14/11/2020 15:52:34,27.90657997,22.94394684,8140.066406
14/11/2020 15:52:35,28.54360008,23.72480011,8191.836914
14/11/2020 15:52:36,29.14360046,24.52479935,8274.298828
14/11/2020 15:52:37,29.74360085,25.32480049,8356.761719
14/11/2020 15:52:38,30.34359932,26.12479973,8439.223633
14/11/2020 15:52:39,30.9435997,26.92480087,8521.686523
14/11/2020 15:52:40,28.83899879,25.01908112,8023.424805
14/11/2020 15:52:41,26.45378685,22.83263779,7417.009766
14/11/2020 15:52:42,24.06857491,20.64619446,6810.594727
14/11/2020 15:52:43,21.68336296,18.45974922,6204.179688
14/11/2020 15:52:44,19.29815102,16.27330589,5597.764648
14/11/2020 15:52:45,20.04999924,17.22500038,5453.708008
14/11/2020 15:52:46,21.25,18.625,5428.14502
14/11/2020 15:52:47,22.45000076,20.02499962,5402.58252
14/11/2020 15:52:48,23.64999962,21.42499924,5377.019531
14/11/2020 15:52:49,24.85000038,22.82500076,5351.456543
14/11/2020 15:52:50,25,22.65222549,5630.880371
14/11/2020 15:52:51,25,22.25477028,5980.916992
14/11/2020 15:52:52,25,21.85731316,6330.953125
14/11/2020 15:52:53,25,21.45985603,6680.989746
14/11/2020 15:52:54,25,21.06240082,7031.026367
14/11/2020 15:52:55,24.83296967,21,7196.989258
14/11/2020 15:52:56,24.63483238,21,7315.777832
14/11/2020 15:52:57,24.4366951,21,7434.566406
14/11/2020 15:52:58,24.23855782,21,7553.35498
14/11/2020 15:52:59,24.04042053,21,7672.143555
14/11/2020 15:53:00,25.43739891,22.27768898,7806.64209
14/11/2020 15:53:01,27.24317741,23.88282585,7945.166992
14/11/2020 15:53:02,29.04895592,25.48796082,8083.691895
14/11/2020 15:53:03,30.85473442,27.09309769,8222.216797
14/11/2020 15:53:04,32.66051483,28.69823456,8360.741211
14/11/2020 15:53:05,32.1905899,28.1905899,8390.246094
14/11/2020 15:53:06,31.19377899,27.19377899,8389.179688
14/11/2020 15:53:07,30.19696999,26.19696999,8388.114258
14/11/2020 15:53:08,29.20015907,25.20015907,8387.048828
14/11/2020 15:53:09,28.20335007,24.20335007,8385.983398
14/11/2020 15:53:10,28.31839943,24,8308.808594
14/11/2020 15:53:11,28.71839905,24,8212.129883
14/11/2020 15:53:12,29.11840057,24,8115.450195
14/11/2020 15:53:13,29.51840019,24,8018.770996
14/11/2020 15:53:14,29.91839981,24,7922.091797
14/11/2020 15:53:15,29.68160057,24.15872383,8004.185059
14/11/2020 15:53:16,29.28160095,24.35812569,8132.094727
14/11/2020 15:53:17,28.88159943,24.55752754,8260.003906
14/11/2020 15:53:18,28.48159981,24.7569294,8387.913086
14/11/2020 15:53:19,28.08160019,24.95633125,8515.823242
14/11/2020 15:53:20,27.68160057,24.52998924,8382.602539
14/11/2020 15:53:21,27.28160095,23.92818451,8176.15918
14/11/2020 15:53:22,26.88159943,23.32637978,7969.71582
14/11/2020 15:53:23,26.48159981,22.72457314,7763.272461
14/11/2020 15:53:24,26.08160019,22.1227684,7556.829102
14/11/2020 15:53:25,26.4776001,22.4776001,7479.738281
14/11/2020 15:53:26,27.07760048,23.07760048,7453.45166
14/11/2020 15:53:27,27.67760086,23.67760086,7427.165039
14/11/2020 15:53:28,28.27759933,24.27759933,7400.878418
14/11/2020 15:53:29,28.87759972,24.87759972,7374.592285
14/11/2020 15:53:30,28.36510468,24.20638084,7233.202637
14/11/2020 15:53:31,27.56749725,23.20937157,7042.952148
14/11/2020 15:53:32,26.76988983,22.21236229,6852.70166
14/11/2020 15:53:33,25.97228241,21.21535301,6662.451172
14/11/2020 15:53:34,25.1746769,20.21834564,6472.200195
14/11/2020 15:53:35,25.46276855,20.61702538,6599.466309
14/11/2020 15:53:36,26.05530357,21.40707016,6871.394043
14/11/2020 15:53:37,26.64783669,22.19711685,7143.321777
14/11/2020 15:53:38,27.2403717,22.98716164,7415.249023
14/11/2020 15:53:39,27.83290482,23.77720642,7687.176758
14/11/2020 15:53:40,28.71570969,24.71570969,7833.039063
14/11/2020 15:53:41,29.7125206,25.7125206,7917.089355
14/11/2020 15:53:42,30.70932961,26.70932961,8001.139648
14/11/2020 15:53:43,31.70614052,27.70614052,8085.19043
14/11/2020 15:53:44,32.70294952,28.70295143,8169.240723
14/11/2020 15:53:45,35.09970093,30.53978157,8312.057617
14/11/2020 15:53:46,38.09072876,32.73320007,8490.28418
14/11/2020 15:53:47,41.08175659,34.92662048,8668.511719
14/11/2020 15:53:48,44.07278061,37.12004089,8846.739258
14/11/2020 15:53:49,47.06380844,39.3134613,9024.96582
14/11/2020 15:53:50,44.98684311,37.53469086,9016.037109
14/11/2020 15:53:51,40.60087585,33.94617081,8886.441406
14/11/2020 15:53:52,36.21491241,30.35765457,8756.845703
14/11/2020 15:53:53,31.82894707,26.76913834,8627.25
14/11/2020 15:53:54,27.44298172,23.1806221,8497.655273
14/11/2020 15:53:55,24.67049789,20.80344772,7959.95166
14/11/2020 15:53:56,22.68912315,19.02021027,7123.063477
14/11/2020 15:53:57,20.70774651,17.23697281,6286.175293
14/11/2020 15:53:58,18.72637177,15.45373535,5449.287598
14/11/2020 15:53:59,16.74499702,13.67049694,4612.399414
14/11/2020 15:54:00,15.87578392,12.87578392,3907.464844
14/11/2020 15:54:01,15.67671967,12.67671967,3287.605469
14/11/2020 15:54:02,15.47765541,12.47765541,2667.746338
14/11/2020 15:54:03,15.2785902,12.2785902,2047.886963
14/11/2020 15:54:04,15.07952595,12.07952595,1428.027588
14/11/2020 15:54:05,14.88046169,11.88046169,1064.769409
14/11/2020 15:54:06,14.68139744,11.68139744,877.6269531
14/11/2020 15:54:07,14.48233318,11.48233318,690.4844971
14/11/2020 15:54:08,14.28326893,11.28326893,503.3420715
14/11/2020 15:54:09,14.08420467,11.08420467,316.1996155
14/11/2020 15:54:10,14.11612034,11.11612034,217.2357025
14/11/2020 15:54:11,14.31736755,11.31736755,178.7922821
14/11/2020 15:54:12,14.51861572,11.51861572,140.3488617
14/11/2020 15:54:13,14.71986294,11.71986294,101.9054337
14/11/2020 15:54:14,14.92111111,11.92111111,63.46200562
14/11/2020 15:54:15,14.939291,11.939291,42.46718216
14/11/2020 15:54:16,14.8394413,11.8394413,35.12643433
14/11/2020 15:54:17,14.73959064,11.73959064,27.78568459
14/11/2020 15:54:18,14.63973999,11.63973999,20.44493675
14/11/2020 15:54:19,14.53989029,11.53989029,13.10418797
14/11/2020 15:54:20,14.44003963,11.44003963,8.819379807
14/11/2020 15:54:21,14.34018993,11.34018993,7.244554996
14/11/2020 15:54:22,14.24033928,11.24033928,5.669730663
14/11/2020 15:54:23,14.14048958,11.14048958,4.09490633
14/11/2020 15:54:24,14.04063892,11.04063892,2.520081758
14/11/2020 15:54:25,14.11784554,11.11784554,17.40865135
14/11/2020 15:54:26,14.3165741,11.3165741,47.86377335
14/11/2020 15:54:27,14.5153017,11.5153017,78.31890106
14/11/2020 15:54:28,14.71403027,11.71403027,108.774025
14/11/2020 15:54:29,14.91275787,11.91275787,139.2291412
14/11/2020 15:54:30,17.78771591,14.67620754,571.3431396
14/11/2020 15:54:31,22.75690651,19.44663048,1523.034302
14/11/2020 15:54:32,27.72609901,24.21705437,2474.725342
14/11/2020 15:54:33,32.69528961,28.98747826,3426.416504
14/11/2020 15:54:34,37.66448212,33.75790024,4378.107422
14/11/2020 15:54:35,39.78867722,35.47169113,5207.43457
14/11/2020 15:54:36,39.38995361,34.47488022,5888.40918
14/11/2020 15:54:37,38.9912262,33.47806931,6569.383789
14/11/2020 15:54:38,38.59250259,32.48125839,7250.358398
14/11/2020 15:54:39,38.19377899,31.48444939,7931.33252
14/11/2020 15:54:40,35.97558212,29.38046455,8105.41748
14/11/2020 15:54:41,32.03702164,26.22961807,7623.800293
14/11/2020 15:54:42,28.09846306,23.07877159,7142.183105
14/11/2020 15:54:43,24.15990639,19.92792511,6660.566406
14/11/2020 15:54:44,20.22134781,16.77707672,6178.949219
14/11/2020 15:54:45,17.73756027,14.73756027,5616.080566
14/11/2020 15:54:46,17.13563347,14.13563442,4941.006348
14/11/2020 15:54:47,16.53370857,13.53370762,4265.932617
14/11/2020 15:54:48,15.93178177,12.93178177,3590.859131
14/11/2020 15:54:49,15.32985592,12.32985592,2915.785156
14/11/2020 15:54:50,15.9912281,12.9912281,2738.67041
14/11/2020 15:54:51,18.18420982,15.18421078,3343.696777
14/11/2020 15:54:52,20.37719345,17.37719345,3948.7229
14/11/2020 15:54:53,22.57017517,19.57017517,4553.749023
14/11/2020 15:54:54,24.7631588,21.7631588,5158.775391
14/11/2020 15:54:55,26.17358398,23.08679199,5662.942383
14/11/2020 15:54:56,26.57171249,23.28585625,5998.291992
14/11/2020 15:54:57,26.969841,23.4849205,6333.641113
14/11/2020 15:54:58,27.36797142,23.68398476,6668.990234
14/11/2020 15:54:59,27.76609993,23.88304901,7004.339355
14/11/2020 15:55:00,28.16422844,24.08211327,7262.397461
14/11/2020 15:55:01,28.56235695,24.28117752,7390.531738
14/11/2020 15:55:02,28.96048546,24.48024368,7518.666016
14/11/2020 15:55:03,29.35861397,24.67930794,7646.800293
14/11/2020 15:55:04,29.75674248,24.87837219,7774.93457
14/11/2020 15:55:05,29.61216354,24.6897316,7877.293945
14/11/2020 15:55:06,28.61515427,23.89212418,7933.431152
14/11/2020 15:55:07,27.61814499,23.09451675,7989.567871
14/11/2020 15:55:08,26.62113571,22.29690933,8045.705078
14/11/2020 15:55:09,25.62412834,21.49930191,8101.842285
14/11/2020 15:55:10,25.07478523,21.14957047,8148.958984
14/11/2020 15:55:11,25.27474594,21.54948997,8179.899414
14/11/2020 15:55:12,25.47470474,21.94940948,8210.839844
14/11/2020 15:55:13,25.67466545,22.3493309,8241.780273
14/11/2020 15:55:14,25.87462425,22.74925041,8272.720703
14/11/2020 15:55:15,26.59501457,23.52063751,8321.901367
14/11/2020 15:55:16,28.19022942,24.9164505,8401.743164
14/11/2020 15:55:17,29.78544426,26.31226349,8481.584961
14/11/2020 15:55:18,31.3806572,27.70807648,8561.426758
14/11/2020 15:55:19,32.97587204,29.10388756,8641.268555
14/11/2020 15:55:20,33.64199829,29.57040024,8697.240234
14/11/2020 15:55:21,32.64199829,28.37039948,8700.331055
14/11/2020 15:55:22,31.6420002,27.17040062,8703.421875
14/11/2020 15:55:23,30.6420002,25.97039986,8706.512695
14/11/2020 15:55:24,29.6420002,24.77039909,8709.602539
14/11/2020 15:55:25,29.07181549,24.07181549,8714.274414
14/11/2020 15:55:26,29.27241707,24.27241707,8723.012695
14/11/2020 15:55:27,29.47301865,24.47301865,8731.750977
14/11/2020 15:55:28,29.67362022,24.67362022,8740.489258
14/11/2020 15:55:29,29.8742218,24.8742218,8749.227539
14/11/2020 15:55:30,29.63156891,24.7789402,8740.308594
14/11/2020 15:55:31,28.64381599,24.18629074,8677.847656
14/11/2020 15:55:32,27.65606499,23.59363937,8615.386719
14/11/2020 15:55:33,26.66831207,23.00098801,8552.925781
14/11/2020 15:55:34,25.68056107,22.40833664,8490.464844
14/11/2020 15:55:35,25.12363434,22.06181717,8413.401367
14/11/2020 15:55:36,25.52116966,22.26058388,8288.267578
14/11/2020 15:55:37,25.91870499,22.45935249,8163.133789
14/11/2020 15:55:38,26.3162384,22.6581192,8038
14/11/2020 15:55:39,26.71377373,22.85688782,7912.866211
14/11/2020 15:55:40,27.22257614,23.16693115,7802.041016
14/11/2020 15:55:41,28.01748848,23.76311684,7753.834473
14/11/2020 15:55:42,28.81240082,24.35930061,7705.628418
14/11/2020 15:55:43,29.60731316,24.95548439,7657.421875
14/11/2020 15:55:44,30.40222549,25.55167007,7609.215332
14/11/2020 15:55:45,30.70329094,25.75274086,7562.87207
14/11/2020 15:55:46,29.50687981,24.75573349,7522.177734
14/11/2020 15:55:47,28.31046867,23.75872421,7481.483398
14/11/2020 15:55:48,27.11405754,22.76171494,7440.789063
14/11/2020 15:55:49,25.91764641,21.76470566,7400.094727
14/11/2020 15:55:50,25.04616547,21.13849831,7354.388672
14/11/2020 15:55:51,25.24430275,21.73291016,7277.641602
14/11/2020 15:55:52,25.44244194,22.32732391,7200.894531
14/11/2020 15:55:53,25.64057922,22.92173576,7124.146973
14/11/2020 15:55:54,25.83871651,23.51614761,7047.399902
14/11/2020 15:55:55,25.96233368,24,6994.181641
14/11/2020 15:55:56,25.75982094,24,7070.219727
14/11/2020 15:55:57,25.5573101,24,7146.257813
14/11/2020 15:55:58,25.35479927,24,7222.29541
14/11/2020 15:55:59,25.15228844,24,7298.333496
14/11/2020 15:56:00,25,23.85437393,7369.765625
14/11/2020 15:56:01,25,23.26717567,7385.197266
14/11/2020 15:56:02,25,22.67997742,7400.629395
14/11/2020 15:56:03,25,22.09277725,7416.061035
14/11/2020 15:56:04,25,21.50557899,7431.492676
14/11/2020 15:56:05,25.08365059,21.08365059,7453.620605
14/11/2020 15:56:06,25.68545723,21.68545723,7531.632324
14/11/2020 15:56:07,26.28726196,22.28726196,7609.644043
14/11/2020 15:56:08,26.8890667,22.8890667,7687.655762
14/11/2020 15:56:09,27.49087334,23.49087334,7765.66748
14/11/2020 15:56:10,27.98467255,23.93934631,7843.119629
14/11/2020 15:56:11,27.88513947,23.54549026,7915.04834
14/11/2020 15:56:12,27.78560829,23.15163422,7986.977051
14/11/2020 15:56:13,27.68607521,22.75777817,8058.905762
14/11/2020 15:56:14,27.58654404,22.36392212,8130.834473
14/11/2020 15:56:15,27.48701096,22.03059006,8197.712891
14/11/2020 15:56:16,27.38747978,22.43308449,8214.748047
14/11/2020 15:56:17,27.2879467,22.83558083,8231.78418
14/11/2020 15:56:18,27.18841362,23.23807526,8248.819336
14/11/2020 15:56:19,27.08888245,23.64057159,8265.854492
14/11/2020 15:56:20,27.0426712,24,8284.083984
14/11/2020 15:56:21,27.44147491,24,8314.09375
14/11/2020 15:56:22,27.84027863,24,8344.103516
14/11/2020 15:56:23,28.23908234,24,8374.113281
14/11/2020 15:56:24,28.63788605,24,8404.123047
14/11/2020 15:56:25,28.92639923,23.94479942,8420.500977
14/11/2020 15:56:26,28.12639999,23.34480095,8271.145508
14/11/2020 15:56:27,27.32640076,22.74480057,8121.789551
14/11/2020 15:56:28,26.52639961,22.14480019,7972.434082
14/11/2020 15:56:29,25.72640038,21.5447998,7823.078613
14/11/2020 15:56:30,25.01840019,21.01840019,7669.75293
14/11/2020 15:56:31,25.21839905,21.21839905,7383.487793
14/11/2020 15:56:32,25.41839981,21.41839981,7097.223145
14/11/2020 15:56:33,25.61840057,21.61840057,6810.958008
14/11/2020 15:56:34,25.81839943,21.81839943,6524.692871
14/11/2020 15:56:35,25.85326958,21.87161064,6237.094238
14/11/2020 15:56:36,24.25837326,20.47607613,5839.672363
14/11/2020 15:56:37,22.66347694,19.08054161,5442.25
14/11/2020 15:56:38,21.06858063,17.6850071,5044.828125
14/11/2020 15:56:39,19.47368431,16.28947449,4647.40625
14/11/2020 15:56:40,17.95482445,14.95482445,4245.637207
14/11/2020 15:56:41,17.3604126,14.3604126,3698.320557
14/11/2020 15:56:42,16.76599884,13.76599979,3151.00415
14/11/2020 15:56:43,16.17158699,13.17158699,2603.6875
14/11/2020 15:56:44,15.57717419,12.57717419,2056.371094
14/11/2020 15:56:45,15,12,1509.054565
14/11/2020 15:56:46,15,12,1307.348511
14/11/2020 15:56:47,15,12,1117.806885
14/11/2020 15:56:48,15,12,928.2651978
14/11/2020 15:56:49,15,12,738.7235107
14/11/2020 15:56:50,14.99759197,11.99759197,550.8729858
14/11/2020 15:56:51,14.79690933,11.79690933,491.4217224
14/11/2020 15:56:52,14.59622765,11.59622765,431.970459
14/11/2020 15:56:53,14.39554501,11.39554501,372.5191956
14/11/2020 15:56:54,14.19486237,11.19486237,313.0679016
14/11/2020 15:56:55,14.00289536,11.00572777,253.6166382
14/11/2020 15:56:56,14.10273552,11.20323944,286.8711548
14/11/2020 15:56:57,14.20257568,11.40075016,323.3886108
14/11/2020 15:56:58,14.30241585,11.59826183,359.9060669
14/11/2020 15:56:59,14.40225601,11.79577351,396.4235229
14/11/2020 15:57:00,14.50209618,11.99328423,432.9409485
14/11/2020 15:57:01,14.60193729,11.80496693,445.5275269
14/11/2020 15:57:02,14.70177746,11.60306931,457.2717896
14/11/2020 15:57:03,14.80161762,11.40117073,469.0160522
14/11/2020 15:57:04,14.90145779,11.19927311,480.7603149
14/11/2020 15:57:05,15,11.00257587,492.5045776
14/11/2020 15:57:06,15,11.20071316,514.6984863
14/11/2020 15:57:07,15,11.39885044,537.6188354
14/11/2020 15:57:08,15,11.59698868,560.5392456
14/11/2020 15:57:09,15,11.79512596,583.4595947
14/11/2020 15:57:10,15,11.99326324,606.3799438
14/11/2020 15:57:11,16.35239983,13.15919971,1090.066895
14/11/2020 15:57:12,17.75239944,14.35919952,1614.365479
14/11/2020 15:57:13,19.15239906,15.55920029,2138.664063
14/11/2020 15:57:14,20.55240059,16.75919914,2662.962402
14/11/2020 15:57:15,21.95240021,17.95919991,3187.260986
14/11/2020 15:57:16,22.19200897,18.38401985,3789.171631
14/11/2020 15:57:17,22.39077759,18.78155518,4407.431152
14/11/2020 15:57:18,22.5895443,19.1790905,5025.690918
14/11/2020 15:57:19,22.78831291,19.57662582,5643.950684
14/11/2020 15:57:20,22.98707962,19.97416115,6262.210449
14/11/2020 15:57:21,25.42324638,22.2368412,6546.03418
14/11/2020 15:57:22,28.01495171,24.62918663,6774.053223
14/11/2020 15:57:23,30.60665894,27.02153015,7002.072266
14/11/2020 15:57:24,33.19836426,29.41387558,7230.091309
14/11/2020 15:57:25,35.79007339,31.80622101,7458.110352
14/11/2020 15:57:26,34.17332458,30.26465988,7628.151367
14/11/2020 15:57:27,32.18564987,28.37636566,7784.592285
14/11/2020 15:57:28,30.19797325,26.48807335,7941.033203
14/11/2020 15:57:29,28.21029663,24.59978104,8097.474121
14/11/2020 15:57:30,26.22262001,22.71148872,8253.915039
14/11/2020 15:57:31,24.23494339,20.82319641,7476.721191
14/11/2020 15:57:32,22.24726677,18.9349041,6523.01416
14/11/2020 15:57:33,20.25959015,17.04661179,5569.307129
14/11/2020 15:57:34,18.27191353,15.15831852,4615.599609
14/11/2020 15:57:35,16.28423691,13.27002621,3661.892578
14/11/2020 15:57:36,16,13,3337.827393
14/11/2020 15:57:37,16,13,3106.186768
14/11/2020 15:57:38,16,13,2874.546143
14/11/2020 15:57:39,16,13,2642.905518
14/11/2020 15:57:40,16,13,2411.264893
14/11/2020 15:57:41,19.0972023,15.9341917,3122.699463
14/11/2020 15:57:42,22.92090988,19.55665207,4034.180176
14/11/2020 15:57:43,26.74461746,23.17910957,4945.660645
14/11/2020 15:57:44,30.56832314,26.80156898,5857.141602
14/11/2020 15:57:45,34.39202881,30.4240284,6768.62207
14/11/2020 15:57:46,35.1679306,30.83075142,7216.437988
14/11/2020 15:57:47,35.36761093,30.62950325,7565.900391
14/11/2020 15:57:48,35.56729126,30.42825508,7915.362793
14/11/2020 15:57:49,35.76697159,30.22700691,8264.825195
14/11/2020 15:57:50,35.96665192,30.02576065,8614.287109
14/11/2020 15:57:51,36.16633224,30.34555244,8818.960938
14/11/2020 15:57:52,36.36601257,30.74182701,8982.318359
14/11/2020 15:57:53,36.56569672,31.13810158,9145.675781
14/11/2020 15:57:54,36.76537704,31.53437614,9309.033203
14/11/2020 15:57:55,36.96505737,31.93065262,9472.391602
14/11/2020 15:57:56,35.84500122,30.84499931,9511.194336
14/11/2020 15:57:57,34.44499969,29.44499969,9517.682617
14/11/2020 15:57:58,33.04499817,28.04500008,9524.170898
14/11/2020 15:57:59,31.64500046,26.64500046,9530.65918
14/11/2020 15:58:00,30.24500084,25.24500084,9537.146484
14/11/2020 15:58:01,30.81731796,25.65385437,9534.666992
14/11/2020 15:58:02,31.80800438,26.4464035,9529.861328
14/11/2020 15:58:03,32.7986908,27.23895454,9525.054688
14/11/2020 15:58:04,33.78937912,28.03150368,9520.248047
14/11/2020 15:58:05,34.78006744,28.82405472,9515.442383
14/11/2020 15:58:06,33.90730286,28.2195015,9488.070313
14/11/2020 15:58:07,32.50280762,27.21629143,9454.259766
14/11/2020 15:58:08,31.09831429,26.21308136,9420.449219
14/11/2020 15:58:09,29.69382095,25.20987129,9386.638672
14/11/2020 15:58:10,28.28932571,24.20666122,9352.828125
14/11/2020 15:58:11,27.60363388,23.6829071,9331.12793
14/11/2020 15:58:12,27.10443306,23.28354645,9313.882813
14/11/2020 15:58:13,26.60523224,22.88418579,9296.638672
14/11/2020 15:58:14,26.10602951,22.48482513,9279.393555
14/11/2020 15:58:15,25.60682869,22.08546257,9262.149414
14/11/2020 15:58:16,25.10762787,21.68610191,9093.817383
14/11/2020 15:58:17,24.60842705,21.28674126,8855.68457
14/11/2020 15:58:18,24.10922432,20.8873806,8617.550781
14/11/2020 15:58:19,23.6100235,20.48801994,8379.417969
14/11/2020 15:58:20,23.11082268,20.08865738,8141.285156
14/11/2020 15:58:21,23.46245384,20.46245384,7972.32666
14/11/2020 15:58:22,24.05686569,21.05686569,7840.12793
14/11/2020 15:58:23,24.65127754,21.65127754,7707.928711
14/11/2020 15:58:24,25.2456913,22.2456913,7575.729492
14/11/2020 15:58:25,25.84010315,22.84010315,7443.530273
14/11/2020 15:58:26,26.14483833,23.57935333,7345.349121
14/11/2020 15:58:27,26.34297562,24.37190437,7270.709473
14/11/2020 15:58:28,26.5411129,25.16445351,7196.070313
14/11/2020 15:58:29,26.73925018,25.95700455,7121.430664
14/11/2020 15:58:30,26.93738937,26.74955368,7046.791504
14/11/2020 15:58:31,26.04829979,25.77638626,6920.249023
14/11/2020 15:58:32,24.65692711,23.98747826,6752.760254
14/11/2020 15:58:33,23.26555443,22.19856834,6585.271484
14/11/2020 15:58:34,21.87417984,20.40966034,6417.782715
14/11/2020 15:58:35,20.48280716,18.62075043,6250.293945
14/11/2020 15:58:36,20.25800133,18,6136.530273
14/11/2020 15:58:37,20.65310097,18,6070.793457
14/11/2020 15:58:38,21.04820251,18,6005.057129
14/11/2020 15:58:39,21.44330215,18,5939.320313
14/11/2020 15:58:40,21.8384037,18,5873.583496
14/11/2020 15:58:41,22.4698391,18.58724213,5918.20166
14/11/2020 15:58:42,23.26483154,19.58088303,6074.507324
14/11/2020 15:58:43,24.05982399,20.57452393,6230.8125
14/11/2020 15:58:44,24.85481453,21.56816292,6387.118164
14/11/2020 15:58:45,25.64980698,22.56180382,6543.42334
14/11/2020 15:58:46,26.44479752,23.33333397,6729.256836
14/11/2020 15:58:47,27.23978996,23.929636,6946.95166
14/11/2020 15:58:48,28.0347805,24.52593994,7164.646484
14/11/2020 15:58:49,28.82977295,25.12224197,7382.34082
14/11/2020 15:58:50,29.62476349,25.71854591,7600.035645
14/11/2020 15:58:51,29.37030411,25.37030411,7592.166016
14/11/2020 15:58:52,28.17769814,24.17769814,7356.008301
14/11/2020 15:58:53,26.98509216,22.98509216,7119.851074
14/11/2020 15:58:54,25.79248619,21.79248619,6883.693359
14/11/2020 15:58:55,24.59988022,20.59988022,6647.536133
14/11/2020 15:58:56,23.10825348,19.20733643,6142.959961
14/11/2020 15:58:57,21.31399536,17.61244011,5348.759277
14/11/2020 15:58:58,19.51973724,16.01754379,4554.558594
14/11/2020 15:58:59,17.72547913,14.42264748,3760.358154
14/11/2020 15:59:00,15.93122005,12.82775116,2966.157715
14/11/2020 15:59:01,15.09650898,12.09650898,2504.929688
14/11/2020 15:59:02,15.29715061,12.29715061,2402.979492
14/11/2020 15:59:03,15.4977932,12.4977932,2301.029541
14/11/2020 15:59:04,15.69843483,12.69843483,2199.07959
14/11/2020 15:59:05,15.89907742,12.89907742,2097.129395
14/11/2020 15:59:06,16.59449768,13.49541473,2169.788086
14/11/2020 15:59:07,17.79067039,14.49222469,2470.161865
14/11/2020 15:59:08,18.9868412,15.48903465,2770.5354
14/11/2020 15:59:09,20.18301392,16.48584557,3070.90918
14/11/2020 15:59:10,21.37918663,17.48265457,3371.282959
14/11/2020 15:59:11,21.61520004,17.71139908,3560.705566
14/11/2020 15:59:12,20.81520081,17.1114006,3630.411377
14/11/2020 15:59:13,20.01519966,16.51140022,3700.117432
14/11/2020 15:59:14,19.21520042,15.91139984,3769.823242
14/11/2020 15:59:15,18.41519928,15.31140041,3839.529297
14/11/2020 15:59:16,17.90469551,14.90469551,3784.240234
14/11/2020 15:59:17,17.70655823,14.70655823,3554.915527
14/11/2020 15:59:18,17.50842094,14.50842094,3325.590576
14/11/2020 15:59:19,17.31028366,14.31028366,3096.265625
14/11/2020 15:59:20,17.11214638,14.11214542,2866.940674
14/11/2020 15:59:21,17.52574158,14.43811798,2917.355469
14/11/2020 15:59:22,18.73712921,15.44760704,3382.174072
14/11/2020 15:59:23,19.94851685,16.4570961,3846.992432
14/11/2020 15:59:24,21.15990257,17.46658516,4311.811035
14/11/2020 15:59:25,22.37129021,18.47607422,4776.629395
14/11/2020 15:59:26,23.19000626,19,5231.369629
14/11/2020 15:59:27,23.58502769,19,5666.546387
14/11/2020 15:59:28,23.98005104,19,6101.723145
14/11/2020 15:59:29,24.37507439,19,6536.899414
14/11/2020 15:59:30,24.77009773,19,6972.076172
14/11/2020 15:59:31,25.33340073,19.58345032,7341.884277
14/11/2020 15:59:32,26.13100624,20.9792614,7600.865234
14/11/2020 15:59:33,26.92861366,22.37507439,7859.846191
14/11/2020 15:59:34,27.72622108,23.77088737,8118.827148
14/11/2020 15:59:35,28.52382851,25.16670036,8377.807617
14/11/2020 15:59:36,28.76120949,26,8570.50293
14/11/2020 15:59:37,28.16867447,26,8650.814453
14/11/2020 15:59:38,27.57614136,26,8731.125977
14/11/2020 15:59:39,26.98360634,26,8811.438477
14/11/2020 15:59:40,26.39107323,26,8891.75
14/11/2020 15:59:41,26.41054535,26,8961.883789
14/11/2020 15:59:42,27.61803246,26,9013.607422
14/11/2020 15:59:43,28.82551765,26,9065.331055
14/11/2020 15:59:44,30.03300476,26,9117.054688
14/11/2020 15:59:45,31.24049187,26,9168.77832
14/11/2020 15:59:46,31.74068832,25.8518219,9214.881836
14/11/2020 15:59:47,31.0417366,25.45242119,9249.258789
14/11/2020 15:59:48,30.34278488,25.05302048,9283.636719
14/11/2020 15:59:49,29.64383507,24.65361977,9318.014648
14/11/2020 15:59:50,28.94488335,24.25421906,9352.392578
14/11/2020 15:59:51,28.24593163,23.85481834,9346.259766
14/11/2020 15:59:52,27.5469799,23.45541763,9242.37793
14/11/2020 15:59:53,26.84802818,23.05601692,9138.496094
14/11/2020 15:59:54,26.14907646,22.6566143,9034.613281
14/11/2020 15:59:55,25.45012474,22.25721359,8930.731445
14/11/2020 15:59:56,25.2829895,22.2829895,8829.261719
14/11/2020 15:59:57,26.07790184,23.07790184,8734.088867
14/11/2020 15:59:58,26.87281418,23.87281418,8638.915039
14/11/2020 15:59:59,27.66772652,24.66772652,8543.741211
14/11/2020 16:00:00,28.46263885,25.46263885,8448.568359
14/11/2020 16:00:01,28.54919434,25.61359596,8317.901367
14/11/2020 16:00:02,27.15782166,24.42098999,8094.594727
14/11/2020 16:00:03,25.76644897,23.22838402,7871.287109
14/11/2020 16:00:04,24.37507439,22.03577805,7647.97998
14/11/2020 16:00:05,22.98370171,20.84317207,7424.672852
14/11/2020 16:00:06,22.35047913,20.11682701,7268.526855
14/11/2020 16:00:07,23.54664993,20.51555061,7318.230957
14/11/2020 16:00:08,24.74282265,20.91427422,7367.935547
14/11/2020 16:00:09,25.93899536,21.31299782,7417.640137
14/11/2020 16:00:10,27.13516808,21.71172333,7467.344727
14/11/2020 16:00:11,27.77840042,21.94459915,7512.889648
14/11/2020 16:00:12,26.97839928,21.7446003,7541.691895
14/11/2020 16:00:13,26.17840004,21.54459953,7570.493652
14/11/2020 16:00:14,25.3784008,21.34460068,7599.29541
14/11/2020 16:00:15,24.57839966,21.14459991,7628.097656
14/11/2020 16:00:16,24.16491318,21.13742828,7650.247559
14/11/2020 16:00:17,24.76026917,21.63355827,7630.137695
14/11/2020 16:00:18,25.35562706,22.12968826,7610.027832
14/11/2020 16:00:19,25.95098305,22.62581825,7589.917969
14/11/2020 16:00:20,26.54633904,23.12194824,7569.808105
14/11/2020 16:00:21,27.14169502,23.61807823,7551.711914
14/11/2020 16:00:22,27.73705101,24.11420822,7553.977051
14/11/2020 16:00:23,28.332407,24.61034012,7556.242188
14/11/2020 16:00:24,28.92776299,25.10647011,7558.506836
14/11/2020 16:00:25,29.52311897,25.6026001,7560.771973
14/11/2020 16:00:26,29.80347633,25.84278107,7564.288086
14/11/2020 16:00:27,28.81591988,25.05273628,7612.896973
14/11/2020 16:00:28,27.82836342,24.26268959,7661.505859
14/11/2020 16:00:29,26.84080505,23.47264481,7710.114746
14/11/2020 16:00:30,25.8532486,22.68260002,7758.723633
14/11/2020 16:00:31,25.10780907,22.08085632,7806.414551
14/11/2020 16:00:32,25.9005146,22.67538643,7821.031738
14/11/2020 16:00:33,26.69322205,23.26991653,7835.648438
14/11/2020 16:00:34,27.48592949,23.86444664,7850.265625
14/11/2020 16:00:35,28.27863693,24.45897675,7864.882813
14/11/2020 16:00:36,28.94667244,24.94667244,7879.499512
14/11/2020 16:00:37,28.35413742,24.35413742,7923.963867
14/11/2020 16:00:38,27.76160431,23.76160431,7969.037109
14/11/2020 16:00:39,27.16906929,23.16906929,8014.11084
14/11/2020 16:00:40,26.57653618,22.57653618,8059.184082
14/11/2020 16:00:41,26.01079941,22.01079941,8104.257324
14/11/2020 16:00:42,26.41080093,22.41080093,8093.833496
14/11/2020 16:00:43,26.81080055,22.81080055,8080.427246
14/11/2020 16:00:44,27.21080017,23.21080017,8067.020996
14/11/2020 16:00:45,27.61079979,23.61079979,8053.614746
14/11/2020 16:00:46,28,23.99464989,8040.208496
14/11/2020 16:00:47,28,23.7965126,7917.642578
14/11/2020 16:00:48,28,23.59837532,7787.237793
14/11/2020 16:00:49,28,23.40023804,7656.833008
14/11/2020 16:00:50,28,23.20210075,7526.428711
14/11/2020 16:00:51,28,23.00396347,7396.023926
14/11/2020 16:00:52,27.02603912,22.22083092,7345.734863
14/11/2020 16:00:53,26.03219986,21.42576027,7305.754883
14/11/2020 16:00:54,25.0383625,20.63068962,7265.774414
14/11/2020 16:00:55,24.04452324,19.83561897,7225.793945
14/11/2020 16:00:56,23.05068588,19.04054832,7185.813477
14/11/2020 16:00:57,23.56758308,19.56758308,7243.180176
14/11/2020 16:00:58,24.16567039,20.16567039,7313.071777
14/11/2020 16:00:59,24.7637558,20.7637558,7382.963379
14/11/2020 16:01:00,25.3618412,21.3618412,7452.85498
14/11/2020 16:01:01,25.95992851,21.95992851,7522.74707
14/11/2020 16:01:02,26.36972427,22.36972427,7592.638672
14/11/2020 16:01:03,26.76599884,22.76599884,7662.530273
14/11/2020 16:01:04,27.16227531,23.16227531,7732.421875
14/11/2020 16:01:05,27.55854988,23.55854988,7802.313965
14/11/2020 16:01:06,27.95482445,23.95482445,7872.205566
14/11/2020 16:01:07,27.29120064,23.47004318,7685.324707
14/11/2020 16:01:08,26.49119949,22.87189674,7454.897949
14/11/2020 16:01:09,25.69120026,22.27375221,7224.471191
14/11/2020 16:01:10,24.89119911,21.67560577,6994.043945
14/11/2020 16:01:11,24.09119987,21.07745934,6763.617188
14/11/2020 16:01:12,23.64778328,20.4793148,6350.680664
14/11/2020 16:01:13,23.25024796,19.88116837,5902.72168
14/11/2020 16:01:14,22.85271263,19.28302193,5454.762695
14/11/2020 16:01:15,22.45517731,18.6848774,5006.803223
14/11/2020 16:01:16,22.05764198,18.08673096,4558.844238
14/11/2020 16:01:17,20.8029995,16.97400093,4032.97583
14/11/2020 16:01:18,19.40299988,15.77400017,3490.466553
14/11/2020 16:01:19,18.00300026,14.57400036,2947.957275
14/11/2020 16:01:20,16.60300064,13.3739996,2405.447998
14/11/2020 16:01:21,15.20300007,12.17399979,1862.938721
14/11/2020 16:01:22,15.25570774,12.25570774,1847.58313
14/11/2020 16:01:23,15.55478001,12.55478001,1957.491821
14/11/2020 16:01:24,15.85385323,12.85385323,2067.400635
14/11/2020 16:01:25,16.15292549,13.15292549,2177.309082
14/11/2020 16:01:26,16.45199966,13.45199871,2287.217773
14/11/2020 16:01:27,16.75107193,13.75107193,2465.384766
14/11/2020 16:01:28,17.0501442,14.0501442,2659.771729
14/11/2020 16:01:29,17.34921837,14.34921741,2854.158447
14/11/2020 16:01:30,17.64829063,14.64829063,3048.545166
14/11/2020 16:01:31,17.9473629,14.9473629,3242.932129
14/11/2020 16:01:32,19.14991951,15.90495205,3723.033691
14/11/2020 16:01:33,20.54545403,17.00319481,4300.930664
14/11/2020 16:01:34,21.94098854,18.10143852,4878.827148
14/11/2020 16:01:35,23.33652306,19.19968033,5456.723633
14/11/2020 16:01:36,24.73205757,20.29792404,6034.620605
14/11/2020 16:01:37,25.64235306,21.39616585,6565.243164
14/11/2020 16:01:38,26.4373455,22.49440956,7081.018555
14/11/2020 16:01:39,27.23233604,23.59265137,7596.793945
14/11/2020 16:01:40,28.02732849,24.69089508,8112.569336
14/11/2020 16:01:41,28.82231903,25.78913689,8628.344727
14/11/2020 16:01:42,29.61731148,26.4787674,8877.943359
14/11/2020 16:01:43,30.41230202,27.07130241,9043.947266
14/11/2020 16:01:44,31.20729446,27.66383553,9209.950195
14/11/2020 16:01:45,32.002285,28.25637054,9375.954102
14/11/2020 16:01:46,32.79727554,28.84890366,9541.957031
14/11/2020 16:01:47,31.65469551,27.65469551,9478.738281
14/11/2020 16:01:48,29.84891701,25.84891701,9343.530273
14/11/2020 16:01:49,28.0431385,24.0431385,9208.321289
14/11/2020 16:01:50,26.23736,22.23736,9073.113281
14/11/2020 16:01:51,24.4315815,20.4315815,8937.905273
14/11/2020 16:01:52,23.08679962,19.08679962,8314.90918
14/11/2020 16:01:53,21.88680077,17.88680077,7524.953613
14/11/2020 16:01:54,20.6868,16.6868,6734.998047
14/11/2020 16:01:55,19.48679924,15.48680019,5945.041992
14/11/2020 16:01:56,18.28680038,14.28680038,5155.085938
14/11/2020 16:01:57,18.30439949,14.45660019,4896.922852
14/11/2020 16:01:58,18.70439911,15.05659962,4904.256836
14/11/2020 16:01:59,19.10440063,15.6566,4911.591309
14/11/2020 16:02:00,19.50440025,16.25659943,4918.925293
14/11/2020 16:02:01,19.90439987,16.85659981,4926.259277
14/11/2020 16:02:02,21.06200218,17.75857162,5103.731934
14/11/2020 16:02:03,22.4575367,18.75538254,5360.535156
14/11/2020 16:02:04,23.85306931,19.75219345,5617.338379
14/11/2020 16:02:05,25.24860382,20.74900246,5874.14209
14/11/2020 16:02:06,26.64413834,21.74581337,6130.945313
14/11/2020 16:02:07,26.55986595,21.85328865,6366.203125
14/11/2020 16:02:08,25.96908188,21.65636063,6590.70459
14/11/2020 16:02:09,25.37829781,21.4594326,6815.205566
14/11/2020 16:02:10,24.78751564,21.26250458,7039.706543
14/11/2020 16:02:11,24.19673157,21.06557655,7264.208008
14/11/2020 16:02:12,24.53359985,21.46689987,7446.564453
14/11/2020 16:02:13,25.33359909,22.16690063,7607.879883
14/11/2020 16:02:14,26.13360023,22.86689949,7769.195801
14/11/2020 16:02:15,26.93359947,23.56690025,7930.51123
14/11/2020 16:02:16,27.73360062,24.26689911,8091.82666
14/11/2020 16:02:17,28.53359985,24.96689987,8223.412109
14/11/2020 16:02:18,29.33359909,25.66690063,8339.05957
14/11/2020 16:02:19,30.13360023,26.36689949,8454.707031
14/11/2020 16:02:20,30.93359947,27.06690025,8570.354492
14/11/2020 16:02:21,31.73360062,27.76689911,8686.001953
14/11/2020 16:02:22,32,27.73320007,8732.154297
14/11/2020 16:02:23,32,27.33320045,8738.361328
14/11/2020 16:02:24,32,26.93320084,8744.568359
14/11/2020 16:02:25,32,26.53319931,8750.774414
14/11/2020 16:02:26,32,26.13319969,8756.981445
14/11/2020 16:02:27,32.13297272,26.26594925,8732.645508
14/11/2020 16:02:28,32.33233643,26.66467285,8690.753906
14/11/2020 16:02:29,32.53170013,27.06339645,8648.862305
14/11/2020 16:02:30,32.73106003,27.46212196,8606.970703
14/11/2020 16:02:31,32.93042374,27.86084557,8565.078125
14/11/2020 16:02:32,32.35107803,27.48003197,8582.55957
14/11/2020 16:02:33,31.35426712,26.68131065,8638.966797
14/11/2020 16:02:34,30.35745621,25.88258743,8695.374023
14/11/2020 16:02:35,29.36064529,25.08386612,8751.78125
14/11/2020 16:02:36,28.36383629,24.2851429,8808.188477
14/11/2020 16:02:37,27.74600029,23.48642159,8718.041992
14/11/2020 16:02:38,27.34600067,22.68770027,8511.336914
14/11/2020 16:02:39,26.94599915,21.88897705,8304.632813
14/11/2020 16:02:40,26.54599953,21.09025574,8097.927734
14/11/2020 16:02:41,26.14599991,20.29153442,7891.222656
14/11/2020 16:02:42,26.50486946,20.75730515,7770.605957
14/11/2020 16:02:43,27.29994011,21.94991112,7727.567383
14/11/2020 16:02:44,28.09501076,23.14251709,7684.52832
14/11/2020 16:02:45,28.89008141,24.33512306,7641.489258
14/11/2020 16:02:46,29.68515205,25.52772903,7598.450195
14/11/2020 16:02:47,29.04259872,25.04259872,7521.421875
14/11/2020 16:02:48,27.45750046,23.45750046,7402.51416
14/11/2020 16:02:49,25.87240028,21.87240028,7283.605957
14/11/2020 16:02:50,24.28730011,20.28730011,7164.698242
14/11/2020 16:02:51,22.70219994,18.70219994,7045.790039
14/11/2020 16:02:52,22.11071396,18.27549744,6963.213379
14/11/2020 16:02:53,22.30948067,18.77010536,6928.404785
14/11/2020 16:02:54,22.50824928,19.26471519,6893.596191
14/11/2020 16:02:55,22.70701599,19.75932312,6858.787598
14/11/2020 16:02:56,22.90578461,20.25393295,6823.979004
14/11/2020 16:02:57,23.41433716,20.74854088,6870.814941
14/11/2020 16:02:58,24.20204735,21.2431488,7056.666992
14/11/2020 16:02:59,24.98975945,21.73775864,7242.519043
14/11/2020 16:03:00,25.77747154,22.23236656,7428.371094
14/11/2020 16:03:01,26.56518364,22.72697639,7614.223145
14/11/2020 16:03:02,27.17862892,23.26794243,7743.255859
14/11/2020 16:03:03,27.57735252,23.86602783,7768.600098
14/11/2020 16:03:04,27.97607613,24.46411514,7793.944824
14/11/2020 16:03:05,28.37479973,25.06220055,7819.289063
14/11/2020 16:03:06,28.77352524,25.66028786,7844.633789
14/11/2020 16:03:07,29.51205063,26.42670822,7874.969238
14/11/2020 16:03:08,30.69735336,27.41446114,7917.464844
14/11/2020 16:03:09,31.88265419,28.40221214,7959.960938
14/11/2020 16:03:10,33.06795883,29.38996506,8002.456543
14/11/2020 16:03:11,34.25325775,30.37771606,8044.952148
14/11/2020 16:03:12,34.33612442,30.40988922,8064.67627
14/11/2020 16:03:13,32.5418663,28.8149929,8024.666016
14/11/2020 16:03:14,30.74760818,27.22009659,7984.655273
14/11/2020 16:03:15,28.95335007,25.62520027,7944.64502
14/11/2020 16:03:16,27.15909004,24.03030396,7904.634766
14/11/2020 16:03:17,26.04685593,23,7880.925293
14/11/2020 16:03:18,26.17921829,23,7907.722168
14/11/2020 16:03:19,26.31158257,23,7934.519531
14/11/2020 16:03:20,26.44394493,23,7961.316406
14/11/2020 16:03:21,26.5763073,23,7988.11377
14/11/2020 16:03:22,26.70866966,23.11605263,8011.682617
14/11/2020 16:03:23,26.84103203,23.51485634,8022.09375
14/11/2020 16:03:24,26.97339439,23.91365814,8032.504883
14/11/2020 16:03:25,27.10575867,24.31246185,8042.916016
14/11/2020 16:03:26,27.23812103,24.71126556,8053.32666
14/11/2020 16:03:27,27.3704834,24.89030266,8069.004883
14/11/2020 16:03:28,27.50284576,24.49284554,8114.52832
14/11/2020 16:03:29,27.63520813,24.09539032,8160.052246
14/11/2020 16:03:30,27.7675705,23.6979332,8205.576172
14/11/2020 16:03:31,27.89993477,23.30047607,8251.099609
14/11/2020 16:03:32,28.72518349,23.62849236,8292.726563
14/11/2020 16:03:33,31.69724655,26.20427895,8305.503906
14/11/2020 16:03:34,34.66930771,28.78006744,8318.28125
14/11/2020 16:03:35,37.64137268,31.35585403,8331.057617
14/11/2020 16:03:36,40.61343384,33.93164444,8343.834961
14/11/2020 16:03:37,42.64870071,35.72676849,8367.219727
14/11/2020 16:03:38,40.86546326,34.3398056,8527.321289
14/11/2020 16:03:39,39.0822258,32.95284271,8687.423828
14/11/2020 16:03:40,37.29898834,31.56587982,8847.525391
14/11/2020 16:03:41,35.51575089,30.17891884,9007.626953
14/11/2020 16:03:42,33.82110977,28.85092354,9153.966797
14/11/2020 16:03:43,32.62850189,27.85708618,9072.625
14/11/2020 16:03:44,31.43589783,26.86324692,8991.283203
14/11/2020 16:03:45,30.24329185,25.86940956,8909.94043
14/11/2020 16:03:46,29.05068588,24.8755722,8828.598633
14/11/2020 16:03:47,27.90568733,23.92926407,8742.898438
14/11/2020 16:03:48,27.11313629,23.33485222,8487.237305
14/11/2020 16:03:49,26.32058716,22.74044037,8231.575195
14/11/2020 16:03:50,25.52803612,22.14602661,7975.914063
14/11/2020 16:03:51,24.73548698,21.55161476,7720.25293
14/11/2020 16:03:52,23.87078857,20.87078857,7458.51123
14/11/2020 16:03:53,22.07617188,19.07617188,6594.851563
14/11/2020 16:03:54,20.28155518,17.28155518,5731.191895
14/11/2020 16:03:55,18.48693848,15.48693943,4867.531738
14/11/2020 16:03:56,16.69232368,13.69232273,4003.87207
14/11/2020 16:03:57,15.02265453,12.02265453,3140.212158
14/11/2020 16:03:58,15.42011166,12.42011166,2945.599365
14/11/2020 16:03:59,15.81756783,12.81756783,2788.430664
14/11/2020 16:04:00,16.21502304,13.21502399,2631.261963
14/11/2020 16:04:01,16.61248016,13.61248016,2474.093262
14/11/2020 16:04:02,17.13958168,14.13958168,2316.924316
14/11/2020 16:04:03,22.72283173,19.72283173,3157.449951
14/11/2020 16:04:04,28.30608177,25.30608177,4108.830566
14/11/2020 16:04:05,33.88933182,30.88933182,5060.210938
14/11/2020 16:04:06,39.47258377,36.47258377,6011.591797
14/11/2020 16:04:07,44.96839905,41.96839905,6962.972168
14/11/2020 16:04:08,41.80821609,38.80821609,7307.987305
14/11/2020 16:04:09,38.64803314,35.64803314,7585.628418
14/11/2020 16:04:10,35.487854,32.487854,7863.269531
14/11/2020 16:04:11,32.32767105,29.32767105,8140.910645
14/11/2020 16:04:12,29.16749001,26.16749001,8418.551758
14/11/2020 16:04:13,27.31127357,24.12363815,8010.728027
14/11/2020 16:04:14,25.52803612,22.14226341,7512.956543
14/11/2020 16:04:15,23.74479866,20.16088676,7015.185059
14/11/2020 16:04:16,21.9615612,18.17951202,6517.413574
14/11/2020 16:04:17,20.17832375,16.19813728,6019.64209
14/11/2020 16:04:18,18.92000008,15.10000038,5274.776855
14/11/2020 16:04:19,17.71999931,14.10000038,4470.437012
14/11/2020 16:04:20,16.52000046,13.10000038,3666.097656
14/11/2020 16:04:21,15.31999969,12.10000038,2861.758301
14/11/2020 16:04:22,14.11999989,11.10000038,2057.418701
14/11/2020 16:04:23,14.17942619,11,1712.630493
14/11/2020 16:04:24,14.37878799,11,1478.453735
14/11/2020 16:04:25,14.5781498,11,1244.276978
14/11/2020 16:04:26,14.7775116,11,1010.100159
14/11/2020 16:04:27,14.97687435,11,775.9234009
14/11/2020 16:04:28,14.9122839,11,632.8087158
14/11/2020 16:04:29,14.8130579,11,516.1313477
14/11/2020 16:04:30,14.7138319,11,399.453949
14/11/2020 16:04:31,14.6146059,11,282.7766113
14/11/2020 16:04:32,14.51537991,11,166.0992432
14/11/2020 16:04:33,14.41615391,11,122.6244888
14/11/2020 16:04:34,14.31692791,11,100.4021072
14/11/2020 16:04:35,14.21770191,11,78.17973328
14/11/2020 16:04:36,14.11847591,11,55.95735168
14/11/2020 16:04:37,14.01924992,11,33.73497391
14/11/2020 16:04:38,14,11,24.68273354
14/11/2020 16:04:39,14,11,20.16215515
14/11/2020 16:04:40,14,11,15.64157581
14/11/2020 16:04:41,14,11,11.12099743
14/11/2020 16:04:42,14,11,6.600419044
14/11/2020 16:04:43,14,11,4.794553757
14/11/2020 16:04:44,14,11,3.922783136
14/11/2020 16:04:45,14,11,3.051012754
14/11/2020 16:04:46,14,11,2.179242134
14/11/2020 16:04:47,14,11,1.307471752
14/11/2020 16:04:48,14,11,0.983947992
14/11/2020 16:04:49,14,11,0.882187009
14/11/2020 16:04:50,14,11,0.780426025
14/11/2020 16:04:51,14,11,0.678664982
14/11/2020 16:04:52,14,11,0.576903999
14/11/2020 16:04:53,14,11,0.475142986
14/11/2020 16:04:54,14,11,0.373381972
14/11/2020 16:04:55,14,11,0.271620989
14/11/2020 16:04:56,14,11,0.169859976
14/11/2020 16:04:57,14,11,0.06809897
14/11/2020 16:04:58,14,11,0.035559811
14/11/2020 16:04:59,14,11,0.03311279
14/11/2020 16:05:00,14,11,0.030665768
14/11/2020 16:05:01,14,11,0.028218746
14/11/2020 16:05:02,14,11,0.025771724
14/11/2020 16:05:03,14.14331722,11.14331722,0.023324702
14/11/2020 16:05:04,14.34460545,11.34460545,0.020877682
14/11/2020 16:05:05,14.54589367,11.54589367,0.01843066
14/11/2020 16:05:06,14.74718189,11.74718189,0.015983637
14/11/2020 16:05:07,14.94847012,11.94847012,0.013536615
14/11/2020 16:05:08,14.85258579,11.85258579,0.011089593
14/11/2020 16:05:09,14.65444851,11.65444851,0.008642572
14/11/2020 16:05:10,14.45631027,11.45631027,0.00619555
14/11/2020 16:05:11,14.25817299,11.25817299,0.003748528
14/11/2020 16:05:12,14.06003571,11.06003571,0.001301506
14/11/2020 16:05:13,15.25059795,12.25059795,372.7411194
14/11/2020 16:05:14,17.04485703,14.04485607,1007.733948
14/11/2020 16:05:15,18.83911514,15.83911514,1642.726807
14/11/2020 16:05:16,20.63337326,17.63337326,2277.719727
14/11/2020 16:05:17,22.42763138,19.42763138,2912.712646
14/11/2020 16:05:18,23.13576508,20.13576508,3558.68457
14/11/2020 16:05:19,23.33512688,20.33512688,4213.424316
14/11/2020 16:05:20,23.53449059,20.53449059,4868.163574
14/11/2020 16:05:21,23.73385239,20.73385239,5522.90332
14/11/2020 16:05:22,23.93321419,20.93321419,6177.642578
14/11/2020 16:05:23,24,20.7380867,6568.714355
14/11/2020 16:05:24,24,20.34423065,6735.180664
14/11/2020 16:05:25,24,19.9503746,6901.646484
14/11/2020 16:05:26,24,19.55651855,7068.112793
14/11/2020 16:05:27,24,19.16266251,7234.578613
14/11/2020 16:05:28,24.70005989,19.70005989,7342.79834
14/11/2020 16:05:29,25.89266586,20.89266586,7394.831055
14/11/2020 16:05:30,27.08527184,22.08527184,7446.86377
14/11/2020 16:05:31,28.27787781,23.27787781,7498.896484
14/11/2020 16:05:32,29.47048378,24.47048378,7550.929199
14/11/2020 16:05:33,29.55661964,24.77830887,7603.234863
14/11/2020 16:05:34,28.75917053,24.37958527,7655.802734
14/11/2020 16:05:35,27.96172333,23.98086166,7708.371094
14/11/2020 16:05:36,27.16427422,23.58213806,7760.939453
14/11/2020 16:05:37,26.36682701,23.18341255,7813.507324
14/11/2020 16:05:38,26.53667259,23.53667259,7907.28418
14/11/2020 16:05:39,27.53050995,24.53050995,8040.8125
14/11/2020 16:05:40,28.52434921,25.52434921,8174.34082
14/11/2020 16:05:41,29.51818657,26.51818657,8307.869141
14/11/2020 16:05:42,30.51202583,27.51202583,8441.397461
14/11/2020 16:05:43,30.59280014,27.59280014,8512.806641
14/11/2020 16:05:44,29.7928009,26.7928009,8520.333008
14/11/2020 16:05:45,28.99279976,25.99279976,8527.859375
14/11/2020 16:05:46,28.19280052,25.19280052,8535.384766
14/11/2020 16:05:47,27.39279938,24.39279938,8542.911133
14/11/2020 16:05:48,27.30540085,24.20359993,8497.977539
14/11/2020 16:05:49,27.90539932,24.60359955,8399.095703
14/11/2020 16:05:50,28.5053997,25.00359917,8300.214844
14/11/2020 16:05:51,29.10540009,25.40360069,8201.333008
14/11/2020 16:05:52,29.70540047,25.80360031,8102.451172
14/11/2020 16:05:53,30,26,8029.586914
14/11/2020 16:05:54,30,26,7985.249512
14/11/2020 16:05:55,30,26,7940.912109
14/11/2020 16:05:56,30,26,7896.574707
14/11/2020 16:05:57,30,26,7852.237305
14/11/2020 16:05:58,29.40839958,25.40839958,7802.283203
14/11/2020 16:05:59,28.20840073,24.20840073,7746.170898
14/11/2020 16:06:00,27.00839996,23.00839996,7690.058594
14/11/2020 16:06:01,25.8083992,21.8083992,7633.945801
14/11/2020 16:06:02,24.60840034,20.60840034,7577.833496
14/11/2020 16:06:03,24.19688416,20.2461071,7529.179199
14/11/2020 16:06:04,24.59624672,20.74530792,7489.209473
14/11/2020 16:06:05,24.99560738,21.24450874,7449.239258
14/11/2020 16:06:06,25.39496803,21.74370956,7409.269531
14/11/2020 16:06:07,25.79432869,22.24291229,7369.299805
14/11/2020 16:06:08,26.19368935,22.74211311,7372.783691
14/11/2020 16:06:09,26.59305191,23.24131393,7430.244141
14/11/2020 16:06:10,26.99241257,23.74051476,7487.704102
14/11/2020 16:06:11,27.39177322,24.23971558,7545.164063
14/11/2020 16:06:12,27.79113388,24.7389183,7602.624023
14/11/2020 16:06:13,27.80977058,24.80977058,7618.164551
14/11/2020 16:06:14,27.41096687,24.41096687,7578.137207
14/11/2020 16:06:15,27.01216316,24.01216316,7538.109863
14/11/2020 16:06:16,26.61335945,23.61335945,7498.08252
14/11/2020 16:06:17,26.21455574,23.21455574,7458.054688
14/11/2020 16:06:18,26.09210587,23.46052551,7470.833984
14/11/2020 16:06:19,26.29146767,24.45733643,7553.611816
14/11/2020 16:06:20,26.49082947,25.45414734,7636.389648
14/11/2020 16:06:21,26.69019127,26.45095634,7719.167969
14/11/2020 16:06:22,26.88955307,27.44776726,7801.945801
14/11/2020 16:06:23,26.73325348,27.28867531,7849.637695
14/11/2020 16:06:24,26.13516808,25.69377899,7847.870605
14/11/2020 16:06:25,25.53708076,24.09888268,7846.103027
14/11/2020 16:06:26,24.93899536,22.50398636,7844.335938
14/11/2020 16:06:27,24.34090996,20.90909004,7842.568359
14/11/2020 16:06:28,24.21467781,20.25799942,7849.408203
14/11/2020 16:06:29,24.71392822,20.8579998,7868.380371
14/11/2020 16:06:30,25.21318054,21.45800018,7887.352539
14/11/2020 16:06:31,25.71243095,22.05800056,7906.325195
14/11/2020 16:06:32,26.21168327,22.65800095,7925.297363
14/11/2020 16:06:33,26.71093369,23.1714859,7957.631348
14/11/2020 16:06:34,27.2101841,23.57028961,8010.09082
14/11/2020 16:06:35,27.70943642,23.96909332,8062.550293
14/11/2020 16:06:36,28.20868683,24.36789703,8115.010254
14/11/2020 16:06:37,28.70793724,24.76670074,8167.469727
14/11/2020 16:06:38,28.66799927,24.66799927,8176.786621
14/11/2020 16:06:39,27.86800003,23.86800003,8121.118652
14/11/2020 16:06:40,27.06800079,23.06800079,8065.450684
14/11/2020 16:06:41,26.26799965,22.26799965,8009.782715
14/11/2020 16:06:42,25.46800041,21.46800041,7954.114746
14/11/2020 16:06:43,25.16547012,21.16547012,7915.818848
14/11/2020 16:06:44,25.56419373,21.56419373,7905.508789
14/11/2020 16:06:45,25.96291924,21.96291924,7895.19873
14/11/2020 16:06:46,26.36164284,22.36164284,7884.888672
14/11/2020 16:06:47,26.76036644,22.76036644,7874.579102
14/11/2020 16:06:48,26.92020035,23,7875.708008
14/11/2020 16:06:49,26.72019958,23,7896.482422
14/11/2020 16:06:50,26.52020073,23,7917.256836
14/11/2020 16:06:51,26.32019997,23,7938.030762
14/11/2020 16:06:52,26.1201992,23,7958.805176
14/11/2020 16:06:53,26.07954597,22.92045403,7991.237793
14/11/2020 16:06:54,26.27890778,22.72109222,8045.131348
14/11/2020 16:06:55,26.47826958,22.52173042,8099.025391
14/11/2020 16:06:56,26.67763138,22.32236862,8152.919434
14/11/2020 16:06:57,26.87699318,22.12300682,8206.813477
14/11/2020 16:06:58,27.30548286,22.45822525,8265.725586
14/11/2020 16:06:59,28.10309029,23.65463638,8333.875977
14/11/2020 16:07:00,28.90069771,24.85104752,8402.026367
14/11/2020 16:07:01,29.69830513,26.04745674,8470.177734
14/11/2020 16:07:02,30.49591255,27.24386787,8538.328125
14/11/2020 16:07:03,30.63317299,27.48644257,8509.170898
14/11/2020 16:07:04,29.63636398,26.09090996,8274.182617
14/11/2020 16:07:05,28.63955307,24.69537544,8039.193848
14/11/2020 16:07:06,27.64274406,23.29984093,7804.205078
14/11/2020 16:07:07,26.64593315,21.90430641,7569.216309
14/11/2020 16:07:08,25.57760048,20.71839905,7264.059082
14/11/2020 16:07:09,24.37759972,19.91839981,6810.477051
14/11/2020 16:07:10,23.17760086,19.11840057,6356.89502
14/11/2020 16:07:11,21.9776001,18.31839943,5903.312988
14/11/2020 16:07:12,20.77759933,17.51840019,5449.730957
14/11/2020 16:07:13,20.13993263,17.06996536,5231.924805
14/11/2020 16:07:14,20.53746796,17.26873398,5515.144043
14/11/2020 16:07:15,20.93500328,17.46750069,5798.362793
14/11/2020 16:07:16,21.3325386,17.6662693,6081.582031
14/11/2020 16:07:17,21.73007393,17.86503601,6364.800781
14/11/2020 16:07:18,21.80739975,17.8715992,6519.237793
14/11/2020 16:07:19,21.20739937,17.47159958,6356.84375
14/11/2020 16:07:20,20.60740089,17.07159996,6194.449707
14/11/2020 16:07:21,20.00740051,16.67160034,6032.055664
14/11/2020 16:07:22,19.40740013,16.27160072,5869.661621
14/11/2020 16:07:23,20.02699471,16.89862061,5928.699219
14/11/2020 16:07:24,23.2263546,19.69806099,6532.505371
14/11/2020 16:07:25,26.42571449,22.49750137,7136.311523
14/11/2020 16:07:26,29.62507439,25.29693985,7740.117676
14/11/2020 16:07:27,32.82443619,28.09638023,8343.923828
14/11/2020 16:07:28,34.17312622,29.23673248,8716.079102
14/11/2020 16:07:29,31.58914757,26.85152054,8422.012695
14/11/2020 16:07:30,29.00516701,24.46630859,8127.945313
14/11/2020 16:07:31,26.42118835,22.08109665,7833.878906
14/11/2020 16:07:32,23.8372097,19.6958847,7539.812012
14/11/2020 16:07:33,22,18.11560059,7226.476074
14/11/2020 16:07:34,22,18.5156002,6861.827637
14/11/2020 16:07:35,22,18.91559982,6497.178711
14/11/2020 16:07:36,22,19.31559944,6132.529785
14/11/2020 16:07:37,22,19.71559906,5767.880859
14/11/2020 16:07:38,22.5744381,20.45955086,5664.975098
14/11/2020 16:07:39,24.56211472,22.04969215,6314.834473
14/11/2020 16:07:40,26.54979134,23.63983345,6964.693848
14/11/2020 16:07:41,28.53746796,25.22997475,7614.553223
14/11/2020 16:07:42,30.52514458,26.82011604,8264.412109
14/11/2020 16:07:43,31.58595848,27.58595848,8781.791992
14/11/2020 16:07:44,29.98114395,25.98114395,8803.782227
14/11/2020 16:07:45,28.37632942,24.37632942,8825.773438
14/11/2020 16:07:46,26.77151489,22.77151489,8847.764648
14/11/2020 16:07:47,25.16670036,21.16670036,8869.755859
14/11/2020 16:07:48,23.72781563,19.78225327,8762.855469
14/11/2020 16:07:49,22.73080826,18.98464584,8068.780273
14/11/2020 16:07:50,21.73379898,18.18703842,7374.705078
14/11/2020 16:07:51,20.7367897,17.389431,6680.629395
14/11/2020 16:07:52,19.73978043,16.59182358,5986.554199
14/11/2020 16:07:53,18.94888115,15.9488802,5378.648926
14/11/2020 16:07:54,18.75074387,15.75074291,5126.470215
14/11/2020 16:07:55,18.55260468,15.55260563,4874.291016
14/11/2020 16:07:56,18.35446739,15.35446835,4622.112305
14/11/2020 16:07:57,18.15633011,15.15633011,4369.933594
14/11/2020 16:07:58,18.16775894,15.1677599,4234.982422
14/11/2020 16:07:59,18.96282959,15.96283054,4583.971191
14/11/2020 16:08:00,19.75790024,16.75790024,4932.959473
14/11/2020 16:08:01,20.55297089,17.55297089,5281.948242
14/11/2020 16:08:02,21.34804153,18.34804153,5630.937012
14/11/2020 16:08:03,22.09013557,19.05408096,5940.357422
14/11/2020 16:08:04,22.59088707,19.35453224,6068.29541
14/11/2020 16:08:05,23.09163666,19.65498161,6196.233398
14/11/2020 16:08:06,23.59238815,19.95543289,6324.171387
14/11/2020 16:08:07,24.09313965,20.25588417,6452.109375
14/11/2020 16:08:08,24.59389114,20.55633545,6568.08252
14/11/2020 16:08:09,25.09464264,20.85678482,6629.17627
14/11/2020 16:08:10,25.59539223,21.1572361,6690.270508
14/11/2020 16:08:11,26.09614372,21.45768738,6751.364258
14/11/2020 16:08:12,26.59689522,21.75813675,6812.458496
14/11/2020 16:08:13,27.31100464,22.31100464,6921.627441
14/11/2020 16:08:14,28.90590096,23.90590096,7251.29541
14/11/2020 16:08:15,30.50079727,25.50079727,7580.963379
14/11/2020 16:08:16,32.0956955,27.09569359,7910.631836
14/11/2020 16:08:17,33.6905899,28.6905899,8240.299805
14/11/2020 16:08:18,34.49879837,29.5345993,8466.570313
14/11/2020 16:08:19,31.69879913,26.93460083,8165.765625
14/11/2020 16:08:20,28.8987999,24.33460045,7864.960449
14/11/2020 16:08:21,26.09880066,21.73460007,7564.155762
14/11/2020 16:08:22,23.29879951,19.13459969,7263.350586
14/11/2020 16:08:23,21.21479988,17.25060081,7020.867188
14/11/2020 16:08:24,22.41480064,18.65060043,7075.679199
14/11/2020 16:08:25,23.6147995,20.05060005,7130.491211
14/11/2020 16:08:26,24.81480026,21.45059967,7185.303223
14/11/2020 16:08:27,26.01479912,22.85059929,7240.115723
14/11/2020 16:08:28,26.92861366,23.89292145,7282.239746
14/11/2020 16:08:29,26.52980995,23.29471588,7240.933105
14/11/2020 16:08:30,26.13100624,22.69651031,7199.626465
14/11/2020 16:08:31,25.73220253,22.09830475,7158.319336
14/11/2020 16:08:32,25.33340073,21.50009918,7117.012695
14/11/2020 16:08:33,25.22960091,21.22960091,7098.296387
14/11/2020 16:08:34,26.62960052,22.62960052,7280.659668
14/11/2020 16:08:35,28.02960014,24.02960014,7463.022461
14/11/2020 16:08:36,29.42959976,25.42959976,7645.385742
14/11/2020 16:08:37,30.82959938,26.82959938,7827.748535
14/11/2020 16:08:38,32.03259277,28.03259087,8003.719238
14/11/2020 16:08:39,32.23131943,28.23131943,8094.760254
14/11/2020 16:08:40,32.43004608,28.43004799,8185.80127
14/11/2020 16:08:41,32.62877655,28.62877655,8276.842773
14/11/2020 16:08:42,32.8275032,28.8275032,8367.883789
14/11/2020 16:08:43,32.86881256,28.86881256,8455.547852
14/11/2020 16:08:44,31.8749752,27.8749752,8459.999023
14/11/2020 16:08:45,30.88113785,26.88113785,8464.449219
14/11/2020 16:08:46,29.88729858,25.88729858,8468.900391
14/11/2020 16:08:47,28.89346123,24.89346123,8473.351563
14/11/2020 16:08:48,27.97992516,23.97992516,8477.802734
14/11/2020 16:08:49,27.78115654,23.78115654,8384.151367
14/11/2020 16:08:50,27.58238983,23.58238983,8288.086914
14/11/2020 16:08:51,27.38362122,23.38362122,8192.023438
14/11/2020 16:08:52,27.18485451,23.18485451,8095.959961
14/11/2020 16:08:53,27.02782822,23.02782822,8002.099121
14/11/2020 16:08:54,27.42536354,23.42536354,8001.820313
14/11/2020 16:08:55,27.82289886,23.82289886,8001.541016
14/11/2020 16:08:56,28.22043419,24.22043419,8001.262207
14/11/2020 16:08:57,28.61796951,24.61796951,8000.983398
14/11/2020 16:08:58,28.95378304,24.95378304,7995.932617
14/11/2020 16:08:59,27.7687149,23.7687149,7788.172852
14/11/2020 16:09:00,26.58364677,22.58364677,7580.413574
14/11/2020 16:09:01,25.39857864,21.39857864,7372.653809
14/11/2020 16:09:02,24.21351051,20.21351051,7164.894531
14/11/2020 16:09:03,23.02844238,19.02844238,6967.286133
14/11/2020 16:09:04,24.77346992,20.57641792,7200.882324
14/11/2020 16:09:05,26.59055138,22.1916008,7434.478027
14/11/2020 16:09:06,28.40763092,23.80678368,7668.07373
14/11/2020 16:09:07,30.22471237,25.42196655,7901.669922
14/11/2020 16:09:08,31.97699928,26.98159981,8134.34375
14/11/2020 16:09:09,30.97699928,26.18160057,8236.280273
14/11/2020 16:09:10,29.97699928,25.38159943,8338.21582
14/11/2020 16:09:11,28.97699928,24.58160019,8440.151367
14/11/2020 16:09:12,27.97699928,23.78160095,8542.086914
14/11/2020 16:09:13,26.99539948,22.98620033,8644.023438
14/11/2020 16:09:14,26.79540062,22.38619995,8476.893555
14/11/2020 16:09:15,26.59539986,21.78619957,8303.148438
14/11/2020 16:09:16,26.39539909,21.18619919,8129.402832
14/11/2020 16:09:17,26.19540024,20.58620071,7955.657227
14/11/2020 16:09:18,26.02292633,20.03209686,7781.911621
14/11/2020 16:09:19,27.01973724,21.42763138,7731.05127
14/11/2020 16:09:20,28.01654625,22.82316589,7689.583008
14/11/2020 16:09:21,29.01335716,24.21870041,7648.114258
14/11/2020 16:09:22,30.01016808,25.61423492,7606.645508
14/11/2020 16:09:23,30.99582672,26.99443436,7565.177246
14/11/2020 16:09:24,30.39952278,26.19936371,7541.213867
14/11/2020 16:09:25,29.80322075,25.40429306,7519.23877
14/11/2020 16:09:26,29.20691681,24.60922241,7497.263672
14/11/2020 16:09:27,28.61061478,23.81415176,7475.288574
14/11/2020 16:09:28,28.01431084,23.01908112,7453.313965
14/11/2020 16:09:29,28.38676453,23.77352905,7612.642578
14/11/2020 16:09:30,28.78303909,24.56607819,7796.227539
14/11/2020 16:09:31,29.17931366,25.35862923,7979.812012
14/11/2020 16:09:32,29.57559013,26.15117836,8163.396973
14/11/2020 16:09:33,29.9718647,26.9437294,8346.982422
14/11/2020 16:09:34,29.63068962,26.44603539,8347.316406
14/11/2020 16:09:35,29.2331543,25.84973145,8311.44043
14/11/2020 16:09:36,28.83561897,25.25342941,8275.564453
14/11/2020 16:09:37,28.43808365,24.65712547,8239.688477
14/11/2020 16:09:38,28.04054832,24.06082344,8203.811523
14/11/2020 16:09:39,28.89237785,24.89513588,8218.348633
14/11/2020 16:09:40,29.88611794,25.89194489,8244.025391
14/11/2020 16:09:41,30.87985611,26.8887558,8269.703125
14/11/2020 16:09:42,31.87359619,27.88556671,8295.380859
14/11/2020 16:09:43,32.86733627,28.88237572,8321.058594
14/11/2020 16:09:44,33.86107635,29.69902992,8451.235352
14/11/2020 16:09:45,34.85481644,30.49157906,8612.274414
14/11/2020 16:09:46,35.8485527,31.2841301,8773.314453
14/11/2020 16:09:47,36.84229279,32.07667923,8934.353516
14/11/2020 16:09:48,37.83603287,32.86922836,9095.392578
14/11/2020 16:09:49,34.50418472,29.83712196,8675.334961
14/11/2020 16:09:50,30.31758308,26.04924202,7959.907715
14/11/2020 16:09:51,26.13098145,22.26136398,7244.480957
14/11/2020 16:09:52,21.9443779,18.47348404,6529.053711
14/11/2020 16:09:53,17.75777435,14.685606,5813.626465
14/11/2020 16:09:54,16.67545128,13.67545033,5002.178223
14/11/2020 16:09:55,16.2791748,13.27917576,4145.334961
14/11/2020 16:09:56,15.88290119,12.88290119,3288.492188
14/11/2020 16:09:57,15.48662567,12.48662567,2431.64917
14/11/2020 16:09:58,15.0903511,12.0903511,1574.806152
14/11/2020 16:09:59,15,12,1122.8479
14/11/2020 16:10:00,15,12,923.2854614
14/11/2020 16:10:01,15,12,723.7229614
14/11/2020 16:10:02,15,12,524.1604614
14/11/2020 16:10:03,15,12,324.5979614
14/11/2020 16:10:04,15,11.86697388,221.3141785
14/11/2020 16:10:05,15,11.66633224,186.3306732
14/11/2020 16:10:06,15,11.46569061,151.3471527
14/11/2020 16:10:07,15,11.26504803,116.3636398
14/11/2020 16:10:08,15,11.06440639,81.38012695
14/11/2020 16:10:09,15.8046608,11.93877125,439.7568054
14/11/2020 16:10:10,16.98972893,13.32135105,1135.926147
14/11/2020 16:10:11,18.17479706,14.70393085,1832.095337
14/11/2020 16:10:12,19.35986519,16.0865097,2528.264648
14/11/2020 16:10:13,20.54493332,17.46908951,3224.433838
14/11/2020 16:10:14,21.36732292,18.24488258,3926.442383
14/11/2020 16:10:15,21.96362495,18.64241791,4634.151367
14/11/2020 16:10:16,22.55992889,19.03995323,5341.860352
14/11/2020 16:10:17,23.15623093,19.43748665,6049.569336
14/11/2020 16:10:18,23.75253487,19.83502197,6757.27832
14/11/2020 16:10:19,22.95680618,19.07271576,6700.543945
14/11/2020 16:10:20,21.17356873,17.48761559,5746.418945
14/11/2020 16:10:21,19.39033127,15.90251637,4792.293457
14/11/2020 16:10:22,17.60709381,14.31741619,3838.168457
14/11/2020 16:10:23,15.8238554,12.73231602,2884.043457
14/11/2020 16:10:24,15.10691547,12.10691547,2292.859863
14/11/2020 16:10:25,15.30564404,12.30564404,2156.170898
14/11/2020 16:10:26,15.50437164,12.50437164,2019.481812
14/11/2020 16:10:27,15.7031002,12.7031002,1882.792725
14/11/2020 16:10:28,15.90182877,12.90182877,1746.10376
14/11/2020 16:10:29,15.9497118,12.9497118,1608.891357
14/11/2020 16:10:30,15.85032749,12.85032749,1470.932251
14/11/2020 16:10:31,15.75094414,12.75094414,1332.973022
14/11/2020 16:10:32,15.65156078,12.65156078,1195.013916
14/11/2020 16:10:33,15.55217648,12.55217648,1057.054688
14/11/2020 16:10:34,15.45279312,12.45279312,932.3001099
14/11/2020 16:10:35,15.35340881,12.35340881,827.6017456
14/11/2020 16:10:36,15.25402546,12.25402546,722.9034424
14/11/2020 16:10:37,15.15464115,12.15464115,618.2050781
14/11/2020 16:10:38,15.0552578,12.0552578,513.5067139
14/11/2020 16:10:39,15,12,514.9094238
14/11/2020 16:10:40,15,12,700.1045532
14/11/2020 16:10:41,15,12,885.2997437
14/11/2020 16:10:42,15,12,1070.494873
14/11/2020 16:10:43,15,12,1255.690063
14/11/2020 16:10:44,15,12,1293.639038
14/11/2020 16:10:45,15,12,1092.361206
14/11/2020 16:10:46,15,12,891.083374
14/11/2020 16:10:47,15,12,689.805481
14/11/2020 16:10:48,15,12,488.5276184
14/11/2020 16:10:49,15,11.96036339,329.0339661
14/11/2020 16:10:50,15,11.86052322,273.3457031
14/11/2020 16:10:51,15,11.76068306,217.6574249
14/11/2020 16:10:52,15,11.6608429,161.969162
14/11/2020 16:10:53,15,11.56100273,106.2808838
14/11/2020 16:10:54,15,11.46116257,65.57107544
14/11/2020 16:10:55,15,11.36132145,54.72849274
14/11/2020 16:10:56,15,11.26148129,43.88591385
14/11/2020 16:10:57,15,11.16164112,33.04333115
14/11/2020 16:10:58,15,11.06180096,22.20075226
14/11/2020 16:10:59,15,11.07479382,93.62354279
14/11/2020 16:11:00,15,11.27110291,340.6661377
14/11/2020 16:11:01,15,11.46741295,587.7087402
14/11/2020 16:11:02,15,11.66372204,834.7513428
14/11/2020 16:11:03,15,11.86003113,1081.793945
14/11/2020 16:11:04,15.17383385,12.17383385,1440.190063
14/11/2020 16:11:05,15.77952766,12.77952766,2036.303345
14/11/2020 16:11:06,16.38522148,13.38522148,2632.416748
14/11/2020 16:11:07,16.9909153,13.99091434,3228.530029
14/11/2020 16:11:08,17.59660721,14.59660816,3824.643311
14/11/2020 16:11:09,18.13319969,15.13320065,4262.171387
14/11/2020 16:11:10,18.5320034,15.53200436,4334.901855
14/11/2020 16:11:11,18.93080711,15.93080711,4407.632324
14/11/2020 16:11:12,19.32961082,16.32961082,4480.362793
14/11/2020 16:11:13,19.72841454,16.72841454,4553.093262
14/11/2020 16:11:14,19.68099976,16.68099976,4395.570313
14/11/2020 16:11:15,18.68099976,15.68099976,3708.389893
14/11/2020 16:11:16,17.68099976,14.68099976,3021.209229
14/11/2020 16:11:17,16.68099976,13.68099976,2334.028564
14/11/2020 16:11:18,15.68099976,12.68099976,1646.8479
14/11/2020 16:11:19,14.93640327,12,1095.868164
14/11/2020 16:11:20,14.73704147,12,909.4257202
14/11/2020 16:11:21,14.53767967,12,722.9832764
14/11/2020 16:11:22,14.33831692,12,536.5408936
14/11/2020 16:11:23,14.13895512,12,350.0984802
14/11/2020 16:11:24,14.06060028,12,200.364502
14/11/2020 16:11:25,14.26060009,12,166.8738251
14/11/2020 16:11:26,14.4605999,12,133.3831482
14/11/2020 16:11:27,14.66059971,12,99.89247894
14/11/2020 16:11:28,14.86060047,12,66.40180206
14/11/2020 16:11:29,14.93977356,11.93977356,39.0118866
14/11/2020 16:11:30,14.7410059,11.7410059,32.63570404
14/11/2020 16:11:31,14.54223824,11.54223824,26.25952148
14/11/2020 16:11:32,14.34347057,11.34347057,19.88334084
14/11/2020 16:11:33,14.14470291,11.14470291,13.50715923
14/11/2020 16:11:34,14.10810852,11.08121872,51.18928146
14/11/2020 16:11:35,14.50556469,11.3798151,228.3893585
14/11/2020 16:11:36,14.90302086,11.67841148,405.589447
14/11/2020 16:11:37,15.30047703,11.97700787,582.7895508
14/11/2020 16:11:38,15.6979332,12.27560425,759.989624
14/11/2020 16:11:39,16,12.57420158,944.119873
14/11/2020 16:11:40,16,12.87279797,1150.195557
14/11/2020 16:11:41,16,13.17139435,1356.271362
14/11/2020 16:11:42,16,13.46999073,1562.347046
14/11/2020 16:11:43,16,13.76858807,1768.422729
14/11/2020 16:11:44,15.9548645,13.86459351,1865.087036
14/11/2020 16:11:45,15.75426292,13.26278877,1582.718994
14/11/2020 16:11:46,15.55366135,12.66098309,1300.350952
14/11/2020 16:11:47,15.35305882,12.0591774,1017.98291
14/11/2020 16:11:48,15.15245724,11.45737171,735.6148071
14/11/2020 16:11:49,15,11.04800034,479.8876343
14/11/2020 16:11:50,15,11.24800014,400.8849792
14/11/2020 16:11:51,15,11.44799995,321.8823242
14/11/2020 16:11:52,15,11.64799976,242.8796692
14/11/2020 16:11:53,15,11.84799957,163.8770142
14/11/2020 16:11:54,15,11.95215321,93.20317078
14/11/2020 16:11:55,15,11.7527914,78.26824188
14/11/2020 16:11:56,15,11.55342865,63.3333168
14/11/2020 16:11:57,15,11.35406685,48.39838409
14/11/2020 16:11:58,15,11.15470505,33.4634552
14/11/2020 16:11:59,15,11,18.96486282
14/11/2020 16:12:00,15,11,15.82279491
14/11/2020 16:12:01,15,11,12.68072605
14/11/2020 16:12:02,15,11,9.538658142
14/11/2020 16:12:03,15,11,6.396589756
14/11/2020 16:12:04,15,11,3.430824995
14/11/2020 16:12:05,15,11,2.881460428
14/11/2020 16:12:06,15,11,2.332095623
14/11/2020 16:12:07,15,11,1.782730818
14/11/2020 16:12:08,15,11,1.233366132
14/11/2020 16:12:09,15,11.01291943,0.695527434
14/11/2020 16:12:10,15,11.11230373,0.695021689
14/11/2020 16:12:11,15,11.21168709,0.694515884
14/11/2020 16:12:12,15,11.3110714,0.694010139
14/11/2020 16:12:13,15,11.41045475,0.693504393
14/11/2020 16:12:14,15,11.50983906,0.692998588
14/11/2020 16:12:15,15,11.60922241,0.692492843
14/11/2020 16:12:16,15,11.70860672,0.691987097
14/11/2020 16:12:17,15,11.80799007,0.691481352
14/11/2020 16:12:18,15,11.90737438,0.690975547
14/11/2020 16:12:19,14.98652649,11.98652649,0.690469801
14/11/2020 16:12:20,14.78838921,11.78838921,0.689964056
14/11/2020 16:12:21,14.59025192,11.59025192,0.689458311
14/11/2020 16:12:22,14.39211369,11.39211369,0.688952506
14/11/2020 16:12:23,14.1939764,11.1939764,0.68844676
14/11/2020 16:12:24,14.00421333,11.00421333,0.687941015
14/11/2020 16:12:25,14.20485592,11.20485592,0.687435269
14/11/2020 16:12:26,14.40549755,11.40549755,0.686929464
14/11/2020 16:12:27,14.60613918,11.60613918,0.686423719
14/11/2020 16:12:28,14.80678177,11.80678177,0.685917974
14/11/2020 16:12:29,15,12,0.685412169
14/11/2020 16:12:30,15,12,0.684906423
14/11/2020 16:12:31,15,12,0.684400678
14/11/2020 16:12:32,15,12,0.683894932
14/11/2020 16:12:33,15,12,0.683389127
14/11/2020 16:12:34,15,12,0.682883382
14/11/2020 16:12:35,15,11.80941963,0.682377636
14/11/2020 16:12:36,15,11.61069202,0.681871891
14/11/2020 16:12:37,15,11.41196346,0.681366086
14/11/2020 16:12:38,15,11.2132349,0.680860341
14/11/2020 16:12:39,15,11.01450729,0.680354595
14/11/2020 16:12:40,15,11.09183693,0.67984885
14/11/2020 16:12:41,15,11.19090557,0.679343045
14/11/2020 16:12:42,15,11.28997421,0.678837299
14/11/2020 16:12:43,15,11.38904285,0.678331554
14/11/2020 16:12:44,15,11.4881115,0.677825809
14/11/2020 16:12:45,15,11.58718014,0.677320004
14/11/2020 16:12:46,15,11.68624973,0.676814258
14/11/2020 16:12:47,15,11.78531837,0.676308513
14/11/2020 16:12:48,15,11.88438702,0.675802708
14/11/2020 16:12:49,15,11.98345566,0.675296962
14/11/2020 16:12:50,15,12,0.674791217
14/11/2020 16:12:51,15,12,0.674285471
14/11/2020 16:12:52,15,12,0.673779666
14/11/2020 16:12:53,15,12,0.673273921
14/11/2020 16:12:54,15,12,0.672768176
14/11/2020 16:12:55,15,11.83286476,0.67226243
14/11/2020 16:12:56,15,11.63222313,0.671756625
14/11/2020 16:12:57,15,11.4315815,0.67125088
14/11/2020 16:12:58,15,11.23093891,0.670745134
14/11/2020 16:12:59,15,11.03029728,0.670239389
14/11/2020 16:13:00,15,11,0.669733584
14/11/2020 16:13:01,15,11,0.669227839
14/11/2020 16:13:02,15,11,0.668722093
14/11/2020 16:13:03,15,11,0.668216288
14/11/2020 16:13:04,15,11,0.667710543
14/11/2020 16:13:05,15,11.16660023,0.667204797
14/11/2020 16:13:06,15,11.36660004,0.666699052
14/11/2020 16:13:07,15,11.56659985,0.666193247
14/11/2020 16:13:08,15,11.76659966,0.665687501
14/11/2020 16:13:09,15,11.96660042,0.665181756
14/11/2020 16:13:10,14.83389854,11.83389854,0.664676011
14/11/2020 16:13:11,14.63449669,11.63449669,0.664170206
14/11/2020 16:13:12,14.43509483,11.43509483,0.66366446
14/11/2020 16:13:13,14.23569298,11.23569298,0.663158715
14/11/2020 16:13:14,14.03629112,11.03629112,0.662652969
14/11/2020 16:13:15,14.16307831,11.16307831,0.662147164
14/11/2020 16:13:16,14.36244011,11.36244011,0.661641419
14/11/2020 16:13:17,14.56180191,11.56180191,0.661135674
14/11/2020 16:13:18,14.76116467,11.76116467,0.660629869
14/11/2020 16:13:19,14.96052647,11.96052647,0.660124123
14/11/2020 16:13:20,15,12,0.659618378
14/11/2020 16:13:21,15,12,0.659112632
14/11/2020 16:13:22,15,12,0.658606827
14/11/2020 16:13:23,15,12,0.658101082
14/11/2020 16:13:24,15,12,0.657595336
14/11/2020 16:13:25,15,12,0.657089591
14/11/2020 16:13:26,15,12,0.656583786
14/11/2020 16:13:27,15,12,0.656078041
14/11/2020 16:13:28,15,12,0.655572295
14/11/2020 16:13:29,15,12,0.65506655
14/11/2020 16:13:30,15,11.86057472,0.654560745
14/11/2020 16:13:31,15,11.6636467,0.654054999
14/11/2020 16:13:32,15,11.46671963,0.653549254
14/11/2020 16:13:33,15,11.2697916,0.653043449
14/11/2020 16:13:34,15,11.07286358,0.652537704
14/11/2020 16:13:35,15,11.0625124,0.652031958
14/11/2020 16:13:36,15,11.1617384,0.651526213
14/11/2020 16:13:37,15,11.26096439,0.651020408
14/11/2020 16:13:38,15,11.36019039,0.650514662
14/11/2020 16:13:39,15,11.45941639,0.650008917
14/11/2020 16:13:40,15,11.55864239,0.649503171
14/11/2020 16:13:41,15,11.65786839,0.648997366
14/11/2020 16:13:42,15,11.75709438,0.648491621
14/11/2020 16:13:43,15,11.85632038,0.647985876
14/11/2020 16:13:44,15,11.95554638,0.64748013
14/11/2020 16:13:45,15,12,0.646974325
14/11/2020 16:13:46,15,12,0.64646858
14/11/2020 16:13:47,15,12,0.645962834
14/11/2020 16:13:48,15,12,0.645457089
14/11/2020 16:13:49,15,12,0.644951284
14/11/2020 16:13:50,15,12,0.644445539
14/11/2020 16:13:51,15,12,0.643939793
14/11/2020 16:13:52,15,12,0.643433988
14/11/2020 16:13:53,15,12,0.642928243
14/11/2020 16:13:54,15,12,0.642422497
14/11/2020 16:13:55,15,11.90580273,0.641916752
14/11/2020 16:13:56,15,11.70707512,0.641410947
14/11/2020 16:13:57,15,11.50834656,0.640905201
14/11/2020 16:13:58,15,11.309618,0.640399456
14/11/2020 16:13:59,15,11.11089039,0.639893711
14/11/2020 16:14:00,15,11.08813572,0.639387906
14/11/2020 16:14:01,15,11.28753757,0.63888216
14/11/2020 16:14:02,15,11.48693943,0.638376415
14/11/2020 16:14:03,15,11.68634129,0.637870669
14/11/2020 16:14:04,15,11.88574314,0.637364864
14/11/2020 16:14:05,15,12,0.636859119
14/11/2020 16:14:06,15,12,0.636353374
14/11/2020 16:14:07,15,12,0.635847569
14/11/2020 16:14:08,15,12,0.635341823
14/11/2020 16:14:09,15,12,0.634836078
14/11/2020 16:14:10,15,11.91830635,0.634330332
14/11/2020 16:14:11,15,11.71953869,0.633824527
14/11/2020 16:14:12,15,11.52077103,0.633318782
14/11/2020 16:14:13,15,11.32200336,0.632813036
14/11/2020 16:14:14,15,11.1232357,0.632307291
14/11/2020 16:14:15,15,11.07598495,0.631801486
14/11/2020 16:14:16,15,11.27594471,0.631295741
14/11/2020 16:14:17,15,11.47590446,0.630789995
14/11/2020 16:14:18,15,11.67586517,0.63028425
14/11/2020 16:14:19,15,11.87582493,0.629778445
14/11/2020 16:14:20,15,11.9241848,0.629272699
14/11/2020 16:14:21,15,11.72414494,0.628766954
14/11/2020 16:14:22,15,11.52410507,0.628261149
14/11/2020 16:14:23,15,11.32406521,0.627755404
14/11/2020 16:14:24,15,11.12402439,0.627249658
14/11/2020 16:14:25,15,11.07505417,0.626743913
14/11/2020 16:14:26,15,11.27256584,0.626238108
14/11/2020 16:14:27,15,11.47007656,0.625732362
14/11/2020 16:14:28,15,11.66758823,0.625226617
14/11/2020 16:14:29,15,11.86509991,0.624720871
14/11/2020 16:14:30,14.93620491,11.93620491,0.624215066
14/11/2020 16:14:31,14.73495674,11.73495674,0.623709321
14/11/2020 16:14:32,14.53370857,11.53370857,0.623203576
14/11/2020 16:14:33,14.33246136,11.33246136,0.62269783
14/11/2020 16:14:34,14.13121319,11.13121319,0.622192025
14/11/2020 16:14:35,14.03469276,11,0.62168628
14/11/2020 16:14:36,14.1343832,11,0.621180534
14/11/2020 16:14:37,14.23407459,11,0.620674729
14/11/2020 16:14:38,14.33376503,11,0.620168984
14/11/2020 16:14:39,14.43345642,11,0.619663239
14/11/2020 16:14:40,14.53314686,11.05755711,0.619157493
14/11/2020 16:14:41,14.63283825,11.25880432,0.618651688
14/11/2020 16:14:42,14.73252869,11.46005249,0.618145943
14/11/2020 16:14:43,14.83222008,11.66129971,0.617640197
14/11/2020 16:14:44,14.93191147,11.86254787,0.617134452
14/11/2020 16:14:45,14.93680191,12,0.616628647
14/11/2020 16:14:46,14.73744011,12,0.616122901
14/11/2020 16:14:47,14.53807831,12,0.615617156
14/11/2020 16:14:48,14.33871651,12,0.615111411
14/11/2020 16:14:49,14.13935375,12,0.614605606
14/11/2020 16:14:50,14.06039333,12,0.61409986
14/11/2020 16:14:51,14.26103497,12,0.613594115
14/11/2020 16:14:52,14.46167755,12,0.61308831
14/11/2020 16:14:53,14.66231918,12,0.612582564
14/11/2020 16:14:54,14.86296177,12,0.612076819
14/11/2020 16:14:55,15,11.93680191,0.611571074
14/11/2020 16:14:56,15,11.73744011,0.611065269
14/11/2020 16:14:57,15,11.53807831,0.610559523
14/11/2020 16:14:58,15,11.33871651,0.610053778
14/11/2020 16:14:59,15,11.13935375,0.609548032
14/11/2020 16:15:00,15,11.02995872,0.609042227
14/11/2020 16:15:01,15,11.12949181,0.608536482
14/11/2020 16:15:02,15,11.22902393,0.608030736
14/11/2020 16:15:03,15,11.32855606,0.607524991
14/11/2020 16:15:04,15,11.42808819,0.607019186
14/11/2020 16:15:05,15,11.52762032,0.606513441
14/11/2020 16:15:06,15,11.62715244,0.606007695
14/11/2020 16:15:07,15,11.72668457,0.60550195
14/11/2020 16:15:08,15,11.8262167,0.604996145
14/11/2020 16:15:09,15,11.92574883,0.604490399
14/11/2020 16:15:10,15,11.9493618,0.603984654
14/11/2020 16:15:11,15,11.75,0.603478849
14/11/2020 16:15:12,15,11.5506382,0.602973104
14/11/2020 16:15:13,15,11.35127544,0.602467358
14/11/2020 16:15:14,15,11.15191364,0.601961613
14/11/2020 16:15:15,15,11.02368832,0.601455808
14/11/2020 16:15:16,15,11.12322044,0.600950062
14/11/2020 16:15:17,15,11.22275352,0.600444317
14/11/2020 16:15:18,15,11.32228565,0.599938571
14/11/2020 16:15:19,15,11.42181778,0.599432766
14/11/2020 16:15:20,15,11.52134991,0.598927021
14/11/2020 16:15:21,15,11.62088203,0.598421276
14/11/2020 16:15:22,15,11.72041416,0.59791553
14/11/2020 16:15:23,15,11.81994629,0.597409725
14/11/2020 16:15:24,15,11.91947842,0.59690398
14/11/2020 16:15:25,15,12,0.596398234
14/11/2020 16:15:26,15,12,0.595892429
14/11/2020 16:15:27,15,12,0.595386684
14/11/2020 16:15:28,15,12,0.594880939
14/11/2020 16:15:29,15,12,0.594375193
14/11/2020 16:15:30,15,12,0.593869388
14/11/2020 16:15:31,15,12,0.593363643
14/11/2020 16:15:32,15,12,0.592857897
14/11/2020 16:15:33,15,12,0.592352152
14/11/2020 16:15:34,15,12,0.591846347
14/11/2020 16:15:35,14.97459602,11.97459602,0.591340601
14/11/2020 16:15:36,14.777668,11.777668,0.590834856
14/11/2020 16:15:37,14.58073997,11.58073997,0.590329111
14/11/2020 16:15:38,14.3838129,11.3838129,0.589823306
14/11/2020 16:15:39,14.18688488,11.18688488,0.58931756
14/11/2020 16:15:40,14.01019955,11.00511551,0.588811815
14/11/2020 16:15:41,14.21020031,11.10542679,0.58830601
14/11/2020 16:15:42,14.41020012,11.20573807,0.587800264
14/11/2020 16:15:43,14.61019993,11.30604839,0.587294519
14/11/2020 16:15:44,14.81019974,11.40635967,0.586788774
14/11/2020 16:15:45,14.98973656,11.50667095,0.586282969
14/11/2020 16:15:46,14.78848839,11.60698128,0.585777223
14/11/2020 16:15:47,14.58724117,11.70729256,0.585271478
14/11/2020 16:15:48,14.385993,11.80760384,0.584765732
14/11/2020 16:15:49,14.18474579,11.90791416,0.584259927
14/11/2020 16:15:50,14.0081749,11.98365211,0.583754182
14/11/2020 16:15:51,14.10786533,11.78429031,0.583248436
14/11/2020 16:15:52,14.20755672,11.58492851,0.582742691
14/11/2020 16:15:53,14.30724716,11.38556576,0.582236886
14/11/2020 16:15:54,14.40693855,11.18620396,0.581731141
14/11/2020 16:15:55,14.50662899,11.01316071,0.581225395
14/11/2020 16:15:56,14.60632038,11.21256256,0.58071959
14/11/2020 16:15:57,14.70601177,11.41196442,0.580213845
14/11/2020 16:15:58,14.80570221,11.61136627,0.579708099
14/11/2020 16:15:59,14.9053936,11.81076813,0.579202354
14/11/2020 16:16:00,14.9898653,11.9898653,0.578696549
14/11/2020 16:16:01,14.79113674,11.79113674,0.578190804
14/11/2020 16:16:02,14.59240818,11.59240818,0.577685058
14/11/2020 16:16:03,14.39368057,11.39368057,0.577179313
14/11/2020 16:16:04,14.19495201,11.19495201,0.576673508
14/11/2020 16:16:05,14.00380039,11.00380039,0.576167762
14/11/2020 16:16:06,14.2038002,11.2038002,0.575662017
14/11/2020 16:16:07,14.40380001,11.40380001,0.575156271
14/11/2020 16:16:08,14.60379982,11.60379982,0.574650466
14/11/2020 16:16:09,14.80379963,11.80379963,0.574144721
14/11/2020 16:16:10,15,11.99619961,0.573638976
14/11/2020 16:16:11,15,11.7961998,0.57313323
14/11/2020 16:16:12,15,11.59619999,0.572627425
14/11/2020 16:16:13,15,11.39620018,0.57212168
14/11/2020 16:16:14,15,11.19620037,0.571615934
14/11/2020 16:16:15,15,11.00377655,0.571110129
14/11/2020 16:16:16,15,11.20254421,0.570604384
14/11/2020 16:16:17,15,11.40131187,0.570098639
14/11/2020 16:16:18,15,11.60007954,0.569592893
14/11/2020 16:16:19,15,11.7988472,0.569087088
14/11/2020 16:16:20,15,11.99761486,0.568581343
14/11/2020 16:16:21,15,12,0.568075597
14/11/2020 16:16:22,15,12,0.567569852
14/11/2020 16:16:23,15,12,0.567064047
14/11/2020 16:16:24,15,12,0.566558301
14/11/2020 16:16:25,15,12,0.566052556
14/11/2020 16:16:26,15,11.80921078,0.565546811
14/11/2020 16:16:27,15,11.60984802,0.565041006
14/11/2020 16:16:28,15,11.41048622,0.56453526
14/11/2020 16:16:29,15,11.21112442,0.564029515
14/11/2020 16:16:30,15,11.01176262,0.56352371
14/11/2020 16:16:31,15,11.1882,0.563017964
14/11/2020 16:16:32,15,11.38819981,0.562512219
14/11/2020 16:16:33,15,11.58819962,0.562006474
14/11/2020 16:16:34,15,11.78820038,0.561500669
14/11/2020 16:16:35,15,11.98820019,0.560994923
14/11/2020 16:16:36,14.81414223,11.81414223,0.560489178
14/11/2020 16:16:37,14.61663055,11.61663055,0.559983432
14/11/2020 16:16:38,14.41911888,11.41911888,0.559477627
14/11/2020 16:16:39,14.22160816,11.22160816,0.558971882
14/11/2020 16:16:40,14.02409649,11.02409649,0.558466136
14/11/2020 16:16:41,14.17726612,11.17726612,0.557960391
14/11/2020 16:16:42,14.37916374,11.37916374,0.557454586
14/11/2020 16:16:43,14.58106232,11.58106232,0.556948841
14/11/2020 16:16:44,14.78295994,11.78295994,0.556443095
14/11/2020 16:16:45,14.98485756,11.98485756,0.55593729
14/11/2020 16:16:46,15,12,0.555431545
14/11/2020 16:16:47,15,12,0.554925799
14/11/2020 16:16:48,15,12,0.554420054
14/11/2020 16:16:49,15,12,0.553914249
14/11/2020 16:16:50,15,12,0.553408504
14/11/2020 16:16:51,15,11.82548237,0.552902758
14/11/2020 16:16:52,15,11.62671471,0.552397013
14/11/2020 16:16:53,15,11.42794704,0.551891208
14/11/2020 16:16:54,15,11.22917938,0.551385462
14/11/2020 16:16:55,15,11.03041172,0.550879717
14/11/2020 16:16:56,15,11.08443832,0.550373971
14/11/2020 16:16:57,15,11.18412876,0.549868166
14/11/2020 16:16:58,15,11.28382015,0.549362421
14/11/2020 16:16:59,15,11.38351154,0.548856676
14/11/2020 16:17:00,15,11.48320198,0.548350871
14/11/2020 16:17:01,14.83679962,11.58289337,0.547845125
14/11/2020 16:17:02,14.63679981,11.68258381,0.54733938
14/11/2020 16:17:03,14.4368,11.7822752,0.546833634
14/11/2020 16:17:04,14.23680019,11.88196564,0.546327829
14/11/2020 16:17:05,14.03680038,11.98165703,0.545822084
14/11/2020 16:17:06,14,11.83679962,0.545316339
14/11/2020 16:17:07,14,11.63679981,0.544810593
14/11/2020 16:17:08,14,11.4368,0.544304788
14/11/2020 16:17:09,14,11.23680019,0.543799043
14/11/2020 16:17:10,14,11.03680038,0.543293297
14/11/2020 16:17:11,14.08133984,11.08133984,0.542787552
14/11/2020 16:17:12,14.18102074,11.18102074,0.542281747
14/11/2020 16:17:13,14.28070164,11.28070164,0.541776001
14/11/2020 16:17:14,14.38038254,11.38038254,0.541270256
14/11/2020 16:17:15,14.48006344,11.48006344,0.540764451
14/11/2020 16:17:16,14.57974529,11.57974529,0.540258706
14/11/2020 16:17:17,14.67942619,11.67942619,0.53975296
14/11/2020 16:17:18,14.77910709,11.77910709,0.539247215
14/11/2020 16:17:19,14.87878799,11.87878799,0.53874141
14/11/2020 16:17:20,14.97846889,11.97846889,0.538235664
14/11/2020 16:17:21,15,12,0.537729919
14/11/2020 16:17:22,15,12,0.537224174
14/11/2020 16:17:23,15,12,0.536718369
14/11/2020 16:17:24,15,12,0.536212623
14/11/2020 16:17:25,15,12,0.535706878
14/11/2020 16:17:26,15,11.84619999,0.535201132
14/11/2020 16:17:27,15,11.64620018,0.534695327
14/11/2020 16:17:28,15,11.44620037,0.534189582
14/11/2020 16:17:29,15,11.24619961,0.533683836
14/11/2020 16:17:30,15,11.0461998,0.533178091
14/11/2020 16:17:31,15,11.15426254,0.532672286
14/11/2020 16:17:32,15,11.35486412,0.532166541
14/11/2020 16:17:33,15,11.55546665,0.531660795
14/11/2020 16:17:34,15,11.75606823,0.53115499
14/11/2020 16:17:35,15,11.95666981,0.530649245
14/11/2020 16:17:36,15,12,0.530143499
14/11/2020 16:17:37,15,12,0.529637754
14/11/2020 16:17:38,15,12,0.529131949
14/11/2020 16:17:39,15,12,0.528626204
14/11/2020 16:17:40,15,12,0.528120458
14/11/2020 16:17:41,14.85032749,11.85032749,0.527614713
14/11/2020 16:17:42,14.65156078,11.65156078,0.527108908
14/11/2020 16:17:43,14.45279312,11.45279312,0.526603162
14/11/2020 16:17:44,14.25402546,11.25402546,0.526097417
14/11/2020 16:17:45,14.0552578,11.0552578,0.525591671
14/11/2020 16:17:46,14.14483452,11.14483452,0.525085866
14/11/2020 16:17:47,14.3454361,11.3454361,0.524580121
14/11/2020 16:17:48,14.54603767,11.54603767,0.524074376
14/11/2020 16:17:49,14.74664021,11.74664021,0.523568571
14/11/2020 16:17:50,14.94724178,11.94724178,0.523062825
14/11/2020 16:17:51,14.8544054,12,0.52255708
14/11/2020 16:17:52,14.65685463,12,0.522051334
14/11/2020 16:17:53,14.45930481,12,0.521545529
14/11/2020 16:17:54,14.26175404,12,0.521039784
14/11/2020 16:17:55,14.06420422,12,0.520534039
14/11/2020 16:17:56,14.0666666,11.86668015,0.520028293
14/11/2020 16:17:57,14.16543198,11.66916847,0.519522488
14/11/2020 16:17:58,14.26419735,11.4716568,0.519016743
14/11/2020 16:17:59,14.36296272,11.27414608,0.518510997
14/11/2020 16:18:00,14.4617281,11.07663441,0.518005252
14/11/2020 16:18:01,14.56049347,11.12090111,0.517499447
14/11/2020 16:18:02,14.65925884,11.31845093,0.516993701
14/11/2020 16:18:03,14.75802422,11.5160017,0.516487956
14/11/2020 16:18:04,14.85679054,11.71355152,0.515982151
14/11/2020 16:18:05,14.95555592,11.91110229,0.515476406
14/11/2020 16:18:06,15,11.88966942,0.51497066
14/11/2020 16:18:07,15,11.68906689,0.514464915
14/11/2020 16:18:08,15,11.48846531,0.51395911
14/11/2020 16:18:09,15,11.28786373,0.513453364
14/11/2020 16:18:10,15,11.08726215,0.512947619
14/11/2020 16:18:11,15,11.11370468,0.512441874
14/11/2020 16:18:12,15,11.31495285,0.511936069
14/11/2020 16:18:13,15,11.51620007,0.511430323
14/11/2020 16:18:14,15,11.71744823,0.510924578
14/11/2020 16:18:15,15,11.91869545,0.510418832
14/11/2020 16:18:16,14.88153458,11.9406786,0.509913027
14/11/2020 16:18:17,14.68276691,11.84114647,0.509407282
14/11/2020 16:18:18,14.48399925,11.74161434,0.508901536
14/11/2020 16:18:19,14.28523159,11.64208221,0.508395731
14/11/2020 16:18:20,14.08646393,11.54255009,0.507889986
14/11/2020 16:18:21,14.11263943,11.44301796,0.507384241
14/11/2020 16:18:22,14.31200123,11.34348583,0.506878495
14/11/2020 16:18:23,14.51136398,11.2439537,0.50637269
14/11/2020 16:18:24,14.71072578,11.14442158,0.505866945
14/11/2020 16:18:25,14.91008759,11.04488945,0.505361199
14/11/2020 16:18:26,15,11.10912323,0.504855454
14/11/2020 16:18:27,15,11.30789089,0.504349649
14/11/2020 16:18:28,15,11.50665855,0.503843904
14/11/2020 16:18:29,15,11.70542622,0.503338158
14/11/2020 16:18:30,15,11.90419388,0.502832413
14/11/2020 16:18:31,14.89640045,11.89640045,0.502326608
14/11/2020 16:18:32,14.69639969,11.69639969,0.501820862
14/11/2020 16:18:33,14.49639988,11.49639988,0.501315117
14/11/2020 16:18:34,14.29640007,11.29640007,0.500809371
14/11/2020 16:18:35,14.09640026,11.09640026,0.500303566
14/11/2020 16:18:36,14.10296154,11.10296154,0.499797821
14/11/2020 16:18:37,14.3017292,11.3017292,0.499292046
14/11/2020 16:18:38,14.50049686,11.50049686,0.4987863
14/11/2020 16:18:39,14.69926453,11.69926453,0.498280525
14/11/2020 16:18:40,14.89803219,11.89803219,0.49777478
14/11/2020 16:18:41,14.9019928,11.9019928,0.497269005
14/11/2020 16:18:42,14.70074463,11.70074463,0.496763259
14/11/2020 16:18:43,14.49949646,11.49949646,0.496257484
14/11/2020 16:18:44,14.29824924,11.29824924,0.495751739
14/11/2020 16:18:45,14.09700108,11.09700108,0.495245963
14/11/2020 16:18:46,14.0517168,11.0517168,0.494740218
14/11/2020 16:18:47,14.15155792,11.15155792,0.494234443
14/11/2020 16:18:48,14.25139809,11.25139809,0.493728697
14/11/2020 16:18:49,14.35123825,11.35123825,0.493222922
14/11/2020 16:18:50,14.45107841,11.45107841,0.492717147
14/11/2020 16:18:51,14.55091858,11.55091858,0.492211401
14/11/2020 16:18:52,14.65075874,11.65075874,0.491705626
14/11/2020 16:18:53,14.75059891,11.75059891,0.491199881
14/11/2020 16:18:54,14.85043907,11.85043907,0.490694106
14/11/2020 16:18:55,14.95027924,11.95027924,0.49018836
14/11/2020 16:18:56,15,11.89960003,0.489682585
14/11/2020 16:18:57,15,11.69960022,0.48917684
14/11/2020 16:18:58,15,11.49960041,0.488671064
14/11/2020 16:18:59,15,11.29959965,0.488165319
14/11/2020 16:19:00,15,11.09959984,0.487659544
14/11/2020 16:19:01,15,11.10039997,0.487153798
14/11/2020 16:19:02,15,11.30039978,0.486648023
14/11/2020 16:19:03,15,11.50039959,0.486142278
14/11/2020 16:19:04,15,11.70040035,0.485636503
14/11/2020 16:19:05,15,11.90040016,0.485130757
14/11/2020 16:19:06,15,11.90053463,0.484624982
14/11/2020 16:19:07,15,11.70239735,0.484119207
14/11/2020 16:19:08,15,11.50426006,0.483613461
14/11/2020 16:19:09,15,11.30612278,0.483107686
14/11/2020 16:19:10,15,11.10798454,0.482601941
14/11/2020 16:19:11,15,11.09072781,0.482096165
14/11/2020 16:19:12,15,11.29012966,0.48159042
14/11/2020 16:19:13,15,11.48953152,0.481084645
14/11/2020 16:19:14,15,11.68893337,0.480578899
14/11/2020 16:19:15,15,11.88833523,0.480073124
14/11/2020 16:19:16,15,12,0.479567379
14/11/2020 16:19:17,15,12,0.479061604
14/11/2020 16:19:18,15,12,0.478555858
14/11/2020 16:19:19,15,12,0.478050083
14/11/2020 16:19:20,15,12,0.477544338
14/11/2020 16:19:21,15,11.92165089,0.477038562
14/11/2020 16:19:22,15,11.72228909,0.476532787
14/11/2020 16:19:23,15,11.52292633,0.476027042
14/11/2020 16:19:24,15,11.32356453,0.475521266
14/11/2020 16:19:25,15,11.12420273,0.475015521
14/11/2020 16:19:26,15,11.07540035,0.474509746
14/11/2020 16:19:27,15,11.27540016,0.474004
14/11/2020 16:19:28,15,11.47539997,0.473498225
14/11/2020 16:19:29,15,11.67539978,0.47299248
14/11/2020 16:19:30,15,11.87539959,0.472486705
14/11/2020 16:19:31,14.92530251,11.92530251,0.471980959
14/11/2020 16:19:32,14.72716427,11.72716427,0.471475184
14/11/2020 16:19:33,14.52902699,11.52902699,0.470969439
14/11/2020 16:19:34,14.3308897,11.3308897,0.470463663
14/11/2020 16:19:35,14.13275242,11.13275242,0.469957918
14/11/2020 16:19:36,14.06599998,11.06599998,0.469452143
14/11/2020 16:19:37,14.26599979,11.26599979,0.468946397
14/11/2020 16:19:38,14.4659996,11.4659996,0.468440622
14/11/2020 16:19:39,14.66600037,11.66600037,0.467934847
14/11/2020 16:19:40,14.86600018,11.86600018,0.467429101
14/11/2020 16:19:41,15,12,0.466923326
14/11/2020 16:19:42,15,12,0.466417581
14/11/2020 16:19:43,15,12,0.465911806
14/11/2020 16:19:44,15,12,0.46540606
14/11/2020 16:19:45,15,12,0.464900285
14/11/2020 16:19:46,14.93400002,11.93400002,0.46439454
14/11/2020 16:19:47,14.73400021,11.73400021,0.463888764
14/11/2020 16:19:48,14.5340004,11.5340004,0.463383019
14/11/2020 16:19:49,14.33399963,11.33399963,0.462877244
14/11/2020 16:19:50,14.13399982,11.13399982,0.462371498
14/11/2020 16:19:51,14.06599998,11.06599998,0.461865723
14/11/2020 16:19:52,14.26599979,11.26599979,0.461359978
14/11/2020 16:19:53,14.4659996,11.4659996,0.460854203
14/11/2020 16:19:54,14.66600037,11.66600037,0.460348427
14/11/2020 16:19:55,14.86600018,11.86600018,0.459842682
14/11/2020 16:19:56,14.93440628,11.93440628,0.459336907
14/11/2020 16:19:57,14.73563862,11.73563862,0.458831161
14/11/2020 16:19:58,14.53687096,11.53687096,0.458325386
14/11/2020 16:19:59,14.33810329,11.33810329,0.457819641
14/11/2020 16:20:00,14.13933659,11.13933659,0.457313865
14/11/2020 16:20:01,14.06017303,11.06017303,0.45680812
14/11/2020 16:20:02,14.2614212,11.2614212,0.456302345
14/11/2020 16:20:03,14.46266842,11.46266842,0.455796599
14/11/2020 16:20:04,14.66391659,11.66391659,0.455290824
14/11/2020 16:20:05,14.8651638,11.8651638,0.454785079
14/11/2020 16:20:06,15,12,0.454279304
14/11/2020 16:20:07,15,12,0.453773558
14/11/2020 16:20:08,15,12,0.453267783
14/11/2020 16:20:09,15,12,0.452762038
14/11/2020 16:20:10,15,12,0.452256262
14/11/2020 16:20:11,15,11.94040012,0.451750487
14/11/2020 16:20:12,15,11.74040031,0.451244742
14/11/2020 16:20:13,15,11.54039955,0.450738966
14/11/2020 16:20:14,15,11.34039974,0.450233221
14/11/2020 16:20:15,15,11.14039993,0.449727446
14/11/2020 16:20:16,15,11.02975559,0.4492217
14/11/2020 16:20:17,15,11.12960529,0.448715925
14/11/2020 16:20:18,15,11.22945595,0.44821018
14/11/2020 16:20:19,15,11.32930565,0.447704405
14/11/2020 16:20:20,15,11.4291563,0.447198659
14/11/2020 16:20:21,15,11.52900696,0.446692884
14/11/2020 16:20:22,15,11.62885666,0.446187139
14/11/2020 16:20:23,15,11.72870731,0.445681363
14/11/2020 16:20:24,15,11.82855701,0.445175618
14/11/2020 16:20:25,15,11.92840767,0.444669843
14/11/2020 16:20:26,15,11.94392681,0.444164068
14/11/2020 16:20:27,15,11.74578953,0.443658322
14/11/2020 16:20:28,15,11.54765224,0.443152547
14/11/2020 16:20:29,15,11.34951496,0.442646801
14/11/2020 16:20:30,15,11.15137672,0.442141026
14/11/2020 16:20:31,15,11.0473423,0.441635281
14/11/2020 16:20:32,15,11.24794388,0.441129506
14/11/2020 16:20:33,15,11.44854546,0.44062376
14/11/2020 16:20:34,15,11.64914703,0.440117985
14/11/2020 16:20:35,15,11.84974957,0.43961224
14/11/2020 16:20:36,15,12,0.439106464
14/11/2020 16:20:37,15,12,0.438600719
14/11/2020 16:20:38,15,12,0.438094944
14/11/2020 16:20:39,15,12,0.437589198
14/11/2020 16:20:40,15,12,0.437083423
14/11/2020 16:20:41,15,12,0.436577678
14/11/2020 16:20:42,15,12,0.436071903
14/11/2020 16:20:43,15,12,0.435566127
14/11/2020 16:20:44,15,12,0.435060382
14/11/2020 16:20:45,15,12,0.434554607
14/11/2020 16:20:46,15,11.9796629,0.434048861
14/11/2020 16:20:47,15,11.87997246,0.433543086
14/11/2020 16:20:48,15,11.78028107,0.433037341
14/11/2020 16:20:49,15,11.68059063,0.432531565
14/11/2020 16:20:50,15,11.58089924,0.43202582
14/11/2020 16:20:51,15,11.48120785,0.431520045
14/11/2020 16:20:52,15,11.38151741,0.431014299
14/11/2020 16:20:53,15,11.28182602,0.430508524
14/11/2020 16:20:54,15,11.18213558,0.430002779
14/11/2020 16:20:55,15,11.08244419,0.429497004
14/11/2020 16:20:56,15,11.03460026,0.428991258
14/11/2020 16:20:57,15,11.23460007,0.428485483
14/11/2020 16:20:58,15,11.43459988,0.427979708
14/11/2020 16:20:59,15,11.63459969,0.427473962
14/11/2020 16:21:00,15,11.83460045,0.426968187
14/11/2020 16:21:01,15,11.96572208,0.426462442
14/11/2020 16:21:02,15,11.7675848,0.425956666
14/11/2020 16:21:03,15,11.56944752,0.425450921
14/11/2020 16:21:04,15,11.37130928,0.424945146
14/11/2020 16:21:05,15,11.173172,0.4244394
14/11/2020 16:21:06,15,11.02496529,0.423933625
14/11/2020 16:21:07,15,11.22310257,0.42342788
14/11/2020 16:21:08,15,11.42124081,0.422922105
14/11/2020 16:21:09,15,11.61937809,0.422416359
14/11/2020 16:21:10,15,11.81751537,0.421910584
14/11/2020 16:21:11,14.98414898,11.98414898,0.421404839
14/11/2020 16:21:12,14.78350735,11.78350735,0.420899063
14/11/2020 16:21:13,14.58286476,11.58286476,0.420393288
14/11/2020 16:21:14,14.38222313,11.38222313,0.419887543
14/11/2020 16:21:15,14.1815815,11.1815815,0.419381768
14/11/2020 16:21:16,14.00948524,11.00948524,0.418876022
14/11/2020 16:21:17,14.10932541,11.10932541,0.418370247
14/11/2020 16:21:18,14.20916557,11.20916557,0.417864501
14/11/2020 16:21:19,14.30900574,11.30900574,0.417358726
14/11/2020 16:21:20,14.4088459,11.4088459,0.416852981
14/11/2020 16:21:21,14.50868607,11.50868607,0.416347206
14/11/2020 16:21:22,14.60852623,11.60852623,0.41584146
14/11/2020 16:21:23,14.70836639,11.70836639,0.415335685
14/11/2020 16:21:24,14.80820656,11.80820656,0.41482994
14/11/2020 16:21:25,14.90804672,11.90804672,0.414324164
14/11/2020 16:21:26,15,11.98414898,0.413818419
14/11/2020 16:21:27,15,11.78350735,0.413312644
14/11/2020 16:21:28,15,11.58286476,0.412806898
14/11/2020 16:21:29,15,11.38222313,0.412301123
14/11/2020 16:21:30,15,11.1815815,0.411795348
14/11/2020 16:21:31,15,11.01900005,0.411289603
14/11/2020 16:21:32,15,11.21899986,0.410783827
14/11/2020 16:21:33,15,11.41899967,0.410278082
14/11/2020 16:21:34,15,11.61900043,0.409772307
14/11/2020 16:21:35,15,11.81900024,0.409266561
14/11/2020 16:21:36,14.98112106,11.98112106,0.408760786
14/11/2020 16:21:37,14.7823925,11.7823925,0.408255041
14/11/2020 16:21:38,14.58366489,11.58366489,0.407749265
14/11/2020 16:21:39,14.38493633,11.38493633,0.40724352
14/11/2020 16:21:40,14.18620872,11.18620872,0.406737745
14/11/2020 16:21:41,14.01259995,11.01259995,0.406231999
14/11/2020 16:21:42,14.21259975,11.21259975,0.405726224
14/11/2020 16:21:43,14.41259956,11.41259956,0.405220479
14/11/2020 16:21:44,14.61260033,11.61260033,0.404714704
14/11/2020 16:21:45,14.81260014,11.81260014,0.404208928
14/11/2020 16:21:46,15,12,0.403703183
14/11/2020 16:21:47,15,12,0.403197408
14/11/2020 16:21:48,15,12,0.402691662
14/11/2020 16:21:49,15,12,0.402185887
14/11/2020 16:21:50,15,12,0.401680142
14/11/2020 16:21:51,14.9874773,11.9874773,0.401174366
14/11/2020 16:21:52,14.78870964,11.78870964,0.400668621
14/11/2020 16:21:53,14.58994198,11.58994198,0.400162846
14/11/2020 16:21:54,14.39117432,11.39117432,0.3996571
14/11/2020 16:21:55,14.19240665,11.19240665,0.399151325
14/11/2020 16:21:56,14.00644016,11.00644016,0.39864558
14/11/2020 16:21:57,14.20768738,11.20768738,0.398139805
14/11/2020 16:21:58,14.40893555,11.40893555,0.397634059
14/11/2020 16:21:59,14.61018276,11.61018276,0.397128284
14/11/2020 16:22:00,14.81143093,11.81143093,0.396622539
14/11/2020 16:22:01,15,11.99371052,0.396116763
14/11/2020 16:22:02,15,11.8938694,0.395610988
14/11/2020 16:22:03,15,11.79402924,0.395105243
14/11/2020 16:22:04,15,11.69418907,0.394599468
14/11/2020 16:22:05,15,11.59434891,0.394093722
14/11/2020 16:22:06,15,11.49450874,0.393587947
14/11/2020 16:22:07,15,11.39466858,0.393082201
14/11/2020 16:22:08,15,11.29482841,0.392576426
14/11/2020 16:22:09,15,11.19498825,0.392070681
14/11/2020 16:22:10,15,11.09514809,0.391564906
14/11/2020 16:22:11,15,11.0046854,0.39105916
14/11/2020 16:22:12,15,11.10437679,0.390553385
14/11/2020 16:22:13,15,11.20406723,0.39004764
14/11/2020 16:22:14,15,11.30375862,0.389541864
14/11/2020 16:22:15,15,11.40344906,0.389036119
14/11/2020 16:22:16,15,11.50314045,0.388530344
14/11/2020 16:22:17,15,11.60283089,0.388024569
14/11/2020 16:22:18,15,11.70252228,0.387518823
14/11/2020 16:22:19,15,11.80221272,0.387013048
14/11/2020 16:22:20,15,11.90190411,0.386507303
14/11/2020 16:22:21,15,12,0.386001527
14/11/2020 16:22:22,15,12,0.385495782
14/11/2020 16:22:23,15,12,0.384990007
14/11/2020 16:22:24,15,12,0.384484261
14/11/2020 16:22:25,15,12,0.383978486
14/11/2020 16:22:26,14.99359989,11.99359989,0.383472741
14/11/2020 16:22:27,14.79360008,11.79360008,0.382966965
14/11/2020 16:22:28,14.59360027,11.59360027,0.38246122
14/11/2020 16:22:29,14.39360046,11.39360046,0.381955445
14/11/2020 16:22:30,14.1935997,11.1935997,0.381449699
14/11/2020 16:22:31,14.00637913,11.00637913,0.380943924
14/11/2020 16:22:32,14.20574188,11.20574188,0.380438179
14/11/2020 16:22:33,14.40510368,11.40510368,0.379932404
14/11/2020 16:22:34,14.60446548,11.60446548,0.379426628
14/11/2020 16:22:35,14.80382729,11.80382729,0.378920883
14/11/2020 16:22:36,15,12,0.378415108
14/11/2020 16:22:37,15,12,0.377909362
14/11/2020 16:22:38,15,12,0.377403587
14/11/2020 16:22:39,15,12,0.376897842
14/11/2020 16:22:40,15,12,0.376392066
14/11/2020 16:22:41,15,12,0.375886321
14/11/2020 16:22:42,15,11.80300045,0.375380546
14/11/2020 16:22:43,15,11.60299969,0.3748748
14/11/2020 16:22:44,15,11.40299988,0.374369025
14/11/2020 16:22:45,15,11.20300007,0.37386328
14/11/2020 16:22:46,15,11.00300026,0.373357505
14/11/2020 16:22:47,15,11.19574738,0.372851759
14/11/2020 16:22:48,15,11.39447498,0.372345984
14/11/2020 16:22:49,15,11.59320354,0.371840209
14/11/2020 16:22:50,15,11.79193211,0.371334463
14/11/2020 16:22:51,15,11.99065971,0.370828688
14/11/2020 16:22:52,15,11.8099699,0.370322943
14/11/2020 16:22:53,15,11.61056805,0.369817168
14/11/2020 16:22:54,15,11.41116619,0.369311422
14/11/2020 16:22:55,15,11.21176434,0.368805647
14/11/2020 16:22:56,15,11.01236248,0.368299901
14/11/2020 16:22:57,15,11.18760014,0.367794126
14/11/2020 16:22:58,15,11.38759995,0.367288381
14/11/2020 16:22:59,15,11.58759975,0.366782606
14/11/2020 16:23:00,15,11.78759956,0.36627686
14/11/2020 16:23:01,15,11.98760033,0.365771085
14/11/2020 16:23:02,15,12,0.36526534
14/11/2020 16:23:03,15,12,0.364759564
14/11/2020 16:23:04,15,12,0.364253819
14/11/2020 16:23:05,15,12,0.363748044
14/11/2020 16:23:06,15,12,0.363242269
14/11/2020 16:23:07,15,11.8156004,0.362736523
14/11/2020 16:23:08,15,11.61559963,0.362230748
14/11/2020 16:23:09,15,11.41559982,0.361725003
14/11/2020 16:23:10,15,11.21560001,0.361219227
14/11/2020 16:23:11,15,11.0156002,0.360713482
14/11/2020 16:23:12,15,11.1843996,0.360207707
14/11/2020 16:23:13,15,11.38440037,0.359701961
14/11/2020 16:23:14,15,11.58440018,0.359196186
14/11/2020 16:23:15,15,11.78439999,0.358690441
14/11/2020 16:23:16,15,11.9843998,0.358184665
14/11/2020 16:23:17,14.81789494,11.90837765,0.35767892
14/11/2020 16:23:18,14.62038326,11.80900288,0.357173145
14/11/2020 16:23:19,14.42287159,11.70962906,0.356667399
14/11/2020 16:23:20,14.22536087,11.61025524,0.356161624
14/11/2020 16:23:21,14.0278492,11.51088142,0.355655849
14/11/2020 16:23:22,14.17179966,11.41150761,0.355150104
14/11/2020 16:23:23,14.37180042,11.31213379,0.354644328
14/11/2020 16:23:24,14.57180023,11.21275997,0.354138583
14/11/2020 16:23:25,14.77180004,11.1133852,0.353632808
14/11/2020 16:23:26,14.97179985,11.01401138,0.353127062
14/11/2020 16:23:27,15,11.0852356,0.352621287
14/11/2020 16:23:28,15,11.18446159,0.352115542
14/11/2020 16:23:29,15,11.28368759,0.351609766
14/11/2020 16:23:30,15,11.38291359,0.351104021
14/11/2020 16:23:31,15,11.48213959,0.350598246
14/11/2020 16:23:32,15,11.58136559,0.3500925
14/11/2020 16:23:33,15,11.68059158,0.349586725
14/11/2020 16:23:34,15,11.77981758,0.34908098
14/11/2020 16:23:35,15,11.87904358,0.348575205
14/11/2020 16:23:36,15,11.97826958,0.348069429
14/11/2020 16:23:37,15,12,0.347563684
14/11/2020 16:23:38,15,12,0.347057909
14/11/2020 16:23:39,15,12,0.346552163
14/11/2020 16:23:40,15,12,0.346046388
14/11/2020 16:23:41,15,12,0.345540643
14/11/2020 16:23:42,15,12,0.345034868
14/11/2020 16:23:43,15,12,0.344529122
14/11/2020 16:23:44,15,12,0.344023347
14/11/2020 16:23:45,15,12,0.343517601
14/11/2020 16:23:46,15,12,0.343011826
14/11/2020 16:23:47,15,12,0.342506081
14/11/2020 16:23:48,15,12,0.342000306
14/11/2020 16:23:49,15,12,0.34149456
14/11/2020 16:23:50,15,12,0.340988785
14/11/2020 16:23:51,15,12,0.34048304
14/11/2020 16:23:52,15,12,0.339977264
14/11/2020 16:23:53,15,12,0.339471489
14/11/2020 16:23:54,15,12,0.338965744
14/11/2020 16:23:55,15,12,0.338459969
14/11/2020 16:23:56,15,12,0.337954223
14/11/2020 16:23:57,15,11.87969208,0.337448448
14/11/2020 16:23:58,15,11.6821413,0.336942703
14/11/2020 16:23:59,15,11.48459148,0.336436927
14/11/2020 16:24:00,15,11.28704071,0.335931182
14/11/2020 16:24:01,15,11.08948994,0.335425407
14/11/2020 16:24:02,15,11.10769844,0.334919661
14/11/2020 16:24:03,15,11.30458736,0.334413886
14/11/2020 16:24:04,15,11.50147629,0.333908141
14/11/2020 16:24:05,15,11.69836617,0.333402365
14/11/2020 16:24:06,15,11.89525509,0.33289662
14/11/2020 16:24:07,15,11.9069767,0.332390845
14/11/2020 16:24:08,15,11.70820904,0.33188507
14/11/2020 16:24:09,15,11.50944138,0.331379324
14/11/2020 16:24:10,15,11.31067371,0.330873549
14/11/2020 16:24:11,15,11.11190605,0.330367804
14/11/2020 16:24:12,15,11.08686161,0.329862028
14/11/2020 16:24:13,15,11.28562927,0.329356283
14/11/2020 16:24:14,15,11.48439693,0.328850508
14/11/2020 16:24:15,15,11.6831646,0.328344762
14/11/2020 16:24:16,15,11.88193226,0.327838987
14/11/2020 16:24:17,15,12,0.327333242
14/11/2020 16:24:18,15,12,0.326827466
14/11/2020 16:24:19,15,12,0.326321721
14/11/2020 16:24:20,15,12,0.325815946
14/11/2020 16:24:21,15,12,0.3253102
14/11/2020 16:24:22,15,12,0.324804425
14/11/2020 16:24:23,15,12,0.32429868
14/11/2020 16:24:24,15,12,0.323792905
14/11/2020 16:24:25,15,12,0.323287129
14/11/2020 16:24:26,15,12,0.322781384
14/11/2020 16:24:27,15,12,0.322275609
14/11/2020 16:24:28,15,12,0.321769863
14/11/2020 16:24:29,15,12,0.321264088
14/11/2020 16:24:30,15,12,0.320758343
14/11/2020 16:24:31,15,12,0.320252568
14/11/2020 16:24:32,15,11.9314003,0.319746822
14/11/2020 16:24:33,15,11.73139954,0.319241047
14/11/2020 16:24:34,15,11.53139973,0.318735301
14/11/2020 16:24:35,15,11.33139992,0.318229526
14/11/2020 16:24:36,15,11.13140011,0.317723781
14/11/2020 16:24:37,15,11.03424549,0.317218006
14/11/2020 16:24:38,15,11.13408566,0.31671226
14/11/2020 16:24:39,15,11.23392582,0.316206485
14/11/2020 16:24:40,15,11.33376598,0.31570071
14/11/2020 16:24:41,15,11.43360615,0.315194964
14/11/2020 16:24:42,15,11.53344631,0.314689189
14/11/2020 16:24:43,15,11.63328648,0.314183444
14/11/2020 16:24:44,15,11.73312664,0.313677669
14/11/2020 16:24:45,15,11.8329668,0.313171923
14/11/2020 16:24:46,15,11.93280792,0.312666148
14/11/2020 16:24:47,15,12,0.312160403
14/11/2020 16:24:48,15,12,0.311654627
14/11/2020 16:24:49,15,12,0.311148882
14/11/2020 16:24:50,15,12,0.310643107
14/11/2020 16:24:51,15,12,0.310137361
14/11/2020 16:24:52,15,12,0.309631586
14/11/2020 16:24:53,15,12,0.309125841
14/11/2020 16:24:54,15,12,0.308620065
14/11/2020 16:24:55,15,12,0.30811432
14/11/2020 16:24:56,15,12,0.307608545
14/11/2020 16:24:57,14.94451046,11.94451046,0.30710277
14/11/2020 16:24:58,14.74633408,11.74633408,0.306597024
14/11/2020 16:24:59,14.54815674,11.54815674,0.306091249
14/11/2020 16:25:00,14.34998035,11.34998035,0.305585504
14/11/2020 16:25:01,14.15180302,11.15180302,0.305079728
14/11/2020 16:25:02,14.04738808,11.04738808,0.304573983
14/11/2020 16:25:03,14.24989891,11.24989891,0.304068208
14/11/2020 16:25:04,14.45240974,11.45240974,0.303562462
14/11/2020 16:25:05,14.65492058,11.65492058,0.303056687
14/11/2020 16:25:06,14.85743237,11.85743237,0.302550942
14/11/2020 16:25:07,15,12,0.302045166
14/11/2020 16:25:08,15,12,0.301539421
14/11/2020 16:25:09,15,12,0.301033646
14/11/2020 16:25:10,15,12,0.3005279
14/11/2020 16:25:11,15,12,0.300022125
14/11/2020 16:25:12,15,11.94988918,0.29951635
14/11/2020 16:25:13,15,11.74864197,0.299010605
14/11/2020 16:25:14,15,11.5473938,0.298504829
14/11/2020 16:25:15,15,11.34614563,0.297999084
14/11/2020 16:25:16,15,11.14489841,0.297493309
14/11/2020 16:25:17,15,11.05565453,0.296987563
14/11/2020 16:25:18,15,11.25442219,0.296481788
14/11/2020 16:25:19,15,11.45318985,0.295976043
14/11/2020 16:25:20,15,11.65195751,0.295470268
14/11/2020 16:25:21,15,11.85072517,0.294964522
14/11/2020 16:25:22,15,11.95020008,0.294458747
14/11/2020 16:25:23,15,11.75020027,0.293953001
14/11/2020 16:25:24,15,11.55020046,0.293447226
14/11/2020 16:25:25,15,11.3501997,0.292941481
14/11/2020 16:25:26,15,11.15019989,0.292435706
14/11/2020 16:25:27,15,11.02486038,0.29192996
14/11/2020 16:25:28,15,11.12470055,0.291424185
14/11/2020 16:25:29,15,11.22454071,0.29091841
14/11/2020 16:25:30,15,11.32438087,0.290412664
14/11/2020 16:25:31,15,11.42422104,0.289906889
14/11/2020 16:25:32,15,11.5240612,0.289401144
14/11/2020 16:25:33,15,11.62390137,0.288895369
14/11/2020 16:25:34,15,11.72374249,0.288389623
14/11/2020 16:25:35,15,11.82358265,0.287883848
14/11/2020 16:25:36,15,11.92342281,0.287378103
14/11/2020 16:25:37,15,12,0.286872327
14/11/2020 16:25:38,15,12,0.286366582
14/11/2020 16:25:39,15,12,0.285860807
14/11/2020 16:25:40,15,12,0.285355061
14/11/2020 16:25:41,15,12,0.284849286
14/11/2020 16:25:42,15,12,0.284343541
14/11/2020 16:25:43,15,12,0.283837765
14/11/2020 16:25:44,15,12,0.28333199
14/11/2020 16:25:45,15,12,0.282826245
14/11/2020 16:25:46,15,12,0.28232047
14/11/2020 16:25:47,15,12,0.281814724
14/11/2020 16:25:48,15,12,0.281308949
14/11/2020 16:25:49,15,12,0.280803204
14/11/2020 16:25:50,15,12,0.280297428
14/11/2020 16:25:51,15,12,0.279791683
14/11/2020 16:25:52,15,12,0.279285908
14/11/2020 16:25:53,15,12,0.278780162
14/11/2020 16:25:54,15,12,0.278274387
14/11/2020 16:25:55,15,12,0.277768642
14/11/2020 16:25:56,15,12,0.277262866
14/11/2020 16:25:57,15,12,0.276757121
14/11/2020 16:25:58,15,12,0.276251346
14/11/2020 16:25:59,15,12,0.275745571
14/11/2020 16:26:00,15,12,0.275239825
14/11/2020 16:26:01,15,12,0.27473405
14/11/2020 16:26:02,15,12,0.274228305
14/11/2020 16:26:03,15,12,0.273722529
14/11/2020 16:26:04,15,12,0.273216784
14/11/2020 16:26:05,15,12,0.272711009
14/11/2020 16:26:06,15,12,0.272205263
14/11/2020 16:26:07,15,12,0.271699488
14/11/2020 16:26:08,15,12,0.271193743
14/11/2020 16:26:09,15,12,0.270687968
14/11/2020 16:26:10,15,12,0.270182222
14/11/2020 16:26:11,15,12,0.269676447
14/11/2020 16:26:12,15,12,0.269170702
14/11/2020 16:26:13,15,12,0.268664926
14/11/2020 16:26:14,15,12,0.268159181
14/11/2020 16:26:15,15,12,0.267653406
14/11/2020 16:26:16,15,12,0.26714763
14/11/2020 16:26:17,15,12,0.266641885
14/11/2020 16:26:18,15,12,0.26613611
14/11/2020 16:26:19,15,12,0.265630364
14/11/2020 16:26:20,15,12,0.265124589
14/11/2020 16:26:21,15,12,0.264618844
14/11/2020 16:26:22,15,12,0.264113069
14/11/2020 16:26:23,15,12,0.263607323
14/11/2020 16:26:24,15,12,0.263101548
14/11/2020 16:26:25,15,12,0.262595803
14/11/2020 16:26:26,15,12,0.262090027
14/11/2020 16:26:27,15,12,0.261584282
14/11/2020 16:26:28,15,12,0.261078507
14/11/2020 16:26:29,15,12,0.260572761
14/11/2020 16:26:30,15,12,0.260066986
14/11/2020 16:26:31,15,12,0.259561211
14/11/2020 16:26:32,15,12,0.259055465
14/11/2020 16:26:33,15,12,0.25854969
14/11/2020 16:26:34,15,12,0.258043945
14/11/2020 16:26:35,15,12,0.25753817
14/11/2020 16:26:36,15,12,0.257032424
14/11/2020 16:26:37,15,12,0.256526649
14/11/2020 16:26:38,15,12,0.256020904
14/11/2020 16:26:39,15,12,0.255515128
14/11/2020 16:26:40,15,12,0.255009383
14/11/2020 16:26:41,15,12,0.254503608
14/11/2020 16:26:42,15,12,0.253997862
14/11/2020 16:26:43,15,12,0.253492087
14/11/2020 16:26:44,15,12,0.252986342
14/11/2020 16:26:45,15,12,0.252480567
14/11/2020 16:26:46,15,12,0.251974821
14/11/2020 16:26:47,15,12,0.251469046
14/11/2020 16:26:48,15,12,0.250963271
14/11/2020 16:26:49,15,12,0.250457525
14/11/2020 16:26:50,15,12,0.249951765
14/11/2020 16:26:51,15,12,0.249446005
14/11/2020 16:26:52,15,12,0.248940244
14/11/2020 16:26:53,15,12,0.248434484
14/11/2020 16:26:54,15,12,0.247928724
14/11/2020 16:26:55,15,12,0.247422948
14/11/2020 16:26:56,15,12,0.246917188
14/11/2020 16:26:57,15,12,0.246411428
14/11/2020 16:26:58,15,12,0.245905668
14/11/2020 16:26:59,15,12,0.245399907
14/11/2020 16:27:00,15,12,0.244894147
14/11/2020 16:27:01,15,12,0.244388387
14/11/2020 16:27:02,15,12,0.243882626
14/11/2020 16:27:03,15,11.83831692,0.243376866
14/11/2020 16:27:04,15,11.63895512,0.242871106
14/11/2020 16:27:05,15,11.43959332,0.242365345
14/11/2020 16:27:06,15,11.24023151,0.241859585
14/11/2020 16:27:07,15,11.04086876,0.241353825
14/11/2020 16:27:08,15,11.1590004,0.240848064
14/11/2020 16:27:09,15,11.35900021,0.240342304
14/11/2020 16:27:10,15,11.55900002,0.239836544
14/11/2020 16:27:11,15,11.75899982,0.239330769
14/11/2020 16:27:12,15,11.95899963,0.238825008
14/11/2020 16:27:13,15,11.84344196,0.238319248
14/11/2020 16:27:14,15,11.64651394,0.237813488
14/11/2020 16:27:15,15,11.44958687,0.237307727
14/11/2020 16:27:16,15,11.25265884,0.236801967
14/11/2020 16:27:17,15,11.05573082,0.236296207
14/11/2020 16:27:18,14.85705757,11.0717001,0.235790446
14/11/2020 16:27:19,14.65769577,11.17169952,0.235284686
14/11/2020 16:27:20,14.45833302,11.27169991,0.234778926
14/11/2020 16:27:21,14.25897121,11.37170029,0.234273165
14/11/2020 16:27:22,14.05960941,11.47169971,0.233767405
14/11/2020 16:27:23,14.1406498,11.5717001,0.233261645
14/11/2020 16:27:24,14.34129238,11.67169952,0.232755885
14/11/2020 16:27:25,14.54193401,11.77169991,0.232250124
14/11/2020 16:27:26,14.7425766,11.87170029,0.231744364
14/11/2020 16:27:27,14.94321823,11.97169971,0.231238589
14/11/2020 16:27:28,15,11.85616875,0.230732828
14/11/2020 16:27:29,15,11.65556717,0.230227068
14/11/2020 16:27:30,15,11.45496464,0.229721308
14/11/2020 16:27:31,15,11.25436306,0.229215547
14/11/2020 16:27:32,15,11.05376148,0.228709787
14/11/2020 16:27:33,15,11.07309055,0.228204027
14/11/2020 16:27:34,15,11.17294025,0.227698267
14/11/2020 16:27:35,15,11.27279091,0.227192506
14/11/2020 16:27:36,15,11.37264061,0.226686746
14/11/2020 16:27:37,15,11.47249126,0.226180986
14/11/2020 16:27:38,15,11.57234192,0.225675225
14/11/2020 16:27:39,15,11.67219162,0.225169465
14/11/2020 16:27:40,15,11.77204227,0.224663705
14/11/2020 16:27:41,15,11.87189198,0.224157944
14/11/2020 16:27:42,15,11.97174263,0.223652184
14/11/2020 16:27:43,15,12,0.223146409
14/11/2020 16:27:44,15,12,0.222640648
14/11/2020 16:27:45,15,12,0.222134888
14/11/2020 16:27:46,15,12,0.221629128
14/11/2020 16:27:47,15,12,0.221123368
14/11/2020 16:27:48,15,12,0.220617607
14/11/2020 16:27:49,15,12,0.220111847
14/11/2020 16:27:50,15,12,0.219606087
14/11/2020 16:27:51,15,12,0.219100326
14/11/2020 16:27:52,15,12,0.218594566
14/11/2020 16:27:53,15,11.86961746,0.218088806
14/11/2020 16:27:54,15,11.67025471,0.217583045
14/11/2020 16:27:55,15,11.47089291,0.217077285
14/11/2020 16:27:56,15,11.27153111,0.216571525
14/11/2020 16:27:57,15,11.0721693,0.216065764
14/11/2020 16:27:58,15,11.12681389,0.215559989
14/11/2020 16:27:59,15,11.32558155,0.215054229
14/11/2020 16:28:00,15,11.52434921,0.214548469
14/11/2020 16:28:01,15,11.72311687,0.214042708
14/11/2020 16:28:02,15,11.92188454,0.213536948
14/11/2020 16:28:03,15,11.8778429,0.213031188
14/11/2020 16:28:04,15,11.67659473,0.212525427
14/11/2020 16:28:05,15,11.47534752,0.212019667
14/11/2020 16:28:06,15,11.27409935,0.211513907
14/11/2020 16:28:07,15,11.07285213,0.211008146
14/11/2020 16:28:08,15,11.06360245,0.210502386
14/11/2020 16:28:09,15,11.16329384,0.209996626
14/11/2020 16:28:10,15,11.26298428,0.209490865
14/11/2020 16:28:11,15,11.36267567,0.208985105
14/11/2020 16:28:12,15,11.46236706,0.208479345
14/11/2020 16:28:13,15,11.5620575,0.207973585
14/11/2020 16:28:14,15,11.66174889,0.207467809
14/11/2020 16:28:15,15,11.76143932,0.206962049
14/11/2020 16:28:16,15,11.86113071,0.206456289
14/11/2020 16:28:17,15,11.96082115,0.205950528
14/11/2020 16:28:18,14.87898731,12,0.205444768
14/11/2020 16:28:19,14.67962551,12,0.204939008
14/11/2020 16:28:20,14.48026276,12,0.204433247
14/11/2020 16:28:21,14.28090096,12,0.203927487
14/11/2020 16:28:22,14.08153915,12,0.203421727
14/11/2020 16:28:23,14.11784649,12,0.202915967
14/11/2020 16:28:24,14.31724834,12,0.202410206
14/11/2020 16:28:25,14.5166502,12,0.201904446
14/11/2020 16:28:26,14.71605206,12,0.201398686
14/11/2020 16:28:27,14.91545391,12,0.200892925
14/11/2020 16:28:28,15,12,0.200387165
14/11/2020 16:28:29,15,12,0.199881405
14/11/2020 16:28:30,15,12,0.199375629
14/11/2020 16:28:31,15,12,0.198869869
14/11/2020 16:28:32,15,12,0.198364109
14/11/2020 16:28:33,15,12,0.197858348
14/11/2020 16:28:34,15,12,0.197352588
14/11/2020 16:28:35,15,12,0.196846828
14/11/2020 16:28:36,15,12,0.196341068
14/11/2020 16:28:37,15,12,0.195835307
14/11/2020 16:28:38,15,12,0.195329547
14/11/2020 16:28:39,15,12,0.194823787
14/11/2020 16:28:40,15,12,0.194318026
14/11/2020 16:28:41,15,12,0.193812266
14/11/2020 16:28:42,15,12,0.193306506
14/11/2020 16:28:43,15,12,0.192800745
14/11/2020 16:28:44,15,12,0.192294985
14/11/2020 16:28:45,15,12,0.191789225
14/11/2020 16:28:46,15,12,0.19128345
14/11/2020 16:28:47,15,12,0.190777689
14/11/2020 16:28:48,15,12,0.190271929
14/11/2020 16:28:49,15,12,0.189766169
14/11/2020 16:28:50,15,12,0.189260408
14/11/2020 16:28:51,15,12,0.188754648
14/11/2020 16:28:52,15,12,0.188248888
14/11/2020 16:28:53,15,12,0.187743127
14/11/2020 16:28:54,15,12,0.187237367
14/11/2020 16:28:55,15,12,0.186731607
14/11/2020 16:28:56,15,12,0.186225846
14/11/2020 16:28:57,15,12,0.185720086
14/11/2020 16:28:58,15,12,0.185214326
14/11/2020 16:28:59,15,12,0.184708565
14/11/2020 16:29:00,15,12,0.184202805
14/11/2020 16:29:01,15,12,0.183697045
14/11/2020 16:29:02,15,12,0.18319127
14/11/2020 16:29:03,15,12,0.182685509
14/11/2020 16:29:04,15,12,0.182179749
14/11/2020 16:29:05,15,12,0.181673989
14/11/2020 16:29:06,15,12,0.181168228
14/11/2020 16:29:07,15,12,0.180662468
14/11/2020 16:29:08,15,12,0.180156708
14/11/2020 16:29:09,15,12,0.179650947
14/11/2020 16:29:10,15,12,0.179145187
14/11/2020 16:29:11,15,12,0.178639427
14/11/2020 16:29:12,15,12,0.178133667
14/11/2020 16:29:13,15,12,0.177627906
14/11/2020 16:29:14,15,12,0.177122146
14/11/2020 16:29:15,15,12,0.176616386
14/11/2020 16:29:16,15,12,0.176110625
14/11/2020 16:29:17,15,12,0.175604865
14/11/2020 16:29:18,15,11.93264866,0.17509909
14/11/2020 16:29:19,15,11.73513699,0.174593329
14/11/2020 16:29:20,15,11.53762627,0.174087569
14/11/2020 16:29:21,15,11.34011459,0.173581809
14/11/2020 16:29:22,15,11.14260292,0.173076048
14/11/2020 16:29:23,15,11.0552578,0.172570288
14/11/2020 16:29:24,15,11.25402546,0.172064528
14/11/2020 16:29:25,15,11.45279312,0.171558768
14/11/2020 16:29:26,15,11.65156078,0.171053007
14/11/2020 16:29:27,15,11.85032749,0.170547247
14/11/2020 16:29:28,15,12,0.170041487
14/11/2020 16:29:29,15,12,0.169535726
14/11/2020 16:29:30,15,12,0.169029966
14/11/2020 16:29:31,15,12,0.168524206
14/11/2020 16:29:32,15,12,0.168018445
14/11/2020 16:29:33,15,11.96012783,0.167512685
14/11/2020 16:29:34,15,11.76076508,0.16700691
14/11/2020 16:29:35,15,11.56140327,0.16650115
14/11/2020 16:29:36,15,11.36204147,0.165995389
14/11/2020 16:29:37,15,11.16267967,0.165489629
14/11/2020 16:29:38,15,11.03645706,0.164983869
14/11/2020 16:29:39,15,11.23459435,0.164478108
14/11/2020 16:29:40,15,11.43273258,0.163972348
14/11/2020 16:29:41,15,11.63086987,0.163466588
14/11/2020 16:29:42,15,11.82900715,0.162960827
14/11/2020 16:29:43,14.97293568,11.97293568,0.162455067
14/11/2020 16:29:44,14.7753849,11.7753849,0.161949307
14/11/2020 16:29:45,14.57783508,11.57783508,0.161443546
14/11/2020 16:29:46,14.38028431,11.38028431,0.160937786
14/11/2020 16:29:47,14.18273449,11.18273449,0.160432026
14/11/2020 16:29:48,14.01495171,11.01495171,0.159926265
14/11/2020 16:29:49,14.21431446,11.21431446,0.159420505
14/11/2020 16:29:50,14.41367626,11.41367626,0.15891473
14/11/2020 16:29:51,14.61303806,11.61303806,0.15840897
14/11/2020 16:29:52,14.81239986,11.81239986,0.157903209
14/11/2020 16:29:53,15,11.98827267,0.157397449
14/11/2020 16:29:54,15,11.789505,0.156891689
14/11/2020 16:29:55,15,11.59073734,0.156385928
14/11/2020 16:29:56,15,11.39196968,0.155880168
14/11/2020 16:29:57,15,11.19320202,0.155374408
14/11/2020 16:29:58,15,11.00559998,0.154868647
14/11/2020 16:29:59,15,11.20559978,0.154362887
14/11/2020 16:30:00,15,11.40559959,0.153857127
14/11/2020 16:30:01,15,11.60560036,0.153351367
14/11/2020 16:30:02,15,11.80560017,0.152845606
14/11/2020 16:30:03,15,12,0.152339846
14/11/2020 16:30:04,15,12,0.151834086
14/11/2020 16:30:05,15,12,0.151328325
14/11/2020 16:30:06,15,12,0.15082255
14/11/2020 16:30:07,15,12,0.15031679
14/11/2020 16:30:08,15,12,0.149811029
14/11/2020 16:30:09,15,12,0.149305269
14/11/2020 16:30:10,15,12,0.148799509
14/11/2020 16:30:11,15,12,0.148293748
14/11/2020 16:30:12,15,12,0.147787988
14/11/2020 16:30:13,15,12,0.147282228
14/11/2020 16:30:14,15,12,0.146776468
14/11/2020 16:30:15,15,12,0.146270707
14/11/2020 16:30:16,15,12,0.145764947
14/11/2020 16:30:17,15,12,0.145259187
14/11/2020 16:30:18,15,12,0.144753426
14/11/2020 16:30:19,15,12,0.144247666
14/11/2020 16:30:20,15,12,0.143741906
14/11/2020 16:30:21,15,12,0.14323613
14/11/2020 16:30:22,15,12,0.14273037
14/11/2020 16:30:23,15,12,0.14222461
14/11/2020 16:30:24,15,11.81753159,0.14171885
14/11/2020 16:30:25,15,11.61876392,0.141213089
14/11/2020 16:30:26,15,11.41999626,0.140707329
14/11/2020 16:30:27,15,11.2212286,0.140201569
14/11/2020 16:30:28,15,11.02246094,0.139695808
14/11/2020 16:30:29,15,11.08801365,0.139190048
14/11/2020 16:30:30,15,11.18723965,0.138684288
14/11/2020 16:30:31,15,11.28646564,0.138178527
14/11/2020 16:30:32,15,11.38569164,0.137672767
14/11/2020 16:30:33,15,11.48491764,0.137167007
14/11/2020 16:30:34,15,11.58414364,0.136661246
14/11/2020 16:30:35,15,11.68336964,0.136155486
14/11/2020 16:30:36,15,11.78259563,0.135649726
14/11/2020 16:30:37,15,11.88182163,0.135143951
14/11/2020 16:30:38,15,11.98104763,0.13463819
14/11/2020 16:30:39,15,12,0.13413243
14/11/2020 16:30:40,15,12,0.13362667
14/11/2020 16:30:41,15,12,0.133120909
14/11/2020 16:30:42,15,12,0.132615149
14/11/2020 16:30:43,15,12,0.132109389
14/11/2020 16:30:44,15,12,0.131603628
14/11/2020 16:30:45,15,12,0.131097868
14/11/2020 16:30:46,15,12,0.130592108
14/11/2020 16:30:47,15,12,0.130086347
14/11/2020 16:30:48,15,12,0.129580587
14/11/2020 16:30:49,15,11.84538937,0.129074827
14/11/2020 16:30:50,15,11.64666176,0.128569067
14/11/2020 16:30:51,15,11.4479332,0.128063306
14/11/2020 16:30:52,15,11.24920464,0.127557546
14/11/2020 16:30:53,15,11.05047703,0.127051771
14/11/2020 16:30:54,15,11.14920044,0.12654601
14/11/2020 16:30:55,15,11.34920025,0.12604025
14/11/2020 16:30:56,15,11.54920006,0.12553449
14/11/2020 16:30:57,15,11.74919987,0.125028729
14/11/2020 16:30:58,15,11.94919968,0.124522969
14/11/2020 16:30:59,15,11.8517189,0.124017209
14/11/2020 16:31:00,15,11.65295124,0.123511449
14/11/2020 16:31:01,15,11.45418453,0.123005688
14/11/2020 16:31:02,15,11.25541687,0.122499928
14/11/2020 16:31:03,15,11.05664921,0.121994168
14/11/2020 16:31:04,15,11.14299965,0.121488407
14/11/2020 16:31:05,15,11.34300041,0.120982639
14/11/2020 16:31:06,15,11.54300022,0.120476879
14/11/2020 16:31:07,15,11.74300003,0.119971119
14/11/2020 16:31:08,15,11.94299984,0.119465359
14/11/2020 16:31:09,15,12,0.118959598
14/11/2020 16:31:10,15,12,0.118453838
14/11/2020 16:31:11,15,12,0.117948078
14/11/2020 16:31:12,15,12,0.117442317
14/11/2020 16:31:13,15,12,0.11693655
14/11/2020 16:31:14,15,12,0.116430789
14/11/2020 16:31:15,15,12,0.115925029
14/11/2020 16:31:16,15,12,0.115419269
14/11/2020 16:31:17,15,12,0.114913508
14/11/2020 16:31:18,15,12,0.114407748
14/11/2020 16:31:19,15,12,0.113901988
14/11/2020 16:31:20,15,12,0.113396227
14/11/2020 16:31:21,15,12,0.11289046
14/11/2020 16:31:22,15,12,0.112384699
14/11/2020 16:31:23,15,12,0.111878939
14/11/2020 16:31:24,15,11.8696003,0.111373179
14/11/2020 16:31:25,15,11.66959953,0.110867418
14/11/2020 16:31:26,15,11.46959972,0.110361658
14/11/2020 16:31:27,15,11.26959991,0.109855898
14/11/2020 16:31:28,15,11.06960011,0.109350137
14/11/2020 16:31:29,15,11.1303997,0.10884437
14/11/2020 16:31:30,15,11.33040047,0.108338609
14/11/2020 16:31:31,15,11.53040028,0.107832849
14/11/2020 16:31:32,15,11.73040009,0.107327089
14/11/2020 16:31:33,15,11.93039989,0.106821328
14/11/2020 16:31:34,15,12,0.106315568
14/11/2020 16:31:35,15,12,0.105809808
14/11/2020 16:31:36,15,12,0.105304047
14/11/2020 16:31:37,15,12,0.10479828
14/11/2020 16:31:38,15,12,0.104292519
14/11/2020 16:31:39,15,11.8696003,0.103786759
14/11/2020 16:31:40,15,11.66959953,0.103280999
14/11/2020 16:31:41,15,11.46959972,0.102775238
14/11/2020 16:31:42,15,11.26959991,0.102269478
14/11/2020 16:31:43,15,11.06960011,0.101763718
14/11/2020 16:31:44,15,11.06499863,0.101257958
14/11/2020 16:31:45,15,11.16468906,0.10075219
14/11/2020 16:31:46,15,11.26438046,0.100246429
14/11/2020 16:31:47,15,11.36407185,0.099740669
14/11/2020 16:31:48,15,11.46376228,0.099234909
14/11/2020 16:31:49,15,11.56345367,0.098729149
14/11/2020 16:31:50,15,11.66314411,0.098223388
14/11/2020 16:31:51,15,11.7628355,0.097717628
14/11/2020 16:31:52,15,11.86252594,0.097211868
14/11/2020 16:31:53,15,11.96221733,0.0967061
14/11/2020 16:31:54,15,12,0.096200339
14/11/2020 16:31:55,15,12,0.095694579
14/11/2020 16:31:56,15,12,0.095188819
14/11/2020 16:31:57,15,12,0.094683059
14/11/2020 16:31:58,15,12,0.094177298
14/11/2020 16:31:59,15,12,0.093671538
14/11/2020 16:32:00,15,12,0.093165778
14/11/2020 16:32:01,15,12,0.09266001
14/11/2020 16:32:02,15,12,0.09215425
14/11/2020 16:32:03,15,12,0.091648489
14/11/2020 16:32:04,15,12,0.091142729
14/11/2020 16:32:05,15,12,0.090636969
14/11/2020 16:32:06,15,12,0.090131208
14/11/2020 16:32:07,15,12,0.089625448
14/11/2020 16:32:08,15,12,0.089119688
14/11/2020 16:32:09,15,12,0.08861392
14/11/2020 16:32:10,15,12,0.08810816
14/11/2020 16:32:11,15,12,0.087602399
14/11/2020 16:32:12,15,12,0.087096639
14/11/2020 16:32:13,15,12,0.086590879
14/11/2020 16:32:14,15,12,0.086085118
14/11/2020 16:32:15,15,12,0.085579358
14/11/2020 16:32:16,15,12,0.085073598
14/11/2020 16:32:17,15,12,0.08456783
14/11/2020 16:32:18,15,12,0.08406207
14/11/2020 16:32:19,15,12,0.083556309
14/11/2020 16:32:20,15,12,0.083050549
14/11/2020 16:32:21,15,12,0.082544789
14/11/2020 16:32:22,15,12,0.082039028
14/11/2020 16:32:23,15,12,0.081533268
14/11/2020 16:32:24,15,12,0.081027508
14/11/2020 16:32:25,15,12,0.08052174
14/11/2020 16:32:26,15,12,0.08001598
14/11/2020 16:32:27,15,12,0.079510219
14/11/2020 16:32:28,15,12,0.079004459
14/11/2020 16:32:29,15,11.90833664,0.078498699
14/11/2020 16:32:30,15,11.71078587,0.077992938
14/11/2020 16:32:31,15,11.51323605,0.077487178
14/11/2020 16:32:32,15,11.31568527,0.076981418
14/11/2020 16:32:33,15,11.11813545,0.07647565
14/11/2020 16:32:34,15,11.07965088,0.07596989
14/11/2020 16:32:35,15,11.27778912,0.075464129
14/11/2020 16:32:36,15,11.4759264,0.074958369
14/11/2020 16:32:37,15,11.67406368,0.074452609
14/11/2020 16:32:38,15,11.87220097,0.073946849
14/11/2020 16:32:39,15,11.9296608,0.073441088
14/11/2020 16:32:40,15,11.73152351,0.07293532
14/11/2020 16:32:41,15,11.53338623,0.07242956
14/11/2020 16:32:42,15,11.33524895,0.0719238
14/11/2020 16:32:43,15,11.13711071,0.07141804
14/11/2020 16:32:44,15,11.06159973,0.070912279
14/11/2020 16:32:45,15,11.26159954,0.070406519
14/11/2020 16:32:46,15,11.4616003,0.069900759
14/11/2020 16:32:47,15,11.66160011,0.069394998
14/11/2020 16:32:48,15,11.86159992,0.06888923
14/11/2020 16:32:49,15,12,0.06838347
14/11/2020 16:32:50,15,12,0.06787771
14/11/2020 16:32:51,15,12,0.06737195
14/11/2020 16:32:52,15,12,0.066866189
14/11/2020 16:32:53,15,12,0.066360429
14/11/2020 16:32:54,15,11.94860172,0.065854669
14/11/2020 16:32:55,15,11.7516737,0.065348908
14/11/2020 16:32:56,15,11.55474567,0.064843141
14/11/2020 16:32:57,15,11.35781765,0.06433738
14/11/2020 16:32:58,15,11.16089058,0.06383162
14/11/2020 16:32:59,15,11.03660011,0.06332586
14/11/2020 16:33:00,15,11.23659992,0.062820099
14/11/2020 16:33:01,15,11.43659973,0.062314339
14/11/2020 16:33:02,15,11.63659954,0.061808575
14/11/2020 16:33:03,15,11.8366003,0.061302815
14/11/2020 16:33:04,15,11.96351719,0.060797054
14/11/2020 16:33:05,15,11.76415443,0.060291294
14/11/2020 16:33:06,15,11.56479263,0.05978553
14/11/2020 16:33:07,15,11.36543083,0.05927977
14/11/2020 16:33:08,15,11.16606903,0.058774009
14/11/2020 16:33:09,15,11,0.058268249
14/11/2020 16:33:10,15,11,0.057762485
14/11/2020 16:33:11,15,11,0.057256725
14/11/2020 16:33:12,15,11,0.056750964
14/11/2020 16:33:13,15,11,0.056245204
14/11/2020 16:33:14,15,11.01780033,0.05573944
14/11/2020 16:33:15,15,11.21780014,0.05523368
14/11/2020 16:33:16,15,11.41779995,0.054727919
14/11/2020 16:33:17,15,11.61779976,0.054222159
14/11/2020 16:33:18,15,11.81779957,0.053716395
14/11/2020 16:33:19,15,12,0.053210635
14/11/2020 16:33:20,15,12,0.052704874
14/11/2020 16:33:21,15,12,0.052199114
14/11/2020 16:33:22,15,12,0.05169335
14/11/2020 16:33:23,15,12,0.05118759
14/11/2020 16:33:24,15,12,0.050681829
14/11/2020 16:33:25,15,12,0.050176069
14/11/2020 16:33:26,15,12,0.049670305
14/11/2020 16:33:27,15,12,0.049164545
14/11/2020 16:33:28,15,12,0.048658784
14/11/2020 16:33:29,15,11.98219967,0.048153024
14/11/2020 16:33:30,15,11.78219986,0.04764726
14/11/2020 16:33:31,15,11.58220005,0.0471415
14/11/2020 16:33:32,15,11.38220024,0.04663574
14/11/2020 16:33:33,15,11.18220043,0.046129979
14/11/2020 16:33:34,15,11.01774311,0.045624215
14/11/2020 16:33:35,15,11.21710491,0.045118455
14/11/2020 16:33:36,15,11.41646767,0.044612695
14/11/2020 16:33:37,15,11.61582947,0.044106934
14/11/2020 16:33:38,15,11.81519127,0.04360117
14/11/2020 16:33:39,15,11.98544693,0.04309541
14/11/2020 16:33:40,15,11.78608418,0.04258965
14/11/2020 16:33:41,15,11.58672237,0.042083889
14/11/2020 16:33:42,15,11.38736057,0.041578125
14/11/2020 16:33:43,15,11.18799877,0.041072365
14/11/2020 16:33:44,15,11.00568199,0.040566605
14/11/2020 16:33:45,15,11.10537338,0.040060844
14/11/2020 16:33:46,15,11.20506477,0.03955508
14/11/2020 16:33:47,15,11.30475521,0.03904932
14/11/2020 16:33:48,15,11.4044466,0.03854356
14/11/2020 16:33:49,15,11.50413704,0.038037799
14/11/2020 16:33:50,15,11.60382843,0.037532035
14/11/2020 16:33:51,15,11.70351887,0.037026275
14/11/2020 16:33:52,15,11.80321026,0.036520515
14/11/2020 16:33:53,15,11.9029007,0.036014754
14/11/2020 16:33:54,15,11.99479961,0.03550899
14/11/2020 16:33:55,15,11.7947998,0.03500323
14/11/2020 16:33:56,15,11.5948,0.03449747
14/11/2020 16:33:57,15,11.39480019,0.033991709
14/11/2020 16:33:58,15,11.19480038,0.033485945
14/11/2020 16:33:59,15,11.00259209,0.032980185
14/11/2020 16:34:00,15,11.10228252,0.032474425
14/11/2020 16:34:01,15,11.20197392,0.031968664
14/11/2020 16:34:02,15,11.30166531,0.0314629
14/11/2020 16:34:03,15,11.40135574,0.03095714
14/11/2020 16:34:04,15,11.50104713,0.03045138
14/11/2020 16:34:05,15,11.60073757,0.029945618
14/11/2020 16:34:06,15,11.70042896,0.029439857
14/11/2020 16:34:07,15,11.8001194,0.028934095
14/11/2020 16:34:08,15,11.89981079,0.028428335
14/11/2020 16:34:09,15,11.99950123,0.027922573
14/11/2020 16:34:10,15,11.80226517,0.027416812
14/11/2020 16:34:11,15,11.60353756,0.02691105
14/11/2020 16:34:12,15,11.404809,0.02640529
14/11/2020 16:34:13,15,11.20608139,0.025899528
14/11/2020 16:34:14,15,11.00735283,0.025393767
14/11/2020 16:34:15,15,11.19202423,0.024888005
14/11/2020 16:34:16,15,11.39142609,0.024382245
14/11/2020 16:34:17,15,11.59082794,0.023876483
14/11/2020 16:34:18,15,11.79022884,0.023370722
14/11/2020 16:34:19,15,11.9896307,0.02286496
14/11/2020 16:34:20,14.81040001,11.81040001,0.0223592
14/11/2020 16:34:21,14.6104002,11.6104002,0.021853438
14/11/2020 16:34:22,14.41040039,11.41040039,0.021347677
14/11/2020 16:34:23,14.21039963,11.21039963,0.020841915
14/11/2020 16:34:24,14.01039982,11.01039982,0.020336155
14/11/2020 16:34:25,14.19017029,11.19017029,0.019830393
14/11/2020 16:34:26,14.39077187,11.39077187,0.019324632
14/11/2020 16:34:27,14.5913744,11.5913744,0.01881887
14/11/2020 16:34:28,14.79197598,11.79197598,0.01831311
14/11/2020 16:34:29,14.99257755,11.99257755,0.017807348
14/11/2020 16:34:30,15,11.80739975,0.017301587
14/11/2020 16:34:31,15,11.60739994,0.016795825
14/11/2020 16:34:32,15,11.40740013,0.016290065
14/11/2020 16:34:33,15,11.20740032,0.015784303
14/11/2020 16:34:34,15,11.00739956,0.015278541
14/11/2020 16:34:35,14.80858707,11,0.01477278
14/11/2020 16:34:36,14.60981941,11,0.014267019
14/11/2020 16:34:37,14.41105175,11,0.013761258
14/11/2020 16:34:38,14.21228409,11,0.013255497
14/11/2020 16:34:39,14.01351643,11,0.012749735
14/11/2020 16:34:40,14.18525124,11.18525124,0.012243974
14/11/2020 16:34:41,14.3840189,11.3840189,0.011738213
14/11/2020 16:34:42,14.58278656,11.58278656,0.011232452
14/11/2020 16:34:43,14.78155422,11.78155422,0.01072669
14/11/2020 16:34:44,14.98032188,11.98032188,0.010220929
14/11/2020 16:34:45,14.81980038,11.81980038,0.009715168
14/11/2020 16:34:46,14.61979961,11.61979961,0.009209407
14/11/2020 16:34:47,14.4197998,11.4197998,0.008703645
14/11/2020 16:34:48,14.2198,11.2198,0.008197884
14/11/2020 16:34:49,14.01980019,11.01980019,0.007692123
14/11/2020 16:34:50,14.09009075,11.18016434,0.007186362
14/11/2020 16:34:51,14.19008064,11.38012409,0.0066806
14/11/2020 16:34:52,14.29007053,11.58008385,0.006174839
14/11/2020 16:34:53,14.39006138,11.7800436,0.005669078
14/11/2020 16:34:54,14.49005127,11.98000431,0.005163317
14/11/2020 16:34:55,14.59004116,11.81999969,0.004657555
14/11/2020 16:34:56,14.69003105,11.61999989,0.004151794
14/11/2020 16:34:57,14.79002094,11.42000008,0.003646033
14/11/2020 16:34:58,14.89001083,11.22000027,0.003140272
14/11/2020 16:34:59,14.99000072,11.02000046,0.00263451
14/11/2020 16:35:00,14.82053852,11,0.002128749
14/11/2020 16:35:01,14.62113667,11,0.001622988
14/11/2020 16:35:02,14.42173481,11,0.001117227
14/11/2020 16:35:03,14.22233295,11,0.000611465
14/11/2020 16:35:04,14.0229311,11,0.000105704
14/11/2020 16:35:05,14.08767605,11.17428112,4.319527626
14/11/2020 16:35:06,14.18674469,11.37120914,9.780371666
14/11/2020 16:35:07,14.28581333,11.56813717,15.24121475
14/11/2020 16:35:08,14.38488197,11.76506519,20.70205879
14/11/2020 16:35:09,14.48395061,11.96199322,26.16290283
14/11/2020 16:35:10,14.58301926,11.83911514,24.088377
14/11/2020 16:35:11,14.6820879,11.63975239,19.63426018
14/11/2020 16:35:12,14.78115749,11.44039059,15.18014336
14/11/2020 16:35:13,14.88022614,11.24102879,10.72602654
14/11/2020 16:35:14,14.97929478,11.04166698,6.271910191
14/11/2020 16:35:15,15,11.15820026,4.430862904
14/11/2020 16:35:16,15,11.35820007,3.641639709
14/11/2020 16:35:17,15,11.55819988,2.852416754
14/11/2020 16:35:18,15,11.75819969,2.06319356
14/11/2020 16:35:19,15,11.95820045,1.273970485
14/11/2020 16:35:20,15,11.84277439,0.965790808
14/11/2020 16:35:21,15,11.64400673,0.866730332
14/11/2020 16:35:22,15,11.44523907,0.767669857
14/11/2020 16:35:23,15,11.24647141,0.66860944
14/11/2020 16:35:24,15,11.0477047,0.569548965
14/11/2020 16:35:25,14.84941578,11,0.470488518
14/11/2020 16:35:26,14.65127754,11,0.371428043
14/11/2020 16:35:27,14.45314026,11,0.272367597
14/11/2020 16:35:28,14.25500298,11,0.173307136
14/11/2020 16:35:29,14.05686569,11,0.074246675
14/11/2020 16:35:30,14.14214516,11.14214516,0.03647425
14/11/2020 16:35:31,14.34150696,11.34150696,0.036425162
14/11/2020 16:35:32,14.54086876,11.54086876,0.03637607
14/11/2020 16:35:33,14.74023151,11.74023151,0.036326982
14/11/2020 16:35:34,14.93959332,11.93959332,0.03627789
14/11/2020 16:35:35,14.86189842,11.93083954,0.036228802
14/11/2020 16:35:36,14.66376019,11.83161354,0.036179714
14/11/2020 16:35:37,14.4656229,11.73238754,0.036130622
14/11/2020 16:35:38,14.26748562,11.63316154,0.036081534
14/11/2020 16:35:39,14.06934834,11.53393555,0.036032442
14/11/2020 16:35:40,14.06469631,11.43470955,0.035983354
14/11/2020 16:35:41,14.16422844,11.33548355,0.035934266
14/11/2020 16:35:42,14.26376057,11.23625755,0.035885174
14/11/2020 16:35:43,14.36329269,11.13703156,0.035836086
14/11/2020 16:35:44,14.46282482,11.03780556,0.035786994
14/11/2020 16:35:45,14.56235695,11,0.035737906
14/11/2020 16:35:46,14.66188908,11,0.035688814
14/11/2020 16:35:47,14.7614212,11,0.035639726
14/11/2020 16:35:48,14.86095333,11,0.035590637
14/11/2020 16:35:49,14.96048546,11,0.035541546
14/11/2020 16:35:50,14.88014317,11,0.035492457
14/11/2020 16:35:51,14.6813755,11,0.035443366
14/11/2020 16:35:52,14.48260784,11,0.035394277
14/11/2020 16:35:53,14.28384018,11,0.035345186
14/11/2020 16:35:54,14.08507252,11,0.035296097
14/11/2020 16:35:55,14.05640507,11,0.035247009
14/11/2020 16:35:56,14.15501404,11,0.035197917
14/11/2020 16:35:57,14.25362396,11,0.035148829
14/11/2020 16:35:58,14.35223389,11,0.035099737
14/11/2020 16:35:59,14.45084286,11,0.035050649
14/11/2020 16:36:00,14.54945278,11.09757042,0.035001561
14/11/2020 16:36:01,14.64806271,11.29508209,0.034952469
14/11/2020 16:36:02,14.74667168,11.49259377,0.034903381
14/11/2020 16:36:03,14.8452816,11.69010448,0.034854289
14/11/2020 16:36:04,14.94389153,11.88761616,0.034805201
14/11/2020 16:36:05,15,11.91380024,0.034756109
14/11/2020 16:36:06,15,11.71380043,0.034707021
14/11/2020 16:36:07,15,11.51379967,0.034657933
14/11/2020 16:36:08,15,11.31379986,0.034608841
14/11/2020 16:36:09,15,11.11380005,0.034559753
14/11/2020 16:36:10,14.91433144,11,0.034510661
14/11/2020 16:36:11,14.71556377,11,0.034461573
14/11/2020 16:36:12,14.51679611,11,0.034412481
14/11/2020 16:36:13,14.31802845,11,0.034363393
14/11/2020 16:36:14,14.11926079,11,0.034314305
14/11/2020 16:36:15,14.07999992,11.07999992,0.034265213
14/11/2020 16:36:16,14.27999973,11.27999973,0.034216125
14/11/2020 16:36:17,14.47999954,11.47999954,0.034167033
14/11/2020 16:36:18,14.68000031,11.68000031,0.034117945
14/11/2020 16:36:19,14.88000011,11.88000011,0.034068856
14/11/2020 16:36:20,14.92099571,11.96037292,0.034019765
14/11/2020 16:36:21,14.72348404,11.86130333,0.033970676
14/11/2020 16:36:22,14.52597237,11.76223469,0.033921584
14/11/2020 16:36:23,14.32846165,11.66316605,0.033872496
14/11/2020 16:36:24,14.13094997,11.5640974,0.033823404
14/11/2020 16:36:25,14.06698513,11.46502876,0.033774316
14/11/2020 16:36:26,14.26575279,11.36596012,0.033725228
14/11/2020 16:36:27,14.4645195,11.26689148,0.033676136
14/11/2020 16:36:28,14.66328716,11.16782284,0.033627048
14/11/2020 16:36:29,14.86205482,11.06875324,0.033577956
14/11/2020 16:36:30,15,11.06062984,0.033528868
14/11/2020 16:36:31,15,11.25876713,0.033479776
14/11/2020 16:36:32,15,11.45690536,0.033430688
14/11/2020 16:36:33,15,11.65504265,0.0333816
14/11/2020 16:36:34,15,11.85317993,0.033332508
14/11/2020 16:36:35,14.94868279,11.94868279,0.03328342
14/11/2020 16:36:36,14.75054455,11.75054455,0.033234328
14/11/2020 16:36:37,14.55240726,11.55240726,0.03318524
14/11/2020 16:36:38,14.35426998,11.35426998,0.033136152
14/11/2020 16:36:39,14.1561327,11.1561327,0.03308706
14/11/2020 16:36:40,14.04213905,11.04213905,0.033037972
14/11/2020 16:36:41,14.24090672,11.24090672,0.03298888
14/11/2020 16:36:42,14.43967438,11.43967438,0.032939792
14/11/2020 16:36:43,14.63844204,11.63844204,0.0328907
14/11/2020 16:36:44,14.8372097,11.8372097,0.032841612
14/11/2020 16:36:45,14.98195744,11.98195744,0.032792524
14/11/2020 16:36:46,14.88227654,11.88227654,0.032743432
14/11/2020 16:36:47,14.78259563,11.78259563,0.032694343
14/11/2020 16:36:48,14.68291473,11.68291473,0.032645252
14/11/2020 16:36:49,14.58323383,11.58323383,0.032596163
14/11/2020 16:36:50,14.48355293,11.48355293,0.032547072
14/11/2020 16:36:51,14.38387203,11.38387203,0.032497983
14/11/2020 16:36:52,14.28419018,11.28419018,0.032448895
14/11/2020 16:36:53,14.18450928,11.18450928,0.032399803
14/11/2020 16:36:54,14.08482838,11.08482838,0.032350715
14/11/2020 16:36:55,14.02971077,11.02971077,0.032301623
14/11/2020 16:36:56,14.22911263,11.22911263,0.032252535
14/11/2020 16:36:57,14.42851448,11.42851448,0.032203447
14/11/2020 16:36:58,14.62791634,11.62791634,0.032154355
14/11/2020 16:36:59,14.82731819,11.82731819,0.032105267
14/11/2020 16:37:00,14.97337055,11.97337055,0.032056175
14/11/2020 16:37:01,14.77464199,11.77464199,0.032007087
14/11/2020 16:37:02,14.57591438,11.57591438,0.031957995
14/11/2020 16:37:03,14.37718582,11.37718582,0.031908907
14/11/2020 16:37:04,14.17845821,11.17845821,0.031859819
14/11/2020 16:37:05,14.02040005,11.02040005,0.031810727
14/11/2020 16:37:06,14.22039986,11.22039986,0.031761639
14/11/2020 16:37:07,14.42039967,11.42039967,0.031712547
14/11/2020 16:37:08,14.62040043,11.62040043,0.031663459
14/11/2020 16:37:09,14.82040024,11.82040024,0.031614367
14/11/2020 16:37:10,14.97991371,11.98991013,0.031565279
14/11/2020 16:37:11,14.78298569,11.89098835,0.031516191
14/11/2020 16:37:12,14.58605766,11.79206657,0.031467099
14/11/2020 16:37:13,14.38912964,11.6931448,0.031418011
14/11/2020 16:37:14,14.19220161,11.59422302,0.031368919
14/11/2020 16:37:15,14.00477028,11.49530125,0.031319831
14/11/2020 16:37:16,14.20353794,11.39637947,0.031270742
14/11/2020 16:37:17,14.4023056,11.2974577,0.031221651
14/11/2020 16:37:18,14.60107327,11.19853592,0.031172561
14/11/2020 16:37:19,14.79984093,11.09961414,0.031123472
14/11/2020 16:37:20,14.99860859,11.00069237,0.031074382
14/11/2020 16:37:21,14.90162468,11,0.031025292
14/11/2020 16:37:22,14.80255604,11,0.030976202
14/11/2020 16:37:23,14.7034874,11,0.030927112
14/11/2020 16:37:24,14.60441875,11,0.030878022
14/11/2020 16:37:25,14.50535011,11,0.030828932
14/11/2020 16:37:26,14.40628052,11,0.030779844
14/11/2020 16:37:27,14.30721188,11,0.030730754
14/11/2020 16:37:28,14.20814323,11,0.030681664
14/11/2020 16:37:29,14.10907459,11,0.030632574
14/11/2020 16:37:30,14.01000595,11,0.030583484
14/11/2020 16:37:31,14.1764822,11.1764822,0.030534394
14/11/2020 16:37:32,14.37279129,11.37279129,0.030485306
14/11/2020 16:37:33,14.56910133,11.56910133,0.030436216
14/11/2020 16:37:34,14.76541042,11.76541042,0.030387126
14/11/2020 16:37:35,14.96171951,11.96171951,0.030338036
14/11/2020 16:37:36,14.83948135,11.83948135,0.030288946
14/11/2020 16:37:37,14.6400795,11.6400795,0.030239856
14/11/2020 16:37:38,14.44067764,11.44067764,0.030190766
14/11/2020 16:37:39,14.24127579,11.24127579,0.030141678
14/11/2020 16:37:40,14.04187393,11.04187393,0.030092588
14/11/2020 16:37:41,14.15699482,11.15699482,0.030043498
14/11/2020 16:37:42,14.35572338,11.35572338,0.029994408
14/11/2020 16:37:43,14.55445194,11.55445194,0.029945318
14/11/2020 16:37:44,14.75317955,11.75317955,0.029896228
14/11/2020 16:37:45,14.95190811,11.95190811,0.029847139
14/11/2020 16:37:46,14.84885311,11.84885311,0.029798049
14/11/2020 16:37:47,14.64945126,11.64945126,0.029748959
14/11/2020 16:37:48,14.4500494,11.4500494,0.029699869
14/11/2020 16:37:49,14.2506485,11.2506485,0.029650779
14/11/2020 16:37:50,14.05124664,11.05124664,0.029601689
14/11/2020 16:37:51,14.0740633,11,0.029552601
14/11/2020 16:37:52,14.1737442,11,0.029503511
14/11/2020 16:37:53,14.2734251,11,0.029454421
14/11/2020 16:37:54,14.373106,11,0.029405331
14/11/2020 16:37:55,14.4727869,11,0.029356241
14/11/2020 16:37:56,14.5724678,11.14493656,0.029307151
14/11/2020 16:37:57,14.6721487,11.34429836,0.029258061
14/11/2020 16:37:58,14.77183056,11.54366016,0.029208973
14/11/2020 16:37:59,14.87151146,11.74302197,0.029159883
14/11/2020 16:38:00,14.97119236,11.94238472,0.029110793
14/11/2020 16:38:01,15,11.92878628,0.029061703
14/11/2020 16:38:02,15,11.82862568,0.029012613
14/11/2020 16:38:03,15,11.72846508,0.028963523
14/11/2020 16:38:04,15,11.62830544,0.028914435
14/11/2020 16:38:05,15,11.52814484,0.028865345
14/11/2020 16:38:06,15,11.42798519,0.028816255
14/11/2020 16:38:07,15,11.32782459,0.028767165
14/11/2020 16:38:08,15,11.22766399,0.028718075
14/11/2020 16:38:09,15,11.12750435,0.028668985
14/11/2020 16:38:10,15,11.02734375,0.028619897
14/11/2020 16:38:11,14.85459995,11,0.028570807
14/11/2020 16:38:12,14.65460014,11,0.028521717
14/11/2020 16:38:13,14.45460033,11,0.028472627
14/11/2020 16:38:14,14.25459957,11,0.028423537
14/11/2020 16:38:15,14.05459976,11,0.028374447
14/11/2020 16:38:16,14,11,0.028325357
14/11/2020 16:38:17,14,11,0.028276268
14/11/2020 16:38:18,14,11,0.028227178
14/11/2020 16:38:19,14,11,0.028178088
14/11/2020 16:38:20,14,11,0.028128998
14/11/2020 16:38:21,14.14220047,11.14220047,0.028079908
14/11/2020 16:38:22,14.34220028,11.34220028,0.028030818
14/11/2020 16:38:23,14.54220009,11.54220009,0.02798173
14/11/2020 16:38:24,14.7421999,11.7421999,0.02793264
14/11/2020 16:38:25,14.94219971,11.94219971,0.02788355
14/11/2020 16:38:26,14.85867596,11.92912006,0.02783446
14/11/2020 16:38:27,14.65990829,11.82942867,0.02778537
14/11/2020 16:38:28,14.46114063,11.72973824,0.02773628
14/11/2020 16:38:29,14.26237297,11.63004684,0.027687192
14/11/2020 16:38:30,14.06360531,11.53035545,0.027638102
14/11/2020 16:38:31,14.13599968,11.43066502,0.027589012
14/11/2020 16:38:32,14.33600044,11.33097363,0.027539922
14/11/2020 16:38:33,14.53600025,11.23128319,0.027490832
14/11/2020 16:38:34,14.73600006,11.1315918,0.027441742
14/11/2020 16:38:35,14.93599987,11.03190136,0.027392652
14/11/2020 16:38:36,14.93220997,11,0.027343564
14/11/2020 16:38:37,14.83251953,11,0.027294474
14/11/2020 16:38:38,14.73282814,11,0.027245384
14/11/2020 16:38:39,14.6331377,11,0.027196294
14/11/2020 16:38:40,14.53344631,11,0.027147204
14/11/2020 16:38:41,14.43375492,11,0.027098114
14/11/2020 16:38:42,14.33406448,11,0.027049026
14/11/2020 16:38:43,14.23437309,11,0.026999936
14/11/2020 16:38:44,14.13468266,11,0.026950845
14/11/2020 16:38:45,14.03499126,11,0.026901755
14/11/2020 16:38:46,14.12938595,11.12938595,0.026852665
14/11/2020 16:38:47,14.32874775,11.32874775,0.026803575
14/11/2020 16:38:48,14.5281105,11.5281105,0.026754487
14/11/2020 16:38:49,14.72747231,11.72747231,0.026705397
14/11/2020 16:38:50,14.92683411,11.92683411,0.026656307
14/11/2020 16:38:51,14.87380409,11.93680096,0.026607217
14/11/2020 16:38:52,14.67444134,11.83696079,0.026558127
14/11/2020 16:38:53,14.47507954,11.73712063,0.026509037
14/11/2020 16:38:54,14.27571774,11.63728046,0.026459947
14/11/2020 16:38:55,14.07635593,11.5374403,0.026410859
14/11/2020 16:38:56,14.12339973,11.43760014,0.026361769
14/11/2020 16:38:57,14.32339954,11.33775997,0.026312679
14/11/2020 16:38:58,14.52340031,11.23791885,0.026263589
14/11/2020 16:38:59,14.72340012,11.13807869,0.026214499
14/11/2020 16:39:00,14.92339993,11.03823853,0.026165409
14/11/2020 16:39:01,15,11,0.026116321
14/11/2020 16:39:02,15,11,0.026067231
14/11/2020 16:39:03,15,11,0.026018141
14/11/2020 16:39:04,15,11,0.025969051
14/11/2020 16:39:05,15,11,0.025919961
14/11/2020 16:39:06,14.88206863,11,0.025870871
14/11/2020 16:39:07,14.68082142,11,0.025821781
14/11/2020 16:39:08,14.47957325,11,0.025772693
14/11/2020 16:39:09,14.27832603,11,0.025723603
14/11/2020 16:39:10,14.07707787,11,0.025674513
14/11/2020 16:39:11,14.12300682,11,0.025625423
14/11/2020 16:39:12,14.32236862,11,0.025576333
14/11/2020 16:39:13,14.52173042,11,0.025527243
14/11/2020 16:39:14,14.72109222,11,0.025478154
14/11/2020 16:39:15,14.92045498,11,0.025429064
14/11/2020 16:39:16,14.87979984,11,0.025379974
14/11/2020 16:39:17,14.67980003,11,0.025330884
14/11/2020 16:39:18,14.47980022,11,0.025281794
14/11/2020 16:39:19,14.27980042,11,0.025232704
14/11/2020 16:39:20,14.07979965,11,0.025183616
14/11/2020 16:39:21,14.11945915,11,0.025134526
14/11/2020 16:39:22,14.31822681,11,0.025085436
14/11/2020 16:39:23,14.51699448,11,0.025036346
14/11/2020 16:39:24,14.71576214,11,0.024987256
14/11/2020 16:39:25,14.9145298,11,0.024938166
14/11/2020 16:39:26,14.88563442,11,0.024889076
14/11/2020 16:39:27,14.68499184,11,0.024839988
14/11/2020 16:39:28,14.4843502,11,0.024790898
14/11/2020 16:39:29,14.28370762,11,0.024741808
14/11/2020 16:39:30,14.08306599,11,0.024692718
14/11/2020 16:39:31,14,11,0.024643628
14/11/2020 16:39:32,14,11,0.024594538
14/11/2020 16:39:33,14,11,0.02454545
14/11/2020 16:39:34,14,11,0.02449636
14/11/2020 16:39:35,14,11,0.02444727
14/11/2020 16:39:36,14.10944271,11.10944271,0.02439818
14/11/2020 16:39:37,14.30699348,11.30699348,0.02434909
14/11/2020 16:39:38,14.5045433,11.5045433,0.0243
14/11/2020 16:39:39,14.70209408,11.70209408,0.024250912
14/11/2020 16:39:40,14.89964485,11.89964485,0.024201822
14/11/2020 16:39:41,14.90130424,11.90130424,0.024152732
14/11/2020 16:39:42,14.70070171,11.70070171,0.024103642
14/11/2020 16:39:43,14.50010014,11.50010014,0.024054551
14/11/2020 16:39:44,14.29949856,11.29949856,0.024005461
14/11/2020 16:39:45,14.09889698,11.09889698,0.023956371
14/11/2020 16:39:46,14.10015774,11.10015774,0.023907283
14/11/2020 16:39:47,14.29770851,11.29770851,0.023858193
14/11/2020 16:39:48,14.49525833,11.49525833,0.023809103
14/11/2020 16:39:49,14.6928091,11.6928091,0.023760013
14/11/2020 16:39:50,14.89035988,11.89035988,0.023710923
14/11/2020 16:39:51,14.9101553,11.9101553,0.023661833
14/11/2020 16:39:52,14.70825768,11.70825768,0.023612745
14/11/2020 16:39:53,14.50636005,11.50636005,0.023563655
14/11/2020 16:39:54,14.30446148,11.30446148,0.023514565
14/11/2020 16:39:55,14.10256386,11.10256386,0.023465475
14/11/2020 16:39:56,14.0971756,11.0971756,0.023416385
14/11/2020 16:39:57,14.29468727,11.29468727,0.023367295
14/11/2020 16:39:58,14.49219799,11.49219799,0.023318207
14/11/2020 16:39:59,14.68970966,11.68970966,0.023269117
14/11/2020 16:40:00,14.88722134,11.88722134,0.023220027
14/11/2020 16:40:01,15,12,0.023170937
14/11/2020 16:40:02,15,12,0.023121847
14/11/2020 16:40:03,15,12,0.023072757
14/11/2020 16:40:04,15,12,0.023023667
14/11/2020 16:40:05,15,12,0.022974579
14/11/2020 16:40:06,15,11.930233,0.022925489
14/11/2020 16:40:07,15,11.73146534,0.022876399
14/11/2020 16:40:08,15,11.53269768,0.022827309
14/11/2020 16:40:09,15,11.33393002,0.022778219
14/11/2020 16:40:10,15,11.13516235,0.022729129
14/11/2020 16:40:11,15,11.06379604,0.02268004
14/11/2020 16:40:12,15,11.26315784,0.02263095
14/11/2020 16:40:13,15,11.46251965,0.02258186
14/11/2020 16:40:14,15,11.6618824,0.02253277
14/11/2020 16:40:15,15,11.8612442,0.02248368
14/11/2020 16:40:16,15,12,0.02243459
14/11/2020 16:40:17,15,12,0.022385502
14/11/2020 16:40:18,15,12,0.022336412
14/11/2020 16:40:19,15,12,0.022287322
14/11/2020 16:40:20,15,12,0.022238232
14/11/2020 16:40:21,15,11.95494461,0.022189142
14/11/2020 16:40:22,15,11.75558186,0.022140052
14/11/2020 16:40:23,15,11.55622005,0.022090962
14/11/2020 16:40:24,15,11.35685825,0.022041874
14/11/2020 16:40:25,15,11.15749645,0.021992784
14/11/2020 16:40:26,15,11,0.021943694
14/11/2020 16:40:27,15,11,0.021894604
14/11/2020 16:40:28,15,11,0.021845514
14/11/2020 16:40:29,15,11,0.021796424
14/11/2020 16:40:30,15,11,0.021747336
14/11/2020 16:40:31,15,11,0.021698246
14/11/2020 16:40:32,15,11,0.021649156
14/11/2020 16:40:33,15,11,0.021600066
14/11/2020 16:40:34,15,11,0.021550976
14/11/2020 16:40:35,15,11,0.021501886
14/11/2020 16:40:36,15,11.02013588,0.021452796
14/11/2020 16:40:37,15,11.21949768,0.021403708
14/11/2020 16:40:38,15,11.41885948,0.021354618
14/11/2020 16:40:39,15,11.61822128,0.021305528
14/11/2020 16:40:40,15,11.81758404,0.021256438
14/11/2020 16:40:41,14.9915657,11.9915657,0.021207348
14/11/2020 16:40:42,14.89233971,11.89233971,0.021158257
14/11/2020 16:40:43,14.79311371,11.79311371,0.021109169
14/11/2020 16:40:44,14.69388771,11.69388771,0.021060079
14/11/2020 16:40:45,14.59466171,11.59466171,0.021010989
14/11/2020 16:40:46,14.49543571,11.49543571,0.020961899
14/11/2020 16:40:47,14.39620972,11.39620972,0.020912809
14/11/2020 16:40:48,14.29698372,11.29698372,0.020863719
14/11/2020 16:40:49,14.19775772,11.19775772,0.020814631
14/11/2020 16:40:50,14.09853172,11.09853172,0.020765541
14/11/2020 16:40:51,14.00139141,11.00139141,0.020716451
14/11/2020 16:40:52,14.20015907,11.20015907,0.020667361
14/11/2020 16:40:53,14.39892673,11.39892673,0.020618271
14/11/2020 16:40:54,14.5976944,11.5976944,0.020569181
14/11/2020 16:40:55,14.79646206,11.79646206,0.020520091
14/11/2020 16:40:56,14.99522972,11.99522972,0.020471003
14/11/2020 16:40:57,14.80661774,11.80661774,0.020421913
14/11/2020 16:40:58,14.60848045,11.60848045,0.020372823
14/11/2020 16:40:59,14.41034317,11.41034317,0.020323733
14/11/2020 16:41:00,14.21220493,11.21220493,0.020274643
14/11/2020 16:41:01,14.01406765,11.01406765,0.020225553
14/11/2020 16:41:02,14.184618,11.184618,0.020176465
14/11/2020 16:41:03,14.38334656,11.38334656,0.020127375
14/11/2020 16:41:04,14.58207512,11.58207512,0.020078285
14/11/2020 16:41:05,14.78080273,11.78080273,0.020029195
14/11/2020 16:41:06,14.97953129,11.97953129,0.019980105
14/11/2020 16:41:07,14.91112614,11.91112614,0.019931015
14/11/2020 16:41:08,14.81204796,11.81204796,0.019881926
14/11/2020 16:41:09,14.71296978,11.71296978,0.019832836
14/11/2020 16:41:10,14.61389065,11.61389065,0.019783746
14/11/2020 16:41:11,14.51481247,11.51481247,0.019734656
14/11/2020 16:41:12,14.41573334,11.41573334,0.019685566
14/11/2020 16:41:13,14.31665516,11.31665516,0.019636476
14/11/2020 16:41:14,14.21757698,11.21757698,0.019587386
14/11/2020 16:41:15,14.11849785,11.11849785,0.019538298
14/11/2020 16:41:16,14.01941967,11.01941967,0.019489208
14/11/2020 16:41:17,14.16076756,11.16076756,0.019440118
14/11/2020 16:41:18,14.36072826,11.36072826,0.019391028
14/11/2020 16:41:19,14.56068802,11.56068802,0.019341938
14/11/2020 16:41:20,14.76064777,11.76064777,0.019292848
14/11/2020 16:41:21,14.96060753,11.96060753,0.01924376
14/11/2020 16:41:22,14.84038925,11.84038925,0.01919467
14/11/2020 16:41:23,14.64162159,11.64162159,0.01914558
14/11/2020 16:41:24,14.44285393,11.44285393,0.01909649
14/11/2020 16:41:25,14.24408627,11.24408627,0.0190474
14/11/2020 16:41:26,14.0453186,11.0453186,0.01899831
14/11/2020 16:41:27,14.15393829,11.15393829,0.018949222
14/11/2020 16:41:28,14.35334015,11.35334015,0.018900132
14/11/2020 16:41:29,14.552742,11.552742,0.018851042
14/11/2020 16:41:30,14.75214386,11.75214386,0.018801952
14/11/2020 16:41:31,14.95154572,11.95154572,0.018752862
14/11/2020 16:41:32,15,11.92489338,0.018703772
14/11/2020 16:41:33,15,11.82567692,0.018654682
14/11/2020 16:41:34,15,11.72646141,0.018605594
14/11/2020 16:41:35,15,11.62724495,0.018556504
14/11/2020 16:41:36,15,11.52802849,0.018507414
14/11/2020 16:41:37,15,11.42881203,0.018458324
14/11/2020 16:41:38,15,11.32959652,0.018409234
14/11/2020 16:41:39,15,11.23038006,0.018360144
14/11/2020 16:41:40,15,11.1311636,0.018311055
14/11/2020 16:41:41,15,11.03194809,0.018261965
14/11/2020 16:41:42,15,11,0.018212875
14/11/2020 16:41:43,15,11,0.018163785
14/11/2020 16:41:44,15,11,0.018114695
14/11/2020 16:41:45,15,11,0.018065605
14/11/2020 16:41:46,15,11,0.018016517
14/11/2020 16:41:47,14.86740017,11,0.017967427
14/11/2020 16:41:48,14.66740036,11,0.017918337
14/11/2020 16:41:49,14.4673996,11,0.017869247
14/11/2020 16:41:50,14.26739979,11,0.017820157
14/11/2020 16:41:51,14.06739998,11,0.017771067
14/11/2020 16:41:52,14.13217735,11.13217735,0.017721977
14/11/2020 16:41:53,14.33153915,11.33153915,0.017672889
14/11/2020 16:41:54,14.53090096,11.53090096,0.017623799
14/11/2020 16:41:55,14.73026276,11.73026276,0.017574709
14/11/2020 16:41:56,14.92962551,11.92962551,0.017525619
14/11/2020 16:41:57,15,11.93570518,0.017476529
14/11/2020 16:41:58,15,11.83633137,0.017427439
14/11/2020 16:41:59,15,11.73695755,0.017378351
14/11/2020 16:42:00,15,11.63758278,0.017329261
14/11/2020 16:42:01,15,11.53820896,0.017280171
14/11/2020 16:42:02,15,11.43883514,0.017231081
14/11/2020 16:42:03,15,11.33946133,0.017181991
14/11/2020 16:42:04,15,11.24008751,0.017132901
14/11/2020 16:42:05,15,11.14071369,0.017083813
14/11/2020 16:42:06,15,11.04133987,0.017034722
14/11/2020 16:42:07,15,11.1171751,0.016985632
14/11/2020 16:42:08,15,11.31781673,0.016936542
14/11/2020 16:42:09,15,11.51845932,0.016887452
14/11/2020 16:42:10,15,11.71910095,0.016838362
14/11/2020 16:42:11,15,11.91974354,0.016789272
14/11/2020 16:42:12,14.88038254,11.94018555,0.016740184
14/11/2020 16:42:13,14.68102074,11.84049416,0.016691094
14/11/2020 16:42:14,14.48165894,11.74080372,0.016642004
14/11/2020 16:42:15,14.28229618,11.64111233,0.016592914
14/11/2020 16:42:16,14.08293438,11.54142189,0.016543824
14/11/2020 16:42:17,14.11645031,11.4417305,0.016494734
14/11/2020 16:42:18,14.31585217,11.34204006,0.016445646
14/11/2020 16:42:19,14.51525402,11.24234867,0.016396556
14/11/2020 16:42:20,14.71465588,11.14265823,0.016347466
14/11/2020 16:42:21,14.91405773,11.04296684,0.016298376
14/11/2020 16:42:22,14.94328117,11,0.016249286
14/11/2020 16:42:23,14.84360027,11,0.016200196
14/11/2020 16:42:24,14.74391937,11,0.016151106
14/11/2020 16:42:25,14.64423847,11,0.016102018
14/11/2020 16:42:26,14.54455757,11,0.016052928
14/11/2020 16:42:27,14.44487667,11,0.016003838
14/11/2020 16:42:28,14.34519577,11,0.015954748
14/11/2020 16:42:29,14.24551392,11,0.015905658
14/11/2020 16:42:30,14.14583302,11,0.015856568
14/11/2020 16:42:31,14.04615211,11,0.01580748
14/11/2020 16:42:32,14.10774517,11,0.01575839
14/11/2020 16:42:33,14.3083868,11,0.0157093
14/11/2020 16:42:34,14.50902843,11,0.01566021
14/11/2020 16:42:35,14.70967102,11,0.01561112
14/11/2020 16:42:36,14.91031265,11,0.01556203
14/11/2020 16:42:37,14.89008141,11,0.01551294
14/11/2020 16:42:38,14.69131374,11,0.01546385
14/11/2020 16:42:39,14.49254608,11,0.015414761
14/11/2020 16:42:40,14.29377842,11,0.015365671
14/11/2020 16:42:41,14.09501076,11,0.015316581
14/11/2020 16:42:42,14.10373592,11,0.015267492
14/11/2020 16:42:43,14.30246449,11,0.015218402
14/11/2020 16:42:44,14.50119209,11,0.015169312
14/11/2020 16:42:45,14.69992065,11,0.015120223
14/11/2020 16:42:46,14.89864826,11,0.015071133
14/11/2020 16:42:47,14.90200043,11,0.015022043
14/11/2020 16:42:48,14.70199966,11,0.014972954
14/11/2020 16:42:49,14.50199986,11,0.014923864
14/11/2020 16:42:50,14.30200005,11,0.014874774
14/11/2020 16:42:51,14.10200024,11,0.014825684
14/11/2020 16:42:52,14,11,0.014776595
14/11/2020 16:42:53,14,11,0.014727505
14/11/2020 16:42:54,14,11,0.014678415
14/11/2020 16:42:55,14,11,0.014629326
14/11/2020 16:42:56,14,11,0.014580236
14/11/2020 16:42:57,14.08888435,11,0.014531146
14/11/2020 16:42:58,14.28952694,11,0.014482057
14/11/2020 16:42:59,14.49016857,11,0.014432967
14/11/2020 16:43:00,14.6908102,11,0.014383877
14/11/2020 16:43:01,14.89145279,11,0.014334788
14/11/2020 16:43:02,14.90849304,11,0.014285698
14/11/2020 16:43:03,14.70913124,11,0.014236608
14/11/2020 16:43:04,14.50976849,11,0.014187519
14/11/2020 16:43:05,14.31040668,11,0.014138428
14/11/2020 16:43:06,14.11104488,11,0.014089338
14/11/2020 16:43:07,14.08833504,11,0.014040249
14/11/2020 16:43:08,14.28773689,11,0.013991159
14/11/2020 16:43:09,14.48713875,11,0.013942069
14/11/2020 16:43:10,14.6865406,11,0.013892979
14/11/2020 16:43:11,14.88594246,11,0.01384389
14/11/2020 16:43:12,14.91467285,11,0.0137948
14/11/2020 16:43:13,14.71531105,11,0.01374571
14/11/2020 16:43:14,14.51594925,11,0.013696621
14/11/2020 16:43:15,14.31658649,11,0.013647531
14/11/2020 16:43:16,14.11722469,11,0.013598441
14/11/2020 16:43:17,14.04100704,11,0.013549352
14/11/2020 16:43:18,14.14053917,11,0.013500262
14/11/2020 16:43:19,14.2400713,11,0.013451172
14/11/2020 16:43:20,14.33960342,11,0.013402083
14/11/2020 16:43:21,14.43913651,11,0.013352993
14/11/2020 16:43:22,14.53866863,11.0759573,0.013303903
14/11/2020 16:43:23,14.63820076,11.2753191,0.013254814
14/11/2020 16:43:24,14.73773289,11.4746809,0.013205724
14/11/2020 16:43:25,14.83726501,11.6740427,0.013156634
14/11/2020 16:43:26,14.93679714,11.87340546,0.013107544
14/11/2020 16:43:27,14.92745018,11.92745018,0.013058455
14/11/2020 16:43:28,14.72868252,11.72868252,0.013009365
14/11/2020 16:43:29,14.52991486,11.52991486,0.012960275
14/11/2020 16:43:30,14.33114719,11.33114719,0.012911186
14/11/2020 16:43:31,14.13237953,11.13237953,0.012862096
14/11/2020 16:43:32,14.06658649,11.06658649,0.012813006
14/11/2020 16:43:33,14.26594925,11.26594925,0.012763917
14/11/2020 16:43:34,14.46531105,11.46531105,0.012714827
14/11/2020 16:43:35,14.66467285,11.66467285,0.012665736
14/11/2020 16:43:36,14.86403465,11.86403465,0.012616647
14/11/2020 16:43:37,15,11.93699265,0.012567557
14/11/2020 16:43:38,15,11.73885441,0.012518467
14/11/2020 16:43:39,15,11.54071712,0.012469378
14/11/2020 16:43:40,15,11.34257984,0.012420288
14/11/2020 16:43:41,15,11.14444256,0.012371198
14/11/2020 16:43:42,14.94647408,11.05352592,0.012322109
14/11/2020 16:43:43,14.74896336,11.25103664,0.012273019
14/11/2020 16:43:44,14.55145168,11.44854832,0.012223929
14/11/2020 16:43:45,14.35394001,11.64605999,0.012174839
14/11/2020 16:43:46,14.15642929,11.84357071,0.01212575
14/11/2020 16:43:47,14.0414753,11.9585247,0.01207666
14/11/2020 16:43:48,14.24087715,11.75912285,0.01202757
14/11/2020 16:43:49,14.44027901,11.55972099,0.011978481
14/11/2020 16:43:50,14.63968086,11.36031914,0.011929391
14/11/2020 16:43:51,14.83908272,11.16091728,0.011880301
14/11/2020 16:43:52,15,11,0.011831212
14/11/2020 16:43:53,15,11,0.011782122
14/11/2020 16:43:54,15,11,0.011733032
14/11/2020 16:43:55,15,11,0.011683943
14/11/2020 16:43:56,15,11,0.011634853
14/11/2020 16:43:57,15,11.02575779,0.011585763
14/11/2020 16:43:58,15,11.22389507,0.011536674
14/11/2020 16:43:59,15,11.42203331,0.011487584
14/11/2020 16:44:00,15,11.62017059,0.011438494
14/11/2020 16:44:01,15,11.81830788,0.011389405
14/11/2020 16:44:02,15,11.98344994,0.011340315
14/11/2020 16:44:03,15,11.78404808,0.011291225
14/11/2020 16:44:04,15,11.58464622,0.011242134
14/11/2020 16:44:05,15,11.38524437,0.011193045
14/11/2020 16:44:06,15,11.18584251,0.011143955
14/11/2020 16:44:07,15,11.01360035,0.011094865
14/11/2020 16:44:08,15,11.21360016,0.011045776
14/11/2020 16:44:09,15,11.41359997,0.010996686
14/11/2020 16:44:10,15,11.61359978,0.010947596
14/11/2020 16:44:11,15,11.81359959,0.010898507
14/11/2020 16:44:12,15,12,0.010849417
14/11/2020 16:44:13,15,12,0.010800327
14/11/2020 16:44:14,15,12,0.010751238
14/11/2020 16:44:15,15,12,0.010702148
14/11/2020 16:44:16,15,12,0.010653058
14/11/2020 16:44:17,15,11.99581337,0.010603969
14/11/2020 16:44:18,15,11.79645157,0.010554879
14/11/2020 16:44:19,15,11.59708977,0.010505789
14/11/2020 16:44:20,15,11.39772701,0.010456699
14/11/2020 16:44:21,15,11.19836521,0.01040761
14/11/2020 16:44:22,15,11.0010004,0.01035852
14/11/2020 16:44:23,15,11.20100021,0.01030943
14/11/2020 16:44:24,15,11.40100002,0.010260341
14/11/2020 16:44:25,15,11.60099983,0.010211251
14/11/2020 16:44:26,15,11.80099964,0.010162161
14/11/2020 16:44:27,15,11.99900627,0.010113072
14/11/2020 16:44:28,15,11.80023861,0.010063982
14/11/2020 16:44:29,15,11.60147095,0.010014892
14/11/2020 16:44:30,15,11.40270329,0.009965803
14/11/2020 16:44:31,15,11.20393562,0.009916713
14/11/2020 16:44:32,15,11.00516796,0.009867623
14/11/2020 16:44:33,15,11.19417858,0.009818533
14/11/2020 16:44:34,15,11.39354038,0.009769443
14/11/2020 16:44:35,15,11.59290314,0.009720353
14/11/2020 16:44:36,15,11.79226494,0.009671264
14/11/2020 16:44:37,15,11.99162674,0.009622174
14/11/2020 16:44:38,15,12,0.009573084
14/11/2020 16:44:39,15,12,0.009523994
14/11/2020 16:44:40,15,12,0.009474905
14/11/2020 16:44:41,15,12,0.009425815
14/11/2020 16:44:42,15,12,0.009376725
14/11/2020 16:44:43,14.81519127,11.81519127,0.009327636
14/11/2020 16:44:44,14.61582947,11.61582947,0.009278546
14/11/2020 16:44:45,14.41646767,11.41646767,0.009229456
14/11/2020 16:44:46,14.21710491,11.21710491,0.009180367
14/11/2020 16:44:47,14.01774311,11.01774311,0.009131277
14/11/2020 16:44:48,14.09053898,11.18050289,0.009082187
14/11/2020 16:44:49,14.18992233,11.37864113,0.009033098
14/11/2020 16:44:50,14.28930664,11.57677841,0.008984008
14/11/2020 16:44:51,14.38868999,11.7749157,0.008934918
14/11/2020 16:44:52,14.4880743,11.97305298,0.008885829
14/11/2020 16:44:53,14.58745766,11.91372967,0.008836739
14/11/2020 16:44:54,14.68684196,11.81387901,0.008787649
14/11/2020 16:44:55,14.78622532,11.71402931,0.00873856
14/11/2020 16:44:56,14.88560963,11.61417866,0.00868947
14/11/2020 16:44:57,14.98499298,11.51432896,0.00864038
14/11/2020 16:44:58,15,11.4144783,0.00859129
14/11/2020 16:44:59,15,11.31462765,0.008542201
14/11/2020 16:45:00,15,11.21477795,0.008493111
14/11/2020 16:45:01,15,11.11492729,0.008444021
14/11/2020 16:45:02,15,11.01507759,0.008394931
14/11/2020 16:45:03,15,11,0.008345841
14/11/2020 16:45:04,15,11,0.008296751
14/11/2020 16:45:05,15,11,0.008247662
14/11/2020 16:45:06,15,11,0.008198572
14/11/2020 16:45:07,15,11,0.008149482
14/11/2020 16:45:08,15,11,0.008100393
14/11/2020 16:45:09,15,11,0.008051303
14/11/2020 16:45:10,15,11,0.008002213
14/11/2020 16:45:11,15,11,0.007953124
14/11/2020 16:45:12,15,11,0.007904034
14/11/2020 16:45:13,15,11.15988827,0.007854944
14/11/2020 16:45:14,15,11.35925007,0.007805855
14/11/2020 16:45:15,15,11.55861282,0.007756765
14/11/2020 16:45:16,15,11.75797462,0.007707675
14/11/2020 16:45:17,15,11.95733643,0.007658585
14/11/2020 16:45:18,15,11.84181881,0.007609495
14/11/2020 16:45:19,15,11.64057159,0.007560406
14/11/2020 16:45:20,15,11.43932343,0.007511316
14/11/2020 16:45:21,15,11.23807621,0.007462226
14/11/2020 16:45:22,15,11.03682804,0.007413137
14/11/2020 16:45:23,15,11,0.007364047
14/11/2020 16:45:24,15,11,0.007314957
14/11/2020 16:45:25,15,11,0.007265868
14/11/2020 16:45:26,15,11,0.007216778
14/11/2020 16:45:27,15,11,0.007167688
14/11/2020 16:45:28,15,11.15524387,0.007118599
14/11/2020 16:45:29,15,11.35275555,0.007069509
14/11/2020 16:45:30,15,11.55026627,0.007020419
14/11/2020 16:45:31,15,11.74777794,0.006971329
14/11/2020 16:45:32,15,11.94528961,0.006922239
14/11/2020 16:45:33,14.85402775,11.85402775,0.00687315
14/11/2020 16:45:34,14.65213013,11.65213013,0.00682406
14/11/2020 16:45:35,14.45023251,11.45023251,0.00677497
14/11/2020 16:45:36,14.24833393,11.24833393,0.006725881
14/11/2020 16:45:37,14.04643631,11.04643631,0.006676791
14/11/2020 16:45:38,14.15400028,11.15400028,0.006627701
14/11/2020 16:45:39,14.35400009,11.35400009,0.006578612
14/11/2020 16:45:40,14.5539999,11.5539999,0.006529522
14/11/2020 16:45:41,14.75399971,11.75399971,0.006480432
14/11/2020 16:45:42,14.95400047,11.95400047,0.006431343
14/11/2020 16:45:43,14.84649086,11.84649086,0.006382253
14/11/2020 16:45:44,14.64712906,11.64712906,0.006333163
14/11/2020 16:45:45,14.44776726,11.44776726,0.006284073
14/11/2020 16:45:46,14.24840546,11.24840546,0.006234983
14/11/2020 16:45:47,14.0490427,11.0490427,0.006185894
14/11/2020 16:45:48,14.07528687,11.07528687,0.006136804
14/11/2020 16:45:49,14.17513752,11.17513752,0.006087714
14/11/2020 16:45:50,14.27498722,11.27498722,0.006038625
14/11/2020 16:45:51,14.37483788,11.37483788,0.005989535
14/11/2020 16:45:52,14.47468758,11.47468758,0.005940445
14/11/2020 16:45:53,14.57453823,11.57453823,0.005891356
14/11/2020 16:45:54,14.67438889,11.67438889,0.005842266
14/11/2020 16:45:55,14.77423859,11.77423859,0.005793176
14/11/2020 16:45:56,14.87408924,11.87408924,0.005744086
14/11/2020 16:45:57,14.97393894,11.97393894,0.005694997
14/11/2020 16:45:58,15,12,0.005645907
14/11/2020 16:45:59,15,12,0.005596817
14/11/2020 16:46:00,15,12,0.005547727
14/11/2020 16:46:01,15,12,0.005498638
14/11/2020 16:46:02,15,12,0.005449548
14/11/2020 16:46:03,15,12,0.005400458
14/11/2020 16:46:04,15,12,0.005351368
14/11/2020 16:46:05,15,12,0.005302279
14/11/2020 16:46:06,15,12,0.005253189
14/11/2020 16:46:07,15,12,0.005204099
14/11/2020 16:46:08,15,11.85267162,0.00515501
14/11/2020 16:46:09,15,11.65330982,0.00510592
14/11/2020 16:46:10,15,11.45394707,0.00505683
14/11/2020 16:46:11,15,11.25458527,0.005007741
14/11/2020 16:46:12,15,11.05522346,0.004958651
14/11/2020 16:46:13,15,11.07162666,0.004909561
14/11/2020 16:46:14,15,11.1706953,0.004860471
14/11/2020 16:46:15,15,11.26976395,0.004811381
14/11/2020 16:46:16,15,11.36883259,0.004762292
14/11/2020 16:46:17,15,11.46790218,0.004713202
14/11/2020 16:46:18,15,11.56697083,0.004664112
14/11/2020 16:46:19,15,11.66603947,0.004615023
14/11/2020 16:46:20,15,11.76510811,0.004565933
14/11/2020 16:46:21,15,11.86417675,0.004516843
14/11/2020 16:46:22,15,11.96324539,0.004467754
14/11/2020 16:46:23,15,11.8749752,0.004418664
14/11/2020 16:46:24,15,11.67620754,0.004369574
14/11/2020 16:46:25,15,11.47743988,0.004320485
14/11/2020 16:46:26,15,11.27867222,0.004271395
14/11/2020 16:46:27,15,11.07990456,0.004222305
14/11/2020 16:46:28,15,11.11921883,0.004173215
14/11/2020 16:46:29,15,11.31858063,0.004124125
14/11/2020 16:46:30,15,11.51794243,0.004075036
14/11/2020 16:46:31,15,11.71730423,0.004025946
14/11/2020 16:46:32,15,11.91666698,0.003976856
14/11/2020 16:46:33,15,11.8843174,0.003927767
14/11/2020 16:46:34,15,11.68554974,0.003878677
14/11/2020 16:46:35,15,11.48678207,0.003829587
14/11/2020 16:46:36,15,11.28801441,0.003780497
14/11/2020 16:46:37,15,11.08924675,0.003731408
14/11/2020 16:46:38,15,11.11019993,0.003682318
14/11/2020 16:46:39,15,11.31019974,0.003633228
14/11/2020 16:46:40,15,11.51019955,0.003584139
14/11/2020 16:46:41,15,11.71020031,0.003535049
14/11/2020 16:46:42,15,11.91020012,0.003485959
14/11/2020 16:46:43,15,11.94532681,0.003436869
14/11/2020 16:46:44,15,11.84610081,0.00338778
14/11/2020 16:46:45,15,11.74687481,0.00333869
14/11/2020 16:46:46,15,11.64764881,0.0032896
14/11/2020 16:46:47,15,11.54842186,0.003240511
14/11/2020 16:46:48,14.89982128,11.44919586,0.003191421
14/11/2020 16:46:49,14.70105362,11.34996986,0.003142331
14/11/2020 16:46:50,14.50228596,11.25074387,0.003093241
14/11/2020 16:46:51,14.3035183,11.15151787,0.003044152
14/11/2020 16:46:52,14.10475063,11.05229187,0.002995062
14/11/2020 16:46:53,14.09399796,11.09399796,0.002945972
14/11/2020 16:46:54,14.29272652,11.29272652,0.002896883
14/11/2020 16:46:55,14.49145508,11.49145508,0.002847793
14/11/2020 16:46:56,14.69018269,11.69018269,0.002798703
14/11/2020 16:46:57,14.88891125,11.88891125,0.002749613
14/11/2020 16:46:58,15,11.9126215,0.002700524
14/11/2020 16:46:59,15,11.71448421,0.002651434
14/11/2020 16:47:00,15,11.51634598,0.002602344
14/11/2020 16:47:01,15,11.31820869,0.002553255
14/11/2020 16:47:02,15,11.12007141,0.002504165
14/11/2020 16:47:03,15,11.07856464,0.002455075
14/11/2020 16:47:04,15,11.2779665,0.002405985
14/11/2020 16:47:05,15,11.47736835,0.002356896
14/11/2020 16:47:06,15,11.67676926,0.002307806
14/11/2020 16:47:07,15,11.87617111,0.002258716
14/11/2020 16:47:08,15,12,0.002209626
14/11/2020 16:47:09,15,12,0.002160537
14/11/2020 16:47:10,15,12,0.002111447
14/11/2020 16:47:11,15,12,0.002062357
14/11/2020 16:47:12,15,12,0.002013267
14/11/2020 16:47:13,15,12,0.001964178
14/11/2020 16:47:14,15,12,0.001915088
14/11/2020 16:47:15,15,12,0.001865998
14/11/2020 16:47:16,15,12,0.001816909
14/11/2020 16:47:17,15,12,0.001767819
14/11/2020 16:47:18,15,12,0.001718729
14/11/2020 16:47:19,15,12,0.00166964
14/11/2020 16:47:20,15,12,0.00162055
14/11/2020 16:47:21,15,12,0.00157146
14/11/2020 16:47:22,15,12,0.00152237
14/11/2020 16:47:23,15,11.94637203,0.001473281
14/11/2020 16:47:24,15,11.74700928,0.001424191
14/11/2020 16:47:25,15,11.54764748,0.001375101
14/11/2020 16:47:26,15,11.34828568,0.001326011
14/11/2020 16:47:27,15,11.14892387,0.001276922
14/11/2020 16:47:28,15,11,0.001227832
14/11/2020 16:47:29,15,11,0.001178742
14/11/2020 16:47:30,15,11,0.001129653
14/11/2020 16:47:31,15,11,0.001080563
14/11/2020 16:47:32,15,11,0.001031473
14/11/2020 16:47:33,15,11.04139996,0.000982383
14/11/2020 16:47:34,15,11.24139977,0.000933294
14/11/2020 16:47:35,15,11.44139957,0.000884204
14/11/2020 16:47:36,15,11.64140034,0.000835114
14/11/2020 16:47:37,15,11.84140015,0.000786025
14/11/2020 16:47:38,14.95898533,11.95898533,0.000736935
14/11/2020 16:47:39,14.76084805,11.76084805,0.000687845
14/11/2020 16:47:40,14.56271076,11.56271076,0.000638755
14/11/2020 16:47:41,14.36457348,11.36457348,0.000589666
14/11/2020 16:47:42,14.16643524,11.16643524,0.000540576
14/11/2020 16:47:43,14.03189754,11.03189754,0.000491486
14/11/2020 16:47:44,14.2312603,11.2312603,0.000442397
14/11/2020 16:47:45,14.4306221,11.4306221,0.000393307
14/11/2020 16:47:46,14.6299839,11.6299839,0.000344217
14/11/2020 16:47:47,14.8293457,11.8293457,0.000295127
14/11/2020 16:47:48,14.97137737,11.97137737,0.000246038
14/11/2020 16:47:49,14.77260971,11.77260971,0.000196948
14/11/2020 16:47:50,14.57384205,11.57384205,0.000147858
14/11/2020 16:47:51,14.37507439,11.37507439,9.87685E-05
14/11/2020 16:47:52,14.17630672,11.17630672,4.96788E-05
14/11/2020 16:47:53,14.01119518,11.01119518,5.89077E-07
14/11/2020 16:47:54,14.11026382,11.11026382,109.6773071
14/11/2020 16:47:55,14.20933247,11.20933247,220.6867218
14/11/2020 16:47:56,14.30840111,11.30840111,331.6961365
14/11/2020 16:47:57,14.40746975,11.40746975,442.7055664
14/11/2020 16:47:58,14.50653839,11.50653839,553.3544312
14/11/2020 16:47:59,14.60560703,11.60560703,544.1790771
14/11/2020 16:48:00,14.70467567,11.70467567,535.0037231
14/11/2020 16:48:01,14.80374527,11.80374527,525.8283691
14/11/2020 16:48:02,14.90281391,11.90281391,516.6530151
14/11/2020 16:48:03,15,11.99622345,507.4776306
14/11/2020 16:48:04,15,11.79745579,452.4362183
14/11/2020 16:48:05,15,11.59868813,396.0735474
14/11/2020 16:48:06,15,11.39992046,339.7108765
14/11/2020 16:48:07,15,11.2011528,283.3482056
14/11/2020 16:48:08,15,11.00238514,226.9855194
14/11/2020 16:48:09,15,11.1981945,225.6510468
14/11/2020 16:48:10,15,11.39879608,230.8411713
14/11/2020 16:48:11,15,11.59939861,236.0312958
14/11/2020 16:48:12,15,11.80000019,241.2214203
14/11/2020 16:48:13,15,11.99940395,246.4115448
14/11/2020 16:48:14,15,11.80063629,223.0262756
14/11/2020 16:48:15,15,11.60186863,195.0662994
14/11/2020 16:48:16,15,11.40310097,167.1063232
14/11/2020 16:48:17,15,11.20433331,139.146347
14/11/2020 16:48:18,15,11.00556564,111.1863708
14/11/2020 16:48:19,15,11.09614277,111.0700226
14/11/2020 16:48:20,15,11.19505405,116.6162186
14/11/2020 16:48:21,15,11.29396629,122.1624146
14/11/2020 16:48:22,15,11.39287853,127.7086105
14/11/2020 16:48:23,15,11.49179077,133.2548065
14/11/2020 16:48:24,15,11.59070206,167.9883575
14/11/2020 16:48:25,15,11.6896143,210.0187378
14/11/2020 16:48:26,15,11.78852654,252.049118
14/11/2020 16:48:27,15,11.88743782,294.0794983
14/11/2020 16:48:28,15,11.98635006,336.1098938
14/11/2020 16:48:29,15,12,335.9006348
14/11/2020 16:48:30,15,12,322.9315186
14/11/2020 16:48:31,15,12,309.9624023
14/11/2020 16:48:32,15,12,296.9932861
14/11/2020 16:48:33,15,12,284.0241699
14/11/2020 16:48:34,15,12,299.703186
14/11/2020 16:48:35,15,12,324.0363159
14/11/2020 16:48:36,15,12,348.3694763
14/11/2020 16:48:37,15,12,372.7026062
14/11/2020 16:48:38,15,12,397.0357666
14/11/2020 16:48:39,15,12,387.82724
14/11/2020 16:48:40,15,12,365.7037659
14/11/2020 16:48:41,15,12,343.5802917
14/11/2020 16:48:42,15,12,321.4568176
14/11/2020 16:48:43,15,12,299.3333435
14/11/2020 16:48:44,15,12,288.6979065
14/11/2020 16:48:45,15,12,284.006958
14/11/2020 16:48:46,15,12,279.3160095
14/11/2020 16:48:47,15,12,274.6250305
14/11/2020 16:48:48,15,12,269.934082
14/11/2020 16:48:49,15,12,287.0682983
14/11/2020 16:48:50,15,12,318.9967041
14/11/2020 16:48:51,15,12,350.9251404
14/11/2020 16:48:52,15,12,382.8535767
14/11/2020 16:48:53,15,12,414.7820129
14/11/2020 16:48:54,15,12,433.8710022
14/11/2020 16:48:55,15,12,444.2568054
14/11/2020 16:48:56,15,12,454.6425781
14/11/2020 16:48:57,15,12,465.0283508
14/11/2020 16:48:58,15,12,475.4141235
14/11/2020 16:48:59,15.39048004,12.39048004,633.0924683
14/11/2020 16:49:00,15.98301411,12.98301411,904.1730957
14/11/2020 16:49:01,16.57554817,13.57554817,1175.253662
14/11/2020 16:49:02,17.16808128,14.16808224,1446.334229
14/11/2020 16:49:03,17.7606163,14.7606163,1717.414917
14/11/2020 16:49:04,17.64240074,14.52320004,1725.928223
14/11/2020 16:49:05,17.04240036,13.72319984,1518.744263
14/11/2020 16:49:06,16.44239998,12.92319965,1311.560303
14/11/2020 16:49:07,15.8423996,12.12320042,1104.376343
14/11/2020 16:49:08,15.24240017,11.32320023,897.1924438
14/11/2020 16:49:09,15,11.11846542,731.5733643
14/11/2020 16:49:10,15,11.31723309,604.6304932
14/11/2020 16:49:11,15,11.51600075,477.6876831
14/11/2020 16:49:12,15,11.71476841,350.744812
14/11/2020 16:49:13,15,11.91353607,223.8019714
14/11/2020 16:49:14,15,11.88736057,143.270874
14/11/2020 16:49:15,15,11.68799877,118.1081924
14/11/2020 16:49:16,15,11.48863602,92.94550323
14/11/2020 16:49:17,15,11.28927422,67.78282166
14/11/2020 16:49:18,15,11.08991241,42.62013626
14/11/2020 16:49:19,14.89087677,11,26.22211456
14/11/2020 16:49:20,14.69210911,11,21.73079681
14/11/2020 16:49:21,14.49334145,11,17.23947906
14/11/2020 16:49:22,14.29457378,11,12.74816132
14/11/2020 16:49:23,14.09580612,11,8.256843567
14/11/2020 16:49:24,14.10233116,11,5.132706642
14/11/2020 16:49:25,14.29988194,11,4.267861366
14/11/2020 16:49:26,14.49743176,11,3.40301609
14/11/2020 16:49:27,14.69498253,11,2.538171053
14/11/2020 16:49:28,14.89253235,11,1.673325896
14/11/2020 16:49:29,14.90937996,11,1.06014657
14/11/2020 16:49:30,14.7106514,11,0.955621481
14/11/2020 16:49:31,14.51192379,11,0.851096332
14/11/2020 16:49:32,14.31319523,11,0.746571124
14/11/2020 16:49:33,14.11446762,11,0.642045975
14/11/2020 16:49:34,14.04200935,11,0.537520826
14/11/2020 16:49:35,14.14108753,11,0.432995677
14/11/2020 16:49:36,14.24016666,11,0.328470528
14/11/2020 16:49:37,14.33924484,11,0.223945364
14/11/2020 16:49:38,14.43832397,11,0.119420208
14/11/2020 16:49:39,14.53740215,11.07471275,0.040976718
14/11/2020 16:49:40,14.63648033,11.27288914,0.039950248
14/11/2020 16:49:41,14.73555946,11.47106647,0.038923781
14/11/2020 16:49:42,14.83463764,11.66924286,0.037897311
14/11/2020 16:49:43,14.93371677,11.8674202,0.036870841
14/11/2020 16:49:44,15,11.93422127,0.035844374
14/11/2020 16:49:45,15,11.73549271,0.034817904
14/11/2020 16:49:46,15,11.5367651,0.033791434
14/11/2020 16:49:47,15,11.33803654,0.032764968
14/11/2020 16:49:48,15,11.13930798,0.031738497
14/11/2020 16:49:49,15,11.0592432,0.030712029
14/11/2020 16:49:50,15,11.25738049,0.029685561
14/11/2020 16:49:51,15,11.45551777,0.028659092
14/11/2020 16:49:52,15,11.65365601,0.027632622
14/11/2020 16:49:53,15,11.85179329,0.026606154
14/11/2020 16:49:54,14.9497509,11.9497509,0.025579685
14/11/2020 16:49:55,14.75034904,11.75034904,0.024553217
14/11/2020 16:49:56,14.55094719,11.55094719,0.023526749
14/11/2020 16:49:57,14.35154533,11.35154533,0.022500278
14/11/2020 16:49:58,14.15214348,11.15214348,0.02147381
14/11/2020 16:49:59,14.02358913,11,0.020447342
14/11/2020 16:50:00,14.12312126,11,0.019420873
14/11/2020 16:50:01,14.22265339,11,0.018394403
14/11/2020 16:50:02,14.32218552,11,0.017367935
14/11/2020 16:50:03,14.42171764,11,0.016341466
14/11/2020 16:50:04,14.52124977,11.03491211,0.015314997
14/11/2020 16:50:05,14.6207819,11.23555374,0.014288529
14/11/2020 16:50:06,14.72031498,11.43619537,0.01326206
14/11/2020 16:50:07,14.81984711,11.63683796,0.012235591
14/11/2020 16:50:08,14.91937923,11.83747959,0.011209122
14/11/2020 16:50:09,15,11.96224213,0.010182654
14/11/2020 16:50:10,15,11.76351357,0.009156184
14/11/2020 16:50:11,15,11.564785,0.008129716
14/11/2020 16:50:12,15,11.3660574,0.007103247
14/11/2020 16:50:13,15,11.16732883,0.006076778
14/11/2020 16:50:14,15,11.01577473,0.005050309
14/11/2020 16:50:15,15,11.11561489,0.004023841
14/11/2020 16:50:16,15,11.21545506,0.002997372
14/11/2020 16:50:17,15,11.31529522,0.001970903
14/11/2020 16:50:18,15,11.41513538,0.000944434
14/11/2020 16:50:19,15,11.5149765,10.30148125
14/11/2020 16:50:20,15,11.61481667,139.0699921
14/11/2020 16:50:21,15,11.71465683,267.838501
14/11/2020 16:50:22,15,11.81449699,396.6070251
14/11/2020 16:50:23,15,11.91433716,525.3755493
14/11/2020 16:50:24,15.1698904,12.14157486,696.0198364
14/11/2020 16:50:25,16.36630058,13.13858414,1260.994507
14/11/2020 16:50:26,17.56271172,14.13559341,1825.969116
14/11/2020 16:50:27,18.75912285,15.13260174,2390.943848
14/11/2020 16:50:28,19.95553398,16.12961197,2955.918457
14/11/2020 16:50:29,20.91137505,16.92403603,3458.202881
14/11/2020 16:50:30,20.21353722,16.32588959,3370.153564
14/11/2020 16:50:31,19.51570129,15.7277441,3282.104248
14/11/2020 16:50:32,18.81786537,15.12959862,3194.054688
14/11/2020 16:50:33,18.12002754,14.53145218,3106.005371
14/11/2020 16:50:34,17.42219162,13.93330669,2994.649414
14/11/2020 16:50:35,16.72435379,13.33516121,2542.431641
14/11/2020 16:50:36,16.02651787,12.73701572,2090.214111
14/11/2020 16:50:37,15.32868099,12.13886929,1637.99646
14/11/2020 16:50:38,14.63084412,11.5407238,1185.778809
14/11/2020 16:50:39,14.01920033,11.01920033,766.4371948
14/11/2020 16:50:40,14.21920013,11.21920013,725.1687012
14/11/2020 16:50:41,14.41919994,11.41919994,683.9002686
14/11/2020 16:50:42,14.61919975,11.61919975,642.6318359
14/11/2020 16:50:43,14.81919956,11.81919956,601.3634033
14/11/2020 16:50:44,15.15335464,12.14377022,588.046814
14/11/2020 16:50:45,16.75079918,13.64137363,1393.805664
14/11/2020 16:50:46,18.34824371,15.138978,2199.564453
14/11/2020 16:50:47,19.94568634,16.63658142,3005.323242
14/11/2020 16:50:48,21.54313087,18.13418579,3811.082275
14/11/2020 16:50:49,23.14057541,19.63178825,4616.178223
14/11/2020 16:50:50,24.73801994,21.12939262,5090.457031
14/11/2020 16:50:51,26.33546257,22.62699699,5564.73584
14/11/2020 16:50:52,27.9329071,24.12460136,6039.014648
14/11/2020 16:50:53,29.53035164,25.62220383,6513.293457
14/11/2020 16:50:54,30.82563972,26.84148979,6987.571777
14/11/2020 16:50:55,28.64612579,24.86011505,6569.831055
14/11/2020 16:50:56,26.46661377,22.87874031,6139.424805
14/11/2020 16:50:57,24.28710175,20.89736557,5709.018066
14/11/2020 16:50:58,22.10758781,18.91598892,5278.611816
14/11/2020 16:50:59,19.98688126,16.98032188,4848.205078
14/11/2020 16:51:00,19.58934593,16.38401985,4536.092285
14/11/2020 16:51:01,19.19181061,15.78771591,4227.637695
14/11/2020 16:51:02,18.79427528,15.19141293,3919.183105
14/11/2020 16:51:03,18.39673996,14.59510994,3610.72876
14/11/2020 16:51:04,18,14.00039864,3302.27417
14/11/2020 16:51:05,18,14.19976044,3153.986572
14/11/2020 16:51:06,18,14.39912319,3013.246094
14/11/2020 16:51:07,18,14.59848499,2872.505615
14/11/2020 16:51:08,18,14.79784679,2731.765137
14/11/2020 16:51:09,18,14.9972086,2591.024658
14/11/2020 16:51:10,17.41028786,14.4102869,2446.109619
14/11/2020 16:51:11,16.81220055,13.81220055,2300.997803
14/11/2020 16:51:12,16.21411514,13.21411514,2155.885986
14/11/2020 16:51:13,15.61602879,12.61602879,2010.77417
14/11/2020 16:51:14,15.01794243,12.01794243,1865.662354
14/11/2020 16:51:15,15.96709824,12.96709824,2103.512695
14/11/2020 16:51:16,16.96410751,13.96410751,2373.311279
14/11/2020 16:51:17,17.96111679,14.96111679,2643.109863
14/11/2020 16:51:18,18.95812607,15.95812607,2912.908447
14/11/2020 16:51:19,19.95513535,16.95513535,3182.706787
14/11/2020 16:51:20,19.80900002,16.80900002,3284.390869
14/11/2020 16:51:21,19.60899925,16.60899925,3375.153564
14/11/2020 16:51:22,19.4090004,16.4090004,3465.91626
14/11/2020 16:51:23,19.20899963,16.20899963,3556.678955
14/11/2020 16:51:24,19.00900078,16.00900078,3647.44165
14/11/2020 16:51:25,19,16,3671.67334
14/11/2020 16:51:26,19,16,3691.582764
14/11/2020 16:51:27,19,16,3711.492188
14/11/2020 16:51:28,19,16,3731.401611
14/11/2020 16:51:29,19,16,3751.311035
14/11/2020 16:51:30,19,16,3753.309326
14/11/2020 16:51:31,19,16,3753.49292
14/11/2020 16:51:32,19,16,3753.67627
14/11/2020 16:51:33,19,16,3753.859619
14/11/2020 16:51:34,19,16,3754.043213
14/11/2020 16:51:35,18.81220055,15.81219959,3785.054932
14/11/2020 16:51:36,18.61219978,15.61219978,3819.799072
14/11/2020 16:51:37,18.41220093,15.41219997,3854.543457
14/11/2020 16:51:38,18.21220016,15.21220016,3889.287842
14/11/2020 16:51:39,18.0121994,15.01220036,3924.031982
14/11/2020 16:51:40,18.1866436,15,3920.850586
14/11/2020 16:51:41,18.38541031,15,3913.077148
14/11/2020 16:51:42,18.58417892,15,3905.303711
14/11/2020 16:51:43,18.78294563,15,3897.530273
14/11/2020 16:51:44,18.98171425,15,3889.75708
14/11/2020 16:51:45,18.90934563,15,3851.280029
14/11/2020 16:51:46,18.80950546,15,3809.085938
14/11/2020 16:51:47,18.7096653,15,3766.891602
14/11/2020 16:51:48,18.60982513,15,3724.697266
14/11/2020 16:51:49,18.50998497,15,3682.50293
14/11/2020 16:51:50,18.4101429,15,3724.781006
14/11/2020 16:51:51,18.31030273,15,3779.016357
14/11/2020 16:51:52,18.21046257,15,3833.251953
14/11/2020 16:51:53,18.11062241,15,3887.487305
14/11/2020 16:51:54,18.01078224,15,3941.7229
14/11/2020 16:51:55,18.35680008,15.35680008,3968.801758
14/11/2020 16:51:56,18.7567997,15.7567997,3992.036377
14/11/2020 16:51:57,19.15679932,16.15679932,4015.27124
14/11/2020 16:51:58,19.55680084,16.55680084,4038.506104
14/11/2020 16:51:59,19.95680046,16.95680046,4061.740723
14/11/2020 16:52:00,19.46650696,16.46650696,3977.157227
14/11/2020 16:52:01,18.86842155,15.8684206,3875.167725
14/11/2020 16:52:02,18.27033424,15.2703352,3773.177979
14/11/2020 16:52:03,17.67224884,14.67224884,3671.188232
14/11/2020 16:52:04,17.07416344,14.07416248,3569.198486
14/11/2020 16:52:05,17,14.17493725,3495.78125
14/11/2020 16:52:06,17,14.3746376,3427.015137
14/11/2020 16:52:07,17,14.57433891,3358.249268
14/11/2020 16:52:08,17,14.77403927,3289.483398
14/11/2020 16:52:09,17,14.97373962,3220.717285
14/11/2020 16:52:10,17.34935188,15.17343998,3260.14502
14/11/2020 16:52:11,17.74815559,15.37314034,3317.185303
14/11/2020 16:52:12,18.1469593,15.57284069,3374.22583
14/11/2020 16:52:13,18.54576302,15.77254105,3431.266357
14/11/2020 16:52:14,18.94456673,15.9722414,3488.306885
14/11/2020 16:52:15,18.65563393,15.65563488,3474.119385
14/11/2020 16:52:16,18.25567436,15.25567436,3448.336914
14/11/2020 16:52:17,17.8557148,14.8557148,3422.554443
14/11/2020 16:52:18,17.45575523,14.45575428,3396.771973
14/11/2020 16:52:19,17.05579376,14.05579472,3370.989258
14/11/2020 16:52:20,16.6558342,13.6558342,3022.634521
14/11/2020 16:52:21,16.25587463,13.25587463,2607.741699
14/11/2020 16:52:22,15.85591412,12.85591412,2192.848877
14/11/2020 16:52:23,15.45595455,12.45595455,1777.956177
14/11/2020 16:52:24,15.05599403,12.05599403,1363.063477
14/11/2020 16:52:25,15,12,1115.545776
14/11/2020 16:52:26,15,12,914.6876831
14/11/2020 16:52:27,15,12,713.8295898
14/11/2020 16:52:28,15,12,512.9714966
14/11/2020 16:52:29,15,12,312.1134338
14/11/2020 16:52:30,15,12,230.6682129
14/11/2020 16:52:31,15,12,188.8152924
14/11/2020 16:52:32,15,12,146.9623871
14/11/2020 16:52:33,15,12,105.1094589
14/11/2020 16:52:34,15,12,63.25654221
14/11/2020 16:52:35,15.32851219,12.32851219,262.9791565
14/11/2020 16:52:36,15.72478676,12.72478676,564.2733154
14/11/2020 16:52:37,16.12106133,13.12106228,865.5675049
14/11/2020 16:52:38,16.5173378,13.51733685,1166.861694
14/11/2020 16:52:39,16.91361237,13.91361237,1468.155762
14/11/2020 16:52:40,16.84456444,13.84456348,1718.57251
14/11/2020 16:52:41,16.64579582,13.64579582,1947.597534
14/11/2020 16:52:42,16.44702911,13.44702816,2176.622559
14/11/2020 16:52:43,16.2482605,13.2482605,2405.647705
14/11/2020 16:52:44,16.04949379,13.04949284,2634.672607
14/11/2020 16:52:45,16.89280701,13.89280796,2951.89624
14/11/2020 16:52:46,18.08163261,15.08163261,3315.165527
14/11/2020 16:52:47,19.27045822,16.27045822,3678.434814
14/11/2020 16:52:48,20.45928192,17.45928192,4041.704102
14/11/2020 16:52:49,21.64810753,18.64810753,4404.973145
14/11/2020 16:52:50,21.71839905,18.71839905,4555.438477
14/11/2020 16:52:51,21.31839943,18.31839943,4594.804688
14/11/2020 16:52:52,20.91839981,17.91839981,4634.170898
14/11/2020 16:52:53,20.51840019,17.51840019,4673.537109
14/11/2020 16:52:54,20.11840057,17.11840057,4712.90332
14/11/2020 16:52:55,19.86051178,17,4688.958984
14/11/2020 16:52:56,19.6623745,17,4631.962891
14/11/2020 16:52:57,19.46423531,17,4574.966309
14/11/2020 16:52:58,19.26609802,17,4517.970215
14/11/2020 16:52:59,19.06796074,17,4460.973633
14/11/2020 16:53:00,19.52560043,17.26280022,4488.890137
14/11/2020 16:53:01,20.32559967,17.66279984,4567.536621
14/11/2020 16:53:02,21.12560081,18.06279945,4646.183105
14/11/2020 16:53:03,21.92560005,18.46279907,4724.82959
14/11/2020 16:53:04,22.72559929,18.8628006,4803.476074
14/11/2020 16:53:05,22.0802002,18.21159935,4549.024414
14/11/2020 16:53:06,20.68020058,17.01160049,4018.715576
14/11/2020 16:53:07,19.28019905,15.81159973,3488.406982
14/11/2020 16:53:08,17.88019943,14.61159992,2958.098389
14/11/2020 16:53:09,16.48019981,13.41160011,2427.789551
14/11/2020 16:53:10,16.12997055,13,2280.706543
14/11/2020 16:53:11,16.32779503,13,2450.993408
14/11/2020 16:53:12,16.5256176,13,2621.280029
14/11/2020 16:53:13,16.72344208,13,2791.56665
14/11/2020 16:53:14,16.92126656,13,2961.853516
14/11/2020 16:53:15,17.11908913,13.24650478,3046.039307
14/11/2020 16:53:16,17.3169136,13.64028358,3054.481934
14/11/2020 16:53:17,17.51473808,14.03406143,3062.924805
14/11/2020 16:53:18,17.71256256,14.42784023,3071.367676
14/11/2020 16:53:19,17.91038513,14.82161808,3079.810547
14/11/2020 16:53:20,19.31279945,16.31279945,3398.384033
14/11/2020 16:53:21,21.71279907,18.71279907,4068.086182
14/11/2020 16:53:22,24.1128006,21.1128006,4737.788574
14/11/2020 16:53:23,26.51280022,23.51280022,5407.490723
14/11/2020 16:53:24,28.91279984,25.91279984,6077.192871
14/11/2020 16:53:25,30.54536438,27.54536438,6678.625977
14/11/2020 16:53:26,31.54237366,28.54237366,7192.463379
14/11/2020 16:53:27,32.53938293,29.53938103,7706.300781
14/11/2020 16:53:28,33.53639221,30.5363903,8220.137695
14/11/2020 16:53:29,34.53340149,31.53339958,8733.975586
14/11/2020 16:53:30,36.89136887,33.57614136,9188.612305
14/11/2020 16:53:31,40.44657135,36.53881073,9567.289063
14/11/2020 16:53:32,44.00177765,39.5014801,9945.96582
14/11/2020 16:53:33,47.55698013,42.46415329,10324.64258
14/11/2020 16:53:34,51.11218643,45.42682266,10703.31934
14/11/2020 16:53:35,51.50383759,45.69489288,10982.9209
14/11/2020 16:53:36,48.31372833,42.91214371,11117.57031
14/11/2020 16:53:37,45.12361526,40.12939835,11252.21973
14/11/2020 16:53:38,41.93350601,37.34664917,11386.86914
14/11/2020 16:53:39,38.74339676,34.56390381,11521.51855
14/11/2020 16:53:40,35.55328369,31.68600082,11421.6543
14/11/2020 16:53:41,32.36317444,28.68600082,10978.68652
14/11/2020 16:53:42,29.17306328,25.68600082,10535.71777
14/11/2020 16:53:43,25.98295212,22.68600082,10092.74902
14/11/2020 16:53:44,22.79284286,19.68600082,9649.780273
14/11/2020 16:53:45,20.564785,17.564785,8909.140625
14/11/2020 16:53:46,19.5711441,16.5711441,7672.384277
14/11/2020 16:53:47,18.5775032,15.57750416,6435.627441
14/11/2020 16:53:48,17.58386421,14.58386326,5198.870605
14/11/2020 16:53:49,16.59022331,13.59022236,3962.11377
14/11/2020 16:53:50,15.91880035,12.83759975,3006.528564
14/11/2020 16:53:51,15.71879959,12.43760014,2519.562012
14/11/2020 16:53:52,15.51879978,12.03759956,2032.595459
14/11/2020 16:53:53,15.31879997,11.63759995,1545.629028
14/11/2020 16:53:54,15.11880016,11.23760033,1058.662598
14/11/2020 16:53:55,15,11,698.4777832
14/11/2020 16:53:56,15,11,580.062561
14/11/2020 16:53:57,15,11,461.6473389
14/11/2020 16:53:58,15,11,343.2321472
14/11/2020 16:53:59,15,11,224.8169403
14/11/2020 16:54:00,15,11,136.2059784
14/11/2020 16:54:01,15,11,113.012001
14/11/2020 16:54:02,15,11,89.81801605
14/11/2020 16:54:03,15,11,66.62403107
14/11/2020 16:54:04,15,11,43.4300499
14/11/2020 16:54:05,14.92546177,11,26.40828514
14/11/2020 16:54:06,14.72669411,11,22.03204155
14/11/2020 16:54:07,14.52792645,11,17.65579987
14/11/2020 16:54:08,14.32915878,11,13.27955627
14/11/2020 16:54:09,14.13039112,11,8.903313637
14/11/2020 16:54:10,14.13675213,11.13675213,50.42667007
14/11/2020 16:54:11,14.53428745,11.53428745,185.9882355
14/11/2020 16:54:12,14.93182278,11.93182278,321.5498047
14/11/2020 16:54:13,15.3293581,12.3293581,457.1113586
14/11/2020 16:54:14,15.72689342,12.72689342,592.6729126
14/11/2020 16:54:15,15.93721199,12.93721199,687.3693237
14/11/2020 16:54:16,15.73660946,12.73660946,691.9528198
14/11/2020 16:54:17,15.53600788,12.53600788,696.5363159
14/11/2020 16:54:18,15.3354063,12.3354063,701.119812
14/11/2020 16:54:19,15.13480473,12.13480473,705.7033081
14/11/2020 16:54:20,15,12,681.196228
14/11/2020 16:54:21,15,12,587.831543
14/11/2020 16:54:22,15,12,494.4668884
14/11/2020 16:54:23,15,12,401.1022034
14/11/2020 16:54:24,15,12,307.7375488
14/11/2020 16:54:25,15,11.93460941,229.7776794
14/11/2020 16:54:26,15,11.73524761,191.2343903
14/11/2020 16:54:27,15,11.53588486,152.6911011
14/11/2020 16:54:28,15,11.33652306,114.1478043
14/11/2020 16:54:29,15,11.13716125,75.60451508
14/11/2020 16:54:30,15.06221294,11.12442684,97.24666595
14/11/2020 16:54:31,15.2616148,11.52323055,299.4451294
14/11/2020 16:54:32,15.46101665,11.92203426,501.6435852
14/11/2020 16:54:33,15.66041851,12.32083702,703.842041
14/11/2020 16:54:34,15.85982037,12.71964073,906.0405273
14/11/2020 16:54:35,16,12.94087791,1046.86731
14/11/2020 16:54:36,16,12.74181366,1017.47467
14/11/2020 16:54:37,16,12.5427494,988.0820313
14/11/2020 16:54:38,16,12.34368515,958.6893921
14/11/2020 16:54:39,16,12.14461994,929.2967529
14/11/2020 16:54:40,15.88829231,11.94555569,872.8703003
14/11/2020 16:54:41,15.49075699,11.74649143,741.4633789
14/11/2020 16:54:42,15.09322166,11.54742718,610.0563965
14/11/2020 16:54:43,14.69568634,11.34836292,478.6493835
14/11/2020 16:54:44,14.29815102,11.14929867,347.2424011
14/11/2020 16:54:45,14.20060158,11.20060158,374.6173401
14/11/2020 16:54:46,15.00300884,12.00300884,878.3379517
14/11/2020 16:54:47,15.80541611,12.80541611,1382.058594
14/11/2020 16:54:48,16.60782433,13.60782337,1885.779175
14/11/2020 16:54:49,17.41023064,14.41023064,2389.499756
14/11/2020 16:54:50,18.42399979,15.42399979,2945.006836
14/11/2020 16:54:51,20.02400017,17.02400017,3670.036377
14/11/2020 16:54:52,21.62400055,18.62400055,4395.065918
14/11/2020 16:54:53,23.22400093,20.22400093,5120.095703
14/11/2020 16:54:54,24.8239994,21.8239994,5845.125
14/11/2020 16:54:55,25.63010979,22.5772686,6319.755859
14/11/2020 16:54:56,24.2342968,20.98205376,5896.16748
14/11/2020 16:54:57,22.83848381,19.38683891,5472.579102
14/11/2020 16:54:58,21.44267273,17.79162598,5048.990723
14/11/2020 16:54:59,20.04685974,16.19641113,4625.402344
14/11/2020 16:55:00,19.64792633,15.69776726,4419.17627
14/11/2020 16:55:01,22.23963356,18.48883629,5066.338379
14/11/2020 16:55:02,24.83133888,21.27990341,5713.500977
14/11/2020 16:55:03,27.42304611,24.07097244,6360.663086
14/11/2020 16:55:04,30.01475334,26.86204147,7007.825195
14/11/2020 16:55:05,31.25358772,28.25358772,7429.123047
14/11/2020 16:55:06,28.06379509,25.06379509,6628.436523
14/11/2020 16:55:07,24.87400246,21.87400246,5827.749512
14/11/2020 16:55:08,21.68420982,18.68420982,5027.062988
14/11/2020 16:55:09,18.49441719,15.49441814,4226.376465
14/11/2020 16:55:10,16.04347038,13.04346943,3500.981934
14/11/2020 16:55:11,16.24287224,13.24287128,3302.633545
14/11/2020 16:55:12,16.44227409,13.44227314,3104.2854
14/11/2020 16:55:13,16.64167404,13.641675,2905.937256
14/11/2020 16:55:14,16.8410759,13.84107685,2707.588867
14/11/2020 16:55:15,17.72399521,14.68377209,2596.183105
14/11/2020 16:55:16,21.29047012,18.05211067,3800.130859
14/11/2020 16:55:17,24.85694504,21.4204483,5004.078613
14/11/2020 16:55:18,28.42341995,24.78878593,6208.026367
14/11/2020 16:55:19,31.98989487,28.15712357,7411.974121
14/11/2020 16:55:20,34.50387573,30.50387573,8503.067383
14/11/2020 16:55:21,31.32359314,27.32359314,7886.778809
14/11/2020 16:55:22,28.14331055,24.14331055,7270.489746
14/11/2020 16:55:23,24.96302986,20.96302986,6654.200684
14/11/2020 16:55:24,21.78274727,17.78274727,6037.912109
14/11/2020 16:55:25,18.97531128,15,5425.16748
14/11/2020 16:55:26,18.77779961,15,4927.025879
14/11/2020 16:55:27,18.58028793,15,4428.884277
14/11/2020 16:55:28,18.38277626,15,3930.742432
14/11/2020 16:55:29,18.18526649,15,3432.600586
14/11/2020 16:55:30,17.96279907,14.95040035,2942.80249
14/11/2020 16:55:31,17.3628006,14.15040016,2579.232178
14/11/2020 16:55:32,16.76280022,13.35039997,2215.661865
14/11/2020 16:55:33,16.16279984,12.55039978,1852.091553
14/11/2020 16:55:34,15.56280041,11.75039959,1488.521362
14/11/2020 16:55:35,15,11,1136.042114
14/11/2020 16:55:36,15,11,951.3587036
14/11/2020 16:55:37,15,11,766.675354
14/11/2020 16:55:38,15,11,581.9920044
14/11/2020 16:55:39,15,11,397.3086243
14/11/2020 16:55:40,15,11.00603867,215.2166595
14/11/2020 16:55:41,15,11.20732689,203.2920532
14/11/2020 16:55:42,15,11.40861511,191.3674622
14/11/2020 16:55:43,15,11.60990334,179.4428711
14/11/2020 16:55:44,15,11.81119156,167.5182648
14/11/2020 16:55:45,15.1736002,12.16119957,155.5936737
14/11/2020 16:55:46,17.97360039,14.76119995,1184.37146
14/11/2020 16:55:47,20.77359962,17.36120033,2302.416748
14/11/2020 16:55:48,23.57360077,19.96120071,3420.462158
14/11/2020 16:55:49,26.37360001,22.56119919,4538.507324
14/11/2020 16:55:50,29,25.02456856,5656.552734
14/11/2020 16:55:51,29,25.42084312,6096.184082
14/11/2020 16:55:52,29,25.8171196,6477.623535
14/11/2020 16:55:53,29,26.21339417,6859.062988
14/11/2020 16:55:54,29,26.60966873,7240.501953
14/11/2020 16:55:55,29.00294495,26.99705505,7621.941406
14/11/2020 16:55:56,29.19925308,26.80074692,8013.272461
14/11/2020 16:55:57,29.39556313,26.60443687,8405.452148
14/11/2020 16:55:58,29.59187317,26.40812683,8797.630859
14/11/2020 16:55:59,29.7881813,26.2118187,9189.810547
14/11/2020 16:56:00,29.98449135,26.01550865,9581.990234
14/11/2020 16:56:01,27.78960037,23.97380066,8865.162109
14/11/2020 16:56:02,25.38960075,21.7737999,8011.264648
14/11/2020 16:56:03,22.98959923,19.57379913,7157.367676
14/11/2020 16:56:04,20.58959961,17.37380028,6303.470703
14/11/2020 16:56:05,18.18959999,15.17380047,5449.574219
14/11/2020 16:56:06,20.39459991,17.02619934,5669.050293
14/11/2020 16:56:07,22.9946003,19.2262001,6088.431152
14/11/2020 16:56:08,25.59460068,21.42620087,6507.812012
14/11/2020 16:56:09,28.19459915,23.62619972,6927.192871
14/11/2020 16:56:10,30.79459953,25.82620049,7346.57373
14/11/2020 16:56:11,28.80322075,24.16934967,7037
14/11/2020 16:56:12,26.4180088,22.18167305,6591.666016
14/11/2020 16:56:13,24.03279686,20.19399643,6146.332031
14/11/2020 16:56:14,21.64758492,18.20632172,5700.998047
14/11/2020 16:56:15,19.26237297,16.2186451,5255.664063
14/11/2020 16:56:16,19.52902794,16.52902794,5146.055176
14/11/2020 16:56:17,20.12343979,17.12343979,5092.008789
14/11/2020 16:56:18,20.71785164,17.71785164,5037.962402
14/11/2020 16:56:19,21.3122654,18.3122654,4983.916504
14/11/2020 16:56:20,21.90667725,18.90667725,4929.870117
14/11/2020 16:56:21,21.83139992,18.66279984,4952.363281
14/11/2020 16:56:22,21.63139915,18.26280022,4989.111328
14/11/2020 16:56:23,21.4314003,17.8628006,5025.859375
14/11/2020 16:56:24,21.23139954,17.46279907,5062.606934
14/11/2020 16:56:25,21.03140068,17.06279945,5099.35498
14/11/2020 16:56:26,19.98535538,16.15446281,4625.960449
14/11/2020 16:56:27,18.78174591,15.15145397,4045.849609
14/11/2020 16:56:28,17.57813454,14.14844513,3465.73877
14/11/2020 16:56:29,16.37452316,13.14543629,2885.627686
14/11/2020 16:56:30,15.17091274,12.14242744,2305.516846
14/11/2020 16:56:31,15,12,1952.331543
14/11/2020 16:56:32,15,12,1663.150879
14/11/2020 16:56:33,15,12,1373.970337
14/11/2020 16:56:34,15,12,1084.789795
14/11/2020 16:56:35,15,12,795.6091919
14/11/2020 16:56:36,14.83193779,11.83193779,648.0029297
14/11/2020 16:56:37,14.63257599,11.63257599,544.1290894
14/11/2020 16:56:38,14.43321419,11.43321419,440.255249
14/11/2020 16:56:39,14.23385143,11.23385143,336.3814087
14/11/2020 16:56:40,14.03448963,11.03448963,232.5075684
14/11/2020 16:56:41,14.08218193,11.08218193,182.2108459
14/11/2020 16:56:42,14.18155575,11.18155575,149.8685455
14/11/2020 16:56:43,14.28093052,11.28093052,117.5262527
14/11/2020 16:56:44,14.38030434,11.38030434,85.18395996
14/11/2020 16:56:45,14.47967815,11.47967815,52.84166336
14/11/2020 16:56:46,14.57905197,11.57905197,191.1829376
14/11/2020 16:56:47,14.67842579,11.67842579,391.6968384
14/11/2020 16:56:48,14.77779961,11.77779961,592.2106934
14/11/2020 16:56:49,14.87717342,11.87717342,792.7246094
14/11/2020 16:56:50,14.97654819,11.97654819,993.2384644
14/11/2020 16:56:51,15,12,1110.906006
14/11/2020 16:56:52,15,12,1195.874146
14/11/2020 16:56:53,15,12,1280.842285
14/11/2020 16:56:54,15,12,1365.810425
14/11/2020 16:56:55,15,12,1450.778442
14/11/2020 16:56:56,15.1119976,12.14932919,1468.525635
14/11/2020 16:56:57,15.26152611,12.34870148,1457.737549
14/11/2020 16:56:58,15.41105556,12.54807377,1446.949341
14/11/2020 16:56:59,15.56058407,12.74744511,1436.161133
14/11/2020 16:57:00,15.71011353,12.9468174,1425.372925
14/11/2020 16:57:01,15.85964203,13.14618969,1599.430542
14/11/2020 16:57:02,16.00917053,13.34556103,1858.096802
14/11/2020 16:57:03,16.15870094,13.54493332,2116.762939
14/11/2020 16:57:04,16.30822945,13.74430561,2375.429199
14/11/2020 16:57:05,16.45775795,13.94367695,2634.095459
14/11/2020 16:57:06,16.60728645,14.14304924,2697.987793
14/11/2020 16:57:07,16.75681686,14.34242153,2672.727051
14/11/2020 16:57:08,16.90634537,14.54179382,2647.466309
14/11/2020 16:57:09,17.05587387,14.74116516,2622.205566
14/11/2020 16:57:10,17.20540237,14.94053745,2596.94458
14/11/2020 16:57:11,17.35493279,15.13990974,2749.969238
14/11/2020 16:57:12,17.50446129,15.33928108,2990.806152
14/11/2020 16:57:13,17.65398979,15.53865337,3231.642822
14/11/2020 16:57:14,17.8035183,15.73802567,3472.479492
14/11/2020 16:57:15,17.95304871,15.937397,3713.316406
14/11/2020 16:57:16,18.68600082,16.54879951,4077.870117
14/11/2020 16:57:17,19.68600082,17.34880066,4503.359375
14/11/2020 16:57:18,20.68600082,18.1487999,4928.848145
14/11/2020 16:57:19,21.68600082,18.94879913,5354.337402
14/11/2020 16:57:20,22.68600082,19.74880028,5779.826172
14/11/2020 16:57:21,24.23086166,21.64114761,6280.674805
14/11/2020 16:57:22,26.02511978,24.03349304,6818.641113
14/11/2020 16:57:23,27.8193779,26.42583656,7356.606934
14/11/2020 16:57:24,29.61363602,28.81818199,7894.573242
14/11/2020 16:57:25,31.40789413,31.21052551,8432.539063
14/11/2020 16:57:26,32.66999817,31.86599922,8863.374023
14/11/2020 16:57:27,33.66999817,31.66600037,9220.375
14/11/2020 16:57:28,34.66999817,31.4659996,9577.375
14/11/2020 16:57:29,35.66999817,31.26600075,9934.375977
14/11/2020 16:57:30,36.66999817,31.06599998,10291.37695
14/11/2020 16:57:31,36.4640007,30.86599922,10395.9043
14/11/2020 16:57:32,35.66400146,30.66600037,10326.42871
14/11/2020 16:57:33,34.86399841,30.4659996,10256.9541
14/11/2020 16:57:34,34.06399918,30.26600075,10187.47949
14/11/2020 16:57:35,33.26399994,30.06599998,10118.00391
14/11/2020 16:57:36,31.28475761,28.28475761,9606.273438
14/11/2020 16:57:37,28.72469521,25.72469521,8844.693359
14/11/2020 16:57:38,26.16463089,23.16463089,8083.112793
14/11/2020 16:57:39,23.60456848,20.60456848,7321.532227
14/11/2020 16:57:40,21.04450607,18.04450607,6559.95166
14/11/2020 16:57:41,20,17,6260.086426
14/11/2020 16:57:42,20,17,6239.621094
14/11/2020 16:57:43,20,17,6219.15625
14/11/2020 16:57:44,20,17,6198.691406
14/11/2020 16:57:45,20,17,6178.226563
14/11/2020 16:57:46,20.8366642,17.8366642,6264.544922
14/11/2020 16:57:47,22.24995041,19.24995041,6429.467285
14/11/2020 16:57:48,23.66323471,20.66323471,6594.390137
14/11/2020 16:57:49,25.07651901,22.07651901,6759.3125
14/11/2020 16:57:50,26.48980331,23.48980331,6924.235352
14/11/2020 16:57:51,26.23564529,23.10825348,6849.515137
14/11/2020 16:57:52,25.03947449,21.71271896,6598.391602
14/11/2020 16:57:53,23.84330177,20.31718445,6347.267578
14/11/2020 16:57:54,22.64712906,18.92164993,6096.144043
14/11/2020 16:57:55,21.45095634,17.52611732,5845.020508
14/11/2020 16:57:56,21.9875164,18.11095619,5908.619141
14/11/2020 16:57:57,23.57261658,19.89419365,6269.795898
14/11/2020 16:57:58,25.15771675,21.67743301,6630.972168
14/11/2020 16:57:59,26.74281693,23.46067047,6992.148926
14/11/2020 16:58:00,28.3279171,25.24390793,7353.325684
14/11/2020 16:58:01,28.88479996,25.88479996,7560.521484
14/11/2020 16:58:02,28.68479919,25.68479919,7591.974609
14/11/2020 16:58:03,28.48480034,25.48480034,7623.427246
14/11/2020 16:58:04,28.28479958,25.28479958,7654.880371
14/11/2020 16:58:05,28.08480072,25.08480072,7686.333008
14/11/2020 16:58:06,27.43105507,24.31726646,7627.396484
14/11/2020 16:58:07,26.44330215,23.13196373,7451.057617
14/11/2020 16:58:08,25.45555115,21.946661,7274.71875
14/11/2020 16:58:09,24.46780014,20.76135826,7098.379395
14/11/2020 16:58:10,23.48004723,19.57605743,6922.040527
14/11/2020 16:58:11,23.30552864,19.40737152,6763.893066
14/11/2020 16:58:12,23.89994049,20.19992065,6634.319336
14/11/2020 16:58:13,24.49435234,20.99247169,6504.745117
14/11/2020 16:58:14,25.0887661,21.78502083,6375.171387
14/11/2020 16:58:15,25.68317795,22.57756996,6245.597168
14/11/2020 16:58:16,25.53597069,22.53597069,6142.517578
14/11/2020 16:58:17,24.54232979,21.54232979,6078.523926
14/11/2020 16:58:18,23.54868889,20.54868889,6014.530273
14/11/2020 16:58:19,22.55504799,19.55504799,5950.536621
14/11/2020 16:58:20,21.56140709,18.56140709,5886.542969
14/11/2020 16:58:21,21.08620644,18.08620644,5814.492188
14/11/2020 16:58:22,21.28438377,18.28438377,5725.783691
14/11/2020 16:58:23,21.48256111,18.48256111,5637.075195
14/11/2020 16:58:24,21.68073654,18.68073654,5548.367188
14/11/2020 16:58:25,21.87891388,18.87891388,5459.658691
14/11/2020 16:58:26,21.6878643,18.6878643,5250.673828
14/11/2020 16:58:27,20.88545609,17.88545609,4851.974121
14/11/2020 16:58:28,20.08304977,17.08304977,4453.274902
14/11/2020 16:58:29,19.28064156,16.28064156,4054.575195
14/11/2020 16:58:30,18.47823524,15.47823429,3655.875732
14/11/2020 16:58:31,17.76132393,14.76132298,3263.517822
14/11/2020 16:58:32,17.17053986,14.17053986,2885.275146
14/11/2020 16:58:33,16.57975578,13.57975578,2507.032471
14/11/2020 16:58:34,15.98897171,12.98897171,2128.790039
14/11/2020 16:58:35,15.39818859,12.39818859,1750.547363
14/11/2020 16:58:36,15.33009338,12.33009338,1550.890991
14/11/2020 16:58:37,16.34264946,13.34264851,1778.025513
14/11/2020 16:58:38,17.35520363,14.35520458,2005.160034
14/11/2020 16:58:39,18.3677597,15.36776066,2232.294434
14/11/2020 16:58:40,19.38031578,16.38031578,2459.428955
14/11/2020 16:58:41,19.77077675,16.69436836,2648.918457
14/11/2020 16:58:42,19.17999268,15.90665627,2688.764404
14/11/2020 16:58:43,18.5892086,15.11894417,2728.610107
14/11/2020 16:58:44,17.99842453,14.33123302,2768.456055
14/11/2020 16:58:45,17.40764046,13.54352093,2808.301758
14/11/2020 16:58:46,17.36798859,13.43270206,2966.947754
14/11/2020 16:58:47,18.5550499,14.8285141,3556.793945
14/11/2020 16:58:48,19.74211121,16.22432709,4146.640137
14/11/2020 16:58:49,20.92917252,17.62014008,4736.486328
14/11/2020 16:58:50,22.11623383,19.01595306,5326.333008
14/11/2020 16:58:51,23.30329323,20.2895565,5881.239258
14/11/2020 16:58:52,24.49035454,21.27110291,6187.020508
14/11/2020 16:58:53,25.67741585,22.25264931,6492.802246
14/11/2020 16:58:54,26.86447716,23.23419762,6798.583984
14/11/2020 16:58:55,28.05153847,24.21574402,7104.365234
14/11/2020 16:58:56,29.12096214,25.12096214,7421.831055
14/11/2020 16:58:57,29.72276878,25.72276878,7812.280273
14/11/2020 16:58:58,30.32457352,26.32457352,8202.729492
14/11/2020 16:58:59,30.92637825,26.92637825,8593.178711
14/11/2020 16:59:00,31.52818489,27.52818489,8983.62793
14/11/2020 16:59:01,31.40624428,27.44865417,9277.879883
14/11/2020 16:59:02,28.65737343,24.89613152,8402.571289
14/11/2020 16:59:03,25.90850258,22.34360886,7527.261719
14/11/2020 16:59:04,23.15963173,19.7910862,6651.952637
14/11/2020 16:59:05,20.41075897,17.23856354,5776.643555
14/11/2020 16:59:06,18.17271805,15.14804459,4937.874023
14/11/2020 16:59:07,19.576931,16.35165405,5322.539551
14/11/2020 16:59:08,20.98114395,17.55526543,5707.205078
14/11/2020 16:59:09,22.3853569,18.7588768,6091.870117
14/11/2020 16:59:10,23.78956795,19.96248817,6476.535645
14/11/2020 16:59:11,24.9182148,20.9182148,6861.201172
14/11/2020 16:59:12,24.32556343,20.32556343,6738.908691
14/11/2020 16:59:13,23.73291206,19.73291206,6607.32373
14/11/2020 16:59:14,23.1402607,19.1402607,6475.73877
14/11/2020 16:59:15,22.54760933,18.54760933,6344.153809
14/11/2020 16:59:16,22.18070221,18.18070221,6212.568359
14/11/2020 16:59:17,24.55835152,20.55835152,6716.662109
14/11/2020 16:59:18,26.93600082,22.93600082,7300.930664
14/11/2020 16:59:19,29.31365204,25.31365204,7885.199707
14/11/2020 16:59:20,31.69130135,27.69130135,8469.46875
14/11/2020 16:59:21,33.95977783,29.96552467,9053.737305
14/11/2020 16:59:22,32.57281494,28.77669907,9133.467773
14/11/2020 16:59:23,31.18585205,27.58787346,9149.5625
14/11/2020 16:59:24,29.79889107,26.39904976,9165.65625
14/11/2020 16:59:25,28.41192818,25.21022415,9181.750977
14/11/2020 16:59:26,27.02496529,24.02139854,9197.845703
14/11/2020 16:59:27,27.57832718,24.77110291,9083.849609
14/11/2020 16:59:28,28.1672554,25.55634117,8939.337891
14/11/2020 16:59:29,28.75618362,26.34157753,8794.827148
14/11/2020 16:59:30,29.34511185,27.1268158,8650.31543
14/11/2020 16:59:31,29.93404007,27.91205406,8505.804688
14/11/2020 16:59:32,29.46719933,27.11199951,8430.334961
14/11/2020 16:59:33,28.86720085,26.11199951,8371.058594
14/11/2020 16:59:34,28.26720047,25.11199951,8311.783203
14/11/2020 16:59:35,27.66720009,24.11199951,8252.507813
14/11/2020 16:59:36,27.06719971,23.11199951,8193.232422
14/11/2020 16:59:37,27.87435913,24.22410393,8422.760742
14/11/2020 16:59:38,28.85899925,25.6026001,8720.033203
14/11/2020 16:59:39,29.84363937,26.98109436,9017.305664
14/11/2020 16:59:40,30.8282795,28.35959053,9314.578125
14/11/2020 16:59:41,31.81291771,29.7380867,9611.850586
14/11/2020 16:59:42,33.13399887,30.80999947,9844.652344
14/11/2020 16:59:43,34.5340004,31.80999947,10060.72754
14/11/2020 16:59:44,35.93399811,32.81000137,10276.80176
14/11/2020 16:59:45,37.33399963,33.81000137,10492.87695
14/11/2020 16:59:46,38.73400116,34.81000137,10708.95117
14/11/2020 16:59:47,36.56999969,33.05599976,10450.28418
14/11/2020 16:59:48,33.56999969,30.65600014,10080.25781
14/11/2020 16:59:49,30.56999969,28.25600052,9710.230469
14/11/2020 16:59:50,27.56999969,25.8560009,9340.204102
14/11/2020 16:59:51,24.56999969,23.45599937,8970.177734
14/11/2020 16:59:52,24,22.35406685,8437.805664
14/11/2020 16:59:53,24,21.55661964,7863.312988
14/11/2020 16:59:54,24,20.75917053,7288.821289
14/11/2020 16:59:55,24,19.96172333,6714.329102
14/11/2020 16:59:56,24,19.16427422,6139.836914
14/11/2020 16:59:57,23.36276054,18.60300064,5869.145996
14/11/2020 16:59:58,22.56019211,18.10300064,5692.820801
14/11/2020 16:59:59,21.75762367,17.60300064,5516.496094
14/11/2020 17:00:00,20.95505524,17.10300064,5340.170898
14/11/2020 17:00:01,20.15248871,16.60300064,5163.845703
14/11/2020 17:00:02,19.67703438,16.10300064,4946.999512
14/11/2020 17:00:03,19.27830887,15.60299969,4718.590332
14/11/2020 17:00:04,18.87958527,15.10299969,4490.181641
14/11/2020 17:00:05,18.48086166,14.60299969,4261.772461
14/11/2020 17:00:06,18.08213806,14.10299969,4033.36377
14/11/2020 17:00:07,18.94692993,14.94692898,4181.232422
14/11/2020 17:00:08,20.139534,16.139534,4436.470703
14/11/2020 17:00:09,21.33213997,17.33213997,4691.708984
14/11/2020 17:00:10,22.52474594,18.52474594,4946.947266
14/11/2020 17:00:11,23.71735191,19.71735191,5202.185547
14/11/2020 17:00:12,23.69388199,19.84694099,5405.521973
14/11/2020 17:00:13,23.29267883,19.64633942,5592.736328
14/11/2020 17:00:14,22.89147377,19.44573784,5779.950684
14/11/2020 17:00:15,22.49027061,19.24513626,5967.165039
14/11/2020 17:00:16,22.08906746,19.04453278,6154.379395
14/11/2020 17:00:17,23.24480057,20.24480057,6482.87207
14/11/2020 17:00:18,24.84480095,21.84480095,6855.249023
14/11/2020 17:00:19,26.44479942,23.44479942,7227.625488
14/11/2020 17:00:20,28.0447998,25.0447998,7600.001953
14/11/2020 17:00:21,29.64480019,26.64480019,7972.378418
14/11/2020 17:00:22,29.53459549,26.53459549,8148.350098
14/11/2020 17:00:23,28.93638992,25.93638992,8233.585938
14/11/2020 17:00:24,28.33818626,25.33818626,8318.820313
14/11/2020 17:00:25,27.7399807,24.7399807,8404.055664
14/11/2020 17:00:26,27.14177513,24.14177513,8489.291016
14/11/2020 17:00:27,25.62660027,22.62660027,8059.216797
14/11/2020 17:00:28,23.82659912,20.82659912,7424.746094
14/11/2020 17:00:29,22.02659988,19.02659988,6790.275391
14/11/2020 17:00:30,20.22660065,17.22660065,6155.804688
14/11/2020 17:00:31,18.4265995,15.42660046,5521.333984
14/11/2020 17:00:32,18.15022659,15,5018.998535
14/11/2020 17:00:33,18.34711647,15,4586.878418
14/11/2020 17:00:34,18.54400444,15,4154.758301
14/11/2020 17:00:35,18.74089432,15,3722.638184
14/11/2020 17:00:36,18.93778229,15,3290.518066
14/11/2020 17:00:37,21.06521797,17.06521797,3757.933838
14/11/2020 17:00:38,24.08454132,20.08454132,4582.148438
14/11/2020 17:00:39,27.10386467,23.10386467,5406.36377
14/11/2020 17:00:40,30.12318802,26.12318802,6230.578613
14/11/2020 17:00:41,33.14251328,29.14251137,7054.793457
14/11/2020 17:00:42,32.58581924,28.58581924,7303.050293
14/11/2020 17:00:43,30.61070442,26.61070442,7245.24707
14/11/2020 17:00:44,28.63559151,24.63559151,7187.443848
14/11/2020 17:00:45,26.66047859,22.66047859,7129.640625
14/11/2020 17:00:46,24.68536377,20.68536377,7071.837402
14/11/2020 17:00:47,24,20.132267,6969.131348
14/11/2020 17:00:48,24,20.33481789,6840.836426
14/11/2020 17:00:49,24,20.53737068,6712.541504
14/11/2020 17:00:50,24,20.73992348,6584.246582
14/11/2020 17:00:51,24,20.94247437,6455.95166
14/11/2020 17:00:52,24.84850883,21.63934898,6576.799805
14/11/2020 17:00:53,26.03357697,22.53229523,6839.624512
14/11/2020 17:00:54,27.2186451,23.42524147,7102.44873
14/11/2020 17:00:55,28.40371323,24.31818581,7365.273438
14/11/2020 17:00:56,29.58878136,25.21113205,7628.097656
14/11/2020 17:00:57,30.39055061,26.10407829,7937.362305
14/11/2020 17:00:58,30.98863602,26.99702263,8274.849609
14/11/2020 17:00:59,31.58672333,27.88996887,8612.336914
14/11/2020 17:01:00,32.18480682,28.78291512,8949.824219
14/11/2020 17:01:01,32.78289413,29.67586136,9287.311523
14/11/2020 17:01:02,32.74520111,29.87260056,9574.018555
14/11/2020 17:01:03,32.34519958,29.67259979,9827.709961
14/11/2020 17:01:04,31.94519997,29.47260094,10081.40137
14/11/2020 17:01:05,31.54520035,29.27260017,10335.09277
14/11/2020 17:01:06,31.14520073,29.07259941,10588.78418
14/11/2020 17:01:07,30.49192429,28.23788643,10529.62402
14/11/2020 17:01:08,29.69431686,27.0414753,10292.18164
14/11/2020 17:01:09,28.89670944,25.84506416,10054.74023
14/11/2020 17:01:10,28.09910202,24.64865494,9817.298828
14/11/2020 17:01:11,27.3014946,23.4522438,9579.856445
14/11/2020 17:01:12,27,23,9357.027344
14/11/2020 17:01:13,27,23,9143.117188
14/11/2020 17:01:14,27,23,8929.207031
14/11/2020 17:01:15,27,23,8715.295898
14/11/2020 17:01:16,27,23,8501.385742
14/11/2020 17:01:17,26.39021873,22.39021873,8180.737793
14/11/2020 17:01:18,25.3839798,21.3839798,7785.916504
14/11/2020 17:01:19,24.37774277,20.37774277,7391.095215
14/11/2020 17:01:20,23.37150383,19.37150383,6996.273438
14/11/2020 17:01:21,22.36526489,18.36526489,6601.452148
14/11/2020 17:01:22,22.50797462,18.6349678,6483.208008
14/11/2020 17:01:23,23.30542183,19.63177872,6583.158203
14/11/2020 17:01:24,24.10287094,20.62858772,6683.108398
14/11/2020 17:01:25,24.90031815,21.62539864,6783.058105
14/11/2020 17:01:26,25.69776726,22.62220955,6883.008301
14/11/2020 17:01:27,25.38282585,22.25939178,6816.596191
14/11/2020 17:01:28,24.38898849,21.06678581,6581.13916
14/11/2020 17:01:29,23.39514923,19.87417984,6345.681641
14/11/2020 17:01:30,22.40131187,18.68157387,6110.224121
14/11/2020 17:01:31,21.40747452,17.4889679,5874.766602
14/11/2020 17:01:32,21.23454666,17.23454666,5784.477539
14/11/2020 17:01:33,21.63208199,17.63208199,5861.210449
14/11/2020 17:01:34,22.02961731,18.02961731,5937.943359
14/11/2020 17:01:35,22.42715073,18.42715073,6014.67627
14/11/2020 17:01:36,22.82468605,18.82468605,6091.408691
14/11/2020 17:01:37,23.44163513,19.44163513,6144.547852
14/11/2020 17:01:38,24.23167992,20.23167992,6164.835449
14/11/2020 17:01:39,25.02172661,21.02172661,6185.123535
14/11/2020 17:01:40,25.81177139,21.81177139,6205.411133
14/11/2020 17:01:41,26.60181618,22.60181618,6225.69873
14/11/2020 17:01:42,26.50705719,22.60564423,6186.456543
14/11/2020 17:01:43,25.51321793,21.81057358,6058.65918
14/11/2020 17:01:44,24.51938057,21.01550293,5930.862305
14/11/2020 17:01:45,23.52554131,20.22043419,5803.064941
14/11/2020 17:01:46,22.53170395,19.42536354,5675.267578
14/11/2020 17:01:47,22.27640152,19.27640152,5640.469238
14/11/2020 17:01:48,22.87081528,19.87081528,5773.905273
14/11/2020 17:01:49,23.46522713,20.46522713,5907.34082
14/11/2020 17:01:50,24.05963898,21.05963898,6040.776855
14/11/2020 17:01:51,24.65405273,21.65405273,6174.212891
14/11/2020 17:01:52,25,21.91666603,6360.681641
14/11/2020 17:01:53,25,21.71730423,6650.097168
14/11/2020 17:01:54,25,21.51794243,6939.513184
14/11/2020 17:01:55,25,21.31858063,7228.928711
14/11/2020 17:01:56,25,21.11921883,7518.344727
14/11/2020 17:01:57,25.15933418,21.23900032,7783.526855
14/11/2020 17:01:58,25.55568695,21.83353233,7990.234863
14/11/2020 17:01:59,25.95204163,22.42806244,8196.943359
14/11/2020 17:02:00,26.34839439,23.02259254,8403.651367
14/11/2020 17:02:01,26.74474907,23.61712265,8610.359375
14/11/2020 17:02:02,27.70972824,24.6387558,8830.276367
14/11/2020 17:02:03,29.70335007,26.43301392,9087.401367
14/11/2020 17:02:04,31.69696999,28.22727203,9344.525391
14/11/2020 17:02:05,33.6905899,30.02153015,9601.649414
14/11/2020 17:02:06,35.68421173,31.81579018,9858.773438
14/11/2020 17:02:07,36.32633209,32.4610672,10051.40625
14/11/2020 17:02:08,34.34495926,30.87596512,10008.57227
14/11/2020 17:02:09,32.36358261,29.29086494,9965.737305
14/11/2020 17:02:10,30.38220787,27.70576668,9922.902344
14/11/2020 17:02:11,28.40083313,26.1206665,9880.067383
14/11/2020 17:02:12,26.82556152,24.70880508,9760.194336
14/11/2020 17:02:13,26.23020363,23.71496773,9258.796875
14/11/2020 17:02:14,25.63484764,22.72112846,8757.399414
14/11/2020 17:02:15,25.03949165,21.72729111,8256.001953
14/11/2020 17:02:16,24.44413567,20.73345184,7754.60498
14/11/2020 17:02:17,23.84877968,19.84426308,7263.466797
14/11/2020 17:02:18,23.25342369,19.24985123,6846.852051
14/11/2020 17:02:19,22.6580677,18.65543938,6430.237793
14/11/2020 17:02:20,22.06271172,18.06102562,6013.623047
14/11/2020 17:02:21,21.46735382,17.46661377,5597.008789
14/11/2020 17:02:22,21,17.04259872,5239.359863
14/11/2020 17:02:23,21,17.24073792,5256.316406
14/11/2020 17:02:24,21,17.4388752,5273.272949
14/11/2020 17:02:25,21,17.63701248,5290.229492
14/11/2020 17:02:26,21,17.83514977,5307.186035
14/11/2020 17:02:27,21.13314819,18.13314819,5329.135254
14/11/2020 17:02:28,21.92569923,18.92569923,5432.16748
14/11/2020 17:02:29,22.71824837,19.71824837,5535.200195
14/11/2020 17:02:30,23.51079941,20.51079941,5638.23291
14/11/2020 17:02:31,24.30334854,21.30334854,5741.265137
14/11/2020 17:02:32,24.90290833,21.87863541,5831.035156
14/11/2020 17:02:33,24.10050201,20.87562752,5754.843262
14/11/2020 17:02:34,23.2980938,19.87261772,5678.650879
14/11/2020 17:02:35,22.49568748,18.86960793,5602.458984
14/11/2020 17:02:36,21.69327927,17.86660004,5526.266602
14/11/2020 17:02:37,21.01800346,17.05356407,5454.89209
14/11/2020 17:02:38,21.15037346,17.44742012,5557.130859
14/11/2020 17:02:39,21.28274536,17.84127617,5659.369141
14/11/2020 17:02:40,21.41511726,18.23513222,5761.607422
14/11/2020 17:02:41,21.54748917,18.62898827,5863.845703
14/11/2020 17:02:42,21.67985916,19,5966.083984
14/11/2020 17:02:43,21.81223106,19,6005.515625
14/11/2020 17:02:44,21.94460297,19,6043.665039
14/11/2020 17:02:45,22.07697487,19,6081.814453
14/11/2020 17:02:46,22.20934486,19,6119.963867
14/11/2020 17:02:47,22.34171677,19.01466179,6158.113281
14/11/2020 17:02:48,22.47408867,19.21279907,6139.116699
14/11/2020 17:02:49,22.60646057,19.41093636,6117.98584
14/11/2020 17:02:50,22.73883057,19.60907555,6096.85498
14/11/2020 17:02:51,22.87120247,19.80721283,6075.724121
14/11/2020 17:02:52,22.97860146,19.97860146,6054.593262
14/11/2020 17:02:53,22.18605042,19.18605042,5608.944336
14/11/2020 17:02:54,21.39350128,18.39350128,5147.442383
14/11/2020 17:02:55,20.60095024,17.60095024,4685.939941
14/11/2020 17:02:56,19.80840111,16.80840111,4224.437988
14/11/2020 17:02:57,19.01585007,16.01585007,3762.935547
14/11/2020 17:02:58,18.80462456,15.80462551,3704.077881
14/11/2020 17:02:59,18.60526276,15.60526276,3674.134521
14/11/2020 17:03:00,18.40590096,15.40590096,3644.191162
14/11/2020 17:03:01,18.20653915,15.20653915,3614.247803
14/11/2020 17:03:02,18.00717735,15.00717735,3584.304688
14/11/2020 17:03:03,17.61440086,14.61439991,3412.388428
14/11/2020 17:03:04,17.21439934,14.21440029,3227.621826
14/11/2020 17:03:05,16.81439972,13.81439972,3042.855469
14/11/2020 17:03:06,16.4144001,13.4144001,2858.088867
14/11/2020 17:03:07,16.01440048,13.01439953,2673.32251
14/11/2020 17:03:08,17.53289604,14.53289604,3160.468262
14/11/2020 17:03:09,19.12303734,16.12303734,3734.068115
14/11/2020 17:03:10,20.71317863,17.71317863,4307.667969
14/11/2020 17:03:11,22.30331993,19.30331993,4881.267578
14/11/2020 17:03:12,23.89346123,20.89346123,5454.867188
14/11/2020 17:03:13,23.81399536,20.62799072,5599.30957
14/11/2020 17:03:14,23.61463356,20.22926712,5652.087891
14/11/2020 17:03:15,23.41527176,19.83054161,5704.865723
14/11/2020 17:03:16,23.21590996,19.43181801,5757.643555
14/11/2020 17:03:17,23.01654625,19.03309441,5810.421387
14/11/2020 17:03:18,25.00496864,21.18723869,6224.703125
14/11/2020 17:03:19,27.19141388,23.57245064,6724.886719
14/11/2020 17:03:20,29.37785721,25.95766258,7225.070313
14/11/2020 17:03:21,31.56430054,28.34287453,7725.253906
14/11/2020 17:03:22,33.75074387,30.72808647,8225.4375
14/11/2020 17:03:23,34.87514877,31.52508926,8679.566406
14/11/2020 17:03:24,35.86289978,32.11774063,9120.478516
14/11/2020 17:03:25,36.85065079,32.710392,9561.389648
14/11/2020 17:03:26,37.83840561,33.30304337,10002.30176
14/11/2020 17:03:27,38.82615662,33.89569473,10443.21289
14/11/2020 17:03:28,38.83572388,34,10672.8877
14/11/2020 17:03:29,38.63636398,34,10847.08496
14/11/2020 17:03:30,38.43700027,34,11021.28223
14/11/2020 17:03:31,38.23764038,34,11195.48047
14/11/2020 17:03:32,38.03827667,34,11369.67773
14/11/2020 17:03:33,36.71516418,32.54792404,11219.11816
14/11/2020 17:03:34,35.1250267,30.75079918,10983.26953
14/11/2020 17:03:35,33.53488541,28.95367432,10747.41992
14/11/2020 17:03:36,31.9447422,27.15654945,10511.57031
14/11/2020 17:03:37,30.35460091,25.35942459,10275.72168
14/11/2020 17:03:38,28.44132423,23.56229973,9593.420898
14/11/2020 17:03:39,26.43530655,21.76517487,8770.908203
14/11/2020 17:03:40,24.42928696,19.96805191,7948.394531
14/11/2020 17:03:41,22.42326927,18.17092705,7125.881348
14/11/2020 17:03:42,20.41725159,16.37380219,6303.368164
14/11/2020 17:03:43,20.47520065,16.47520065,6006.73584
14/11/2020 17:03:44,21.07519913,17.07519913,5890.102539
14/11/2020 17:03:45,21.67519951,17.67519951,5773.469727
14/11/2020 17:03:46,22.27519989,18.27519989,5656.836914
14/11/2020 17:03:47,22.87520027,18.87520027,5540.203613
14/11/2020 17:03:48,22.84257698,19,5566.435059
14/11/2020 17:03:49,22.64380836,19,5654.478516
14/11/2020 17:03:50,22.44504166,19,5742.522461
14/11/2020 17:03:51,22.24627304,19,5830.566406
14/11/2020 17:03:52,22.04750633,19,5918.609863
14/11/2020 17:03:53,22.15171432,19.30342865,6007.13623
14/11/2020 17:03:54,22.35107613,19.70215225,6095.871582
14/11/2020 17:03:55,22.55043793,20.10087776,6184.606934
14/11/2020 17:03:56,22.74979973,20.49960136,6273.341797
14/11/2020 17:03:57,22.94916344,20.89832497,6362.077148
14/11/2020 17:03:58,22.2619381,20.11432457,5981.910645
14/11/2020 17:03:59,21.27124977,18.92550087,5367.644531
14/11/2020 17:04:00,20.28056335,17.73667526,4753.378418
14/11/2020 17:04:01,19.28987503,16.54784966,4139.112305
14/11/2020 17:04:02,18.29918671,15.359025,3524.846436
14/11/2020 17:04:03,17.86039925,14.7208004,3283.625732
14/11/2020 17:04:04,17.66040039,14.32079983,3215.546143
14/11/2020 17:04:05,17.46039963,13.92080021,3147.466553
14/11/2020 17:04:06,17.26040077,13.52079964,3079.386963
14/11/2020 17:04:07,17.06040001,13.12080002,3011.307373
14/11/2020 17:04:08,18.80361748,14.94235706,3532.556152
14/11/2020 17:04:09,21.38759613,17.72510529,4415.006836
14/11/2020 17:04:10,23.97157669,20.50785065,5297.457031
14/11/2020 17:04:11,26.55555534,23.29059792,6179.907715
14/11/2020 17:04:12,29.139534,26.07334518,7062.35791
14/11/2020 17:04:13,29.33085823,26.19703102,7401.868164
14/11/2020 17:04:14,28.32764816,24.99317741,7470.31543
14/11/2020 17:04:15,27.3244381,23.78932571,7538.762207
14/11/2020 17:04:16,26.32122803,22.58547401,7607.209473
14/11/2020 17:04:17,25.31801796,21.38162041,7675.656738
14/11/2020 17:04:18,25.13490105,21.26980019,7819.569336
14/11/2020 17:04:19,25.33241081,21.66482353,8012.958984
14/11/2020 17:04:20,25.52992249,22.05984688,8206.348633
14/11/2020 17:04:21,25.72743416,22.45486832,8399.739258
14/11/2020 17:04:22,25.92494583,22.84989166,8593.128906
14/11/2020 17:04:23,25.24893951,22.31908989,8256.305664
14/11/2020 17:04:24,24.03755379,21.22084618,7635.235352
14/11/2020 17:04:25,22.82616615,20.12260437,7014.165039
14/11/2020 17:04:26,21.61477852,19.02436066,6393.094727
14/11/2020 17:04:27,20.40339279,17.92611885,5772.024414
14/11/2020 17:04:28,19.34129906,16.82787514,5126.300293
14/11/2020 17:04:29,18.3537426,15.72963238,4467.358398
14/11/2020 17:04:30,17.36618614,14.63138962,3808.416992
14/11/2020 17:04:31,16.37862968,13.53314686,3149.475586
14/11/2020 17:04:32,15.39107227,12.4349041,2490.53418
14/11/2020 17:04:33,15,12,2022.673828
14/11/2020 17:04:34,15,12,1680.092041
14/11/2020 17:04:35,15,12,1337.510132
14/11/2020 17:04:36,15,12,994.9283447
14/11/2020 17:04:37,15,12,652.3465576
14/11/2020 17:04:38,14.86979961,11.86979961,459.1841125
14/11/2020 17:04:39,14.6697998,11.6697998,377.3691406
14/11/2020 17:04:40,14.4698,11.4698,295.5541687
14/11/2020 17:04:41,14.26980019,11.26980019,213.739212
14/11/2020 17:04:42,14.06980038,11.06980038,131.9242401
14/11/2020 17:04:43,14,11,88.92108917
14/11/2020 17:04:44,14,11,73.11260223
14/11/2020 17:04:45,14,11,57.30412292
14/11/2020 17:04:46,14,11,41.4956398
14/11/2020 17:04:47,14,11,25.68715668
14/11/2020 17:04:48,14.1200552,11.1200552,16.84045982
14/11/2020 17:04:49,14.31882286,11.31882286,13.87659931
14/11/2020 17:04:50,14.51759052,11.51759052,10.91273975
14/11/2020 17:04:51,14.71635818,11.71635818,7.948880196
14/11/2020 17:04:52,14.91512585,11.91512585,4.985020638
14/11/2020 17:04:53,14.88505554,11.88505554,3.280392647
14/11/2020 17:04:54,14.68445301,11.68445301,2.710509539
14/11/2020 17:04:55,14.48385143,11.48385143,2.140626192
14/11/2020 17:04:56,14.28324986,11.28324986,1.570743084
14/11/2020 17:04:57,14.08264828,11.08264828,1.000859857
14/11/2020 17:04:58,14,11,0.664233267
14/11/2020 17:04:59,14,11,0.598144114
14/11/2020 17:05:00,14,11,0.532054961
14/11/2020 17:05:01,14,11,0.465965778
14/11/2020 17:05:02,14,11,0.399876624
14/11/2020 17:05:03,14,11,0.333787441
14/11/2020 17:05:04,14,11,0.267698288
14/11/2020 17:05:05,14,11,0.201609105
14/11/2020 17:05:06,14,11,0.135519937
14/11/2020 17:05:07,14,11,0.069430776
14/11/2020 17:05:08,14,11,14.01732254
14/11/2020 17:05:09,14,11,47.63868713
14/11/2020 17:05:10,14,11,81.26005554
14/11/2020 17:05:11,14,11,114.8814163
14/11/2020 17:05:12,14,11,148.5027771
14/11/2020 17:05:13,15.01232338,11.92029381,492.3347778
14/11/2020 17:05:14,17.19876671,13.90797043,1366.635376
14/11/2020 17:05:15,19.38521194,15.89564705,2240.936035
14/11/2020 17:05:16,21.57165527,17.88332367,3115.236572
14/11/2020 17:05:17,23.75810051,19.87100029,3989.537354
14/11/2020 17:05:18,24.39712906,20.48325348,4532.606445
14/11/2020 17:05:19,23.00159454,19.28708076,4471.224121
14/11/2020 17:05:20,21.60606003,18.09090996,4409.842285
14/11/2020 17:05:21,20.21052551,16.89473724,4348.460449
14/11/2020 17:05:22,18.8149929,15.69856453,4287.078613
14/11/2020 17:05:23,18.65940094,15.57697678,4407.817383
14/11/2020 17:05:24,20.24450111,16.96393967,4912.028809
14/11/2020 17:05:25,21.82960129,18.35090065,5416.240234
14/11/2020 17:05:26,23.41470146,19.73786354,5920.45166
14/11/2020 17:05:27,24.99980164,21.12482643,6424.663086
14/11/2020 17:05:28,25.70618057,21.78042984,6795.936035
14/11/2020 17:05:29,24.90992355,21.18538857,6755.316406
14/11/2020 17:05:30,24.11366653,20.59034729,6714.696777
14/11/2020 17:05:31,23.31740761,19.99530602,6674.077637
14/11/2020 17:05:32,22.52115059,19.40026474,6633.458008
14/11/2020 17:05:33,21.72489357,18.80522346,6480.543945
14/11/2020 17:05:34,20.92863464,18.21018219,6008.023926
14/11/2020 17:05:35,20.13237762,17.61514091,5535.503906
14/11/2020 17:05:36,19.33612061,17.02009964,5062.983887
14/11/2020 17:05:37,18.53986359,16.42505836,4590.463867
14/11/2020 17:05:38,17.87317848,15.83001614,4145.240234
14/11/2020 17:05:39,17.47932243,15.23497486,3800.873779
14/11/2020 17:05:40,17.08546638,14.63993359,3456.507324
14/11/2020 17:05:41,16.69161034,14.04489231,3112.140869
14/11/2020 17:05:42,16.29775429,13.44985104,2767.774414
14/11/2020 17:05:43,16.09791374,13.09791374,2519.755615
14/11/2020 17:05:44,16.49919701,13.49919701,2664.464355
14/11/2020 17:05:45,16.90048218,13.90048122,2809.173096
14/11/2020 17:05:46,17.30176544,14.30176544,2953.881836
14/11/2020 17:05:47,17.70305061,14.70304966,3098.590576
14/11/2020 17:05:48,17.84545326,14.84545231,3153.389404
14/11/2020 17:05:49,17.25103951,14.25104046,2756.4729
14/11/2020 17:05:50,16.65662766,13.65662766,2359.556396
14/11/2020 17:05:51,16.06221581,13.06221485,1962.639771
14/11/2020 17:05:52,15.467803,12.467803,1565.723267
14/11/2020 17:05:53,15.12739277,12.12739277,1293.727417
14/11/2020 17:05:54,15.72547817,12.72547817,1649.345703
14/11/2020 17:05:55,16.32356453,13.32356453,2004.963989
14/11/2020 17:05:56,16.92164993,13.92165089,2360.582275
14/11/2020 17:05:57,17.51973724,14.51973724,2716.200439
14/11/2020 17:05:58,18.03915787,15.03915691,3042.292236
14/11/2020 17:05:59,18.23792458,15.23792458,3201.06665
14/11/2020 17:06:00,18.43669319,15.43669224,3359.841064
14/11/2020 17:06:01,18.6354599,15.6354599,3518.615234
14/11/2020 17:06:02,18.83422852,15.83422756,3677.389648
14/11/2020 17:06:03,19.09959984,16.06640053,3819.61377
14/11/2020 17:06:04,19.69960022,16.46640015,3868.052734
14/11/2020 17:06:05,20.2996006,16.86639977,3916.491943
14/11/2020 17:06:06,20.89959908,17.26639938,3964.930908
14/11/2020 17:06:07,21.49959946,17.66640091,4013.370117
14/11/2020 17:06:08,21.83452988,17.86762428,4037.878174
14/11/2020 17:06:09,20.83771896,17.07017517,3885.216309
14/11/2020 17:06:10,19.84090996,16.27272797,3732.554443
14/11/2020 17:06:11,18.84409904,15.47527885,3579.892578
14/11/2020 17:06:12,17.84728813,14.6778307,3427.230957
14/11/2020 17:06:13,17.05999947,14.06000042,3304.966797
14/11/2020 17:06:14,17.45999908,14.46000004,3447.429443
14/11/2020 17:06:15,17.86000061,14.85999966,3589.89209
14/11/2020 17:06:16,18.26000023,15.26000023,3732.354736
14/11/2020 17:06:17,18.65999985,15.65999985,3874.817383
14/11/2020 17:06:18,19.14907646,16.14929771,4053.247314
14/11/2020 17:06:19,20.14291382,17.1446209,4462.134277
14/11/2020 17:06:20,21.13675308,18.13994217,4871.021484
14/11/2020 17:06:21,22.13059044,19.13526344,5279.908691
14/11/2020 17:06:22,23.1244278,20.13058662,5688.795898
14/11/2020 17:06:23,24.07117271,21.1259079,6087.308594
14/11/2020 17:06:24,24.66925812,22.12123108,6409.018555
14/11/2020 17:06:25,25.26734543,23.11655235,6730.728027
14/11/2020 17:06:26,25.86543083,24.11187363,7052.4375
14/11/2020 17:06:27,26.46351624,25.10719681,7374.146973
14/11/2020 17:06:28,27.1036644,26.06219864,7680.200195
14/11/2020 17:06:29,28.11010551,26.66606331,7849.911133
14/11/2020 17:06:30,29.11654663,27.26992798,8019.621582
14/11/2020 17:06:31,30.12298775,27.87379265,8189.33252
14/11/2020 17:06:32,31.12942886,28.47765732,8359.042969
14/11/2020 17:06:33,31.78468895,28.75777435,8505.600586
14/11/2020 17:06:34,30.18979263,26.96351624,8412.204102
14/11/2020 17:06:35,28.59489632,25.16925812,8318.808594
14/11/2020 17:06:36,27,23.375,8225.412109
14/11/2020 17:06:37,25.40510368,21.58074188,8132.016113
14/11/2020 17:06:38,24.04744911,20.07117271,8041.780273
14/11/2020 17:06:39,24.44617271,20.66925812,8025.470215
14/11/2020 17:06:40,24.84489632,21.26734543,8009.159668
14/11/2020 17:06:41,25.24361992,21.86543083,7992.849609
14/11/2020 17:06:42,25.64234543,22.46351624,7976.539063
14/11/2020 17:06:43,26.12322998,23.12322998,7965.15625
14/11/2020 17:06:44,27.31964111,24.31964111,8145.940918
14/11/2020 17:06:45,28.51605225,25.51605225,8326.725586
14/11/2020 17:06:46,29.71246338,26.71246338,8507.509766
14/11/2020 17:06:47,30.9088726,27.9088726,8688.294922
14/11/2020 17:06:48,31.82563972,28.82563972,8857.482422
14/11/2020 17:06:49,29.84426308,26.84426308,8574.416016
14/11/2020 17:06:50,27.86288834,24.86288834,8291.348633
14/11/2020 17:06:51,25.8815136,22.8815136,8008.28125
14/11/2020 17:06:52,23.90013885,20.90013885,7725.213867
14/11/2020 17:06:53,21.98365211,18.97953224,7440.620117
14/11/2020 17:06:54,21.58492851,18.48033142,6987.919434
14/11/2020 17:06:55,21.18620491,17.9811306,6535.219238
14/11/2020 17:06:56,20.7874794,17.48192978,6082.518555
14/11/2020 17:06:57,20.3887558,16.98272705,5629.817871
14/11/2020 17:06:58,19.98500061,16.48352623,5178.870605
14/11/2020 17:06:59,19.38500023,15.98432541,4920.941406
14/11/2020 17:07:00,18.78499985,15.48512363,4663.012207
14/11/2020 17:07:01,18.18499947,14.98592281,4405.083008
14/11/2020 17:07:02,17.58499908,14.48672104,4147.154297
14/11/2020 17:07:03,17.0099678,14.0049839,3889.225098
14/11/2020 17:07:04,17.40869141,14.2043457,3763.072266
14/11/2020 17:07:05,17.80741692,14.40370846,3651.561279
14/11/2020 17:07:06,18.20614052,14.60307026,3540.050293
14/11/2020 17:07:07,18.60486412,14.80243206,3428.539551
14/11/2020 17:07:08,18.99279976,14.9946003,3317.028564
14/11/2020 17:07:09,18.19280052,14.39459991,2969.201416
14/11/2020 17:07:10,17.39279938,13.79459953,2608.148682
14/11/2020 17:07:11,16.59280014,13.19460011,2247.095947
14/11/2020 17:07:12,15.79279995,12.59459972,1886.043091
14/11/2020 17:07:13,15.00089455,12.00089455,1524.990234
14/11/2020 17:07:14,15.1002779,12.1002779,1523.670532
14/11/2020 17:07:15,15.19966221,12.19966221,1555.768555
14/11/2020 17:07:16,15.29904556,12.29904556,1587.866577
14/11/2020 17:07:17,15.39842987,12.39842987,1619.9646
14/11/2020 17:07:18,15.49781322,12.49781322,1652.062622
14/11/2020 17:07:19,15.59719753,12.59719753,1558.774658
14/11/2020 17:07:20,15.69658089,12.69658089,1458.46936
14/11/2020 17:07:21,15.79596519,12.79596519,1358.164063
14/11/2020 17:07:22,15.89534855,12.89534855,1257.858765
14/11/2020 17:07:23,15.99473286,12.99473286,1157.553467
14/11/2020 17:07:24,15.62360859,12.62360859,1049.87085
14/11/2020 17:07:25,15.22615242,12.22615242,941.2202148
14/11/2020 17:07:26,14.82869625,11.82869625,832.5695801
14/11/2020 17:07:27,14.43124008,11.43124008,723.9188843
14/11/2020 17:07:28,14.03378391,11.03378391,615.2681885
14/11/2020 17:07:29,14.55253601,11.73671532,1103.014893
14/11/2020 17:07:30,15.15640068,12.54186821,1657.027954
14/11/2020 17:07:31,15.76026535,13.3470211,2211.041016
14/11/2020 17:07:32,16.36413002,14.152174,2765.053955
14/11/2020 17:07:33,16.96799469,14.95732689,3319.066895
14/11/2020 17:07:34,16.81295586,14.62591362,3221.914795
14/11/2020 17:07:35,16.61544609,14.23089123,3039.315674
14/11/2020 17:07:36,16.41793442,13.83586788,2856.716309
14/11/2020 17:07:37,16.22042274,13.44084549,2674.117188
14/11/2020 17:07:38,16.02291107,13.0458231,2491.518066
14/11/2020 17:07:39,16.35473442,13.35473537,2748.768066
14/11/2020 17:07:40,16.75601959,13.75601959,3055.433838
14/11/2020 17:07:41,17.15730286,14.15730381,3362.099609
14/11/2020 17:07:42,17.55858803,14.55858707,3668.765381
14/11/2020 17:07:43,17.95987129,14.95987129,3975.431152
14/11/2020 17:07:44,18.89990997,15.71770382,4165.235352
14/11/2020 17:07:45,19.89981079,16.51515198,4337.267578
14/11/2020 17:07:46,20.8997097,17.31259918,4509.300293
14/11/2020 17:07:47,21.89961052,18.11004829,4681.33252
14/11/2020 17:07:48,22.89950943,18.9074955,4853.365234
14/11/2020 17:07:49,23.89941025,20.06399155,5376.981445
14/11/2020 17:07:50,24.89930916,21.26760292,5961.1875
14/11/2020 17:07:51,25.89920998,22.47121429,6545.393555
14/11/2020 17:07:52,26.89911079,23.67482376,7129.599121
14/11/2020 17:07:53,27.8990097,24.87843513,7713.805176
14/11/2020 17:07:54,29.78692055,26.60822868,8191.631348
14/11/2020 17:07:55,31.77459717,28.3971386,8651.125
14/11/2020 17:07:56,33.7622757,30.1860466,9110.618164
14/11/2020 17:07:57,35.74995041,31.97495461,9570.111328
14/11/2020 17:07:58,37.73762512,33.76386261,10029.60547
14/11/2020 17:07:59,38.51924133,34.51924133,10278.09961
14/11/2020 17:08:00,39.1174469,35.1174469,10498.90527
14/11/2020 17:08:01,39.71565247,35.71565247,10719.71191
14/11/2020 17:08:02,40.31385803,36.31385803,10940.51855
14/11/2020 17:08:03,40.9120636,36.9120636,11161.3252
14/11/2020 17:08:04,38.270401,34.270401,10822.80273
14/11/2020 17:08:05,35.07040024,31.07040024,10410.88379
14/11/2020 17:08:06,31.87039948,27.87039948,9998.96582
14/11/2020 17:08:07,28.67040062,24.67040062,9587.047852
14/11/2020 17:08:08,25.47039986,21.47039986,9175.128906
14/11/2020 17:08:09,23.97001457,20.14167786,8444.758789
14/11/2020 17:08:10,22.76252747,19.13543892,7652.371582
14/11/2020 17:08:11,21.55504036,18.12920189,6859.984375
14/11/2020 17:08:12,20.34755516,17.12296295,6067.597168
14/11/2020 17:08:13,19.14006805,16.11672401,5275.210449
14/11/2020 17:08:14,19.35359955,16.35359955,5136.234863
14/11/2020 17:08:15,19.75359917,16.75359917,5155.539551
14/11/2020 17:08:16,20.15360069,17.15360069,5174.844238
14/11/2020 17:08:17,20.55360031,17.55360031,5194.148438
14/11/2020 17:08:18,20.95359993,17.95359993,5213.453125
14/11/2020 17:08:19,21.87576866,18.70061493,5605.703125
14/11/2020 17:08:20,22.86645508,19.49316406,6106.849609
14/11/2020 17:08:21,23.8571434,20.2857151,6607.996094
14/11/2020 17:08:22,24.84782982,21.07826424,7109.142578
14/11/2020 17:08:23,25.83851814,21.87081528,7610.289063
14/11/2020 17:08:24,28.16236115,23.99602509,7991.506348
14/11/2020 17:08:25,30.74582672,26.38076401,8343.672852
14/11/2020 17:08:26,33.3292923,28.76550102,8695.838867
14/11/2020 17:08:27,35.91275787,31.15023804,9048.004883
14/11/2020 17:08:28,38.49622345,33.53497696,9400.170898
14/11/2020 17:08:29,37.07990646,32.39992142,9529.306641
14/11/2020 17:08:30,34.69469452,30.4122448,9593.319336
14/11/2020 17:08:31,32.30948257,28.42456818,9657.333008
14/11/2020 17:08:32,29.92426872,26.43689156,9721.345703
14/11/2020 17:08:33,27.53905869,24.44921494,9785.358398
14/11/2020 17:08:34,26.5327034,23.37693787,9413.114258
14/11/2020 17:08:35,25.92895889,22.57194519,8901.588867
14/11/2020 17:08:36,25.32521629,21.76695442,8390.064453
14/11/2020 17:08:37,24.72147369,20.96196365,7878.539551
14/11/2020 17:08:38,24.11772919,20.15697289,7367.014648
14/11/2020 17:08:39,22.87994385,19.03995323,6680.015625
14/11/2020 17:08:40,21.48857117,17.84734726,5910.439941
14/11/2020 17:08:41,20.09719658,16.65474129,5140.864746
14/11/2020 17:08:42,18.7058239,15.46213436,4371.289063
14/11/2020 17:08:43,17.31445122,14.26952934,3601.713867
14/11/2020 17:08:44,17.77153015,14.61722469,3564.940918
14/11/2020 17:08:45,18.76834106,15.41467285,3873.016113
14/11/2020 17:08:46,19.76515198,16.21212196,4181.091309
14/11/2020 17:08:47,20.76196098,17.00956917,4489.166504
14/11/2020 17:08:48,21.7587719,17.80701828,4797.242188
14/11/2020 17:08:49,22.29854202,18.29854202,5014.262695
14/11/2020 17:08:50,22.69239807,18.69239807,5162.873535
14/11/2020 17:08:51,23.08625412,19.08625412,5311.483887
14/11/2020 17:08:52,23.48011017,19.48011017,5460.094727
14/11/2020 17:08:53,23.87396622,19.87396622,5608.705566
14/11/2020 17:08:54,22.91200066,19.04800034,5400.531738
14/11/2020 17:08:55,21.31200027,17.64800072,4955.491211
14/11/2020 17:08:56,19.71199989,16.24799919,4510.451172
14/11/2020 17:08:57,18.11199951,14.84799957,4065.410645
14/11/2020 17:08:58,16.51199913,13.44799995,3620.370117
14/11/2020 17:08:59,17.33098412,14.19788647,3699.519775
14/11/2020 17:09:00,19.28831482,15.95948315,4227.00293
14/11/2020 17:09:01,21.24564552,17.72108078,4754.48584
14/11/2020 17:09:02,23.20297432,19.48267746,5281.96875
14/11/2020 17:09:03,25.16030502,21.24427414,5809.45166
14/11/2020 17:09:04,25.65533257,21.77022171,6092.669922
14/11/2020 17:09:05,25.05171013,21.36780739,6090.294922
14/11/2020 17:09:06,24.44808769,20.96539307,6087.919922
14/11/2020 17:09:07,23.84446716,20.56297874,6085.544434
14/11/2020 17:09:08,23.24084473,20.16056252,6083.169434
14/11/2020 17:09:09,23.11872864,20,6089.494141
14/11/2020 17:09:10,23.31627846,20,6107.352051
14/11/2020 17:09:11,23.51382828,20,6125.209961
14/11/2020 17:09:12,23.7113781,20,6143.067871
14/11/2020 17:09:13,23.90892982,20,6160.925781
14/11/2020 17:09:14,23.89385605,20,6085.764648
14/11/2020 17:09:15,23.69692802,20,5901.845215
14/11/2020 17:09:16,23.5,20,5717.92627
14/11/2020 17:09:17,23.30307198,20,5534.006836
14/11/2020 17:09:18,23.10614395,20,5350.087891
14/11/2020 17:09:19,22.45020866,19.45020866,5089.847656
14/11/2020 17:09:20,21.25760269,18.25760269,4721.57959
14/11/2020 17:09:21,20.06499672,17.06499672,4353.311035
14/11/2020 17:09:22,18.87239075,15.87239075,3985.04248
14/11/2020 17:09:23,17.67978477,14.67978573,3616.773926
14/11/2020 17:09:24,16.91436005,14,3295.136963
14/11/2020 17:09:25,16.71519661,14,3053.930176
14/11/2020 17:09:26,16.51603317,14,2812.723389
14/11/2020 17:09:27,16.31686974,14,2571.516602
14/11/2020 17:09:28,16.1177063,14,2330.309814
14/11/2020 17:09:29,15.91854191,13.86298752,2098.564697
14/11/2020 17:09:30,15.71937847,13.56578159,1882.061401
14/11/2020 17:09:31,15.52021503,13.26857567,1665.558228
14/11/2020 17:09:32,15.3210516,12.97136879,1449.054932
14/11/2020 17:09:33,15.12188816,12.67416286,1232.551758
14/11/2020 17:09:34,14.92272472,12.37695694,1037.167358
14/11/2020 17:09:35,14.72356129,12.07975006,873.5935669
14/11/2020 17:09:36,14.52439785,11.78254414,710.0197754
14/11/2020 17:09:37,14.32523441,11.48533821,546.4459229
14/11/2020 17:09:38,14.12607098,11.18813133,382.8721008
14/11/2020 17:09:39,14.07363605,11,264.2753906
14/11/2020 17:09:40,14.27427769,11,218.1353149
14/11/2020 17:09:41,14.47491932,11,171.9952393
14/11/2020 17:09:42,14.6755619,11,125.8551559
14/11/2020 17:09:43,14.87620354,11,79.71507263
14/11/2020 17:09:44,14.92315388,11,48.12237167
14/11/2020 17:09:45,14.72251225,11,39.96500778
14/11/2020 17:09:46,14.52186966,11,31.80764008
14/11/2020 17:09:47,14.32122803,11,23.65027428
14/11/2020 17:09:48,14.12058544,11,15.49290848
14/11/2020 17:09:49,14,11,9.434435844
14/11/2020 17:09:50,14,11,7.836108685
14/11/2020 17:09:51,14,11,6.237782001
14/11/2020 17:09:52,14,11,4.639454842
14/11/2020 17:09:53,14,11,3.041128159
14/11/2020 17:09:54,14,11,1.837146759
14/11/2020 17:09:55,14,11,1.531755805
14/11/2020 17:09:56,14,11,1.226364732
14/11/2020 17:09:57,14,11,0.920973718
14/11/2020 17:09:58,14,11,0.615582705
14/11/2020 17:09:59,14,11,0.374607176
14/11/2020 17:10:00,14,11,0.374502987
14/11/2020 17:10:01,14,11,0.374398768
14/11/2020 17:10:02,14,11,0.374294579
14/11/2020 17:10:03,14,11,0.37419036
14/11/2020 17:10:04,14,11,0.374086142
14/11/2020 17:10:05,14,11,0.373981953
14/11/2020 17:10:06,14,11,0.373877734
14/11/2020 17:10:07,14,11,0.373773545
14/11/2020 17:10:08,14,11,0.373669326
14/11/2020 17:10:09,14,11,0.373565137
14/11/2020 17:10:10,14,11,0.373460919
14/11/2020 17:10:11,14,11,0.37335673
14/11/2020 17:10:12,14,11,0.373252511
14/11/2020 17:10:13,14,11,0.373148322
14/11/2020 17:10:14,14,11,0.373044103
14/11/2020 17:10:15,14,11,0.372939885
14/11/2020 17:10:16,14,11,0.372835696
14/11/2020 17:10:17,14,11,0.372731477
14/11/2020 17:10:18,14,11,0.372627288
14/11/2020 17:10:19,14,11,0.372523069
14/11/2020 17:10:20,14,11,0.37241888
14/11/2020 17:10:21,14,11,0.372314662
14/11/2020 17:10:22,14,11,0.372210473
14/11/2020 17:10:23,14,11,0.372106254
14/11/2020 17:10:24,14,11,0.372002035
14/11/2020 17:10:25,14,11,0.371897846
14/11/2020 17:10:26,14,11,0.371793628
14/11/2020 17:10:27,14,11,0.371689439
14/11/2020 17:10:28,14,11,0.37158522
14/11/2020 17:10:29,14,11,0.371481031
14/11/2020 17:10:30,14,11,0.371376812
14/11/2020 17:10:31,14,11,0.371272624
14/11/2020 17:10:32,14,11,0.371168405
14/11/2020 17:10:33,14,11,0.371064216
14/11/2020 17:10:34,14,11,0.370959997
14/11/2020 17:10:35,14,11,0.370855778
14/11/2020 17:10:36,14,11,0.37075159
14/11/2020 17:10:37,14,11,0.370647371
14/11/2020 17:10:38,14,11,0.370543182
14/11/2020 17:10:39,14,11,0.370438963
14/11/2020 17:10:40,14,11,0.370334774
14/11/2020 17:10:41,14,11,0.370230556
14/11/2020 17:10:42,14,11,0.370126367
14/11/2020 17:10:43,14,11,0.370022148
14/11/2020 17:10:44,14,11,0.369917959
14/11/2020 17:10:45,14,11,0.36981374
14/11/2020 17:10:46,14,11,0.369709522
14/11/2020 17:10:47,14,11,0.369605333
14/11/2020 17:10:48,14,11,0.369501114
14/11/2020 17:10:49,14,11,0.369396925
14/11/2020 17:10:50,14,11,0.369292706
14/11/2020 17:10:51,14,11,0.369188517
14/11/2020 17:10:52,14,11,0.369084299
14/11/2020 17:10:53,14,11,0.36898011
14/11/2020 17:10:54,14.0170002,11,0.368875891
14/11/2020 17:10:55,14.21700001,11,0.368771672
14/11/2020 17:10:56,14.41699982,11,0.368667483
14/11/2020 17:10:57,14.61699963,11,0.368563265
14/11/2020 17:10:58,14.81700039,11,0.368459076
14/11/2020 17:10:59,14.9915266,11,0.368354857
14/11/2020 17:11:00,14.89183521,11,0.368250668
14/11/2020 17:11:01,14.79214478,11,0.368146449
14/11/2020 17:11:02,14.69245338,11,0.36804226
14/11/2020 17:11:03,14.59276199,11,0.367938042
14/11/2020 17:11:04,14.49307156,11,0.367833853
14/11/2020 17:11:05,14.39338017,11,0.367729634
14/11/2020 17:11:06,14.29368973,11,0.367625415
14/11/2020 17:11:07,14.19399834,11,0.367521226
14/11/2020 17:11:08,14.0943079,11,0.367417008
14/11/2020 17:11:09,14,11,0.367312819
14/11/2020 17:11:10,14,11,0.3672086
14/11/2020 17:11:11,14,11,0.367104411
14/11/2020 17:11:12,14,11,0.367000192
14/11/2020 17:11:13,14,11,0.366896003
14/11/2020 17:11:14,14,11,0.366791785
14/11/2020 17:11:15,14,11,0.366687566
14/11/2020 17:11:16,14,11,0.366583377
14/11/2020 17:11:17,14,11,0.366479158
14/11/2020 17:11:18,14,11,0.366374969
14/11/2020 17:11:19,14.01076508,11.01076508,0.366270751
14/11/2020 17:11:20,14.21012783,11.21012783,0.366166562
14/11/2020 17:11:21,14.40948963,11.40948963,0.366062343
14/11/2020 17:11:22,14.60885143,11.60885143,0.365958154
14/11/2020 17:11:23,14.80821419,11.80821419,0.365853935
14/11/2020 17:11:24,14.99240017,11.99240017,0.365749747
14/11/2020 17:11:25,14.79240036,11.79240036,0.365645528
14/11/2020 17:11:26,14.5923996,11.5923996,0.365541309
14/11/2020 17:11:27,14.39239979,11.39239979,0.36543712
14/11/2020 17:11:28,14.19239998,11.19239998,0.365332901
14/11/2020 17:11:29,14.0075531,11,0.365228713
14/11/2020 17:11:30,14.20632076,11,0.365124494
14/11/2020 17:11:31,14.40508842,11,0.365020305
14/11/2020 17:11:32,14.60385609,11,0.364916086
14/11/2020 17:11:33,14.80262375,11,0.364811897
14/11/2020 17:11:34,14.99930191,11,0.364707679
14/11/2020 17:11:35,14.89961147,11,0.36460346
14/11/2020 17:11:36,14.79992008,11,0.364499271
14/11/2020 17:11:37,14.70022964,11,0.364395052
14/11/2020 17:11:38,14.60053825,11,0.364290863
14/11/2020 17:11:39,14.50084782,11,0.364186645
14/11/2020 17:11:40,14.40115643,11,0.364082456
14/11/2020 17:11:41,14.30146503,11,0.363978237
14/11/2020 17:11:42,14.2017746,11,0.363874048
14/11/2020 17:11:43,14.10208321,11,0.363769829
14/11/2020 17:11:44,14.00239277,11,0.36366564
14/11/2020 17:11:45,14.19395828,11.19395828,0.363561422
14/11/2020 17:11:46,14.39268684,11.39268684,0.363457203
14/11/2020 17:11:47,14.59141541,11.59141541,0.363353014
14/11/2020 17:11:48,14.79014301,11.79014301,0.363248795
14/11/2020 17:11:49,14.98887157,11.98887157,0.363144606
14/11/2020 17:11:50,14.81120014,11.81120014,0.363040388
14/11/2020 17:11:51,14.61120033,11.61120033,0.362936199
14/11/2020 17:11:52,14.41119957,11.41119957,0.36283198
14/11/2020 17:11:53,14.21119976,11.21119976,0.362727791
14/11/2020 17:11:54,14.01119995,11.01119995,0.362623572
14/11/2020 17:11:55,14,11,0.362519383
14/11/2020 17:11:56,14,11,0.362415165
14/11/2020 17:11:57,14,11,0.362310946
14/11/2020 17:11:58,14,11,0.362206757
14/11/2020 17:11:59,14,11,0.362102538
14/11/2020 17:12:00,14,11,0.361998349
14/11/2020 17:12:01,14,11,0.361894131
14/11/2020 17:12:02,14,11,0.361789942
14/11/2020 17:12:03,14,11,0.361685723
14/11/2020 17:12:04,14,11,0.361581534
14/11/2020 17:12:05,14,11,0.361477315
14/11/2020 17:12:06,14,11,0.361373097
14/11/2020 17:12:07,14,11,0.361268908
14/11/2020 17:12:08,14,11,0.361164689
14/11/2020 17:12:09,14,11,0.3610605
14/11/2020 17:12:10,14,11,0.360956281
14/11/2020 17:12:11,14,11,0.360852093
14/11/2020 17:12:12,14,11,0.360747874
14/11/2020 17:12:13,14,11,0.360643685
14/11/2020 17:12:14,14,11,0.360539466
14/11/2020 17:12:15,14,11,0.360435277
14/11/2020 17:12:16,14,11,0.360331059
14/11/2020 17:12:17,14,11,0.36022684
14/11/2020 17:12:18,14,11,0.360122651
14/11/2020 17:12:19,14,11,0.360018432
14/11/2020 17:12:20,14,11,0.359914243
14/11/2020 17:12:21,14,11,0.359810024
14/11/2020 17:12:22,14,11,0.359705836
14/11/2020 17:12:23,14,11,0.359601617
14/11/2020 17:12:24,14,11,0.359497428
14/11/2020 17:12:25,14,11,0.359393209
14/11/2020 17:12:26,14,11,0.35928899
14/11/2020 17:12:27,14,11,0.359184802
14/11/2020 17:12:28,14,11,0.359080583
14/11/2020 17:12:29,14,11,0.358976394
14/11/2020 17:12:30,14,11,0.358872175
14/11/2020 17:12:31,14,11,0.358767986
14/11/2020 17:12:32,14,11,0.358663768
14/11/2020 17:12:33,14,11,0.358559579
14/11/2020 17:12:34,14,11,0.35845536
14/11/2020 17:12:35,14,11,0.358351171
14/11/2020 17:12:36,14,11,0.358246952
14/11/2020 17:12:37,14,11,0.358142734
14/11/2020 17:12:38,14,11,0.358038545
14/11/2020 17:12:39,14,11,0.357934326
14/11/2020 17:12:40,14,11,0.357830137
14/11/2020 17:12:41,14,11,0.357725918
14/11/2020 17:12:42,14,11,0.357621729
14/11/2020 17:12:43,14,11,0.357517511
14/11/2020 17:12:44,14,11,0.357413322
14/11/2020 17:12:45,14,11,0.357309103
14/11/2020 17:12:46,14,11,0.357204884
14/11/2020 17:12:47,14,11,0.357100695
14/11/2020 17:12:48,14,11,0.356996477
14/11/2020 17:12:49,14,11,0.356892288
14/11/2020 17:12:50,14,11,0.356788069
14/11/2020 17:12:51,14,11,0.35668388
14/11/2020 17:12:52,14,11,0.356579661
14/11/2020 17:12:53,14,11,0.356475472
14/11/2020 17:12:54,14,11,0.356371254
14/11/2020 17:12:55,14,11,0.356267065
14/11/2020 17:12:56,14,11,0.356162846
14/11/2020 17:12:57,14,11,0.356058627
14/11/2020 17:12:58,14,11,0.355954438
14/11/2020 17:12:59,14,11,0.35585022
14/11/2020 17:13:00,14,11,0.355746031
14/11/2020 17:13:01,14,11,0.355641812
14/11/2020 17:13:02,14,11,0.355537623
14/11/2020 17:13:03,14,11,0.355433404
14/11/2020 17:13:04,14,11,0.355329216
14/11/2020 17:13:05,14,11,0.355224997
14/11/2020 17:13:06,14,11,0.355120808
14/11/2020 17:13:07,14,11,0.355016589
14/11/2020 17:13:08,14,11,0.35491237
14/11/2020 17:13:09,14,11,0.354808182
14/11/2020 17:13:10,14,11,0.354703963
14/11/2020 17:13:11,14,11,0.354599774
14/11/2020 17:13:12,14,11,0.354495555
14/11/2020 17:13:13,14,11,0.354391366
14/11/2020 17:13:14,14,11,0.354287148
14/11/2020 17:13:15,14,11,0.354182959
14/11/2020 17:13:16,14,11,0.35407874
14/11/2020 17:13:17,14,11,0.353974521
14/11/2020 17:13:18,14,11,0.353870332
14/11/2020 17:13:19,14,11,0.353766114
14/11/2020 17:13:20,14,11,0.353661925
14/11/2020 17:13:21,14,11,0.353557706
14/11/2020 17:13:22,14,11,0.353453517
14/11/2020 17:13:23,14,11,0.353349298
14/11/2020 17:13:24,14,11,0.353245109
14/11/2020 17:13:25,14,11,0.353140891
14/11/2020 17:13:26,14,11,0.353036702
14/11/2020 17:13:27,14,11,0.352932483
14/11/2020 17:13:28,14,11,0.352828264
14/11/2020 17:13:29,14,11,0.352724075
14/11/2020 17:13:30,14,11,0.352619857
14/11/2020 17:13:31,14,11,0.352515668
14/11/2020 17:13:32,14,11,0.352411449
14/11/2020 17:13:33,14,11,0.35230726
14/11/2020 17:13:34,14,11,0.352203041
14/11/2020 17:13:35,14,11,0.352098852
14/11/2020 17:13:36,14,11,0.351994634
14/11/2020 17:13:37,14,11,0.351890415
14/11/2020 17:13:38,14,11,0.351786226
14/11/2020 17:13:39,14,11,0.351682007
14/11/2020 17:13:40,14,11,0.351577818
14/11/2020 17:13:41,14,11,0.3514736
14/11/2020 17:13:42,14,11,0.351369411
14/11/2020 17:13:43,14,11,0.351265192
14/11/2020 17:13:44,14,11,0.351161003
14/11/2020 17:13:45,14,11,0.351056784
14/11/2020 17:13:46,14,11,0.350952595
14/11/2020 17:13:47,14,11,0.350848377
14/11/2020 17:13:48,14,11,0.350744158
14/11/2020 17:13:49,14,11,0.350639969
14/11/2020 17:13:50,14,11,0.35053575
14/11/2020 17:13:51,14,11,0.350431561
14/11/2020 17:13:52,14,11,0.350327343
14/11/2020 17:13:53,14,11,0.350223154
14/11/2020 17:13:54,14,11,0.350118935
14/11/2020 17:13:55,14,11,0.350014746
14/11/2020 17:13:56,14,11,0.349910527
14/11/2020 17:13:57,14,11,0.349806309
14/11/2020 17:13:58,14,11,0.34970212
14/11/2020 17:13:59,14,11,0.349597901
14/11/2020 17:14:00,14,11,0.349493712
14/11/2020 17:14:01,14,11,0.349389493
14/11/2020 17:14:02,14,11,0.349285305
14/11/2020 17:14:03,14,11,0.349181086
14/11/2020 17:14:04,14,11,0.349076897
14/11/2020 17:14:05,14,11,0.348972678
14/11/2020 17:14:06,14,11,0.348868489
14/11/2020 17:14:07,14,11,0.348764271
14/11/2020 17:14:08,14,11,0.348660052
14/11/2020 17:14:09,14,11,0.348555863
14/11/2020 17:14:10,14,11,0.348451644
14/11/2020 17:14:11,14,11,0.348347455
14/11/2020 17:14:12,14,11,0.348243237
14/11/2020 17:14:13,14,11,0.348139048
14/11/2020 17:14:14,14,11,0.348034829
14/11/2020 17:14:15,14,11,0.34793064
14/11/2020 17:14:16,14,11,0.347826421
14/11/2020 17:14:17,14,11,0.347722203
14/11/2020 17:14:18,14,11,0.347618014
14/11/2020 17:14:19,14,11,0.347513795
14/11/2020 17:14:20,14.08751488,11,0.347409606
14/11/2020 17:14:21,14.28506565,11,0.347305387
14/11/2020 17:14:22,14.48261547,11,0.347201198
14/11/2020 17:14:23,14.68016624,11,0.34709698
14/11/2020 17:14:24,14.87771606,11,0.346992791
14/11/2020 17:14:25,14.92307663,11,0.346888572
14/11/2020 17:14:26,14.72117901,11,0.346784383
14/11/2020 17:14:27,14.51928139,11,0.346680164
14/11/2020 17:14:28,14.31738377,11,0.346575946
14/11/2020 17:14:29,14.11548519,11,0.346471757
14/11/2020 17:14:30,14,11,0.346367538
14/11/2020 17:14:31,14,11,0.346263349
14/11/2020 17:14:32,14,11,0.34615913
14/11/2020 17:14:33,14,11,0.346054941
14/11/2020 17:14:34,14,11,0.345950723
14/11/2020 17:14:35,14,11,0.345846534
14/11/2020 17:14:36,14,11,0.345742315
14/11/2020 17:14:37,14,11,0.345638126
14/11/2020 17:14:38,14,11,0.345533907
14/11/2020 17:14:39,14,11,0.345429689
14/11/2020 17:14:40,14,11,0.3453255
14/11/2020 17:14:41,14,11,0.345221281
14/11/2020 17:14:42,14,11,0.345117092
14/11/2020 17:14:43,14,11,0.345012873
14/11/2020 17:14:44,14,11,0.344908684
14/11/2020 17:14:45,14.07058811,11,0.344804466
14/11/2020 17:14:46,14.26998997,11,0.344700277
14/11/2020 17:14:47,14.46939182,11,0.344596058
14/11/2020 17:14:48,14.66879368,11,0.344491839
14/11/2020 17:14:49,14.86819553,11,0.34438765
14/11/2020 17:14:50,14.96630192,11,0.344283432
14/11/2020 17:14:51,14.86689854,11,0.344179243
14/11/2020 17:14:52,14.76749516,11,0.344075024
14/11/2020 17:14:53,14.66809177,11,0.343970835
14/11/2020 17:14:54,14.56868744,11,0.343866616
14/11/2020 17:14:55,14.46928406,11,0.343762428
14/11/2020 17:14:56,14.36988068,11,0.343658209
14/11/2020 17:14:57,14.27047729,11,0.34355402
14/11/2020 17:14:58,14.17107391,11,0.343449801
14/11/2020 17:14:59,14.07166958,11,0.343345582
14/11/2020 17:15:00,14,11,0.343241394
14/11/2020 17:15:01,14,11,0.343137175
14/11/2020 17:15:02,14,11,0.343032986
14/11/2020 17:15:03,14,11,0.342928767
14/11/2020 17:15:04,14,11,0.342824578
14/11/2020 17:15:05,14,11,0.34272036
14/11/2020 17:15:06,14,11,0.342616171
14/11/2020 17:15:07,14,11,0.342511952
14/11/2020 17:15:08,14,11,0.342407733
14/11/2020 17:15:09,14,11,0.342303544
14/11/2020 17:15:10,14,11,0.342199326
14/11/2020 17:15:11,14,11,0.342095137
14/11/2020 17:15:12,14,11,0.341990918
14/11/2020 17:15:13,14,11,0.341886729
14/11/2020 17:15:14,14,11,0.34178251
14/11/2020 17:15:15,14,11,0.341678321
14/11/2020 17:15:16,14,11,0.341574103
14/11/2020 17:15:17,14,11,0.341469914
14/11/2020 17:15:18,14,11,0.341365695
14/11/2020 17:15:19,14,11,0.341261476
14/11/2020 17:15:20,14,11,0.341157287
14/11/2020 17:15:21,14,11,0.341053069
14/11/2020 17:15:22,14,11,0.34094888
14/11/2020 17:15:23,14,11,0.340844661
14/11/2020 17:15:24,14,11,0.340740472
14/11/2020 17:15:25,14.0344696,11,0.340636253
14/11/2020 17:15:26,14.23143578,11,0.340532064
14/11/2020 17:15:27,14.4284029,11,0.340427846
14/11/2020 17:15:28,14.62536907,11,0.340323627
14/11/2020 17:15:29,14.8223362,11,0.340219438
14/11/2020 17:15:30,14.99028873,11,0.340115219
14/11/2020 17:15:31,14.89119053,11,0.34001103
14/11/2020 17:15:32,14.79209232,11,0.339906812
14/11/2020 17:15:33,14.69299412,11,0.339802623
14/11/2020 17:15:34,14.59389591,11,0.339698404
14/11/2020 17:15:35,14.49479771,11,0.339594215
14/11/2020 17:15:36,14.3956995,11,0.339489996
14/11/2020 17:15:37,14.2966013,11,0.339385808
14/11/2020 17:15:38,14.19750309,11,0.339281589
14/11/2020 17:15:39,14.09840488,11,0.33917737
14/11/2020 17:15:40,14,11,0.339073181
14/11/2020 17:15:41,14,11,0.338968962
14/11/2020 17:15:42,14,11,0.338864774
14/11/2020 17:15:43,14,11,0.338760555
14/11/2020 17:15:44,14,11,0.338656366
14/11/2020 17:15:45,14,11,0.338552147
14/11/2020 17:15:46,14,11,0.338447958
14/11/2020 17:15:47,14,11,0.33834374
14/11/2020 17:15:48,14,11,0.338239551
14/11/2020 17:15:49,14,11,0.338135332
14/11/2020 17:15:50,14,11,0.338031113
14/11/2020 17:15:51,14.19125271,11.19125271,0.337926924
14/11/2020 17:15:52,14.39005947,11.39005947,0.337822706
14/11/2020 17:15:53,14.58886719,11.58886719,0.337718517
14/11/2020 17:15:54,14.78767395,11.78767395,0.337614298
14/11/2020 17:15:55,14.98648071,11.98648071,0.337510109
14/11/2020 17:15:56,14.8135252,11.8135252,0.33740589
14/11/2020 17:15:57,14.61344528,11.61344528,0.337301701
14/11/2020 17:15:58,14.41336536,11.41336536,0.337197483
14/11/2020 17:15:59,14.21328545,11.21328545,0.337093264
14/11/2020 17:16:00,14.01320553,11.01320553,0.336989075
14/11/2020 17:16:01,14,11,0.336884856
14/11/2020 17:16:02,14,11,0.336780667
14/11/2020 17:16:03,14,11,0.336676449
14/11/2020 17:16:04,14,11,0.33657226
14/11/2020 17:16:05,14,11,0.336468041
14/11/2020 17:16:06,14,11,0.336363852
14/11/2020 17:16:07,14,11,0.336259633
14/11/2020 17:16:08,14,11,0.336155444
14/11/2020 17:16:09,14,11,0.336051226
14/11/2020 17:16:10,14,11,0.335947007
14/11/2020 17:16:11,14,11,0.335842818
14/11/2020 17:16:12,14,11,0.335738599
14/11/2020 17:16:13,14,11,0.33563441
14/11/2020 17:16:14,14,11,0.335530192
14/11/2020 17:16:15,14,11,0.335426003
14/11/2020 17:16:16,14,11,0.335321784
14/11/2020 17:16:17,14,11,0.335217595
14/11/2020 17:16:18,14,11,0.335113376
14/11/2020 17:16:19,14,11,0.335009158
14/11/2020 17:16:20,14,11,0.334904969
14/11/2020 17:16:21,14,11,0.33480075
14/11/2020 17:16:22,14,11,0.334696561
14/11/2020 17:16:23,14,11,0.334592342
14/11/2020 17:16:24,14,11,0.334488153
14/11/2020 17:16:25,14,11,0.334383935
14/11/2020 17:16:26,14,11,0.334279746
14/11/2020 17:16:27,14,11,0.334175527
14/11/2020 17:16:28,14,11,0.334071338
14/11/2020 17:16:29,14,11,0.333967119
14/11/2020 17:16:30,14,11,0.333862901
14/11/2020 17:16:31,14,11,0.333758712
14/11/2020 17:16:32,14,11,0.333654493
14/11/2020 17:16:33,14,11,0.333550304
14/11/2020 17:16:34,14,11,0.333446085
14/11/2020 17:16:35,14,11,0.333341897
14/11/2020 17:16:36,14,11,0.333237678
14/11/2020 17:16:37,14,11,0.333133489
14/11/2020 17:16:38,14,11,0.33302927
14/11/2020 17:16:39,14,11,0.332925051
14/11/2020 17:16:40,14,11,0.332820863
14/11/2020 17:16:41,14,11,0.332716644
14/11/2020 17:16:42,14,11,0.332612455
14/11/2020 17:16:43,14,11,0.332508236
14/11/2020 17:16:44,14,11,0.332404047
14/11/2020 17:16:45,14,11,0.332299829
14/11/2020 17:16:46,14,11,0.33219564
14/11/2020 17:16:47,14,11,0.332091421
14/11/2020 17:16:48,14,11,0.331987232
14/11/2020 17:16:49,14,11,0.331883013
14/11/2020 17:16:50,14,11,0.331778795
14/11/2020 17:16:51,14,11,0.331674606
14/11/2020 17:16:52,14,11,0.331570387
14/11/2020 17:16:53,14,11,0.331466198
14/11/2020 17:16:54,14,11,0.331361979
14/11/2020 17:16:55,14,11,0.33125779
14/11/2020 17:16:56,14,11,0.331153572
14/11/2020 17:16:57,14,11,0.331049383
14/11/2020 17:16:58,14,11,0.330945164
14/11/2020 17:16:59,14,11,0.330840975
14/11/2020 17:17:00,14,11,0.330736756
14/11/2020 17:17:01,14,11,0.330632538
14/11/2020 17:17:02,14,11,0.330528349
14/11/2020 17:17:03,14,11,0.33042413
14/11/2020 17:17:04,14,11,0.330319941
14/11/2020 17:17:05,14,11,0.330215722
14/11/2020 17:17:06,14,11,0.330111533
14/11/2020 17:17:07,14,11,0.330007315
14/11/2020 17:17:08,14,11,0.329903126
14/11/2020 17:17:09,14,11,0.329798907
14/11/2020 17:17:10,14,11,0.329694688
14/11/2020 17:17:11,14,11,0.329590499
14/11/2020 17:17:12,14,11,0.329486281
14/11/2020 17:17:13,14,11,0.329382092
14/11/2020 17:17:14,14,11,0.329277873
14/11/2020 17:17:15,14,11,0.329173684
14/11/2020 17:17:16,14,11,0.329069465
14/11/2020 17:17:17,14,11,0.328965276
14/11/2020 17:17:18,14,11,0.328861058
14/11/2020 17:17:19,14,11,0.328756869
14/11/2020 17:17:20,14,11,0.32865265
14/11/2020 17:17:21,14,11,0.328548431
14/11/2020 17:17:22,14,11,0.328444242
14/11/2020 17:17:23,14,11,0.328340024
14/11/2020 17:17:24,14,11,0.328235835
14/11/2020 17:17:25,14,11,0.328131616
14/11/2020 17:17:26,14,11,0.328027427
14/11/2020 17:17:27,14,11,0.327923208
14/11/2020 17:17:28,14,11,0.32781902
14/11/2020 17:17:29,14,11,0.327714801
14/11/2020 17:17:30,14,11,0.327610582
14/11/2020 17:17:31,14,11,0.327506393
14/11/2020 17:17:32,14,11,0.327402174
14/11/2020 17:17:33,14,11,0.327297986
14/11/2020 17:17:34,14,11,0.327193767
14/11/2020 17:17:35,14,11,0.327089578
14/11/2020 17:17:36,14,11,0.326985359
14/11/2020 17:17:37,14,11,0.32688117
14/11/2020 17:17:38,14,11,0.326776952
14/11/2020 17:17:39,14,11,0.326672763
14/11/2020 17:17:40,14,11,0.326568544
14/11/2020 17:17:41,14,11,0.326464325
14/11/2020 17:17:42,14,11,0.326360136
14/11/2020 17:17:43,14,11,0.326255918
14/11/2020 17:17:44,14,11,0.326151729
14/11/2020 17:17:45,14,11,0.32604751
14/11/2020 17:17:46,14,11,0.325943321
14/11/2020 17:17:47,14,11,0.325839102
14/11/2020 17:17:48,14,11,0.325734913
14/11/2020 17:17:49,14,11,0.325630695
14/11/2020 17:17:50,14,11,0.325526476
14/11/2020 17:17:51,14,11,0.325422287
14/11/2020 17:17:52,14,11,0.325318068
14/11/2020 17:17:53,14,11,0.325213879
14/11/2020 17:17:54,14,11,0.325109661
14/11/2020 17:17:55,14,11,0.325005472
14/11/2020 17:17:56,14,11,0.324901253
14/11/2020 17:17:57,14,11,0.324797064
14/11/2020 17:17:58,14,11,0.324692845
14/11/2020 17:17:59,14,11,0.324588656
14/11/2020 17:18:00,14,11,0.324484438
14/11/2020 17:18:01,14,11,0.324380219
14/11/2020 17:18:02,14,11,0.32427603
14/11/2020 17:18:03,14,11,0.324171811
14/11/2020 17:18:04,14,11,0.324067622
14/11/2020 17:18:05,14,11,0.323963404
14/11/2020 17:18:06,14,11,0.323859215
14/11/2020 17:18:07,14,11,0.323754996
14/11/2020 17:18:08,14,11,0.323650807
14/11/2020 17:18:09,14,11,0.323546588
14/11/2020 17:18:10,14,11,0.3234424
14/11/2020 17:18:11,14,11,0.323338181
14/11/2020 17:18:12,14,11,0.323233962
14/11/2020 17:18:13,14,11,0.323129773
14/11/2020 17:18:14,14,11,0.323025554
14/11/2020 17:18:15,14,11,0.322921365
14/11/2020 17:18:16,14,11,0.322817147
14/11/2020 17:18:17,14,11,0.322712958
14/11/2020 17:18:18,14,11,0.322608739
14/11/2020 17:18:19,14,11,0.32250455
14/11/2020 17:18:20,14,11,0.322400331
14/11/2020 17:18:21,14,11,0.322296113
14/11/2020 17:18:22,14,11,0.322191924
14/11/2020 17:18:23,14,11,0.322087705
14/11/2020 17:18:24,14,11,0.321983516
14/11/2020 17:18:25,14,11,0.321879297
14/11/2020 17:18:26,14,11,0.321775109
14/11/2020 17:18:27,14,11,0.32167089
14/11/2020 17:18:28,14,11,0.321566701
14/11/2020 17:18:29,14,11,0.321462482
14/11/2020 17:18:30,14,11,0.321358293
14/11/2020 17:18:31,14.01540279,11,0.321254075
14/11/2020 17:18:32,14.21544266,11,0.321149856
14/11/2020 17:18:33,14.41548347,11,0.321045667
14/11/2020 17:18:34,14.61552334,11,0.320941448
14/11/2020 17:18:35,14.8155632,11,0.320837259
14/11/2020 17:18:36,14.98444366,11,0.320733041
14/11/2020 17:18:37,14.78500175,11,0.320628852
14/11/2020 17:18:38,14.5855608,11,0.320524633
14/11/2020 17:18:39,14.38611889,11,0.320420444
14/11/2020 17:18:40,14.18667698,11,0.320316225
14/11/2020 17:18:41,14,11,0.320212007
14/11/2020 17:18:42,14,11,0.320107818
14/11/2020 17:18:43,14,11,0.320003599
14/11/2020 17:18:44,14,11,0.31989941
14/11/2020 17:18:45,14,11,0.319795191
14/11/2020 17:18:46,14.00667572,11,0.319691002
14/11/2020 17:18:47,14.20302391,11,0.319586784
14/11/2020 17:18:48,14.3993721,11,0.319482595
14/11/2020 17:18:49,14.59571934,11,0.319378376
14/11/2020 17:18:50,14.79206753,11,0.319274187
14/11/2020 17:18:51,14.98841572,11,0.319169968
14/11/2020 17:18:52,14.81232548,11,0.31906575
14/11/2020 17:18:53,14.61288357,11,0.318961561
14/11/2020 17:18:54,14.41344261,11,0.318857342
14/11/2020 17:18:55,14.2140007,11,0.318753153
14/11/2020 17:18:56,14.01455879,11,0.318648934
14/11/2020 17:18:57,14.1860323,11,0.318544745
14/11/2020 17:18:58,14.38671494,11,0.318440527
14/11/2020 17:18:59,14.58739758,11,0.318336338
14/11/2020 17:19:00,14.78807926,11,0.318232119
14/11/2020 17:19:01,14.9887619,11,0.3181279
14/11/2020 17:19:02,15,11,0.318023711
14/11/2020 17:19:03,15,11,0.317919493
14/11/2020 17:19:04,15,11,0.317815304
14/11/2020 17:19:05,15,11,0.317711085
14/11/2020 17:19:06,15,11,0.317606896
14/11/2020 17:19:07,14.8147192,11,0.317502677
14/11/2020 17:19:08,14.61527729,11,0.317398489
14/11/2020 17:19:09,14.41583538,11,0.31729427
14/11/2020 17:19:10,14.21639442,11,0.317190081
14/11/2020 17:19:11,14.01695251,11,0.317085862
14/11/2020 17:19:12,14.1824522,11,0.316981643
14/11/2020 17:19:13,14.38185406,11,0.316877455
14/11/2020 17:19:14,14.58125591,11,0.316773236
14/11/2020 17:19:15,14.78065777,11,0.316669047
14/11/2020 17:19:16,14.98005962,11,0.316564828
14/11/2020 17:19:17,14.82107353,11,0.316460639
14/11/2020 17:19:18,14.62226677,11,0.316356421
14/11/2020 17:19:19,14.42345905,11,0.316252232
14/11/2020 17:19:20,14.22465229,11,0.316148013
14/11/2020 17:19:21,14.02584457,11,0.316043824
14/11/2020 17:19:22,14.17296219,11.17296219,0.315939605
14/11/2020 17:19:23,14.37176895,11.37176895,0.315835387
14/11/2020 17:19:24,14.57057667,11.57057667,0.315731198
14/11/2020 17:19:25,14.76938343,11.76938343,0.315626979
14/11/2020 17:19:26,14.96819115,11.96819115,0.31552279
14/11/2020 17:19:27,14.91651726,11.91651726,0.315418571
14/11/2020 17:19:28,14.8171339,11.8171339,0.315314382
14/11/2020 17:19:29,14.7177496,11.7177496,0.315210164
14/11/2020 17:19:30,14.61836624,11.61836624,0.315105975
14/11/2020 17:19:31,14.51898193,11.51898193,0.315001756
14/11/2020 17:19:32,14.41959858,11.41959858,0.314897537
14/11/2020 17:19:33,14.32021427,11.32021427,0.314793348
14/11/2020 17:19:34,14.22083092,11.22083092,0.31468913
14/11/2020 17:19:35,14.12144661,11.12144661,0.314584941
14/11/2020 17:19:36,14.02206326,11.02206326,0.314480722
14/11/2020 17:19:37,14.15464115,11,0.314376533
14/11/2020 17:19:38,14.35340881,11,0.314272314
14/11/2020 17:19:39,14.55217648,11,0.314168125
14/11/2020 17:19:40,14.75094414,11,0.314063907
14/11/2020 17:19:41,14.9497118,11,0.313959718
14/11/2020 17:19:42,14.85056973,11,0.313855499
14/11/2020 17:19:43,14.65052986,11,0.31375128
14/11/2020 17:19:44,14.45049,11,0.313647091
14/11/2020 17:19:45,14.25045013,11,0.313542873
14/11/2020 17:19:46,14.05041027,11,0.313438684
14/11/2020 17:19:47,14.14867783,11,0.313334465
14/11/2020 17:19:48,14.34744549,11,0.313230276
14/11/2020 17:19:49,14.54621315,11,0.313126057
14/11/2020 17:19:50,14.74498081,11,0.313021868
14/11/2020 17:19:51,14.94374847,11,0.31291765
14/11/2020 17:19:52,14.85659981,11,0.312813431
14/11/2020 17:19:53,14.6566,11,0.312709242
14/11/2020 17:19:54,14.45660019,11,0.312605023
14/11/2020 17:19:55,14.25660038,11,0.312500834
14/11/2020 17:19:56,14.05659962,11,0.312396616
14/11/2020 17:19:57,14,11,0.312292427
14/11/2020 17:19:58,14,11,0.312188208
14/11/2020 17:19:59,14,11,0.312084019
14/11/2020 17:20:00,14,11,0.3119798
14/11/2020 17:20:01,14,11,0.311875612
14/11/2020 17:20:02,14.13102627,11,0.311771393
14/11/2020 17:20:03,14.33106613,11,0.311667174
14/11/2020 17:20:04,14.531106,11,0.311562985
14/11/2020 17:20:05,14.73114586,11,0.311458766
14/11/2020 17:20:06,14.93118668,11,0.311354578
14/11/2020 17:20:07,14.86921883,11,0.311250359
14/11/2020 17:20:08,14.66985607,11,0.31114617
14/11/2020 17:20:09,14.47049427,11,0.311041951
14/11/2020 17:20:10,14.27113247,11,0.310937762
14/11/2020 17:20:11,14.07177067,11,0.310833544
14/11/2020 17:20:12,14.12643242,11,0.310729325
14/11/2020 17:20:13,14.32398224,11,0.310625136
14/11/2020 17:20:14,14.52153301,11,0.310520917
14/11/2020 17:20:15,14.71908379,11,0.310416728
14/11/2020 17:20:16,14.91663361,11,0.31031251
14/11/2020 17:20:17,14.8847456,11,0.310208321
14/11/2020 17:20:18,14.68534374,11,0.310104102
14/11/2020 17:20:19,14.48594189,11,0.309999913
14/11/2020 17:20:20,14.28654003,11,0.309895694
14/11/2020 17:20:21,14.08713818,11,0.309791505
14/11/2020 17:20:22,14,11,0.309687287
14/11/2020 17:20:23,14,11,0.309583068
14/11/2020 17:20:24,14,11,0.309478879
14/11/2020 17:20:25,14,11,0.30937466
14/11/2020 17:20:26,14,11,0.309270471
14/11/2020 17:20:27,14.10373211,11.10373211,0.309166253
14/11/2020 17:20:28,14.30437374,11.30437374,0.309062064
14/11/2020 17:20:29,14.50501633,11.50501633,0.308957845
14/11/2020 17:20:30,14.70565796,11.70565796,0.308853656
14/11/2020 17:20:31,14.90630054,11.90630054,0.308749437
14/11/2020 17:20:32,14.89405727,11.89405727,0.308645219
14/11/2020 17:20:33,14.69528961,11.69528961,0.30854103
14/11/2020 17:20:34,14.49652195,11.49652195,0.308436811
14/11/2020 17:20:35,14.29775429,11.29775429,0.308332622
14/11/2020 17:20:36,14.09898663,11.09898663,0.308228403
14/11/2020 17:20:37,14.09946537,11,0.308124214
14/11/2020 17:20:38,14.29760265,11,0.308019996
14/11/2020 17:20:39,14.49573994,11,0.307915807
14/11/2020 17:20:40,14.69387722,11,0.307811588
14/11/2020 17:20:41,14.89201546,11,0.307707399
14/11/2020 17:20:42,14.90956116,11,0.30760318
14/11/2020 17:20:43,14.7107935,11,0.307498962
14/11/2020 17:20:44,14.51202583,11,0.307394773
14/11/2020 17:20:45,14.31325817,11,0.307290554
14/11/2020 17:20:46,14.11449051,11,0.307186365
14/11/2020 17:20:47,14.08454609,11,0.307082146
14/11/2020 17:20:48,14.28394794,11,0.306977957
14/11/2020 17:20:49,14.4833498,11,0.306873739
14/11/2020 17:20:50,14.68275166,11,0.30676955
14/11/2020 17:20:51,14.88215351,11,0.306665331
14/11/2020 17:20:52,15,11,0.306561142
14/11/2020 17:20:53,15,11,0.306456923
14/11/2020 17:20:54,15,11,0.306352705
14/11/2020 17:20:55,15,11,0.306248516
14/11/2020 17:20:56,15,11,0.306144297
14/11/2020 17:20:57,14.92216492,11,0.306040108
14/11/2020 17:20:58,14.7246151,11,0.305935889
14/11/2020 17:20:59,14.52706432,11,0.305831701
14/11/2020 17:21:00,14.32951355,11,0.305727482
14/11/2020 17:21:01,14.13196373,11,0.305623293
14/11/2020 17:21:02,14.06620121,11.06620121,0.305519074
14/11/2020 17:21:03,14.26560307,11.26560307,0.305414855
14/11/2020 17:21:04,14.46500492,11.46500492,0.305310667
14/11/2020 17:21:05,14.66440678,11.66440678,0.305206448
14/11/2020 17:21:06,14.86380863,11.86380863,0.305102259
14/11/2020 17:21:07,14.93699074,11.93699074,0.30499804
14/11/2020 17:21:08,14.73822308,11.73822308,0.304893851
14/11/2020 17:21:09,14.53945541,11.53945541,0.304789633
14/11/2020 17:21:10,14.34068775,11.34068775,0.304685444
14/11/2020 17:21:11,14.14192009,11.14192009,0.304581225
14/11/2020 17:21:12,14,11,0.304477036
14/11/2020 17:21:13,14,11,0.304372817
14/11/2020 17:21:14,14,11,0.304268599
14/11/2020 17:21:15,14,11,0.30416441
14/11/2020 17:21:16,14,11,0.304060191
14/11/2020 17:21:17,14.04494381,11,0.303956002
14/11/2020 17:21:18,14.24558544,11,0.303851783
14/11/2020 17:21:19,14.44622803,11,0.303747594
14/11/2020 17:21:20,14.64686966,11,0.303643376
14/11/2020 17:21:21,14.84751225,11,0.303539187
14/11/2020 17:21:22,14.9522953,11,0.303434968
14/11/2020 17:21:23,14.75352859,11,0.303330749
14/11/2020 17:21:24,14.55476093,11,0.30322656
14/11/2020 17:21:25,14.35599327,11,0.303122342
14/11/2020 17:21:26,14.15722561,11,0.303018153
14/11/2020 17:21:27,14.04179955,11,0.302913934
14/11/2020 17:21:28,14.24180031,11,0.302809745
14/11/2020 17:21:29,14.44180012,11,0.302705526
14/11/2020 17:21:30,14.64179993,11,0.302601337
14/11/2020 17:21:31,14.84179974,11,0.302497119
14/11/2020 17:21:32,14.95844936,11,0.30239293
14/11/2020 17:21:33,14.7596426,11,0.302288711
14/11/2020 17:21:34,14.56083488,11,0.302184492
14/11/2020 17:21:35,14.36202812,11,0.302080303
14/11/2020 17:21:36,14.16322041,11,0.301976085
14/11/2020 17:21:37,14,11,0.301871896
14/11/2020 17:21:38,14,11,0.301767677
14/11/2020 17:21:39,14,11,0.301663488
14/11/2020 17:21:40,14,11,0.301559269
14/11/2020 17:21:41,14,11,0.301455081
14/11/2020 17:21:42,14.02950573,11.02950573,0.301350862
14/11/2020 17:21:43,14.22886753,11.22886753,0.301246643
14/11/2020 17:21:44,14.42822933,11.42822933,0.301142454
14/11/2020 17:21:45,14.62759209,11.62759209,0.301038235
14/11/2020 17:21:46,14.82695389,11.82695389,0.300934047
14/11/2020 17:21:47,14.97367859,11.97367859,0.300829828
14/11/2020 17:21:48,14.77427673,11.77427673,0.300725639
14/11/2020 17:21:49,14.57487583,11.57487583,0.30062142
14/11/2020 17:21:50,14.37547398,11.37547398,0.300517231
14/11/2020 17:21:51,14.17607212,11.17607212,0.300413013
14/11/2020 17:21:52,14.02304554,11.02304554,0.300308824
14/11/2020 17:21:53,14.22001171,11.22001171,0.300204605
14/11/2020 17:21:54,14.41697884,11.41697884,0.300100386
14/11/2020 17:21:55,14.61394501,11.61394501,0.299996197
14/11/2020 17:21:56,14.81091213,11.81091213,0.299891979
14/11/2020 17:21:57,14.99192429,11.99192429,0.29978779
14/11/2020 17:21:58,14.79002666,11.79002666,0.299683571
14/11/2020 17:21:59,14.58812809,11.58812809,0.299579382
14/11/2020 17:22:00,14.38623047,11.38623047,0.299475163
14/11/2020 17:22:01,14.18433285,11.18433285,0.299370974
14/11/2020 17:22:02,14,11,0.299266756
14/11/2020 17:22:03,14,11,0.299162567
14/11/2020 17:22:04,14,11,0.299058348
14/11/2020 17:22:05,14,11,0.298954129
14/11/2020 17:22:06,14,11,0.29884994
14/11/2020 17:22:07,14.01417923,11.01417923,0.298745722
14/11/2020 17:22:08,14.2111063,11.2111063,0.298641533
14/11/2020 17:22:09,14.40803432,11.40803432,0.298537314
14/11/2020 17:22:10,14.60496235,11.60496235,0.298433125
14/11/2020 17:22:11,14.80189037,11.80189037,0.298328906
14/11/2020 17:22:12,14.9988184,11.9988184,0.298224717
14/11/2020 17:22:13,14.80179501,11.80179501,0.298120499
14/11/2020 17:22:14,14.60239315,11.60239315,0.29801628
14/11/2020 17:22:15,14.40299129,11.40299129,0.297912091
14/11/2020 17:22:16,14.20358944,11.20358944,0.297807872
14/11/2020 17:22:17,14.00418758,11.00418758,0.297703683
14/11/2020 17:22:18,14.19459343,11.19459343,0.297599465
14/11/2020 17:22:19,14.39336109,11.39336109,0.297495276
14/11/2020 17:22:20,14.59212875,11.59212875,0.297391057
14/11/2020 17:22:21,14.79089642,11.79089642,0.297286868
14/11/2020 17:22:22,14.98966408,11.98966408,0.297182649
14/11/2020 17:22:23,14.90563393,11.90563393,0.29707846
14/11/2020 17:22:24,14.80609226,11.80609226,0.296974242
14/11/2020 17:22:25,14.70654964,11.70654964,0.296870023
14/11/2020 17:22:26,14.60700798,11.60700798,0.296765834
14/11/2020 17:22:27,14.50746536,11.50746536,0.296661615
14/11/2020 17:22:28,14.4079237,11.4079237,0.296557426
14/11/2020 17:22:29,14.30838108,11.30838108,0.296453208
14/11/2020 17:22:30,14.20883942,11.20883942,0.296349019
14/11/2020 17:22:31,14.1092968,11.1092968,0.2962448
14/11/2020 17:22:32,14.00975513,11.00975513,0.296140611
14/11/2020 17:22:33,14.17872047,11,0.296036392
14/11/2020 17:22:34,14.37685776,11,0.295932174
14/11/2020 17:22:35,14.57499504,11,0.295827985
14/11/2020 17:22:36,14.77313232,11,0.295723766
14/11/2020 17:22:37,14.97126961,11,0.295619577
14/11/2020 17:22:38,14.82896614,11,0.295515358
14/11/2020 17:22:39,14.62892532,11,0.29541117
14/11/2020 17:22:40,14.42888546,11,0.295306951
14/11/2020 17:22:41,14.2288456,11,0.295202762
14/11/2020 17:22:42,14.02880573,11,0.295098543
14/11/2020 17:22:43,14.1711998,11.1711998,0.294994354
14/11/2020 17:22:44,14.37119961,11.37119961,0.294890136
14/11/2020 17:22:45,14.57120037,11.57120037,0.294785917
14/11/2020 17:22:46,14.77120018,11.77120018,0.294681728
14/11/2020 17:22:47,14.97119999,11.97119999,0.294577509
14/11/2020 17:22:48,14.91479206,11.91479206,0.29447332
14/11/2020 17:22:49,14.81524944,11.81524944,0.294369102
14/11/2020 17:22:50,14.71570778,11.71570778,0.294264913
14/11/2020 17:22:51,14.61616611,11.61616611,0.294160694
14/11/2020 17:22:52,14.5166235,11.5166235,0.294056505
14/11/2020 17:22:53,14.41708183,11.41708183,0.293952286
14/11/2020 17:22:54,14.31753922,11.31753922,0.293848068
14/11/2020 17:22:55,14.21799755,11.21799755,0.293743879
14/11/2020 17:22:56,14.11845493,11.11845493,0.29363966
14/11/2020 17:22:57,14.01891327,11.01891327,0.293535471
14/11/2020 17:22:58,14.16052341,11.16052341,0.293431252
14/11/2020 17:22:59,14.3586998,11.3586998,0.293327063
14/11/2020 17:23:00,14.55687714,11.55687714,0.293222845
14/11/2020 17:23:01,14.75505352,11.75505352,0.293118656
14/11/2020 17:23:02,14.9532299,11.9532299,0.293014437
14/11/2020 17:23:03,14.84768772,11.84768772,0.292910248
14/11/2020 17:23:04,14.64832497,11.64832497,0.292806029
14/11/2020 17:23:05,14.44896317,11.44896317,0.292701811
14/11/2020 17:23:06,14.24960136,11.24960136,0.292597622
14/11/2020 17:23:07,14.05023956,11.05023956,0.292493403
14/11/2020 17:23:08,14.14915276,11.14915276,0.292389214
14/11/2020 17:23:09,14.34855461,11.34855461,0.292284995
14/11/2020 17:23:10,14.54795647,11.54795647,0.292180806
14/11/2020 17:23:11,14.74735832,11.74735832,0.292076588
14/11/2020 17:23:12,14.94676018,11.94676018,0.291972399
14/11/2020 17:23:13,14.85430336,11.85430336,0.29186818
14/11/2020 17:23:14,14.6555357,11.6555357,0.291763991
14/11/2020 17:23:15,14.45676804,11.45676804,0.291659772
14/11/2020 17:23:16,14.25800037,11.25800037,0.291555554
14/11/2020 17:23:17,14.05923271,11.05923271,0.291451365
14/11/2020 17:23:18,14.069664,11,0.291347146
14/11/2020 17:23:19,14.16889954,11,0.291242957
14/11/2020 17:23:20,14.26813507,11,0.291138738
14/11/2020 17:23:21,14.36737156,11,0.291034549
14/11/2020 17:23:22,14.46660709,11,0.290930331
14/11/2020 17:23:23,14.56584263,11,0.290826142
14/11/2020 17:23:24,14.66507912,11,0.290721923
14/11/2020 17:23:25,14.76431465,11,0.290617704
14/11/2020 17:23:26,14.86355019,11,0.290513515
14/11/2020 17:23:27,14.96278667,11,0.290409297
14/11/2020 17:23:28,14.87537384,11,0.290305108
14/11/2020 17:23:29,14.67597198,11,0.290200889
14/11/2020 17:23:30,14.47657013,11,0.2900967
14/11/2020 17:23:31,14.27716827,11,0.289992481
14/11/2020 17:23:32,14.07776642,11,0.289888293
14/11/2020 17:23:33,14.11939716,11.11939716,0.289784074
14/11/2020 17:23:34,14.31513023,11.31513023,0.289679885
14/11/2020 17:23:35,14.5108633,11.5108633,0.289575666
14/11/2020 17:23:36,14.70659637,11.70659637,0.289471447
14/11/2020 17:23:37,14.90232944,11.90232944,0.289367259
14/11/2020 17:23:38,14.89947796,11.89947796,0.28926304
14/11/2020 17:23:39,14.69883633,11.69883633,0.289158851
14/11/2020 17:23:40,14.49819469,11.49819469,0.289054632
14/11/2020 17:23:41,14.29755211,11.29755211,0.288950443
14/11/2020 17:23:42,14.09691048,11.09691048,0.288846225
14/11/2020 17:23:43,14.05146313,11,0.288742036
14/11/2020 17:23:44,14.15100574,11,0.288637817
14/11/2020 17:23:45,14.25054741,11,0.288533598
14/11/2020 17:23:46,14.35009003,11,0.288429409
14/11/2020 17:23:47,14.44963169,11,0.288325191
14/11/2020 17:23:48,14.54917336,11.09690952,0.288221002
14/11/2020 17:23:49,14.64871597,11.29631138,0.288116783
14/11/2020 17:23:50,14.74825764,11.49571323,0.288012594
14/11/2020 17:23:51,14.84780025,11.69511509,0.287908375
14/11/2020 17:23:52,14.94734192,11.89451599,0.287804186
14/11/2020 17:23:53,14.90579987,11.90579987,0.287699968
14/11/2020 17:23:54,14.70580006,11.70580006,0.287595779
14/11/2020 17:23:55,14.50580025,11.50580025,0.28749156
14/11/2020 17:23:56,14.30580044,11.30580044,0.287387341
14/11/2020 17:23:57,14.10579967,11.10579967,0.287283152
14/11/2020 17:23:58,14.09277153,11,0.287178934
14/11/2020 17:23:59,14.2897377,11,0.287074745
14/11/2020 17:24:00,14.48670483,11,0.286970526
14/11/2020 17:24:01,14.683671,11,0.286866337
14/11/2020 17:24:02,14.88063812,11,0.286762118
14/11/2020 17:24:03,14.92094707,11,0.286657929
14/11/2020 17:24:04,14.72030544,11,0.286553711
14/11/2020 17:24:05,14.51966286,11,0.286449492
14/11/2020 17:24:06,14.31902122,11,0.286345303
14/11/2020 17:24:07,14.11837864,11,0.286241084
14/11/2020 17:24:08,14.04087353,11,0.286136895
14/11/2020 17:24:09,14.14056396,11,0.286032677
14/11/2020 17:24:10,14.24025536,11,0.285928488
14/11/2020 17:24:11,14.33994579,11,0.285824269
14/11/2020 17:24:12,14.43963718,11,0.28572008
14/11/2020 17:24:13,14.53932762,11.07283306,0.285615861
14/11/2020 17:24:14,14.63901901,11.27347469,0.285511672
14/11/2020 17:24:15,14.7387104,11.47411728,0.285407454
14/11/2020 17:24:16,14.83840084,11.67475891,0.285303235
14/11/2020 17:24:17,14.93809223,11.8754015,0.285199046
14/11/2020 17:24:18,14.92489147,11.96221352,0.285094827
14/11/2020 17:24:19,14.72671413,11.86251259,0.284990638
14/11/2020 17:24:20,14.52853775,11.76281166,0.28488642
14/11/2020 17:24:21,14.33036041,11.66311073,0.284782231
14/11/2020 17:24:22,14.13218403,11.56340981,0.284678012
14/11/2020 17:24:23,14.06681347,11.46370888,0.284573823
14/11/2020 17:24:24,14.26745605,11.36400795,0.284469604
14/11/2020 17:24:25,14.46809769,11.26430702,0.284365416
14/11/2020 17:24:26,14.66874027,11.16460609,0.284261197
14/11/2020 17:24:27,14.8693819,11.06490517,0.284156978
14/11/2020 17:24:28,14.93106842,11,0.284052789
14/11/2020 17:24:29,14.73355675,11,0.28394857
14/11/2020 17:24:30,14.53604603,11,0.283844382
14/11/2020 17:24:31,14.33853436,11,0.283740163
14/11/2020 17:24:32,14.14102268,11,0.283635974
14/11/2020 17:24:33,14.05720043,11,0.283531755
14/11/2020 17:24:34,14.25720024,11,0.283427566
14/11/2020 17:24:35,14.45720005,11,0.283323348
14/11/2020 17:24:36,14.65719986,11,0.283219129
14/11/2020 17:24:37,14.85719967,11,0.28311494
14/11/2020 17:24:38,15,11,0.283010721
14/11/2020 17:24:39,15,11,0.282906532
14/11/2020 17:24:40,15,11,0.282802314
14/11/2020 17:24:41,15,11,0.282698125
14/11/2020 17:24:42,15,11,0.282593906
14/11/2020 17:24:43,14.94579983,11,0.282489717
14/11/2020 17:24:44,14.74580002,11,0.282385498
14/11/2020 17:24:45,14.54580021,11,0.282281309
14/11/2020 17:24:46,14.3458004,11,0.282177091
14/11/2020 17:24:47,14.14579964,11,0.282072872
14/11/2020 17:24:48,14.05386639,11.05386639,0.281968683
14/11/2020 17:24:49,14.25263405,11.25263405,0.281864464
14/11/2020 17:24:50,14.45140171,11.45140171,0.281760275
14/11/2020 17:24:51,14.65016937,11.65016937,0.281656057
14/11/2020 17:24:52,14.84893703,11.84893703,0.281551868
14/11/2020 17:24:53,14.95259762,11.97629642,0.281447649
14/11/2020 17:24:54,14.75508595,11.87753105,0.28134346
14/11/2020 17:24:55,14.55757427,11.77876568,0.281239241
14/11/2020 17:24:56,14.36006355,11.68000031,0.281135023
14/11/2020 17:24:57,14.16255188,11.58123493,0.281030834
14/11/2020 17:24:58,14.01767349,11.48246956,0.280926615
14/11/2020 17:24:59,14.11752415,11.38370323,0.280822426
14/11/2020 17:25:00,14.21737385,11.28493786,0.280718207
14/11/2020 17:25:01,14.3172245,11.18617249,0.280614018
14/11/2020 17:25:02,14.4170742,11.08740711,0.2805098
14/11/2020 17:25:03,14.51692486,11,0.280405611
14/11/2020 17:25:04,14.61677456,11,0.280301392
14/11/2020 17:25:05,14.71662521,11,0.280197203
14/11/2020 17:25:06,14.81647491,11,0.280092984
14/11/2020 17:25:07,14.91632557,11,0.279988766
14/11/2020 17:25:08,14.96759987,11,0.279884577
14/11/2020 17:25:09,14.76760006,11,0.279780358
14/11/2020 17:25:10,14.56760025,11,0.279676169
14/11/2020 17:25:11,14.36760044,11,0.27957195
14/11/2020 17:25:12,14.16759968,11,0.279467762
14/11/2020 17:25:13,14.03240013,11.03240013,0.279363543
14/11/2020 17:25:14,14.23239994,11.23239994,0.279259354
14/11/2020 17:25:15,14.43239975,11.43239975,0.279155135
14/11/2020 17:25:16,14.63239956,11.63239956,0.279050916
14/11/2020 17:25:17,14.83240032,11.83240032,0.278946728
14/11/2020 17:25:18,15,11.98385048,0.278842509
14/11/2020 17:25:19,15,11.88415909,0.27873832
14/11/2020 17:25:20,15,11.7844677,0.278634101
14/11/2020 17:25:21,15,11.68477726,0.278529912
14/11/2020 17:25:22,15,11.58508587,0.278425694
14/11/2020 17:25:23,15,11.48539543,0.278321505
14/11/2020 17:25:24,15,11.38570404,0.278217286
14/11/2020 17:25:25,15,11.2860136,0.278113097
14/11/2020 17:25:26,15,11.18632221,0.278008878
14/11/2020 17:25:27,15,11.08663177,0.27790466
14/11/2020 17:25:28,15,11,0.277800471
14/11/2020 17:25:29,15,11,0.277696252
14/11/2020 17:25:30,15,11,0.277592063
14/11/2020 17:25:31,15,11,0.277487844
14/11/2020 17:25:32,15,11,0.277383655
14/11/2020 17:25:33,14.97999954,11,0.277279437
14/11/2020 17:25:34,14.77999973,11,0.277175248
14/11/2020 17:25:35,14.57999992,11,0.277071029
14/11/2020 17:25:36,14.38000011,11,0.27696681
14/11/2020 17:25:37,14.18000031,11,0.276862621
14/11/2020 17:25:38,14.01987648,11.01987648,0.276758403
14/11/2020 17:25:39,14.21864414,11.21864414,0.276654214
14/11/2020 17:25:40,14.4174118,11.4174118,0.276549995
14/11/2020 17:25:41,14.61617947,11.61617947,0.276445806
14/11/2020 17:25:42,14.81494713,11.81494713,0.276341587
14/11/2020 17:25:43,14.98632813,11.99316311,0.276237398
14/11/2020 17:25:44,14.78819084,11.89408493,0.27613318
14/11/2020 17:25:45,14.59005356,11.79500675,0.276028991
14/11/2020 17:25:46,14.39191628,11.69592762,0.275924772
14/11/2020 17:25:47,14.19377804,11.59684944,0.275820553
14/11/2020 17:25:48,14.0043602,11.49777031,0.275716364
14/11/2020 17:25:49,14.20253658,11.39869213,0.275612146
14/11/2020 17:25:50,14.40071297,11.29961395,0.275507957
14/11/2020 17:25:51,14.5988903,11.20053482,0.275403738
14/11/2020 17:25:52,14.79706669,11.10145664,0.275299549
14/11/2020 17:25:53,14.99524403,11.00237751,0.27519533
14/11/2020 17:25:54,15,11.19338226,0.275091141
14/11/2020 17:25:55,15,11.39151955,0.274986923
14/11/2020 17:25:56,15,11.58965683,0.274882734
14/11/2020 17:25:57,15,11.78779507,0.274778515
14/11/2020 17:25:58,15,11.98593235,0.274674296
14/11/2020 17:25:59,14.81534481,11.81534481,0.274570107
14/11/2020 17:26:00,14.61657715,11.61657715,0.274465889
14/11/2020 17:26:01,14.41780949,11.41780949,0.2743617
14/11/2020 17:26:02,14.21904182,11.21904182,0.274257481
14/11/2020 17:26:03,14.02027416,11.02027416,0.274153292
14/11/2020 17:26:04,14.1784935,11.1784935,0.274049073
14/11/2020 17:26:05,14.37726116,11.37726116,0.273944885
14/11/2020 17:26:06,14.57602882,11.57602882,0.273840666
14/11/2020 17:26:07,14.77479649,11.77479649,0.273736447
14/11/2020 17:26:08,14.97356415,11.97356415,0.273632258
14/11/2020 17:26:09,14.82551861,11.82551861,0.273528039
14/11/2020 17:26:10,14.62427044,11.62427044,0.273423851
14/11/2020 17:26:11,14.42302227,11.42302227,0.273319632
14/11/2020 17:26:12,14.22177505,11.22177505,0.273215443
14/11/2020 17:26:13,14.02052689,11.02052689,0.273111224
14/11/2020 17:26:14,14.17902756,11,0.273007035
14/11/2020 17:26:15,14.37838936,11,0.272902817
14/11/2020 17:26:16,14.57775116,11,0.272798628
14/11/2020 17:26:17,14.77711296,11,0.272694409
14/11/2020 17:26:18,14.97647572,11,0.27259019
14/11/2020 17:26:19,14.91207218,11,0.272486001
14/11/2020 17:26:20,14.81238174,11,0.272381783
14/11/2020 17:26:21,14.71269035,11,0.272277594
14/11/2020 17:26:22,14.61299992,11,0.272173375
14/11/2020 17:26:23,14.51330853,11,0.272069186
14/11/2020 17:26:24,14.41361809,11,0.271964967
14/11/2020 17:26:25,14.3139267,11,0.271860778
14/11/2020 17:26:26,14.21423626,11,0.27175656
14/11/2020 17:26:27,14.11454487,11,0.271652341
14/11/2020 17:26:28,14.01485348,11,0.271548152
14/11/2020 17:26:29,14.16969109,11.16969109,0.271443933
14/11/2020 17:26:30,14.36909294,11.36909294,0.271339744
14/11/2020 17:26:31,14.5684948,11.5684948,0.271235526
14/11/2020 17:26:32,14.76789665,11.76789665,0.271131337
14/11/2020 17:26:33,14.96729851,11.96729851,0.271027118
14/11/2020 17:26:34,14.83226299,11.83226299,0.270922929
14/11/2020 17:26:35,14.63162136,11.63162136,0.27081871
14/11/2020 17:26:36,14.43097878,11.43097878,0.270714521
14/11/2020 17:26:37,14.23033714,11.23033714,0.270610303
14/11/2020 17:26:38,14.02969456,11.02969456,0.270506084
14/11/2020 17:26:39,14.0849371,11,0.270401895
14/11/2020 17:26:40,14.18462753,11,0.270297676
14/11/2020 17:26:41,14.28431892,11,0.270193487
14/11/2020 17:26:42,14.38400936,11,0.270089269
14/11/2020 17:26:43,14.48370075,11,0.26998508
14/11/2020 17:26:44,14.58339119,11,0.269880861
14/11/2020 17:26:45,14.68308258,11,0.269776672
14/11/2020 17:26:46,14.78277302,11,0.269672453
14/11/2020 17:26:47,14.88246441,11,0.269568235
14/11/2020 17:26:48,14.98215485,11,0.269464046
14/11/2020 17:26:49,15,11,0.269359827
14/11/2020 17:26:50,15,11,0.269255638
14/11/2020 17:26:51,15,11,0.269151419
14/11/2020 17:26:52,15,11,0.26904723
14/11/2020 17:26:53,15,11,0.268943012
14/11/2020 17:26:54,15,11.15537643,0.268838823
14/11/2020 17:26:55,15,11.35230446,0.268734604
14/11/2020 17:26:56,15,11.54923153,0.268630415
14/11/2020 17:26:57,15,11.74615955,0.268526196
14/11/2020 17:26:58,15,11.94308758,0.268421978
14/11/2020 17:26:59,14.856884,11.856884,0.268317789
14/11/2020 17:27:00,14.65559578,11.65559578,0.26821357
14/11/2020 17:27:01,14.45430756,11.45430756,0.268109381
14/11/2020 17:27:02,14.25301933,11.25301933,0.268005162
14/11/2020 17:27:03,14.05173111,11.05173111,0.267900974
14/11/2020 17:27:04,14.14859962,11,0.267796755
14/11/2020 17:27:05,14.34860039,11,0.267692566
14/11/2020 17:27:06,14.5486002,11,0.267588347
14/11/2020 17:27:07,14.74860001,11,0.267484158
14/11/2020 17:27:08,14.94859982,11,0.26737994
14/11/2020 17:27:09,15,11,0.267275721
14/11/2020 17:27:10,15,11,0.267171532
14/11/2020 17:27:11,15,11,0.267067313
14/11/2020 17:27:12,15,11,0.266963124
14/11/2020 17:27:13,15,11,0.266858906
14/11/2020 17:27:14,15,11,0.266754717
14/11/2020 17:27:15,15,11,0.266650498
14/11/2020 17:27:16,15,11,0.266546309
14/11/2020 17:27:17,15,11,0.26644209
14/11/2020 17:27:18,15,11,0.266337872
14/11/2020 17:27:19,15,11.12861633,0.266233683
14/11/2020 17:27:20,15,11.32679367,0.266129464
14/11/2020 17:27:21,15,11.52497005,0.266025275
14/11/2020 17:27:22,15,11.72314739,0.265921056
14/11/2020 17:27:23,15,11.92132378,0.265816867
14/11/2020 17:27:24,14.88090038,11.88090038,0.265712649
14/11/2020 17:27:25,14.68338966,11.68338966,0.26560846
14/11/2020 17:27:26,14.48587799,11.48587799,0.265504241
14/11/2020 17:27:27,14.28836632,11.28836632,0.265400052
14/11/2020 17:27:28,14.0908556,11.0908556,0.265295833
14/11/2020 17:27:29,14.053339,11.10667706,0.265191615
14/11/2020 17:27:30,14.15211391,11.30422783,0.265087426
14/11/2020 17:27:31,14.25088882,11.50177765,0.264983207
14/11/2020 17:27:32,14.34966373,11.69932842,0.264879018
14/11/2020 17:27:33,14.4484396,11.89687824,0.264774799
14/11/2020 17:27:34,14.54721451,11.90557098,0.26467061
14/11/2020 17:27:35,14.64598942,11.70802021,0.264566392
14/11/2020 17:27:36,14.74476528,11.51047039,0.264462203
14/11/2020 17:27:37,14.84354019,11.31291962,0.264357984
14/11/2020 17:27:38,14.9423151,11.1153698,0.264253765
14/11/2020 17:27:39,14.91783524,11,0.264149576
14/11/2020 17:27:40,14.72032356,11,0.264045358
14/11/2020 17:27:41,14.52281284,11,0.263941169
14/11/2020 17:27:42,14.32530117,11,0.26383695
14/11/2020 17:27:43,14.1277895,11,0.263732761
14/11/2020 17:27:44,14.07082653,11.07082653,0.263628542
14/11/2020 17:27:45,14.27146912,11.27146912,0.263524354
14/11/2020 17:27:46,14.47211075,11.47211075,0.263420135
14/11/2020 17:27:47,14.67275238,11.67275238,0.263315946
14/11/2020 17:27:48,14.87339497,11.87339497,0.263211727
14/11/2020 17:27:49,14.92619991,11.92619991,0.263107508
14/11/2020 17:27:50,14.7262001,11.7262001,0.26300332
14/11/2020 17:27:51,14.52620029,11.52620029,0.262899101
14/11/2020 17:27:52,14.32619953,11.32619953,0.262794912
14/11/2020 17:27:53,14.12619972,11.12619972,0.262690693
14/11/2020 17:27:54,14.03661442,11,0.262586504
14/11/2020 17:27:55,14.13584042,11,0.262482285
14/11/2020 17:27:56,14.23506641,11,0.262378097
14/11/2020 17:27:57,14.33429241,11,0.262273878
14/11/2020 17:27:58,14.43351841,11,0.262169659
14/11/2020 17:27:59,14.53274441,11,0.26206547
14/11/2020 17:28:00,14.63197041,11,0.261961251
14/11/2020 17:28:01,14.7311964,11,0.261857063
14/11/2020 17:28:02,14.8304224,11,0.261752844
14/11/2020 17:28:03,14.9296484,11,0.261648655
14/11/2020 17:28:04,15,11,0.261544436
14/11/2020 17:28:05,15,11,0.261440247
14/11/2020 17:28:06,15,11,0.261336029
14/11/2020 17:28:07,15,11,0.26123184
14/11/2020 17:28:08,15,11,0.261127621
14/11/2020 17:28:09,15,11.06120396,0.261023402
14/11/2020 17:28:10,15,11.26056576,0.260919213
14/11/2020 17:28:11,15,11.45992851,0.260814995
14/11/2020 17:28:12,15,11.65929031,0.260710806
14/11/2020 17:28:13,15,11.85865211,0.260606587
14/11/2020 17:28:14,14.94197369,11.94197369,0.260502398
14/11/2020 17:28:15,14.74257183,11.74257183,0.260398179
14/11/2020 17:28:16,14.54317093,11.54317093,0.26029399
14/11/2020 17:28:17,14.34376907,11.34376907,0.260189772
14/11/2020 17:28:18,14.14436722,11.14436722,0.260085583
14/11/2020 17:28:19,14.05486012,11,0.259981364
14/11/2020 17:28:20,14.25362778,11,0.259877145
14/11/2020 17:28:21,14.45239544,11,0.259772956
14/11/2020 17:28:22,14.6511631,11,0.259668738
14/11/2020 17:28:23,14.84993076,11,0.259564549
14/11/2020 17:28:24,15,11,0.25946033
14/11/2020 17:28:25,15,11,0.259356141
14/11/2020 17:28:26,15,11,0.259251922
14/11/2020 17:28:27,15,11,0.259147733
14/11/2020 17:28:28,15,11,0.259043515
14/11/2020 17:28:29,14.95720005,11,0.258939296
14/11/2020 17:28:30,14.75720024,11,0.258835107
14/11/2020 17:28:31,14.55720043,11,0.258730888
14/11/2020 17:28:32,14.35719967,11,0.258626699
14/11/2020 17:28:33,14.15719986,11,0.258522481
14/11/2020 17:28:34,14.04253674,11.04253674,0.258418292
14/11/2020 17:28:35,14.24130344,11.24130344,0.258314073
14/11/2020 17:28:36,14.44007111,11.44007111,0.258209884
14/11/2020 17:28:37,14.63883877,11.63883877,0.258105665
14/11/2020 17:28:38,14.83760643,11.83760643,0.258001477
14/11/2020 17:28:39,14.96351719,11.96351719,0.257897258
14/11/2020 17:28:40,14.76415443,11.76415443,0.257793039
14/11/2020 17:28:41,14.56479263,11.56479263,0.25768885
14/11/2020 17:28:42,14.36543083,11.36543083,0.257584631
14/11/2020 17:28:43,14.16606903,11.16606903,0.257480443
14/11/2020 17:28:44,14.03350735,11.03350735,0.257376224
14/11/2020 17:28:45,14.23414898,11.23414898,0.257272035
14/11/2020 17:28:46,14.43479156,11.43479156,0.257167816
14/11/2020 17:28:47,14.6354332,11.6354332,0.257063627
14/11/2020 17:28:48,14.83607578,11.83607578,0.256959409
14/11/2020 17:28:49,15,11.98178577,0.25685519
14/11/2020 17:28:50,15,11.88225365,0.256751001
14/11/2020 17:28:51,15,11.78272152,0.256646782
14/11/2020 17:28:52,15,11.68318939,0.256542593
14/11/2020 17:28:53,15,11.58365726,0.256438375
14/11/2020 17:28:54,14.969697,11.48412418,0.256334186
14/11/2020 17:28:55,14.7703352,11.38459206,0.256229967
14/11/2020 17:28:56,14.57097244,11.28505993,0.256125778
14/11/2020 17:28:57,14.37161064,11.1855278,0.256021559
14/11/2020 17:28:58,14.17224884,11.08599567,0.25591737
14/11/2020 17:28:59,14.02694702,11,0.255813152
14/11/2020 17:29:00,14.2250843,11,0.255708933
14/11/2020 17:29:01,14.42322159,11,0.255604744
14/11/2020 17:29:02,14.62135887,11,0.255500525
14/11/2020 17:29:03,14.81949711,11,0.255396336
14/11/2020 17:29:04,14.98214245,11,0.255292118
14/11/2020 17:29:05,14.78150082,11,0.255187929
14/11/2020 17:29:06,14.58085918,11,0.25508371
14/11/2020 17:29:07,14.3802166,11,0.254979521
14/11/2020 17:29:08,14.17957497,11,0.254875302
14/11/2020 17:29:09,14.02093697,11.02093697,0.254771084
14/11/2020 17:29:10,14.22033882,11.22033882,0.254666895
14/11/2020 17:29:11,14.41974068,11.41974068,0.254562676
14/11/2020 17:29:12,14.61914253,11.61914253,0.254458487
14/11/2020 17:29:13,14.81854439,11.81854439,0.254354268
14/11/2020 17:29:14,14.99104214,11.99104214,0.254250079
14/11/2020 17:29:15,14.89151001,11.89151001,0.254145861
14/11/2020 17:29:16,14.79197788,11.79197788,0.254041672
14/11/2020 17:29:17,14.69244576,11.69244576,0.253937453
14/11/2020 17:29:18,14.59291363,11.59291363,0.253833264
14/11/2020 17:29:19,14.4933815,11.4933815,0.253729045
14/11/2020 17:29:20,14.39384937,11.39384937,0.253624827
14/11/2020 17:29:21,14.29431629,11.29431629,0.253520638
14/11/2020 17:29:22,14.19478416,11.19478416,0.253416419
14/11/2020 17:29:23,14.09525204,11.09525204,0.25331223
14/11/2020 17:29:24,14.00854683,11,0.253208011
14/11/2020 17:29:25,14.20731449,11,0.253103822
14/11/2020 17:29:26,14.40608215,11,0.252999604
14/11/2020 17:29:27,14.60484982,11,0.252895415
14/11/2020 17:29:28,14.80361748,11,0.252791196
14/11/2020 17:29:29,14.99761486,11,0.252687007
14/11/2020 17:29:30,14.79888725,11,0.252582788
14/11/2020 17:29:31,14.60015869,11,0.25247857
14/11/2020 17:29:32,14.40143108,11,0.252374381
14/11/2020 17:29:33,14.20270252,11,0.252270162
14/11/2020 17:29:34,14.00397491,11,0.252165973
14/11/2020 17:29:35,14.19662952,11,0.252061754
14/11/2020 17:29:36,14.39727116,11,0.251957566
14/11/2020 17:29:37,14.59791374,11,0.251853347
14/11/2020 17:29:38,14.79855537,11,0.251749158
14/11/2020 17:29:39,14.99919701,11,0.251644939
14/11/2020 17:29:40,14.90101337,11,0.25154072
14/11/2020 17:29:41,14.80163002,11,0.251436532
14/11/2020 17:29:42,14.70224571,11,0.251332313
14/11/2020 17:29:43,14.60286236,11,0.251228124
14/11/2020 17:29:44,14.50347805,11,0.251123905
14/11/2020 17:29:45,14.4040947,11,0.251019716
14/11/2020 17:29:46,14.30471039,11,0.250915498
14/11/2020 17:29:47,14.20532703,11,0.250811309
14/11/2020 17:29:48,14.10594273,11,0.25070709
14/11/2020 17:29:49,14.00655937,11,0.250602901
14/11/2020 17:29:50,14.1868,11,0.250498682
14/11/2020 17:29:51,14.38679981,11,0.250394464
14/11/2020 17:29:52,14.58679962,11,0.250290275
14/11/2020 17:29:53,14.78680038,11,0.250186056
14/11/2020 17:29:54,14.98680019,11,0.250081867
14/11/2020 17:29:55,14.81379604,11,0.249977648
14/11/2020 17:29:56,14.61443424,11,0.249873444
14/11/2020 17:29:57,14.41507149,11,0.249769241
14/11/2020 17:29:58,14.21570969,11,0.249665037
14/11/2020 17:29:59,14.01634789,11,0.249560833
14/11/2020 17:30:00,14,11,0.249456629
14/11/2020 17:30:01,14,11,0.249352425
14/11/2020 17:30:02,14,11,0.249248222
14/11/2020 17:30:03,14,11,0.249144018
14/11/2020 17:30:04,14,11,0.249039814
14/11/2020 17:30:05,14,11,0.248935595
14/11/2020 17:30:06,14,11,0.248831391
14/11/2020 17:30:07,14,11,0.248727188
14/11/2020 17:30:08,14,11,0.248622984
14/11/2020 17:30:09,14,11,0.24851878
14/11/2020 17:30:10,14,11,0.248414576
14/11/2020 17:30:11,14,11,0.248310372
14/11/2020 17:30:12,14,11,0.248206168
14/11/2020 17:30:13,14,11,0.248101965
14/11/2020 17:30:14,14,11,0.247997761
14/11/2020 17:30:15,14.17475891,11,0.247893542
14/11/2020 17:30:16,14.3754015,11,0.247789338
14/11/2020 17:30:17,14.57604313,11,0.247685134
14/11/2020 17:30:18,14.77668571,11,0.247580931
14/11/2020 17:30:19,14.97732735,11,0.247476727
14/11/2020 17:30:20,14.82316589,11,0.247372523
14/11/2020 17:30:21,14.62380409,11,0.247268319
14/11/2020 17:30:22,14.42444134,11,0.247164115
14/11/2020 17:30:23,14.22507954,11,0.247059911
14/11/2020 17:30:24,14.02571774,11,0.246955708
14/11/2020 17:30:25,14.17420006,11,0.246851489
14/11/2020 17:30:26,14.37419987,11,0.246747285
14/11/2020 17:30:27,14.57419968,11,0.246643081
14/11/2020 17:30:28,14.77420044,11,0.246538877
14/11/2020 17:30:29,14.97420025,11,0.246434674
14/11/2020 17:30:30,14.82579994,11,0.24633047
14/11/2020 17:30:31,14.62580013,11,0.246226266
14/11/2020 17:30:32,14.42580032,11,0.246122062
14/11/2020 17:30:33,14.22579956,11,0.246017858
14/11/2020 17:30:34,14.02579975,11,0.245913655
14/11/2020 17:30:35,14,11,0.245809436
14/11/2020 17:30:36,14,11,0.245705232
14/11/2020 17:30:37,14,11,0.245601028
14/11/2020 17:30:38,14,11,0.245496824
14/11/2020 17:30:39,14,11,0.245392621
14/11/2020 17:30:40,14.17367935,11,0.245288417
14/11/2020 17:30:41,14.37308121,11,0.245184213
14/11/2020 17:30:42,14.57248211,11,0.245080009
14/11/2020 17:30:43,14.77188396,11,0.244975805
14/11/2020 17:30:44,14.97128582,11,0.244871601
14/11/2020 17:30:45,14.82824993,11,0.244767398
14/11/2020 17:30:46,14.6276083,11,0.244663179
14/11/2020 17:30:47,14.42696667,11,0.244558975
14/11/2020 17:30:48,14.22632408,11,0.244454771
14/11/2020 17:30:49,14.02568245,11,0.244350567
14/11/2020 17:30:50,14.17329121,11,0.244246364
14/11/2020 17:30:51,14.37201881,11,0.24414216
14/11/2020 17:30:52,14.57074738,11,0.244037956
14/11/2020 17:30:53,14.76947498,11,0.243933752
14/11/2020 17:30:54,14.96820354,11,0.243829548
14/11/2020 17:30:55,14.83146095,11,0.243725345
14/11/2020 17:30:56,14.63081837,11,0.243621126
14/11/2020 17:30:57,14.43017673,11,0.243516922
14/11/2020 17:30:58,14.22953415,11,0.243412718
14/11/2020 17:30:59,14.02889252,11,0.243308514
14/11/2020 17:31:00,14,11,0.243204311
14/11/2020 17:31:01,14,11,0.243100107
14/11/2020 17:31:02,14,11,0.242995903
14/11/2020 17:31:03,14,11,0.242891699
14/11/2020 17:31:04,14,11,0.242787495
14/11/2020 17:31:05,14,11,0.242683291
14/11/2020 17:31:06,14,11,0.242579073
14/11/2020 17:31:07,14,11,0.242474869
14/11/2020 17:31:08,14,11,0.242370665
14/11/2020 17:31:09,14,11,0.242266461
14/11/2020 17:31:10,14,11,0.242162257
14/11/2020 17:31:11,14,11,0.242058054
14/11/2020 17:31:12,14,11,0.24195385
14/11/2020 17:31:13,14,11,0.241849646
14/11/2020 17:31:14,14,11,0.241745442
14/11/2020 17:31:15,14,11,0.241641238
14/11/2020 17:31:16,14,11,0.24153702
14/11/2020 17:31:17,14,11,0.241432816
14/11/2020 17:31:18,14,11,0.241328612
14/11/2020 17:31:19,14,11,0.241224408
14/11/2020 17:31:20,14,11,0.241120204
14/11/2020 17:31:21,14,11,0.241016001
14/11/2020 17:31:22,14,11,0.240911797
14/11/2020 17:31:23,14,11,0.240807593
14/11/2020 17:31:24,14,11,0.240703389
14/11/2020 17:31:25,14.13379955,11,0.240599185
14/11/2020 17:31:26,14.33380032,11,0.240494967
14/11/2020 17:31:27,14.53380013,11,0.240390763
14/11/2020 17:31:28,14.73379993,11,0.240286559
14/11/2020 17:31:29,14.93379974,11,0.240182355
14/11/2020 17:31:30,14.86620045,11,0.240078151
14/11/2020 17:31:31,14.66619968,11,0.239973947
14/11/2020 17:31:32,14.46619987,11,0.239869744
14/11/2020 17:31:33,14.26620007,11,0.23976554
14/11/2020 17:31:34,14.06620026,11,0.239661336
14/11/2020 17:31:35,14.13174438,11.13174438,0.239557132
14/11/2020 17:31:36,14.32867241,11.32867241,0.239452913
14/11/2020 17:31:37,14.52560043,11.52560043,0.23934871
14/11/2020 17:31:38,14.72252846,11.72252846,0.239244506
14/11/2020 17:31:39,14.91945648,11.91945648,0.239140302
14/11/2020 17:31:40,14.88106251,11.88106251,0.239036098
14/11/2020 17:31:41,14.67981529,11.67981529,0.238931894
14/11/2020 17:31:42,14.47856712,11.47856712,0.23882769
14/11/2020 17:31:43,14.27731895,11.27731895,0.238723487
14/11/2020 17:31:44,14.07607174,11.07607174,0.238619283
14/11/2020 17:31:45,14,11,0.238515079
14/11/2020 17:31:46,14,11,0.23841086
14/11/2020 17:31:47,14,11,0.238306656
14/11/2020 17:31:48,14,11,0.238202453
14/11/2020 17:31:49,14,11,0.238098249
14/11/2020 17:31:50,14,11,0.237994045
14/11/2020 17:31:51,14,11,0.237889841
14/11/2020 17:31:52,14,11,0.237785637
14/11/2020 17:31:53,14,11,0.237681434
14/11/2020 17:31:54,14,11,0.23757723
14/11/2020 17:31:55,14,11,0.237473026
14/11/2020 17:31:56,14,11,0.237368822
14/11/2020 17:31:57,14,11,0.237264603
14/11/2020 17:31:58,14,11,0.2371604
14/11/2020 17:31:59,14,11,0.237056196
14/11/2020 17:32:00,14.12623882,11.12623882,0.236951992
14/11/2020 17:32:01,14.32441521,11.32441521,0.236847788
14/11/2020 17:32:02,14.52259254,11.52259254,0.236743584
14/11/2020 17:32:03,14.72076893,11.72076893,0.23663938
14/11/2020 17:32:04,14.91894531,11.91894531,0.236535177
14/11/2020 17:32:05,14.94081116,11.94081116,0.236430973
14/11/2020 17:32:06,14.84066105,11.84066105,0.236326769
14/11/2020 17:32:07,14.74051094,11.74051094,0.23622255
14/11/2020 17:32:08,14.64036083,11.64036083,0.236118346
14/11/2020 17:32:09,14.54021072,11.54021072,0.236014143
14/11/2020 17:32:10,14.44005966,11.44005966,0.235909939
14/11/2020 17:32:11,14.33990955,11.33990955,0.235805735
14/11/2020 17:32:12,14.23975945,11.23975945,0.235701531
14/11/2020 17:32:13,14.13960934,11.13960934,0.235597327
14/11/2020 17:32:14,14.03945923,11.03945923,0.235493124
14/11/2020 17:32:15,14.12083721,11,0.23538892
14/11/2020 17:32:16,14.32023907,11,0.235284716
14/11/2020 17:32:17,14.51964092,11,0.235180497
14/11/2020 17:32:18,14.71904278,11,0.235076293
14/11/2020 17:32:19,14.91844463,11,0.23497209
14/11/2020 17:32:20,14.88255119,11,0.234867886
14/11/2020 17:32:21,14.68382359,11,0.234763682
14/11/2020 17:32:22,14.48509502,11,0.234659478
14/11/2020 17:32:23,14.28636742,11,0.234555274
14/11/2020 17:32:24,14.08763885,11,0.23445107
14/11/2020 17:32:25,14.11180019,11,0.234346867
14/11/2020 17:32:26,14.3118,11,0.234242663
14/11/2020 17:32:27,14.51179981,11,0.234138444
14/11/2020 17:32:28,14.71179962,11,0.23403424
14/11/2020 17:32:29,14.91180038,11,0.233930036
14/11/2020 17:32:30,14.94444466,11,0.233825833
14/11/2020 17:32:31,14.84506035,11,0.233721629
14/11/2020 17:32:32,14.74567699,11,0.233617425
14/11/2020 17:32:33,14.64629269,11,0.233513221
14/11/2020 17:32:34,14.54690933,11,0.233409017
14/11/2020 17:32:35,14.44752502,11,0.233304814
14/11/2020 17:32:36,14.34814167,11,0.23320061
14/11/2020 17:32:37,14.24875736,11,0.233096391
14/11/2020 17:32:38,14.14937401,11,0.232992187
14/11/2020 17:32:39,14.0499897,11,0.232887983
14/11/2020 17:32:40,14.09908295,11,0.23278378
14/11/2020 17:32:41,14.29844475,11,0.232679576
14/11/2020 17:32:42,14.49780655,11,0.232575372
14/11/2020 17:32:43,14.6971693,11,0.232471168
14/11/2020 17:32:44,14.89653111,11,0.232366964
14/11/2020 17:32:45,14.90408802,11,0.23226276
14/11/2020 17:32:46,14.70468616,11,0.232158557
14/11/2020 17:32:47,14.50528431,11,0.232054338
14/11/2020 17:32:48,14.30588245,11,0.231950134
14/11/2020 17:32:49,14.1064806,11,0.23184593
14/11/2020 17:32:50,14,11,0.231741726
14/11/2020 17:32:51,14,11,0.231637523
14/11/2020 17:32:52,14,11,0.231533319
14/11/2020 17:32:53,14,11,0.231429115
14/11/2020 17:32:54,14,11,0.231324911
14/11/2020 17:32:55,14,11,0.231220707
14/11/2020 17:32:56,14,11,0.231116503
14/11/2020 17:32:57,14,11,0.231012285
14/11/2020 17:32:58,14,11,0.230908081
14/11/2020 17:32:59,14,11,0.230803877
14/11/2020 17:33:00,14,11,0.230699673
14/11/2020 17:33:01,14,11,0.230595469
14/11/2020 17:33:02,14,11,0.230491266
14/11/2020 17:33:03,14,11,0.230387062
14/11/2020 17:33:04,14,11,0.230282858
14/11/2020 17:33:05,14,11,0.230178654
14/11/2020 17:33:06,14,11,0.23007445
14/11/2020 17:33:07,14,11,0.229970232
14/11/2020 17:33:08,14,11,0.229866028
14/11/2020 17:33:09,14,11,0.229761824
14/11/2020 17:33:10,14,11,0.22965762
14/11/2020 17:33:11,14,11,0.229553416
14/11/2020 17:33:12,14,11,0.229449213
14/11/2020 17:33:13,14,11,0.229345009
14/11/2020 17:33:14,14,11,0.229240805
14/11/2020 17:33:15,14,11,0.229136601
14/11/2020 17:33:16,14,11,0.229032397
14/11/2020 17:33:17,14,11,0.228928193
14/11/2020 17:33:18,14,11,0.228823975
14/11/2020 17:33:19,14,11,0.228719771
14/11/2020 17:33:20,14,11,0.228615567
14/11/2020 17:33:21,14,11,0.228511363
14/11/2020 17:33:22,14,11,0.228407159
14/11/2020 17:33:23,14,11,0.228302956
14/11/2020 17:33:24,14,11,0.228198752
14/11/2020 17:33:25,14,11,0.228094548
14/11/2020 17:33:26,14,11,0.227990344
14/11/2020 17:33:27,14,11,0.22788614
14/11/2020 17:33:28,14,11,0.227781922
14/11/2020 17:33:29,14,11,0.227677718
14/11/2020 17:33:30,14,11,0.227573514
14/11/2020 17:33:31,14,11,0.22746931
14/11/2020 17:33:32,14,11,0.227365106
14/11/2020 17:33:33,14,11,0.227260903
14/11/2020 17:33:34,14,11,0.227156699
14/11/2020 17:33:35,14,11,0.227052495
14/11/2020 17:33:36,14,11,0.226948291
14/11/2020 17:33:37,14,11,0.226844087
14/11/2020 17:33:38,14,11,0.226739869
14/11/2020 17:33:39,14,11,0.226635665
14/11/2020 17:33:40,14,11,0.226531461
14/11/2020 17:33:41,14,11,0.226427257
14/11/2020 17:33:42,14,11,0.226323053
14/11/2020 17:33:43,14,11,0.226218849
14/11/2020 17:33:44,14,11,0.226114646
14/11/2020 17:33:45,14,11,0.226010442
14/11/2020 17:33:46,14,11,0.225906238
14/11/2020 17:33:47,14,11,0.225802034
14/11/2020 17:33:48,14,11,0.225697815
14/11/2020 17:33:49,14,11,0.225593612
14/11/2020 17:33:50,14,11,0.225489408
14/11/2020 17:33:51,14,11,0.225385204
14/11/2020 17:33:52,14,11,0.225281
14/11/2020 17:33:53,14,11,0.225176796
14/11/2020 17:33:54,14,11,0.225072592
14/11/2020 17:33:55,14,11,0.224968389
14/11/2020 17:33:56,14,11,0.224864185
14/11/2020 17:33:57,14,11,0.224759981
14/11/2020 17:33:58,14,11,0.224655762
14/11/2020 17:33:59,14,11,0.224551558
14/11/2020 17:34:00,14,11,0.224447355
14/11/2020 17:34:01,14,11,0.224343151
14/11/2020 17:34:02,14,11,0.224238947
14/11/2020 17:34:03,14,11,0.224134743
14/11/2020 17:34:04,14,11,0.224030539
14/11/2020 17:34:05,14.03711891,11,0.223926336
14/11/2020 17:34:06,14.23776054,11,0.223822132
14/11/2020 17:34:07,14.43840313,11,0.223717928
14/11/2020 17:34:08,14.63904476,11,0.223613709
14/11/2020 17:34:09,14.83968735,11,0.223509505
14/11/2020 17:34:10,14.97996426,11,0.223405302
14/11/2020 17:34:11,14.88028336,11,0.223301098
14/11/2020 17:34:12,14.78060246,11,0.223196894
14/11/2020 17:34:13,14.6809206,11,0.22309269
14/11/2020 17:34:14,14.5812397,11,0.222988486
14/11/2020 17:34:15,14.4815588,11,0.222884282
14/11/2020 17:34:16,14.3818779,11,0.222780079
14/11/2020 17:34:17,14.282197,11,0.222675875
14/11/2020 17:34:18,14.1825161,11,0.222571656
14/11/2020 17:34:19,14.0828352,11,0.222467452
14/11/2020 17:34:20,14.03380013,11,0.222363248
14/11/2020 17:34:21,14.23379993,11,0.222259045
14/11/2020 17:34:22,14.43379974,11,0.222154841
14/11/2020 17:34:23,14.63379955,11,0.222050637
14/11/2020 17:34:24,14.83380032,11,0.221946433
14/11/2020 17:34:25,14.96619987,11,0.221842229
14/11/2020 17:34:26,14.76620007,11,0.221738026
14/11/2020 17:34:27,14.56620026,11,0.221633822
14/11/2020 17:34:28,14.36620045,11,0.221529618
14/11/2020 17:34:29,14.16619968,11,0.221425399
14/11/2020 17:34:30,14,11,0.221321195
14/11/2020 17:34:31,14,11,0.221216992
14/11/2020 17:34:32,14,11,0.221112788
14/11/2020 17:34:33,14,11,0.221008584
14/11/2020 17:34:34,14,11,0.22090438
14/11/2020 17:34:35,14,11,0.220800176
14/11/2020 17:34:36,14,11,0.220695972
14/11/2020 17:34:37,14,11,0.220591769
14/11/2020 17:34:38,14,11,0.220487565
14/11/2020 17:34:39,14,11,0.220383346
14/11/2020 17:34:40,14,11,0.220279142
14/11/2020 17:34:41,14,11,0.220174938
14/11/2020 17:34:42,14,11,0.220070735
14/11/2020 17:34:43,14,11,0.219966531
14/11/2020 17:34:44,14,11,0.219862327
14/11/2020 17:34:45,14,11,0.219758123
14/11/2020 17:34:46,14,11,0.219653919
14/11/2020 17:34:47,14,11,0.219549716
14/11/2020 17:34:48,14,11,0.219445512
14/11/2020 17:34:49,14,11,0.219341293
14/11/2020 17:34:50,14,11,0.219237089
14/11/2020 17:34:51,14,11,0.219132885
14/11/2020 17:34:52,14,11,0.219028682
14/11/2020 17:34:53,14,11,0.218924478
14/11/2020 17:34:54,14,11,0.218820274
14/11/2020 17:34:55,14,11.02439976,0.21871607
14/11/2020 17:34:56,14,11.22439957,0.218611866
14/11/2020 17:34:57,14,11.42440033,0.218507662
14/11/2020 17:34:58,14,11.62440014,0.218403459
14/11/2020 17:34:59,14,11.82439995,0.21829924
14/11/2020 17:35:00,14,11.98785686,0.218195036
14/11/2020 17:35:01,14,11.88832474,0.218090832
14/11/2020 17:35:02,14,11.78879261,0.217986628
14/11/2020 17:35:03,14,11.68926048,0.217882425
14/11/2020 17:35:04,14,11.58972836,0.217778221
14/11/2020 17:35:05,14,11.49019623,0.217674017
14/11/2020 17:35:06,14,11.3906641,0.217569813
14/11/2020 17:35:07,14,11.29113197,0.217465609
14/11/2020 17:35:08,14,11.19159985,0.217361405
14/11/2020 17:35:09,14,11.09206772,0.217257187
14/11/2020 17:35:10,14,11,0.217152983
14/11/2020 17:35:11,14,11,0.217048779
14/11/2020 17:35:12,14,11,0.216944575
14/11/2020 17:35:13,14,11,0.216840371
14/11/2020 17:35:14,14,11,0.216736168
14/11/2020 17:35:15,14,11,0.216631964
14/11/2020 17:35:16,14,11,0.21652776
14/11/2020 17:35:17,14,11,0.216423556
14/11/2020 17:35:18,14,11,0.216319352
14/11/2020 17:35:19,14,11,0.216215134
14/11/2020 17:35:20,14.01500034,11,0.21611093
14/11/2020 17:35:21,14.21500015,11,0.216006726
14/11/2020 17:35:22,14.41499996,11,0.215902522
14/11/2020 17:35:23,14.61499977,11,0.215798318
14/11/2020 17:35:24,14.81499958,11,0.215694115
14/11/2020 17:35:25,14.98504829,11,0.215589911
14/11/2020 17:35:26,14.78568554,11,0.215485707
14/11/2020 17:35:27,14.58632374,11,0.215381503
14/11/2020 17:35:28,14.38696194,11,0.215277299
14/11/2020 17:35:29,14.18760014,11,0.215173081
14/11/2020 17:35:30,14,11,0.215068877
14/11/2020 17:35:31,14,11,0.214964673
14/11/2020 17:35:32,14,11,0.214860469
14/11/2020 17:35:33,14,11,0.214756265
14/11/2020 17:35:34,14,11,0.214652061
14/11/2020 17:35:35,14,11,0.214547858
14/11/2020 17:35:36,14,11,0.214443654
14/11/2020 17:35:37,14,11,0.21433945
14/11/2020 17:35:38,14,11,0.214235246
14/11/2020 17:35:39,14,11,0.214131027
14/11/2020 17:35:40,14,11,0.214026824
14/11/2020 17:35:41,14,11,0.21392262
14/11/2020 17:35:42,14,11,0.213818416
14/11/2020 17:35:43,14,11,0.213714212
14/11/2020 17:35:44,14,11,0.213610008
14/11/2020 17:35:45,14.00239277,11,0.213505805
14/11/2020 17:35:46,14.20179462,11,0.213401601
14/11/2020 17:35:47,14.40119648,11,0.213297397
14/11/2020 17:35:48,14.60059834,11,0.213193193
14/11/2020 17:35:49,14.80000019,11,0.213088989
14/11/2020 17:35:50,14.99940205,11,0.212984771
14/11/2020 17:35:51,14.80060005,11,0.212880567
14/11/2020 17:35:52,14.60060024,11,0.212776363
14/11/2020 17:35:53,14.40060043,11,0.212672159
14/11/2020 17:35:54,14.20059967,11,0.212567955
14/11/2020 17:35:55,14.00059986,11,0.212463751
14/11/2020 17:35:56,14,11,0.212359548
14/11/2020 17:35:57,14,11,0.212255344
14/11/2020 17:35:58,14,11,0.21215114
14/11/2020 17:35:59,14,11,0.212046936
14/11/2020 17:36:00,14,11,0.211942717
14/11/2020 17:36:01,14,11,0.211838514
14/11/2020 17:36:02,14,11,0.21173431
14/11/2020 17:36:03,14,11,0.211630106
14/11/2020 17:36:04,14,11,0.211525902
14/11/2020 17:36:05,14,11,0.211421698
14/11/2020 17:36:06,14,11,0.211317495
14/11/2020 17:36:07,14,11,0.211213291
14/11/2020 17:36:08,14,11,0.211109087
14/11/2020 17:36:09,14,11,0.211004883
14/11/2020 17:36:10,14,11,0.210900664
14/11/2020 17:36:11,14,11,0.210796461
14/11/2020 17:36:12,14,11,0.210692257
14/11/2020 17:36:13,14,11,0.210588053
14/11/2020 17:36:14,14,11,0.210483849
14/11/2020 17:36:15,14,11,0.210379645
14/11/2020 17:36:16,14,11,0.210275441
14/11/2020 17:36:17,14,11,0.210171238
14/11/2020 17:36:18,14,11,0.210067034
14/11/2020 17:36:19,14,11,0.20996283
14/11/2020 17:36:20,14,11,0.209858611
14/11/2020 17:36:21,14,11,0.209754407
14/11/2020 17:36:22,14,11,0.209650204
14/11/2020 17:36:23,14,11,0.209546
14/11/2020 17:36:24,14,11,0.209441796
14/11/2020 17:36:25,14,11,0.209337592
14/11/2020 17:36:26,14,11,0.209233388
14/11/2020 17:36:27,14,11,0.209129184
14/11/2020 17:36:28,14,11,0.209024981
14/11/2020 17:36:29,14,11,0.208920777
14/11/2020 17:36:30,14,11,0.208816558
14/11/2020 17:36:31,14,11,0.208712354
14/11/2020 17:36:32,14,11,0.20860815
14/11/2020 17:36:33,14,11,0.208503947
14/11/2020 17:36:34,14,11,0.208399743
14/11/2020 17:36:35,14,11,0.208295539
14/11/2020 17:36:36,14.18564892,11,0.208191335
14/11/2020 17:36:37,14.38441658,11,0.208087131
14/11/2020 17:36:38,14.58318424,11,0.207982928
14/11/2020 17:36:39,14.7819519,11,0.207878724
14/11/2020 17:36:40,14.98071957,11,0.207774505
14/11/2020 17:36:41,14.91012287,11,0.207670301
14/11/2020 17:36:42,14.81058979,11,0.207566097
14/11/2020 17:36:43,14.71105766,11,0.207461894
14/11/2020 17:36:44,14.61152554,11,0.20735769
14/11/2020 17:36:45,14.51199341,11,0.207253486
14/11/2020 17:36:46,14.41246128,11,0.207149282
14/11/2020 17:36:47,14.31292915,11,0.207045078
14/11/2020 17:36:48,14.21339703,11,0.206940874
14/11/2020 17:36:49,14.1138649,11,0.206836671
14/11/2020 17:36:50,14.01433277,11,0.206732452
14/11/2020 17:36:51,14.16960526,11,0.206628248
14/11/2020 17:36:52,14.36774349,11,0.206524044
14/11/2020 17:36:53,14.56588078,11,0.20641984
14/11/2020 17:36:54,14.76401806,11,0.206315637
14/11/2020 17:36:55,14.96215534,11,0.206211433
14/11/2020 17:36:56,14.91985321,11,0.206107229
14/11/2020 17:36:57,14.82078457,11,0.206003025
14/11/2020 17:36:58,14.72171593,11,0.205898821
14/11/2020 17:36:59,14.62264729,11,0.205794618
14/11/2020 17:37:00,14.52357864,11,0.205690414
14/11/2020 17:37:01,14.42451,11,0.205586195
14/11/2020 17:37:02,14.32544041,11,0.205481991
14/11/2020 17:37:03,14.22637177,11,0.205377787
14/11/2020 17:37:04,14.12730312,11,0.205273584
14/11/2020 17:37:05,14.02823448,11,0.20516938
14/11/2020 17:37:06,14,11,0.205065176
14/11/2020 17:37:07,14,11,0.204960972
14/11/2020 17:37:08,14,11,0.204856768
14/11/2020 17:37:09,14,11,0.204752564
14/11/2020 17:37:10,14,11,0.204648361
14/11/2020 17:37:11,14.14872456,11,0.204544142
14/11/2020 17:37:12,14.34808636,11,0.204439938
14/11/2020 17:37:13,14.54744816,11,0.204335734
14/11/2020 17:37:14,14.74680996,11,0.20423153
14/11/2020 17:37:15,14.94617271,11,0.204127327
14/11/2020 17:37:16,14.85400009,11,0.204023123
14/11/2020 17:37:17,14.65400028,11,0.203918919
14/11/2020 17:37:18,14.45400047,11,0.203814715
14/11/2020 17:37:19,14.25399971,11,0.203710511
14/11/2020 17:37:20,14.0539999,11,0.203606308
14/11/2020 17:37:21,14,11,0.203502089
14/11/2020 17:37:22,14,11,0.203397885
14/11/2020 17:37:23,14,11,0.203293681
14/11/2020 17:37:24,14,11,0.203189477
14/11/2020 17:37:25,14,11,0.203085274
14/11/2020 17:37:26,14,11,0.20298107
14/11/2020 17:37:27,14,11,0.202876866
14/11/2020 17:37:28,14,11,0.202772662
14/11/2020 17:37:29,14,11,0.202668458
14/11/2020 17:37:30,14,11,0.202564254
14/11/2020 17:37:31,14,11,0.202460036
14/11/2020 17:37:32,14,11,0.202355832
14/11/2020 17:37:33,14,11,0.202251628
14/11/2020 17:37:34,14,11,0.202147424
14/11/2020 17:37:35,14,11,0.20204322
14/11/2020 17:37:36,14,11,0.201939017
14/11/2020 17:37:37,14,11,0.201834813
14/11/2020 17:37:38,14,11,0.201730609
14/11/2020 17:37:39,14,11,0.201626405
14/11/2020 17:37:40,14,11,0.201522201
14/11/2020 17:37:41,14,11,0.201417983
14/11/2020 17:37:42,14,11,0.201313779
14/11/2020 17:37:43,14,11,0.201209575
14/11/2020 17:37:44,14,11,0.201105371
14/11/2020 17:37:45,14,11,0.201001167
14/11/2020 17:37:46,14,11,0.200896963
14/11/2020 17:37:47,14,11,0.20079276
14/11/2020 17:37:48,14,11,0.200688556
14/11/2020 17:37:49,14,11,0.200584352
14/11/2020 17:37:50,14,11,0.200480148
14/11/2020 17:37:51,14,11,0.200375929
14/11/2020 17:37:52,14,11,0.200271726
14/11/2020 17:37:53,14,11,0.200167522
14/11/2020 17:37:54,14,11,0.200063318
14/11/2020 17:37:55,14,11,0.199959114
14/11/2020 17:37:56,14,11,0.19985491
14/11/2020 17:37:57,14,11,0.199750707
14/11/2020 17:37:58,14,11,0.199646503
14/11/2020 17:37:59,14,11,0.199542299
14/11/2020 17:38:00,14,11,0.199438095
14/11/2020 17:38:01,14,11,0.199333876
14/11/2020 17:38:02,14,11,0.199229673
14/11/2020 17:38:03,14,11,0.199125469
14/11/2020 17:38:04,14,11,0.199021265
14/11/2020 17:38:05,14,11,0.198917061
14/11/2020 17:38:06,14,11,0.198812857
14/11/2020 17:38:07,14,11,0.198708653
14/11/2020 17:38:08,14,11,0.19860445
14/11/2020 17:38:09,14,11,0.198500246
14/11/2020 17:38:10,14,11,0.198396042
14/11/2020 17:38:11,14,11,0.198291823
14/11/2020 17:38:12,14,11,0.198187619
14/11/2020 17:38:13,14,11,0.198083416
14/11/2020 17:38:14,14,11,0.197979212
14/11/2020 17:38:15,14,11,0.197875008
14/11/2020 17:38:16,14.1080761,11,0.197770804
14/11/2020 17:38:17,14.30747795,11,0.1976666
14/11/2020 17:38:18,14.50687981,11,0.197562397
14/11/2020 17:38:19,14.70628071,11,0.197458193
14/11/2020 17:38:20,14.90568256,11,0.197353989
14/11/2020 17:38:21,14.89459991,11,0.197249785
14/11/2020 17:38:22,14.69460011,11,0.197145566
14/11/2020 17:38:23,14.4946003,11,0.197041363
14/11/2020 17:38:24,14.29459953,11,0.196937159
14/11/2020 17:38:25,14.09459972,11,0.196832955
14/11/2020 17:38:26,14,11,0.196728751
14/11/2020 17:38:27,14,11,0.196624547
14/11/2020 17:38:28,14,11,0.196520343
14/11/2020 17:38:29,14,11,0.19641614
14/11/2020 17:38:30,14,11,0.196311936
14/11/2020 17:38:31,14,11,0.196207732
14/11/2020 17:38:32,14,11,0.196103513
14/11/2020 17:38:33,14,11,0.195999309
14/11/2020 17:38:34,14,11,0.195895106
14/11/2020 17:38:35,14,11,0.195790902
14/11/2020 17:38:36,14,11,0.195686698
14/11/2020 17:38:37,14,11,0.195582494
14/11/2020 17:38:38,14,11,0.19547829
14/11/2020 17:38:39,14,11,0.195374086
14/11/2020 17:38:40,14,11,0.195269883
14/11/2020 17:38:41,14,11,0.195165679
14/11/2020 17:38:42,14,11,0.19506146
14/11/2020 17:38:43,14,11,0.194957256
14/11/2020 17:38:44,14,11,0.194853052
14/11/2020 17:38:45,14,11,0.194748849
14/11/2020 17:38:46,14,11,0.194644645
14/11/2020 17:38:47,14,11,0.194540441
14/11/2020 17:38:48,14,11,0.194436237
14/11/2020 17:38:49,14,11,0.194332033
14/11/2020 17:38:50,14,11,0.19422783
14/11/2020 17:38:51,14,11,0.194123626
14/11/2020 17:38:52,14,11,0.194019407
14/11/2020 17:38:53,14,11,0.193915203
14/11/2020 17:38:54,14,11,0.193810999
14/11/2020 17:38:55,14,11,0.193706796
14/11/2020 17:38:56,14,11,0.193602592
14/11/2020 17:38:57,14,11,0.193498388
14/11/2020 17:38:58,14,11,0.193394184
14/11/2020 17:38:59,14,11,0.19328998
14/11/2020 17:39:00,14,11,0.193185776
14/11/2020 17:39:01,14,11,0.193081573
14/11/2020 17:39:02,14,11,0.192977354
14/11/2020 17:39:03,14,11,0.19287315
14/11/2020 17:39:04,14,11,0.192768946
14/11/2020 17:39:05,14,11,0.192664742
14/11/2020 17:39:06,14.07695389,11,0.192560539
14/11/2020 17:39:07,14.27631569,11,0.192456335
14/11/2020 17:39:08,14.47567749,11,0.192352131
14/11/2020 17:39:09,14.67504025,11,0.192247927
14/11/2020 17:39:10,14.87440205,11,0.192143723
14/11/2020 17:39:11,14.92599964,11,0.19203952
14/11/2020 17:39:12,14.72599983,11,0.191935301
14/11/2020 17:39:13,14.52600002,11,0.191831097
14/11/2020 17:39:14,14.32600021,11,0.191726893
14/11/2020 17:39:15,14.1260004,11,0.191622689
14/11/2020 17:39:16,14.0735445,11,0.191518486
14/11/2020 17:39:17,14.27231121,11,0.191414282
14/11/2020 17:39:18,14.47107887,11,0.191310078
14/11/2020 17:39:19,14.66984653,11,0.191205874
14/11/2020 17:39:20,14.8686142,11,0.19110167
14/11/2020 17:39:21,14.93220043,11,0.190997466
14/11/2020 17:39:22,14.73219967,11,0.190893248
14/11/2020 17:39:23,14.53219986,11,0.190789044
14/11/2020 17:39:24,14.33220005,11,0.19068484
14/11/2020 17:39:25,14.13220024,11,0.190580636
14/11/2020 17:39:26,14,11,0.190476432
14/11/2020 17:39:27,14,11,0.190372229
14/11/2020 17:39:28,14,11,0.190268025
14/11/2020 17:39:29,14,11,0.190163821
14/11/2020 17:39:30,14,11,0.190059617
14/11/2020 17:39:31,14.06459999,11,0.189955413
14/11/2020 17:39:32,14.2645998,11,0.18985121
14/11/2020 17:39:33,14.46459961,11,0.189746991
14/11/2020 17:39:34,14.66460037,11,0.189642787
14/11/2020 17:39:35,14.86460018,11,0.189538583
14/11/2020 17:39:36,14.96785069,11,0.189434379
14/11/2020 17:39:37,14.86831856,11,0.189330176
14/11/2020 17:39:38,14.76878643,11,0.189225972
14/11/2020 17:39:39,14.6692543,11,0.189121768
14/11/2020 17:39:40,14.56972218,11,0.189017564
14/11/2020 17:39:41,14.47019005,11,0.18891336
14/11/2020 17:39:42,14.37065792,11,0.188809156
14/11/2020 17:39:43,14.27112579,11,0.188704938
14/11/2020 17:39:44,14.17159367,11,0.188600734
14/11/2020 17:39:45,14.07206154,11,0.18849653
14/11/2020 17:39:46,14,11,0.188392326
14/11/2020 17:39:47,14,11,0.188288122
14/11/2020 17:39:48,14,11,0.188183919
14/11/2020 17:39:49,14,11,0.188079715
14/11/2020 17:39:50,14,11,0.187975511
14/11/2020 17:39:51,14,11,0.187871307
14/11/2020 17:39:52,14,11,0.187767103
14/11/2020 17:39:53,14,11,0.187662885
14/11/2020 17:39:54,14,11,0.187558681
14/11/2020 17:39:55,14,11,0.187454477
14/11/2020 17:39:56,14.04884338,11,0.187350273
14/11/2020 17:39:57,14.24820614,11,0.187246069
14/11/2020 17:39:58,14.44756794,11,0.187141865
14/11/2020 17:39:59,14.64692974,11,0.187037662
14/11/2020 17:40:00,14.84629154,11,0.186933458
14/11/2020 17:40:01,14.97713661,11,0.186829254
14/11/2020 17:40:02,14.87729645,11,0.18672505
14/11/2020 17:40:03,14.77745628,11,0.186620831
14/11/2020 17:40:04,14.67761612,11,0.186516628
14/11/2020 17:40:05,14.57777596,11,0.186412424
14/11/2020 17:40:06,14.47793484,11,0.18630822
14/11/2020 17:40:07,14.37809467,11,0.186204016
14/11/2020 17:40:08,14.27825451,11,0.186099812
14/11/2020 17:40:09,14.17841434,11,0.185995609
14/11/2020 17:40:10,14.07857418,11,0.185891405
14/11/2020 17:40:11,14,11,0.185787201
14/11/2020 17:40:12,14,11,0.185682997
14/11/2020 17:40:13,14,11,0.185578778
14/11/2020 17:40:14,14,11,0.185474575
14/11/2020 17:40:15,14,11,0.185370371
14/11/2020 17:40:16,14,11,0.185266167
14/11/2020 17:40:17,14,11,0.185161963
14/11/2020 17:40:18,14,11,0.185057759
14/11/2020 17:40:19,14,11,0.184953555
14/11/2020 17:40:20,14,11,0.184849352
14/11/2020 17:40:21,14.04259968,11.04259968,0.184745148
14/11/2020 17:40:22,14.24260044,11.24260044,0.184640944
14/11/2020 17:40:23,14.44260025,11.44260025,0.184536725
14/11/2020 17:40:24,14.64260006,11.64260006,0.184432521
14/11/2020 17:40:25,14.84259987,11.84259987,0.184328318
14/11/2020 17:40:26,14.95766258,11.95766258,0.184224114
14/11/2020 17:40:27,14.75889492,11.75889492,0.18411991
14/11/2020 17:40:28,14.56012726,11.56012726,0.184015706
14/11/2020 17:40:29,14.3613596,11.3613596,0.183911502
14/11/2020 17:40:30,14.16259193,11.16259193,0.183807299
14/11/2020 17:40:31,14,11,0.183703095
14/11/2020 17:40:32,14,11,0.183598891
14/11/2020 17:40:33,14,11,0.183494672
14/11/2020 17:40:34,14,11,0.183390468
14/11/2020 17:40:35,14,11,0.183286265
14/11/2020 17:40:36,14,11,0.183182061
14/11/2020 17:40:37,14,11,0.183077857
14/11/2020 17:40:38,14,11,0.182973653
14/11/2020 17:40:39,14,11,0.182869449
14/11/2020 17:40:40,14,11,0.182765245
14/11/2020 17:40:41,14,11,0.182661042
14/11/2020 17:40:42,14,11,0.182556838
14/11/2020 17:40:43,14,11,0.182452619
14/11/2020 17:40:44,14,11,0.182348415
14/11/2020 17:40:45,14,11,0.182244211
14/11/2020 17:40:46,14.00199318,11,0.182140008
14/11/2020 17:40:47,14.20135593,11,0.182035804
14/11/2020 17:40:48,14.40071774,11,0.1819316
14/11/2020 17:40:49,14.60007954,11,0.181827396
14/11/2020 17:40:50,14.79944134,11,0.181723192
14/11/2020 17:40:51,14.99880409,11,0.181618989
14/11/2020 17:40:52,14.80179501,11,0.181514785
14/11/2020 17:40:53,14.60239315,11,0.181410581
14/11/2020 17:40:54,14.40299129,11,0.181306362
14/11/2020 17:40:55,14.20358944,11,0.181202158
14/11/2020 17:40:56,14.00418758,11,0.181097955
14/11/2020 17:40:57,14.1939764,11,0.180993751
14/11/2020 17:40:58,14.39211369,11,0.180889547
14/11/2020 17:40:59,14.59025192,11,0.180785343
14/11/2020 17:41:00,14.78838921,11,0.180681139
14/11/2020 17:41:01,14.98652649,11,0.180576935
14/11/2020 17:41:02,14.81359959,11,0.180472732
14/11/2020 17:41:03,14.61359978,11,0.180368528
14/11/2020 17:41:04,14.41359997,11,0.180264309
14/11/2020 17:41:05,14.21360016,11,0.180160105
14/11/2020 17:41:06,14.01360035,11,0.180055901
14/11/2020 17:41:07,14,11,0.179951698
14/11/2020 17:41:08,14,11,0.179847494
14/11/2020 17:41:09,14,11,0.17974329
14/11/2020 17:41:10,14,11,0.179639086
14/11/2020 17:41:11,14,11,0.179534882
14/11/2020 17:41:12,14.17700005,11.17700005,0.179430678
14/11/2020 17:41:13,14.37699986,11.37699986,0.179326475
14/11/2020 17:41:14,14.57699966,11.57699966,0.179222256
14/11/2020 17:41:15,14.77700043,11.77700043,0.179118052
14/11/2020 17:41:16,14.97700024,11.97700024,0.179013848
14/11/2020 17:41:17,14.82299995,11.82299995,0.178909644
14/11/2020 17:41:18,14.62300014,11.62300014,0.178805441
14/11/2020 17:41:19,14.42300034,11.42300034,0.178701237
14/11/2020 17:41:20,14.22299957,11.22299957,0.178597033
14/11/2020 17:41:21,14.02299976,11.02299976,0.178492829
14/11/2020 17:41:22,14,11,0.178388625
14/11/2020 17:41:23,14,11,0.178284422
14/11/2020 17:41:24,14,11,0.178180203
14/11/2020 17:41:25,14,11,0.178075999
14/11/2020 17:41:26,14,11,0.177971795
14/11/2020 17:41:27,14,11,0.177867591
14/11/2020 17:41:28,14,11,0.177763388
14/11/2020 17:41:29,14,11,0.177659184
14/11/2020 17:41:30,14,11,0.17755498
14/11/2020 17:41:31,14,11,0.177450776
14/11/2020 17:41:32,14,11,0.177346572
14/11/2020 17:41:33,14,11,0.177242368
14/11/2020 17:41:34,14,11,0.17713815
14/11/2020 17:41:35,14,11,0.177033946
14/11/2020 17:41:36,14,11,0.176929742
14/11/2020 17:41:37,14.17380047,11,0.176825538
14/11/2020 17:41:38,14.37380028,11,0.176721334
14/11/2020 17:41:39,14.57380009,11,0.176617131
14/11/2020 17:41:40,14.7737999,11,0.176512927
14/11/2020 17:41:41,14.97379971,11,0.176408723
14/11/2020 17:41:42,14.91336823,11,0.176304519
14/11/2020 17:41:43,14.81367779,11,0.176200315
14/11/2020 17:41:44,14.7139864,11,0.176096097
14/11/2020 17:41:45,14.61429596,11,0.175991893
14/11/2020 17:41:46,14.51460457,11,0.175887689
14/11/2020 17:41:47,14.41491413,11,0.175783485
14/11/2020 17:41:48,14.31522274,11,0.175679281
14/11/2020 17:41:49,14.2155323,11,0.175575078
14/11/2020 17:41:50,14.11584091,11,0.175470874
14/11/2020 17:41:51,14.01614952,11,0.17536667
14/11/2020 17:41:52,14,11,0.175262466
14/11/2020 17:41:53,14,11,0.175158262
14/11/2020 17:41:54,14,11,0.175054044
14/11/2020 17:41:55,14,11,0.17494984
14/11/2020 17:41:56,14,11,0.174845636
14/11/2020 17:41:57,14,11,0.174741432
14/11/2020 17:41:58,14,11,0.174637228
14/11/2020 17:41:59,14,11,0.174533024
14/11/2020 17:42:00,14,11,0.174428821
14/11/2020 17:42:01,14,11,0.174324617
14/11/2020 17:42:02,14.16793728,11,0.174220413
14/11/2020 17:42:03,14.36857986,11,0.174116209
14/11/2020 17:42:04,14.5692215,11,0.174012005
14/11/2020 17:42:05,14.76986313,11,0.173907787
14/11/2020 17:42:06,14.97050571,11,0.173803583
14/11/2020 17:42:07,14.91523361,11,0.173699379
14/11/2020 17:42:08,14.81585979,11,0.173595175
14/11/2020 17:42:09,14.71648598,11,0.173490971
14/11/2020 17:42:10,14.61711216,11,0.173386768
14/11/2020 17:42:11,14.51773834,11,0.173282564
14/11/2020 17:42:12,14.41836452,11,0.17317836
14/11/2020 17:42:13,14.31899071,11,0.173074156
14/11/2020 17:42:14,14.21961689,11,0.172969952
14/11/2020 17:42:15,14.12024212,11,0.172865734
14/11/2020 17:42:16,14.0208683,11,0.17276153
14/11/2020 17:42:17,14,11,0.172657326
14/11/2020 17:42:18,14,11,0.172553122
14/11/2020 17:42:19,14,11,0.172448918
14/11/2020 17:42:20,14,11,0.172344714
14/11/2020 17:42:21,14,11,0.172240511
14/11/2020 17:42:22,14,11,0.172136307
14/11/2020 17:42:23,14,11,0.172032103
14/11/2020 17:42:24,14,11,0.171927899
14/11/2020 17:42:25,14,11,0.17182368
14/11/2020 17:42:26,14,11,0.171719477
14/11/2020 17:42:27,14,11,0.171615273
14/11/2020 17:42:28,14,11,0.171511069
14/11/2020 17:42:29,14,11,0.171406865
14/11/2020 17:42:30,14,11,0.171302661
14/11/2020 17:42:31,14,11,0.171198457
14/11/2020 17:42:32,14,11,0.171094254
14/11/2020 17:42:33,14,11,0.17099005
14/11/2020 17:42:34,14,11,0.170885846
14/11/2020 17:42:35,14,11,0.170781627
14/11/2020 17:42:36,14,11,0.170677423
14/11/2020 17:42:37,14,11,0.17057322
14/11/2020 17:42:38,14,11,0.170469016
14/11/2020 17:42:39,14,11,0.170364812
14/11/2020 17:42:40,14,11,0.170260608
14/11/2020 17:42:41,14,11,0.170156404
14/11/2020 17:42:42,14,11,0.170052201
14/11/2020 17:42:43,14,11,0.169947997
14/11/2020 17:42:44,14,11,0.169843793
14/11/2020 17:42:45,14,11,0.169739574
14/11/2020 17:42:46,14,11,0.16963537
14/11/2020 17:42:47,14,11,0.169531167
14/11/2020 17:42:48,14,11,0.169426963
14/11/2020 17:42:49,14,11,0.169322759
14/11/2020 17:42:50,14,11,0.169218555
14/11/2020 17:42:51,14,11,0.169114351
14/11/2020 17:42:52,14,11,0.169010147
14/11/2020 17:42:53,14,11,0.168905944
14/11/2020 17:42:54,14,11,0.16880174
14/11/2020 17:42:55,14,11,0.168697521
14/11/2020 17:42:56,14,11,0.168593317
14/11/2020 17:42:57,14,11,0.168489113
14/11/2020 17:42:58,14,11,0.16838491
14/11/2020 17:42:59,14,11,0.168280706
14/11/2020 17:43:00,14,11,0.168176502
14/11/2020 17:43:01,14,11,0.168072298
14/11/2020 17:43:02,14,11,0.167968094
14/11/2020 17:43:03,14,11,0.167863891
14/11/2020 17:43:04,14,11,0.167759687
14/11/2020 17:43:05,14,11,0.167655468
14/11/2020 17:43:06,14,11,0.167551264
14/11/2020 17:43:07,14,11,0.16744706
14/11/2020 17:43:08,14,11,0.167342857
14/11/2020 17:43:09,14,11,0.167238653
14/11/2020 17:43:10,14,11,0.167134449
14/11/2020 17:43:11,14,11,0.167030245
14/11/2020 17:43:12,14,11,0.166926041
14/11/2020 17:43:13,14,11,0.166821837
14/11/2020 17:43:14,14,11,0.166717634
14/11/2020 17:43:15,14,11,0.166613415
14/11/2020 17:43:16,14,11,0.166509211
14/11/2020 17:43:17,14.10115242,11.10115242,0.166405007
14/11/2020 17:43:18,14.29988098,11.29988098,0.166300803
14/11/2020 17:43:19,14.49860859,11.49860859,0.1661966
14/11/2020 17:43:20,14.69733715,11.69733715,0.166092396
14/11/2020 17:43:21,14.89606476,11.89606476,0.165988192
14/11/2020 17:43:22,14.90460014,11.90460014,0.165883988
14/11/2020 17:43:23,14.70460033,11.70460033,0.165779784
14/11/2020 17:43:24,14.50459957,11.50459957,0.165675581
14/11/2020 17:43:25,14.30459976,11.30459976,0.165571377
14/11/2020 17:43:26,14.10459995,11.10459995,0.165467158
14/11/2020 17:43:27,14,11,0.165362954
14/11/2020 17:43:28,14,11,0.16525875
14/11/2020 17:43:29,14,11,0.165154546
14/11/2020 17:43:30,14,11,0.165050343
14/11/2020 17:43:31,14,11,0.164946139
14/11/2020 17:43:32,14,11,0.164841935
14/11/2020 17:43:33,14,11,0.164737731
14/11/2020 17:43:34,14,11,0.164633527
14/11/2020 17:43:35,14,11,0.164529324
14/11/2020 17:43:36,14,11,0.164425105
14/11/2020 17:43:37,14,11,0.164320901
14/11/2020 17:43:38,14,11,0.164216697
14/11/2020 17:43:39,14,11,0.164112493
14/11/2020 17:43:40,14,11,0.16400829
14/11/2020 17:43:41,14,11,0.163904086
14/11/2020 17:43:42,14.07637119,11,0.163799882
14/11/2020 17:43:43,14.27577305,11,0.163695678
14/11/2020 17:43:44,14.4751749,11,0.163591474
14/11/2020 17:43:45,14.67457581,11,0.16348727
14/11/2020 17:43:46,14.87397766,11,0.163383052
14/11/2020 17:43:47,14.9634304,11,0.163278848
14/11/2020 17:43:48,14.86405659,11,0.163174644
14/11/2020 17:43:49,14.76468277,11,0.16307044
14/11/2020 17:43:50,14.66530895,11,0.162966236
14/11/2020 17:43:51,14.56593418,11,0.162862033
14/11/2020 17:43:52,14.46656036,11.06678581,0.162757829
14/11/2020 17:43:53,14.36718655,11.26555347,0.162653625
14/11/2020 17:43:54,14.26781273,11.46432114,0.162549421
14/11/2020 17:43:55,14.16843891,11.6630888,0.162445217
14/11/2020 17:43:56,14.06906509,11.86185646,0.162340999
14/11/2020 17:43:57,14,11.93900013,0.162236795
14/11/2020 17:43:58,14,11.73900032,0.162132591
14/11/2020 17:43:59,14,11.53899956,0.162028387
14/11/2020 17:44:00,14,11.33899975,0.161924183
14/11/2020 17:44:01,14,11.13899994,0.16181998
14/11/2020 17:44:02,14,11,0.161715776
14/11/2020 17:44:03,14,11,0.161611572
14/11/2020 17:44:04,14,11,0.161507368
14/11/2020 17:44:05,14,11,0.161403164
14/11/2020 17:44:06,14,11,0.161298946
14/11/2020 17:44:07,14,11,0.161194742
14/11/2020 17:44:08,14,11,0.161090538
14/11/2020 17:44:09,14,11,0.160986334
14/11/2020 17:44:10,14,11,0.16088213
14/11/2020 17:44:11,14,11,0.160777926
14/11/2020 17:44:12,14,11,0.160673723
14/11/2020 17:44:13,14,11,0.160569519
14/11/2020 17:44:14,14,11,0.160465315
14/11/2020 17:44:15,14,11,0.160361111
14/11/2020 17:44:16,14,11,0.160256892
14/11/2020 17:44:17,14.03250122,11.03250122,0.160152689
14/11/2020 17:44:18,14.2306776,11.2306776,0.160048485
14/11/2020 17:44:19,14.42885494,11.42885494,0.159944281
14/11/2020 17:44:20,14.62703133,11.62703133,0.159840077
14/11/2020 17:44:21,14.82520771,11.82520771,0.159735873
14/11/2020 17:44:22,14.97647572,11.97647572,0.15963167
14/11/2020 17:44:23,14.77711296,11.77711296,0.159527466
14/11/2020 17:44:24,14.57775116,11.57775116,0.159423262
14/11/2020 17:44:25,14.37838936,11.37838936,0.159319058
14/11/2020 17:44:26,14.17902756,11.17902756,0.159214839
14/11/2020 17:44:27,14,11,0.159110636
14/11/2020 17:44:28,14,11,0.159006432
14/11/2020 17:44:29,14,11,0.158902228
14/11/2020 17:44:30,14,11,0.158798024
14/11/2020 17:44:31,14,11,0.15869382
14/11/2020 17:44:32,14,11,0.158589616
14/11/2020 17:44:33,14,11,0.158485413
14/11/2020 17:44:34,14,11,0.158381209
14/11/2020 17:44:35,14,11,0.158277005
14/11/2020 17:44:36,14,11,0.158172801
14/11/2020 17:44:37,14,11,0.158068582
14/11/2020 17:44:38,14,11,0.157964379
14/11/2020 17:44:39,14,11,0.157860175
14/11/2020 17:44:40,14,11,0.157755971
14/11/2020 17:44:41,14,11,0.157651767
14/11/2020 17:44:42,14,11,0.157547563
14/11/2020 17:44:43,14.19101524,11,0.157443359
14/11/2020 17:44:44,14.38978291,11,0.157339156
14/11/2020 17:44:45,14.58855057,11,0.157234952
14/11/2020 17:44:46,14.78731823,11,0.157130748
14/11/2020 17:44:47,14.98608589,11,0.157026529
14/11/2020 17:44:48,14.90714836,11,0.156922325
14/11/2020 17:44:49,14.8073082,11,0.156818122
14/11/2020 17:44:50,14.70746803,11,0.156713918
14/11/2020 17:44:51,14.60762787,11,0.156609714
14/11/2020 17:44:52,14.5077877,11,0.15650551
14/11/2020 17:44:53,14.40794754,11,0.156401306
14/11/2020 17:44:54,14.30810738,11,0.156297103
14/11/2020 17:44:55,14.20826721,11,0.156192899
14/11/2020 17:44:56,14.10842609,11,0.156088695
14/11/2020 17:44:57,14.00858593,11,0.155984476
14/11/2020 17:44:58,14,11,0.155880272
14/11/2020 17:44:59,14,11,0.155776069
14/11/2020 17:45:00,14,11,0.155671865
14/11/2020 17:45:01,14,11,0.155567661
14/11/2020 17:45:02,14,11,0.155463457
14/11/2020 17:45:03,14,11,0.155359253
14/11/2020 17:45:04,14,11,0.155255049
14/11/2020 17:45:05,14,11,0.155150846
14/11/2020 17:45:06,14,11,0.155046642
14/11/2020 17:45:07,14,11,0.154942423
14/11/2020 17:45:08,14.17020035,11,0.154838219
14/11/2020 17:45:09,14.37020016,11,0.154734015
14/11/2020 17:45:10,14.57019997,11,0.154629812
14/11/2020 17:45:11,14.77019978,11,0.154525608
14/11/2020 17:45:12,14.97019958,11,0.154421404
14/11/2020 17:45:13,14.82979965,11,0.1543172
14/11/2020 17:45:14,14.62979984,11,0.154212996
14/11/2020 17:45:15,14.42980003,11,0.154108793
14/11/2020 17:45:16,14.22980022,11,0.154004589
14/11/2020 17:45:17,14.02980042,11,0.15390037
14/11/2020 17:45:18,14,11,0.153796166
14/11/2020 17:45:19,14,11,0.153691962
14/11/2020 17:45:20,14,11,0.153587759
14/11/2020 17:45:21,14,11,0.153483555
14/11/2020 17:45:22,14,11,0.153379351
14/11/2020 17:45:23,14,11,0.153275147
14/11/2020 17:45:24,14,11,0.153170943
14/11/2020 17:45:25,14,11,0.153066739
14/11/2020 17:45:26,14,11,0.152962536
14/11/2020 17:45:27,14,11,0.152858317
14/11/2020 17:45:28,14,11,0.152754113
14/11/2020 17:45:29,14,11,0.152649909
14/11/2020 17:45:30,14,11,0.152545705
14/11/2020 17:45:31,14,11,0.152441502
14/11/2020 17:45:32,14,11,0.152337298
14/11/2020 17:45:33,14,11.15679646,0.152233094
14/11/2020 17:45:34,14,11.35552502,0.15212889
14/11/2020 17:45:35,14,11.55425262,0.152024686
14/11/2020 17:45:36,14,11.75298119,0.151920483
14/11/2020 17:45:37,14,11.95170879,0.151816264
14/11/2020 17:45:38,14,11.92405701,0.15171206
14/11/2020 17:45:39,14,11.82373619,0.151607856
14/11/2020 17:45:40,14,11.72341537,0.151503652
14/11/2020 17:45:41,14,11.62309361,0.151399449
14/11/2020 17:45:42,14,11.52277279,0.151295245
14/11/2020 17:45:43,14,11.42245197,0.151191041
14/11/2020 17:45:44,14,11.32213116,0.151086837
14/11/2020 17:45:45,14,11.22180939,0.150982633
14/11/2020 17:45:46,14,11.12148857,0.150878429
14/11/2020 17:45:47,14,11.02116776,0.150774226
14/11/2020 17:45:48,14,11,0.150670007
14/11/2020 17:45:49,14,11,0.150565803
14/11/2020 17:45:50,14,11,0.150461599
14/11/2020 17:45:51,14,11,0.150357395
14/11/2020 17:45:52,14,11,0.150253192
14/11/2020 17:45:53,14,11,0.150148988
14/11/2020 17:45:54,14,11,0.150044784
14/11/2020 17:45:55,14,11,0.14994058
14/11/2020 17:45:56,14,11,0.149836376
14/11/2020 17:45:57,14,11,0.149732172
14/11/2020 17:45:58,14,11,0.149627954
14/11/2020 17:45:59,14,11,0.14952375
14/11/2020 17:46:00,14,11,0.149419546
14/11/2020 17:46:01,14,11,0.149315342
14/11/2020 17:46:02,14,11,0.149211138
14/11/2020 17:46:03,14,11,0.149106935
14/11/2020 17:46:04,14,11,0.149002731
14/11/2020 17:46:05,14,11,0.148898527
14/11/2020 17:46:06,14,11,0.148794323
14/11/2020 17:46:07,14,11,0.148690119
14/11/2020 17:46:08,14,11,0.148585901
14/11/2020 17:46:09,14,11,0.148481697
14/11/2020 17:46:10,14,11,0.148377493
14/11/2020 17:46:11,14,11,0.148273289
14/11/2020 17:46:12,14,11,0.148169085
14/11/2020 17:46:13,14,11,0.148064882
14/11/2020 17:46:14,14,11,0.147960678
14/11/2020 17:46:15,14,11,0.147856474
14/11/2020 17:46:16,14,11,0.14775227
14/11/2020 17:46:17,14,11,0.147648066
14/11/2020 17:46:18,14,11,0.147543848
14/11/2020 17:46:19,14,11,0.147439644
14/11/2020 17:46:20,14,11,0.14733544
14/11/2020 17:46:21,14,11,0.147231236
14/11/2020 17:46:22,14,11,0.147127032
14/11/2020 17:46:23,14,11,0.147022828
14/11/2020 17:46:24,14,11,0.146918625
14/11/2020 17:46:25,14,11,0.146814421
14/11/2020 17:46:26,14,11,0.146710217
14/11/2020 17:46:27,14,11,0.146606013
14/11/2020 17:46:28,14,11,0.146501794
14/11/2020 17:46:29,14,11,0.146397591
14/11/2020 17:46:30,14,11,0.146293387
14/11/2020 17:46:31,14,11,0.146189183
14/11/2020 17:46:32,14,11,0.146084979
14/11/2020 17:46:33,14,11,0.145980775
14/11/2020 17:46:34,14,11,0.145876572
14/11/2020 17:46:35,14,11,0.145772368
14/11/2020 17:46:36,14,11,0.145668164
14/11/2020 17:46:37,14,11,0.14556396
14/11/2020 17:46:38,14,11,0.145459741
14/11/2020 17:46:39,14,11,0.145355538
14/11/2020 17:46:40,14,11,0.145251334
14/11/2020 17:46:41,14,11,0.14514713
14/11/2020 17:46:42,14,11,0.145042926
14/11/2020 17:46:43,14,11,0.144938722
14/11/2020 17:46:44,14,11,0.144834518
14/11/2020 17:46:45,14,11,0.144730315
14/11/2020 17:46:46,14,11,0.144626111
14/11/2020 17:46:47,14,11,0.144521907
14/11/2020 17:46:48,14,11,0.144417688
14/11/2020 17:46:49,14,11,0.144313484
14/11/2020 17:46:50,14,11,0.144209281
14/11/2020 17:46:51,14,11,0.144105077
14/11/2020 17:46:52,14,11,0.144000873
14/11/2020 17:46:53,14,11,0.143896669
14/11/2020 17:46:54,14,11,0.143792465
14/11/2020 17:46:55,14,11,0.143688262
14/11/2020 17:46:56,14,11,0.143584058
14/11/2020 17:46:57,14,11,0.143479854
14/11/2020 17:46:58,14,11,0.143375635
14/11/2020 17:46:59,14,11,0.143271431
14/11/2020 17:47:00,14,11,0.143167228
14/11/2020 17:47:01,14,11,0.143063024
14/11/2020 17:47:02,14,11,0.14295882
14/11/2020 17:47:03,14,11,0.142854616
14/11/2020 17:47:04,14,11,0.142750412
14/11/2020 17:47:05,14,11,0.142646208
14/11/2020 17:47:06,14,11,0.142542005
14/11/2020 17:47:07,14,11,0.142437801
14/11/2020 17:47:08,14,11,0.142333597
14/11/2020 17:47:09,14,11,0.142229378
14/11/2020 17:47:10,14,11,0.142125174
14/11/2020 17:47:11,14,11,0.142020971
14/11/2020 17:47:12,14,11,0.141916767
14/11/2020 17:47:13,14.10693741,11,0.141812563
14/11/2020 17:47:14,14.30570507,11,0.141708359
14/11/2020 17:47:15,14.50447273,11,0.141604155
14/11/2020 17:47:16,14.70323944,11,0.141499951
14/11/2020 17:47:17,14.9020071,11,0.141395748
14/11/2020 17:47:18,14.94969749,11,0.141291544
14/11/2020 17:47:19,14.85048103,11,0.141187325
14/11/2020 17:47:20,14.75126457,11,0.141083121
14/11/2020 17:47:21,14.65204906,11,0.140978917
14/11/2020 17:47:22,14.5528326,11,0.140874714
14/11/2020 17:47:23,14.45361614,11,0.14077051
14/11/2020 17:47:24,14.35440063,11,0.140666306
14/11/2020 17:47:25,14.25518417,11,0.140562102
14/11/2020 17:47:26,14.15596771,11,0.140457898
14/11/2020 17:47:27,14.05675125,11,0.140353695
14/11/2020 17:47:28,14,11,0.140249491
14/11/2020 17:47:29,14,11,0.140145272
14/11/2020 17:47:30,14,11,0.140041068
14/11/2020 17:47:31,14,11,0.139936864
14/11/2020 17:47:32,14,11,0.139832661
14/11/2020 17:47:33,14,11,0.139728457
14/11/2020 17:47:34,14,11,0.139624253
14/11/2020 17:47:35,14,11,0.139520049
14/11/2020 17:47:36,14,11,0.139415845
14/11/2020 17:47:37,14,11,0.139311641
14/11/2020 17:47:38,14.06979084,11,0.139207438
14/11/2020 17:47:39,14.2691927,11,0.139103219
14/11/2020 17:47:40,14.46859455,11,0.138999015
14/11/2020 17:47:41,14.66799641,11,0.138894811
14/11/2020 17:47:42,14.86739826,11,0.138790607
14/11/2020 17:47:43,14.96665668,11,0.138686404
14/11/2020 17:47:44,14.86712456,11,0.1385822
14/11/2020 17:47:45,14.76759243,11,0.138477996
14/11/2020 17:47:46,14.6680603,11,0.138373792
14/11/2020 17:47:47,14.56852818,11,0.138269588
14/11/2020 17:47:48,14.46899605,11,0.138165385
14/11/2020 17:47:49,14.36946392,11,0.138061166
14/11/2020 17:47:50,14.26993179,11,0.137956962
14/11/2020 17:47:51,14.17039871,11,0.137852758
14/11/2020 17:47:52,14.07086658,11,0.137748554
14/11/2020 17:47:53,14,11,0.137644351
14/11/2020 17:47:54,14,11,0.137540147
14/11/2020 17:47:55,14,11,0.137435943
14/11/2020 17:47:56,14,11,0.137331739
14/11/2020 17:47:57,14,11,0.137227535
14/11/2020 17:47:58,14,11,0.137123331
14/11/2020 17:47:59,14,11,0.137019113
14/11/2020 17:48:00,14,11,0.136914909
14/11/2020 17:48:01,14,11,0.136810705
14/11/2020 17:48:02,14,11,0.136706501
14/11/2020 17:48:03,14,11,0.136602297
14/11/2020 17:48:04,14,11,0.136498094
14/11/2020 17:48:05,14,11,0.13639389
14/11/2020 17:48:06,14,11,0.136289686
14/11/2020 17:48:07,14,11,0.136185482
14/11/2020 17:48:08,14,11,0.136081278
14/11/2020 17:48:09,14,11,0.13597706
14/11/2020 17:48:10,14,11,0.135872856
14/11/2020 17:48:11,14,11,0.135768652
14/11/2020 17:48:12,14,11,0.135664448
14/11/2020 17:48:13,14,11,0.135560244
14/11/2020 17:48:14,14,11,0.135456041
14/11/2020 17:48:15,14,11,0.135351837
14/11/2020 17:48:16,14,11,0.135247633
14/11/2020 17:48:17,14,11,0.135143429
14/11/2020 17:48:18,14.00438595,11,0.135039225
14/11/2020 17:48:19,14.20374775,11,0.134935021
14/11/2020 17:48:20,14.4031105,11,0.134830803
14/11/2020 17:48:21,14.60247231,11,0.134726599
14/11/2020 17:48:22,14.80183411,11,0.134622395
14/11/2020 17:48:23,14.99940491,11,0.134518191
14/11/2020 17:48:24,14.90017891,11,0.134413987
14/11/2020 17:48:25,14.80095291,11,0.134309784
14/11/2020 17:48:26,14.70172691,11,0.13420558
14/11/2020 17:48:27,14.60250092,11,0.134101376
14/11/2020 17:48:28,14.50327492,11,0.133997172
14/11/2020 17:48:29,14.40404797,11,0.133892968
14/11/2020 17:48:30,14.30482197,11,0.13378875
14/11/2020 17:48:31,14.20559597,11,0.133684546
14/11/2020 17:48:32,14.10636997,11,0.133580342
14/11/2020 17:48:33,14.00714397,11,0.133476138
14/11/2020 17:48:34,14,11,0.133371934
14/11/2020 17:48:35,14,11,0.13326773
14/11/2020 17:48:36,14,11,0.133163527
14/11/2020 17:48:37,14,11,0.133059323
14/11/2020 17:48:38,14,11,0.132955119
14/11/2020 17:48:39,14,11,0.132850915
14/11/2020 17:48:40,14,11,0.132746696
14/11/2020 17:48:41,14,11,0.132642493
14/11/2020 17:48:42,14,11,0.132538289
14/11/2020 17:48:43,14,11,0.132434085
14/11/2020 17:48:44,14,11,0.132329881
14/11/2020 17:48:45,14,11,0.132225677
14/11/2020 17:48:46,14,11,0.132121474
14/11/2020 17:48:47,14,11,0.13201727
14/11/2020 17:48:48,14,11,0.131913066
14/11/2020 17:48:49,14,11,0.131808862
14/11/2020 17:48:50,14,11,0.131704643
14/11/2020 17:48:51,14,11,0.13160044
14/11/2020 17:48:52,14,11,0.131496236
14/11/2020 17:48:53,14,11,0.131392032
14/11/2020 17:48:54,14,11,0.131287828
14/11/2020 17:48:55,14,11,0.131183624
14/11/2020 17:48:56,14,11,0.13107942
14/11/2020 17:48:57,14,11,0.130975217
14/11/2020 17:48:58,14,11,0.130871013
14/11/2020 17:48:59,14,11,0.130766809
14/11/2020 17:49:00,14,11,0.13066259
14/11/2020 17:49:01,14,11,0.130558386
14/11/2020 17:49:02,14,11,0.130454183
14/11/2020 17:49:03,14,11,0.130349979
14/11/2020 17:49:04,14,11,0.130245775
14/11/2020 17:49:05,14,11,0.130141571
14/11/2020 17:49:06,14,11,0.130037367
14/11/2020 17:49:07,14,11,0.129933164
14/11/2020 17:49:08,14,11,0.12982896
14/11/2020 17:49:09,14,11,0.129724756
14/11/2020 17:49:10,14,11,0.129620537
14/11/2020 17:49:11,14,11,0.129516333
14/11/2020 17:49:12,14,11,0.12941213
14/11/2020 17:49:13,14,11,0.129307926
14/11/2020 17:49:14,14,11,0.129203722
14/11/2020 17:49:15,14,11,0.129099518
14/11/2020 17:49:16,14,11,0.128995314
14/11/2020 17:49:17,14,11,0.12889111
14/11/2020 17:49:18,14,11,0.128786907
14/11/2020 17:49:19,14,11,0.128682703
14/11/2020 17:49:20,14,11,0.128578484
14/11/2020 17:49:21,14,11,0.12847428
14/11/2020 17:49:22,14,11,0.128370076
14/11/2020 17:49:23,14,11,0.128265873
14/11/2020 17:49:24,14,11,0.128161669
14/11/2020 17:49:25,14,11,0.128057465
14/11/2020 17:49:26,14,11,0.127953261
14/11/2020 17:49:27,14,11,0.127849057
14/11/2020 17:49:28,14,11,0.127744853
14/11/2020 17:49:29,14,11,0.12764065
14/11/2020 17:49:30,14,11,0.127536431
14/11/2020 17:49:31,14,11,0.127432227
14/11/2020 17:49:32,14,11,0.127328023
14/11/2020 17:49:33,14,11,0.127223819
14/11/2020 17:49:34,14.16626835,11,0.127119616
14/11/2020 17:49:35,14.36563015,11,0.127015412
14/11/2020 17:49:36,14.56499195,11,0.126911208
14/11/2020 17:49:37,14.76435375,11,0.126807004
14/11/2020 17:49:38,14.96371651,11,0.1267028
14/11/2020 17:49:39,14.83843613,11,0.126598597
14/11/2020 17:49:40,14.64092445,11,0.126494393
14/11/2020 17:49:41,14.44341278,11,0.126390174
14/11/2020 17:49:42,14.24590206,11,0.12628597
14/11/2020 17:49:43,14.04839039,11,0.126181766
14/11/2020 17:49:44,14.15148449,11,0.126077563
14/11/2020 17:49:45,14.35212708,11,0.125973359
14/11/2020 17:49:46,14.55276871,11,0.125869155
14/11/2020 17:49:47,14.75341129,11,0.125764951
14/11/2020 17:49:48,14.95405293,11,0.125660747
14/11/2020 17:49:49,14.8458004,11,0.125556543
14/11/2020 17:49:50,14.64579964,11,0.12545234
14/11/2020 17:49:51,14.44579983,11,0.125348121
14/11/2020 17:49:52,14.24580002,11,0.125243917
14/11/2020 17:49:53,14.04580021,11,0.125139713
14/11/2020 17:49:54,14,11,0.125035509
14/11/2020 17:49:55,14,11,0.124931306
14/11/2020 17:49:56,14,11,0.124827102
14/11/2020 17:49:57,14,11,0.124722898
14/11/2020 17:49:58,14,11,0.124618687
14/11/2020 17:49:59,14,11,0.124514483
14/11/2020 17:50:00,14,11,0.124410279
14/11/2020 17:50:01,14,11,0.124306075
14/11/2020 17:50:02,14,11,0.124201871
14/11/2020 17:50:03,14,11,0.12409766
14/11/2020 17:50:04,14,11,0.123993456
14/11/2020 17:50:05,14,11,0.123889253
14/11/2020 17:50:06,14,11,0.123785049
14/11/2020 17:50:07,14,11,0.123680845
14/11/2020 17:50:08,14,11,0.123576634
14/11/2020 17:50:09,12.02352905,9.447058678,0.12347243
14/11/2020 17:50:10,9.23190403,7.253639221,0.123368226
14/11/2020 17:50:11,6.440279007,5.060219288,0.123264022
14/11/2020 17:50:12,3.648653984,2.866799593,0.123159818
14/11/2020 17:50:13,0.857028902,0.673379838,0.123055615
14/11/2020 17:50:14,0,0,0.122951403
14/11/2020 17:50:15,0,0,0.122847199
14/11/2020 17:50:16,0,0,0.122742996
14/11/2020 17:50:17,0,0,0.122638792
14/11/2020 17:50:18,0,0,0.122534588
14/11/2020 17:50:19,0,0,0.122430377
14/11/2020 17:50:20,0,0,0.122326173
14/11/2020 17:50:21,0,0,0.122221969
14/11/2020 17:50:22,0,0,0.122117765
14/11/2020 17:50:23,0,0,0.122013561
14/11/2020 17:50:24,0,0,0.12190935
14/11/2020 17:50:25,0,0,0.121805146
14/11/2020 17:50:26,0,0,0.121700943
14/11/2020 17:50:27,0,0,0.121596739
14/11/2020 17:50:28,0,0,0.121492535
14/11/2020 17:50:29,0,0,0.121388324
14/11/2020 17:50:30,0,0,0.12128412
14/11/2020 17:50:31,0,0,0.121179916
14/11/2020 17:50:32,0,0,0.121075712
14/11/2020 17:50:33,0,0,0.120971508
14/11/2020 17:50:34,0,0,0.120867297
14/11/2020 17:50:35,0,0,0.120763093
14/11/2020 17:50:36,0,0,0.120658889
14/11/2020 17:50:37,0,0,0.120554686
14/11/2020 17:50:38,0,0,0.120450482
14/11/2020 17:50:39,0,0,0.120346271
14/11/2020 17:50:40,0,0,0.120242067
14/11/2020 17:50:41,0,0,0.120137863
14/11/2020 17:50:42,0,0,0.120033659
14/11/2020 17:50:43,0,0,0.119929455
14/11/2020 17:50:44,0,0,0.119825244
14/11/2020 17:50:45,0,0,0.11972104
14/11/2020 17:50:46,0,0,0.119616836
14/11/2020 17:50:47,0,0,0.119512632
14/11/2020 17:50:48,0,0,0.119408429
14/11/2020 17:50:49,0,0,0.119304217
14/11/2020 17:50:50,0,0,0.119200014
14/11/2020 17:50:51,0,0,0.11909581
14/11/2020 17:50:52,0,0,0.118991606
14/11/2020 17:50:53,0,0,0.118887402
14/11/2020 17:50:54,0,0,0.118783191
14/11/2020 17:50:55,0,0,0.118678987
14/11/2020 17:50:56,0,0,0.118574783
14/11/2020 17:50:57,0,0,0.118470579
14/11/2020 17:50:58,0,0,0.118366376
14/11/2020 17:50:59,0,0,0.118262164
14/11/2020 17:51:00,0,0,0.11815796
14/11/2020 17:51:01,0,0,0.118053757
14/11/2020 17:51:02,0,0,0.117949553
14/11/2020 17:51:03,0,0,0.117845349
14/11/2020 17:51:04,0,0,0.117741138
14/11/2020 17:51:05,0,0,0.117636934
14/11/2020 17:51:06,0,0,0.11753273
14/11/2020 17:51:07,0,0,0.117428526
14/11/2020 17:51:08,0,0,0.117324322
14/11/2020 17:51:09,0,0,0.117220111
14/11/2020 17:51:10,0,0,0.117115907
14/11/2020 17:51:11,0,0,0.117011704
14/11/2020 17:51:12,0,0,0.1169075
14/11/2020 17:51:13,0,0,0.116803296
14/11/2020 17:51:14,0,0,0.116699085
14/11/2020 17:51:15,0,0,0.116594881
14/11/2020 17:51:16,0,0,0.116490677
14/11/2020 17:51:17,0,0,0.116386473
14/11/2020 17:51:18,0,0,0.116282269
14/11/2020 17:51:19,0,0,0.116178058
14/11/2020 17:51:20,0,0,0.116073854
14/11/2020 17:51:21,0,0,0.11596965
14/11/2020 17:51:22,0,0,0.115865447
14/11/2020 17:51:23,0,0,0.115761243
14/11/2020 17:51:24,0,0,0.115657032
14/11/2020 17:51:25,0,0,0.115552828
14/11/2020 17:51:26,0,0,0.115448624
14/11/2020 17:51:27,0,0,0.11534442
14/11/2020 17:51:28,0,0,0.115240216
14/11/2020 17:51:29,0,0,0.115136012
14/11/2020 17:51:30,0,0,0.115031801
14/11/2020 17:51:31,0,0,0.114927597
14/11/2020 17:51:32,0,0,0.114823394
14/11/2020 17:51:33,0,0,0.11471919
14/11/2020 17:51:34,0,0,0.114614986
14/11/2020 17:51:35,0,0,0.114510775
14/11/2020 17:51:36,0,0,0.114406571
14/11/2020 17:51:37,0,0,0.114302367
14/11/2020 17:51:38,0,0,0.114198163
14/11/2020 17:51:39,0,0,0.114093959
14/11/2020 17:51:40,0,0,0.113989748
14/11/2020 17:51:41,0,0,0.113885544
14/11/2020 17:51:42,0,0,0.11378134
14/11/2020 17:51:43,0,0,0.113677137
14/11/2020 17:51:44,0,0,0.113572933
14/11/2020 17:51:45,0,0,0.113468722
14/11/2020 17:51:46,0,0,0.113364518
14/11/2020 17:51:47,0,0,0.113260314
14/11/2020 17:51:48,0,0,0.11315611
14/11/2020 17:51:49,0,0,0.113051906
14/11/2020 17:51:50,0,0,0.112947695
14/11/2020 17:51:51,0,0,0.112843491
14/11/2020 17:51:52,0,0,0.112739287
14/11/2020 17:51:53,0,0,0.112635083
14/11/2020 17:51:54,0,0,0.11253088
14/11/2020 17:51:55,0,0,0.112426668
14/11/2020 17:51:56,0,0,0.112322465
14/11/2020 17:51:57,0,0,0.112218261
14/11/2020 17:51:58,0,0,0.112114057
14/11/2020 17:51:59,0,0,0.112009853
14/11/2020 17:52:00,0,0,0.111905642
14/11/2020 17:52:01,0,0,0.111801438
14/11/2020 17:52:02,0,0,0.111697234
14/11/2020 17:52:03,0,0,0.11159303
14/11/2020 17:52:04,0,0,0.111488827
14/11/2020 17:52:05,0,0,0.111384615
14/11/2020 17:52:06,0,0,0.111280411
14/11/2020 17:52:07,0,0,0.111176208
14/11/2020 17:52:08,0,0,0.111072004
14/11/2020 17:52:09,0,0,0.1109678
14/11/2020 17:52:10,0,0,0.110863589
14/11/2020 17:52:11,0,0,0.110759385
14/11/2020 17:52:12,0,0,0.110655181
14/11/2020 17:52:13,0,0,0.110550977
14/11/2020 17:52:14,0,0,0.110446773
14/11/2020 17:52:15,0,0,0.110342562
14/11/2020 17:52:16,0,0,0.110238358
14/11/2020 17:52:17,0,0,0.110134155
14/11/2020 17:52:18,0,0,0.110029951
14/11/2020 17:52:19,0,0,0.109925747
14/11/2020 17:52:20,0,0,0.109821536
14/11/2020 17:52:21,0,0,0.109717332
14/11/2020 17:52:22,0,0,0.109613128
14/11/2020 17:52:23,0,0,0.109508924
14/11/2020 17:52:24,0,0,0.10940472
14/11/2020 17:52:25,0,0,0.109300509
14/11/2020 17:52:26,0,0,0.109196305
14/11/2020 17:52:27,0,0,0.109092101
14/11/2020 17:52:28,0,0,0.108987898
14/11/2020 17:52:29,0,0,0.108883694
14/11/2020 17:52:30,0,0,0.108779483
14/11/2020 17:52:31,0,0,0.108675279
14/11/2020 17:52:32,0,0,0.108571075
14/11/2020 17:52:33,0,0,0.108466871
14/11/2020 17:52:34,0,0,0.108362667
14/11/2020 17:52:35,0,0,0.108258456
14/11/2020 17:52:36,0,0,0.108154252
14/11/2020 17:52:37,0,0,0.108050048
14/11/2020 17:52:38,0,0,0.107945845
14/11/2020 17:52:39,0,0,0.107841641
14/11/2020 17:52:40,0,0,0.107737429
14/11/2020 17:52:41,0,0,0.107633226
14/11/2020 17:52:42,0,0,0.107529022
14/11/2020 17:52:43,0,0,0.107424818
14/11/2020 17:52:44,0,0,0.107320614
14/11/2020 17:52:45,0,0,0.10721641
14/11/2020 17:52:46,0,0,0.107112199
14/11/2020 17:52:47,0,0,0.107007995
14/11/2020 17:52:48,0,0,0.106903791
14/11/2020 17:52:49,0,0,0.106799588
14/11/2020 17:52:50,0,0,0.106695384
14/11/2020 17:52:51,0,0,0.106591173
14/11/2020 17:52:52,0,0,0.106486969
14/11/2020 17:52:53,0,0,0.106382765
14/11/2020 17:52:54,0,0,0.106278561
14/11/2020 17:52:55,0,0,0.106174357
14/11/2020 17:52:56,0,0,0.106070146
14/11/2020 17:52:57,0,0,0.105965942
14/11/2020 17:52:58,0,0,0.105861738
14/11/2020 17:52:59,0,0,0.105757535
14/11/2020 17:53:00,0,0,0.105653331
14/11/2020 17:53:01,0,0,0.105549119
14/11/2020 17:53:02,0,0,0.105444916
14/11/2020 17:53:03,0,0,0.105340712
14/11/2020 17:53:04,0,0,0.105236508
14/11/2020 17:53:05,0,0,0.105132304
14/11/2020 17:53:06,0,0,0.105028093
14/11/2020 17:53:07,0,0,0.104923889
14/11/2020 17:53:08,0,0,0.104819685
14/11/2020 17:53:09,0,0,0.104715481
14/11/2020 17:53:10,0,0,0.104611278
14/11/2020 17:53:11,0,0,0.104507066
14/11/2020 17:53:12,0,0,0.104402862
14/11/2020 17:53:13,0,0,0.104298659
14/11/2020 17:53:14,0,0,0.104194455
14/11/2020 17:53:15,0,0,0.104090251
14/11/2020 17:53:16,0,0,0.10398604
14/11/2020 17:53:17,0,0,0.103881836
14/11/2020 17:53:18,0,0,0.103777632
14/11/2020 17:53:19,0,0,0.103673428
14/11/2020 17:53:20,0,0,0.103569224
14/11/2020 17:53:21,0,0,0.103465013
14/11/2020 17:53:22,0,0,0.103360809
14/11/2020 17:53:23,0,0,0.103256606
14/11/2020 17:53:24,0,0,0.103152402
14/11/2020 17:53:25,0,0,0.103048198
14/11/2020 17:53:26,0,0,0.102943987
14/11/2020 17:53:27,0,0,0.102839783
14/11/2020 17:53:28,0,0,0.102735579
14/11/2020 17:53:29,0,0,0.102631375
14/11/2020 17:53:30,0,0,0.102527171
14/11/2020 17:53:31,0,0,0.10242296
14/11/2020 17:53:32,0,0,0.102318756
14/11/2020 17:53:33,0,0,0.102214552
14/11/2020 17:53:34,0,0,0.102110349
14/11/2020 17:53:35,0,0,0.102006145
14/11/2020 17:53:36,0,0,0.101901934
14/11/2020 17:53:37,0,0,0.10179773
14/11/2020 17:53:38,0,0,0.101693526
14/11/2020 17:53:39,0,0,0.101589322
14/11/2020 17:53:40,0,0,0.101485118
14/11/2020 17:53:41,0,0,0.101380907
14/11/2020 17:53:42,0,0,0.101276703
14/11/2020 17:53:43,0,0,0.101172499
14/11/2020 17:53:44,0,0,0.101068296
14/11/2020 17:53:45,0,0,0.100964092
14/11/2020 17:53:46,0,0,0.10085988
14/11/2020 17:53:47,0,0,0.100755677
14/11/2020 17:53:48,0,0,0.100651473
14/11/2020 17:53:49,0,0,0.100547269
14/11/2020 17:53:50,0,0,0.100443065
14/11/2020 17:53:51,0,0,0.100338854
14/11/2020 17:53:52,0,0,0.10023465
14/11/2020 17:53:53,0,0,0.100130446
14/11/2020 17:53:54,0,0,0.100026242
14/11/2020 17:53:55,0,0,0.099922039
14/11/2020 17:53:56,0,0,0.099817827
14/11/2020 17:53:57,0,0,0.099713624
14/11/2020 17:53:58,0,0,0.09960942
14/11/2020 17:53:59,0,0,0.099505216
14/11/2020 17:54:00,0,0,0.099401012
14/11/2020 17:54:01,0,0,0.099296808
14/11/2020 17:54:02,0,0,0.099192597
14/11/2020 17:54:03,0,0,0.099088393
14/11/2020 17:54:04,0,0,0.098984189
14/11/2020 17:54:05,0,0,0.098879986
14/11/2020 17:54:06,0,0,0.098775782
14/11/2020 17:54:07,0,0,0.09867157
14/11/2020 17:54:08,0,0,0.098567367
14/11/2020 17:54:09,0,0,0.098463163
14/11/2020 17:54:10,0,0,0.098358959
14/11/2020 17:54:11,0,0,0.098254755
14/11/2020 17:54:12,0,0,0.098150544
14/11/2020 17:54:13,0,0,0.09804634
14/11/2020 17:54:14,0,0,0.097942136
14/11/2020 17:54:15,0,0,0.097837932
14/11/2020 17:54:16,0,0,0.097733729
14/11/2020 17:54:17,0,0,0.097629517
14/11/2020 17:54:18,0,0,0.097525313
14/11/2020 17:54:19,0,0,0.09742111
14/11/2020 17:54:20,0,0,0.097316906
14/11/2020 17:54:21,0,0,0.097212702
14/11/2020 17:54:22,0,0,0.097108491
14/11/2020 17:54:23,0,0,0.097004287
14/11/2020 17:54:24,0,0,0.096900083
14/11/2020 17:54:25,0,0,0.096795879
14/11/2020 17:54:26,0,0,0.096691675
14/11/2020 17:54:27,0,0,0.096587464
14/11/2020 17:54:28,0,0,0.09648326
14/11/2020 17:54:29,0,0,0.096379057
14/11/2020 17:54:30,0,0,0.096274853
14/11/2020 17:54:31,0,0,0.096170649
14/11/2020 17:54:32,0,0,0.096066438
14/11/2020 17:54:33,0,0,0.095962234
14/11/2020 17:54:34,0,0,0.09585803
14/11/2020 17:54:35,0,0,0.095753826
14/11/2020 17:54:36,0,0,0.095649622
14/11/2020 17:54:37,0,0,0.095545411
14/11/2020 17:54:38,0,0,0.095441207
14/11/2020 17:54:39,0,0,0.095337003
14/11/2020 17:54:40,0,0,0.0952328
14/11/2020 17:54:41,0,0,0.095128596
14/11/2020 17:54:42,0,0,0.095024385
14/11/2020 17:54:43,0,0,0.094920181
14/11/2020 17:54:44,0,0,0.094815977
14/11/2020 17:54:45,0,0,0.094711773
14/11/2020 17:54:46,0,0,0.094607569
14/11/2020 17:54:47,0,0,0.094503358
14/11/2020 17:54:48,0,0,0.094399154
14/11/2020 17:54:49,0,0,0.09429495
14/11/2020 17:54:50,0,0,0.094190747
14/11/2020 17:54:51,0,0,0.094086543
14/11/2020 17:54:52,0,0,0.093982331
14/11/2020 17:54:53,0,0,0.093878128
14/11/2020 17:54:54,0,0,0.093773924
14/11/2020 17:54:55,0,0,0.09366972
14/11/2020 17:54:56,0,0,0.093565516
14/11/2020 17:54:57,0,0,0.093461305
14/11/2020 17:54:58,0,0,0.093357101
14/11/2020 17:54:59,0,0,0.093252897
14/11/2020 17:55:00,0,0,0.093148693
14/11/2020 17:55:01,0,0,0.09304449
14/11/2020 17:55:02,0,0,0.092940278
14/11/2020 17:55:03,0,0,0.092836075
14/11/2020 17:55:04,0,0,0.092731871
14/11/2020 17:55:05,0,0,0.092627667
14/11/2020 17:55:06,0,0,0.092523463
14/11/2020 17:55:07,0,0,0.092419252
14/11/2020 17:55:08,0,0,0.092315048
14/11/2020 17:55:09,0,0,0.092210844
14/11/2020 17:55:10,0,0,0.09210664
14/11/2020 17:55:11,0,0,0.092002437
14/11/2020 17:55:12,0,0,0.091898225
14/11/2020 17:55:13,0,0,0.091794021
14/11/2020 17:55:14,0,0,0.091689818
14/11/2020 17:55:15,0,0,0.091585614
14/11/2020 17:55:16,0,0,0.09148141
14/11/2020 17:55:17,0,0,0.091377206
14/11/2020 17:55:18,0,0,0.091272995
14/11/2020 17:55:19,0,0,0.091168791
14/11/2020 17:55:20,0,0,0.091064587
14/11/2020 17:55:21,0,0,0.090960383
14/11/2020 17:55:22,0,0,0.09085618
14/11/2020 17:55:23,0,0,0.090751968
14/11/2020 17:55:24,0,0,0.090647765
14/11/2020 17:55:25,0,0,0.090543561
14/11/2020 17:55:26,0,0,0.090439357
14/11/2020 17:55:27,0,0,0.090335153
14/11/2020 17:55:28,0,0,0.090230942
14/11/2020 17:55:29,0,0,0.090126738
14/11/2020 17:55:30,0,0,0.090022534
14/11/2020 17:55:31,0,0,0.08991833
14/11/2020 17:55:32,0,0,0.089814126
14/11/2020 17:55:33,0,0,0.089709915
14/11/2020 17:55:34,0,0,0.089605711
14/11/2020 17:55:35,0,0,0.089501508
14/11/2020 17:55:36,0,0,0.089397304
14/11/2020 17:55:37,0,0,0.0892931
14/11/2020 17:55:38,0,0,0.089188889
14/11/2020 17:55:39,0,0,0.089084685
14/11/2020 17:55:40,0,0,0.088980481
14/11/2020 17:55:41,0,0,0.088876277
14/11/2020 17:55:42,0,0,0.088772073
14/11/2020 17:55:43,0,0,0.088667862
14/11/2020 17:55:44,0,0,0.088563658
14/11/2020 17:55:45,0,0,0.088459454
14/11/2020 17:55:46,0,0,0.088355251
14/11/2020 17:55:47,0,0,0.088251047
14/11/2020 17:55:48,0,0,0.088146836
14/11/2020 17:55:49,0,0,0.088042632
14/11/2020 17:55:50,0,0,0.087938428
14/11/2020 17:55:51,0,0,0.087834224
14/11/2020 17:55:52,0,0,0.08773002
14/11/2020 17:55:53,0,0,0.087625809
14/11/2020 17:55:54,0,0,0.087521605
14/11/2020 17:55:55,0,0,0.087417401
14/11/2020 17:55:56,0,0,0.087313198
14/11/2020 17:55:57,0,0,0.087208994
14/11/2020 17:55:58,0,0,0.087104782
14/11/2020 17:55:59,0,0,0.087000579
14/11/2020 17:56:00,0,0,0.086896375
14/11/2020 17:56:01,0,0,0.086792171
14/11/2020 17:56:02,0,0,0.086687967
14/11/2020 17:56:03,0,0,0.086583756
14/11/2020 17:56:04,0,0,0.086479552
14/11/2020 17:56:05,0,0,0.086375348
14/11/2020 17:56:06,0,0,0.086271144
14/11/2020 17:56:07,0,0,0.086166941
14/11/2020 17:56:08,0,0,0.086062729
14/11/2020 17:56:09,0,0,0.085958526
14/11/2020 17:56:10,0,0,0.085854322
14/11/2020 17:56:11,0,0,0.085750118
14/11/2020 17:56:12,0,0,0.085645914
14/11/2020 17:56:13,0,0,0.085541703
14/11/2020 17:56:14,0,0,0.085437499
14/11/2020 17:56:15,0,0,0.085333295
14/11/2020 17:56:16,0,0,0.085229091
14/11/2020 17:56:17,0,0,0.085124888
14/11/2020 17:56:18,0,0,0.085020676
14/11/2020 17:56:19,0,0,0.084916472
14/11/2020 17:56:20,0,0,0.084812269
14/11/2020 17:56:21,0,0,0.084708065
14/11/2020 17:56:22,0,0,0.084603861
14/11/2020 17:56:23,0,0,0.08449965
14/11/2020 17:56:24,0,0,0.084395446
14/11/2020 17:56:25,0,0,0.084291242
14/11/2020 17:56:26,0,0,0.084187038
14/11/2020 17:56:27,0,0,0.084082834
14/11/2020 17:56:28,0,0,0.083978631
14/11/2020 17:56:29,0,0,0.083874419
14/11/2020 17:56:30,0,0,0.083770216
14/11/2020 17:56:31,0,0,0.083666012
14/11/2020 17:56:32,0,0,0.083561808
14/11/2020 17:56:33,0,0,0.083457604
14/11/2020 17:56:34,0,0,0.083353393
14/11/2020 17:56:35,0,0,0.083249189
14/11/2020 17:56:36,0,0,0.083144985
14/11/2020 17:56:37,0,0,0.083040781
14/11/2020 17:56:38,0,0,0.082936577
14/11/2020 17:56:39,0,0,0.082832366
14/11/2020 17:56:40,0,0,0.082728162
14/11/2020 17:56:41,0,0,0.082623959
14/11/2020 17:56:42,0,0,0.082519755
14/11/2020 17:56:43,0,0,0.082415551
14/11/2020 17:56:44,0,0,0.08231134
14/11/2020 17:56:45,0,0,0.082207136
14/11/2020 17:56:46,0,0,0.082102932
14/11/2020 17:56:47,0,0,0.081998728
14/11/2020 17:56:48,0,0,0.081894524
14/11/2020 17:56:49,0,0,0.081790313
14/11/2020 17:56:50,0,0,0.081686109
14/11/2020 17:56:51,0,0,0.081581905
14/11/2020 17:56:52,0,0,0.081477702
14/11/2020 17:56:53,0,0,0.081373498
14/11/2020 17:56:54,0,0,0.081269287
14/11/2020 17:56:55,0,0,0.081165083
14/11/2020 17:56:56,0,0,0.081060879
14/11/2020 17:56:57,0,0,0.080956675
14/11/2020 17:56:58,0,0,0.080852471
14/11/2020 17:56:59,0,0,0.08074826
14/11/2020 17:57:00,0,0,0.080644056
14/11/2020 17:57:01,0,0,0.080539852
14/11/2020 17:57:02,0,0,0.080435649
14/11/2020 17:57:03,0,0,0.080331445
14/11/2020 17:57:04,0,0,0.080227233
14/11/2020 17:57:05,0,0,0.08012303
14/11/2020 17:57:06,0,0,0.080018826
14/11/2020 17:57:07,0,0,0.079914622
14/11/2020 17:57:08,0,0,0.079810418
14/11/2020 17:57:09,0,0,0.079706207
14/11/2020 17:57:10,0,0,0.079602003
14/11/2020 17:57:11,0,0,0.079497799
14/11/2020 17:57:12,0,0,0.079393595
14/11/2020 17:57:13,0,0,0.079289392
14/11/2020 17:57:14,0,0,0.07918518
14/11/2020 17:57:15,0,0,0.079080977
14/11/2020 17:57:16,0,0,0.078976773
14/11/2020 17:57:17,0,0,0.078872569
14/11/2020 17:57:18,0,0,0.078768365
14/11/2020 17:57:19,0,0,0.078664154
14/11/2020 17:57:20,0,0,0.07855995
14/11/2020 17:57:21,0,0,0.078455746
14/11/2020 17:57:22,0,0,0.078351542
14/11/2020 17:57:23,0,0,0.078247339
14/11/2020 17:57:24,0,0,0.078143127
14/11/2020 17:57:25,0,0,0.078038923
14/11/2020 17:57:26,0,0,0.07793472
14/11/2020 17:57:27,0,0,0.077830516
14/11/2020 17:57:28,0,0,0.077726312
14/11/2020 17:57:29,0,0,0.077622101
14/11/2020 17:57:30,0,0,0.077517897
14/11/2020 17:57:31,0,0,0.077413693
14/11/2020 17:57:32,0,0,0.077309489
14/11/2020 17:57:33,0,0,0.077205285
14/11/2020 17:57:34,0,0,0.077101074
14/11/2020 17:57:35,0,0,0.07699687
14/11/2020 17:57:36,0,0,0.076892667
14/11/2020 17:57:37,0,0,0.076788463
14/11/2020 17:57:38,0,0,0.076684259
14/11/2020 17:57:39,0,0,0.076580048
14/11/2020 17:57:40,0,0,0.076475844
14/11/2020 17:57:41,0,0,0.07637164
14/11/2020 17:57:42,0,0,0.076267436
14/11/2020 17:57:43,0,0,0.076163232
14/11/2020 17:57:44,0,0,0.076059029
14/11/2020 17:57:45,0,0,0.075954817
14/11/2020 17:57:46,0,0,0.075850613
14/11/2020 17:57:47,0,0,0.07574641
14/11/2020 17:57:48,0,0,0.075642206
14/11/2020 17:57:49,0,0,0.075538002
14/11/2020 17:57:50,0,0,0.075433791
14/11/2020 17:57:51,0,0,0.075329587
14/11/2020 17:57:52,0,0,0.075225383
14/11/2020 17:57:53,0,0,0.075121179
14/11/2020 17:57:54,0,0,0.075016975
14/11/2020 17:57:55,0,0,0.074912764
14/11/2020 17:57:56,0,0,0.07480856
14/11/2020 17:57:57,0,0,0.074704356
14/11/2020 17:57:58,0,0,0.074600153
14/11/2020 17:57:59,0,0,0.074495949
14/11/2020 17:58:00,0,0,0.074391738
14/11/2020 17:58:01,0,0,0.074287534
14/11/2020 17:58:02,0,0,0.07418333
14/11/2020 17:58:03,0,0,0.074079126
14/11/2020 17:58:04,0,0,0.073974922
14/11/2020 17:58:05,0,0,0.073870711
14/11/2020 17:58:06,0,0,0.073766507
14/11/2020 17:58:07,0,0,0.073662303
14/11/2020 17:58:08,0,0,0.0735581
14/11/2020 17:58:09,0,0,0.073453896
14/11/2020 17:58:10,0,0,0.073349684
14/11/2020 17:58:11,0,0,0.073245481
14/11/2020 17:58:12,0,0,0.073141277
14/11/2020 17:58:13,0,0,0.073037073
14/11/2020 17:58:14,0,0,0.072932869
14/11/2020 17:58:15,0,0,0.072828658
14/11/2020 17:58:16,0,0,0.072724454
14/11/2020 17:58:17,0,0,0.07262025
14/11/2020 17:58:18,0,0,0.072516046
14/11/2020 17:58:19,0,0,0.072411843
14/11/2020 17:58:20,0,0,0.072307631
14/11/2020 17:58:21,0,0,0.072203428
14/11/2020 17:58:22,0,0,0.072099224
14/11/2020 17:58:23,0,0,0.07199502
14/11/2020 17:58:24,0,0,0.071890816
14/11/2020 17:58:25,0,0,0.071786605
14/11/2020 17:58:26,0,0,0.071682401
14/11/2020 17:58:27,0,0,0.071578197
14/11/2020 17:58:28,0,0,0.071473993
14/11/2020 17:58:29,0,0,0.07136979
14/11/2020 17:58:30,0,0,0.071265578
14/11/2020 17:58:31,0,0,0.071161374
14/11/2020 17:58:32,0,0,0.071057171
14/11/2020 17:58:33,0,0,0.070952967
14/11/2020 17:58:34,0,0,0.070848763
14/11/2020 17:58:35,0,0,0.070744552
14/11/2020 17:58:36,0,0,0.070640348
14/11/2020 17:58:37,0,0,0.070536144
14/11/2020 17:58:38,0,0,0.07043194
14/11/2020 17:58:39,0,0,0.070327736
14/11/2020 17:58:40,0,0,0.070223525
14/11/2020 17:58:41,0,0,0.070119321
14/11/2020 17:58:42,0,0,0.070015118
14/11/2020 17:58:43,0,0,0.069910914
14/11/2020 17:58:44,0,0,0.06980671
14/11/2020 17:58:45,0,0,0.069702499
14/11/2020 17:58:46,0,0,0.069598295
14/11/2020 17:58:47,0,0,0.069494091
14/11/2020 17:58:48,0,0,0.069389887
14/11/2020 17:58:49,0,0,0.069285683
14/11/2020 17:58:50,0,0,0.069181472
14/11/2020 17:58:51,0,0,0.069077268
14/11/2020 17:58:52,0,0,0.068973064
14/11/2020 17:58:53,0,0,0.068868861
14/11/2020 17:58:54,0,0,0.068764657
14/11/2020 17:58:55,0,0,0.068660446
14/11/2020 17:58:56,0,0,0.068556242
14/11/2020 17:58:57,0,0,0.068452038
14/11/2020 17:58:58,0,0,0.068347834
14/11/2020 17:58:59,0,0,0.06824363
14/11/2020 17:59:00,0,0,0.068139426
14/11/2020 17:59:01,0,0,0.068035215
14/11/2020 17:59:02,0,0,0.067931011
14/11/2020 17:59:03,0,0,0.067826807
14/11/2020 17:59:04,0,0,0.067722604
14/11/2020 17:59:05,0,0,0.0676184
14/11/2020 17:59:06,0,0,0.067514189
14/11/2020 17:59:07,0,0,0.067409985
14/11/2020 17:59:08,0,0,0.067305781
14/11/2020 17:59:09,0,0,0.067201577
14/11/2020 17:59:10,0,0,0.067097373
14/11/2020 17:59:11,0,0,0.066993162
14/11/2020 17:59:12,0,0,0.066888958
14/11/2020 17:59:13,0,0,0.066784754
14/11/2020 17:59:14,0,0,0.066680551
14/11/2020 17:59:15,0,0,0.066576347
14/11/2020 17:59:16,0,0,0.066472135
14/11/2020 17:59:17,0,0,0.066367932
14/11/2020 17:59:18,0,0,0.066263728
14/11/2020 17:59:19,0,0,0.066159524
14/11/2020 17:59:20,0,0,0.06605532
14/11/2020 17:59:21,0,0,0.065951109
14/11/2020 17:59:22,0,0,0.065846905
14/11/2020 17:59:23,0,0,0.065742701
14/11/2020 17:59:24,0,0,0.065638497
14/11/2020 17:59:25,0,0,0.065534294
14/11/2020 17:59:26,0,0,0.065430082
14/11/2020 17:59:27,0,0,0.065325879
14/11/2020 17:59:28,0,0,0.065221675
14/11/2020 17:59:29,0,0,0.065117471
14/11/2020 17:59:30,0,0,0.065013267
14/11/2020 17:59:31,0,0,0.064909056
14/11/2020 17:59:32,0,0,0.064804852
14/11/2020 17:59:33,0,0,0.064700648
14/11/2020 17:59:34,0,0,0.064596444
14/11/2020 17:59:35,0,0,0.064492241
14/11/2020 17:59:36,0,0,0.064388029
14/11/2020 17:59:37,0,0,0.064283825
14/11/2020 17:59:38,0,0,0.064179622
14/11/2020 17:59:39,0,0,0.064075418
14/11/2020 17:59:40,0,0,0.063971214
14/11/2020 17:59:41,0,0,0.063867003
14/11/2020 17:59:42,0,0,0.063762799
14/11/2020 17:59:43,0,0,0.063658595
14/11/2020 17:59:44,0,0,0.063554391
14/11/2020 17:59:45,0,0,0.063450187
14/11/2020 17:59:46,0,0,0.063345976
14/11/2020 17:59:47,0,0,0.063241772
14/11/2020 17:59:48,0,0,0.063137569
14/11/2020 17:59:49,0,0,0.063033365
14/11/2020 17:59:50,0,0,0.062929161
14/11/2020 17:59:51,0,0,0.06282495
14/11/2020 17:59:52,0,0,0.062720746
14/11/2020 17:59:53,0,0,0.062616542
14/11/2020 17:59:54,0,0,0.062512338
14/11/2020 17:59:55,0,0,0.062408131
14/11/2020 17:59:56,0,0,0.062303927
14/11/2020 17:59:57,0,0,0.062199723
14/11/2020 17:59:58,0,0,0.062095515
14/11/2020 17:59:59,0,0,0.061991312
14/11/2020 18:00:00,0,0,0.061887104
14/11/2020 18:00:01,0,0,0.0617829
14/11/2020 18:00:02,0,0,0.061678696
14/11/2020 18:00:03,0,0,0.061574489
14/11/2020 18:00:04,0,0,0.061470285
14/11/2020 18:00:05,0,0,0.061366078
14/11/2020 18:00:06,0,0,0.061261874
14/11/2020 18:00:07,0,0,0.06115767
14/11/2020 18:00:08,0,0,0.061053462
14/11/2020 18:00:09,0,0,0.060949259
14/11/2020 18:00:10,0,0,0.060845051
14/11/2020 18:00:11,0,0,0.060740847
14/11/2020 18:00:12,0,0,0.060636643
14/11/2020 18:00:13,0,0,0.060532436
14/11/2020 18:00:14,0,0,0.060428232
14/11/2020 18:00:15,0,0,0.060324024
14/11/2020 18:00:16,0,0,0.060219821
14/11/2020 18:00:17,0,0,0.060115617
14/11/2020 18:00:18,0,0,0.060011409
14/11/2020 18:00:19,0,0,0.059907205
14/11/2020 18:00:20,0,0,0.059802998
14/11/2020 18:00:21,0,0,0.059698794
14/11/2020 18:00:22,0,0,0.05959459
14/11/2020 18:00:23,0,0,0.059490383
14/11/2020 18:00:24,0,0,0.059386179
14/11/2020 18:00:25,0,0,0.059281971
14/11/2020 18:00:26,0,0,0.059177767
14/11/2020 18:00:27,0,0,0.059073564
14/11/2020 18:00:28,0,0,0.058969356
14/11/2020 18:00:29,0,0,0.058865152
14/11/2020 18:00:30,0,0,0.058760945
14/11/2020 18:00:31,0,0,0.058656741
14/11/2020 18:00:32,0,0,0.058552537
14/11/2020 18:00:33,0,0,0.05844833
14/11/2020 18:00:34,0,0,0.058344126
14/11/2020 18:00:35,0,0,0.058239922
14/11/2020 18:00:36,0,0,0.058135714
14/11/2020 18:00:37,0,0,0.058031511
14/11/2020 18:00:38,0,0,0.057927303
14/11/2020 18:00:39,0,0,0.057823099
14/11/2020 18:00:40,0,0,0.057718895
14/11/2020 18:00:41,0,0,0.057614688
14/11/2020 18:00:42,0,0,0.057510484
14/11/2020 18:00:43,0,0,0.057406276
14/11/2020 18:00:44,0,0,0.057302073
14/11/2020 18:00:45,0,0,0.057197869
14/11/2020 18:00:46,0,0,0.057093661
14/11/2020 18:00:47,0,0,0.056989457
14/11/2020 18:00:48,0,0,0.05688525
14/11/2020 18:00:49,0,0,0.056781046
14/11/2020 18:00:50,0,0,0.056676842
14/11/2020 18:00:51,0,0,0.056572635
14/11/2020 18:00:52,0,0,0.056468431
14/11/2020 18:00:53,0,0,0.056364223
14/11/2020 18:00:54,0,0,0.05626002
14/11/2020 18:00:55,0,0,0.056155816
14/11/2020 18:00:56,0,0,0.056051608
14/11/2020 18:00:57,0,0,0.055947404
14/11/2020 18:00:58,0,0,0.055843197
14/11/2020 18:00:59,0,0,0.055738993
14/11/2020 18:01:00,0,0,0.055634789
14/11/2020 18:01:01,0,0,0.055530582
14/11/2020 18:01:02,0,0,0.055426378
14/11/2020 18:01:03,0,0,0.05532217
14/11/2020 18:01:04,0,0,0.055217966
14/11/2020 18:01:05,0,0,0.055113763
14/11/2020 18:01:06,0,0,0.055009555
14/11/2020 18:01:07,0,0,0.054905351
14/11/2020 18:01:08,0,0,0.054801144
14/11/2020 18:01:09,0,0,0.05469694
14/11/2020 18:01:10,0,0,0.054592736
14/11/2020 18:01:11,0,0,0.054488529
14/11/2020 18:01:12,0,0,0.054384325
14/11/2020 18:01:13,0,0,0.054280121
14/11/2020 18:01:14,0,0,0.054175913
14/11/2020 18:01:15,0,0,0.05407171
14/11/2020 18:01:16,0,0,0.053967502
14/11/2020 18:01:17,0,0,0.053863298
14/11/2020 18:01:18,0,0,0.053759094
14/11/2020 18:01:19,0,0,0.053654887
14/11/2020 18:01:20,0,0,0.053550683
14/11/2020 18:01:21,0,0,0.053446475
14/11/2020 18:01:22,0,0,0.053342272
14/11/2020 18:01:23,0,0,0.053238068
14/11/2020 18:01:24,0,0,0.05313386
14/11/2020 18:01:25,0,0,0.053029656
14/11/2020 18:01:26,0,0,0.052925449
14/11/2020 18:01:27,0,0,0.052821245
14/11/2020 18:01:28,0,0,0.052717041
14/11/2020 18:01:29,0,0,0.052612834
14/11/2020 18:01:30,0,0,0.05250863
14/11/2020 18:01:31,0,0,0.052404422
14/11/2020 18:01:32,0,0,0.052300218
14/11/2020 18:01:33,0,0,0.052196015
14/11/2020 18:01:34,0,0,0.052091807
14/11/2020 18:01:35,0,0,0.051987603
14/11/2020 18:01:36,0,0,0.051883396
14/11/2020 18:01:37,0,0,0.051779192
14/11/2020 18:01:38,0,0,0.051674988
14/11/2020 18:01:39,0,0,0.051570781
14/11/2020 18:01:40,0,0,0.051466577
14/11/2020 18:01:41,0,0,0.051362369
14/11/2020 18:01:42,0,0,0.051258165
14/11/2020 18:01:43,0,0,0.051153962
14/11/2020 18:01:44,0,0,0.051049754
14/11/2020 18:01:45,0,0,0.05094555
14/11/2020 18:01:46,0,0,0.050841343
14/11/2020 18:01:47,0,0,0.050737139
14/11/2020 18:01:48,0,0,0.050632935
14/11/2020 18:01:49,0,0,0.050528727
14/11/2020 18:01:50,0,0,0.050424524
14/11/2020 18:01:51,0,0,0.05032032
14/11/2020 18:01:52,0,0,0.050216112
14/11/2020 18:01:53,0,0,0.050111908
14/11/2020 18:01:54,0,0,0.050007701
14/11/2020 18:01:55,0,0,0.049903497
14/11/2020 18:01:56,0,0,0.049799293
14/11/2020 18:01:57,0,0,0.049695086
14/11/2020 18:01:58,0,0,0.049590882
14/11/2020 18:01:59,0,0,0.049486674
14/11/2020 18:02:00,0,0,0.049382471
14/11/2020 18:02:01,0,0,0.049278267
14/11/2020 18:02:02,0,0,0.049174059
14/11/2020 18:02:03,0,0,0.049069855
14/11/2020 18:02:04,0,0,0.048965648
14/11/2020 18:02:05,0,0,0.048861444
14/11/2020 18:02:06,0,0,0.04875724
14/11/2020 18:02:07,0,0,0.048653033
14/11/2020 18:02:08,0,0,0.048548829
14/11/2020 18:02:09,0,0,0.048444621
14/11/2020 18:02:10,0,0,0.048340417
14/11/2020 18:02:11,0,0,0.048236214
14/11/2020 18:02:12,0,0,0.048132006
14/11/2020 18:02:13,0,0,0.048027802
14/11/2020 18:02:14,0,0,0.047923595
14/11/2020 18:02:15,0,0,0.047819391
14/11/2020 18:02:16,0,0,0.047715187
14/11/2020 18:02:17,0,0,0.04761098
14/11/2020 18:02:18,0,0,0.047506776
14/11/2020 18:02:19,0,0,0.047402568
14/11/2020 18:02:20,0,0,0.047298364
14/11/2020 18:02:21,0,0,0.047194161
14/11/2020 18:02:22,0,0,0.047089953
14/11/2020 18:02:23,0,0,0.046985749
14/11/2020 18:02:24,0,0,0.046881542
14/11/2020 18:02:25,0,0,0.046777338
14/11/2020 18:02:26,0,0,0.046673134
14/11/2020 18:02:27,0,0,0.046568926
14/11/2020 18:02:28,0,0,0.046464723
14/11/2020 18:02:29,0,0,0.046360519
14/11/2020 18:02:30,0,0,0.046256311
14/11/2020 18:02:31,0,0,0.046152107
14/11/2020 18:02:32,0,0,0.0460479
14/11/2020 18:02:33,0,0,0.045943696
14/11/2020 18:02:34,0,0,0.045839492
14/11/2020 18:02:35,0,0,0.045735285
14/11/2020 18:02:36,0,0,0.045631081
14/11/2020 18:02:37,0,0,0.045526873
14/11/2020 18:02:38,0,0,0.04542267
14/11/2020 18:02:39,0,0,0.045318466
14/11/2020 18:02:40,0,0,0.045214258
14/11/2020 18:02:41,0,0,0.045110054
14/11/2020 18:02:42,0,0,0.045005847
14/11/2020 18:02:43,0,0,0.044901643
14/11/2020 18:02:44,0,0,0.044797439
14/11/2020 18:02:45,0,0,0.044693232
14/11/2020 18:02:46,0,0,0.044589028
14/11/2020 18:02:47,0,0,0.04448482
14/11/2020 18:02:48,0,0,0.044380616
14/11/2020 18:02:49,0,0,0.044276413
14/11/2020 18:02:50,0,0,0.044172205
14/11/2020 18:02:51,0,0,0.044068001
14/11/2020 18:02:52,0,0,0.043963794
14/11/2020 18:02:53,0,0,0.04385959
14/11/2020 18:02:54,0,0,0.043755386
14/11/2020 18:02:55,0,0,0.043651178
14/11/2020 18:02:56,0,0,0.043546975
14/11/2020 18:02:57,0,0,0.043442767
14/11/2020 18:02:58,0,0,0.043338563
14/11/2020 18:02:59,0,0,0.043234359
14/11/2020 18:03:00,0,0,0.043130152
14/11/2020 18:03:01,0,0,0.043025948
14/11/2020 18:03:02,0,0,0.042921741
14/11/2020 18:03:03,0,0,0.042817537
14/11/2020 18:03:04,0,0,0.042713333
14/11/2020 18:03:05,0,0,0.042609125
14/11/2020 18:03:06,0,0,0.042504922
14/11/2020 18:03:07,0,0,0.042400718
14/11/2020 18:03:08,0,0,0.04229651
14/11/2020 18:03:09,0,0,0.042192306
14/11/2020 18:03:10,0,0,0.042088099
14/11/2020 18:03:11,0,0,0.041983895
14/11/2020 18:03:12,0,0,0.041879691
14/11/2020 18:03:13,0,0,0.041775484
14/11/2020 18:03:14,0,0,0.04167128
14/11/2020 18:03:15,0,0,0.041567072
14/11/2020 18:03:16,0,0,0.041462868
14/11/2020 18:03:17,0,0,0.041358665
14/11/2020 18:03:18,0,0,0.041254457
14/11/2020 18:03:19,0,0,0.041150253
14/11/2020 18:03:20,0,0,0.041046046
14/11/2020 18:03:21,0,0,0.040941842
14/11/2020 18:03:22,0,0,0.040837638
14/11/2020 18:03:23,0,0,0.040733431
14/11/2020 18:03:24,0,0,0.040629227
14/11/2020 18:03:25,0,0,0.040525019
14/11/2020 18:03:26,0,0,0.040420815
14/11/2020 18:03:27,0,0,0.040316612
14/11/2020 18:03:28,0,0,0.040212404
14/11/2020 18:03:29,0,0,0.0401082
14/11/2020 18:03:30,0,0,0.040003993
14/11/2020 18:03:31,0,0,0.039899789
14/11/2020 18:03:32,0,0,0.039795585
14/11/2020 18:03:33,0,0,0.039691377
14/11/2020 18:03:34,0,0,0.039587174
14/11/2020 18:03:35,0,0,0.039482966
14/11/2020 18:03:36,0,0,0.039378762
14/11/2020 18:03:37,0,0,0.039274558
14/11/2020 18:03:38,0,0,0.039170351
14/11/2020 18:03:39,0,0,0.039066147
14/11/2020 18:03:40,0,0,0.03896194
14/11/2020 18:03:41,0,0,0.038857736
14/11/2020 18:03:42,0,0,0.038753532
14/11/2020 18:03:43,0,0,0.038649324
14/11/2020 18:03:44,0,0,0.038545121
14/11/2020 18:03:45,0,0,0.038440917
14/11/2020 18:03:46,0,0,0.038336709
14/11/2020 18:03:47,0,0,0.038232505
14/11/2020 18:03:48,0,0,0.038128298
14/11/2020 18:03:49,0,0,0.038024094
14/11/2020 18:03:50,0,0,0.03791989
14/11/2020 18:03:51,0,0,0.037815683
14/11/2020 18:03:52,0,0,0.037711479
14/11/2020 18:03:53,0,0,0.037607271
14/11/2020 18:03:54,0,0,0.037503067
14/11/2020 18:03:55,0,0,0.037398864
14/11/2020 18:03:56,0,0,0.037294656
14/11/2020 18:03:57,0,0,0.037190452
14/11/2020 18:03:58,0,0,0.037086245
14/11/2020 18:03:59,0,0,0.036982041
14/11/2020 18:04:00,0,0,0.036877837
14/11/2020 18:04:01,0,0,0.036773629
14/11/2020 18:04:02,0,0,0.036669426
14/11/2020 18:04:03,0,0,0.036565218
14/11/2020 18:04:04,0,0,0.036461014
14/11/2020 18:04:05,0,0,0.03635681
14/11/2020 18:04:06,0,0,0.036252603
14/11/2020 18:04:07,0,0,0.036148399
14/11/2020 18:04:08,0,0,0.036044192
14/11/2020 18:04:09,0,0,0.035939988
14/11/2020 18:04:10,0,0,0.035835784
14/11/2020 18:04:11,0,0,0.035731576
14/11/2020 18:04:12,0,0,0.035627373
14/11/2020 18:04:13,0,0,0.035523165
14/11/2020 18:04:14,0,0,0.035418961
14/11/2020 18:04:15,0,0,0.035314757
14/11/2020 18:04:16,0,0,0.03521055
14/11/2020 18:04:17,0,0,0.035106346
14/11/2020 18:04:18,0,0,0.035002138
14/11/2020 18:04:19,0,0,0.034897935
14/11/2020 18:04:20,0,0,0.034793731
14/11/2020 18:04:21,0,0,0.034689523
14/11/2020 18:04:22,0,0,0.034585319
14/11/2020 18:04:23,0,0,0.034481116
14/11/2020 18:04:24,0,0,0.034376908
14/11/2020 18:04:25,0,0,0.034272704
14/11/2020 18:04:26,0,0,0.034168497
14/11/2020 18:04:27,0,0,0.034064293
14/11/2020 18:04:28,0,0,0.033960089
14/11/2020 18:04:29,0,0,0.033855882
14/11/2020 18:04:30,0,0,0.033751678
14/11/2020 18:04:31,0,0,0.03364747
14/11/2020 18:04:32,0,0,0.033543266
14/11/2020 18:04:33,0,0,0.033439063
14/11/2020 18:04:34,0,0,0.033334855
14/11/2020 18:04:35,0,0,0.033230651
14/11/2020 18:04:36,0,0,0.033126444
14/11/2020 18:04:37,0,0,0.03302224
14/11/2020 18:04:38,0,0,0.032918036
14/11/2020 18:04:39,0,0,0.032813828
14/11/2020 18:04:40,0,0,0.032709625
14/11/2020 18:04:41,0,0,0.032605417
14/11/2020 18:04:42,0,0,0.032501213
14/11/2020 18:04:43,0,0,0.032397009
14/11/2020 18:04:44,0,0,0.032292802
14/11/2020 18:04:45,0,0,0.032188598
14/11/2020 18:04:46,0,0,0.032084391
14/11/2020 18:04:47,0,0,0.031980187
14/11/2020 18:04:48,0,0,0.031875983
14/11/2020 18:04:49,0,0,0.031771775
14/11/2020 18:04:50,0,0,0.031667572
14/11/2020 18:04:51,0,0,0.031563364
14/11/2020 18:04:52,0,0,0.03145916
14/11/2020 18:04:53,0,0,0.031354956
14/11/2020 18:04:54,0,0,0.031250749
14/11/2020 18:04:55,0,0,0.031146545
14/11/2020 18:04:56,0,0,0.031042339
14/11/2020 18:04:57,0,0,0.030938134
14/11/2020 18:04:58,0,0,0.030833928
14/11/2020 18:04:59,0,0,0.030729724
14/11/2020 18:05:00,0,0,0.030625518
14/11/2020 18:05:01,0,0,0.030521313
14/11/2020 18:05:02,0,0,0.030417107
14/11/2020 18:05:03,0,0,0.030312901
14/11/2020 18:05:04,0,0,0.030208698
14/11/2020 18:05:05,0,0,0.030104492
14/11/2020 18:05:06,0,0,0.030000286
14/11/2020 18:05:07,0,0,0.02989608
14/11/2020 18:05:08,0,0,0.029791877
14/11/2020 18:05:09,0,0,0.029687671
14/11/2020 18:05:10,0,0,0.029583465
14/11/2020 18:05:11,0,0,0.02947926
14/11/2020 18:05:12,0,0,0.029375054
14/11/2020 18:05:13,0,0,0.02927085
14/11/2020 18:05:14,0,0,0.029166644
14/11/2020 18:05:15,0,0,0.029062439
14/11/2020 18:05:16,0,0,0.028958233
14/11/2020 18:05:17,0,0,0.028854027
14/11/2020 18:05:18,0,0,0.028749824
14/11/2020 18:05:19,0,0,0.028645618
14/11/2020 18:05:20,0,0,0.028541412
14/11/2020 18:05:21,0,0,0.028437207
14/11/2020 18:05:22,0,0,0.028333001
14/11/2020 18:05:23,0,0,0.028228797
14/11/2020 18:05:24,0,0,0.028124591
14/11/2020 18:05:25,0,0,0.028020386
14/11/2020 18:05:26,0,0,0.02791618
14/11/2020 18:05:27,0,0,0.027811976
14/11/2020 18:05:28,0,0,0.02770777
14/11/2020 18:05:29,0,0,0.027603565
14/11/2020 18:05:30,0,0,0.027499359
14/11/2020 18:05:31,0,0,0.027395153
14/11/2020 18:05:32,0,0,0.02729095
14/11/2020 18:05:33,0,0,0.027186744
14/11/2020 18:05:34,0,0,0.027082538
14/11/2020 18:05:35,0,0,0.026978333
14/11/2020 18:05:36,0,0,0.026874127
14/11/2020 18:05:37,0,0,0.026769923
14/11/2020 18:05:38,0,0,0.026665717
14/11/2020 18:05:39,0,0,0.026561512
14/11/2020 18:05:40,0,0,0.026457306
14/11/2020 18:05:41,0,0,0.0263531
14/11/2020 18:05:42,0,0,0.026248896
14/11/2020 18:05:43,0,0,0.026144691
14/11/2020 18:05:44,0,0,0.026040485
14/11/2020 18:05:45,0,0,0.025936279
14/11/2020 18:05:46,0,0,0.025832076
14/11/2020 18:05:47,0,0,0.02572787
14/11/2020 18:05:48,0,0,0.025623664
14/11/2020 18:05:49,0,0,0.025519459
14/11/2020 18:05:50,0,0,0.025415253
14/11/2020 18:05:51,0,0,0.025311049
14/11/2020 18:05:52,0,0,0.025206843
14/11/2020 18:05:53,0,0,0.025102638
14/11/2020 18:05:54,0,0,0.024998432
14/11/2020 18:05:55,0,0,0.024894226
14/11/2020 18:05:56,0,0,0.024790023
14/11/2020 18:05:57,0,0,0.024685817
14/11/2020 18:05:58,0,0,0.024581611
14/11/2020 18:05:59,0,0,0.024477405
14/11/2020 18:06:00,0,0,0.0243732
14/11/2020 18:06:01,0,0,0.024268996
14/11/2020 18:06:02,0,0,0.02416479
14/11/2020 18:06:03,0,0,0.024060585
14/11/2020 18:06:04,0,0,0.023956379
14/11/2020 18:06:05,0,0,0.023852175
14/11/2020 18:06:06,0,0,0.023747969
14/11/2020 18:06:07,0,0,0.023643764
14/11/2020 18:06:08,0,0,0.023539558
14/11/2020 18:06:09,0,0,0.023435352
14/11/2020 18:06:10,0,0,0.023331149
14/11/2020 18:06:11,0,0,0.023226943
14/11/2020 18:06:12,0,0,0.023122737
14/11/2020 18:06:13,0,0,0.023018532
14/11/2020 18:06:14,0,0,0.022914326
14/11/2020 18:06:15,0,0,0.022810122
14/11/2020 18:06:16,0,0,0.022705916
14/11/2020 18:06:17,0,0,0.022601711
14/11/2020 18:06:18,0,0,0.022497505
14/11/2020 18:06:19,0,0,0.022393299
14/11/2020 18:06:20,0,0,0.022289095
14/11/2020 18:06:21,0,0,0.02218489
14/11/2020 18:06:22,0,0,0.022080684
14/11/2020 18:06:23,0,0,0.021976478
14/11/2020 18:06:24,0,0,0.021872275
14/11/2020 18:06:25,0,0,0.021768069
14/11/2020 18:06:26,0,0,0.021663863
14/11/2020 18:06:27,0,0,0.021559658
14/11/2020 18:06:28,0,0,0.021455452
14/11/2020 18:06:29,0,0,0.021351248
14/11/2020 18:06:30,0,0,0.021247042
14/11/2020 18:06:31,0,0,0.021142837
14/11/2020 18:06:32,0,0,0.021038631
14/11/2020 18:06:33,0,0,0.020934425
14/11/2020 18:06:34,0,0,0.020830221
14/11/2020 18:06:35,0,0,0.020726016
14/11/2020 18:06:36,0,0,0.02062181
14/11/2020 18:06:37,0,0,0.020517604
14/11/2020 18:06:38,0,0,0.020413399
14/11/2020 18:06:39,0,0,0.020309195
14/11/2020 18:06:40,0,0,0.020204989
14/11/2020 18:06:41,0,0,0.020100784
14/11/2020 18:06:42,0,0,0.019996578
14/11/2020 18:06:43,0,0,0.019892374
14/11/2020 18:06:44,0,0,0.019788168
14/11/2020 18:06:45,0,0,0.019683963
14/11/2020 18:06:46,0,0,0.019579757
14/11/2020 18:06:47,0,0,0.019475551
14/11/2020 18:06:48,0,0,0.019371348
14/11/2020 18:06:49,0,0,0.019267142
14/11/2020 18:06:50,0,0,0.019162936
14/11/2020 18:06:51,0,0,0.01905873
14/11/2020 18:06:52,0,0,0.018954525
14/11/2020 18:06:53,0,0,0.018850321
14/11/2020 18:06:54,0,0,0.018746115
14/11/2020 18:06:55,0,0,0.01864191
14/11/2020 18:06:56,0,0,0.018537704
14/11/2020 18:06:57,0,0,0.018433498
14/11/2020 18:06:58,0,0,0.018329294
14/11/2020 18:06:59,0,0,0.018225089
14/11/2020 18:07:00,0,0,0.018120883
14/11/2020 18:07:01,0,0,0.018016677
14/11/2020 18:07:02,0,0,0.017912474
14/11/2020 18:07:03,0,0,0.017808268
14/11/2020 18:07:04,0,0,0.017704062
14/11/2020 18:07:05,0,0,0.017599856
14/11/2020 18:07:06,0,0,0.017495651
14/11/2020 18:07:07,0,0,0.017391447
14/11/2020 18:07:08,0,0,0.017287241
14/11/2020 18:07:09,0,0,0.017183036
14/11/2020 18:07:10,0,0,0.01707883
14/11/2020 18:07:11,0,0,0.016974624
14/11/2020 18:07:12,0,0,0.01687042
14/11/2020 18:07:13,0,0,0.016766215
14/11/2020 18:07:14,0,0,0.016662009
14/11/2020 18:07:15,0,0,0.016557803
14/11/2020 18:07:16,0,0,0.016453598
14/11/2020 18:07:17,0,0,0.016349394
14/11/2020 18:07:18,0,0,0.016245188
14/11/2020 18:07:19,0,0,0.016140983
14/11/2020 18:07:20,0,0,0.016036777
14/11/2020 18:07:21,0,0,0.015932573
14/11/2020 18:07:22,0,0,0.015828367
14/11/2020 18:07:23,0,0,0.015724162
14/11/2020 18:07:24,0,0,0.015619956
14/11/2020 18:07:25,0,0,0.015515751
14/11/2020 18:07:26,0,0,0.015411546
14/11/2020 18:07:27,0,0,0.015307341
14/11/2020 18:07:28,0,0,0.015203135
14/11/2020 18:07:29,0,0,0.015098929
14/11/2020 18:07:30,0,0,0.014994725
14/11/2020 18:07:31,0,0,0.014890519
14/11/2020 18:07:32,0,0,0.014786314
14/11/2020 18:07:33,0,0,0.014682109
14/11/2020 18:07:34,0,0,0.014577904
14/11/2020 18:07:35,0,0,0.014473698
14/11/2020 18:07:36,0,0,0.014369492
14/11/2020 18:07:37,0,0,0.014265288
14/11/2020 18:07:38,0,0,0.014161082
14/11/2020 18:07:39,0,0,0.014056877
14/11/2020 18:07:40,0,0,0.013952672
14/11/2020 18:07:41,0,0,0.013848466
14/11/2020 18:07:42,0,0,0.013744261
14/11/2020 18:07:43,0,0,0.013640055
14/11/2020 18:07:44,0,0,0.013535851
14/11/2020 18:07:45,0,0,0.013431645
14/11/2020 18:07:46,0,0,0.01332744
14/11/2020 18:07:47,0,0,0.013223235
14/11/2020 18:07:48,0,0,0.013119029
14/11/2020 18:07:49,0,0,0.013014824
14/11/2020 18:07:50,0,0,0.012910618
14/11/2020 18:07:51,0,0,0.012806414
14/11/2020 18:07:52,0,0,0.012702208
14/11/2020 18:07:53,0,0,0.012598003
14/11/2020 18:07:54,0,0,0.012493798
14/11/2020 18:07:55,0,0,0.012389592
14/11/2020 18:07:56,0,0,0.012285387
14/11/2020 18:07:57,0,0,0.012181181
14/11/2020 18:07:58,0,0,0.012076977
14/11/2020 18:07:59,0,0,0.011972771
14/11/2020 18:08:00,0,0,0.011868565
14/11/2020 18:08:01,0,0,0.011764361
14/11/2020 18:08:02,0,0,0.011660155
14/11/2020 18:08:03,0,0,0.01155595
14/11/2020 18:08:04,0,0,0.011451744
14/11/2020 18:08:05,0,0,0.01134754
14/11/2020 18:08:06,0,0,0.011243334
14/11/2020 18:08:07,0,0,0.011139128
14/11/2020 18:08:08,0,0,0.011034924
14/11/2020 18:08:09,0,0,0.010930718
14/11/2020 18:08:10,0,0,0.010826513
14/11/2020 18:08:11,0,0,0.010722307
14/11/2020 18:08:12,0,0,0.010618103
14/11/2020 18:08:13,0,0,0.010513897
14/11/2020 18:08:14,0,0,0.010409691
14/11/2020 18:08:15,0,0,0.010305487
14/11/2020 18:08:16,0,0,0.010201281
14/11/2020 18:08:17,0,0,0.010097076
14/11/2020 18:08:18,0,0,0.009992871
14/11/2020 18:08:19,0,0,0.009888665
14/11/2020 18:08:20,0,0,0.00978446
14/11/2020 18:08:21,0,0,0.009680254
14/11/2020 18:08:22,0,0,0.00957605
14/11/2020 18:08:23,0,0,0.009471844
14/11/2020 18:08:24,0,0,0.009367639
14/11/2020 18:08:25,0,0,0.009263434
14/11/2020 18:08:26,0,0,0.009159228
14/11/2020 18:08:27,0,0,0.009055023
14/11/2020 18:08:28,0,0,0.008950817
14/11/2020 18:08:29,0,0,0.008846613
14/11/2020 18:08:30,0,0,0.008742407
14/11/2020 18:08:31,0,0,0.008638202
14/11/2020 18:08:32,0,0,0.008533997
14/11/2020 18:08:33,0,0,0.008429791
14/11/2020 18:08:34,0,0,0.008325586
14/11/2020 18:08:35,0,0,0.00822138
14/11/2020 18:08:36,0,0,0.008117176
14/11/2020 18:08:37,0,0,0.00801297
14/11/2020 18:08:38,0,0,0.007908764
14/11/2020 18:08:39,0,0,0.00780456
14/11/2020 18:08:40,0,0,0.007700354
14/11/2020 18:08:41,0,0,0.007596149
14/11/2020 18:08:42,0,0,0.007491943
14/11/2020 18:08:43,0,0,0.007387738
14/11/2020 18:08:44,0,0,0.007283533
14/11/2020 18:08:45,0,0,0.007179328
14/11/2020 18:08:46,0,0,0.007075123
14/11/2020 18:08:47,0,0,0.006970917
14/11/2020 18:08:48,0,0,0.006866712
14/11/2020 18:08:49,0,0,0.006762506
14/11/2020 18:08:50,0,0,0.006658301
14/11/2020 18:08:51,0,0,0.006554096
14/11/2020 18:08:52,0,0,0.006449891
14/11/2020 18:08:53,0,0,0.006345686
14/11/2020 18:08:54,0,0,0.00624148
14/11/2020 18:08:55,0,0,0.006137275
14/11/2020 18:08:56,0,0,0.006033069
14/11/2020 18:08:57,0,0,0.005928864
14/11/2020 18:08:58,0,0,0.005824659
14/11/2020 18:08:59,0,0,0.005720454
14/11/2020 18:09:00,0,0,0.005616248
14/11/2020 18:09:01,0,0,0.005512043
14/11/2020 18:09:02,0,0,0.005407838
14/11/2020 18:09:03,0,0,0.005303632
14/11/2020 18:09:04,0,0,0.005199427
14/11/2020 18:09:05,0,0,0.005095222
14/11/2020 18:09:06,0,0,0.004991017
14/11/2020 18:09:07,0,0,0.004886811
14/11/2020 18:09:08,0,0,0.004782606
14/11/2020 18:09:09,0,0,0.004678401
14/11/2020 18:09:10,0,0,0.004574195
14/11/2020 18:09:11,0,0,0.00446999
14/11/2020 18:09:12,0,0,0.004365785
14/11/2020 18:09:13,0,0,0.004261579
14/11/2020 18:09:14,0,0,0.004157374
14/11/2020 18:09:15,0,0,0.004053169
14/11/2020 18:09:16,0,0,0.003948964
14/11/2020 18:09:17,0,0,0.003844758
14/11/2020 18:09:18,0,0,0.003740553
14/11/2020 18:09:19,0,0,0.003636348
14/11/2020 18:09:20,0,0,0.003532143
14/11/2020 18:09:21,0,0,0.003427937
14/11/2020 18:09:22,0,0,0.003323732
14/11/2020 18:09:23,0,0,0.003219527
14/11/2020 18:09:24,0,0,0.003115321
14/11/2020 18:09:25,0,0,0.003011116
14/11/2020 18:09:26,0,0,0.002906911
14/11/2020 18:09:27,0,0,0.002802705
14/11/2020 18:09:28,0,0,0.0026985
14/11/2020 18:09:29,0,0,0.002594295
14/11/2020 18:09:30,0,0,0.00249009
14/11/2020 18:09:31,0,0,0.002385884
14/11/2020 18:09:32,0,0,0.002281679
14/11/2020 18:09:33,0,0,0.002177474
14/11/2020 18:09:34,0,0,0.002073268
14/11/2020 18:09:35,0,0,0.001969063
14/11/2020 18:09:36,0,0,0.001864858
14/11/2020 18:09:37,0,0,0.001760653
14/11/2020 18:09:38,0,0,0.001656447
14/11/2020 18:09:39,0,0,0.001552242
14/11/2020 18:09:40,0,0,0.001448037
14/11/2020 18:09:41,0,0,0.001343831
14/11/2020 18:09:42,0,0,0.001239626
14/11/2020 18:09:43,0,0,0.001135421
14/11/2020 18:09:44,0,0,0.001031216
14/11/2020 18:09:45,0,0,0.00092701
14/11/2020 18:09:46,0,0,0.000822805
14/11/2020 18:09:47,0,0,0.0007186
14/11/2020 18:09:48,0,0,0.000614394
14/11/2020 18:09:49,0,0,0.000510189
14/11/2020 18:09:50,0,0,0.000405984
14/11/2020 18:09:51,0,0,0.000301779
14/11/2020 18:09:52,0,0,0.000197573
14/11/2020 18:09:53,0,0,9.33679E-05
14/11/2020 18:09:54,0,0,0
14/11/2020 18:09:55,0,0,0
14/11/2020 18:09:56,0,0,0
14/11/2020 18:09:57,0,0,0
14/11/2020 18:09:58,0,0,0
14/11/2020 18:09:59,0,0,0
14/11/2020 18:10:00,0,0,0
14/11/2020 18:10:01,0,0,0
14/11/2020 18:10:02,0,0,0
14/11/2020 18:10:03,0,0,0
14/11/2020 18:10:04,0,0,0
14/11/2020 18:10:05,0,0,0
14/11/2020 18:10:06,0,0,0
14/11/2020 18:10:07,0,0,0
14/11/2020 18:10:08,0,0,0
14/11/2020 18:10:09,0,0,0
14/11/2020 18:10:10,0,0,0
14/11/2020 18:10:11,0,0,0
14/11/2020 18:10:12,0,0,0
14/11/2020 18:10:13,0,0,0
14/11/2020 18:10:14,0,0,0
14/11/2020 18:10:15,0,0,0
14/11/2020 18:10:16,0,0,0
14/11/2020 18:10:17,0,0,0
14/11/2020 18:10:18,0,0,0
14/11/2020 18:10:19,0,0,0
14/11/2020 18:10:20,0,0,0
14/11/2020 18:10:21,0,0,0
14/11/2020 18:10:22,0,0,0
14/11/2020 18:10:23,0,0,0
14/11/2020 18:10:24,0,0,0
14/11/2020 18:10:25,0,0,0
14/11/2020 18:10:26,0,0,0
14/11/2020 18:10:27,0,0,0
14/11/2020 18:10:28,0,0,0
14/11/2020 18:10:29,0,0,0
14/11/2020 18:10:30,0,0,0
14/11/2020 18:10:31,0,0,0
14/11/2020 18:10:32,0,0,0
14/11/2020 18:10:33,0,0,0
14/11/2020 18:10:34,0,0,0
14/11/2020 18:10:35,0,0,0
14/11/2020 18:10:36,0,0,0
14/11/2020 18:10:37,0,0,0
14/11/2020 18:10:38,0,0,0
14/11/2020 18:10:39,0,0,0
14/11/2020 18:10:40,0,0,0
14/11/2020 18:10:41,0,0,0
14/11/2020 18:10:42,0,0,0
14/11/2020 18:10:43,0,0,0
14/11/2020 18:10:44,0,0,0
14/11/2020 18:10:45,0,0,0
14/11/2020 18:10:46,0,0,0
14/11/2020 18:10:47,0,0,0
14/11/2020 18:10:48,0,0,0
14/11/2020 18:10:49,0,0,0
14/11/2020 18:10:50,0,0,0
14/11/2020 18:10:51,0,0,0
14/11/2020 18:10:52,0,0,0
14/11/2020 18:10:53,0,0,0
14/11/2020 18:10:54,0,0,0
14/11/2020 18:10:55,0,0,0
14/11/2020 18:10:56,0,0,0
14/11/2020 18:10:57,0,0,0
14/11/2020 18:10:58,0,0,0
14/11/2020 18:10:59,0,0,0
14/11/2020 18:11:00,0,0,0
14/11/2020 18:11:01,0,0,0
14/11/2020 18:11:02,0,0,0
14/11/2020 18:11:03,0,0,0
14/11/2020 18:11:04,0,0,0
14/11/2020 18:11:05,0,0,0
14/11/2020 18:11:06,0,0,0
14/11/2020 18:11:07,0,0,0
14/11/2020 18:11:08,0,0,0
14/11/2020 18:11:09,0,0,0
14/11/2020 18:11:10,0,0,0
14/11/2020 18:11:11,0,0,0
14/11/2020 18:11:12,0,0,0
14/11/2020 18:11:13,0,0,0
14/11/2020 18:11:14,0,0,0
14/11/2020 18:11:15,0,0,0
14/11/2020 18:11:16,0,0,0
14/11/2020 18:11:17,0,0,0
14/11/2020 18:11:18,0,0,0
14/11/2020 18:11:19,0,0,0
14/11/2020 18:11:20,0,0,0
14/11/2020 18:11:21,0,0,0
14/11/2020 18:11:22,0,0,0
14/11/2020 18:11:23,0,0,0
14/11/2020 18:11:24,0,0,0
14/11/2020 18:11:25,0,0,0
14/11/2020 18:11:26,0,0,0
14/11/2020 18:11:27,0,0,0
14/11/2020 18:11:28,0,0,0
14/11/2020 18:11:29,0,0,0
14/11/2020 18:11:30,0,0,0
14/11/2020 18:11:31,0,0,0
14/11/2020 18:11:32,0,0,0
14/11/2020 18:11:33,0,0,0
14/11/2020 18:11:34,0,0,0
14/11/2020 18:11:35,0,0,0
14/11/2020 18:11:36,0,0,0
14/11/2020 18:11:37,0,0,0
14/11/2020 18:11:38,0,0,0
14/11/2020 18:11:39,0,0,0
14/11/2020 18:11:40,0,0,0
14/11/2020 18:11:41,0,0,0
14/11/2020 18:11:42,0,0,0
14/11/2020 18:11:43,0,0,0
14/11/2020 18:11:44,0,0,0
14/11/2020 18:11:45,0,0,0
14/11/2020 18:11:46,0,0,0
14/11/2020 18:11:47,0,0,0
14/11/2020 18:11:48,0,0,0
14/11/2020 18:11:49,0,0,0
14/11/2020 18:11:50,0,0,0
14/11/2020 18:11:51,0,0,0
14/11/2020 18:11:52,0,0,0
14/11/2020 18:11:53,0,0,0
14/11/2020 18:11:54,0,0,0
14/11/2020 18:11:55,0,0,0
14/11/2020 18:11:56,0,0,0
14/11/2020 18:11:57,0,0,0
14/11/2020 18:11:58,0,0,0
14/11/2020 18:11:59,0,0,0
14/11/2020 18:12:00,0,0,0
14/11/2020 18:12:01,0,0,0
14/11/2020 18:12:02,0,0,0
14/11/2020 18:12:03,0,0,0
14/11/2020 18:12:04,0,0,0
14/11/2020 18:12:05,0,0,0
14/11/2020 18:12:06,0,0,0
14/11/2020 18:12:07,0,0,0
14/11/2020 18:12:08,0,0,0
14/11/2020 18:12:09,0,0,0
14/11/2020 18:12:10,0,0,0
14/11/2020 18:12:11,0,0,0
14/11/2020 18:12:12,0,0,0
14/11/2020 18:12:13,0,0,0
14/11/2020 18:12:14,0,0,0
14/11/2020 18:12:15,0,0,0
14/11/2020 18:12:16,0,0,0
14/11/2020 18:12:17,0,0,0
14/11/2020 18:12:18,0,0,0
14/11/2020 18:12:19,0,0,0
14/11/2020 18:12:20,0,0,0
14/11/2020 18:12:21,0,0,0
14/11/2020 18:12:22,0,0,0
14/11/2020 18:12:23,0,0,0
14/11/2020 18:12:24,0,0,0
14/11/2020 18:12:25,0,0,0
14/11/2020 18:12:26,0,0,0
14/11/2020 18:12:27,0,0,0
14/11/2020 18:12:28,0,0,0
14/11/2020 18:12:29,0,0,0
14/11/2020 18:12:30,0,0,0
14/11/2020 18:12:31,0,0,0
14/11/2020 18:12:32,0,0,0
14/11/2020 18:12:33,0,0,0
14/11/2020 18:12:34,0,0,0
14/11/2020 18:12:35,0,0,0
14/11/2020 18:12:36,0,0,0
14/11/2020 18:12:37,0,0,0
14/11/2020 18:12:38,0,0,0
14/11/2020 18:12:39,0,0,0
14/11/2020 18:12:40,0,0,0
14/11/2020 18:12:41,0,0,0
14/11/2020 18:12:42,0,0,0
14/11/2020 18:12:43,0,0,0
14/11/2020 18:12:44,0,0,0
14/11/2020 18:12:45,0,0,0
14/11/2020 18:12:46,0,0,0
14/11/2020 18:12:47,0,0,0
14/11/2020 18:12:48,0,0,0
14/11/2020 18:12:49,0,0,0
14/11/2020 18:12:50,0,0,0
14/11/2020 18:12:51,0,0,0
14/11/2020 18:12:52,0,0,0
14/11/2020 18:12:53,0,0,0
14/11/2020 18:12:54,0,0,0
14/11/2020 18:12:55,0,0,0
14/11/2020 18:12:56,0,0,0
14/11/2020 18:12:57,0,0,0
14/11/2020 18:12:58,0,0,0
14/11/2020 18:12:59,0,0,0
14/11/2020 18:13:00,0,0,0
14/11/2020 18:13:01,0,0,0
14/11/2020 18:13:02,0,0,0
14/11/2020 18:13:03,0,0,0
14/11/2020 18:13:04,0,0,0
14/11/2020 18:13:05,0,0,0
14/11/2020 18:13:06,0,0,0
14/11/2020 18:13:07,0,0,0
14/11/2020 18:13:08,0,0,0
14/11/2020 18:13:09,0,0,0
14/11/2020 18:13:10,0,0,0
14/11/2020 18:13:11,0,0,0
14/11/2020 18:13:12,0,0,0
14/11/2020 18:13:13,0,0,0
14/11/2020 18:13:14,0,0,0
14/11/2020 18:13:15,0,0,0
14/11/2020 18:13:16,0,0,0
14/11/2020 18:13:17,0,0,0
14/11/2020 18:13:18,0,0,0
14/11/2020 18:13:19,0,0,0
14/11/2020 18:13:20,0,0,0
14/11/2020 18:13:21,0,0,0
14/11/2020 18:13:22,0,0,0
14/11/2020 18:13:23,0,0,0
14/11/2020 18:13:24,0,0,0
14/11/2020 18:13:25,0,0,0
14/11/2020 18:13:26,0,0,0
14/11/2020 18:13:27,0,0,0
14/11/2020 18:13:28,0,0,0
14/11/2020 18:13:29,0,0,0
14/11/2020 18:13:30,0,0,0
14/11/2020 18:13:31,0,0,0
14/11/2020 18:13:32,0,0,0
14/11/2020 18:13:33,0,0,0
14/11/2020 18:13:34,0,0,0
14/11/2020 18:13:35,0,0,0
14/11/2020 18:13:36,0,0,0
14/11/2020 18:13:37,0,0,0
14/11/2020 18:13:38,0,0,0
14/11/2020 18:13:39,0,0,0
14/11/2020 18:13:40,0,0,0
14/11/2020 18:13:41,0,0,0
14/11/2020 18:13:42,0,0,0
14/11/2020 18:13:43,0,0,0
14/11/2020 18:13:44,0,0,0
14/11/2020 18:13:45,0,0,0
14/11/2020 18:13:46,0,0,0
14/11/2020 18:13:47,0,0,0
14/11/2020 18:13:48,0,0,0
14/11/2020 18:13:49,0,0,0
14/11/2020 18:13:50,0,0,0
14/11/2020 18:13:51,0,0,0
14/11/2020 18:13:52,0,0,0
14/11/2020 18:13:53,0,0,0
14/11/2020 18:13:54,0,0,0
14/11/2020 18:13:55,0,0,0
14/11/2020 18:13:56,0,0,0
14/11/2020 18:13:57,0,0,0
14/11/2020 18:13:58,0,0,0
14/11/2020 18:13:59,0,0,0
14/11/2020 18:14:00,0,0,0
14/11/2020 18:14:01,0,0,0
14/11/2020 18:14:02,0,0,0
14/11/2020 18:14:03,0,0,0
14/11/2020 18:14:04,0,0,0
14/11/2020 18:14:05,0,0,0
14/11/2020 18:14:06,0,0,0
14/11/2020 18:14:07,0,0,0
14/11/2020 18:14:08,0,0,0
14/11/2020 18:14:09,0,0,0
14/11/2020 18:14:10,0,0,0
14/11/2020 18:14:11,0,0,0
14/11/2020 18:14:12,0,0,0
14/11/2020 18:14:13,0,0,0
14/11/2020 18:14:14,0,0,0
14/11/2020 18:14:15,0,0,0
14/11/2020 18:14:16,0,0,0
14/11/2020 18:14:17,0,0,0
14/11/2020 18:14:18,0,0,0
14/11/2020 18:14:19,0,0,0
14/11/2020 18:14:20,0,0,0
14/11/2020 18:14:21,0,0,0
14/11/2020 18:14:22,0,0,0
14/11/2020 18:14:23,0,0,0
14/11/2020 18:14:24,0,0,0
14/11/2020 18:14:25,0,0,0
14/11/2020 18:14:26,0,0,0
14/11/2020 18:14:27,0,0,0
14/11/2020 18:14:28,0,0,0
14/11/2020 18:14:29,0,0,0
14/11/2020 18:14:30,0,0,0
14/11/2020 18:14:31,0,0,0
14/11/2020 18:14:32,0,0,0
14/11/2020 18:14:33,0,0,0
14/11/2020 18:14:34,0,0,0
14/11/2020 18:14:35,0,0,0
14/11/2020 18:14:36,0,0,0
14/11/2020 18:14:37,0,0,0
14/11/2020 18:14:38,0,0,0
14/11/2020 18:14:39,0,0,0
14/11/2020 18:14:40,0,0,0
14/11/2020 18:14:41,0,0,0
14/11/2020 18:14:42,0,0,0
14/11/2020 18:14:43,0,0,0
14/11/2020 18:14:44,0,0,0
14/11/2020 18:14:45,0,0,0
14/11/2020 18:14:46,0,0,0
14/11/2020 18:14:47,0,0,0
14/11/2020 18:14:48,0,0,0
14/11/2020 18:14:49,0,0,0
14/11/2020 18:14:50,0,0,0
14/11/2020 18:14:51,0,0,0
14/11/2020 18:14:52,0,0,0
14/11/2020 18:14:53,0,0,0
14/11/2020 18:14:54,0,0,0
14/11/2020 18:14:55,0,0,0
14/11/2020 18:14:56,0,0,0
14/11/2020 18:14:57,0,0,0
14/11/2020 18:14:58,0,0,0
14/11/2020 18:14:59,0,0,0
14/11/2020 18:15:00,0,0,0
14/11/2020 18:15:01,0,0,0
14/11/2020 18:15:02,0,0,0
14/11/2020 18:15:03,0,0,0
14/11/2020 18:15:04,0,0,0
14/11/2020 18:15:05,0,0,0
14/11/2020 18:15:06,0,0,0
14/11/2020 18:15:07,0,0,0
14/11/2020 18:15:08,0,0,0
14/11/2020 18:15:09,0,0,0
14/11/2020 18:15:10,0,0,0
14/11/2020 18:15:11,0,0,0
14/11/2020 18:15:12,0,0,0
14/11/2020 18:15:13,0,0,0
14/11/2020 18:15:14,0,0,0
14/11/2020 18:15:15,0,0,0
14/11/2020 18:15:16,0,0,0
14/11/2020 18:15:17,0,0,0
14/11/2020 18:15:18,0,0,0
14/11/2020 18:15:19,0,0,0
14/11/2020 18:15:20,0,0,0
14/11/2020 18:15:21,0,0,0
14/11/2020 18:15:22,0,0,0
14/11/2020 18:15:23,0,0,0
14/11/2020 18:15:24,0,0,0
14/11/2020 18:15:25,0,0,0
14/11/2020 18:15:26,0,0,0
14/11/2020 18:15:27,0,0,0
14/11/2020 18:15:28,0,0,0
14/11/2020 18:15:29,0,0,0
14/11/2020 18:15:30,0,0,0
14/11/2020 18:15:31,0,0,0
14/11/2020 18:15:32,0,0,0
14/11/2020 18:15:33,0,0,0
14/11/2020 18:15:34,0,0,0
14/11/2020 18:15:35,0,0,0
14/11/2020 18:15:36,0,0,0
14/11/2020 18:15:37,0,0,0
14/11/2020 18:15:38,0,0,0
14/11/2020 18:15:39,0,0,0
14/11/2020 18:15:40,0,0,0
14/11/2020 18:15:41,0,0,0
14/11/2020 18:15:42,0,0,0
14/11/2020 18:15:43,0,0,0
14/11/2020 18:15:44,0,0,0
14/11/2020 18:15:45,0,0,0
14/11/2020 18:15:46,0,0,0
14/11/2020 18:15:47,0,0,0
14/11/2020 18:15:48,0,0,0
14/11/2020 18:15:49,0,0,0
14/11/2020 18:15:50,0,0,0
14/11/2020 18:15:51,0,0,0
14/11/2020 18:15:52,0,0,0
14/11/2020 18:15:53,0,0,0
14/11/2020 18:15:54,0,0,0
14/11/2020 18:15:55,0,0,0
14/11/2020 18:15:56,0,0,0
14/11/2020 18:15:57,0,0,0
14/11/2020 18:15:58,0,0,0
14/11/2020 18:15:59,0,0,0
14/11/2020 18:16:00,0,0,0
14/11/2020 18:16:01,0,0,0
14/11/2020 18:16:02,0,0,0
14/11/2020 18:16:03,0,0,0
14/11/2020 18:16:04,0,0,0
14/11/2020 18:16:05,0,0,0
14/11/2020 18:16:06,0,0,0
14/11/2020 18:16:07,0,0,0
14/11/2020 18:16:08,0,0,0
14/11/2020 18:16:09,0,0,0
14/11/2020 18:16:10,0,0,0
14/11/2020 18:16:11,0,0,0
14/11/2020 18:16:12,0,0,0
14/11/2020 18:16:13,0,0,0
14/11/2020 18:16:14,0,0,0
14/11/2020 18:16:15,0,0,0
14/11/2020 18:16:16,0,0,0
14/11/2020 18:16:17,0,0,0
14/11/2020 18:16:18,0,0,0
14/11/2020 18:16:19,0,0,0
14/11/2020 18:16:20,0,0,0
14/11/2020 18:16:21,0,0,0
14/11/2020 18:16:22,0,0,0
14/11/2020 18:16:23,0,0,0
14/11/2020 18:16:24,0,0,0
14/11/2020 18:16:25,0,0,0
14/11/2020 18:16:26,0,0,0
14/11/2020 18:16:27,0,0,0
14/11/2020 18:16:28,0,0,0
14/11/2020 18:16:29,0,0,0
14/11/2020 18:16:30,0,0,0
14/11/2020 18:16:31,0,0,0
14/11/2020 18:16:32,0,0,0
14/11/2020 18:16:33,0,0,0
14/11/2020 18:16:34,0,0,0
14/11/2020 18:16:35,0,0,0
14/11/2020 18:16:36,0,0,0
14/11/2020 18:16:37,0,0,0
14/11/2020 18:16:38,0,0,0
14/11/2020 18:16:39,0,0,0
14/11/2020 18:16:40,0,0,0
14/11/2020 18:16:41,0,0,0
14/11/2020 18:16:42,0,0,0
14/11/2020 18:16:43,0,0,0
14/11/2020 18:16:44,0,0,0
14/11/2020 18:16:45,0,0,0
14/11/2020 18:16:46,0,0,0
14/11/2020 18:16:47,0,0,0
14/11/2020 18:16:48,0,0,0
14/11/2020 18:16:49,0,0,0
14/11/2020 18:16:50,0,0,0
14/11/2020 18:16:51,0,0,0
14/11/2020 18:16:52,0,0,0
14/11/2020 18:16:53,0,0,0
14/11/2020 18:16:54,0,0,0
14/11/2020 18:16:55,0,0,0
14/11/2020 18:16:56,0,0,0
14/11/2020 18:16:57,0,0,0
14/11/2020 18:16:58,0,0,0
14/11/2020 18:16:59,0,0,0
14/11/2020 18:17:00,0,0,0
14/11/2020 18:17:01,0,0,0
14/11/2020 18:17:02,0,0,0
14/11/2020 18:17:03,0,0,0
14/11/2020 18:17:04,0,0,0
14/11/2020 18:17:05,0,0,0
14/11/2020 18:17:06,0,0,0
14/11/2020 18:17:07,0,0,0
14/11/2020 18:17:08,0,0,0
14/11/2020 18:17:09,0,0,0
14/11/2020 18:17:10,0,0,0
14/11/2020 18:17:11,0,0,0
14/11/2020 18:17:12,0,0,0
14/11/2020 18:17:13,0,0,0
14/11/2020 18:17:14,0,0,0
14/11/2020 18:17:15,0,0,0
14/11/2020 18:17:16,0,0,0
14/11/2020 18:17:17,0,0,0
14/11/2020 18:17:18,0,0,0
14/11/2020 18:17:19,0,0,0
14/11/2020 18:17:20,0,0,0
14/11/2020 18:17:21,0,0,0
14/11/2020 18:17:22,0,0,0
14/11/2020 18:17:23,0,0,0
14/11/2020 18:17:24,0,0,0
14/11/2020 18:17:25,0,0,0
14/11/2020 18:17:26,0,0,0
14/11/2020 18:17:27,0,0,0
14/11/2020 18:17:28,0,0,0
14/11/2020 18:17:29,0,0,0
14/11/2020 18:17:30,0,0,0
14/11/2020 18:17:31,0,0,0
14/11/2020 18:17:32,0,0,0
14/11/2020 18:17:33,0,0,0
14/11/2020 18:17:34,0,0,0
14/11/2020 18:17:35,0,0,0
14/11/2020 18:17:36,0,0,0
14/11/2020 18:17:37,0,0,0
14/11/2020 18:17:38,0,0,0
14/11/2020 18:17:39,0,0,0
14/11/2020 18:17:40,0,0,0
14/11/2020 18:17:41,0,0,0
14/11/2020 18:17:42,0,0,0
14/11/2020 18:17:43,0,0,0
14/11/2020 18:17:44,0,0,0
14/11/2020 18:17:45,0,0,0
14/11/2020 18:17:46,0,0,0
14/11/2020 18:17:47,0,0,0
14/11/2020 18:17:48,0,0,0
14/11/2020 18:17:49,0,0,0
14/11/2020 18:17:50,0,0,0
14/11/2020 18:17:51,0,0,0
14/11/2020 18:17:52,0,0,0
14/11/2020 18:17:53,0,0,0
14/11/2020 18:17:54,0,0,0
14/11/2020 18:17:55,0,0,0
14/11/2020 18:17:56,0,0,0
14/11/2020 18:17:57,0,0,0
14/11/2020 18:17:58,0,0,0
14/11/2020 18:17:59,0,0,0
14/11/2020 18:18:00,0,0,0
14/11/2020 18:18:01,0,0,0
14/11/2020 18:18:02,0,0,0
14/11/2020 18:18:03,0,0,0
14/11/2020 18:18:04,0,0,0
14/11/2020 18:18:05,0,0,0
14/11/2020 18:18:06,0,0,0
14/11/2020 18:18:07,0,0,0
14/11/2020 18:18:08,0,0,0
14/11/2020 18:18:09,0,0,0
14/11/2020 18:18:10,0,0,0
14/11/2020 18:18:11,0,0,0
14/11/2020 18:18:12,0,0,0
14/11/2020 18:18:13,0,0,0
14/11/2020 18:18:14,0,0,0
14/11/2020 18:18:15,0,0,0
14/11/2020 18:18:16,0,0,0
14/11/2020 18:18:17,0,0,0
14/11/2020 18:18:18,0,0,0
14/11/2020 18:18:19,0,0,0
14/11/2020 18:18:20,0,0,0
14/11/2020 18:18:21,0,0,0
14/11/2020 18:18:22,0,0,0
14/11/2020 18:18:23,0,0,0
14/11/2020 18:18:24,0,0,0
14/11/2020 18:18:25,0,0,0
14/11/2020 18:18:26,0,0,0
14/11/2020 18:18:27,0,0,0
14/11/2020 18:18:28,0,0,0
14/11/2020 18:18:29,0,0,0
14/11/2020 18:18:30,0,0,0
14/11/2020 18:18:31,0,0,0
14/11/2020 18:18:32,0,0,0
14/11/2020 18:18:33,0,0,0
14/11/2020 18:18:34,0,0,0
14/11/2020 18:18:35,0,0,0
14/11/2020 18:18:36,0,0,0
14/11/2020 18:18:37,0,0,0
14/11/2020 18:18:38,0,0,0
14/11/2020 18:18:39,0,0,0
14/11/2020 18:18:40,0,0,0
14/11/2020 18:18:41,0,0,0
14/11/2020 18:18:42,0,0,0
14/11/2020 18:18:43,0,0,0
14/11/2020 18:18:44,0,0,0
14/11/2020 18:18:45,0,0,0
14/11/2020 18:18:46,0,0,0
14/11/2020 18:18:47,0,0,0
14/11/2020 18:18:48,0,0,0
14/11/2020 18:18:49,0,0,0
14/11/2020 18:18:50,0,0,0
14/11/2020 18:18:51,0,0,0
14/11/2020 18:18:52,0,0,0
14/11/2020 18:18:53,0,0,0
14/11/2020 18:18:54,0,0,0
14/11/2020 18:18:55,0,0,0
14/11/2020 18:18:56,0,0,0
14/11/2020 18:18:57,0,0,0
14/11/2020 18:18:58,0,0,0
14/11/2020 18:18:59,0,0,0
14/11/2020 18:19:00,0,0,0
14/11/2020 18:19:01,0,0,0
14/11/2020 18:19:02,0,0,0
14/11/2020 18:19:03,0,0,0
14/11/2020 18:19:04,0,0,0
14/11/2020 18:19:05,0,0,0
14/11/2020 18:19:06,0,0,0
14/11/2020 18:19:07,0,0,0
14/11/2020 18:19:08,0,0,0
14/11/2020 18:19:09,0,0,0
14/11/2020 18:19:10,0,0,0
14/11/2020 18:19:11,0,0,0
14/11/2020 18:19:12,0,0,0
14/11/2020 18:19:13,0,0,0
14/11/2020 18:19:14,0,0,0
14/11/2020 18:19:15,0,0,0
14/11/2020 18:19:16,0,0,0
14/11/2020 18:19:17,0,0,0
14/11/2020 18:19:18,0,0,0
14/11/2020 18:19:19,0,0,0
14/11/2020 18:19:20,0,0,0
14/11/2020 18:19:21,0,0,0
14/11/2020 18:19:22,0,0,0
14/11/2020 18:19:23,0,0,0
14/11/2020 18:19:24,0,0,0
14/11/2020 18:19:25,0,0,0
14/11/2020 18:19:26,0,0,0
14/11/2020 18:19:27,0,0,0
14/11/2020 18:19:28,0,0,0
14/11/2020 18:19:29,0,0,0
14/11/2020 18:19:30,0,0,0
14/11/2020 18:19:31,0,0,0
14/11/2020 18:19:32,0,0,0
14/11/2020 18:19:33,0,0,0
14/11/2020 18:19:34,0,0,0
14/11/2020 18:19:35,0,0,0
14/11/2020 18:19:36,0,0,0
14/11/2020 18:19:37,0,0,0
14/11/2020 18:19:38,0,0,0
14/11/2020 18:19:39,0,0,0
14/11/2020 18:19:40,0,0,0
14/11/2020 18:19:41,0,0,0
14/11/2020 18:19:42,0,0,0
14/11/2020 18:19:43,0,0,0
14/11/2020 18:19:44,0,0,0
14/11/2020 18:19:45,0,0,0
14/11/2020 18:19:46,0,0,0
14/11/2020 18:19:47,0,0,0
14/11/2020 18:19:48,0,0,0
14/11/2020 18:19:49,0,0,0
14/11/2020 18:19:50,0,0,0
14/11/2020 18:19:51,0,0,0
14/11/2020 18:19:52,0,0,0
14/11/2020 18:19:53,0,0,0
14/11/2020 18:19:54,0,0,0
14/11/2020 18:19:55,0,0,0
14/11/2020 18:19:56,0,0,0
14/11/2020 18:19:57,0,0,0
14/11/2020 18:19:58,0,0,0
14/11/2020 18:19:59,0,0,0
14/11/2020 18:20:00,0,0,0
14/11/2020 18:20:01,0,0,0
14/11/2020 18:20:02,0,0,0
14/11/2020 18:20:03,0,0,0
14/11/2020 18:20:04,0,0,0
14/11/2020 18:20:05,0,0,0
14/11/2020 18:20:06,0,0,0
14/11/2020 18:20:07,0,0,0
14/11/2020 18:20:08,0,0,0
14/11/2020 18:20:09,0,0,0
14/11/2020 18:20:10,0,0,0
14/11/2020 18:20:11,0,0,0
14/11/2020 18:20:12,0,0,0
14/11/2020 18:20:13,0,0,0
14/11/2020 18:20:14,0,0,0
14/11/2020 18:20:15,0,0,0
14/11/2020 18:20:16,0,0,0
14/11/2020 18:20:17,0,0,0
14/11/2020 18:20:18,0,0,0
14/11/2020 18:20:19,0,0,0
14/11/2020 18:20:20,0,0,0
14/11/2020 18:20:21,0,0,0
14/11/2020 18:20:22,0,0,0
14/11/2020 18:20:23,0,0,0
14/11/2020 18:20:24,0,0,0
14/11/2020 18:20:25,0,0,0
14/11/2020 18:20:26,0,0,0
14/11/2020 18:20:27,0,0,0
14/11/2020 18:20:28,0,0,0
14/11/2020 18:20:29,0,0,0
14/11/2020 18:20:30,0,0,0
14/11/2020 18:20:31,0,0,0
14/11/2020 18:20:32,0,0,0
14/11/2020 18:20:33,0,0,0
14/11/2020 18:20:34,0,0,0
14/11/2020 18:20:35,0,0,0
14/11/2020 18:20:36,0,0,0
14/11/2020 18:20:37,0,0,0
14/11/2020 18:20:38,0,0,0
14/11/2020 18:20:39,0,0,0
14/11/2020 18:20:40,0,0,0
14/11/2020 18:20:41,0,0,0
14/11/2020 18:20:42,0,0,0
14/11/2020 18:20:43,0,0,0
14/11/2020 18:20:44,0,0,0
14/11/2020 18:20:45,0,0,0
14/11/2020 18:20:46,0,0,0
14/11/2020 18:20:47,0,0,0
14/11/2020 18:20:48,0,0,0
14/11/2020 18:20:49,0,0,0
14/11/2020 18:20:50,0,0,0
14/11/2020 18:20:51,0,0,0
14/11/2020 18:20:52,0,0,0
14/11/2020 18:20:53,0,0,0
14/11/2020 18:20:54,0,0,0
14/11/2020 18:20:55,0,0,0
14/11/2020 18:20:56,0,0,0
14/11/2020 18:20:57,0,0,0
14/11/2020 18:20:58,0,0,0
14/11/2020 18:20:59,0,0,0
14/11/2020 18:21:00,0,0,0
14/11/2020 18:21:01,0,0,0
14/11/2020 18:21:02,0,0,0
14/11/2020 18:21:03,0,0,0
14/11/2020 18:21:04,0,0,0
14/11/2020 18:21:05,0,0,0
14/11/2020 18:21:06,0,0,0
14/11/2020 18:21:07,0,0,0
14/11/2020 18:21:08,0,0,0
14/11/2020 18:21:09,0,0,0
14/11/2020 18:21:10,0,0,0
14/11/2020 18:21:11,0,0,0
14/11/2020 18:21:12,0,0,0
14/11/2020 18:21:13,0,0,0
14/11/2020 18:21:14,0,0,0
14/11/2020 18:21:15,0,0,0
14/11/2020 18:21:16,0,0,0
14/11/2020 18:21:17,0,0,0
14/11/2020 18:21:18,0,0,0
14/11/2020 18:21:19,0,0,0
14/11/2020 18:21:20,0,0,0
14/11/2020 18:21:21,0,0,0
14/11/2020 18:21:22,0,0,0
14/11/2020 18:21:23,0,0,0
14/11/2020 18:21:24,0,0,0
14/11/2020 18:21:25,0,0,0
14/11/2020 18:21:26,0,0,0
14/11/2020 18:21:27,0,0,0
14/11/2020 18:21:28,0,0,0
14/11/2020 18:21:29,0,0,0
14/11/2020 18:21:30,0,0,0
14/11/2020 18:21:31,0,0,0
14/11/2020 18:21:32,0,0,0
14/11/2020 18:21:33,0,0,0
14/11/2020 18:21:34,0,0,0
14/11/2020 18:21:35,0,0,0
14/11/2020 18:21:36,0,0,0
14/11/2020 18:21:37,0,0,0
14/11/2020 18:21:38,0,0,0
14/11/2020 18:21:39,0,0,0
14/11/2020 18:21:40,0,0,0
14/11/2020 18:21:41,0,0,0
14/11/2020 18:21:42,0,0,0
14/11/2020 18:21:43,0,0,0
14/11/2020 18:21:44,0,0,0
14/11/2020 18:21:45,0,0,0
14/11/2020 18:21:46,0,0,0
14/11/2020 18:21:47,0,0,0
14/11/2020 18:21:48,0,0,0
14/11/2020 18:21:49,0,0,0
14/11/2020 18:21:50,0,0,0
14/11/2020 18:21:51,0,0,0
14/11/2020 18:21:52,0,0,0
14/11/2020 18:21:53,0,0,0
14/11/2020 18:21:54,0,0,0
14/11/2020 18:21:55,0,0,0
14/11/2020 18:21:56,0,0,0
14/11/2020 18:21:57,0,0,0
14/11/2020 18:21:58,0,0,0
14/11/2020 18:21:59,0,0,0
14/11/2020 18:22:00,0,0,0
14/11/2020 18:22:01,0,0,0
14/11/2020 18:22:02,0,0,0
14/11/2020 18:22:03,0,0,0
14/11/2020 18:22:04,0,0,0
14/11/2020 18:22:05,0,0,0
14/11/2020 18:22:06,0,0,0
14/11/2020 18:22:07,0,0,0
14/11/2020 18:22:08,0,0,0
14/11/2020 18:22:09,0,0,0
14/11/2020 18:22:10,0,0,0
14/11/2020 18:22:11,0,0,0
14/11/2020 18:22:12,0,0,0
14/11/2020 18:22:13,0,0,0
14/11/2020 18:22:14,0,0,0
14/11/2020 18:22:15,0,0,0
14/11/2020 18:22:16,0,0,0
14/11/2020 18:22:17,0,0,0
14/11/2020 18:22:18,0,0,0
14/11/2020 18:22:19,0,0,0
14/11/2020 18:22:20,0,0,0
14/11/2020 18:22:21,0,0,0
14/11/2020 18:22:22,0,0,0
14/11/2020 18:22:23,0,0,0
14/11/2020 18:22:24,0,0,0
14/11/2020 18:22:25,0,0,0
14/11/2020 18:22:26,0,0,0
14/11/2020 18:22:27,0,0,0
14/11/2020 18:22:28,0,0,0
14/11/2020 18:22:29,0,0,0
14/11/2020 18:22:30,0,0,0
14/11/2020 18:22:31,0,0,0
14/11/2020 18:22:32,0,0,0
14/11/2020 18:22:33,0,0,0
14/11/2020 18:22:34,0,0,0
14/11/2020 18:22:35,0,0,0
14/11/2020 18:22:36,0,0,0
14/11/2020 18:22:37,0,0,0
14/11/2020 18:22:38,0,0,0
14/11/2020 18:22:39,0,0,0
14/11/2020 18:22:40,0,0,0
14/11/2020 18:22:41,0,0,0
14/11/2020 18:22:42,0,0,0
14/11/2020 18:22:43,0,0,0
14/11/2020 18:22:44,0,0,0
14/11/2020 18:22:45,0,0,0
14/11/2020 18:22:46,0,0,0
14/11/2020 18:22:47,0,0,0
14/11/2020 18:22:48,0,0,0
14/11/2020 18:22:49,0,0,0
14/11/2020 18:22:50,0,0,0
14/11/2020 18:22:51,0,0,0
14/11/2020 18:22:52,0,0,0
14/11/2020 18:22:53,0,0,0
14/11/2020 18:22:54,0,0,0
14/11/2020 18:22:55,0,0,0
14/11/2020 18:22:56,0,0,0
14/11/2020 18:22:57,0,0,0
14/11/2020 18:22:58,0,0,0
14/11/2020 18:22:59,0,0,0
14/11/2020 18:23:00,0,0,0
14/11/2020 18:23:01,0,0,0
14/11/2020 18:23:02,0,0,0
14/11/2020 18:23:03,0,0,0
14/11/2020 18:23:04,0,0,0
14/11/2020 18:23:05,0,0,0
14/11/2020 18:23:06,0,0,0
14/11/2020 18:23:07,0,0,0
14/11/2020 18:23:08,0,0,0
14/11/2020 18:23:09,0,0,0
14/11/2020 18:23:10,0,0,0
14/11/2020 18:23:11,0,0,0
14/11/2020 18:23:12,0,0,0
14/11/2020 18:23:13,0,0,0
14/11/2020 18:23:14,0,0,0
14/11/2020 18:23:15,0,0,0
14/11/2020 18:23:16,0,0,0
14/11/2020 18:23:17,0,0,0
14/11/2020 18:23:18,0,0,0
14/11/2020 18:23:19,0,0,0
14/11/2020 18:23:20,0,0,0
14/11/2020 18:23:21,0,0,0
14/11/2020 18:23:22,0,0,0
14/11/2020 18:23:23,0,0,0
14/11/2020 18:23:24,0,0,0
14/11/2020 18:23:25,0,0,0
14/11/2020 18:23:26,0,0,0
14/11/2020 18:23:27,0,0,0
14/11/2020 18:23:28,0,0,0
14/11/2020 18:23:29,0,0,0
14/11/2020 18:23:30,0,0,0
14/11/2020 18:23:31,0,0,0
14/11/2020 18:23:32,0,0,0
14/11/2020 18:23:33,0,0,0
14/11/2020 18:23:34,0,0,0
14/11/2020 18:23:35,0,0,0
14/11/2020 18:23:36,0,0,0
14/11/2020 18:23:37,0,0,0
14/11/2020 18:23:38,0,0,0
14/11/2020 18:23:39,0,0,0
14/11/2020 18:23:40,0,0,0
14/11/2020 18:23:41,0,0,0
14/11/2020 18:23:42,0,0,0
14/11/2020 18:23:43,0,0,0
14/11/2020 18:23:44,0,0,0
14/11/2020 18:23:45,0,0,0
14/11/2020 18:23:46,0,0,0
14/11/2020 18:23:47,0,0,0
14/11/2020 18:23:48,0,0,0
14/11/2020 18:23:49,0,0,0
14/11/2020 18:23:50,0,0,0
14/11/2020 18:23:51,0,0,0
14/11/2020 18:23:52,0,0,0
14/11/2020 18:23:53,0,0,0
14/11/2020 18:23:54,0,0,0
14/11/2020 18:23:55,0,0,0
14/11/2020 18:23:56,0,0,0
14/11/2020 18:23:57,0,0,0
14/11/2020 18:23:58,0,0,0
14/11/2020 18:23:59,0,0,0
14/11/2020 18:24:00,0,0,0
14/11/2020 18:24:01,0,0,0
14/11/2020 18:24:02,0,0,0
14/11/2020 18:24:03,0,0,0
14/11/2020 18:24:04,0,0,0
14/11/2020 18:24:05,0,0,0
14/11/2020 18:24:06,0,0,0
14/11/2020 18:24:07,0,0,0
14/11/2020 18:24:08,0,0,0
14/11/2020 18:24:09,0,0,0
14/11/2020 18:24:10,0,0,0
14/11/2020 18:24:11,0,0,0
14/11/2020 18:24:12,0,0,0
14/11/2020 18:24:13,0,0,0
14/11/2020 18:24:14,0,0,0
14/11/2020 18:24:15,0,0,0
14/11/2020 18:24:16,0,0,0
14/11/2020 18:24:17,0,0,0
14/11/2020 18:24:18,0,0,0
14/11/2020 18:24:19,0,0,0
14/11/2020 18:24:20,0,0,0
14/11/2020 18:24:21,0,0,0
14/11/2020 18:24:22,0,0,0
14/11/2020 18:24:23,0,0,0
14/11/2020 18:24:24,0,0,0
14/11/2020 18:24:25,0,0,0
14/11/2020 18:24:26,0,0,0
14/11/2020 18:24:27,0,0,0
14/11/2020 18:24:28,0,0,0
14/11/2020 18:24:29,0,0,0
14/11/2020 18:24:30,0,0,0
14/11/2020 18:24:31,0,0,0
14/11/2020 18:24:32,0,0,0
14/11/2020 18:24:33,0,0,0
14/11/2020 18:24:34,0,0,0
14/11/2020 18:24:35,0,0,0
14/11/2020 18:24:36,0,0,0
14/11/2020 18:24:37,0,0,0
14/11/2020 18:24:38,0,0,0
14/11/2020 18:24:39,0,0,0
14/11/2020 18:24:40,0,0,0
14/11/2020 18:24:41,0,0,0
14/11/2020 18:24:42,0,0,0
14/11/2020 18:24:43,0,0,0
14/11/2020 18:24:44,0,0,0
14/11/2020 18:24:45,0,0,0
14/11/2020 18:24:46,0,0,0
14/11/2020 18:24:47,0,0,0
14/11/2020 18:24:48,0,0,0
14/11/2020 18:24:49,0,0,0
14/11/2020 18:24:50,0,0,0
14/11/2020 18:24:51,0,0,0
14/11/2020 18:24:52,0,0,0
14/11/2020 18:24:53,0,0,0
14/11/2020 18:24:54,0,0,0
14/11/2020 18:24:55,0,0,0
14/11/2020 18:24:56,0,0,0
14/11/2020 18:24:57,0,0,0
14/11/2020 18:24:58,0,0,0
14/11/2020 18:24:59,0,0,0
14/11/2020 18:25:00,0,0,0
14/11/2020 18:25:01,0,0,0
14/11/2020 18:25:02,0,0,0
14/11/2020 18:25:03,0,0,0
14/11/2020 18:25:04,0,0,0
14/11/2020 18:25:05,0,0,0
14/11/2020 18:25:06,0,0,0
14/11/2020 18:25:07,0,0,0
14/11/2020 18:25:08,0,0,0
14/11/2020 18:25:09,0,0,0
14/11/2020 18:25:10,0,0,0
14/11/2020 18:25:11,0,0,0
14/11/2020 18:25:12,0,0,0
14/11/2020 18:25:13,0,0,0
14/11/2020 18:25:14,0,0,0
14/11/2020 18:25:15,0,0,0
14/11/2020 18:25:16,0,0,0
14/11/2020 18:25:17,0,0,0
14/11/2020 18:25:18,0,0,0
14/11/2020 18:25:19,0,0,0
14/11/2020 18:25:20,0,0,0
14/11/2020 18:25:21,0,0,0
14/11/2020 18:25:22,0,0,0
14/11/2020 18:25:23,0,0,0
14/11/2020 18:25:24,0,0,0
14/11/2020 18:25:25,0,0,0
14/11/2020 18:25:26,0,0,0
14/11/2020 18:25:27,0,0,0
14/11/2020 18:25:28,0,0,0
14/11/2020 18:25:29,0,0,0
14/11/2020 18:25:30,0,0,0
14/11/2020 18:25:31,0,0,0
14/11/2020 18:25:32,0,0,0
14/11/2020 18:25:33,0,0,0
14/11/2020 18:25:34,0,0,0
14/11/2020 18:25:35,0,0,0
14/11/2020 18:25:36,0,0,0
14/11/2020 18:25:37,0,0,0
14/11/2020 18:25:38,0,0,0
14/11/2020 18:25:39,0,0,0
14/11/2020 18:25:40,0,0,0
14/11/2020 18:25:41,0,0,0
14/11/2020 18:25:42,0,0,0
14/11/2020 18:25:43,0,0,0
14/11/2020 18:25:44,0,0,0
14/11/2020 18:25:45,0,0,0
14/11/2020 18:25:46,0,0,0
14/11/2020 18:25:47,0,0,0
14/11/2020 18:25:48,0,0,0
14/11/2020 18:25:49,0,0,0
14/11/2020 18:25:50,0,0,0
14/11/2020 18:25:51,0,0,0
14/11/2020 18:25:52,0,0,0
14/11/2020 18:25:53,0,0,0
14/11/2020 18:25:54,0,0,0
14/11/2020 18:25:55,0,0,0
14/11/2020 18:25:56,0,0,0
14/11/2020 18:25:57,0,0,0
14/11/2020 18:25:58,0,0,0
14/11/2020 18:25:59,0,0,0
14/11/2020 18:26:00,0,0,0
14/11/2020 18:26:01,0,0,0
14/11/2020 18:26:02,0,0,0
14/11/2020 18:26:03,0,0,0
14/11/2020 18:26:04,0,0,0
14/11/2020 18:26:05,0,0,0
14/11/2020 18:26:06,0,0,0
14/11/2020 18:26:07,0,0,0
14/11/2020 18:26:08,0,0,0
14/11/2020 18:26:09,0,0,0
14/11/2020 18:26:10,0,0,0
14/11/2020 18:26:11,0,0,0
14/11/2020 18:26:12,0,0,0
14/11/2020 18:26:13,0,0,0
14/11/2020 18:26:14,0,0,0
14/11/2020 18:26:15,0,0,0
14/11/2020 18:26:16,0,0,0
14/11/2020 18:26:17,0,0,0
14/11/2020 18:26:18,0,0,0
14/11/2020 18:26:19,0,0,0
14/11/2020 18:26:20,0,0,0
14/11/2020 18:26:21,0,0,0
14/11/2020 18:26:22,0,0,0
14/11/2020 18:26:23,0,0,0
14/11/2020 18:26:24,0,0,0
14/11/2020 18:26:25,0,0,0
14/11/2020 18:26:26,0,0,0
14/11/2020 18:26:27,0,0,0
14/11/2020 18:26:28,0,0,0
14/11/2020 18:26:29,0,0,0
14/11/2020 18:26:30,0,0,0
14/11/2020 18:26:31,0,0,0
14/11/2020 18:26:32,0,0,0
14/11/2020 18:26:33,0,0,0
14/11/2020 18:26:34,0,0,0
14/11/2020 18:26:35,0,0,0
14/11/2020 18:26:36,0,0,0
14/11/2020 18:26:37,0,0,0
14/11/2020 18:26:38,0,0,0
14/11/2020 18:26:39,0,0,0
14/11/2020 18:26:40,0,0,0
14/11/2020 18:26:41,0,0,0
14/11/2020 18:26:42,0,0,0
14/11/2020 18:26:43,0,0,0
14/11/2020 18:26:44,0,0,0
14/11/2020 18:26:45,0,0,0
14/11/2020 18:26:46,0,0,0
14/11/2020 18:26:47,0,0,0
14/11/2020 18:26:48,0,0,0
14/11/2020 18:26:49,0,0,0
14/11/2020 18:26:50,0,0,0
14/11/2020 18:26:51,0,0,0
14/11/2020 18:26:52,0,0,0
14/11/2020 18:26:53,0,0,0
14/11/2020 18:26:54,0,0,0
14/11/2020 18:26:55,0,0,0
14/11/2020 18:26:56,0,0,0
14/11/2020 18:26:57,0,0,0
14/11/2020 18:26:58,0,0,0
14/11/2020 18:26:59,0,0,0
14/11/2020 18:27:00,0,0,0
14/11/2020 18:27:01,0,0,0
14/11/2020 18:27:02,0,0,0
14/11/2020 18:27:03,0,0,0
14/11/2020 18:27:04,0,0,0
14/11/2020 18:27:05,0,0,0
14/11/2020 18:27:06,0,0,0
14/11/2020 18:27:07,0,0,0
14/11/2020 18:27:08,0,0,0
14/11/2020 18:27:09,0,0,0
14/11/2020 18:27:10,0,0,0
14/11/2020 18:27:11,0,0,0
14/11/2020 18:27:12,0,0,0
14/11/2020 18:27:13,0,0,0
14/11/2020 18:27:14,0,0,0
14/11/2020 18:27:15,0,0,0
14/11/2020 18:27:16,0,0,0
14/11/2020 18:27:17,0,0,0
14/11/2020 18:27:18,0,0,0
14/11/2020 18:27:19,0,0,0
14/11/2020 18:27:20,0,0,0
14/11/2020 18:27:21,0,0,0
14/11/2020 18:27:22,0,0,0
14/11/2020 18:27:23,0,0,0
14/11/2020 18:27:24,0,0,0
14/11/2020 18:27:25,0,0,0
14/11/2020 18:27:26,0,0,0
14/11/2020 18:27:27,0,0,0
14/11/2020 18:27:28,0,0,0
14/11/2020 18:27:29,0,0,0
14/11/2020 18:27:30,0,0,0
14/11/2020 18:27:31,0,0,0
14/11/2020 18:27:32,0,0,0
14/11/2020 18:27:33,0,0,0
14/11/2020 18:27:34,0,0,0
14/11/2020 18:27:35,0,0,0
14/11/2020 18:27:36,0,0,0
14/11/2020 18:27:37,0,0,0
14/11/2020 18:27:38,0,0,0
14/11/2020 18:27:39,0,0,0
14/11/2020 18:27:40,0,0,0
14/11/2020 18:27:41,0,0,0
14/11/2020 18:27:42,0,0,0
14/11/2020 18:27:43,0,0,0
14/11/2020 18:27:44,0,0,0
14/11/2020 18:27:45,0,0,0
14/11/2020 18:27:46,0,0,0
14/11/2020 18:27:47,0,0,0
14/11/2020 18:27:48,0,0,0
14/11/2020 18:27:49,0,0,0
14/11/2020 18:27:50,0,0,0
14/11/2020 18:27:51,0,0,0
14/11/2020 18:27:52,0,0,0
14/11/2020 18:27:53,0,0,0
14/11/2020 18:27:54,0,0,0
14/11/2020 18:27:55,0,0,0
14/11/2020 18:27:56,0,0,0
14/11/2020 18:27:57,0,0,0
14/11/2020 18:27:58,0,0,0
14/11/2020 18:27:59,0,0,0
14/11/2020 18:28:00,0,0,0
14/11/2020 18:28:01,0,0,0
14/11/2020 18:28:02,0,0,0
14/11/2020 18:28:03,0,0,0
14/11/2020 18:28:04,0,0,0
14/11/2020 18:28:05,0,0,0
14/11/2020 18:28:06,0,0,0
14/11/2020 18:28:07,0,0,0
14/11/2020 18:28:08,0,0,0
14/11/2020 18:28:09,0,0,0
14/11/2020 18:28:10,0,0,0
14/11/2020 18:28:11,0,0,0
14/11/2020 18:28:12,0,0,0
14/11/2020 18:28:13,0,0,0
14/11/2020 18:28:14,0,0,0
14/11/2020 18:28:15,0,0,0
14/11/2020 18:28:16,0,0,0
14/11/2020 18:28:17,0,0,0
14/11/2020 18:28:18,0,0,0
14/11/2020 18:28:19,0,0,0
14/11/2020 18:28:20,0,0,0
14/11/2020 18:28:21,0,0,0
14/11/2020 18:28:22,0,0,0
14/11/2020 18:28:23,0,0,0
14/11/2020 18:28:24,0,0,0
14/11/2020 18:28:25,0,0,0
14/11/2020 18:28:26,0,0,0
14/11/2020 18:28:27,0,0,0
14/11/2020 18:28:28,0,0,0
14/11/2020 18:28:29,0,0,0
14/11/2020 18:28:30,0,0,0
14/11/2020 18:28:31,0,0,0
14/11/2020 18:28:32,0,0,0
14/11/2020 18:28:33,0,0,0
14/11/2020 18:28:34,0,0,0
14/11/2020 18:28:35,0,0,0
14/11/2020 18:28:36,0,0,0
14/11/2020 18:28:37,0,0,0
14/11/2020 18:28:38,0,0,0
14/11/2020 18:28:39,0,0,0
14/11/2020 18:28:40,0,0,0
14/11/2020 18:28:41,0,0,0
14/11/2020 18:28:42,0,0,0
14/11/2020 18:28:43,0,0,0
14/11/2020 18:28:44,0,0,0
14/11/2020 18:28:45,0,0,0
14/11/2020 18:28:46,0,0,0
14/11/2020 18:28:47,0,0,0
14/11/2020 18:28:48,0,0,0
14/11/2020 18:28:49,0,0,0
14/11/2020 18:28:50,0,0,0
14/11/2020 18:28:51,0,0,0
14/11/2020 18:28:52,0,0,0
14/11/2020 18:28:53,0,0,0
14/11/2020 18:28:54,0,0,0
14/11/2020 18:28:55,0,0,0
14/11/2020 18:28:56,0,0,0
14/11/2020 18:28:57,0,0,0
14/11/2020 18:28:58,0,0,0
14/11/2020 18:28:59,0,0,0
14/11/2020 18:29:00,0,0,0
14/11/2020 18:29:01,0,0,0
14/11/2020 18:29:02,0,0,0
14/11/2020 18:29:03,0,0,0
14/11/2020 18:29:04,0,0,0
14/11/2020 18:29:05,0,0,0
14/11/2020 18:29:06,0,0,0
14/11/2020 18:29:07,0,0,0
14/11/2020 18:29:08,0,0,0
14/11/2020 18:29:09,0,0,0
14/11/2020 18:29:10,0,0,0
14/11/2020 18:29:11,0,0,0
14/11/2020 18:29:12,0,0,0
14/11/2020 18:29:13,0,0,0
14/11/2020 18:29:14,0,0,0
14/11/2020 18:29:15,0,0,0
14/11/2020 18:29:16,0,0,0
14/11/2020 18:29:17,0,0,0
14/11/2020 18:29:18,0,0,0
14/11/2020 18:29:19,0,0,0
14/11/2020 18:29:20,0,0,0
14/11/2020 18:29:21,0,0,0
14/11/2020 18:29:22,0,0,0
14/11/2020 18:29:23,0,0,0
14/11/2020 18:29:24,0,0,0
14/11/2020 18:29:25,0,0,0
14/11/2020 18:29:26,0,0,0
14/11/2020 18:29:27,0,0,0
14/11/2020 18:29:28,0,0,0
14/11/2020 18:29:29,0,0,0
14/11/2020 18:29:30,0,0,0
14/11/2020 18:29:31,0,0,0
14/11/2020 18:29:32,0,0,0
14/11/2020 18:29:33,0,0,0
14/11/2020 18:29:34,0,0,0
14/11/2020 18:29:35,0,0,0
14/11/2020 18:29:36,0,0,0
14/11/2020 18:29:37,0,0,0
14/11/2020 18:29:38,0,0,0
14/11/2020 18:29:39,0,0,0
14/11/2020 18:29:40,0,0,0
14/11/2020 18:29:41,0,0,0
14/11/2020 18:29:42,0,0,0
14/11/2020 18:29:43,0,0,0
14/11/2020 18:29:44,0,0,0
14/11/2020 18:29:45,0,0,0
14/11/2020 18:29:46,0,0,0
14/11/2020 18:29:47,0,0,0
14/11/2020 18:29:48,0,0,0
14/11/2020 18:29:49,0,0,0
14/11/2020 18:29:50,0,0,0
14/11/2020 18:29:51,0,0,0
14/11/2020 18:29:52,0,0,0
14/11/2020 18:29:53,0,0,0
14/11/2020 18:29:54,0,0,0
14/11/2020 18:29:55,0,0,0
14/11/2020 18:29:56,0,0,0
14/11/2020 18:29:57,0,0,0
14/11/2020 18:29:58,0,0,0
14/11/2020 18:29:59,0,0,0
14/11/2020 18:30:00,0,0,0
14/11/2020 18:30:01,0,0,0
14/11/2020 18:30:02,0,0,0
14/11/2020 18:30:03,0,0,0
14/11/2020 18:30:04,0,0,0
14/11/2020 18:30:05,0,0,0
14/11/2020 18:30:06,0,0,0
14/11/2020 18:30:07,0,0,0
14/11/2020 18:30:08,0,0,0
14/11/2020 18:30:09,0,0,0
14/11/2020 18:30:10,0,0,0
14/11/2020 18:30:11,0,0,0
14/11/2020 18:30:12,0,0,0
14/11/2020 18:30:13,0,0,0
14/11/2020 18:30:14,0,0,0
14/11/2020 18:30:15,0,0,0
14/11/2020 18:30:16,0,0,0
14/11/2020 18:30:17,0,0,0
14/11/2020 18:30:18,0,0,0
14/11/2020 18:30:19,0,0,0
14/11/2020 18:30:20,0,0,0
14/11/2020 18:30:21,0,0,0
14/11/2020 18:30:22,0,0,0
14/11/2020 18:30:23,0,0,0
14/11/2020 18:30:24,0,0,0
14/11/2020 18:30:25,0,0,0
14/11/2020 18:30:26,0,0,0
14/11/2020 18:30:27,0,0,0
14/11/2020 18:30:28,0,0,0
14/11/2020 18:30:29,0,0,0
14/11/2020 18:30:30,0,0,0
14/11/2020 18:30:31,0,0,0
14/11/2020 18:30:32,0,0,0
14/11/2020 18:30:33,0,0,0
14/11/2020 18:30:34,0,0,0
14/11/2020 18:30:35,0,0,0
14/11/2020 18:30:36,0,0,0
14/11/2020 18:30:37,0,0,0
14/11/2020 18:30:38,0,0,0
14/11/2020 18:30:39,0,0,0
14/11/2020 18:30:40,0,0,0
14/11/2020 18:30:41,0,0,0
14/11/2020 18:30:42,0,0,0
14/11/2020 18:30:43,0,0,0
14/11/2020 18:30:44,0,0,0
14/11/2020 18:30:45,0,0,0
14/11/2020 18:30:46,0,0,0
14/11/2020 18:30:47,0,0,0
14/11/2020 18:30:48,0,0,0
14/11/2020 18:30:49,0,0,0
14/11/2020 18:30:50,0,0,0
14/11/2020 18:30:51,0,0,0
14/11/2020 18:30:52,0,0,0
14/11/2020 18:30:53,0,0,0
14/11/2020 18:30:54,0,0,0
14/11/2020 18:30:55,0,0,0
14/11/2020 18:30:56,0,0,0
14/11/2020 18:30:57,0,0,0
14/11/2020 18:30:58,0,0,0
14/11/2020 18:30:59,0,0,0
14/11/2020 18:31:00,0,0,0
14/11/2020 18:31:01,0,0,0
14/11/2020 18:31:02,0,0,0
14/11/2020 18:31:03,0,0,0
14/11/2020 18:31:04,0,0,0
14/11/2020 18:31:05,0,0,0
14/11/2020 18:31:06,0,0,0
14/11/2020 18:31:07,0,0,0
14/11/2020 18:31:08,0,0,0
14/11/2020 18:31:09,0,0,0
14/11/2020 18:31:10,0,0,0
14/11/2020 18:31:11,0,0,0
14/11/2020 18:31:12,0,0,0
14/11/2020 18:31:13,0,0,0
14/11/2020 18:31:14,0,0,0
14/11/2020 18:31:15,0,0,0
14/11/2020 18:31:16,0,0,0
14/11/2020 18:31:17,0,0,0
14/11/2020 18:31:18,0,0,0
14/11/2020 18:31:19,0,0,0
14/11/2020 18:31:20,0,0,0
14/11/2020 18:31:21,0,0,0
14/11/2020 18:31:22,0,0,0
14/11/2020 18:31:23,0,0,0
14/11/2020 18:31:24,0,0,0
14/11/2020 18:31:25,0,0,0
14/11/2020 18:31:26,0,0,0
14/11/2020 18:31:27,0,0,0
14/11/2020 18:31:28,0,0,0
14/11/2020 18:31:29,0,0,0
14/11/2020 18:31:30,0,0,0
14/11/2020 18:31:31,0,0,0
14/11/2020 18:31:32,0,0,0
14/11/2020 18:31:33,0,0,0
14/11/2020 18:31:34,0,0,0
14/11/2020 18:31:35,0,0,0
14/11/2020 18:31:36,0,0,0
14/11/2020 18:31:37,0,0,0
14/11/2020 18:31:38,0,0,0
14/11/2020 18:31:39,0,0,0
14/11/2020 18:31:40,0,0,0
14/11/2020 18:31:41,0,0,0
14/11/2020 18:31:42,0,0,0
14/11/2020 18:31:43,0,0,0
14/11/2020 18:31:44,0,0,0
14/11/2020 18:31:45,0,0,0
14/11/2020 18:31:46,0,0,0
14/11/2020 18:31:47,0,0,0
14/11/2020 18:31:48,0,0,0
14/11/2020 18:31:49,0,0,0
14/11/2020 18:31:50,0,0,0
14/11/2020 18:31:51,0,0,0
14/11/2020 18:31:52,0,0,0
14/11/2020 18:31:53,0,0,0
14/11/2020 18:31:54,0,0,0
14/11/2020 18:31:55,0,0,0
14/11/2020 18:31:56,0,0,0
14/11/2020 18:31:57,0,0,0
14/11/2020 18:31:58,0,0,0
14/11/2020 18:31:59,0,0,0
14/11/2020 18:32:00,0,0,0
14/11/2020 18:32:01,0,0,0
14/11/2020 18:32:02,0,0,0
14/11/2020 18:32:03,0,0,0
14/11/2020 18:32:04,0,0,0
14/11/2020 18:32:05,0,0,0
14/11/2020 18:32:06,0,0,0
14/11/2020 18:32:07,0,0,0
14/11/2020 18:32:08,0,0,0
14/11/2020 18:32:09,0,0,0
14/11/2020 18:32:10,0,0,0
14/11/2020 18:32:11,0,0,0
14/11/2020 18:32:12,0,0,0
14/11/2020 18:32:13,0,0,0
14/11/2020 18:32:14,0,0,0
14/11/2020 18:32:15,0,0,0
14/11/2020 18:32:16,0,0,0
14/11/2020 18:32:17,0,0,0
14/11/2020 18:32:18,0,0,0
14/11/2020 18:32:19,0,0,0
14/11/2020 18:32:20,0,0,0
14/11/2020 18:32:21,0,0,0
14/11/2020 18:32:22,0,0,0
14/11/2020 18:32:23,0,0,0
14/11/2020 18:32:24,0,0,0
14/11/2020 18:32:25,0,0,0
14/11/2020 18:32:26,0,0,0
14/11/2020 18:32:27,0,0,0
14/11/2020 18:32:28,0,0,0
14/11/2020 18:32:29,0,0,0
14/11/2020 18:32:30,0,0,0
14/11/2020 18:32:31,0,0,0
14/11/2020 18:32:32,0,0,0
14/11/2020 18:32:33,0,0,0
14/11/2020 18:32:34,0,0,0
14/11/2020 18:32:35,0,0,0
14/11/2020 18:32:36,0,0,0
14/11/2020 18:32:37,0,0,0
14/11/2020 18:32:38,0,0,0
14/11/2020 18:32:39,0,0,0
14/11/2020 18:32:40,0,0,0
14/11/2020 18:32:41,0,0,0
14/11/2020 18:32:42,0,0,0
14/11/2020 18:32:43,0,0,0
14/11/2020 18:32:44,0,0,0
14/11/2020 18:32:45,0,0,0
14/11/2020 18:32:46,0,0,0
14/11/2020 18:32:47,0,0,0
14/11/2020 18:32:48,0,0,0
14/11/2020 18:32:49,0,0,0
14/11/2020 18:32:50,0,0,0
14/11/2020 18:32:51,0,0,0
14/11/2020 18:32:52,0,0,0
14/11/2020 18:32:53,0,0,0
14/11/2020 18:32:54,0,0,0
14/11/2020 18:32:55,0,0,0
14/11/2020 18:32:56,0,0,0
14/11/2020 18:32:57,0,0,0
14/11/2020 18:32:58,0,0,0
14/11/2020 18:32:59,0,0,0
14/11/2020 18:33:00,0,0,0
14/11/2020 18:33:01,0,0,0
14/11/2020 18:33:02,0,0,0
14/11/2020 18:33:03,0,0,0
14/11/2020 18:33:04,0,0,0
14/11/2020 18:33:05,0,0,0
14/11/2020 18:33:06,0,0,0
14/11/2020 18:33:07,0,0,0
14/11/2020 18:33:08,0,0,0
14/11/2020 18:33:09,0,0,0
14/11/2020 18:33:10,0,0,0
14/11/2020 18:33:11,0,0,0
14/11/2020 18:33:12,0,0,0
14/11/2020 18:33:13,0,0,0
14/11/2020 18:33:14,0,0,0
14/11/2020 18:33:15,0,0,0
14/11/2020 18:33:16,0,0,0
14/11/2020 18:33:17,0,0,0
14/11/2020 18:33:18,0,0,0
14/11/2020 18:33:19,0,0,0
14/11/2020 18:33:20,0,0,0
14/11/2020 18:33:21,0,0,0
14/11/2020 18:33:22,0,0,0
14/11/2020 18:33:23,0,0,0
14/11/2020 18:33:24,0,0,0
14/11/2020 18:33:25,0,0,0
14/11/2020 18:33:26,0,0,0
14/11/2020 18:33:27,0,0,0
14/11/2020 18:33:28,0,0,0
14/11/2020 18:33:29,0,0,0
14/11/2020 18:33:30,0,0,0
14/11/2020 18:33:31,0,0,0
14/11/2020 18:33:32,0,0,0
14/11/2020 18:33:33,0,0,0
14/11/2020 18:33:34,0,0,0
14/11/2020 18:33:35,0,0,0
14/11/2020 18:33:36,0,0,0
14/11/2020 18:33:37,0,0,0
14/11/2020 18:33:38,0,0,0
14/11/2020 18:33:39,0,0,0
14/11/2020 18:33:40,0,0,0
14/11/2020 18:33:41,0,0,0
14/11/2020 18:33:42,0,0,0
14/11/2020 18:33:43,0,0,0
14/11/2020 18:33:44,0,0,0
14/11/2020 18:33:45,0,0,0
14/11/2020 18:33:46,0,0,0
14/11/2020 18:33:47,0,0,0
14/11/2020 18:33:48,0,0,0
14/11/2020 18:33:49,0,0,0
14/11/2020 18:33:50,0,0,0
14/11/2020 18:33:51,0,0,0
14/11/2020 18:33:52,0,0,0
14/11/2020 18:33:53,0,0,0
14/11/2020 18:33:54,0,0,0
14/11/2020 18:33:55,0,0,0
14/11/2020 18:33:56,0,0,0
14/11/2020 18:33:57,0,0,0
14/11/2020 18:33:58,0,0,0
14/11/2020 18:33:59,0,0,0
14/11/2020 18:34:00,0,0,0
14/11/2020 18:34:01,0,0,0
14/11/2020 18:34:02,0,0,0
14/11/2020 18:34:03,0,0,0
14/11/2020 18:34:04,0,0,0
14/11/2020 18:34:05,0,0,0
14/11/2020 18:34:06,0,0,0
14/11/2020 18:34:07,0,0,0
14/11/2020 18:34:08,0,0,0
14/11/2020 18:34:09,0,0,0
14/11/2020 18:34:10,0,0,0
14/11/2020 18:34:11,0,0,0
14/11/2020 18:34:12,0,0,0
14/11/2020 18:34:13,0,0,0
14/11/2020 18:34:14,0,0,0
14/11/2020 18:34:15,0,0,0
14/11/2020 18:34:16,0,0,0
14/11/2020 18:34:17,0,0,0
14/11/2020 18:34:18,0,0,0
14/11/2020 18:34:19,0,0,0
14/11/2020 18:34:20,0,0,0
14/11/2020 18:34:21,0,0,0
14/11/2020 18:34:22,0,0,0
14/11/2020 18:34:23,0,0,0
14/11/2020 18:34:24,0,0,0
14/11/2020 18:34:25,0,0,0
14/11/2020 18:34:26,0,0,0
14/11/2020 18:34:27,0,0,0
14/11/2020 18:34:28,0,0,0
14/11/2020 18:34:29,0,0,0
14/11/2020 18:34:30,0,0,0
14/11/2020 18:34:31,0,0,0
14/11/2020 18:34:32,0,0,0
14/11/2020 18:34:33,0,0,0
14/11/2020 18:34:34,0,0,0
14/11/2020 18:34:35,0,0,0
14/11/2020 18:34:36,0,0,0
14/11/2020 18:34:37,0,0,0
14/11/2020 18:34:38,0,0,0
14/11/2020 18:34:39,0,0,0
14/11/2020 18:34:40,0,0,0
14/11/2020 18:34:41,0,0,0
14/11/2020 18:34:42,0,0,0
14/11/2020 18:34:43,0,0,0
14/11/2020 18:34:44,0,0,0
14/11/2020 18:34:45,0,0,0
14/11/2020 18:34:46,0,0,0
14/11/2020 18:34:47,0,0,0
14/11/2020 18:34:48,0,0,0
14/11/2020 18:34:49,0,0,0
14/11/2020 18:34:50,0,0,0
14/11/2020 18:34:51,0,0,0
14/11/2020 18:34:52,0,0,0
14/11/2020 18:34:53,0,0,0
14/11/2020 18:34:54,0,0,0
14/11/2020 18:34:55,0,0,0
14/11/2020 18:34:56,0,0,0
14/11/2020 18:34:57,0,0,0
14/11/2020 18:34:58,0,0,0
14/11/2020 18:34:59,0,0,0
14/11/2020 18:35:00,0,0,0
14/11/2020 18:35:01,0,0,0
14/11/2020 18:35:02,0,0,0
14/11/2020 18:35:03,0,0,0
14/11/2020 18:35:04,0,0,0
14/11/2020 18:35:05,0,0,0
14/11/2020 18:35:06,0,0,0
14/11/2020 18:35:07,0,0,0
14/11/2020 18:35:08,0,0,0
14/11/2020 18:35:09,0,0,0
14/11/2020 18:35:10,0,0,0
14/11/2020 18:35:11,0,0,0
14/11/2020 18:35:12,0,0,0
14/11/2020 18:35:13,0,0,0
14/11/2020 18:35:14,0,0,0
14/11/2020 18:35:15,0,0,0
14/11/2020 18:35:16,0,0,0
14/11/2020 18:35:17,0,0,0
14/11/2020 18:35:18,0,0,0
14/11/2020 18:35:19,0,0,0
14/11/2020 18:35:20,0,0,0
14/11/2020 18:35:21,0,0,0
14/11/2020 18:35:22,0,0,0
14/11/2020 18:35:23,0,0,0
14/11/2020 18:35:24,0,0,0
14/11/2020 18:35:25,0,0,0
14/11/2020 18:35:26,0,0,0
14/11/2020 18:35:27,0,0,0
14/11/2020 18:35:28,0,0,0
14/11/2020 18:35:29,0,0,0
14/11/2020 18:35:30,0,0,0
14/11/2020 18:35:31,0,0,0
14/11/2020 18:35:32,0,0,0
14/11/2020 18:35:33,0,0,0
14/11/2020 18:35:34,0,0,0
14/11/2020 18:35:35,0,0,0
14/11/2020 18:35:36,0,0,0
14/11/2020 18:35:37,0,0,0
14/11/2020 18:35:38,0,0,0
14/11/2020 18:35:39,0,0,0
14/11/2020 18:35:40,0,0,0
14/11/2020 18:35:41,0,0,0
14/11/2020 18:35:42,0,0,0
14/11/2020 18:35:43,0,0,0
14/11/2020 18:35:44,0,0,0
14/11/2020 18:35:45,0,0,0
14/11/2020 18:35:46,0,0,0
14/11/2020 18:35:47,0,0,0
14/11/2020 18:35:48,0,0,0
14/11/2020 18:35:49,0,0,0
14/11/2020 18:35:50,0,0,0
14/11/2020 18:35:51,0,0,0
14/11/2020 18:35:52,0,0,0
14/11/2020 18:35:53,0,0,0
14/11/2020 18:35:54,0,0,0
14/11/2020 18:35:55,0,0,0
14/11/2020 18:35:56,0,0,0
14/11/2020 18:35:57,0,0,0
14/11/2020 18:35:58,0,0,0
14/11/2020 18:35:59,0,0,0
14/11/2020 18:36:00,0,0,0
14/11/2020 18:36:01,0,0,0
14/11/2020 18:36:02,0,0,0
14/11/2020 18:36:03,0,0,0
14/11/2020 18:36:04,0,0,0
14/11/2020 18:36:05,0,0,0
14/11/2020 18:36:06,0,0,0
14/11/2020 18:36:07,0,0,0
14/11/2020 18:36:08,0,0,0
14/11/2020 18:36:09,0,0,0
14/11/2020 18:36:10,0,0,0
14/11/2020 18:36:11,0,0,0
14/11/2020 18:36:12,0,0,0
14/11/2020 18:36:13,0,0,0
14/11/2020 18:36:14,0,0,0
14/11/2020 18:36:15,0,0,0
14/11/2020 18:36:16,0,0,0
14/11/2020 18:36:17,0,0,0
14/11/2020 18:36:18,0,0,0
14/11/2020 18:36:19,0,0,0
14/11/2020 18:36:20,0,0,0
14/11/2020 18:36:21,0,0,0
14/11/2020 18:36:22,0,0,0
14/11/2020 18:36:23,0,0,0
14/11/2020 18:36:24,0,0,0
14/11/2020 18:36:25,0,0,0
14/11/2020 18:36:26,0,0,0
14/11/2020 18:36:27,0,0,0
14/11/2020 18:36:28,0,0,0
14/11/2020 18:36:29,0,0,0
14/11/2020 18:36:30,0,0,0
14/11/2020 18:36:31,0,0,0
14/11/2020 18:36:32,0,0,0
14/11/2020 18:36:33,0,0,0
14/11/2020 18:36:34,0,0,0
14/11/2020 18:36:35,0,0,0
14/11/2020 18:36:36,0,0,0
14/11/2020 18:36:37,0,0,0
14/11/2020 18:36:38,0,0,0
14/11/2020 18:36:39,0,0,0
14/11/2020 18:36:40,0,0,0
14/11/2020 18:36:41,0,0,0
14/11/2020 18:36:42,0,0,0
14/11/2020 18:36:43,0,0,0
14/11/2020 18:36:44,0,0,0
14/11/2020 18:36:45,0,0,0
14/11/2020 18:36:46,0,0,0
14/11/2020 18:36:47,0,0,0
14/11/2020 18:36:48,0,0,0
14/11/2020 18:36:49,0,0,0
14/11/2020 18:36:50,0,0,0
14/11/2020 18:36:51,0,0,0
14/11/2020 18:36:52,0,0,0
14/11/2020 18:36:53,0,0,0
14/11/2020 18:36:54,0,0,0
14/11/2020 18:36:55,0,0,0
14/11/2020 18:36:56,0,0,0
14/11/2020 18:36:57,0,0,0
14/11/2020 18:36:58,0,0,0
14/11/2020 18:36:59,0,0,0
14/11/2020 18:37:00,0,0,0
14/11/2020 18:37:01,0,0,0
14/11/2020 18:37:02,0,0,0
14/11/2020 18:37:03,0,0,0
14/11/2020 18:37:04,0,0,0
14/11/2020 18:37:05,0,0,0
14/11/2020 18:37:06,0,0,0
14/11/2020 18:37:07,0,0,0
14/11/2020 18:37:08,0,0,0
14/11/2020 18:37:09,0,0,0
14/11/2020 18:37:10,0,0,0
14/11/2020 18:37:11,0,0,0
14/11/2020 18:37:12,0,0,0
14/11/2020 18:37:13,0,0,0
14/11/2020 18:37:14,0,0,0
14/11/2020 18:37:15,0,0,0
14/11/2020 18:37:16,0,0,0
14/11/2020 18:37:17,0,0,0
14/11/2020 18:37:18,0,0,0
14/11/2020 18:37:19,0,0,0
14/11/2020 18:37:20,0,0,0
14/11/2020 18:37:21,0,0,0
14/11/2020 18:37:22,0,0,0
14/11/2020 18:37:23,0,0,0
14/11/2020 18:37:24,0,0,0
14/11/2020 18:37:25,0,0,0
14/11/2020 18:37:26,0,0,0
14/11/2020 18:37:27,0,0,0
14/11/2020 18:37:28,0,0,0
14/11/2020 18:37:29,0,0,0
14/11/2020 18:37:30,0,0,0
14/11/2020 18:37:31,0,0,0
14/11/2020 18:37:32,0,0,0
14/11/2020 18:37:33,0,0,0
14/11/2020 18:37:34,0,0,0
14/11/2020 18:37:35,0,0,0
14/11/2020 18:37:36,0,0,0
14/11/2020 18:37:37,0,0,0
14/11/2020 18:37:38,0,0,0
14/11/2020 18:37:39,0,0,0
14/11/2020 18:37:40,0,0,0
14/11/2020 18:37:41,0,0,0
14/11/2020 18:37:42,0,0,0
14/11/2020 18:37:43,0,0,0
14/11/2020 18:37:44,0,0,0
14/11/2020 18:37:45,0,0,0
14/11/2020 18:37:46,0,0,0
14/11/2020 18:37:47,0,0,0
14/11/2020 18:37:48,0,0,0
14/11/2020 18:37:49,0,0,0
14/11/2020 18:37:50,0,0,0
14/11/2020 18:37:51,0,0,0
14/11/2020 18:37:52,0,0,0
14/11/2020 18:37:53,0,0,0
14/11/2020 18:37:54,0,0,0
14/11/2020 18:37:55,0,0,0
14/11/2020 18:37:56,0,0,0
14/11/2020 18:37:57,0,0,0
14/11/2020 18:37:58,0,0,0
14/11/2020 18:37:59,0,0,0
14/11/2020 18:38:00,0,0,0
14/11/2020 18:38:01,0,0,0
14/11/2020 18:38:02,0,0,0
14/11/2020 18:38:03,0,0,0
14/11/2020 18:38:04,0,0,0
14/11/2020 18:38:05,0,0,0
14/11/2020 18:38:06,0,0,0
14/11/2020 18:38:07,0,0,0
14/11/2020 18:38:08,0,0,0
14/11/2020 18:38:09,0,0,0
14/11/2020 18:38:10,0,0,0
14/11/2020 18:38:11,0,0,0
14/11/2020 18:38:12,0,0,0
14/11/2020 18:38:13,0,0,0
14/11/2020 18:38:14,0,0,0
14/11/2020 18:38:15,0,0,0
14/11/2020 18:38:16,0,0,0
14/11/2020 18:38:17,0,0,0
14/11/2020 18:38:18,0,0,0
14/11/2020 18:38:19,0,0,0
14/11/2020 18:38:20,0,0,0
14/11/2020 18:38:21,0,0,0
14/11/2020 18:38:22,0,0,0
14/11/2020 18:38:23,0,0,0
14/11/2020 18:38:24,0,0,0
14/11/2020 18:38:25,0,0,0
14/11/2020 18:38:26,0,0,0
14/11/2020 18:38:27,0,0,0
14/11/2020 18:38:28,0,0,0
14/11/2020 18:38:29,0,0,0
14/11/2020 18:38:30,0,0,0
14/11/2020 18:38:31,0,0,0
14/11/2020 18:38:32,0,0,0
14/11/2020 18:38:33,0,0,0
14/11/2020 18:38:34,0,0,0
14/11/2020 18:38:35,0,0,0
14/11/2020 18:38:36,0,0,0
14/11/2020 18:38:37,0,0,0
14/11/2020 18:38:38,0,0,0
14/11/2020 18:38:39,0,0,0
14/11/2020 18:38:40,0,0,0
14/11/2020 18:38:41,0,0,0
14/11/2020 18:38:42,0,0,0
14/11/2020 18:38:43,0,0,0
14/11/2020 18:38:44,0,0,0
14/11/2020 18:38:45,0,0,0
14/11/2020 18:38:46,0,0,0
14/11/2020 18:38:47,0,0,0
14/11/2020 18:38:48,0,0,0
14/11/2020 18:38:49,0,0,0
14/11/2020 18:38:50,0,0,0
14/11/2020 18:38:51,0,0,0
14/11/2020 18:38:52,0,0,0
14/11/2020 18:38:53,0,0,0
14/11/2020 18:38:54,0,0,0
14/11/2020 18:38:55,0,0,0
14/11/2020 18:38:56,0,0,0
14/11/2020 18:38:57,0,0,0
14/11/2020 18:38:58,0,0,0
14/11/2020 18:38:59,0,0,0
14/11/2020 18:39:00,0,0,0
14/11/2020 18:39:01,0,0,0
14/11/2020 18:39:02,0,0,0
14/11/2020 18:39:03,0,0,0
14/11/2020 18:39:04,0,0,0
14/11/2020 18:39:05,0,0,0
14/11/2020 18:39:06,0,0,0
14/11/2020 18:39:07,0,0,0
14/11/2020 18:39:08,0,0,0
14/11/2020 18:39:09,0,0,0
14/11/2020 18:39:10,0,0,0
14/11/2020 18:39:11,0,0,0
14/11/2020 18:39:12,0,0,0
14/11/2020 18:39:13,0,0,0
14/11/2020 18:39:14,0,0,0
14/11/2020 18:39:15,0,0,0
14/11/2020 18:39:16,0,0,0
14/11/2020 18:39:17,0,0,0
14/11/2020 18:39:18,0,0,0
14/11/2020 18:39:19,0,0,0
14/11/2020 18:39:20,0,0,0
14/11/2020 18:39:21,0,0,0
14/11/2020 18:39:22,0,0,0
14/11/2020 18:39:23,0,0,0
14/11/2020 18:39:24,0,0,0
14/11/2020 18:39:25,0,0,0
14/11/2020 18:39:26,0,0,0
14/11/2020 18:39:27,0,0,0
14/11/2020 18:39:28,0,0,0
14/11/2020 18:39:29,0,0,0
14/11/2020 18:39:30,0,0,0
14/11/2020 18:39:31,0,0,0
14/11/2020 18:39:32,0,0,0
14/11/2020 18:39:33,0,0,0
14/11/2020 18:39:34,0,0,0
14/11/2020 18:39:35,0,0,0
14/11/2020 18:39:36,0,0,0
14/11/2020 18:39:37,0,0,0
14/11/2020 18:39:38,0,0,0
14/11/2020 18:39:39,0,0,0
14/11/2020 18:39:40,0,0,0
14/11/2020 18:39:41,0,0,0
14/11/2020 18:39:42,0,0,0
14/11/2020 18:39:43,0,0,0
14/11/2020 18:39:44,0,0,0
14/11/2020 18:39:45,0,0,0
14/11/2020 18:39:46,0,0,0
14/11/2020 18:39:47,0,0,0
14/11/2020 18:39:48,0,0,0
14/11/2020 18:39:49,0,0,0
14/11/2020 18:39:50,0,0,0
14/11/2020 18:39:51,0,0,0
14/11/2020 18:39:52,0,0,0
14/11/2020 18:39:53,0,0,0
14/11/2020 18:39:54,0,0,0
14/11/2020 18:39:55,0,0,0
14/11/2020 18:39:56,0,0,0
14/11/2020 18:39:57,0,0,0
14/11/2020 18:39:58,0,0,0
14/11/2020 18:39:59,0,0,0
14/11/2020 18:40:00,0,0,0
14/11/2020 18:40:01,0,0,0
14/11/2020 18:40:02,0,0,0
14/11/2020 18:40:03,0,0,0
14/11/2020 18:40:04,0,0,0
14/11/2020 18:40:05,0,0,0
14/11/2020 18:40:06,0,0,0
14/11/2020 18:40:07,0,0,0
14/11/2020 18:40:08,0,0,0
14/11/2020 18:40:09,0,0,0
14/11/2020 18:40:10,0,0,0
14/11/2020 18:40:11,0,0,0
14/11/2020 18:40:12,0,0,0
14/11/2020 18:40:13,0,0,0
14/11/2020 18:40:14,0,0,0
14/11/2020 18:40:15,0,0,0
14/11/2020 18:40:16,0,0,0
14/11/2020 18:40:17,0,0,0
14/11/2020 18:40:18,0,0,0
14/11/2020 18:40:19,0,0,0
14/11/2020 18:40:20,0,0,0
14/11/2020 18:40:21,0,0,0
14/11/2020 18:40:22,0,0,0
14/11/2020 18:40:23,0,0,0
14/11/2020 18:40:24,0,0,0
14/11/2020 18:40:25,0,0,0
14/11/2020 18:40:26,0,0,0
14/11/2020 18:40:27,0,0,0
14/11/2020 18:40:28,0,0,0
14/11/2020 18:40:29,0,0,0
14/11/2020 18:40:30,0,0,0
14/11/2020 18:40:31,0,0,0
14/11/2020 18:40:32,0,0,0
14/11/2020 18:40:33,0,0,0
14/11/2020 18:40:34,0,0,0
14/11/2020 18:40:35,0,0,0
14/11/2020 18:40:36,0,0,0
14/11/2020 18:40:37,0,0,0
14/11/2020 18:40:38,0,0,0
14/11/2020 18:40:39,0,0,0
14/11/2020 18:40:40,0,0,0
14/11/2020 18:40:41,0,0,0
14/11/2020 18:40:42,0,0,0
14/11/2020 18:40:43,0,0,0
14/11/2020 18:40:44,0,0,0
14/11/2020 18:40:45,0,0,0
14/11/2020 18:40:46,0,0,0
14/11/2020 18:40:47,0,0,0
14/11/2020 18:40:48,0,0,0
14/11/2020 18:40:49,0,0,0
14/11/2020 18:40:50,0,0,0
14/11/2020 18:40:51,0,0,0
14/11/2020 18:40:52,0,0,0
14/11/2020 18:40:53,0,0,0
14/11/2020 18:40:54,0,0,0
14/11/2020 18:40:55,0,0,0
14/11/2020 18:40:56,0,0,0
14/11/2020 18:40:57,0,0,0
14/11/2020 18:40:58,0,0,0
14/11/2020 18:40:59,0,0,0
14/11/2020 18:41:00,0,0,0
14/11/2020 18:41:01,0,0,0
14/11/2020 18:41:02,0,0,0
14/11/2020 18:41:03,0,0,0
14/11/2020 18:41:04,0,0,0
14/11/2020 18:41:05,0,0,0
14/11/2020 18:41:06,0,0,0
14/11/2020 18:41:07,0,0,0
14/11/2020 18:41:08,0,0,0
14/11/2020 18:41:09,0,0,0
14/11/2020 18:41:10,0,0,0
14/11/2020 18:41:11,0,0,0
14/11/2020 18:41:12,0,0,0
14/11/2020 18:41:13,0,0,0
14/11/2020 18:41:14,0,0,0
14/11/2020 18:41:15,0,0,0
14/11/2020 18:41:16,0,0,0
14/11/2020 18:41:17,0,0,0
14/11/2020 18:41:18,0,0,0
14/11/2020 18:41:19,0,0,0
14/11/2020 18:41:20,0,0,0
14/11/2020 18:41:21,0,0,0
14/11/2020 18:41:22,0,0,0
14/11/2020 18:41:23,0,0,0
14/11/2020 18:41:24,0,0,0
14/11/2020 18:41:25,0,0,0
14/11/2020 18:41:26,0,0,0
14/11/2020 18:41:27,0,0,0
14/11/2020 18:41:28,0,0,0
14/11/2020 18:41:29,0,0,0
14/11/2020 18:41:30,0,0,0
14/11/2020 18:41:31,0,0,0
14/11/2020 18:41:32,0,0,0
14/11/2020 18:41:33,0,0,0
14/11/2020 18:41:34,0,0,0
14/11/2020 18:41:35,0,0,0
14/11/2020 18:41:36,0,0,0
14/11/2020 18:41:37,0,0,0
14/11/2020 18:41:38,0,0,0
14/11/2020 18:41:39,0,0,0
14/11/2020 18:41:40,0,0,0
14/11/2020 18:41:41,0,0,0
14/11/2020 18:41:42,0,0,0
14/11/2020 18:41:43,0,0,0
14/11/2020 18:41:44,0,0,0
14/11/2020 18:41:45,0,0,0
14/11/2020 18:41:46,0,0,0
14/11/2020 18:41:47,0,0,0
14/11/2020 18:41:48,0,0,0
14/11/2020 18:41:49,0,0,0
14/11/2020 18:41:50,0,0,0
14/11/2020 18:41:51,0,0,0
14/11/2020 18:41:52,0,0,0
14/11/2020 18:41:53,0,0,0
14/11/2020 18:41:54,0,0,0
14/11/2020 18:41:55,0,0,0
14/11/2020 18:41:56,0,0,0
14/11/2020 18:41:57,0,0,0
14/11/2020 18:41:58,0,0,0
14/11/2020 18:41:59,0,0,0
14/11/2020 18:42:00,0,0,0
14/11/2020 18:42:01,0,0,0
14/11/2020 18:42:02,0,0,0
14/11/2020 18:42:03,0,0,0
14/11/2020 18:42:04,0,0,0
14/11/2020 18:42:05,0,0,0
14/11/2020 18:42:06,0,0,0
14/11/2020 18:42:07,0,0,0
14/11/2020 18:42:08,0,0,0
14/11/2020 18:42:09,0,0,0
14/11/2020 18:42:10,0,0,0
14/11/2020 18:42:11,0,0,0
14/11/2020 18:42:12,0,0,0
14/11/2020 18:42:13,0,0,0
14/11/2020 18:42:14,0,0,0
14/11/2020 18:42:15,0,0,0
14/11/2020 18:42:16,0,0,0
14/11/2020 18:42:17,0,0,0
14/11/2020 18:42:18,0,0,0
14/11/2020 18:42:19,0,0,0
14/11/2020 18:42:20,0,0,0
14/11/2020 18:42:21,0,0,0
14/11/2020 18:42:22,0,0,0
14/11/2020 18:42:23,0,0,0
14/11/2020 18:42:24,0,0,0
14/11/2020 18:42:25,0,0,0
14/11/2020 18:42:26,0,0,0
14/11/2020 18:42:27,0,0,0
14/11/2020 18:42:28,0,0,0
14/11/2020 18:42:29,0,0,0
14/11/2020 18:42:30,0,0,0
14/11/2020 18:42:31,0,0,0
14/11/2020 18:42:32,0,0,0
14/11/2020 18:42:33,0,0,0
14/11/2020 18:42:34,0,0,0
14/11/2020 18:42:35,0,0,0
14/11/2020 18:42:36,0,0,0
14/11/2020 18:42:37,0,0,0
14/11/2020 18:42:38,0,0,0
14/11/2020 18:42:39,0,0,0
14/11/2020 18:42:40,0,0,0
14/11/2020 18:42:41,0,0,0
14/11/2020 18:42:42,0,0,0
14/11/2020 18:42:43,0,0,0
14/11/2020 18:42:44,0,0,0
14/11/2020 18:42:45,0,0,0
14/11/2020 18:42:46,0,0,0
14/11/2020 18:42:47,0,0,0
14/11/2020 18:42:48,0,0,0
14/11/2020 18:42:49,0,0,0
14/11/2020 18:42:50,0,0,0
14/11/2020 18:42:51,0,0,0
14/11/2020 18:42:52,0,0,0
14/11/2020 18:42:53,0,0,0
14/11/2020 18:42:54,0,0,0
14/11/2020 18:42:55,0,0,0
14/11/2020 18:42:56,0,0,0
14/11/2020 18:42:57,0,0,0
14/11/2020 18:42:58,0,0,0
14/11/2020 18:42:59,0,0,0
14/11/2020 18:43:00,0,0,0
14/11/2020 18:43:01,0,0,0
14/11/2020 18:43:02,0,0,0
14/11/2020 18:43:03,0,0,0
14/11/2020 18:43:04,0,0,0
14/11/2020 18:43:05,0,0,0
14/11/2020 18:43:06,0,0,0
14/11/2020 18:43:07,0,0,0
14/11/2020 18:43:08,0,0,0
14/11/2020 18:43:09,0,0,0
14/11/2020 18:43:10,0,0,0
14/11/2020 18:43:11,0,0,0
14/11/2020 18:43:12,0,0,0
14/11/2020 18:43:13,0,0,0
14/11/2020 18:43:14,0,0,0
14/11/2020 18:43:15,0,0,0
14/11/2020 18:43:16,0,0,0
14/11/2020 18:43:17,0,0,0
14/11/2020 18:43:18,0,0,0
14/11/2020 18:43:19,0,0,0
14/11/2020 18:43:20,0,0,0
14/11/2020 18:43:21,0,0,0
14/11/2020 18:43:22,0,0,0
14/11/2020 18:43:23,0,0,0
14/11/2020 18:43:24,0,0,0
14/11/2020 18:43:25,0,0,0
14/11/2020 18:43:26,0,0,0
14/11/2020 18:43:27,0,0,0
14/11/2020 18:43:28,0,0,0
14/11/2020 18:43:29,0,0,0
14/11/2020 18:43:30,0,0,0
14/11/2020 18:43:31,0,0,0
14/11/2020 18:43:32,0,0,0
14/11/2020 18:43:33,0,0,0
14/11/2020 18:43:34,0,0,0
14/11/2020 18:43:35,0,0,0
14/11/2020 18:43:36,0,0,0
14/11/2020 18:43:37,0,0,0
14/11/2020 18:43:38,0,0,0
14/11/2020 18:43:39,0,0,0
14/11/2020 18:43:40,0,0,0
14/11/2020 18:43:41,0,0,0
14/11/2020 18:43:42,0,0,0
14/11/2020 18:43:43,0,0,0
14/11/2020 18:43:44,0,0,0
14/11/2020 18:43:45,0,0,0
14/11/2020 18:43:46,0,0,0
14/11/2020 18:43:47,0,0,0
14/11/2020 18:43:48,0,0,0
14/11/2020 18:43:49,0,0,0
14/11/2020 18:43:50,0,0,0
14/11/2020 18:43:51,0,0,0
14/11/2020 18:43:52,0,0,0
14/11/2020 18:43:53,0,0,0
14/11/2020 18:43:54,0,0,0
14/11/2020 18:43:55,0,0,0
14/11/2020 18:43:56,0,0,0
14/11/2020 18:43:57,0,0,0
14/11/2020 18:43:58,0,0,0
14/11/2020 18:43:59,0,0,0
14/11/2020 18:44:00,0,0,0
14/11/2020 18:44:01,0,0,0
14/11/2020 18:44:02,0,0,0
14/11/2020 18:44:03,0,0,0
14/11/2020 18:44:04,0,0,0
14/11/2020 18:44:05,0,0,0
14/11/2020 18:44:06,0,0,0
14/11/2020 18:44:07,0,0,0
14/11/2020 18:44:08,0,0,0
14/11/2020 18:44:09,0,0,0
14/11/2020 18:44:10,0,0,0
14/11/2020 18:44:11,0,0,0
14/11/2020 18:44:12,0,0,0
14/11/2020 18:44:13,0,0,0
14/11/2020 18:44:14,0,0,0
14/11/2020 18:44:15,0,0,0
14/11/2020 18:44:16,0,0,0
14/11/2020 18:44:17,0,0,0
14/11/2020 18:44:18,0,0,0
14/11/2020 18:44:19,0,0,0
14/11/2020 18:44:20,0,0,0
14/11/2020 18:44:21,0,0,0
14/11/2020 18:44:22,0,0,0
14/11/2020 18:44:23,0,0,0
14/11/2020 18:44:24,0,0,0
14/11/2020 18:44:25,0,0,0
14/11/2020 18:44:26,0,0,0
14/11/2020 18:44:27,0,0,0
14/11/2020 18:44:28,0,0,0
14/11/2020 18:44:29,0,0,0
14/11/2020 18:44:30,0,0,0
14/11/2020 18:44:31,0,0,0
14/11/2020 18:44:32,0,0,0
14/11/2020 18:44:33,0,0,0
14/11/2020 18:44:34,0,0,0
14/11/2020 18:44:35,0,0,0
14/11/2020 18:44:36,0,0,0
14/11/2020 18:44:37,0,0,0
14/11/2020 18:44:38,0,0,0
14/11/2020 18:44:39,0,0,0
14/11/2020 18:44:40,0,0,0
14/11/2020 18:44:41,0,0,0
14/11/2020 18:44:42,0,0,0
14/11/2020 18:44:43,0,0,0
14/11/2020 18:44:44,0,0,0
14/11/2020 18:44:45,0,0,0
14/11/2020 18:44:46,0,0,0
14/11/2020 18:44:47,0,0,0
14/11/2020 18:44:48,0,0,0
14/11/2020 18:44:49,0,0,0
14/11/2020 18:44:50,0,0,0
14/11/2020 18:44:51,0,0,0
14/11/2020 18:44:52,0,0,0
14/11/2020 18:44:53,0,0,0
14/11/2020 18:44:54,0,0,0
14/11/2020 18:44:55,0,0,0
14/11/2020 18:44:56,0,0,0
14/11/2020 18:44:57,0,0,0
14/11/2020 18:44:58,0,0,0
14/11/2020 18:44:59,0,0,0
14/11/2020 18:45:00,0,0,0
14/11/2020 18:45:01,0,0,0
14/11/2020 18:45:02,0,0,0
14/11/2020 18:45:03,0,0,0
14/11/2020 18:45:04,0,0,0
14/11/2020 18:45:05,0,0,0
14/11/2020 18:45:06,0,0,0
14/11/2020 18:45:07,0,0,0
14/11/2020 18:45:08,0,0,0
14/11/2020 18:45:09,0,0,0
14/11/2020 18:45:10,0,0,0
14/11/2020 18:45:11,0,0,0
14/11/2020 18:45:12,0,0,0
14/11/2020 18:45:13,0,0,0
14/11/2020 18:45:14,0,0,0
14/11/2020 18:45:15,0,0,0
14/11/2020 18:45:16,0,0,0
14/11/2020 18:45:17,0,0,0
14/11/2020 18:45:18,0,0,0
14/11/2020 18:45:19,0,0,0
14/11/2020 18:45:20,0,0,0
14/11/2020 18:45:21,0,0,0
14/11/2020 18:45:22,0,0,0
14/11/2020 18:45:23,0,0,0
14/11/2020 18:45:24,0,0,0
14/11/2020 18:45:25,0,0,0
14/11/2020 18:45:26,0,0,0
14/11/2020 18:45:27,0,0,0
14/11/2020 18:45:28,0,0,0
14/11/2020 18:45:29,0,0,0
14/11/2020 18:45:30,0,0,0
14/11/2020 18:45:31,0,0,0
14/11/2020 18:45:32,0,0,0
14/11/2020 18:45:33,0,0,0
14/11/2020 18:45:34,0,0,0
14/11/2020 18:45:35,0,0,0
14/11/2020 18:45:36,0,0,0
14/11/2020 18:45:37,0,0,0
14/11/2020 18:45:38,0,0,0
14/11/2020 18:45:39,0,0,0
14/11/2020 18:45:40,0,0,0
14/11/2020 18:45:41,0,0,0
14/11/2020 18:45:42,0,0,0
14/11/2020 18:45:43,0,0,0
14/11/2020 18:45:44,0,0,0
14/11/2020 18:45:45,0,0,0
14/11/2020 18:45:46,0,0,0
14/11/2020 18:45:47,0,0,0
14/11/2020 18:45:48,0,0,0
14/11/2020 18:45:49,0,0,0
14/11/2020 18:45:50,0,0,0
14/11/2020 18:45:51,0,0,0
14/11/2020 18:45:52,0,0,0
14/11/2020 18:45:53,0,0,0
14/11/2020 18:45:54,0,0,0
14/11/2020 18:45:55,0,0,0
14/11/2020 18:45:56,0,0,0
14/11/2020 18:45:57,0,0,0
14/11/2020 18:45:58,0,0,0
14/11/2020 18:45:59,0,0,0
14/11/2020 18:46:00,0,0,0
14/11/2020 18:46:01,0,0,0
14/11/2020 18:46:02,0,0,0
14/11/2020 18:46:03,0,0,0
14/11/2020 18:46:04,0,0,0
14/11/2020 18:46:05,0,0,0
14/11/2020 18:46:06,0,0,0
14/11/2020 18:46:07,0,0,0
14/11/2020 18:46:08,0,0,0
14/11/2020 18:46:09,0,0,0
14/11/2020 18:46:10,0,0,0
14/11/2020 18:46:11,0,0,0
14/11/2020 18:46:12,0,0,0
14/11/2020 18:46:13,0,0,0
14/11/2020 18:46:14,0,0,0
14/11/2020 18:46:15,0,0,0
14/11/2020 18:46:16,0,0,0
14/11/2020 18:46:17,0,0,0
14/11/2020 18:46:18,0,0,0
14/11/2020 18:46:19,0,0,0
14/11/2020 18:46:20,0,0,0
14/11/2020 18:46:21,0,0,0
14/11/2020 18:46:22,0,0,0
14/11/2020 18:46:23,0,0,0
14/11/2020 18:46:24,0,0,0
14/11/2020 18:46:25,0,0,0
14/11/2020 18:46:26,0,0,0
14/11/2020 18:46:27,0,0,0
14/11/2020 18:46:28,0,0,0
14/11/2020 18:46:29,0,0,0
14/11/2020 18:46:30,0,0,0
14/11/2020 18:46:31,0,0,0
14/11/2020 18:46:32,0,0,0
14/11/2020 18:46:33,0,0,0
14/11/2020 18:46:34,0,0,0
14/11/2020 18:46:35,0,0,0
14/11/2020 18:46:36,0,0,0
14/11/2020 18:46:37,0,0,0
14/11/2020 18:46:38,0,0,0
14/11/2020 18:46:39,0,0,0
14/11/2020 18:46:40,0,0,0
14/11/2020 18:46:41,0,0,0
14/11/2020 18:46:42,0,0,0
14/11/2020 18:46:43,0,0,0
14/11/2020 18:46:44,0,0,0
14/11/2020 18:46:45,0,0,0
14/11/2020 18:46:46,0,0,0
14/11/2020 18:46:47,0,0,0
14/11/2020 18:46:48,0,0,0
14/11/2020 18:46:49,0,0,0
14/11/2020 18:46:50,0,0,0
14/11/2020 18:46:51,0,0,0
14/11/2020 18:46:52,0,0,0
14/11/2020 18:46:53,0,0,0
14/11/2020 18:46:54,0,0,0
14/11/2020 18:46:55,0,0,0
14/11/2020 18:46:56,0,0,0
14/11/2020 18:46:57,0,0,0
14/11/2020 18:46:58,0,0,0
14/11/2020 18:46:59,0,0,0
14/11/2020 18:47:00,0,0,0
14/11/2020 18:47:01,0,0,0
14/11/2020 18:47:02,0,0,0
14/11/2020 18:47:03,0,0,0
14/11/2020 18:47:04,0,0,0
14/11/2020 18:47:05,0,0,0
14/11/2020 18:47:06,0,0,0
14/11/2020 18:47:07,0,0,0
14/11/2020 18:47:08,0,0,0
14/11/2020 18:47:09,0,0,0
14/11/2020 18:47:10,0,0,0
14/11/2020 18:47:11,0,0,0
14/11/2020 18:47:12,0,0,0
14/11/2020 18:47:13,0,0,0
14/11/2020 18:47:14,0,0,0
14/11/2020 18:47:15,0,0,0
14/11/2020 18:47:16,0,0,0
14/11/2020 18:47:17,0,0,0
14/11/2020 18:47:18,0,0,0
14/11/2020 18:47:19,0,0,0
14/11/2020 18:47:20,0,0,0
14/11/2020 18:47:21,0,0,0
14/11/2020 18:47:22,0,0,0
14/11/2020 18:47:23,0,0,0
14/11/2020 18:47:24,0,0,0
14/11/2020 18:47:25,0,0,0
14/11/2020 18:47:26,0,0,0
14/11/2020 18:47:27,0,0,0
14/11/2020 18:47:28,0,0,0
14/11/2020 18:47:29,0,0,0
14/11/2020 18:47:30,0,0,0
14/11/2020 18:47:31,0,0,0
14/11/2020 18:47:32,0,0,0
14/11/2020 18:47:33,0,0,0
14/11/2020 18:47:34,0,0,0
14/11/2020 18:47:35,0,0,0
14/11/2020 18:47:36,0,0,0
14/11/2020 18:47:37,0,0,0
14/11/2020 18:47:38,0,0,0
14/11/2020 18:47:39,0,0,0
14/11/2020 18:47:40,0,0,0
14/11/2020 18:47:41,0,0,0
14/11/2020 18:47:42,0,0,0
14/11/2020 18:47:43,0,0,0
14/11/2020 18:47:44,0,0,0
14/11/2020 18:47:45,0,0,0
14/11/2020 18:47:46,0,0,0
14/11/2020 18:47:47,0,0,0
14/11/2020 18:47:48,0,0,0
14/11/2020 18:47:49,0,0,0
14/11/2020 18:47:50,0,0,0
14/11/2020 18:47:51,0,0,0
14/11/2020 18:47:52,0,0,0
14/11/2020 18:47:53,0,0,0
14/11/2020 18:47:54,0,0,0
14/11/2020 18:47:55,0,0,0
14/11/2020 18:47:56,0,0,0
14/11/2020 18:47:57,0,0,0
14/11/2020 18:47:58,0,0,0
14/11/2020 18:47:59,0,0,0
14/11/2020 18:48:00,0,0,0
14/11/2020 18:48:01,0,0,0
14/11/2020 18:48:02,0,0,0
14/11/2020 18:48:03,0,0,0
14/11/2020 18:48:04,0,0,0
14/11/2020 18:48:05,0,0,0
14/11/2020 18:48:06,0,0,0
14/11/2020 18:48:07,0,0,0
14/11/2020 18:48:08,0,0,0
14/11/2020 18:48:09,0,0,0
14/11/2020 18:48:10,0,0,0
14/11/2020 18:48:11,0,0,0
14/11/2020 18:48:12,0,0,0
14/11/2020 18:48:13,0,0,0
14/11/2020 18:48:14,0,0,0
14/11/2020 18:48:15,0,0,0
14/11/2020 18:48:16,0,0,0
14/11/2020 18:48:17,0,0,0
14/11/2020 18:48:18,0,0,0
14/11/2020 18:48:19,0,0,0
14/11/2020 18:48:20,0,0,0
14/11/2020 18:48:21,0,0,0
14/11/2020 18:48:22,0,0,0
14/11/2020 18:48:23,0,0,0
14/11/2020 18:48:24,0,0,0
14/11/2020 18:48:25,0,0,0
14/11/2020 18:48:26,0,0,0
14/11/2020 18:48:27,0,0,0
14/11/2020 18:48:28,0,0,0
14/11/2020 18:48:29,0,0,0
14/11/2020 18:48:30,0,0,0
14/11/2020 18:48:31,0,0,0
14/11/2020 18:48:32,0,0,0
14/11/2020 18:48:33,0,0,0
14/11/2020 18:48:34,0,0,0
14/11/2020 18:48:35,0,0,0
14/11/2020 18:48:36,0,0,0
14/11/2020 18:48:37,0,0,0
14/11/2020 18:48:38,0,0,0
14/11/2020 18:48:39,0,0,0
14/11/2020 18:48:40,0,0,0
14/11/2020 18:48:41,0,0,0
14/11/2020 18:48:42,0,0,0
14/11/2020 18:48:43,0,0,0
14/11/2020 18:48:44,0,0,0
14/11/2020 18:48:45,0,0,0
14/11/2020 18:48:46,0,0,0
14/11/2020 18:48:47,0,0,0
14/11/2020 18:48:48,0,0,0
14/11/2020 18:48:49,0,0,0
14/11/2020 18:48:50,0,0,0
14/11/2020 18:48:51,0,0,0
14/11/2020 18:48:52,0,0,0
14/11/2020 18:48:53,0,0,0
14/11/2020 18:48:54,0,0,0
14/11/2020 18:48:55,0,0,0
14/11/2020 18:48:56,0,0,0
14/11/2020 18:48:57,0,0,0
14/11/2020 18:48:58,0,0,0
14/11/2020 18:48:59,0,0,0
14/11/2020 18:49:00,0,0,0
14/11/2020 18:49:01,0,0,0
14/11/2020 18:49:02,0,0,0
14/11/2020 18:49:03,0,0,0
14/11/2020 18:49:04,0,0,0
14/11/2020 18:49:05,0,0,0
14/11/2020 18:49:06,0,0,0
14/11/2020 18:49:07,0,0,0
14/11/2020 18:49:08,0,0,0
14/11/2020 18:49:09,0,0,0
14/11/2020 18:49:10,0,0,0
14/11/2020 18:49:11,0,0,0
14/11/2020 18:49:12,0,0,0
14/11/2020 18:49:13,0,0,0
14/11/2020 18:49:14,0,0,0
14/11/2020 18:49:15,0,0,0
14/11/2020 18:49:16,0,0,0
14/11/2020 18:49:17,0,0,0
14/11/2020 18:49:18,0,0,0
14/11/2020 18:49:19,0,0,0
14/11/2020 18:49:20,0,0,0
14/11/2020 18:49:21,0,0,0
14/11/2020 18:49:22,0,0,0
14/11/2020 18:49:23,0,0,0
14/11/2020 18:49:24,0,0,0
14/11/2020 18:49:25,0,0,0
14/11/2020 18:49:26,0,0,0
14/11/2020 18:49:27,0,0,0
14/11/2020 18:49:28,0,0,0
14/11/2020 18:49:29,0,0,0
14/11/2020 18:49:30,0,0,0
14/11/2020 18:49:31,0,0,0
14/11/2020 18:49:32,0,0,0
14/11/2020 18:49:33,0,0,0
14/11/2020 18:49:34,0,0,0
14/11/2020 18:49:35,0,0,0
14/11/2020 18:49:36,0,0,0
14/11/2020 18:49:37,0,0,0
14/11/2020 18:49:38,0,0,0
14/11/2020 18:49:39,0,0,0
14/11/2020 18:49:40,0,0,0
14/11/2020 18:49:41,0,0,0
14/11/2020 18:49:42,0,0,0
14/11/2020 18:49:43,0,0,0
14/11/2020 18:49:44,0,0,0
14/11/2020 18:49:45,0,0,0
14/11/2020 18:49:46,0,0,0
14/11/2020 18:49:47,0,0,0
14/11/2020 18:49:48,0,0,0
14/11/2020 18:49:49,0,0,0
14/11/2020 18:49:50,0,0,0
14/11/2020 18:49:51,0,0,0
14/11/2020 18:49:52,0,0,0
14/11/2020 18:49:53,0,0,0
14/11/2020 18:49:54,0,0,0
14/11/2020 18:49:55,0,0,0
14/11/2020 18:49:56,0,0,0
14/11/2020 18:49:57,0,0,0
14/11/2020 18:49:58,0,0,0
14/11/2020 18:49:59,0,0,0
14/11/2020 18:50:00,0,0,0
14/11/2020 18:50:01,0,0,0
14/11/2020 18:50:02,0,0,0
14/11/2020 18:50:03,0,0,0
14/11/2020 18:50:04,0,0,0
14/11/2020 18:50:05,0,0,0
14/11/2020 18:50:06,0,0,0
14/11/2020 18:50:07,0,0,0
14/11/2020 18:50:08,0,0,0
14/11/2020 18:50:09,0,0,0
14/11/2020 18:50:10,0,0,0
14/11/2020 18:50:11,0,0,0
14/11/2020 18:50:12,0,0,0
14/11/2020 18:50:13,0,0,0
14/11/2020 18:50:14,0,0,0
14/11/2020 18:50:15,0,0,0
14/11/2020 18:50:16,0,0,0
14/11/2020 18:50:17,0,0,0
14/11/2020 18:50:18,0,0,0
14/11/2020 18:50:19,0,0,0
14/11/2020 18:50:20,0,0,0
14/11/2020 18:50:21,0,0,0
14/11/2020 18:50:22,0,0,0
14/11/2020 18:50:23,0,0,0
14/11/2020 18:50:24,0,0,0
14/11/2020 18:50:25,0,0,0
14/11/2020 18:50:26,0,0,0
14/11/2020 18:50:27,0,0,0
14/11/2020 18:50:28,0,0,0
14/11/2020 18:50:29,0,0,0
14/11/2020 18:50:30,0,0,0
14/11/2020 18:50:31,0,0,0
14/11/2020 18:50:32,0,0,0
14/11/2020 18:50:33,0,0,0
14/11/2020 18:50:34,0,0,0
14/11/2020 18:50:35,0,0,0
14/11/2020 18:50:36,0,0,0
14/11/2020 18:50:37,0,0,0
14/11/2020 18:50:38,0,0,0
14/11/2020 18:50:39,0,0,0
14/11/2020 18:50:40,0,0,0
14/11/2020 18:50:41,0,0,0
14/11/2020 18:50:42,0,0,0
14/11/2020 18:50:43,0,0,0
14/11/2020 18:50:44,0,0,0
14/11/2020 18:50:45,0,0,0
14/11/2020 18:50:46,0,0,0
14/11/2020 18:50:47,0,0,0
14/11/2020 18:50:48,0,0,0
14/11/2020 18:50:49,0,0,0
14/11/2020 18:50:50,0,0,0
14/11/2020 18:50:51,0,0,0
14/11/2020 18:50:52,0,0,0
14/11/2020 18:50:53,0,0,0
14/11/2020 18:50:54,0,0,0
14/11/2020 18:50:55,0,0,0
14/11/2020 18:50:56,0,0,0
14/11/2020 18:50:57,0,0,0
14/11/2020 18:50:58,0,0,0
14/11/2020 18:50:59,0,0,0
14/11/2020 18:51:00,0,0,0
14/11/2020 18:51:01,0,0,0
14/11/2020 18:51:02,0,0,0
14/11/2020 18:51:03,0,0,0
14/11/2020 18:51:04,0,0,0
14/11/2020 18:51:05,0,0,0
14/11/2020 18:51:06,0,0,0
14/11/2020 18:51:07,0,0,0
14/11/2020 18:51:08,0,0,0
14/11/2020 18:51:09,0,0,0
14/11/2020 18:51:10,0,0,0
14/11/2020 18:51:11,0,0,0
14/11/2020 18:51:12,0,0,0
14/11/2020 18:51:13,0,0,0
14/11/2020 18:51:14,0,0,0
14/11/2020 18:51:15,0,0,0
14/11/2020 18:51:16,0,0,0
14/11/2020 18:51:17,0,0,0
14/11/2020 18:51:18,0,0,0
14/11/2020 18:51:19,0,0,0
14/11/2020 18:51:20,0,0,0
14/11/2020 18:51:21,0,0,0
14/11/2020 18:51:22,0,0,0
14/11/2020 18:51:23,0,0,0
14/11/2020 18:51:24,0,0,0
14/11/2020 18:51:25,0,0,0
14/11/2020 18:51:26,0,0,0
14/11/2020 18:51:27,0,0,0
14/11/2020 18:51:28,0,0,0
14/11/2020 18:51:29,0,0,0
14/11/2020 18:51:30,0,0,0
14/11/2020 18:51:31,0,0,0
14/11/2020 18:51:32,0,0,0
14/11/2020 18:51:33,0,0,0
14/11/2020 18:51:34,0,0,0
14/11/2020 18:51:35,0,0,0
14/11/2020 18:51:36,0,0,0
14/11/2020 18:51:37,0,0,0
14/11/2020 18:51:38,0,0,0
14/11/2020 18:51:39,0,0,0
14/11/2020 18:51:40,0,0,0
14/11/2020 18:51:41,0,0,0
14/11/2020 18:51:42,0,0,0
14/11/2020 18:51:43,0,0,0
14/11/2020 18:51:44,0,0,0
14/11/2020 18:51:45,0,0,0
14/11/2020 18:51:46,0,0,0
14/11/2020 18:51:47,0,0,0
14/11/2020 18:51:48,0,0,0
14/11/2020 18:51:49,0,0,0
14/11/2020 18:51:50,0,0,0
14/11/2020 18:51:51,0,0,0
14/11/2020 18:51:52,0,0,0
14/11/2020 18:51:53,0,0,0
14/11/2020 18:51:54,0,0,0
14/11/2020 18:51:55,0,0,0
14/11/2020 18:51:56,0,0,0
14/11/2020 18:51:57,0,0,0
14/11/2020 18:51:58,0,0,0
14/11/2020 18:51:59,0,0,0
14/11/2020 18:52:00,0,0,0
14/11/2020 18:52:01,0,0,0
14/11/2020 18:52:02,0,0,0
14/11/2020 18:52:03,0,0,0
14/11/2020 18:52:04,0,0,0
14/11/2020 18:52:05,0,0,0
14/11/2020 18:52:06,0,0,0
14/11/2020 18:52:07,0,0,0
14/11/2020 18:52:08,0,0,0
14/11/2020 18:52:09,0,0,0
14/11/2020 18:52:10,0,0,0
14/11/2020 18:52:11,0,0,0
14/11/2020 18:52:12,0,0,0
14/11/2020 18:52:13,0,0,0
14/11/2020 18:52:14,0,0,0
14/11/2020 18:52:15,0,0,0
14/11/2020 18:52:16,0,0,0
14/11/2020 18:52:17,0,0,0
14/11/2020 18:52:18,0,0,0
14/11/2020 18:52:19,0,0,0
14/11/2020 18:52:20,0,0,0
14/11/2020 18:52:21,0,0,0
14/11/2020 18:52:22,0,0,0
14/11/2020 18:52:23,0,0,0
14/11/2020 18:52:24,0,0,0
14/11/2020 18:52:25,0,0,0
14/11/2020 18:52:26,0,0,0
14/11/2020 18:52:27,0,0,0
14/11/2020 18:52:28,0,0,0
14/11/2020 18:52:29,0,0,0
14/11/2020 18:52:30,0,0,0
14/11/2020 18:52:31,0,0,0
14/11/2020 18:52:32,0,0,0
14/11/2020 18:52:33,0,0,0
14/11/2020 18:52:34,0,0,0
14/11/2020 18:52:35,0,0,0
14/11/2020 18:52:36,0,0,0
14/11/2020 18:52:37,0,0,0
14/11/2020 18:52:38,0,0,0
14/11/2020 18:52:39,0,0,0
14/11/2020 18:52:40,0,0,0
14/11/2020 18:52:41,0,0,0
14/11/2020 18:52:42,0,0,0
14/11/2020 18:52:43,0,0,0
14/11/2020 18:52:44,0,0,0
14/11/2020 18:52:45,0,0,0
14/11/2020 18:52:46,0,0,0
14/11/2020 18:52:47,0,0,0
14/11/2020 18:52:48,0,0,0
14/11/2020 18:52:49,0,0,0
14/11/2020 18:52:50,0,0,0
14/11/2020 18:52:51,0,0,0
14/11/2020 18:52:52,0,0,0
14/11/2020 18:52:53,0,0,0
14/11/2020 18:52:54,0,0,0
14/11/2020 18:52:55,0,0,0
14/11/2020 18:52:56,0,0,0
14/11/2020 18:52:57,0,0,0
14/11/2020 18:52:58,0,0,0
14/11/2020 18:52:59,0,0,0
14/11/2020 18:53:00,0,0,0
14/11/2020 18:53:01,0,0,0
14/11/2020 18:53:02,0,0,0
14/11/2020 18:53:03,0,0,0
14/11/2020 18:53:04,0,0,0
14/11/2020 18:53:05,0,0,0
14/11/2020 18:53:06,0,0,0
14/11/2020 18:53:07,0,0,0
14/11/2020 18:53:08,0,0,0
14/11/2020 18:53:09,0,0,0
14/11/2020 18:53:10,0,0,0
14/11/2020 18:53:11,0,0,0
14/11/2020 18:53:12,0,0,0
14/11/2020 18:53:13,0,0,0
14/11/2020 18:53:14,0,0,0
14/11/2020 18:53:15,0,0,0
14/11/2020 18:53:16,0,0,0
14/11/2020 18:53:17,0,0,0
14/11/2020 18:53:18,0,0,0
14/11/2020 18:53:19,0,0,0
14/11/2020 18:53:20,0,0,0
14/11/2020 18:53:21,0,0,0
14/11/2020 18:53:22,0,0,0
14/11/2020 18:53:23,0,0,0
14/11/2020 18:53:24,0,0,0
14/11/2020 18:53:25,0,0,0
14/11/2020 18:53:26,0,0,0
14/11/2020 18:53:27,0,0,0
14/11/2020 18:53:28,0,0,0
14/11/2020 18:53:29,0,0,0
14/11/2020 18:53:30,0,0,0
14/11/2020 18:53:31,0,0,0
14/11/2020 18:53:32,0,0,0
14/11/2020 18:53:33,0,0,0
14/11/2020 18:53:34,0,0,0
14/11/2020 18:53:35,0,0,0
14/11/2020 18:53:36,0,0,0
14/11/2020 18:53:37,0,0,0
14/11/2020 18:53:38,0,0,0
14/11/2020 18:53:39,0,0,0
14/11/2020 18:53:40,0,0,0
14/11/2020 18:53:41,0,0,0
14/11/2020 18:53:42,0,0,0
14/11/2020 18:53:43,0,0,0
14/11/2020 18:53:44,0,0,0
14/11/2020 18:53:45,0,0,0
14/11/2020 18:53:46,0,0,0
14/11/2020 18:53:47,0,0,0
14/11/2020 18:53:48,0,0,0
14/11/2020 18:53:49,0,0,0
14/11/2020 18:53:50,0,0,0
14/11/2020 18:53:51,0,0,0
14/11/2020 18:53:52,0,0,0
14/11/2020 18:53:53,0,0,0
14/11/2020 18:53:54,0,0,0
14/11/2020 18:53:55,0,0,0
14/11/2020 18:53:56,0,0,0
14/11/2020 18:53:57,0,0,0
14/11/2020 18:53:58,0,0,0
14/11/2020 18:53:59,0,0,0
14/11/2020 18:54:00,0,0,0
14/11/2020 18:54:01,0,0,0
14/11/2020 18:54:02,0,0,0
14/11/2020 18:54:03,0,0,0
14/11/2020 18:54:04,0,0,0
14/11/2020 18:54:05,0,0,0
14/11/2020 18:54:06,0,0,0
14/11/2020 18:54:07,0,0,0
14/11/2020 18:54:08,0,0,0
14/11/2020 18:54:09,0,0,0
14/11/2020 18:54:10,0,0,0
14/11/2020 18:54:11,0,0,0
14/11/2020 18:54:12,0,0,0
14/11/2020 18:54:13,0,0,0
14/11/2020 18:54:14,0,0,0
14/11/2020 18:54:15,0,0,0
14/11/2020 18:54:16,0,0,0
14/11/2020 18:54:17,0,0,0
14/11/2020 18:54:18,0,0,0
14/11/2020 18:54:19,0,0,0
14/11/2020 18:54:20,0,0,0
14/11/2020 18:54:21,0,0,0
14/11/2020 18:54:22,0,0,0
14/11/2020 18:54:23,0,0,0
14/11/2020 18:54:24,0,0,0
14/11/2020 18:54:25,0,0,0
14/11/2020 18:54:26,0,0,0
14/11/2020 18:54:27,0,0,0
14/11/2020 18:54:28,0,0,0
14/11/2020 18:54:29,0,0,0
14/11/2020 18:54:30,0,0,0
14/11/2020 18:54:31,0,0,0
14/11/2020 18:54:32,0,0,0
14/11/2020 18:54:33,0,0,0
14/11/2020 18:54:34,0,0,0
14/11/2020 18:54:35,0,0,0
14/11/2020 18:54:36,0,0,0
14/11/2020 18:54:37,0,0,0
14/11/2020 18:54:38,0,0,0
14/11/2020 18:54:39,0,0,0
14/11/2020 18:54:40,0,0,0
14/11/2020 18:54:41,0,0,0
14/11/2020 18:54:42,0,0,0
14/11/2020 18:54:43,0,0,0
14/11/2020 18:54:44,0,0,0
14/11/2020 18:54:45,0,0,0
14/11/2020 18:54:46,0,0,0
14/11/2020 18:54:47,0,0,0
14/11/2020 18:54:48,0,0,0
14/11/2020 18:54:49,0,0,0
14/11/2020 18:54:50,0,0,0
14/11/2020 18:54:51,0,0,0
14/11/2020 18:54:52,0,0,0
14/11/2020 18:54:53,0,0,0
14/11/2020 18:54:54,0,0,0
14/11/2020 18:54:55,0,0,0
14/11/2020 18:54:56,0,0,0
14/11/2020 18:54:57,0,0,0
14/11/2020 18:54:58,0,0,0
14/11/2020 18:54:59,0,0,0
14/11/2020 18:55:00,0,0,0
14/11/2020 18:55:01,0,0,0
14/11/2020 18:55:02,0,0,0
14/11/2020 18:55:03,0,0,0
14/11/2020 18:55:04,0,0,0
14/11/2020 18:55:05,0,0,0
14/11/2020 18:55:06,0,0,0
14/11/2020 18:55:07,0,0,0
14/11/2020 18:55:08,0,0,0
14/11/2020 18:55:09,0,0,0
14/11/2020 18:55:10,0,0,0
14/11/2020 18:55:11,0,0,0
14/11/2020 18:55:12,0,0,0
14/11/2020 18:55:13,0,0,0
14/11/2020 18:55:14,0,0,0
14/11/2020 18:55:15,0,0,0
14/11/2020 18:55:16,0,0,0
14/11/2020 18:55:17,0,0,0
14/11/2020 18:55:18,0,0,0
14/11/2020 18:55:19,0,0,0
14/11/2020 18:55:20,0,0,0
14/11/2020 18:55:21,0,0,0
14/11/2020 18:55:22,0,0,0
14/11/2020 18:55:23,0,0,0
14/11/2020 18:55:24,0,0,0
14/11/2020 18:55:25,0,0,0
14/11/2020 18:55:26,0,0,0
14/11/2020 18:55:27,0,0,0
14/11/2020 18:55:28,0,0,0
14/11/2020 18:55:29,0,0,0
14/11/2020 18:55:30,0,0,0
14/11/2020 18:55:31,0,0,0
14/11/2020 18:55:32,0,0,0
14/11/2020 18:55:33,0,0,0
14/11/2020 18:55:34,0,0,0
14/11/2020 18:55:35,0,0,0
14/11/2020 18:55:36,0,0,0
14/11/2020 18:55:37,0,0,0
14/11/2020 18:55:38,0,0,0
14/11/2020 18:55:39,0,0,0
14/11/2020 18:55:40,0,0,0
14/11/2020 18:55:41,0,0,0
14/11/2020 18:55:42,0,0,0
14/11/2020 18:55:43,0,0,0
14/11/2020 18:55:44,0,0,0
14/11/2020 18:55:45,0,0,0
14/11/2020 18:55:46,0,0,0
14/11/2020 18:55:47,0,0,0
14/11/2020 18:55:48,0,0,0
14/11/2020 18:55:49,0,0,0
14/11/2020 18:55:50,0,0,0
14/11/2020 18:55:51,0,0,0
14/11/2020 18:55:52,0,0,0
14/11/2020 18:55:53,0,0,0
14/11/2020 18:55:54,0,0,0
14/11/2020 18:55:55,0,0,0
14/11/2020 18:55:56,0,0,0
14/11/2020 18:55:57,0,0,0
14/11/2020 18:55:58,0,0,0
14/11/2020 18:55:59,0,0,0
14/11/2020 18:56:00,0,0,0
14/11/2020 18:56:01,0,0,0
14/11/2020 18:56:02,0,0,0
14/11/2020 18:56:03,0,0,0
14/11/2020 18:56:04,0,0,0
14/11/2020 18:56:05,0,0,0
14/11/2020 18:56:06,0,0,0
14/11/2020 18:56:07,0,0,0
14/11/2020 18:56:08,0,0,0
14/11/2020 18:56:09,0,0,0
14/11/2020 18:56:10,0,0,0
14/11/2020 18:56:11,0,0,0
14/11/2020 18:56:12,0,0,0
14/11/2020 18:56:13,0,0,0
14/11/2020 18:56:14,0,0,0
14/11/2020 18:56:15,0,0,0
14/11/2020 18:56:16,0,0,0
14/11/2020 18:56:17,0,0,0
14/11/2020 18:56:18,0,0,0
14/11/2020 18:56:19,0,0,0
14/11/2020 18:56:20,0,0,0
14/11/2020 18:56:21,0,0,0
14/11/2020 18:56:22,0,0,0
14/11/2020 18:56:23,0,0,0
14/11/2020 18:56:24,0,0,0
14/11/2020 18:56:25,0,0,0
14/11/2020 18:56:26,0,0,0
14/11/2020 18:56:27,0,0,0
14/11/2020 18:56:28,0,0,0
14/11/2020 18:56:29,0,0,0
14/11/2020 18:56:30,0,0,0
14/11/2020 18:56:31,0,0,0
14/11/2020 18:56:32,0,0,0
14/11/2020 18:56:33,0,0,0
14/11/2020 18:56:34,0,0,0
14/11/2020 18:56:35,0,0,0
14/11/2020 18:56:36,0,0,0
14/11/2020 18:56:37,0,0,0
14/11/2020 18:56:38,0,0,0
14/11/2020 18:56:39,0,0,0
14/11/2020 18:56:40,0,0,0
14/11/2020 18:56:41,0,0,0
14/11/2020 18:56:42,0,0,0
14/11/2020 18:56:43,0,0,0
14/11/2020 18:56:44,0,0,0
14/11/2020 18:56:45,0,0,0
14/11/2020 18:56:46,0,0,0
14/11/2020 18:56:47,0,0,0
14/11/2020 18:56:48,0,0,0
14/11/2020 18:56:49,0,0,0
14/11/2020 18:56:50,0,0,0
14/11/2020 18:56:51,0,0,0
14/11/2020 18:56:52,0,0,0
14/11/2020 18:56:53,0,0,0
14/11/2020 18:56:54,0,0,0
14/11/2020 18:56:55,0,0,0
14/11/2020 18:56:56,0,0,0
14/11/2020 18:56:57,0,0,0
14/11/2020 18:56:58,0,0,0
14/11/2020 18:56:59,0,0,0
14/11/2020 18:57:00,0,0,0
14/11/2020 18:57:01,0,0,0
14/11/2020 18:57:02,0,0,0
14/11/2020 18:57:03,0,0,0
14/11/2020 18:57:04,0,0,0
14/11/2020 18:57:05,0,0,0
14/11/2020 18:57:06,0,0,0
14/11/2020 18:57:07,0,0,0
14/11/2020 18:57:08,0,0,0
14/11/2020 18:57:09,0,0,0
14/11/2020 18:57:10,0,0,0
14/11/2020 18:57:11,0,0,0
14/11/2020 18:57:12,0,0,0
14/11/2020 18:57:13,0,0,0
14/11/2020 18:57:14,0,0,0
14/11/2020 18:57:15,0,0,0
14/11/2020 18:57:16,0,0,0
14/11/2020 18:57:17,0,0,0
14/11/2020 18:57:18,0,0,0
14/11/2020 18:57:19,0,0,0
14/11/2020 18:57:20,0,0,0
14/11/2020 18:57:21,0,0,0
14/11/2020 18:57:22,0,0,0
14/11/2020 18:57:23,0,0,0
14/11/2020 18:57:24,0,0,0
14/11/2020 18:57:25,0,0,0
14/11/2020 18:57:26,0,0,0
14/11/2020 18:57:27,0,0,0
14/11/2020 18:57:28,0,0,0
14/11/2020 18:57:29,0,0,0
14/11/2020 18:57:30,0,0,0
14/11/2020 18:57:31,0,0,0
14/11/2020 18:57:32,0,0,0
14/11/2020 18:57:33,0,0,0
14/11/2020 18:57:34,0,0,0
14/11/2020 18:57:35,0,0,0
14/11/2020 18:57:36,0,0,0
14/11/2020 18:57:37,0,0,0
14/11/2020 18:57:38,0,0,0
14/11/2020 18:57:39,0,0,0
14/11/2020 18:57:40,0,0,0
14/11/2020 18:57:41,0,0,0
14/11/2020 18:57:42,0,0,0
14/11/2020 18:57:43,0,0,0
14/11/2020 18:57:44,0,0,0
14/11/2020 18:57:45,0,0,0
14/11/2020 18:57:46,0,0,0
14/11/2020 18:57:47,0,0,0
14/11/2020 18:57:48,0,0,0
14/11/2020 18:57:49,0,0,0
14/11/2020 18:57:50,0,0,0
14/11/2020 18:57:51,0,0,0
14/11/2020 18:57:52,0,0,0
14/11/2020 18:57:53,0,0,0
14/11/2020 18:57:54,0,0,0
14/11/2020 18:57:55,0,0,0
14/11/2020 18:57:56,0,0,0
14/11/2020 18:57:57,0,0,0
14/11/2020 18:57:58,0,0,0
14/11/2020 18:57:59,0,0,0
14/11/2020 18:58:00,0,0,0
14/11/2020 18:58:01,0,0,0
14/11/2020 18:58:02,0,0,0
14/11/2020 18:58:03,0,0,0
14/11/2020 18:58:04,0,0,0
14/11/2020 18:58:05,0,0,0
14/11/2020 18:58:06,0,0,0
14/11/2020 18:58:07,0,0,0
14/11/2020 18:58:08,0,0,0
14/11/2020 18:58:09,0,0,0
14/11/2020 18:58:10,0,0,0
14/11/2020 18:58:11,0,0,0
14/11/2020 18:58:12,0,0,0
14/11/2020 18:58:13,0,0,0
14/11/2020 18:58:14,0,0,0
14/11/2020 18:58:15,0,0,0
14/11/2020 18:58:16,0,0,0
14/11/2020 18:58:17,0,0,0
14/11/2020 18:58:18,0,0,0
14/11/2020 18:58:19,0,0,0
14/11/2020 18:58:20,0,0,0
14/11/2020 18:58:21,0,0,0
14/11/2020 18:58:22,0,0,0
14/11/2020 18:58:23,0,0,0
14/11/2020 18:58:24,0,0,0
14/11/2020 18:58:25,0,0,0
14/11/2020 18:58:26,0,0,0
14/11/2020 18:58:27,0,0,0
14/11/2020 18:58:28,0,0,0
14/11/2020 18:58:29,0,0,0
14/11/2020 18:58:30,0,0,0
14/11/2020 18:58:31,0,0,0
14/11/2020 18:58:32,0,0,0
14/11/2020 18:58:33,0,0,0
14/11/2020 18:58:34,0,0,0
14/11/2020 18:58:35,0,0,0
14/11/2020 18:58:36,0,0,0
14/11/2020 18:58:37,0,0,0
14/11/2020 18:58:38,0,0,0
14/11/2020 18:58:39,0,0,0
14/11/2020 18:58:40,0,0,0
14/11/2020 18:58:41,0,0,0
14/11/2020 18:58:42,0,0,0
14/11/2020 18:58:43,0,0,0
14/11/2020 18:58:44,0,0,0
14/11/2020 18:58:45,0,0,0
14/11/2020 18:58:46,0,0,0
14/11/2020 18:58:47,0,0,0
14/11/2020 18:58:48,0,0,0
14/11/2020 18:58:49,0,0,0
14/11/2020 18:58:50,0,0,0
14/11/2020 18:58:51,0,0,0
14/11/2020 18:58:52,0,0,0
14/11/2020 18:58:53,0,0,0
14/11/2020 18:58:54,0,0,0
14/11/2020 18:58:55,0,0,0
14/11/2020 18:58:56,0,0,0
14/11/2020 18:58:57,0,0,0
14/11/2020 18:58:58,0,0,0
14/11/2020 18:58:59,0,0,0
14/11/2020 18:59:00,0,0,0
14/11/2020 18:59:01,0,0,0
14/11/2020 18:59:02,0,0,0
14/11/2020 18:59:03,0,0,0
14/11/2020 18:59:04,0,0,0
14/11/2020 18:59:05,0,0,0
14/11/2020 18:59:06,0,0,0
14/11/2020 18:59:07,0,0,0
14/11/2020 18:59:08,0,0,0
14/11/2020 18:59:09,0,0,0
14/11/2020 18:59:10,0,0,0
14/11/2020 18:59:11,0,0,0
14/11/2020 18:59:12,0,0,0
14/11/2020 18:59:13,0,0,0
14/11/2020 18:59:14,0,0,0
14/11/2020 18:59:15,0,0,0
14/11/2020 18:59:16,0,0,0
14/11/2020 18:59:17,0,0,0
14/11/2020 18:59:18,0,0,0
14/11/2020 18:59:19,0,0,0
14/11/2020 18:59:20,0,0,0
14/11/2020 18:59:21,0,0,0
14/11/2020 18:59:22,0,0,0
14/11/2020 18:59:23,0,0,0
14/11/2020 18:59:24,0,0,0
14/11/2020 18:59:25,0,0,0
14/11/2020 18:59:26,0,0,0
14/11/2020 18:59:27,0,0,0
14/11/2020 18:59:28,0,0,0
14/11/2020 18:59:29,0,0,0
14/11/2020 18:59:30,0,0,0
14/11/2020 18:59:31,0,0,0
14/11/2020 18:59:32,0,0,0
14/11/2020 18:59:33,0,0,0
14/11/2020 18:59:34,0,0,0
14/11/2020 18:59:35,0,0,0
14/11/2020 18:59:36,0,0,0
14/11/2020 18:59:37,0,0,0
14/11/2020 18:59:38,0,0,0
14/11/2020 18:59:39,0,0,0
14/11/2020 18:59:40,0,0,0
14/11/2020 18:59:41,0,0,0
14/11/2020 18:59:42,0,0,0
14/11/2020 18:59:43,0,0,0
14/11/2020 18:59:44,0,0,0
14/11/2020 18:59:45,0,0,0
14/11/2020 18:59:46,0,0,0
14/11/2020 18:59:47,0,0,0
14/11/2020 18:59:48,0,0,0
14/11/2020 18:59:49,0,0,0
14/11/2020 18:59:50,0,0,0
14/11/2020 18:59:51,0,0,0
14/11/2020 18:59:52,0,0,0
14/11/2020 18:59:53,0,0,0
14/11/2020 18:59:54,0,0,0
14/11/2020 18:59:55,0,0,0
14/11/2020 18:59:56,0,0,0
14/11/2020 18:59:57,0,0,0
14/11/2020 18:59:58,0,0,0
14/11/2020 18:59:59,0,0,0
14/11/2020 19:00:00,0,0,0
14/11/2020 19:00:01,0,0,0
14/11/2020 19:00:02,0,0,0
14/11/2020 19:00:03,0,0,0
14/11/2020 19:00:04,0,0,0
14/11/2020 19:00:05,0,0,0
14/11/2020 19:00:06,0,0,0
14/11/2020 19:00:07,0,0,0
14/11/2020 19:00:08,0,0,0
14/11/2020 19:00:09,0,0,0
14/11/2020 19:00:10,0,0,0
14/11/2020 19:00:11,0,0,0
14/11/2020 19:00:12,0,0,0
14/11/2020 19:00:13,0,0,0
14/11/2020 19:00:14,0,0,0
14/11/2020 19:00:15,0,0,0
14/11/2020 19:00:16,0,0,0
14/11/2020 19:00:17,0,0,0
14/11/2020 19:00:18,0,0,0
14/11/2020 19:00:19,0,0,0
14/11/2020 19:00:20,0,0,0
14/11/2020 19:00:21,0,0,0
14/11/2020 19:00:22,0,0,0
14/11/2020 19:00:23,0,0,0
14/11/2020 19:00:24,0,0,0
14/11/2020 19:00:25,0,0,0
14/11/2020 19:00:26,0,0,0
14/11/2020 19:00:27,0,0,0
14/11/2020 19:00:28,0,0,0
14/11/2020 19:00:29,0,0,0
14/11/2020 19:00:30,0,0,0
14/11/2020 19:00:31,0,0,0
14/11/2020 19:00:32,0,0,0
14/11/2020 19:00:33,0,0,0
14/11/2020 19:00:34,0,0,0
14/11/2020 19:00:35,0,0,0
14/11/2020 19:00:36,0,0,0
14/11/2020 19:00:37,0,0,0
14/11/2020 19:00:38,0,0,0
14/11/2020 19:00:39,0,0,0
14/11/2020 19:00:40,0,0,0
14/11/2020 19:00:41,0,0,0
14/11/2020 19:00:42,0,0,0
14/11/2020 19:00:43,0,0,0
14/11/2020 19:00:44,0,0,0
14/11/2020 19:00:45,0,0,0
14/11/2020 19:00:46,0,0,0
14/11/2020 19:00:47,0,0,0
14/11/2020 19:00:48,0,0,0
14/11/2020 19:00:49,0,0,0
14/11/2020 19:00:50,0,0,0
14/11/2020 19:00:51,0,0,0
14/11/2020 19:00:52,0,0,0
14/11/2020 19:00:53,0,0,0
14/11/2020 19:00:54,0,0,0
14/11/2020 19:00:55,0,0,0
14/11/2020 19:00:56,0,0,0
14/11/2020 19:00:57,0,0,0
14/11/2020 19:00:58,0,0,0
14/11/2020 19:00:59,0,0,0
14/11/2020 19:01:00,0,0,0
14/11/2020 19:01:01,0,0,0
14/11/2020 19:01:02,0,0,0
14/11/2020 19:01:03,0,0,0
14/11/2020 19:01:04,0,0,0
14/11/2020 19:01:05,0,0,0
14/11/2020 19:01:06,0,0,0
14/11/2020 19:01:07,0,0,0
14/11/2020 19:01:08,0,0,0
14/11/2020 19:01:09,0,0,0
14/11/2020 19:01:10,0,0,0
14/11/2020 19:01:11,0,0,0
14/11/2020 19:01:12,0,0,0
14/11/2020 19:01:13,0,0,0
14/11/2020 19:01:14,0,0,0
14/11/2020 19:01:15,0,0,0
14/11/2020 19:01:16,0,0,0
14/11/2020 19:01:17,0,0,0
14/11/2020 19:01:18,0,0,0
14/11/2020 19:01:19,0,0,0
14/11/2020 19:01:20,0,0,0
14/11/2020 19:01:21,0,0,0
14/11/2020 19:01:22,0,0,0
14/11/2020 19:01:23,0,0,0
14/11/2020 19:01:24,0,0,0
14/11/2020 19:01:25,0,0,0
14/11/2020 19:01:26,0,0,0
14/11/2020 19:01:27,0,0,0
14/11/2020 19:01:28,0,0,0
14/11/2020 19:01:29,0,0,0
14/11/2020 19:01:30,0,0,0
14/11/2020 19:01:31,0,0,0
14/11/2020 19:01:32,0,0,0
14/11/2020 19:01:33,0,0,0
14/11/2020 19:01:34,0,0,0
14/11/2020 19:01:35,0,0,0
14/11/2020 19:01:36,0,0,0
14/11/2020 19:01:37,0,0,0
14/11/2020 19:01:38,0,0,0
14/11/2020 19:01:39,0,0,0
14/11/2020 19:01:40,0,0,0
14/11/2020 19:01:41,0,0,0
14/11/2020 19:01:42,0,0,0
14/11/2020 19:01:43,0,0,0
14/11/2020 19:01:44,0,0,0
14/11/2020 19:01:45,0,0,0
14/11/2020 19:01:46,0,0,0
14/11/2020 19:01:47,0,0,0
14/11/2020 19:01:48,0,0,0
14/11/2020 19:01:49,0,0,0
14/11/2020 19:01:50,0,0,0
14/11/2020 19:01:51,0,0,0
14/11/2020 19:01:52,0,0,0
14/11/2020 19:01:53,0,0,0
14/11/2020 19:01:54,0,0,0
14/11/2020 19:01:55,0,0,0
14/11/2020 19:01:56,0,0,0
14/11/2020 19:01:57,0,0,0
14/11/2020 19:01:58,0,0,0
14/11/2020 19:01:59,0,0,0
14/11/2020 19:02:00,0,0,0
14/11/2020 19:02:01,0,0,0
14/11/2020 19:02:02,0,0,0
14/11/2020 19:02:03,0,0,0
14/11/2020 19:02:04,0,0,0
14/11/2020 19:02:05,0,0,0
14/11/2020 19:02:06,0,0,0
14/11/2020 19:02:07,0,0,0
14/11/2020 19:02:08,0,0,0
14/11/2020 19:02:09,0,0,0
14/11/2020 19:02:10,0,0,0
14/11/2020 19:02:11,0,0,0
14/11/2020 19:02:12,0,0,0
14/11/2020 19:02:13,0,0,0
14/11/2020 19:02:14,0,0,0
14/11/2020 19:02:15,0,0,0
14/11/2020 19:02:16,0,0,0
14/11/2020 19:02:17,0,0,0
14/11/2020 19:02:18,0,0,0
14/11/2020 19:02:19,0,0,0
14/11/2020 19:02:20,0,0,0
14/11/2020 19:02:21,0,0,0
14/11/2020 19:02:22,0,0,0
14/11/2020 19:02:23,0,0,0
14/11/2020 19:02:24,0,0,0
14/11/2020 19:02:25,0,0,0
14/11/2020 19:02:26,0,0,0
14/11/2020 19:02:27,0,0,0
14/11/2020 19:02:28,0,0,0
14/11/2020 19:02:29,0,0,0
14/11/2020 19:02:30,0,0,0
14/11/2020 19:02:31,0,0,0
14/11/2020 19:02:32,0,0,0
14/11/2020 19:02:33,0,0,0
14/11/2020 19:02:34,0,0,0
14/11/2020 19:02:35,0,0,0
14/11/2020 19:02:36,0,0,0
14/11/2020 19:02:37,0,0,0
14/11/2020 19:02:38,0,0,0
14/11/2020 19:02:39,0,0,0
14/11/2020 19:02:40,0,0,0
14/11/2020 19:02:41,0,0,0
14/11/2020 19:02:42,0,0,0
14/11/2020 19:02:43,0,0,0
14/11/2020 19:02:44,0,0,0
14/11/2020 19:02:45,0,0,0
14/11/2020 19:02:46,0,0,0
14/11/2020 19:02:47,0,0,0
14/11/2020 19:02:48,0,0,0
14/11/2020 19:02:49,0,0,0
14/11/2020 19:02:50,0,0,0
14/11/2020 19:02:51,0,0,0
14/11/2020 19:02:52,0,0,0
14/11/2020 19:02:53,0,0,0
14/11/2020 19:02:54,0,0,0
14/11/2020 19:02:55,0,0,0
14/11/2020 19:02:56,0,0,0
14/11/2020 19:02:57,0,0,0
14/11/2020 19:02:58,0,0,0
14/11/2020 19:02:59,0,0,0
14/11/2020 19:03:00,0,0,0
14/11/2020 19:03:01,0,0,0
14/11/2020 19:03:02,0,0,0
14/11/2020 19:03:03,0,0,0
14/11/2020 19:03:04,0,0,0
14/11/2020 19:03:05,0,0,0
14/11/2020 19:03:06,0,0,0
14/11/2020 19:03:07,0,0,0
14/11/2020 19:03:08,0,0,0
14/11/2020 19:03:09,0,0,0
14/11/2020 19:03:10,0,0,0
14/11/2020 19:03:11,0,0,0
14/11/2020 19:03:12,0,0,0
14/11/2020 19:03:13,0,0,0
14/11/2020 19:03:14,0,0,0
14/11/2020 19:03:15,0,0,0
14/11/2020 19:03:16,0,0,0
14/11/2020 19:03:17,0,0,0
14/11/2020 19:03:18,0,0,0
14/11/2020 19:03:19,0,0,0
14/11/2020 19:03:20,0,0,0
14/11/2020 19:03:21,0,0,0
14/11/2020 19:03:22,0,0,0
14/11/2020 19:03:23,0,0,0
14/11/2020 19:03:24,0,0,0
14/11/2020 19:03:25,0,0,0
14/11/2020 19:03:26,0,0,0
14/11/2020 19:03:27,0,0,0
14/11/2020 19:03:28,0,0,0
14/11/2020 19:03:29,0,0,0
14/11/2020 19:03:30,0,0,0
14/11/2020 19:03:31,0,0,0
14/11/2020 19:03:32,0,0,0
14/11/2020 19:03:33,0,0,0
14/11/2020 19:03:34,0,0,0
14/11/2020 19:03:35,0,0,0
14/11/2020 19:03:36,0,0,0
14/11/2020 19:03:37,0,0,0
14/11/2020 19:03:38,0,0,0
14/11/2020 19:03:39,0,0,0
14/11/2020 19:03:40,0,0,0
14/11/2020 19:03:41,0,0,0
14/11/2020 19:03:42,0,0,0
14/11/2020 19:03:43,0,0,0
14/11/2020 19:03:44,0,0,0
14/11/2020 19:03:45,0,0,0
14/11/2020 19:03:46,0,0,0
14/11/2020 19:03:47,0,0,0
14/11/2020 19:03:48,0,0,0
14/11/2020 19:03:49,0,0,0
14/11/2020 19:03:50,0,0,0
14/11/2020 19:03:51,0,0,0
14/11/2020 19:03:52,0,0,0
14/11/2020 19:03:53,0,0,0
14/11/2020 19:03:54,0,0,0
14/11/2020 19:03:55,0,0,0
14/11/2020 19:03:56,0,0,0
14/11/2020 19:03:57,0,0,0
14/11/2020 19:03:58,0,0,0
14/11/2020 19:03:59,0,0,0
14/11/2020 19:04:00,0,0,0
14/11/2020 19:04:01,0,0,0
14/11/2020 19:04:02,0,0,0
14/11/2020 19:04:03,0,0,0
14/11/2020 19:04:04,0,0,0
14/11/2020 19:04:05,0,0,0
14/11/2020 19:04:06,0,0,0
14/11/2020 19:04:07,0,0,0
14/11/2020 19:04:08,0,0,0
14/11/2020 19:04:09,0,0,0
14/11/2020 19:04:10,0,0,0
14/11/2020 19:04:11,0,0,0
14/11/2020 19:04:12,0,0,0
14/11/2020 19:04:13,0,0,0
14/11/2020 19:04:14,0,0,0
14/11/2020 19:04:15,0,0,0
14/11/2020 19:04:16,0,0,0
14/11/2020 19:04:17,0,0,0
14/11/2020 19:04:18,0,0,0
14/11/2020 19:04:19,0,0,0
14/11/2020 19:04:20,0,0,0
14/11/2020 19:04:21,0,0,0
14/11/2020 19:04:22,0,0,0
14/11/2020 19:04:23,0,0,0
14/11/2020 19:04:24,0,0,0
14/11/2020 19:04:25,0,0,0
14/11/2020 19:04:26,0,0,0
14/11/2020 19:04:27,0,0,0
14/11/2020 19:04:28,0,0,0
14/11/2020 19:04:29,0,0,0
14/11/2020 19:04:30,0,0,0
14/11/2020 19:04:31,0,0,0
14/11/2020 19:04:32,0,0,0
14/11/2020 19:04:33,0,0,0
14/11/2020 19:04:34,0,0,0
14/11/2020 19:04:35,0,0,0
14/11/2020 19:04:36,0,0,0
14/11/2020 19:04:37,0,0,0
14/11/2020 19:04:38,0,0,0
14/11/2020 19:04:39,0,0,0
14/11/2020 19:04:40,0,0,0
14/11/2020 19:04:41,0,0,0
14/11/2020 19:04:42,0,0,0
14/11/2020 19:04:43,0,0,0
14/11/2020 19:04:44,0,0,0
14/11/2020 19:04:45,0,0,0
14/11/2020 19:04:46,0,0,0
14/11/2020 19:04:47,0,0,0
14/11/2020 19:04:48,0,0,0
14/11/2020 19:04:49,0,0,0
14/11/2020 19:04:50,0,0,0
14/11/2020 19:04:51,0,0,0
14/11/2020 19:04:52,0,0,0
14/11/2020 19:04:53,0,0,0
14/11/2020 19:04:54,0,0,0
14/11/2020 19:04:55,0,0,0
14/11/2020 19:04:56,0,0,0
14/11/2020 19:04:57,0,0,0
14/11/2020 19:04:58,0,0,0
14/11/2020 19:04:59,0,0,0
14/11/2020 19:05:00,0,0,0
14/11/2020 19:05:01,0,0,0
14/11/2020 19:05:02,0,0,0
14/11/2020 19:05:03,0,0,0
14/11/2020 19:05:04,0,0,0
14/11/2020 19:05:05,0,0,0
14/11/2020 19:05:06,0,0,0
14/11/2020 19:05:07,0,0,0
14/11/2020 19:05:08,0,0,0
14/11/2020 19:05:09,0,0,0
14/11/2020 19:05:10,0,0,0
14/11/2020 19:05:11,0,0,0
14/11/2020 19:05:12,0,0,0
14/11/2020 19:05:13,0,0,0
14/11/2020 19:05:14,0,0,0
14/11/2020 19:05:15,0,0,0
14/11/2020 19:05:16,0,0,0
14/11/2020 19:05:17,0,0,0
14/11/2020 19:05:18,0,0,0
14/11/2020 19:05:19,0,0,0
14/11/2020 19:05:20,0,0,0
14/11/2020 19:05:21,0,0,0
14/11/2020 19:05:22,0,0,0
14/11/2020 19:05:23,0,0,0
14/11/2020 19:05:24,0,0,0
14/11/2020 19:05:25,0,0,0
14/11/2020 19:05:26,0,0,0
14/11/2020 19:05:27,0,0,0
14/11/2020 19:05:28,0,0,0
14/11/2020 19:05:29,0,0,0
14/11/2020 19:05:30,0,0,0
14/11/2020 19:05:31,0,0,0
14/11/2020 19:05:32,0,0,0
14/11/2020 19:05:33,0,0,0
14/11/2020 19:05:34,0,0,0
14/11/2020 19:05:35,0,0,0
14/11/2020 19:05:36,0,0,0
14/11/2020 19:05:37,0,0,0
14/11/2020 19:05:38,0,0,0
14/11/2020 19:05:39,0,0,0
14/11/2020 19:05:40,0,0,0
14/11/2020 19:05:41,0,0,0
14/11/2020 19:05:42,0,0,0
14/11/2020 19:05:43,0,0,0
14/11/2020 19:05:44,0,0,0
14/11/2020 19:05:45,0,0,0
14/11/2020 19:05:46,0,0,0
14/11/2020 19:05:47,0,0,0
14/11/2020 19:05:48,0,0,0
14/11/2020 19:05:49,0,0,0
14/11/2020 19:05:50,0,0,0
14/11/2020 19:05:51,0,0,0
14/11/2020 19:05:52,0,0,0
14/11/2020 19:05:53,0,0,0
14/11/2020 19:05:54,0,0,0
14/11/2020 19:05:55,0,0,0
14/11/2020 19:05:56,0,0,0
14/11/2020 19:05:57,0,0,0
14/11/2020 19:05:58,0,0,0
14/11/2020 19:05:59,0,0,0
14/11/2020 19:06:00,0,0,0
14/11/2020 19:06:01,0,0,0
14/11/2020 19:06:02,0,0,0
14/11/2020 19:06:03,0,0,0
14/11/2020 19:06:04,0,0,0
14/11/2020 19:06:05,0,0,0
14/11/2020 19:06:06,0,0,0
14/11/2020 19:06:07,0,0,0
14/11/2020 19:06:08,0,0,0
14/11/2020 19:06:09,0,0,0
14/11/2020 19:06:10,0,0,0
14/11/2020 19:06:11,0,0,0
14/11/2020 19:06:12,0,0,0
14/11/2020 19:06:13,0,0,0
14/11/2020 19:06:14,0,0,0
14/11/2020 19:06:15,0,0,0
14/11/2020 19:06:16,0,0,0
14/11/2020 19:06:17,0,0,0
14/11/2020 19:06:18,0,0,0
14/11/2020 19:06:19,0,0,0
14/11/2020 19:06:20,0,0,0
14/11/2020 19:06:21,0,0,0
14/11/2020 19:06:22,0,0,0
14/11/2020 19:06:23,0,0,0
14/11/2020 19:06:24,0,0,0
14/11/2020 19:06:25,0,0,0
14/11/2020 19:06:26,0,0,0
14/11/2020 19:06:27,0,0,0
14/11/2020 19:06:28,0,0,0
14/11/2020 19:06:29,0,0,0
14/11/2020 19:06:30,0,0,0
14/11/2020 19:06:31,0,0,0
14/11/2020 19:06:32,0,0,0
14/11/2020 19:06:33,0,0,0
14/11/2020 19:06:34,0,0,0
14/11/2020 19:06:35,0,0,0
14/11/2020 19:06:36,0,0,0
14/11/2020 19:06:37,0,0,0
14/11/2020 19:06:38,0,0,0
14/11/2020 19:06:39,0,0,0
14/11/2020 19:06:40,0,0,0
14/11/2020 19:06:41,0,0,0
14/11/2020 19:06:42,0,0,0
14/11/2020 19:06:43,0,0,0
14/11/2020 19:06:44,0,0,0
14/11/2020 19:06:45,0,0,0
14/11/2020 19:06:46,0,0,0
14/11/2020 19:06:47,0,0,0
14/11/2020 19:06:48,0,0,0
14/11/2020 19:06:49,0,0,0
14/11/2020 19:06:50,0,0,0
14/11/2020 19:06:51,0,0,0
14/11/2020 19:06:52,0,0,0
14/11/2020 19:06:53,0,0,0
14/11/2020 19:06:54,0,0,0
14/11/2020 19:06:55,0,0,0
14/11/2020 19:06:56,0,0,0
14/11/2020 19:06:57,0,0,0
14/11/2020 19:06:58,0,0,0
14/11/2020 19:06:59,0,0,0
14/11/2020 19:07:00,0,0,0
14/11/2020 19:07:01,0,0,0
14/11/2020 19:07:02,0,0,0
14/11/2020 19:07:03,0,0,0
14/11/2020 19:07:04,0,0,0
14/11/2020 19:07:05,0,0,0
14/11/2020 19:07:06,0,0,0
14/11/2020 19:07:07,0,0,0
14/11/2020 19:07:08,0,0,0
14/11/2020 19:07:09,0,0,0
14/11/2020 19:07:10,0,0,0
14/11/2020 19:07:11,0,0,0
14/11/2020 19:07:12,0,0,0
14/11/2020 19:07:13,0,0,0
14/11/2020 19:07:14,0,0,0
14/11/2020 19:07:15,0,0,0
14/11/2020 19:07:16,0,0,0
14/11/2020 19:07:17,0,0,0
14/11/2020 19:07:18,0,0,0
14/11/2020 19:07:19,0,0,0
14/11/2020 19:07:20,0,0,0
14/11/2020 19:07:21,0,0,0
14/11/2020 19:07:22,0,0,0
14/11/2020 19:07:23,0,0,0
14/11/2020 19:07:24,0,0,0
14/11/2020 19:07:25,0,0,0
14/11/2020 19:07:26,0,0,0
14/11/2020 19:07:27,0,0,0
14/11/2020 19:07:28,0,0,0
14/11/2020 19:07:29,0,0,0
14/11/2020 19:07:30,0,0,0
14/11/2020 19:07:31,0,0,0
14/11/2020 19:07:32,0,0,0
14/11/2020 19:07:33,0,0,0
14/11/2020 19:07:34,0,0,0
14/11/2020 19:07:35,0,0,0
14/11/2020 19:07:36,0,0,0
14/11/2020 19:07:37,0,0,0
14/11/2020 19:07:38,0,0,0
14/11/2020 19:07:39,0,0,0
14/11/2020 19:07:40,0,0,0
14/11/2020 19:07:41,0,0,0
14/11/2020 19:07:42,0,0,0
14/11/2020 19:07:43,0,0,0
14/11/2020 19:07:44,0,0,0
14/11/2020 19:07:45,0,0,0
14/11/2020 19:07:46,0,0,0
14/11/2020 19:07:47,0,0,0
14/11/2020 19:07:48,0,0,0
14/11/2020 19:07:49,0,0,0
14/11/2020 19:07:50,0,0,0
14/11/2020 19:07:51,0,0,0
14/11/2020 19:07:52,0,0,0
14/11/2020 19:07:53,0,0,0
14/11/2020 19:07:54,0,0,0
14/11/2020 19:07:55,0,0,0
14/11/2020 19:07:56,0,0,0
14/11/2020 19:07:57,0,0,0
14/11/2020 19:07:58,0,0,0
14/11/2020 19:07:59,0,0,0
14/11/2020 19:08:00,0,0,0
14/11/2020 19:08:01,0,0,0
14/11/2020 19:08:02,0,0,0
14/11/2020 19:08:03,0,0,0
14/11/2020 19:08:04,0,0,0
14/11/2020 19:08:05,0,0,0
14/11/2020 19:08:06,0,0,0
14/11/2020 19:08:07,0,0,0
14/11/2020 19:08:08,0,0,0
14/11/2020 19:08:09,0,0,0
14/11/2020 19:08:10,0,0,0
14/11/2020 19:08:11,0,0,0
14/11/2020 19:08:12,0,0,0
14/11/2020 19:08:13,0,0,0
14/11/2020 19:08:14,0,0,0
14/11/2020 19:08:15,0,0,0
14/11/2020 19:08:16,0,0,0
14/11/2020 19:08:17,0,0,0
14/11/2020 19:08:18,0,0,0
14/11/2020 19:08:19,0,0,0
14/11/2020 19:08:20,0,0,0
14/11/2020 19:08:21,0,0,0
14/11/2020 19:08:22,0,0,0
14/11/2020 19:08:23,0,0,0
14/11/2020 19:08:24,0,0,0
14/11/2020 19:08:25,0,0,0
14/11/2020 19:08:26,0,0,0
14/11/2020 19:08:27,0,0,0
14/11/2020 19:08:28,0,0,0
14/11/2020 19:08:29,0,0,0
14/11/2020 19:08:30,0,0,0
14/11/2020 19:08:31,0,0,0
14/11/2020 19:08:32,0,0,0
14/11/2020 19:08:33,0,0,0
14/11/2020 19:08:34,0,0,0
14/11/2020 19:08:35,0,0,0
14/11/2020 19:08:36,0,0,0
14/11/2020 19:08:37,0,0,0
14/11/2020 19:08:38,0,0,0
14/11/2020 19:08:39,0,0,0
14/11/2020 19:08:40,0,0,0
14/11/2020 19:08:41,0,0,0
14/11/2020 19:08:42,0,0,0
14/11/2020 19:08:43,0,0,0
14/11/2020 19:08:44,0,0,0
14/11/2020 19:08:45,0,0,0
14/11/2020 19:08:46,0,0,0
14/11/2020 19:08:47,0,0,0
14/11/2020 19:08:48,0,0,0
14/11/2020 19:08:49,0,0,0
14/11/2020 19:08:50,0,0,0
14/11/2020 19:08:51,0,0,0
14/11/2020 19:08:52,0,0,0
14/11/2020 19:08:53,0,0,0
14/11/2020 19:08:54,0,0,0
14/11/2020 19:08:55,0,0,0
14/11/2020 19:08:56,0,0,0
14/11/2020 19:08:57,0,0,0
14/11/2020 19:08:58,0,0,0
14/11/2020 19:08:59,0,0,0
14/11/2020 19:09:00,0,0,0
14/11/2020 19:09:01,0,0,0
14/11/2020 19:09:02,0,0,0
14/11/2020 19:09:03,0,0,0
14/11/2020 19:09:04,0,0,0
14/11/2020 19:09:05,0,0,0
14/11/2020 19:09:06,0,0,0
14/11/2020 19:09:07,0,0,0
14/11/2020 19:09:08,0,0,0
14/11/2020 19:09:09,0,0,0
14/11/2020 19:09:10,0,0,0
14/11/2020 19:09:11,0,0,0
14/11/2020 19:09:12,0,0,0
14/11/2020 19:09:13,0,0,0
14/11/2020 19:09:14,0,0,0
14/11/2020 19:09:15,0,0,0
14/11/2020 19:09:16,0,0,0
14/11/2020 19:09:17,0,0,0
14/11/2020 19:09:18,0,0,0
14/11/2020 19:09:19,0,0,0
14/11/2020 19:09:20,0,0,0
14/11/2020 19:09:21,0,0,0
14/11/2020 19:09:22,0,0,0
14/11/2020 19:09:23,0,0,0
14/11/2020 19:09:24,0,0,0
14/11/2020 19:09:25,0,0,0
14/11/2020 19:09:26,0,0,0
14/11/2020 19:09:27,0,0,0
14/11/2020 19:09:28,0,0,0
14/11/2020 19:09:29,0,0,0
14/11/2020 19:09:30,0,0,0
14/11/2020 19:09:31,0,0,0
14/11/2020 19:09:32,0,0,0
14/11/2020 19:09:33,0,0,0
14/11/2020 19:09:34,0,0,0
14/11/2020 19:09:35,0,0,0
14/11/2020 19:09:36,0,0,0
14/11/2020 19:09:37,0,0,0
14/11/2020 19:09:38,0,0,0
14/11/2020 19:09:39,0,0,0
14/11/2020 19:09:40,0,0,0
14/11/2020 19:09:41,0,0,0
14/11/2020 19:09:42,0,0,0
14/11/2020 19:09:43,0,0,0
14/11/2020 19:09:44,0,0,0
14/11/2020 19:09:45,0,0,0
14/11/2020 19:09:46,0,0,0
14/11/2020 19:09:47,0,0,0
14/11/2020 19:09:48,0,0,0
14/11/2020 19:09:49,0,0,0
14/11/2020 19:09:50,0,0,0
14/11/2020 19:09:51,0,0,0
14/11/2020 19:09:52,0,0,0
14/11/2020 19:09:53,0,0,0
14/11/2020 19:09:54,0,0,0
14/11/2020 19:09:55,0,0,0
14/11/2020 19:09:56,0,0,0
14/11/2020 19:09:57,0,0,0
14/11/2020 19:09:58,0,0,0
14/11/2020 19:09:59,0,0,0
14/11/2020 19:10:00,0,0,0
14/11/2020 19:10:01,0,0,0
14/11/2020 19:10:02,0,0,0
14/11/2020 19:10:03,0,0,0
14/11/2020 19:10:04,0,0,0
14/11/2020 19:10:05,0,0,0
14/11/2020 19:10:06,0,0,0
14/11/2020 19:10:07,0,0,0
14/11/2020 19:10:08,0,0,0
14/11/2020 19:10:09,0,0,0
14/11/2020 19:10:10,0,0,0
14/11/2020 19:10:11,0,0,0
14/11/2020 19:10:12,0,0,0
14/11/2020 19:10:13,0,0,0
14/11/2020 19:10:14,0,0,0
14/11/2020 19:10:15,0,0,0
14/11/2020 19:10:16,0,0,0
14/11/2020 19:10:17,0,0,0
14/11/2020 19:10:18,0,0,0
14/11/2020 19:10:19,0,0,0
14/11/2020 19:10:20,0,0,0
14/11/2020 19:10:21,0,0,0
14/11/2020 19:10:22,0,0,0
14/11/2020 19:10:23,0,0,0
14/11/2020 19:10:24,0,0,0
14/11/2020 19:10:25,0,0,0
14/11/2020 19:10:26,0,0,0
14/11/2020 19:10:27,0,0,0
14/11/2020 19:10:28,0,0,0
14/11/2020 19:10:29,0,0,0
14/11/2020 19:10:30,0,0,0
14/11/2020 19:10:31,0,0,0
14/11/2020 19:10:32,0,0,0
14/11/2020 19:10:33,0,0,0
14/11/2020 19:10:34,0,0,0
14/11/2020 19:10:35,0,0,0
14/11/2020 19:10:36,0,0,0
14/11/2020 19:10:37,0,0,0
14/11/2020 19:10:38,0,0,0
14/11/2020 19:10:39,0,0,0
14/11/2020 19:10:40,0,0,0
14/11/2020 19:10:41,0,0,0
14/11/2020 19:10:42,0,0,0
14/11/2020 19:10:43,0,0,0
14/11/2020 19:10:44,0,0,0
14/11/2020 19:10:45,0,0,0
14/11/2020 19:10:46,0,0,0
14/11/2020 19:10:47,0,0,0
14/11/2020 19:10:48,0,0,0
14/11/2020 19:10:49,0,0,0
14/11/2020 19:10:50,0,0,0
14/11/2020 19:10:51,0,0,0
14/11/2020 19:10:52,0,0,0
14/11/2020 19:10:53,0,0,0
14/11/2020 19:10:54,0,0,0
14/11/2020 19:10:55,0,0,0
14/11/2020 19:10:56,0,0,0
14/11/2020 19:10:57,0,0,0
14/11/2020 19:10:58,0,0,0
14/11/2020 19:10:59,0,0,0
14/11/2020 19:11:00,0,0,0
14/11/2020 19:11:01,0,0,0
14/11/2020 19:11:02,0,0,0
14/11/2020 19:11:03,0,0,0
14/11/2020 19:11:04,0,0,0
14/11/2020 19:11:05,0,0,0
14/11/2020 19:11:06,0,0,0
14/11/2020 19:11:07,0,0,0
14/11/2020 19:11:08,0,0,0
14/11/2020 19:11:09,0,0,0
14/11/2020 19:11:10,0,0,0
14/11/2020 19:11:11,0,0,0
14/11/2020 19:11:12,0,0,0
14/11/2020 19:11:13,0,0,0
14/11/2020 19:11:14,0,0,0
14/11/2020 19:11:15,0,0,0
14/11/2020 19:11:16,0,0,0
14/11/2020 19:11:17,0,0,0
14/11/2020 19:11:18,0,0,0
14/11/2020 19:11:19,0,0,0
14/11/2020 19:11:20,0,0,0
14/11/2020 19:11:21,0,0,0
14/11/2020 19:11:22,0,0,0
14/11/2020 19:11:23,0,0,0
14/11/2020 19:11:24,0,0,0
14/11/2020 19:11:25,0,0,0
14/11/2020 19:11:26,0,0,0
14/11/2020 19:11:27,0,0,0
14/11/2020 19:11:28,0,0,0
14/11/2020 19:11:29,0,0,0
14/11/2020 19:11:30,0,0,0
14/11/2020 19:11:31,0,0,0
14/11/2020 19:11:32,0,0,0
14/11/2020 19:11:33,0,0,0
14/11/2020 19:11:34,0,0,0
14/11/2020 19:11:35,0,0,0
14/11/2020 19:11:36,0,0,0
14/11/2020 19:11:37,0,0,0
14/11/2020 19:11:38,0,0,0
14/11/2020 19:11:39,0,0,0
14/11/2020 19:11:40,0,0,0
14/11/2020 19:11:41,0,0,0
14/11/2020 19:11:42,0,0,0
14/11/2020 19:11:43,0,0,0
14/11/2020 19:11:44,0,0,0
14/11/2020 19:11:45,0,0,0
14/11/2020 19:11:46,0,0,0
14/11/2020 19:11:47,0,0,0
14/11/2020 19:11:48,0,0,0
14/11/2020 19:11:49,0,0,0
14/11/2020 19:11:50,0,0,0
14/11/2020 19:11:51,0,0,0
14/11/2020 19:11:52,0,0,0
14/11/2020 19:11:53,0,0,0
14/11/2020 19:11:54,0,0,0
14/11/2020 19:11:55,0,0,0
14/11/2020 19:11:56,0,0,0
14/11/2020 19:11:57,0,0,0
14/11/2020 19:11:58,0,0,0
14/11/2020 19:11:59,0,0,0
14/11/2020 19:12:00,0,0,0
14/11/2020 19:12:01,0,0,0
14/11/2020 19:12:02,0,0,0
14/11/2020 19:12:03,0,0,0
14/11/2020 19:12:04,0,0,0
14/11/2020 19:12:05,0,0,0
14/11/2020 19:12:06,0,0,0
14/11/2020 19:12:07,0,0,0
14/11/2020 19:12:08,0,0,0
14/11/2020 19:12:09,0,0,0
14/11/2020 19:12:10,0,0,0
14/11/2020 19:12:11,0,0,0
14/11/2020 19:12:12,0,0,0
14/11/2020 19:12:13,0,0,0
14/11/2020 19:12:14,0,0,0
14/11/2020 19:12:15,0,0,0
14/11/2020 19:12:16,0,0,0
14/11/2020 19:12:17,0,0,0
14/11/2020 19:12:18,0,0,0
14/11/2020 19:12:19,0,0,0
14/11/2020 19:12:20,0,0,0
14/11/2020 19:12:21,0,0,0
14/11/2020 19:12:22,0,0,0
14/11/2020 19:12:23,0,0,0
14/11/2020 19:12:24,0,0,0
14/11/2020 19:12:25,0,0,0
14/11/2020 19:12:26,0,0,0
14/11/2020 19:12:27,0,0,0
14/11/2020 19:12:28,0,0,0
14/11/2020 19:12:29,0,0,0
14/11/2020 19:12:30,0,0,0
14/11/2020 19:12:31,0,0,0
14/11/2020 19:12:32,0,0,0
14/11/2020 19:12:33,0,0,0
14/11/2020 19:12:34,0,0,0
14/11/2020 19:12:35,0,0,0
14/11/2020 19:12:36,0,0,0
14/11/2020 19:12:37,0,0,0
14/11/2020 19:12:38,0,0,0
14/11/2020 19:12:39,0,0,0
14/11/2020 19:12:40,0,0,0
14/11/2020 19:12:41,0,0,0
14/11/2020 19:12:42,0,0,0
14/11/2020 19:12:43,0,0,0
14/11/2020 19:12:44,0,0,0
14/11/2020 19:12:45,0,0,0
14/11/2020 19:12:46,0,0,0
14/11/2020 19:12:47,0,0,0
14/11/2020 19:12:48,0,0,0
14/11/2020 19:12:49,0,0,0
14/11/2020 19:12:50,0,0,0
14/11/2020 19:12:51,0,0,0
14/11/2020 19:12:52,0,0,0
14/11/2020 19:12:53,0,0,0
14/11/2020 19:12:54,0,0,0
14/11/2020 19:12:55,0,0,0
14/11/2020 19:12:56,0,0,0
14/11/2020 19:12:57,0,0,0
14/11/2020 19:12:58,0,0,0
14/11/2020 19:12:59,0,0,0
14/11/2020 19:13:00,0,0,0
14/11/2020 19:13:01,0,0,0
14/11/2020 19:13:02,0,0,0
14/11/2020 19:13:03,0,0,0
14/11/2020 19:13:04,0,0,0
14/11/2020 19:13:05,0,0,0
14/11/2020 19:13:06,0,0,0
14/11/2020 19:13:07,0,0,0
14/11/2020 19:13:08,0,0,0
14/11/2020 19:13:09,0,0,0
14/11/2020 19:13:10,0,0,0
14/11/2020 19:13:11,0,0,0
14/11/2020 19:13:12,0,0,0
14/11/2020 19:13:13,0,0,0
14/11/2020 19:13:14,0,0,0
14/11/2020 19:13:15,0,0,0
14/11/2020 19:13:16,0,0,0
14/11/2020 19:13:17,0,0,0
14/11/2020 19:13:18,0,0,0
14/11/2020 19:13:19,0,0,0
14/11/2020 19:13:20,0,0,0
14/11/2020 19:13:21,0,0,0
14/11/2020 19:13:22,0,0,0
14/11/2020 19:13:23,0,0,0
14/11/2020 19:13:24,0,0,0
14/11/2020 19:13:25,0,0,0
14/11/2020 19:13:26,0,0,0
14/11/2020 19:13:27,0,0,0
14/11/2020 19:13:28,0,0,0
14/11/2020 19:13:29,0,0,0
14/11/2020 19:13:30,0,0,0
14/11/2020 19:13:31,0,0,0
14/11/2020 19:13:32,0,0,0
14/11/2020 19:13:33,0,0,0
14/11/2020 19:13:34,0,0,0
14/11/2020 19:13:35,0,0,0
14/11/2020 19:13:36,0,0,0
14/11/2020 19:13:37,0,0,0
14/11/2020 19:13:38,0,0,0
14/11/2020 19:13:39,0,0,0
14/11/2020 19:13:40,0,0,0
14/11/2020 19:13:41,0,0,0
14/11/2020 19:13:42,0,0,0
14/11/2020 19:13:43,0,0,0
14/11/2020 19:13:44,0,0,0
14/11/2020 19:13:45,0,0,0
14/11/2020 19:13:46,0,0,0
14/11/2020 19:13:47,0,0,0
14/11/2020 19:13:48,0,0,0
14/11/2020 19:13:49,0,0,0
14/11/2020 19:13:50,0,0,0
14/11/2020 19:13:51,0,0,0
14/11/2020 19:13:52,0,0,0
14/11/2020 19:13:53,0,0,0
14/11/2020 19:13:54,0,0,0
14/11/2020 19:13:55,0,0,0
14/11/2020 19:13:56,0,0,0
14/11/2020 19:13:57,0,0,0
14/11/2020 19:13:58,0,0,0
14/11/2020 19:13:59,0,0,0
14/11/2020 19:14:00,0,0,0
14/11/2020 19:14:01,0,0,0
14/11/2020 19:14:02,0,0,0
14/11/2020 19:14:03,0,0,0
14/11/2020 19:14:04,0,0,0
14/11/2020 19:14:05,0,0,0
14/11/2020 19:14:06,0,0,0
14/11/2020 19:14:07,0,0,0
14/11/2020 19:14:08,0,0,0
14/11/2020 19:14:09,0,0,0
14/11/2020 19:14:10,0,0,0
14/11/2020 19:14:11,0,0,0
14/11/2020 19:14:12,0,0,0
14/11/2020 19:14:13,0,0,0
14/11/2020 19:14:14,0,0,0
14/11/2020 19:14:15,0,0,0
14/11/2020 19:14:16,0,0,0
14/11/2020 19:14:17,0,0,0
14/11/2020 19:14:18,0,0,0
14/11/2020 19:14:19,0,0,0
14/11/2020 19:14:20,0,0,0
14/11/2020 19:14:21,0,0,0
14/11/2020 19:14:22,0,0,0
14/11/2020 19:14:23,0,0,0
14/11/2020 19:14:24,0,0,0
14/11/2020 19:14:25,0,0,0
14/11/2020 19:14:26,0,0,0
14/11/2020 19:14:27,0,0,0
14/11/2020 19:14:28,0,0,0
14/11/2020 19:14:29,0,0,0
14/11/2020 19:14:30,0,0,0
14/11/2020 19:14:31,0,0,0
14/11/2020 19:14:32,0,0,0
14/11/2020 19:14:33,0,0,0
14/11/2020 19:14:34,0,0,0
14/11/2020 19:14:35,0,0,0
14/11/2020 19:14:36,0,0,0
14/11/2020 19:14:37,0,0,0
14/11/2020 19:14:38,0,0,0
14/11/2020 19:14:39,0,0,0
14/11/2020 19:14:40,0,0,0
14/11/2020 19:14:41,0,0,0
14/11/2020 19:14:42,0,0,0
14/11/2020 19:14:43,0,0,0
14/11/2020 19:14:44,0,0,0
14/11/2020 19:14:45,0,0,0
14/11/2020 19:14:46,0,0,0
14/11/2020 19:14:47,0,0,0
14/11/2020 19:14:48,0,0,0
14/11/2020 19:14:49,0,0,0
14/11/2020 19:14:50,0,0,0
14/11/2020 19:14:51,0,0,0
14/11/2020 19:14:52,0,0,0
14/11/2020 19:14:53,0,0,0
14/11/2020 19:14:54,0,0,0
14/11/2020 19:14:55,0,0,0
14/11/2020 19:14:56,0,0,0
14/11/2020 19:14:57,0,0,0
14/11/2020 19:14:58,0,0,0
14/11/2020 19:14:59,0,0,0
14/11/2020 19:15:00,0,0,0
14/11/2020 19:15:01,0,0,0
14/11/2020 19:15:02,0,0,0
14/11/2020 19:15:03,0,0,0
14/11/2020 19:15:04,0,0,0
14/11/2020 19:15:05,0,0,0
14/11/2020 19:15:06,0,0,0
14/11/2020 19:15:07,0,0,0
14/11/2020 19:15:08,0,0,0
14/11/2020 19:15:09,0,0,0
14/11/2020 19:15:10,0,0,0
14/11/2020 19:15:11,0,0,0
14/11/2020 19:15:12,0,0,0
14/11/2020 19:15:13,0,0,0
14/11/2020 19:15:14,0,0,0
14/11/2020 19:15:15,0,0,0
14/11/2020 19:15:16,0,0,0
14/11/2020 19:15:17,0,0,0
14/11/2020 19:15:18,0,0,0
14/11/2020 19:15:19,0,0,0
14/11/2020 19:15:20,0,0,0
14/11/2020 19:15:21,15.4117527,0,0
14/11/2020 19:15:22,40.97021484,0,0
14/11/2020 19:15:23,66.52867889,0,0
14/11/2020 19:15:24,92.08714294,0,0
14/11/2020 19:15:25,117.6455994,0,0
14/11/2020 19:15:26,112.8408737,1.517048836,0
14/11/2020 19:15:27,90.50787354,3.909870386,0
14/11/2020 19:15:28,68.17487335,6.302691936,0
14/11/2020 19:15:29,45.84187317,8.695513725,0
14/11/2020 19:15:30,23.50887299,11.08833504,0
14/11/2020 19:15:31,14.87582779,11.87582779,0
14/11/2020 19:15:32,14.67522526,11.67522526,0
14/11/2020 19:15:33,14.47462368,11.47462368,0
14/11/2020 19:15:34,14.2740221,11.2740221,0
14/11/2020 19:15:35,14.07342052,11.07342052,0
14/11/2020 19:15:36,14.12679958,11.12679958,0
14/11/2020 19:15:37,14.32680035,11.32680035,0
14/11/2020 19:15:38,14.52680016,11.52680016,0
14/11/2020 19:15:39,14.72679996,11.72679996,0
14/11/2020 19:15:40,14.92679977,11.92679977,0
14/11/2020 19:15:41,14.93679619,11.93679619,0
14/11/2020 19:15:42,14.8371048,11.8371048,0
14/11/2020 19:15:43,14.73741436,11.73741436,0
14/11/2020 19:15:44,14.63772297,11.63772297,0
14/11/2020 19:15:45,14.53803253,11.53803253,0
14/11/2020 19:15:46,14.43834114,11.43834114,0
14/11/2020 19:15:47,14.33864975,11.33864975,0
14/11/2020 19:15:48,14.23895931,11.23895931,0
14/11/2020 19:15:49,14.13926792,11.13926792,0
14/11/2020 19:15:50,14.03957748,11.03957748,0
14/11/2020 19:15:51,14.11983299,11.11983299,0
14/11/2020 19:15:52,14.31856155,11.31856155,0
14/11/2020 19:15:53,14.51728916,11.51728916,0
14/11/2020 19:15:54,14.71601772,11.71601772,0
14/11/2020 19:15:55,14.91474533,11.91474533,0
14/11/2020 19:15:56,14.8854332,11.8854332,0
14/11/2020 19:15:57,14.68479156,11.68479156,0
14/11/2020 19:15:58,14.48414898,11.48414898,0
14/11/2020 19:15:59,14.28350735,11.28350735,0
14/11/2020 19:16:00,14.08286476,11.08286476,0
14/11/2020 19:16:01,14.11702538,11.11702538,0
14/11/2020 19:16:02,14.31638718,11.31638718,0
14/11/2020 19:16:03,14.51574993,11.51574993,0
14/11/2020 19:16:04,14.71511173,11.71511173,0
14/11/2020 19:16:05,14.91447353,11.91447353,0
14/11/2020 19:16:06,14.88614178,11.88614178,0
14/11/2020 19:16:07,14.68673992,11.68673992,0
14/11/2020 19:16:08,14.48733807,11.48733807,0
14/11/2020 19:16:09,14.28793621,11.28793621,0
14/11/2020 19:16:10,14.08853436,11.08853436,0
14/11/2020 19:16:11,14,11,0
14/11/2020 19:16:12,14,11,0
14/11/2020 19:16:13,14,11,0
14/11/2020 19:16:14,14,11,0
14/11/2020 19:16:15,14,11,0
14/11/2020 19:16:16,14,11,0
14/11/2020 19:16:17,14,11,0
14/11/2020 19:16:18,14,11,0
14/11/2020 19:16:19,14,11,0
14/11/2020 19:16:20,14,11,0
14/11/2020 19:16:21,14,11,0
14/11/2020 19:16:22,14,11,0
14/11/2020 19:16:23,14,11,0
14/11/2020 19:16:24,14,11,0
14/11/2020 19:16:25,14,11,0
14/11/2020 19:16:26,14.10448647,11.10448647,0
14/11/2020 19:16:27,14.30388832,11.30388832,0
14/11/2020 19:16:28,14.50329018,11.50329018,0
14/11/2020 19:16:29,14.70269203,11.70269203,0
14/11/2020 19:16:30,14.90209389,11.90209389,0
14/11/2020 19:16:31,14.89914799,11.89914799,0
14/11/2020 19:16:32,14.7010107,11.7010107,0
14/11/2020 19:16:33,14.50287342,11.50287342,0
14/11/2020 19:16:34,14.30473518,11.30473518,0
14/11/2020 19:16:35,14.1065979,11.1065979,0
14/11/2020 19:16:36,14.09210491,11.09210491,41.47070694
14/11/2020 19:16:37,14.29146767,11.29146767,154.1628418
14/11/2020 19:16:38,14.49082947,11.49082947,266.8549805
14/11/2020 19:16:39,14.69019127,11.69019127,379.5471191
14/11/2020 19:16:40,14.88955307,11.88955307,492.2392578
14/11/2020 19:16:41,15,12,594.9642334
14/11/2020 19:16:42,15,12,680.5716553
14/11/2020 19:16:43,15,12,766.1791382
14/11/2020 19:16:44,15,12,851.7865601
14/11/2020 19:16:45,15,12,937.394043
14/11/2020 19:16:46,15.63563442,12.56500816,1191.759766
14/11/2020 19:16:47,17.44141197,14.17014408,1803.09375
14/11/2020 19:16:48,19.24719048,15.77528095,2414.427734
14/11/2020 19:16:49,21.05296898,17.38041687,3025.761719
14/11/2020 19:16:50,22.85874748,18.98555374,3637.095947
14/11/2020 19:16:51,23.5583992,19.63199997,3973.94043
14/11/2020 19:16:52,22.35840034,18.63199997,3730.167236
14/11/2020 19:16:53,21.15839958,17.63199997,3486.393799
14/11/2020 19:16:54,19.95840073,16.63199997,3242.620605
14/11/2020 19:16:55,18.75839996,15.63199997,2998.847168
14/11/2020 19:16:56,17.7083416,14.7083416,2711.153076
14/11/2020 19:16:57,16.91579247,13.91579151,2330.554688
14/11/2020 19:16:58,16.12324142,13.12324142,1949.956421
14/11/2020 19:16:59,15.33069134,12.33069134,1569.358032
14/11/2020 19:17:00,14.53814125,11.53814125,1188.759766
14/11/2020 19:17:01,14.0642004,11,890.7463379
14/11/2020 19:17:02,14.26420021,11,811.5529785
14/11/2020 19:17:03,14.46420002,11,732.3596191
14/11/2020 19:17:04,14.66419983,11,653.1663208
14/11/2020 19:17:05,14.86419964,11,573.9729614
14/11/2020 19:17:06,15.2567997,11.3210001,654.9223022
14/11/2020 19:17:07,16.05680084,12.3210001,1160.191406
14/11/2020 19:17:08,16.85680008,13.3210001,1665.460449
14/11/2020 19:17:09,17.65679932,14.3210001,2170.729492
14/11/2020 19:17:10,18.45680046,15.3210001,2675.998535
14/11/2020 19:17:11,18.93639755,15.93639755,3082.63623
14/11/2020 19:17:12,18.73826027,15.73826027,3182.014648
14/11/2020 19:17:13,18.54012299,15.54012299,3281.392822
14/11/2020 19:17:14,18.3419857,15.3419857,3380.77124
14/11/2020 19:17:15,18.14384842,15.14384747,3480.149658
14/11/2020 19:17:16,18.3288002,15.3288002,3654.430176
14/11/2020 19:17:17,19.52879906,16.52879906,4108.796387
14/11/2020 19:17:18,20.72879982,17.72879982,4563.162109
14/11/2020 19:17:19,21.92880058,18.92880058,5017.527832
14/11/2020 19:17:20,23.12879944,20.12879944,5471.894043
14/11/2020 19:17:21,24.27231216,21.21782684,5979.037109
14/11/2020 19:17:22,25.26614952,22.01281929,6665.901367
14/11/2020 19:17:23,26.25998878,22.80781174,7352.766113
14/11/2020 19:17:24,27.25382614,23.60280228,8039.630859
14/11/2020 19:17:25,28.24766541,24.39779472,8726.495117
14/11/2020 19:17:26,29.19316292,25.19278526,9323.154297
14/11/2020 19:17:27,29.98807716,25.98777771,9582.505859
14/11/2020 19:17:28,30.7829895,26.78276825,9841.857422
14/11/2020 19:17:29,31.57790184,27.5777607,10101.20801
14/11/2020 19:17:30,32.37281418,28.37275124,10360.55957
14/11/2020 19:17:31,32.40730286,28.40730286,10382.39063
14/11/2020 19:17:32,29.59831429,25.59831429,9322.18457
14/11/2020 19:17:33,26.78932571,22.78932571,8261.979492
14/11/2020 19:17:34,23.98033714,19.98033714,7201.773926
14/11/2020 19:17:35,21.17134857,17.17134857,6141.568359
14/11/2020 19:17:36,19.0903759,15.13576508,5296.98291
14/11/2020 19:17:37,19.48850441,15.73385143,5258.67334
14/11/2020 19:17:38,19.88663292,16.33193779,5220.363281
14/11/2020 19:17:39,20.28476143,16.93002319,5182.053711
14/11/2020 19:17:40,20.68288994,17.5281105,5143.743652
14/11/2020 19:17:41,21.08101845,18,5126.561035
14/11/2020 19:17:42,21.47914886,18,5205.624023
14/11/2020 19:17:43,21.87727737,18,5284.686523
14/11/2020 19:17:44,22.27540588,18,5363.749512
14/11/2020 19:17:45,22.67353439,18,5442.8125
14/11/2020 19:17:46,22.74642754,17.81887627,5418.06543
14/11/2020 19:17:47,21.33769417,16.81263924,4920.407715
14/11/2020 19:17:48,19.92895889,15.80639935,4422.75
14/11/2020 19:17:49,18.52022552,14.80016136,3925.092041
14/11/2020 19:17:50,17.11149216,13.79392242,3427.434326
14/11/2020 19:17:51,15.91612053,12.91612053,2933.334229
14/11/2020 19:17:52,15.51858521,12.51858521,2462.427246
14/11/2020 19:17:53,15.12104988,12.12104988,1991.520386
14/11/2020 19:17:54,14.72351456,11.72351456,1520.613525
14/11/2020 19:17:55,14.32597923,11.32597923,1049.706543
14/11/2020 19:17:56,14.03600025,11,633.0701904
14/11/2020 19:17:57,14.23600006,11,528.855835
14/11/2020 19:17:58,14.43599987,11,424.6415405
14/11/2020 19:17:59,14.63599968,11,320.4272461
14/11/2020 19:18:00,14.83600044,11,216.2129211
14/11/2020 19:18:01,15,11.03566456,161.7655182
14/11/2020 19:18:02,15,11.23380184,431.7384338
14/11/2020 19:18:03,15,11.43194008,701.7113647
14/11/2020 19:18:04,15,11.63007736,971.6843262
14/11/2020 19:18:05,15,11.82821465,1241.657227
14/11/2020 19:18:06,15.08003998,12.08003998,1516.354736
14/11/2020 19:18:07,15.68184566,12.68184566,1826.709106
14/11/2020 19:18:08,16.28365135,13.28365135,2137.063477
14/11/2020 19:18:09,16.88545609,13.88545609,2447.417969
14/11/2020 19:18:10,17.48726273,14.48726177,2757.772217
14/11/2020 19:18:11,18.0590229,15.02951145,3074.894043
14/11/2020 19:18:12,18.45782661,15.22891331,3452.25293
14/11/2020 19:18:13,18.85663033,15.42831516,3829.611816
14/11/2020 19:18:14,19.25543404,15.62771702,4206.970703
14/11/2020 19:18:15,19.65423775,15.82711887,4584.32959
14/11/2020 19:18:16,20.13257599,16.13257599,4955.875488
14/11/2020 19:18:17,21.1293869,17.1293869,5275.680176
14/11/2020 19:18:18,22.12619591,18.12619591,5595.484863
14/11/2020 19:18:19,23.12300682,19.12300682,5915.290039
14/11/2020 19:18:20,24.11981583,20.11981583,6235.094727
14/11/2020 19:18:21,25.18660355,21.18660355,6553.453613
14/11/2020 19:18:22,26.78149986,22.78149986,6858.944336
14/11/2020 19:18:23,28.37639618,24.37639618,7164.435547
14/11/2020 19:18:24,29.9712925,25.9712925,7469.92627
14/11/2020 19:18:25,31.56618881,27.56618881,7775.416992
14/11/2020 19:18:26,32.75759888,28.77779961,8003.288574
14/11/2020 19:18:27,30.35759926,26.57780075,7540.271973
14/11/2020 19:18:28,27.95759964,24.37779999,7077.255371
14/11/2020 19:18:29,25.55760002,22.17779922,6614.239258
14/11/2020 19:18:30,23.1576004,19.97780037,6151.222656
14/11/2020 19:18:31,20.87879944,17.87879944,5664.578125
14/11/2020 19:18:32,19.67880058,16.67880058,4864.017578
14/11/2020 19:18:33,18.47879982,15.47879982,4063.457031
14/11/2020 19:18:34,17.27879906,14.27880001,3262.896729
14/11/2020 19:18:35,16.0788002,13.0788002,2462.336182
14/11/2020 19:18:36,14.97980022,11.97980022,1691.469604
14/11/2020 19:18:37,14.77980042,11.77980042,1440.797119
14/11/2020 19:18:38,14.57979965,11.57979965,1190.124512
14/11/2020 19:18:39,14.37979984,11.37979984,939.4519653
14/11/2020 19:18:40,14.17980003,11.17980003,688.7794189
14/11/2020 19:18:41,14.10037804,11.10037804,496.0721436
14/11/2020 19:18:42,15.09421539,12.09421539,1073.474976
14/11/2020 19:18:43,16.08805466,13.0880537,1650.877808
14/11/2020 19:18:44,17.08189201,14.08189201,2228.280518
14/11/2020 19:18:45,18.07573128,15.07573032,2805.68335
14/11/2020 19:18:46,18.97900009,15.97900009,3343.999268
14/11/2020 19:18:47,18.67900085,15.6789999,3197.567627
14/11/2020 19:18:48,18.37899971,15.37899971,3051.13623
14/11/2020 19:18:49,18.07900047,15.07900047,2904.704834
14/11/2020 19:18:50,17.77899933,14.77900028,2758.273193
14/11/2020 19:18:51,17.47900009,14.47900009,2615.905518
14/11/2020 19:18:52,17.17900085,14.1789999,2646.154053
14/11/2020 19:18:53,16.87899971,13.87899971,2676.402588
14/11/2020 19:18:54,16.57900047,13.57900047,2706.651123
14/11/2020 19:18:55,16.27899933,13.27900028,2736.899414
14/11/2020 19:18:56,16,13.01395512,2767.147949
14/11/2020 19:18:57,16,13.21331692,2720.345703
14/11/2020 19:18:58,16,13.41267967,2671.648682
14/11/2020 19:18:59,16,13.61204147,2622.951904
14/11/2020 19:19:00,16,13.81140327,2574.254883
14/11/2020 19:19:01,15.9892664,13.97853279,2525.557861
14/11/2020 19:19:02,15.79049873,13.58099747,2303.922852
14/11/2020 19:19:03,15.59173107,13.18346214,2069.070557
14/11/2020 19:19:04,15.39296341,12.78592682,1834.218506
14/11/2020 19:19:05,15.19419575,12.38839149,1599.366455
14/11/2020 19:19:06,15,11.99544239,1364.514282
14/11/2020 19:19:07,15,11.79730511,1287.05127
14/11/2020 19:19:08,15,11.59916782,1224.585938
14/11/2020 19:19:09,15,11.40103054,1162.120605
14/11/2020 19:19:10,15,11.20289326,1099.655151
14/11/2020 19:19:11,15,11.00475502,1037.189819
14/11/2020 19:19:12,15.38676453,11.38676453,1120.425903
14/11/2020 19:19:13,15.78303909,11.78303909,1220.21167
14/11/2020 19:19:14,16.17931366,12.17931461,1319.997314
14/11/2020 19:19:15,16.57559013,12.57558918,1419.783081
14/11/2020 19:19:16,16.9718647,12.9718647,1519.568726
14/11/2020 19:19:17,16.62958527,12.81479263,1507.420898
14/11/2020 19:19:18,16.23086166,12.61543083,1470.702271
14/11/2020 19:19:19,15.83213711,12.41606903,1433.983765
14/11/2020 19:19:20,15.43341351,12.21670628,1397.265137
14/11/2020 19:19:21,15.03468895,12.01734447,1360.546509
14/11/2020 19:19:22,16.63848495,13.45643044,1805.779053
14/11/2020 19:19:23,18.43309975,15.05164528,2380.673584
14/11/2020 19:19:24,20.22771645,16.64686012,2955.567871
14/11/2020 19:19:25,22.02233315,18.24207306,3530.462402
14/11/2020 19:19:26,23.81694984,19.8372879,4105.356934
14/11/2020 19:19:27,24.17684174,20.17684174,4520.000977
14/11/2020 19:19:28,24.37376976,20.37376976,4883.204102
14/11/2020 19:19:29,24.57069778,20.57069778,5246.407227
14/11/2020 19:19:30,24.76762581,20.76762581,5609.609863
14/11/2020 19:19:31,24.96455383,20.96455383,5972.812988
14/11/2020 19:19:32,24.67408562,20.51112938,6245.17627
14/11/2020 19:19:33,24.2766304,19.9149437,6490.86377
14/11/2020 19:19:34,23.87917328,19.31875992,6736.550781
14/11/2020 19:19:35,23.48171616,18.72257614,6982.238281
14/11/2020 19:19:36,23.08426094,18.12639046,7227.925293
14/11/2020 19:19:37,23.46988678,18.62651634,7208.659668
14/11/2020 19:19:38,24.06618881,19.42158699,7111.587891
14/11/2020 19:19:39,24.66249275,20.21665764,7014.515625
14/11/2020 19:19:40,25.25879478,21.01172638,6917.443848
14/11/2020 19:19:41,25.85509872,21.80679703,6820.371582
14/11/2020 19:19:42,25.08868408,21.24057007,6661.269043
14/11/2020 19:19:43,23.88483238,20.23736,6483.84668
14/11/2020 19:19:44,22.68097878,19.23414993,6306.424805
14/11/2020 19:19:45,21.47712708,18.23093987,6129.002441
14/11/2020 19:19:46,20.27327538,17.22772789,5951.580078
14/11/2020 19:19:47,20,17,5666.772461
14/11/2020 19:19:48,20,17,5347.493652
14/11/2020 19:19:49,20,17,5028.215332
14/11/2020 19:19:50,20,17,4708.936523
14/11/2020 19:19:51,20,17,4389.657715
14/11/2020 19:19:52,20,16.84543037,4392.095215
14/11/2020 19:19:53,20,16.64547157,4497.804688
14/11/2020 19:19:54,20,16.44551086,4603.51416
14/11/2020 19:19:55,20,16.24555016,4709.223633
14/11/2020 19:19:56,20,16.04559135,4814.933105
14/11/2020 19:19:57,20.15393829,16.15393829,5021.42627
14/11/2020 19:19:58,20.35334015,16.35334015,5266.146973
14/11/2020 19:19:59,20.552742,16.552742,5510.868164
14/11/2020 19:20:00,20.75214386,16.75214386,5755.589355
14/11/2020 19:20:01,20.95154572,16.95154572,6000.310059
14/11/2020 19:20:02,20.84860039,16.84860039,5838.70752
14/11/2020 19:20:03,20.64859962,16.64859962,5535.083008
14/11/2020 19:20:04,20.44860077,16.44860077,5231.458984
14/11/2020 19:20:05,20.24860001,16.24860001,4927.834961
14/11/2020 19:20:06,20.04859924,16.04859924,4624.210938
14/11/2020 19:20:07,19.24781418,15.39825153,4190.705566
14/11/2020 19:20:08,18.25417328,14.60333824,3699.932617
14/11/2020 19:20:09,17.26053238,13.8084259,3209.159668
14/11/2020 19:20:10,16.26689148,13.01351357,2718.386963
14/11/2020 19:20:11,15.27325153,12.21860123,2227.614014
14/11/2020 19:20:12,15.72732735,12.72732735,2265.714111
14/11/2020 19:20:13,16.73053741,13.73053741,2572.637939
14/11/2020 19:20:14,17.73374748,14.73374844,2879.561768
14/11/2020 19:20:15,18.73695755,15.7369585,3186.485596
14/11/2020 19:20:16,19.74016762,16.74016762,3493.409668
14/11/2020 19:20:17,21.61501884,18.46819878,4185.113281
14/11/2020 19:20:18,23.79453087,20.44957352,5116.680176
14/11/2020 19:20:19,25.9740448,22.43094826,6048.246582
14/11/2020 19:20:20,28.15355682,24.41232491,6979.813477
14/11/2020 19:20:21,30.33306885,26.39369965,7911.380371
14/11/2020 19:20:22,29.20671844,25.20671844,7876.461914
14/11/2020 19:20:23,26.62273979,22.62273979,7197.220215
14/11/2020 19:20:24,24.03875923,20.03875923,6517.978516
14/11/2020 19:20:25,21.45478058,17.45478058,5838.736816
14/11/2020 19:20:26,18.87080193,14.87080097,5159.495117
14/11/2020 19:20:27,17.60590363,13.80234528,4445.441406
14/11/2020 19:20:28,17.01149178,13.50422382,3705.018066
14/11/2020 19:20:29,16.41707993,13.20610142,2964.594971
14/11/2020 19:20:30,15.82266712,12.90797997,2224.171631
14/11/2020 19:20:31,15.22825432,12.60985756,1483.748535
14/11/2020 19:20:32,14.87719345,12.31173611,1074.792725
14/11/2020 19:20:33,14.6778307,12.01361465,900.9805298
14/11/2020 19:20:34,14.47846889,11.71549225,727.168335
14/11/2020 19:20:35,14.27910709,11.4173708,553.3560791
14/11/2020 19:20:36,14.07974529,11.11924839,379.5438538
14/11/2020 19:20:37,14,11,305.6533508
14/11/2020 19:20:38,14,11,307.45047
14/11/2020 19:20:39,14,11,309.2475891
14/11/2020 19:20:40,14,11,311.0447083
14/11/2020 19:20:41,14,11,312.8418274
14/11/2020 19:20:42,15.36998367,12.14165306,885.9278564
14/11/2020 19:20:43,17.77768898,14.14807415,1891.747681
14/11/2020 19:20:44,20.18539238,16.15449524,2897.567383
14/11/2020 19:20:45,22.59309769,18.16091537,3903.387207
14/11/2020 19:20:46,25.00080299,20.16733551,4909.207031
14/11/2020 19:20:47,25.06698608,20.30023956,5255.524414
14/11/2020 19:20:48,23.47208977,19.10406685,5068.754395
14/11/2020 19:20:49,21.87719345,17.90789413,4881.983887
14/11/2020 19:20:50,20.28229713,16.71172333,4695.213867
14/11/2020 19:20:51,18.68740082,15.51555061,4508.443359
14/11/2020 19:20:52,18.34140015,15.34140015,4386.841309
14/11/2020 19:20:53,18.94140053,15.94139957,4321.427734
14/11/2020 19:20:54,19.54140091,16.54140091,4256.013672
14/11/2020 19:20:55,20.14139938,17.14139938,4190.600098
14/11/2020 19:20:56,20.74139977,17.74139977,4125.186035
14/11/2020 19:20:57,21.2268734,18.11343765,4225.916016
14/11/2020 19:20:58,21.62559891,18.31279945,4478.785156
14/11/2020 19:20:59,22.02432251,18.51216125,4731.654297
14/11/2020 19:21:00,22.42304611,18.71152306,4984.523438
14/11/2020 19:21:01,22.82176971,18.91088486,5237.392578
14/11/2020 19:21:02,23.88197708,19.88197708,5575.739258
14/11/2020 19:21:03,25.4768734,21.4768734,5997.536621
14/11/2020 19:21:04,27.07176971,23.07176971,6419.333984
14/11/2020 19:21:05,28.66666603,24.66666603,6841.131348
14/11/2020 19:21:06,30.26156235,26.26156235,7262.928711
14/11/2020 19:21:07,29.71505547,25.92921257,7213.460938
14/11/2020 19:21:08,27.3222332,23.93519402,6703.904297
14/11/2020 19:21:09,24.92941093,21.94117737,6194.347656
14/11/2020 19:21:10,22.53659058,19.94715881,5684.790527
14/11/2020 19:21:11,20.14376831,17.95314026,5175.233887
14/11/2020 19:21:12,18.47966576,16.37559891,4572.941895
14/11/2020 19:21:13,17.48285484,15.17942619,3861.346924
14/11/2020 19:21:14,16.48604393,13.98325348,3149.751953
14/11/2020 19:21:15,15.48923492,12.78708172,2438.156982
14/11/2020 19:21:16,14.49242401,11.590909,1726.562134
14/11/2020 19:21:17,15.01200008,12.01200008,1501.345215
14/11/2020 19:21:18,17.01199913,14.01200008,1813.704224
14/11/2020 19:21:19,19.01199913,16.01199913,2126.063232
14/11/2020 19:21:20,21.01199913,18.01199913,2438.422363
14/11/2020 19:21:21,23.01199913,20.01199913,2750.78125
14/11/2020 19:21:22,23.39845467,20.29819679,3021.06665
14/11/2020 19:21:23,22.20962906,18.9112339,3244.849365
14/11/2020 19:21:24,21.02080536,17.52427101,3468.63208
14/11/2020 19:21:25,19.83197975,16.13731003,3692.414795
14/11/2020 19:21:26,18.64315414,14.75034714,3916.19751
14/11/2020 19:21:27,18.22986794,14.36837864,4058.931152
14/11/2020 19:21:28,18.73066902,15.17094707,4100.171387
14/11/2020 19:21:29,19.23147011,15.97351551,4141.411133
14/11/2020 19:21:30,19.73227119,16.77608299,4182.651367
14/11/2020 19:21:31,20.23307228,17.57865143,4223.891113
14/11/2020 19:21:32,20.73387337,18.19000053,4416.395996
14/11/2020 19:21:33,21.23467636,18.59000015,4787.187988
14/11/2020 19:21:34,21.73547745,18.98999977,5157.980469
14/11/2020 19:21:35,22.23627853,19.38999939,5528.772461
14/11/2020 19:21:36,22.73707962,19.79000092,5899.564941
14/11/2020 19:21:37,23.75531769,20.84973145,6400.652344
14/11/2020 19:21:38,25.34545898,22.63864136,7065.564941
14/11/2020 19:21:39,26.93559837,24.42754936,7730.477539
14/11/2020 19:21:40,28.52573967,26.21645737,8395.390625
14/11/2020 19:21:41,30.11588097,28.00536728,9060.302734
14/11/2020 19:21:42,31.17813492,28.91093254,9460.104492
14/11/2020 19:21:43,31.57933807,28.71033096,9505.599609
14/11/2020 19:21:44,31.98054123,28.50972939,9551.095703
14/11/2020 19:21:45,32.38174438,28.30912781,9596.59082
14/11/2020 19:21:46,32.78294754,28.10852623,9642.085938
14/11/2020 19:21:47,31.35287094,26.53588486,9162.459961
14/11/2020 19:21:48,27.76435471,23.34609222,7933.391113
14/11/2020 19:21:49,24.17583656,20.15629959,6704.321777
14/11/2020 19:21:50,20.58732033,16.96650696,5475.252441
14/11/2020 19:21:51,16.99880409,13.77671432,4246.182617
14/11/2020 19:21:52,14.91166496,11.91166496,3276.461182
14/11/2020 19:21:53,14.71226311,11.71226311,2728.094238
14/11/2020 19:21:54,14.51286125,11.51286125,2179.727295
14/11/2020 19:21:55,14.3134594,11.3134594,1631.360229
14/11/2020 19:21:56,14.11405754,11.11405754,1082.993286
14/11/2020 19:21:57,14.2981987,11.2981987,844.1744385
14/11/2020 19:21:58,14.99492359,11.99492359,1143.884277
14/11/2020 19:21:59,15.69164944,12.69164944,1443.594116
14/11/2020 19:22:00,16.38837433,13.38837433,1743.303955
14/11/2020 19:22:01,17.08510017,14.08510017,2043.013794
14/11/2020 19:22:02,17.78182602,14.78182507,2407.125488
14/11/2020 19:22:03,18.47854996,15.47855091,2883.27832
14/11/2020 19:22:04,19.1752758,16.1752758,3359.431152
14/11/2020 19:22:05,19.87200165,16.87200165,3835.584229
14/11/2020 19:22:06,20.56872749,17.56872749,4311.737305
14/11/2020 19:22:07,20.62021446,17.62021446,4458.144531
14/11/2020 19:22:08,19.62340546,16.62340546,4030.88501
14/11/2020 19:22:09,18.62659454,15.62659454,3603.625732
14/11/2020 19:22:10,17.62978554,14.62978458,3176.366211
14/11/2020 19:22:11,16.63297462,13.63297462,2749.106934
14/11/2020 19:22:12,15.85400009,12.85400009,2341.923828
14/11/2020 19:22:13,15.45400047,12.45400047,1969.668457
14/11/2020 19:22:14,15.0539999,12.0539999,1597.412964
14/11/2020 19:22:15,14.65400028,11.65400028,1225.157593
14/11/2020 19:22:16,14.25399971,11.25399971,852.9021606
14/11/2020 19:22:17,14.29199982,11.29199982,786.2692261
14/11/2020 19:22:18,15.09200001,12.09200001,1289.723022
14/11/2020 19:22:19,15.8920002,12.8920002,1793.17688
14/11/2020 19:22:20,16.69199944,13.69200039,2296.630615
14/11/2020 19:22:21,17.49200058,14.49199963,2800.084473
14/11/2020 19:22:22,18.14599991,15.14599991,3163.306641
14/11/2020 19:22:23,18.54599953,15.54599953,3264.950439
14/11/2020 19:22:24,18.94599915,15.9460001,3366.594238
14/11/2020 19:22:25,19.34600067,16.34600067,3468.238037
14/11/2020 19:22:26,19.74600029,16.74600029,3569.881592
14/11/2020 19:22:27,19.92723274,16.85446548,3682.637451
14/11/2020 19:22:28,19.72787094,16.45574188,3817.551025
14/11/2020 19:22:29,19.52850914,16.05701828,3952.464355
14/11/2020 19:22:30,19.32914734,15.65829372,4087.377686
14/11/2020 19:22:31,19.12978554,15.25956917,4222.291016
14/11/2020 19:22:32,19.41880035,15.48859978,4490.345703
14/11/2020 19:22:33,20.61879921,16.8885994,5023.884277
14/11/2020 19:22:34,21.81879997,18.28860092,5557.42334
14/11/2020 19:22:35,23.01880074,19.68860054,6090.961914
14/11/2020 19:22:36,24.21879959,21.08860016,6624.500977
14/11/2020 19:22:37,25,21.93040848,7038.88623
14/11/2020 19:22:38,25,21.73100662,7215.678223
14/11/2020 19:22:39,25,21.53160477,7392.469727
14/11/2020 19:22:40,25,21.33220291,7569.261719
14/11/2020 19:22:41,25,21.13280106,7746.053223
14/11/2020 19:22:42,24.46559906,20.46559906,7695.037109
14/11/2020 19:22:43,22.86560059,18.86560059,7078.072754
14/11/2020 19:22:44,21.2656002,17.2656002,6461.10791
14/11/2020 19:22:45,19.66559982,15.66559982,5844.143555
14/11/2020 19:22:46,18.06559944,14.0656004,5227.178711
14/11/2020 19:22:47,17.33399963,13.33399963,4777.330078
14/11/2020 19:22:48,18.33399963,14.33399963,4777.02832
14/11/2020 19:22:49,19.33399963,15.33399963,4776.726563
14/11/2020 19:22:50,20.33399963,16.33399963,4776.424805
14/11/2020 19:22:51,21.33399963,17.33399963,4776.123047
14/11/2020 19:22:52,21.73528862,17.80146599,4769.288086
14/11/2020 19:22:53,20.94273758,17.20705414,4744.878418
14/11/2020 19:22:54,20.15018845,16.61264038,4720.468262
14/11/2020 19:22:55,19.35763741,16.01822853,4696.058105
14/11/2020 19:22:56,18.56508827,15.42381573,4671.648438
14/11/2020 19:22:57,18.11443329,15.11443424,4641.121094
14/11/2020 19:22:58,18.5131588,15.51315784,4591.223633
14/11/2020 19:22:59,18.9118824,15.9118824,4541.326172
14/11/2020 19:23:00,19.310606,16.310606,4491.428711
14/11/2020 19:23:01,19.70932961,16.70932961,4441.53125
14/11/2020 19:23:02,20,16.93246269,4389.102539
14/11/2020 19:23:03,20,16.68324852,4327.906738
14/11/2020 19:23:04,20,16.43403244,4266.710938
14/11/2020 19:23:05,20,16.18481827,4205.515137
14/11/2020 19:23:06,20,15.93560314,4144.319824
14/11/2020 19:23:07,19.83840179,15.68638802,4068.169922
14/11/2020 19:23:08,19.24209976,15.43717289,3935.079834
14/11/2020 19:23:09,18.64579582,15.18795776,3801.989746
14/11/2020 19:23:10,18.04949379,14.93874264,3668.899658
14/11/2020 19:23:11,17.45318985,14.68952751,3535.80957
14/11/2020 19:23:12,17,14.44031334,3373.861816
14/11/2020 19:23:13,17,14.19109821,3102.032227
14/11/2020 19:23:14,17,13.94188309,2830.202881
14/11/2020 19:23:15,17,13.69266796,2558.373291
14/11/2020 19:23:16,17,13.44345284,2286.543701
14/11/2020 19:23:17,16.91068649,13.19423771,2052.650391
14/11/2020 19:23:18,16.51196098,12.94502354,1995.148804
14/11/2020 19:23:19,16.11323738,12.69580841,1937.647217
14/11/2020 19:23:20,15.71451378,12.44659328,1880.14563
14/11/2020 19:23:21,15.31578922,12.19737816,1822.644043
14/11/2020 19:23:22,15.08320045,12.08320045,1795.092163
14/11/2020 19:23:23,15.48320007,12.48320007,1906.797363
14/11/2020 19:23:24,15.88319969,12.88319969,2018.502563
14/11/2020 19:23:25,16.28319931,13.28320026,2130.207764
14/11/2020 19:23:26,16.68320084,13.68319988,2241.913086
14/11/2020 19:23:27,17.20671844,14.20671844,2430.988281
14/11/2020 19:23:28,18.2005558,15.20055676,2979.812256
14/11/2020 19:23:29,19.19439507,16.19439507,3528.635986
14/11/2020 19:23:30,20.18823242,17.18823242,4077.459961
14/11/2020 19:23:31,21.18207169,18.18207169,4626.283691
14/11/2020 19:23:32,22,18.96459961,5125.481934
14/11/2020 19:23:33,22,18.76460075,5393.933105
14/11/2020 19:23:34,22,18.56459999,5662.384766
14/11/2020 19:23:35,22,18.36459923,5930.835938
14/11/2020 19:23:36,22,18.16460037,6199.287598
14/11/2020 19:23:37,22.84959984,18.77879906,6506.59375
14/11/2020 19:23:38,27.64959908,23.17880058,7073.927246
14/11/2020 19:23:39,32.44960022,27.5788002,7641.260742
14/11/2020 19:23:40,37.24959946,31.97879982,8208.594727
14/11/2020 19:23:41,42.04959869,36.37879944,8775.927734
14/11/2020 19:23:42,45.18579865,39.25659943,9260.074219
14/11/2020 19:23:43,40.58580017,35.05659866,8987.134766
14/11/2020 19:23:44,35.9858017,30.85659981,8714.195313
14/11/2020 19:23:45,31.38579941,26.65660095,8441.255859
14/11/2020 19:23:46,26.78580093,22.45660019,8168.31543
14/11/2020 19:23:47,22.75450706,18.78957748,7789.883301
14/11/2020 19:23:48,21.36754417,17.60075378,6789.408691
14/11/2020 19:23:49,19.98058319,16.41192818,5788.933594
14/11/2020 19:23:50,18.5936203,15.22310257,4788.458984
14/11/2020 19:23:51,17.20665741,14.03427792,3787.984131
14/11/2020 19:23:52,15.97416019,12.97416019,2872.915527
14/11/2020 19:23:53,15.77539253,12.77539253,2529.412598
14/11/2020 19:23:54,15.57662487,12.57662487,2185.909424
14/11/2020 19:23:55,15.37785721,12.37785721,1842.406372
14/11/2020 19:23:56,15.17908955,12.17908955,1498.903198
14/11/2020 19:23:57,15.11990356,12.11990356,1281.827881
14/11/2020 19:23:58,16.33104515,13.33104515,1910.845703
14/11/2020 19:23:59,17.54218864,14.54218769,2539.863525
14/11/2020 19:24:00,18.75333023,15.75333023,3168.881348
14/11/2020 19:24:01,19.96447372,16.96447372,3797.89917
14/11/2020 19:24:02,20.85543442,17.85543442,4308.241211
14/11/2020 19:24:03,19.85842514,16.85842514,3896.241455
14/11/2020 19:24:04,18.86141586,15.86141586,3484.241943
14/11/2020 19:24:05,17.86440659,14.86440659,3072.242432
14/11/2020 19:24:06,16.86739731,13.86739826,2660.242676
14/11/2020 19:24:07,15.97399998,12.94799995,2258.321289
14/11/2020 19:24:08,15.77400017,12.54800034,1996.739136
14/11/2020 19:24:09,15.57400036,12.14799976,1735.156982
14/11/2020 19:24:10,15.3739996,11.74800014,1473.574951
14/11/2020 19:24:11,15.17399979,11.34799957,1211.99292
14/11/2020 19:24:12,15.15550232,11.15550232,978.1217041
14/11/2020 19:24:13,16.35167503,12.35167503,1486.286255
14/11/2020 19:24:14,17.54784775,13.54784679,1994.450806
14/11/2020 19:24:15,18.74401855,14.74401951,2502.615479
14/11/2020 19:24:16,19.94019127,15.94019127,3010.780029
14/11/2020 19:24:17,21.02258682,17.04517555,3513.790527
14/11/2020 19:24:18,21.22072601,17.44145012,3764.251953
14/11/2020 19:24:19,21.4188633,17.83772469,4014.713623
14/11/2020 19:24:20,21.61700058,18.23400116,4265.175293
14/11/2020 19:24:21,21.81513786,18.63027573,4515.636719
14/11/2020 19:24:22,21.90677834,18.90677834,4766.098145
14/11/2020 19:24:23,20.51540375,17.51540375,4339.513672
14/11/2020 19:24:24,19.12403107,16.12403107,3883.24585
14/11/2020 19:24:25,17.73265839,14.73265743,3426.978516
14/11/2020 19:24:26,16.3412838,13.3412838,2970.710938
14/11/2020 19:24:27,15,12.00717735,2514.443604
14/11/2020 19:24:28,15,12.20653915,2224.618164
14/11/2020 19:24:29,15,12.40590096,1951.053589
14/11/2020 19:24:30,15,12.60526276,1677.489014
14/11/2020 19:24:31,15,12.80462551,1403.924316
14/11/2020 19:24:32,15,12.99604893,1130.359619
14/11/2020 19:24:33,15,12.79849815,1057.114624
14/11/2020 19:24:34,15,12.60094833,1011.444946
14/11/2020 19:24:35,15,12.40339756,965.7752686
14/11/2020 19:24:36,15,12.20584774,920.1055298
14/11/2020 19:24:37,15,12.00829697,874.4358521
14/11/2020 19:24:38,17.27778816,14.08797264,1630.393555
14/11/2020 19:24:39,19.65543938,16.26748657,2547.061768
14/11/2020 19:24:40,22.03308868,18.4469986,3463.72998
14/11/2020 19:24:41,24.4107399,20.62651062,4380.397949
14/11/2020 19:24:42,26.78838921,22.80602264,5297.065918
14/11/2020 19:24:43,25.37062836,21.55167007,5137.414063
14/11/2020 19:24:44,23.58207512,19.96184349,4736.676758
14/11/2020 19:24:45,21.79352188,18.37201881,4335.939941
14/11/2020 19:24:46,20.00496864,16.78219414,3935.202637
14/11/2020 19:24:47,18.21641541,15.19236851,3534.465576
14/11/2020 19:24:48,17.47740746,14.47740746,3249.601563
14/11/2020 19:24:49,16.88287735,13.88287735,2990.691895
14/11/2020 19:24:50,16.28834724,13.28834724,2731.782471
14/11/2020 19:24:51,15.69381714,12.69381714,2472.873047
14/11/2020 19:24:52,15.09928703,12.09928703,2213.963379
14/11/2020 19:24:53,15,12,1972.060303
14/11/2020 19:24:54,15,12,1734.382202
14/11/2020 19:24:55,15,12,1496.703979
14/11/2020 19:24:56,15,12,1259.025879
14/11/2020 19:24:57,15,12,1021.347839
14/11/2020 19:24:58,15.1633997,12.1633997,1159.788452
14/11/2020 19:24:59,15.36340046,12.36340046,1391.671753
14/11/2020 19:25:00,15.56340027,12.56340027,1623.555054
14/11/2020 19:25:01,15.76340008,12.76340008,1855.438354
14/11/2020 19:25:02,15.96339989,12.96339989,2087.321777
14/11/2020 19:25:03,17.14015198,13.97727299,2661.224121
14/11/2020 19:25:04,18.53568649,15.17344475,3311.735596
14/11/2020 19:25:05,19.93122101,16.36961746,3962.24707
14/11/2020 19:25:06,21.32675362,17.56579018,4612.758789
14/11/2020 19:25:07,22.72228813,18.76196098,5263.27002
14/11/2020 19:25:08,22.67908669,18.83979988,5314.879883
14/11/2020 19:25:09,22.2784462,18.63979912,5187.59668
14/11/2020 19:25:10,21.8778038,18.43980026,5060.313965
14/11/2020 19:25:11,21.47716331,18.2397995,4933.030762
14/11/2020 19:25:12,21.07652283,18.03980064,4805.747559
14/11/2020 19:25:13,20.67588234,17.6785717,4625.39502
14/11/2020 19:25:14,20.27523994,17.27728653,4431.85791
14/11/2020 19:25:15,19.87459946,16.87600327,4238.320801
14/11/2020 19:25:16,19.47395897,16.47472,4044.783936
14/11/2020 19:25:17,19.07331657,16.07343483,3851.246582
14/11/2020 19:25:18,20.13314819,16.97126961,3956.275635
14/11/2020 19:25:19,21.52011108,18.16009521,4150.486816
14/11/2020 19:25:20,22.90707397,19.34892082,4344.697754
14/11/2020 19:25:21,24.29403687,20.53774452,4538.908691
14/11/2020 19:25:22,25.68099785,21.72657013,4733.119629
14/11/2020 19:25:23,25.5351181,21.5351181,4820.822266
14/11/2020 19:25:24,24.9313736,20.9313736,4867.71875
14/11/2020 19:25:25,24.327631,20.327631,4914.615234
14/11/2020 19:25:26,23.7238884,19.7238884,4961.511719
14/11/2020 19:25:27,23.1201458,19.1201458,5008.408203
14/11/2020 19:25:28,21.88550949,18.04472351,4715.900391
14/11/2020 19:25:29,20.49413681,16.85211754,4282.734863
14/11/2020 19:25:30,19.10276222,15.65951061,3849.568848
14/11/2020 19:25:31,17.71138954,14.46690559,3416.402832
14/11/2020 19:25:32,16.32001495,13.27429962,2983.237061
14/11/2020 19:25:33,15.84696388,12.84696388,2560.270752
14/11/2020 19:25:34,15.64821625,12.64821625,2141.865967
14/11/2020 19:25:35,15.44946861,12.44946861,1723.46106
14/11/2020 19:25:36,15.25072002,12.25072002,1305.05603
14/11/2020 19:25:37,15.05197239,12.05197239,886.651123
14/11/2020 19:25:38,14.85322475,11.85322475,668.5100098
14/11/2020 19:25:39,14.65447712,11.65447712,546.3533325
14/11/2020 19:25:40,14.45572853,11.45572853,424.1966248
14/11/2020 19:25:41,14.2569809,11.2569809,302.039917
14/11/2020 19:25:42,14.05823326,11.05823326,179.8832245
14/11/2020 19:25:43,14.14094925,11.14094925,122.324707
14/11/2020 19:25:44,14.34031105,11.34031105,100.3202286
14/11/2020 19:25:45,14.53967285,11.53967285,78.31575012
14/11/2020 19:25:46,14.73903465,11.73903465,56.31127167
14/11/2020 19:25:47,14.93839741,11.93839741,34.30679321
14/11/2020 19:25:48,14.86221313,11.86221313,23.7835083
14/11/2020 19:25:49,14.66281128,11.66281128,19.57932472
14/11/2020 19:25:50,14.46340942,11.46340942,15.375144
14/11/2020 19:25:51,14.26400757,11.26400757,11.17096138
14/11/2020 19:25:52,14.06460571,11.06460571,6.966779709
14/11/2020 19:25:53,14,11,4.67531538
14/11/2020 19:25:54,14,11,3.85049367
14/11/2020 19:25:55,14,11,3.025671959
14/11/2020 19:25:56,14,11,2.20085001
14/11/2020 19:25:57,14,11,1.376028299
14/11/2020 19:25:58,14.12899971,11,0.973407805
14/11/2020 19:25:59,14.32900047,11,0.874017835
14/11/2020 19:26:00,14.52900028,11,0.774627864
14/11/2020 19:26:01,14.72900009,11,0.675237894
14/11/2020 19:26:02,14.9289999,11,0.575847924
14/11/2020 19:26:03,14.87300682,11,0.476457924
14/11/2020 19:26:04,14.67611694,11,0.377067953
14/11/2020 19:26:05,14.47922802,11,0.277677983
14/11/2020 19:26:06,14.2823391,11,0.178288013
14/11/2020 19:26:07,14.08545017,11,0.078898042
14/11/2020 19:26:08,14.11356354,11.11356354,0.038830157
14/11/2020 19:26:09,14.31420517,11.31420517,0.038807172
14/11/2020 19:26:10,14.51484776,11.51484776,0.038784184
14/11/2020 19:26:11,14.71548939,11.71548939,0.038761199
14/11/2020 19:26:12,14.91613197,11.91613197,0.03873821
14/11/2020 19:26:13,14.88287354,11.88287354,0.038715225
14/11/2020 19:26:14,14.68162632,11.68162632,0.038692236
14/11/2020 19:26:15,14.48037815,11.48037815,0.038669251
14/11/2020 19:26:16,14.27913094,11.27913094,0.038646262
14/11/2020 19:26:17,14.07788277,11.07788277,0.038623277
14/11/2020 19:26:18,14,11,0.038600288
14/11/2020 19:26:19,14,11,0.038577303
14/11/2020 19:26:20,14,11,0.038554315
14/11/2020 19:26:21,14,11,0.038531329
14/11/2020 19:26:22,14,11,0.038508341
14/11/2020 19:26:23,14,11,0.038485356
14/11/2020 19:26:24,14,11,0.038462367
14/11/2020 19:26:25,14,11,0.038439382
14/11/2020 19:26:26,14,11,0.038416393
14/11/2020 19:26:27,14,11,0.038393408
14/11/2020 19:26:28,14,11,0.038370419
14/11/2020 19:26:29,14,11,0.038347434
14/11/2020 19:26:30,14,11,0.038324445
14/11/2020 19:26:31,14,11,0.03830146
14/11/2020 19:26:32,14,11,0.038278472
14/11/2020 19:26:33,14.10700035,11,0.038255487
14/11/2020 19:26:34,14.30700016,11,0.038232498
14/11/2020 19:26:35,14.50699997,11,0.038209513
14/11/2020 19:26:36,14.70699978,11,0.038186524
14/11/2020 19:26:37,14.90699959,11,0.038163539
14/11/2020 19:26:38,14.89365959,11,0.03814055
14/11/2020 19:26:39,14.69489193,11,0.038117565
14/11/2020 19:26:40,14.49612427,11,0.038094576
14/11/2020 19:26:41,14.29735661,11,0.038071591
14/11/2020 19:26:42,14.09858894,11,0.038048603
14/11/2020 19:26:43,14,11,0.038025618
14/11/2020 19:26:44,14,11,0.038002629
14/11/2020 19:26:45,14,11,0.037979644
14/11/2020 19:26:46,14,11,0.037956655
14/11/2020 19:26:47,14,11,0.03793367
14/11/2020 19:26:48,14.09440041,11.09440041,0.037910681
14/11/2020 19:26:49,14.29440022,11.29440022,0.037887696
14/11/2020 19:26:50,14.49440002,11.49440002,0.037864707
14/11/2020 19:26:51,14.69439983,11.69439983,0.037841722
14/11/2020 19:26:52,14.89439964,11.89439964,0.037818734
14/11/2020 19:26:53,15,11.90588188,0.037795749
14/11/2020 19:26:54,15,11.70648098,0.03777276
14/11/2020 19:26:55,15,11.50707912,0.037749775
14/11/2020 19:26:56,15,11.30767727,0.037726786
14/11/2020 19:26:57,15,11.10827541,0.037703801
14/11/2020 19:26:58,15,11.09138203,0.037680812
14/11/2020 19:26:59,15,11.29134178,0.037657827
14/11/2020 19:27:00,15,11.49130154,0.037634838
14/11/2020 19:27:01,15,11.69126129,0.037611853
14/11/2020 19:27:02,15,11.891222,0.037588865
14/11/2020 19:27:03,15,11.90850735,0.03756588
14/11/2020 19:27:04,15,11.70786476,0.037542891
14/11/2020 19:27:05,15,11.50722313,0.037519906
14/11/2020 19:27:06,15,11.3065815,0.037496917
14/11/2020 19:27:07,15,11.10593891,0.037473932
14/11/2020 19:27:08,15,11.04705429,0.037450943
14/11/2020 19:27:09,15,11.14674473,0.037427958
14/11/2020 19:27:10,15,11.24643612,0.037404969
14/11/2020 19:27:11,15,11.34612656,0.037381984
14/11/2020 19:27:12,15,11.44581795,0.037358996
14/11/2020 19:27:13,15,11.54550934,0.03733601
14/11/2020 19:27:14,15,11.64519978,0.037313022
14/11/2020 19:27:15,15,11.74489117,0.037290037
14/11/2020 19:27:16,15,11.8445816,0.037267048
14/11/2020 19:27:17,15,11.94427299,0.037244063
14/11/2020 19:27:18,15,11.91208172,0.037221074
14/11/2020 19:27:19,15,11.71271896,0.037198089
14/11/2020 19:27:20,15,11.51335716,0.0371751
14/11/2020 19:27:21,15,11.31399536,0.037152115
14/11/2020 19:27:22,15,11.11463356,0.037129126
14/11/2020 19:27:23,15,11.08472919,0.037106141
14/11/2020 19:27:24,15,11.284091,0.037083153
14/11/2020 19:27:25,15,11.4834528,0.037060168
14/11/2020 19:27:26,15,11.6828146,0.037037179
14/11/2020 19:27:27,15,11.88217735,0.037014194
14/11/2020 19:27:28,14.95929146,11.91920185,0.036991205
14/11/2020 19:27:29,14.85975933,11.72165108,0.03696822
14/11/2020 19:27:30,14.7602272,11.52410126,0.036945231
14/11/2020 19:27:31,14.66069508,11.32655048,0.036922246
14/11/2020 19:27:32,14.56116295,11.12900066,0.036899257
14/11/2020 19:27:33,14.46162987,11.06960869,0.036876272
14/11/2020 19:27:34,14.36209774,11.27021027,0.036853284
14/11/2020 19:27:35,14.26256561,11.4708128,0.036830299
14/11/2020 19:27:36,14.16303349,11.67141438,0.03680731
14/11/2020 19:27:37,14.06350136,11.87201595,0.036784325
14/11/2020 19:27:38,14.07195377,12,0.036761336
14/11/2020 19:27:39,14.27072144,12,0.036738351
14/11/2020 19:27:40,14.4694891,12,0.036715362
14/11/2020 19:27:41,14.66825676,12,0.036692377
14/11/2020 19:27:42,14.86702442,12,0.036669388
14/11/2020 19:27:43,14.9333868,11.9333868,0.036646403
14/11/2020 19:27:44,14.73213959,11.73213959,0.036623415
14/11/2020 19:27:45,14.53089142,11.53089142,0.036600426
14/11/2020 19:27:46,14.3296442,11.3296442,0.036577441
14/11/2020 19:27:47,14.12839603,11.12839603,0.036554452
14/11/2020 19:27:48,14.03603077,11.07151318,0.036531467
14/11/2020 19:27:49,14.1355629,11.26906395,0.036508478
14/11/2020 19:27:50,14.23509502,11.46661377,0.036485493
14/11/2020 19:27:51,14.33462715,11.66416454,0.036462504
14/11/2020 19:27:52,14.43415928,11.86171436,0.036439519
14/11/2020 19:27:53,14.53369141,11.96990681,0.036416531
14/11/2020 19:27:54,14.63322353,11.86959553,0.036393546
14/11/2020 19:27:55,14.73275566,11.7692852,0.036370557
14/11/2020 19:27:56,14.83228779,11.66897392,0.036347572
14/11/2020 19:27:57,14.93182087,11.56866264,0.036324583
14/11/2020 19:27:58,14.9367981,11.46835232,0.036301598
14/11/2020 19:27:59,14.73615551,11.36804104,0.036278609
14/11/2020 19:28:00,14.53551388,11.26772976,0.036255624
14/11/2020 19:28:01,14.33487129,11.16741943,0.036232635
14/11/2020 19:28:02,14.13422966,11.06710815,0.03620965
14/11/2020 19:28:03,14.03304672,11.06598854,0.036186662
14/11/2020 19:28:04,14.13288784,11.2653513,0.036163677
14/11/2020 19:28:05,14.232728,11.4647131,0.036140688
14/11/2020 19:28:06,14.33256817,11.6640749,0.036117703
14/11/2020 19:28:07,14.43240833,11.8634367,0.036094714
14/11/2020 19:28:08,14.5322485,11.93700027,0.036071729
14/11/2020 19:28:09,14.63208866,11.73700047,0.03604874
14/11/2020 19:28:10,14.73192883,11.5369997,0.036025755
14/11/2020 19:28:11,14.83176899,11.33699989,0.036002766
14/11/2020 19:28:12,14.93160915,11.13700008,0.035979781
14/11/2020 19:28:13,15,11.06299973,0.035956793
14/11/2020 19:28:14,15,11.26299953,0.035933807
14/11/2020 19:28:15,15,11.4630003,0.035910819
14/11/2020 19:28:16,15,11.66300011,0.035887834
14/11/2020 19:28:17,15,11.86299992,0.035864845
14/11/2020 19:28:18,15,11.96854687,0.03584186
14/11/2020 19:28:19,15,11.86869717,0.035818871
14/11/2020 19:28:20,15,11.76884651,0.035795886
14/11/2020 19:28:21,15,11.66899681,0.035772897
14/11/2020 19:28:22,15,11.56914616,0.035749912
14/11/2020 19:28:23,14.93999958,11.46929646,0.035726923
14/11/2020 19:28:24,14.73999977,11.3694458,0.035703938
14/11/2020 19:28:25,14.53999996,11.26959515,0.03568095
14/11/2020 19:28:26,14.34000015,11.16974545,0.035657965
14/11/2020 19:28:27,14.14000034,11.06989479,0.035634976
14/11/2020 19:28:28,14.05998802,11.05998802,0.035611991
14/11/2020 19:28:29,14.25994778,11.25994778,0.035589002
14/11/2020 19:28:30,14.45990849,11.45990849,0.035566017
14/11/2020 19:28:31,14.65986824,11.65986824,0.035543028
14/11/2020 19:28:32,14.859828,11.859828,0.035520043
14/11/2020 19:28:33,14.94019985,11.94019985,0.035497054
14/11/2020 19:28:34,14.74020004,11.74020004,0.035474069
14/11/2020 19:28:35,14.54020023,11.54020023,0.035451081
14/11/2020 19:28:36,14.34020042,11.34020042,0.035428096
14/11/2020 19:28:37,14.14019966,11.14019966,0.035405107
14/11/2020 19:28:38,14.05943108,11.05943108,0.035382122
14/11/2020 19:28:39,14.25819874,11.25819874,0.035359133
14/11/2020 19:28:40,14.4569664,11.4569664,0.035336148
14/11/2020 19:28:41,14.65573406,11.65573406,0.035313159
14/11/2020 19:28:42,14.85450172,11.85450172,0.035290174
14/11/2020 19:28:43,14.94673061,11.97328281,0.035267185
14/11/2020 19:28:44,14.74796295,11.87359142,0.0352442
14/11/2020 19:28:45,14.54919529,11.77390099,0.035221212
14/11/2020 19:28:46,14.35042763,11.67420959,0.035198227
14/11/2020 19:28:47,14.15165997,11.57451916,0.035175238
14/11/2020 19:28:48,14.04740047,11.47482777,0.035152253
14/11/2020 19:28:49,14.24740028,11.37513733,0.035129264
14/11/2020 19:28:50,14.44740009,11.27544594,0.035106279
14/11/2020 19:28:51,14.6473999,11.1757555,0.03508329
14/11/2020 19:28:52,14.84739971,11.07606411,0.035060305
14/11/2020 19:28:53,15,11.04740047,0.035037316
14/11/2020 19:28:54,15,11.24740028,0.035014331
14/11/2020 19:28:55,15,11.44740009,0.034991343
14/11/2020 19:28:56,15,11.6473999,0.034968358
14/11/2020 19:28:57,15,11.84739971,0.034945369
14/11/2020 19:28:58,14.95318985,11.95318985,0.034922384
14/11/2020 19:28:59,14.75567818,11.75567818,0.034899395
14/11/2020 19:29:00,14.55816746,11.55816746,0.03487641
14/11/2020 19:29:01,14.36065578,11.36065578,0.034853421
14/11/2020 19:29:02,14.16314411,11.16314411,0.034830436
14/11/2020 19:29:03,14.03524399,11.03524399,0.034807447
14/11/2020 19:29:04,14.23779583,11.23779583,0.034784462
14/11/2020 19:29:05,14.44034863,11.44034863,0.034761474
14/11/2020 19:29:06,14.64290047,11.64290047,0.034738488
14/11/2020 19:29:07,14.84545231,11.84545231,0.0347155
14/11/2020 19:29:08,14.95290184,11.97637558,0.034692515
14/11/2020 19:29:09,14.75417328,11.87669468,0.034669526
14/11/2020 19:29:10,14.55544472,11.77701378,0.034646541
14/11/2020 19:29:11,14.35671711,11.67733288,0.034623552
14/11/2020 19:29:12,14.15798855,11.57765198,0.034600567
14/11/2020 19:29:13,14.04100037,11.47797012,0.034577578
14/11/2020 19:29:14,14.24100018,11.37828922,0.034554593
14/11/2020 19:29:15,14.44099998,11.27860832,0.034531604
14/11/2020 19:29:16,14.64099979,11.17892742,0.034508619
14/11/2020 19:29:17,14.8409996,11.07924652,0.034485631
14/11/2020 19:29:18,14.95899963,11,0.034462646
14/11/2020 19:29:19,14.75899982,11,0.034439657
14/11/2020 19:29:20,14.55900002,11,0.034416672
14/11/2020 19:29:21,14.35900021,11,0.034393683
14/11/2020 19:29:22,14.1590004,11,0.034370698
14/11/2020 19:29:23,14,11,0.034347709
14/11/2020 19:29:24,14,11,0.034324724
14/11/2020 19:29:25,14,11,0.034301735
14/11/2020 19:29:26,14,11,0.03427875
14/11/2020 19:29:27,14,11,0.034255762
14/11/2020 19:29:28,14.03458595,11.03458595,0.034232777
14/11/2020 19:29:29,14.23335361,11.23335361,0.034209788
14/11/2020 19:29:30,14.43212128,11.43212128,0.034186803
14/11/2020 19:29:31,14.63088894,11.63088894,0.034163814
14/11/2020 19:29:32,14.8296566,11.8296566,0.034140829
14/11/2020 19:29:33,14.97158146,11.97158146,0.03411784
14/11/2020 19:29:34,14.77285385,11.77285385,0.034094855
14/11/2020 19:29:35,14.57412529,11.57412529,0.034071866
14/11/2020 19:29:36,14.37539768,11.37539768,0.034048881
14/11/2020 19:29:37,14.17666912,11.17666912,0.034025893
14/11/2020 19:29:38,14.02219963,11.02219963,0.034002908
14/11/2020 19:29:39,14.22220039,11.22220039,0.033979919
14/11/2020 19:29:40,14.4222002,11.4222002,0.033956934
14/11/2020 19:29:41,14.62220001,11.62220001,0.033933945
14/11/2020 19:29:42,14.82219982,11.82219982,0.03391096
14/11/2020 19:29:43,14.98898602,11.98898602,0.033887971
14/11/2020 19:29:44,14.88976002,11.88976002,0.033864986
14/11/2020 19:29:45,14.79053402,11.79053402,0.033841997
14/11/2020 19:29:46,14.69130802,11.69130802,0.033819012
14/11/2020 19:29:47,14.59208202,11.59208202,0.033796024
14/11/2020 19:29:48,14.49285603,11.49285603,0.033773039
14/11/2020 19:29:49,14.39363003,11.39363003,0.03375005
14/11/2020 19:29:50,14.29440403,11.29440403,0.033727065
14/11/2020 19:29:51,14.19517803,11.19517803,0.033704076
14/11/2020 19:29:52,14.09595203,11.09595203,0.033681091
14/11/2020 19:29:53,14.00651932,11.00651932,0.033658102
14/11/2020 19:29:54,14.20406914,11.20406914,0.033635117
14/11/2020 19:29:55,14.40161991,11.40161991,0.033612128
14/11/2020 19:29:56,14.59917068,11.59917068,0.033589143
14/11/2020 19:29:57,14.7967205,11.7967205,0.033566155
14/11/2020 19:29:58,14.99427128,11.99427128,0.033543169
14/11/2020 19:29:59,15,11.80821609,0.033520181
14/11/2020 19:30:00,15,11.61070538,0.033497196
14/11/2020 19:30:01,15,11.4131937,0.033474207
14/11/2020 19:30:02,15,11.21568203,0.033451222
14/11/2020 19:30:03,15,11.01817131,0.033428233
14/11/2020 19:30:04,15,11.17990875,0.033405248
14/11/2020 19:30:05,15,11.37804604,0.033382259
14/11/2020 19:30:06,15,11.57618427,0.033359274
14/11/2020 19:30:07,15,11.77432156,0.033336286
14/11/2020 19:30:08,15,11.97245884,0.0333133
14/11/2020 19:30:09,15,11.82886124,0.033290312
14/11/2020 19:30:10,15,11.63009357,0.033267327
14/11/2020 19:30:11,15,11.43132591,0.033244338
14/11/2020 19:30:12,15,11.23255825,0.033221353
14/11/2020 19:30:13,15,11.03379059,0.033198364
14/11/2020 19:30:14,14.83554554,11,0.033175379
14/11/2020 19:30:15,14.63740826,11,0.03315239
14/11/2020 19:30:16,14.43927097,11,0.033129405
14/11/2020 19:30:17,14.24113369,11,0.033106416
14/11/2020 19:30:18,14.04299545,11,0.033083431
14/11/2020 19:30:19,14.15610027,11.15610027,0.033060443
14/11/2020 19:30:20,14.35546207,11.35546207,0.033037458
14/11/2020 19:30:21,14.55482483,11.55482483,0.033014469
14/11/2020 19:30:22,14.75418663,11.75418663,0.032991484
14/11/2020 19:30:23,14.95354843,11.95354843,0.032968495
14/11/2020 19:30:24,14.84802818,11.92389393,0.03294551
14/11/2020 19:30:25,14.6498909,11.82466793,0.032922521
14/11/2020 19:30:26,14.45175362,11.72544193,0.032899536
14/11/2020 19:30:27,14.25361633,11.62621593,0.032876547
14/11/2020 19:30:28,14.0554781,11.52698994,0.032853562
14/11/2020 19:30:29,14.14311314,11.42776299,0.032830574
14/11/2020 19:30:30,14.3418808,11.32853699,0.032807589
14/11/2020 19:30:31,14.54064751,11.22931099,0.0327846
14/11/2020 19:30:32,14.73941517,11.13008499,0.032761615
14/11/2020 19:30:33,14.93818283,11.03085899,0.032738626
14/11/2020 19:30:34,15,11,0.032715641
14/11/2020 19:30:35,15,11,0.032692652
14/11/2020 19:30:36,15,11,0.032669667
14/11/2020 19:30:37,15,11,0.032646678
14/11/2020 19:30:38,15,11,0.032623693
14/11/2020 19:30:39,14.87855339,11,0.032600705
14/11/2020 19:30:40,14.67978573,11,0.03257772
14/11/2020 19:30:41,14.48101807,11,0.032554731
14/11/2020 19:30:42,14.2822504,11,0.032531746
14/11/2020 19:30:43,14.08348274,11,0.032508757
14/11/2020 19:30:44,14.05736923,11.11455631,0.032485772
14/11/2020 19:30:45,14.15628052,11.31206799,0.032462783
14/11/2020 19:30:46,14.25519276,11.50957966,0.032439798
14/11/2020 19:30:47,14.354105,11.70709038,0.032416809
14/11/2020 19:30:48,14.45301723,11.90460205,0.032393824
14/11/2020 19:30:49,14.55192852,11.94878101,0.032370836
14/11/2020 19:30:50,14.65084076,11.84971237,0.032347851
14/11/2020 19:30:51,14.749753,11.75064373,0.032324862
14/11/2020 19:30:52,14.84866428,11.65157509,0.032301877
14/11/2020 19:30:53,14.94757652,11.55250645,0.032278888
14/11/2020 19:30:54,15,11.45343781,0.032255903
14/11/2020 19:30:55,15,11.35436916,0.032232914
14/11/2020 19:30:56,15,11.25530052,0.032209929
14/11/2020 19:30:57,15,11.15623188,0.03218694
14/11/2020 19:30:58,15,11.05716228,0.032163955
14/11/2020 19:30:59,15,11.0835638,0.032140967
14/11/2020 19:31:00,15,11.28111458,0.032117981
14/11/2020 19:31:01,15,11.4786644,0.032094993
14/11/2020 19:31:02,15,11.67621517,0.032072008
14/11/2020 19:31:03,15,11.87376499,0.032049019
14/11/2020 19:31:04,15,11.9282589,0.032026034
14/11/2020 19:31:05,15,11.72953129,0.032003045
14/11/2020 19:31:06,15,11.53080273,0.03198006
14/11/2020 19:31:07,15,11.33207512,0.031957071
14/11/2020 19:31:08,15,11.13334656,0.031934086
14/11/2020 19:31:09,15,11.06560326,0.031911097
14/11/2020 19:31:10,15,11.26500511,0.031888112
14/11/2020 19:31:11,15,11.46440697,0.031865124
14/11/2020 19:31:12,15,11.66380882,0.031842139
14/11/2020 19:31:13,15,11.86321068,0.03181915
14/11/2020 19:31:14,14.93719959,11.93719959,0.031796165
14/11/2020 19:31:15,14.73719978,11.73719978,0.031773176
14/11/2020 19:31:16,14.53719997,11.53719997,0.031750191
14/11/2020 19:31:17,14.33720016,11.33720016,0.031727202
14/11/2020 19:31:18,14.13720036,11.13720036,0.031704217
14/11/2020 19:31:19,14.06280041,11,0.031681228
14/11/2020 19:31:20,14.26280022,11,0.031658243
14/11/2020 19:31:21,14.46280003,11,0.031635255
14/11/2020 19:31:22,14.66279984,11,0.03161227
14/11/2020 19:31:23,14.86279964,11,0.031589281
14/11/2020 19:31:24,15,11.06260014,0.031566296
14/11/2020 19:31:25,15,11.26196194,0.031543307
14/11/2020 19:31:26,15,11.46132374,0.031520322
14/11/2020 19:31:27,15,11.66068554,0.031497333
14/11/2020 19:31:28,15,11.86004829,0.031474348
14/11/2020 19:31:29,14.9405899,11.9405899,0.031451359
14/11/2020 19:31:30,14.7412281,11.7412281,0.031428374
14/11/2020 19:31:31,14.5418663,11.5418663,0.031405386
14/11/2020 19:31:32,14.34250355,11.34250355,0.031382401
14/11/2020 19:31:33,14.14314175,11.14314175,0.031359412
14/11/2020 19:31:34,14.0564003,11.0564003,0.031336427
14/11/2020 19:31:35,14.25640011,11.25640011,0.031313438
14/11/2020 19:31:36,14.45639992,11.45639992,0.031290449
14/11/2020 19:31:37,14.65639973,11.65639973,0.031267464
14/11/2020 19:31:38,14.85639954,11.85639954,0.031244477
14/11/2020 19:31:39,15,11.9435997,0.03122149
14/11/2020 19:31:40,15,11.74359989,0.031198503
14/11/2020 19:31:41,15,11.54360008,0.031175517
14/11/2020 19:31:42,15,11.34360027,0.03115253
14/11/2020 19:31:43,15,11.14360046,0.031129543
14/11/2020 19:31:44,15,11,0.031106556
14/11/2020 19:31:45,15,11,0.031083569
14/11/2020 19:31:46,15,11,0.031060582
14/11/2020 19:31:47,15,11,0.031037595
14/11/2020 19:31:48,15,11,0.031014608
14/11/2020 19:31:49,15,11,0.030991621
14/11/2020 19:31:50,15,11,0.030968634
14/11/2020 19:31:51,15,11,0.030945648
14/11/2020 19:31:52,15,11,0.030922661
14/11/2020 19:31:53,15,11,0.030899674
14/11/2020 19:31:54,14.94995975,11,0.030876687
14/11/2020 19:31:55,14.75059795,11,0.0308537
14/11/2020 19:31:56,14.55123615,11,0.030830713
14/11/2020 19:31:57,14.35187435,11,0.030807726
14/11/2020 19:31:58,14.1525116,11,0.030784739
14/11/2020 19:31:59,14.02342701,11.04671001,0.030761752
14/11/2020 19:32:00,14.1231184,11.24547768,0.030738765
14/11/2020 19:32:01,14.22280884,11.44424534,0.030715778
14/11/2020 19:32:02,14.32250023,11.643013,0.030692792
14/11/2020 19:32:03,14.42219162,11.84178066,0.030669805
14/11/2020 19:32:04,14.52188206,11.95919991,0.030646818
14/11/2020 19:32:05,14.62157345,11.7592001,0.030623831
14/11/2020 19:32:06,14.72126389,11.55920029,0.030600844
14/11/2020 19:32:07,14.82095528,11.35919952,0.030577857
14/11/2020 19:32:08,14.92064571,11.15919971,0.03055487
14/11/2020 19:32:09,15,11,0.030531883
14/11/2020 19:32:10,15,11,0.030508896
14/11/2020 19:32:11,15,11,0.030485909
14/11/2020 19:32:12,15,11,0.030462923
14/11/2020 19:32:13,15,11,0.030439936
14/11/2020 19:32:14,15,11.03772068,0.030416949
14/11/2020 19:32:15,15,11.23836231,0.030393962
14/11/2020 19:32:16,15,11.4390049,0.030370975
14/11/2020 19:32:17,15,11.63964653,0.030347988
14/11/2020 19:32:18,15,11.84028912,0.030325001
14/11/2020 19:32:19,14.95945168,11.95945168,0.030302014
14/11/2020 19:32:20,14.76068401,11.76068401,0.030279027
14/11/2020 19:32:21,14.56191635,11.56191635,0.03025604
14/11/2020 19:32:22,14.36314869,11.36314869,0.030233053
14/11/2020 19:32:23,14.16438103,11.16438103,0.030210067
14/11/2020 19:32:24,14.03460026,11.03460026,0.03018708
14/11/2020 19:32:25,14.23460007,11.23460007,0.030164093
14/11/2020 19:32:26,14.43459988,11.43459988,0.030141106
14/11/2020 19:32:27,14.63459969,11.63459969,0.030118119
14/11/2020 19:32:28,14.83460045,11.83460045,0.030095132
14/11/2020 19:32:29,14.96540737,11.9827013,0.030072145
14/11/2020 19:32:30,14.76544666,11.88271141,0.030049158
14/11/2020 19:32:31,14.56548691,11.78272152,0.030026171
14/11/2020 19:32:32,14.36552715,11.68273163,0.030003184
14/11/2020 19:32:33,14.16556644,11.58274174,0.029980198
14/11/2020 19:32:34,14.03439999,11.48275185,0.029957211
14/11/2020 19:32:35,14.2343998,11.38276196,0.029934224
14/11/2020 19:32:36,14.4343996,11.28277206,0.029911237
14/11/2020 19:32:37,14.63440037,11.18278217,0.02988825
14/11/2020 19:32:38,14.83440018,11.08279133,0.029865263
14/11/2020 19:32:39,15,11.03429699,0.029842276
14/11/2020 19:32:40,15,11.23369884,0.029819289
14/11/2020 19:32:41,15,11.4331007,0.029796302
14/11/2020 19:32:42,15,11.63250256,0.029773315
14/11/2020 19:32:43,15,11.83190441,0.029750329
14/11/2020 19:32:44,15,12,0.029727342
14/11/2020 19:32:45,15,12,0.029704355
14/11/2020 19:32:46,15,12,0.029681368
14/11/2020 19:32:47,15,12,0.029658381
14/11/2020 19:32:48,15,12,0.029635394
14/11/2020 19:32:49,15,12,0.029612407
14/11/2020 19:32:50,15,12,0.02958942
14/11/2020 19:32:51,15,12,0.029566433
14/11/2020 19:32:52,15,12,0.029543446
14/11/2020 19:32:53,15,12,0.029520459
14/11/2020 19:32:54,14.9721508,11.98605156,0.029497473
14/11/2020 19:32:55,14.77463913,11.88713074,0.029474486
14/11/2020 19:32:56,14.57712841,11.78820896,0.029451499
14/11/2020 19:32:57,14.37961674,11.68928719,0.029428512
14/11/2020 19:32:58,14.18210506,11.59036541,0.029405525
14/11/2020 19:32:59,14.00777626,11.49144363,0.029382538
14/11/2020 19:33:00,14.1074667,11.39252186,0.029359551
14/11/2020 19:33:01,14.20715809,11.29360008,0.029336564
14/11/2020 19:33:02,14.30684853,11.19467831,0.029313577
14/11/2020 19:33:03,14.40653992,11.09575653,0.02929059
14/11/2020 19:33:04,14.50623035,11.00641918,0.029267604
14/11/2020 19:33:05,14.60592175,11.20702076,0.029244617
14/11/2020 19:33:06,14.70561218,11.40762329,0.02922163
14/11/2020 19:33:07,14.80530357,11.60822487,0.029198643
14/11/2020 19:33:08,14.90499496,11.80882645,0.029175656
14/11/2020 19:33:09,15,11.99063015,0.029152669
14/11/2020 19:33:10,15,11.79126835,0.029129682
14/11/2020 19:33:11,15,11.59190559,0.029106695
14/11/2020 19:33:12,15,11.39254379,0.029083708
14/11/2020 19:33:13,15,11.19318199,0.029060721
14/11/2020 19:33:14,15,11.00619984,0.029037734
14/11/2020 19:33:15,15,11.20619965,0.029014748
14/11/2020 19:33:16,15,11.40620041,0.028991761
14/11/2020 19:33:17,15,11.60620022,0.028968774
14/11/2020 19:33:18,15,11.80620003,0.028945787
14/11/2020 19:33:19,14.9938755,11.99690914,0.0289228
14/11/2020 19:33:20,14.79632568,11.8972187,0.028899813
14/11/2020 19:33:21,14.59877491,11.79752731,0.028876826
14/11/2020 19:33:22,14.40122509,11.69783688,0.028853839
14/11/2020 19:33:23,14.20367432,11.59814548,0.028830852
14/11/2020 19:33:24,14.0061245,11.49845505,0.028807865
14/11/2020 19:33:25,14.19500923,11.39876366,0.028784879
14/11/2020 19:33:26,14.39625645,11.29907322,0.028761892
14/11/2020 19:33:27,14.59750462,11.19938183,0.028738905
14/11/2020 19:33:28,14.79875183,11.09969139,0.028715918
14/11/2020 19:33:29,15,11,0.028692931
14/11/2020 19:33:30,15,11,0.028669944
14/11/2020 19:33:31,15,11,0.028646955
14/11/2020 19:33:32,15,11,0.028623968
14/11/2020 19:33:33,15,11,0.028600981
14/11/2020 19:33:34,15,11,0.028577995
14/11/2020 19:33:35,14.80256844,11,0.028555008
14/11/2020 19:33:36,14.60192585,11,0.028532021
14/11/2020 19:33:37,14.40128422,11,0.028509034
14/11/2020 19:33:38,14.20064163,11,0.028486047
14/11/2020 19:33:39,14,11,0.02846306
14/11/2020 19:33:40,14.09969139,11.1993618,0.028440073
14/11/2020 19:33:41,14.19938183,11.39872456,0.028417086
14/11/2020 19:33:42,14.29907322,11.59808636,0.028394099
14/11/2020 19:33:43,14.39876366,11.79744816,0.028371112
14/11/2020 19:33:44,14.49845505,11.99680996,0.028348126
14/11/2020 19:33:45,14.59814548,11.80378819,0.028325139
14/11/2020 19:33:46,14.69783688,11.60438728,0.028302152
14/11/2020 19:33:47,14.79752731,11.40498543,0.028279165
14/11/2020 19:33:48,14.8972187,11.20558357,0.028256178
14/11/2020 19:33:49,14.99690914,11.00618172,0.028233191
14/11/2020 19:33:50,15,11.19199562,0.028210204
14/11/2020 19:33:51,15,11.3901329,0.028187217
14/11/2020 19:33:52,15,11.58827019,0.02816423
14/11/2020 19:33:53,15,11.78640747,0.028141243
14/11/2020 19:33:54,15,11.98454571,0.028118256
14/11/2020 19:33:55,15,11.81618786,0.02809527
14/11/2020 19:33:56,15,11.61682606,0.028072283
14/11/2020 19:33:57,15,11.41746426,0.028049296
14/11/2020 19:33:58,15,11.21810246,0.028026309
14/11/2020 19:33:59,15,11.0187397,0.028003322
14/11/2020 19:34:00,15,11.18178177,0.027980335
14/11/2020 19:34:01,15,11.3824234,0.027957348
14/11/2020 19:34:02,15,11.58306599,0.027934361
14/11/2020 19:34:03,15,11.78370762,0.027911374
14/11/2020 19:34:04,15,11.9843502,0.027888387
14/11/2020 19:34:05,15,12,0.027865401
14/11/2020 19:34:06,15,12,0.027842414
14/11/2020 19:34:07,15,12,0.027819427
14/11/2020 19:34:08,15,12,0.02779644
14/11/2020 19:34:09,15,12,0.027773453
14/11/2020 19:34:10,15,11.8193779,0.027750466
14/11/2020 19:34:11,15,11.6200161,0.027727479
14/11/2020 19:34:12,15,11.4206543,0.027704492
14/11/2020 19:34:13,15,11.22129154,0.027681505
14/11/2020 19:34:14,15,11.02192974,0.027658518
14/11/2020 19:34:15,15,11.17800045,0.027635531
14/11/2020 19:34:16,15,11.37800026,0.027612545
14/11/2020 19:34:17,15,11.57800007,0.027589558
14/11/2020 19:34:18,15,11.77799988,0.027566571
14/11/2020 19:34:19,15,11.97799969,0.027543584
14/11/2020 19:34:20,15,12,0.027520597
14/11/2020 19:34:21,15,12,0.02749761
14/11/2020 19:34:22,15,12,0.027474623
14/11/2020 19:34:23,15,12,0.027451636
14/11/2020 19:34:24,15,12,0.027428649
14/11/2020 19:34:25,14.82611275,11.82611275,0.027405662
14/11/2020 19:34:26,14.62738514,11.62738514,0.027382676
14/11/2020 19:34:27,14.42865658,11.42865658,0.027359689
14/11/2020 19:34:28,14.22992802,11.22992802,0.027336702
14/11/2020 19:34:29,14.03120041,11.03120041,0.027313715
14/11/2020 19:34:30,14.08469772,11.16860008,0.027290728
14/11/2020 19:34:31,14.18517017,11.36859989,0.027267741
14/11/2020 19:34:32,14.28564262,11.5685997,0.027244754
14/11/2020 19:34:33,14.38611507,11.76860046,0.027221767
14/11/2020 19:34:34,14.48658657,11.96860027,0.02719878
14/11/2020 19:34:35,14.58705902,11.82979965,0.027175793
14/11/2020 19:34:36,14.68753147,11.62790203,0.027152807
14/11/2020 19:34:37,14.78800392,11.42600441,0.02712982
14/11/2020 19:34:38,14.88847542,11.22410679,0.027106833
14/11/2020 19:34:39,14.98894787,11.02220917,0.027083846
14/11/2020 19:34:40,15,11.17743206,0.027060859
14/11/2020 19:34:41,15,11.37679386,0.027037872
14/11/2020 19:34:42,15,11.57615662,0.027014885
14/11/2020 19:34:43,15,11.77551842,0.026991898
14/11/2020 19:34:44,15,11.97488022,0.026968911
14/11/2020 19:34:45,15,12,0.026945924
14/11/2020 19:34:46,15,12,0.026922937
14/11/2020 19:34:47,15,12,0.026899951
14/11/2020 19:34:48,15,12,0.026876964
14/11/2020 19:34:49,15,12,0.026853977
14/11/2020 19:34:50,15,11.83243847,0.02683099
14/11/2020 19:34:51,15,11.63367081,0.026808003
14/11/2020 19:34:52,15,11.43490314,0.026785016
14/11/2020 19:34:53,15,11.23613548,0.026762029
14/11/2020 19:34:54,15,11.03736877,0.026739042
14/11/2020 19:34:55,15,11.16139889,0.026716055
14/11/2020 19:34:56,15,11.36016655,0.026693068
14/11/2020 19:34:57,15,11.55893421,0.026670082
14/11/2020 19:34:58,15,11.75770187,0.026647095
14/11/2020 19:34:59,15,11.95646954,0.026624108
14/11/2020 19:35:00,15,11.92238903,0.026601121
14/11/2020 19:35:01,15,11.82301521,0.026578134
14/11/2020 19:35:02,15,11.7236414,0.026555147
14/11/2020 19:35:03,15,11.62426758,0.02653216
14/11/2020 19:35:04,15,11.52489281,0.026509173
14/11/2020 19:35:05,15,11.42551899,0.026486186
14/11/2020 19:35:06,15,11.32614517,0.026463199
14/11/2020 19:35:07,15,11.22677135,0.026440213
14/11/2020 19:35:08,15,11.12739754,0.026417226
14/11/2020 19:35:09,15,11.02802372,0.026394239
14/11/2020 19:35:10,14.85685825,11,0.026371252
14/11/2020 19:35:11,14.65749645,11,0.026348265
14/11/2020 19:35:12,14.4581337,11,0.026325278
14/11/2020 19:35:13,14.2587719,11,0.026302291
14/11/2020 19:35:14,14.0594101,11,0.026279304
14/11/2020 19:35:15,14.07009506,11.07009506,0.026256317
14/11/2020 19:35:16,14.16994476,11.16994476,0.02623333
14/11/2020 19:35:17,14.26979542,11.26979542,0.026210343
14/11/2020 19:35:18,14.36964512,11.36964512,0.026187357
14/11/2020 19:35:19,14.46949577,11.46949577,0.02616437
14/11/2020 19:35:20,14.56934643,11.56934643,0.026141383
14/11/2020 19:35:21,14.66919613,11.66919613,0.026118396
14/11/2020 19:35:22,14.76904678,11.76904678,0.026095409
14/11/2020 19:35:23,14.86889648,11.86889648,0.026072422
14/11/2020 19:35:24,14.96874714,11.96874714,0.026049435
14/11/2020 19:35:25,15,12,0.026026448
14/11/2020 19:35:26,15,12,0.026003461
14/11/2020 19:35:27,15,12,0.025980474
14/11/2020 19:35:28,15,12,0.025957488
14/11/2020 19:35:29,15,12,0.025934501
14/11/2020 19:35:30,14.87479973,11.87479973,0.025911514
14/11/2020 19:35:31,14.67415714,11.67415714,0.025888527
14/11/2020 19:35:32,14.47351551,11.47351551,0.02586554
14/11/2020 19:35:33,14.27287292,11.27287292,0.025842553
14/11/2020 19:35:34,14.07223129,11.07223129,0.025819566
14/11/2020 19:35:35,14,11,0.025796579
14/11/2020 19:35:36,14,11,0.025773592
14/11/2020 19:35:37,14,11,0.025750605
14/11/2020 19:35:38,14,11,0.025727618
14/11/2020 19:35:39,14,11,0.025704632
14/11/2020 19:35:40,14.06540203,11.12977982,0.025681645
14/11/2020 19:35:41,14.16525173,11.3279171,0.025658658
14/11/2020 19:35:42,14.26510239,11.52605534,0.025635671
14/11/2020 19:35:43,14.36495304,11.72419262,0.025612684
14/11/2020 19:35:44,14.46480274,11.9223299,0.025589697
14/11/2020 19:35:45,14.5646534,11.87761688,0.02556671
14/11/2020 19:35:46,14.6645031,11.67632866,0.025543723
14/11/2020 19:35:47,14.76435375,11.47504044,0.025520736
14/11/2020 19:35:48,14.86420345,11.27375221,0.025497749
14/11/2020 19:35:49,14.96405411,11.07246399,0.025474763
14/11/2020 19:35:50,15,11.12759209,0.025451776
14/11/2020 19:35:51,15,11.32695389,0.025428789
14/11/2020 19:35:52,15,11.52631569,0.025405802
14/11/2020 19:35:53,15,11.72567749,0.025382815
14/11/2020 19:35:54,15,11.92504025,0.025359828
14/11/2020 19:35:55,15,12,0.025336841
14/11/2020 19:35:56,15,12,0.025313854
14/11/2020 19:35:57,15,12,0.025290867
14/11/2020 19:35:58,15,12,0.02526788
14/11/2020 19:35:59,15,12,0.025244894
14/11/2020 19:36:00,15,11.88140011,0.025221907
14/11/2020 19:36:01,15,11.6814003,0.02519892
14/11/2020 19:36:02,15,11.48139954,0.025175933
14/11/2020 19:36:03,15,11.28139973,0.025152946
14/11/2020 19:36:04,15,11.08139992,0.025129959
14/11/2020 19:36:05,15,11.11749554,0.025106972
14/11/2020 19:36:06,15,11.31563282,0.025083985
14/11/2020 19:36:07,15,11.5137701,0.025060998
14/11/2020 19:36:08,15,11.71190834,0.025038011
14/11/2020 19:36:09,15,11.91004562,0.025015024
14/11/2020 19:36:10,15,11.89047146,0.024992038
14/11/2020 19:36:11,15,11.68986988,0.024969051
14/11/2020 19:36:12,15,11.48926735,0.024946064
14/11/2020 19:36:13,15,11.28866577,0.024923077
14/11/2020 19:36:14,15,11.08806419,0.02490009
14/11/2020 19:36:15,15,11.11150837,0.024877103
14/11/2020 19:36:16,15,11.31027603,0.024854116
14/11/2020 19:36:17,15,11.50904369,0.024831129
14/11/2020 19:36:18,15,11.70781136,0.024808142
14/11/2020 19:36:19,15,11.90657902,0.024785155
14/11/2020 19:36:20,15,11.89400005,0.024762169
14/11/2020 19:36:21,15,11.69400024,0.024739182
14/11/2020 19:36:22,15,11.49400043,0.024716195
14/11/2020 19:36:23,15,11.29399967,0.024693208
14/11/2020 19:36:24,15,11.09399986,0.024670221
14/11/2020 19:36:25,15,11.05291557,0.024647234
14/11/2020 19:36:26,15,11.15275574,0.024624247
14/11/2020 19:36:27,15,11.2525959,0.02460126
14/11/2020 19:36:28,15,11.35243607,0.024578273
14/11/2020 19:36:29,15,11.45227623,0.024555286
14/11/2020 19:36:30,15,11.55211639,0.024532299
14/11/2020 19:36:31,15,11.65195656,0.024509313
14/11/2020 19:36:32,15,11.75179672,0.024486326
14/11/2020 19:36:33,15,11.85163784,0.024463339
14/11/2020 19:36:34,15,11.951478,0.024440352
14/11/2020 19:36:35,15,11.89752769,0.024417365
14/11/2020 19:36:36,15,11.69816589,0.024394378
14/11/2020 19:36:37,15,11.49880409,0.024371391
14/11/2020 19:36:38,15,11.29944134,0.024348404
14/11/2020 19:36:39,15,11.10007954,0.024325417
14/11/2020 19:36:40,15,11.09930229,0.02430243
14/11/2020 19:36:41,15,11.29870415,0.024279444
14/11/2020 19:36:42,15,11.498106,0.024256457
14/11/2020 19:36:43,15,11.69750786,0.02423347
14/11/2020 19:36:44,15,11.89690971,0.024210483
14/11/2020 19:36:45,15,11.90399551,0.024187496
14/11/2020 19:36:46,15,11.70522785,0.024164509
14/11/2020 19:36:47,15,11.50646019,0.024141522
14/11/2020 19:36:48,15,11.30769253,0.024118535
14/11/2020 19:36:49,15,11.10892487,0.024095548
14/11/2020 19:36:50,15,11.04491711,0.024072561
14/11/2020 19:36:51,15,11.14429092,0.024049575
14/11/2020 19:36:52,15,11.24366474,0.024026588
14/11/2020 19:36:53,15,11.34303856,0.024003601
14/11/2020 19:36:54,15,11.44241238,0.023980614
14/11/2020 19:36:55,15,11.54178715,0.023957627
14/11/2020 19:36:56,15,11.64116096,0.02393464
14/11/2020 19:36:57,15,11.74053478,0.023911653
14/11/2020 19:36:58,15,11.8399086,0.023888666
14/11/2020 19:36:59,15,11.93928242,0.023865679
14/11/2020 19:37:00,14.92339516,11.92339516,0.023842692
14/11/2020 19:37:01,14.72646713,11.72646713,0.023819705
14/11/2020 19:37:02,14.52953911,11.52953911,0.023796719
14/11/2020 19:37:03,14.33261108,11.33261108,0.023773732
14/11/2020 19:37:04,14.13568306,11.13568306,0.023750745
14/11/2020 19:37:05,14.06219959,11.06219959,0.023727758
14/11/2020 19:37:06,14.26220036,11.26220036,0.023704771
14/11/2020 19:37:07,14.46220016,11.46220016,0.023681784
14/11/2020 19:37:08,14.66219997,11.66219997,0.023658797
14/11/2020 19:37:09,14.86219978,11.86219978,0.02363581
14/11/2020 19:37:10,15,11.96899891,0.023612823
14/11/2020 19:37:11,15,11.86931801,0.023589836
14/11/2020 19:37:12,15,11.76963711,0.02356685
14/11/2020 19:37:13,15,11.66995621,0.023543863
14/11/2020 19:37:14,15,11.57027531,0.023520876
14/11/2020 19:37:15,15,11.47059441,0.023497889
14/11/2020 19:37:16,15,11.37091351,0.023474902
14/11/2020 19:37:17,15,11.27123165,0.023451915
14/11/2020 19:37:18,15,11.17155075,0.023428928
14/11/2020 19:37:19,15,11.07186985,0.023405941
14/11/2020 19:37:20,15,11.05597878,0.023382954
14/11/2020 19:37:21,15,11.25662136,0.023359966
14/11/2020 19:37:22,15,11.45726299,0.023336979
14/11/2020 19:37:23,15,11.65790558,0.023313992
14/11/2020 19:37:24,15,11.85854721,0.023291005
14/11/2020 19:37:25,14.94118786,11.94118786,0.023268018
14/11/2020 19:37:26,14.74182606,11.74182606,0.023245031
14/11/2020 19:37:27,14.54246426,11.54246426,0.023222044
14/11/2020 19:37:28,14.34310246,11.34310246,0.023199057
14/11/2020 19:37:29,14.1437397,11.1437397,0.02317607
14/11/2020 19:37:30,14.05580044,11.05580044,0.023153083
14/11/2020 19:37:31,14.25580025,11.25580025,0.023130096
14/11/2020 19:37:32,14.45580006,11.45580006,0.02310711
14/11/2020 19:37:33,14.65579987,11.65579987,0.023084123
14/11/2020 19:37:34,14.85579967,11.85579967,0.023061136
14/11/2020 19:37:35,15,12,0.023038149
14/11/2020 19:37:36,15,12,0.023015162
14/11/2020 19:37:37,15,12,0.022992175
14/11/2020 19:37:38,15,12,0.022969188
14/11/2020 19:37:39,15,12,0.022946201
14/11/2020 19:37:40,15,12,0.022923214
14/11/2020 19:37:41,15,12,0.022900227
14/11/2020 19:37:42,15,12,0.022877241
14/11/2020 19:37:43,15,12,0.022854254
14/11/2020 19:37:44,15,12,0.022831267
14/11/2020 19:37:45,15,12,0.02280828
14/11/2020 19:37:46,15,12,0.022785293
14/11/2020 19:37:47,15,12,0.022762306
14/11/2020 19:37:48,15,12,0.022739319
14/11/2020 19:37:49,15,12,0.022716332
14/11/2020 19:37:50,15,11.95388603,0.022693345
14/11/2020 19:37:51,15,11.75511837,0.022670358
14/11/2020 19:37:52,15,11.55635071,0.022647372
14/11/2020 19:37:53,15,11.35758305,0.022624385
14/11/2020 19:37:54,15,11.15881538,0.022601398
14/11/2020 19:37:55,15,11.04020023,0.022578411
14/11/2020 19:37:56,15,11.24020004,0.022555424
14/11/2020 19:37:57,15,11.44019985,0.022532437
14/11/2020 19:37:58,15,11.64019966,0.02250945
14/11/2020 19:37:59,15,11.84020042,0.022486463
14/11/2020 19:38:00,15,12,0.022463476
14/11/2020 19:38:01,15,12,0.022440489
14/11/2020 19:38:02,15,12,0.022417502
14/11/2020 19:38:03,15,12,0.022394516
14/11/2020 19:38:04,15,12,0.022371529
14/11/2020 19:38:05,15,12,0.022348542
14/11/2020 19:38:06,15,12,0.022325555
14/11/2020 19:38:07,15,12,0.022302568
14/11/2020 19:38:08,15,12,0.022279581
14/11/2020 19:38:09,15,12,0.022256594
14/11/2020 19:38:10,15,12,0.022233607
14/11/2020 19:38:11,15,12,0.02221062
14/11/2020 19:38:12,15,12,0.022187633
14/11/2020 19:38:13,15,12,0.022164647
14/11/2020 19:38:14,15,12,0.02214166
14/11/2020 19:38:15,15,12,0.022118673
14/11/2020 19:38:16,15,12,0.022095686
14/11/2020 19:38:17,15,12,0.022072699
14/11/2020 19:38:18,15,12,0.022049712
14/11/2020 19:38:19,15,12,0.022026725
14/11/2020 19:38:20,15,12,0.022003738
14/11/2020 19:38:21,15,12,0.021980751
14/11/2020 19:38:22,15,12,0.021957764
14/11/2020 19:38:23,15,12,0.021934777
14/11/2020 19:38:24,15,12,0.021911791
14/11/2020 19:38:25,15,12,0.021888804
14/11/2020 19:38:26,15,12,0.021865817
14/11/2020 19:38:27,15,12,0.02184283
14/11/2020 19:38:28,15,12,0.021819843
14/11/2020 19:38:29,15,12,0.021796856
14/11/2020 19:38:30,15,12,0.021773869
14/11/2020 19:38:31,15,12,0.021750882
14/11/2020 19:38:32,15,12,0.021727895
14/11/2020 19:38:33,15,12,0.021704908
14/11/2020 19:38:34,15,12,0.021681922
14/11/2020 19:38:35,15,12,0.021658935
14/11/2020 19:38:36,15,12,0.021635948
14/11/2020 19:38:37,15,12,0.021612961
14/11/2020 19:38:38,15,12,0.021589974
14/11/2020 19:38:39,15,12,0.021566987
14/11/2020 19:38:40,15,12,0.021544
14/11/2020 19:38:41,15,12,0.021521013
14/11/2020 19:38:42,15,12,0.021498026
14/11/2020 19:38:43,15,12,0.021475039
14/11/2020 19:38:44,15,12,0.021452053
14/11/2020 19:38:45,15,12,0.021429066
14/11/2020 19:38:46,15,12,0.021406079
14/11/2020 19:38:47,15,12,0.021383092
14/11/2020 19:38:48,15,12,0.021360105
14/11/2020 19:38:49,15,12,0.021337118
14/11/2020 19:38:50,15,12,0.021314131
14/11/2020 19:38:51,15,12,0.021291144
14/11/2020 19:38:52,15,12,0.021268157
14/11/2020 19:38:53,15,12,0.02124517
14/11/2020 19:38:54,15,12,0.021222183
14/11/2020 19:38:55,15,12,0.021199197
14/11/2020 19:38:56,15,12,0.02117621
14/11/2020 19:38:57,15,12,0.021153223
14/11/2020 19:38:58,15,12,0.021130236
14/11/2020 19:38:59,15,12,0.021107249
14/11/2020 19:39:00,15,12,0.021084262
14/11/2020 19:39:01,15,12,0.021061275
14/11/2020 19:39:02,15,12,0.021038288
14/11/2020 19:39:03,15,12,0.021015301
14/11/2020 19:39:04,15,12,0.020992314
14/11/2020 19:39:05,15,11.99421883,0.020969328
14/11/2020 19:39:06,15,11.79485607,0.020946341
14/11/2020 19:39:07,15,11.59549427,0.020923354
14/11/2020 19:39:08,15,11.39613247,0.020900367
14/11/2020 19:39:09,15,11.19677067,0.02087738
14/11/2020 19:39:10,15,11.00129795,0.020854393
14/11/2020 19:39:11,15,11.10113811,0.020831406
14/11/2020 19:39:12,15,11.20097828,0.020808419
14/11/2020 19:39:13,15,11.30081844,0.020785432
14/11/2020 19:39:14,15,11.40065861,0.020762445
14/11/2020 19:39:15,15,11.50049877,0.020739459
14/11/2020 19:39:16,15,11.60033989,0.020716472
14/11/2020 19:39:17,15,11.70018005,0.020693485
14/11/2020 19:39:18,15,11.80002022,0.020670498
14/11/2020 19:39:19,15,11.89986038,0.020647511
14/11/2020 19:39:20,15,11.99970055,0.020624524
14/11/2020 19:39:21,15,11.8011961,0.020601537
14/11/2020 19:39:22,15,11.60179424,0.02057855
14/11/2020 19:39:23,15,11.40239239,0.020555563
14/11/2020 19:39:24,15,11.20299149,0.020532576
14/11/2020 19:39:25,15,11.00358963,0.020509589
14/11/2020 19:39:26,15,11.09774017,0.020486603
14/11/2020 19:39:27,15,11.19727325,0.020463616
14/11/2020 19:39:28,15,11.29680538,0.020440629
14/11/2020 19:39:29,15,11.39633751,0.020417642
14/11/2020 19:39:30,15,11.49586964,0.020394655
14/11/2020 19:39:31,15,11.59540176,0.020371668
14/11/2020 19:39:32,15,11.69493389,0.020348681
14/11/2020 19:39:33,15,11.79446602,0.020325694
14/11/2020 19:39:34,15,11.89399815,0.020302707
14/11/2020 19:39:35,15,11.99353027,0.02027972
14/11/2020 19:39:36,15,12,0.020256734
14/11/2020 19:39:37,15,12,0.020233747
14/11/2020 19:39:38,15,12,0.02021076
14/11/2020 19:39:39,15,12,0.020187773
14/11/2020 19:39:40,15,12,0.020164786
14/11/2020 19:39:41,15,12,0.020141799
14/11/2020 19:39:42,15,12,0.020118812
14/11/2020 19:39:43,15,12,0.020095825
14/11/2020 19:39:44,15,12,0.020072838
14/11/2020 19:39:45,15,12,0.020049851
14/11/2020 19:39:46,15,11.81882,0.020026864
14/11/2020 19:39:47,15,11.61817837,0.020003878
14/11/2020 19:39:48,15,11.41753578,0.019980891
14/11/2020 19:39:49,15,11.21689415,0.019957904
14/11/2020 19:39:50,15,11.01625156,0.019934917
14/11/2020 19:39:51,15,11,0.01991193
14/11/2020 19:39:52,15,11,0.019888943
14/11/2020 19:39:53,15,11,0.019865956
14/11/2020 19:39:54,15,11,0.019842969
14/11/2020 19:39:55,15,11,0.019819982
14/11/2020 19:39:56,15,11.18379974,0.019796995
14/11/2020 19:39:57,15,11.38379955,0.019774009
14/11/2020 19:39:58,15,11.58380032,0.019751022
14/11/2020 19:39:59,15,11.78380013,0.019728035
14/11/2020 19:40:00,15,11.98379993,0.019705048
14/11/2020 19:40:01,15,12,0.019682061
14/11/2020 19:40:02,15,12,0.019659074
14/11/2020 19:40:03,15,12,0.019636087
14/11/2020 19:40:04,15,12,0.0196131
14/11/2020 19:40:05,15,12,0.019590113
14/11/2020 19:40:06,15,11.82108212,0.019567126
14/11/2020 19:40:07,15,11.62294388,0.01954414
14/11/2020 19:40:08,15,11.42480659,0.019521153
14/11/2020 19:40:09,15,11.22666931,0.019498166
14/11/2020 19:40:10,15,11.02853203,0.019475179
14/11/2020 19:40:11,15,11.17175007,0.019452192
14/11/2020 19:40:12,15,11.3723917,0.019429205
14/11/2020 19:40:13,15,11.57303333,0.019406218
14/11/2020 19:40:14,15,11.77367592,0.019383231
14/11/2020 19:40:15,15,11.97431755,0.019360244
14/11/2020 19:40:16,15,12,0.019337257
14/11/2020 19:40:17,15,12,0.01931427
14/11/2020 19:40:18,15,12,0.019291284
14/11/2020 19:40:19,15,12,0.019268297
14/11/2020 19:40:20,15,12,0.01924531
14/11/2020 19:40:21,15,12,0.019222323
14/11/2020 19:40:22,15,12,0.019199336
14/11/2020 19:40:23,15,12,0.019176349
14/11/2020 19:40:24,15,12,0.019153362
14/11/2020 19:40:25,15,12,0.019130375
14/11/2020 19:40:26,15,12,0.019107388
14/11/2020 19:40:27,15,12,0.019084401
14/11/2020 19:40:28,15,12,0.019061415
14/11/2020 19:40:29,15,12,0.019038428
14/11/2020 19:40:30,15,12,0.019015441
14/11/2020 19:40:31,15,11.84664917,0.018992454
14/11/2020 19:40:32,15,11.64540195,0.018969467
14/11/2020 19:40:33,15,11.44415379,0.01894648
14/11/2020 19:40:34,15,11.24290562,0.018923493
14/11/2020 19:40:35,15,11.0416584,0.018900506
14/11/2020 19:40:36,15,11.15762234,0.018877519
14/11/2020 19:40:37,15,11.35639,0.018854532
14/11/2020 19:40:38,15,11.55515766,0.018831545
14/11/2020 19:40:39,15,11.75392532,0.018808559
14/11/2020 19:40:40,15,11.95269299,0.018785572
14/11/2020 19:40:41,15,11.84759998,0.018762585
14/11/2020 19:40:42,15,11.64760017,0.018739598
14/11/2020 19:40:43,15,11.44760036,0.018716611
14/11/2020 19:40:44,15,11.2475996,0.018693624
14/11/2020 19:40:45,15,11.04759979,0.018670637
14/11/2020 19:40:46,15,11.15240002,0.01864765
14/11/2020 19:40:47,15,11.35239983,0.018624663
14/11/2020 19:40:48,15,11.55239964,0.018601676
14/11/2020 19:40:49,15,11.7524004,0.01857869
14/11/2020 19:40:50,15,11.95240021,0.018555703
14/11/2020 19:40:51,15,12,0.018532716
14/11/2020 19:40:52,15,12,0.018509729
14/11/2020 19:40:53,15,12,0.018486742
14/11/2020 19:40:54,15,12,0.018463755
14/11/2020 19:40:55,15,12,0.018440768
14/11/2020 19:40:56,14.85124588,11.85124588,0.018417781
14/11/2020 19:40:57,14.65184402,11.65184402,0.018394794
14/11/2020 19:40:58,14.45244312,11.45244312,0.018371807
14/11/2020 19:40:59,14.25304127,11.25304127,0.018348821
14/11/2020 19:41:00,14.05363941,11.05363941,0.018325834
14/11/2020 19:41:01,14.14620018,11.14620018,0.018302847
14/11/2020 19:41:02,14.34619999,11.34619999,0.01827986
14/11/2020 19:41:03,14.5461998,11.5461998,0.018256873
14/11/2020 19:41:04,14.74619961,11.74619961,0.018233886
14/11/2020 19:41:05,14.94620037,11.94620037,0.018210899
14/11/2020 19:41:06,15,12,0.018187912
14/11/2020 19:41:07,15,12,0.018164925
14/11/2020 19:41:08,15,12,0.018141938
14/11/2020 19:41:09,15,12,0.018118951
14/11/2020 19:41:10,15,12,0.018095965
14/11/2020 19:41:11,14.86061859,11.86061859,0.018072978
14/11/2020 19:41:12,14.66121674,11.66121674,0.018049989
14/11/2020 19:41:13,14.46181488,11.46181488,0.018027002
14/11/2020 19:41:14,14.26241302,11.26241302,0.018004015
14/11/2020 19:41:15,14.06301117,11.06301117,0.017981028
14/11/2020 19:41:16,14.06818199,11.13636398,0.017958041
14/11/2020 19:41:17,14.16786289,11.33572578,0.017935054
14/11/2020 19:41:18,14.26754379,11.53508759,0.017912067
14/11/2020 19:41:19,14.36722469,11.73444939,0.017889081
14/11/2020 19:41:20,14.46690559,11.93381214,0.017866094
14/11/2020 19:41:21,14.56658649,11.86682606,0.017843107
14/11/2020 19:41:22,14.66626835,11.66746426,0.01782012
14/11/2020 19:41:23,14.76594925,11.46810246,0.017797133
14/11/2020 19:41:24,14.86563015,11.2687397,0.017774146
14/11/2020 19:41:25,14.96531105,11.0693779,0.017751159
14/11/2020 19:41:26,15,11.13000965,0.017728172
14/11/2020 19:41:27,15,11.32941151,0.017705185
14/11/2020 19:41:28,15,11.52881336,0.017682198
14/11/2020 19:41:29,15,11.72821522,0.017659212
14/11/2020 19:41:30,15,11.92761707,0.017636225
14/11/2020 19:41:31,15,12,0.017613238
14/11/2020 19:41:32,15,12,0.017590251
14/11/2020 19:41:33,15,12,0.017567264
14/11/2020 19:41:34,15,12,0.017544277
14/11/2020 19:41:35,15,12,0.01752129
14/11/2020 19:41:36,15,11.87619591,0.017498303
14/11/2020 19:41:37,15,11.67683411,0.017475316
14/11/2020 19:41:38,15,11.47747231,0.017452329
14/11/2020 19:41:39,15,11.2781105,0.017429342
14/11/2020 19:41:40,15,11.07874775,0.017406356
14/11/2020 19:41:41,15,11.12063789,0.017383369
14/11/2020 19:41:42,15,11.32003975,0.017360382
14/11/2020 19:41:43,15,11.5194416,0.017337395
14/11/2020 19:41:44,15,11.71884346,0.017314408
14/11/2020 19:41:45,15,11.91824532,0.017291421
14/11/2020 19:41:46,15,11.88237667,0.017268434
14/11/2020 19:41:47,15,11.68301392,0.017245447
14/11/2020 19:41:48,15,11.48365211,0.01722246
14/11/2020 19:41:49,15,11.28429031,0.017199473
14/11/2020 19:41:50,15,11.08492851,0.017176487
14/11/2020 19:41:51,15,11.0573082,0.0171535
14/11/2020 19:41:52,15,11.15714836,0.017130513
14/11/2020 19:41:53,15,11.25698853,0.017107526
14/11/2020 19:41:54,15,11.35682869,0.017084539
14/11/2020 19:41:55,15,11.45666885,0.017061552
14/11/2020 19:41:56,15,11.55650997,0.017038565
14/11/2020 19:41:57,15,11.65635014,0.017015578
14/11/2020 19:41:58,15,11.7561903,0.016992591
14/11/2020 19:41:59,15,11.85603046,0.016969604
14/11/2020 19:42:00,15,11.95587063,0.016946618
14/11/2020 19:42:01,14.88873386,11.88873386,0.016923631
14/11/2020 19:42:02,14.68933201,11.68933201,0.016900644
14/11/2020 19:42:03,14.48993015,11.48993015,0.016877657
14/11/2020 19:42:04,14.2905283,11.2905283,0.01685467
14/11/2020 19:42:05,14.09112644,11.09112644,0.016831683
14/11/2020 19:42:06,14.10857868,11.10857868,0.016808696
14/11/2020 19:42:07,14.30853844,11.30853844,0.016785709
14/11/2020 19:42:08,14.50849819,11.50849819,0.016762722
14/11/2020 19:42:09,14.70845795,11.70845795,0.016739735
14/11/2020 19:42:10,14.90841866,11.90841866,0.016716748
14/11/2020 19:42:11,15,11.94588089,0.016693762
14/11/2020 19:42:12,15,11.84603119,0.016670775
14/11/2020 19:42:13,15,11.74618053,0.016647788
14/11/2020 19:42:14,15,11.64633083,0.016624801
14/11/2020 19:42:15,15,11.54648018,0.016601814
14/11/2020 19:42:16,15,11.44663048,0.016578827
14/11/2020 19:42:17,15,11.34677982,0.01655584
14/11/2020 19:42:18,15,11.24692917,0.016532853
14/11/2020 19:42:19,15,11.14707947,0.016509866
14/11/2020 19:42:20,15,11.04722881,0.016486879
14/11/2020 19:42:21,15,11.10540009,0.016463893
14/11/2020 19:42:22,15,11.30539989,0.016440906
14/11/2020 19:42:23,15,11.5053997,0.016417919
14/11/2020 19:42:24,15,11.70540047,0.016394932
14/11/2020 19:42:25,15,11.90540028,0.016371945
14/11/2020 19:42:26,15,11.89493656,0.016348958
14/11/2020 19:42:27,15,11.69557381,0.016325971
14/11/2020 19:42:28,15,11.49621201,0.016302984
14/11/2020 19:42:29,15,11.2968502,0.016279997
14/11/2020 19:42:30,15,11.0974884,0.01625701
14/11/2020 19:42:31,15,11.10219955,0.016234023
14/11/2020 19:42:32,15,11.30220032,0.016211037
14/11/2020 19:42:33,15,11.50220013,0.01618805
14/11/2020 19:42:34,15,11.70219994,0.016165063
14/11/2020 19:42:35,15,11.90219975,0.016142076
14/11/2020 19:42:36,14.89812565,11.89812565,0.016119089
14/11/2020 19:42:37,14.69876385,11.69876385,0.016096102
14/11/2020 19:42:38,14.49940205,11.49940205,0.016073115
14/11/2020 19:42:39,14.30004025,11.30004025,0.016050128
14/11/2020 19:42:40,14.10067749,11.10067749,0.016027141
14/11/2020 19:42:41,14.04942608,11.04942608,0.016004154
14/11/2020 19:42:42,14.14927578,11.14927578,0.015981168
14/11/2020 19:42:43,14.24912643,11.24912643,0.015958181
14/11/2020 19:42:44,14.34897614,11.34897614,0.015935194
14/11/2020 19:42:45,14.44882679,11.44882679,0.015912207
14/11/2020 19:42:46,14.54867744,11.54867744,0.01588922
14/11/2020 19:42:47,14.64852715,11.64852715,0.015866233
14/11/2020 19:42:48,14.7483778,11.7483778,0.015843246
14/11/2020 19:42:49,14.8482275,11.8482275,0.015820259
14/11/2020 19:42:50,14.94807816,11.94807816,0.015797272
14/11/2020 19:42:51,15,11.90459156,0.015774285
14/11/2020 19:42:52,15,11.7058239,0.015751299
14/11/2020 19:42:53,15,11.50705624,0.015728312
14/11/2020 19:42:54,15,11.30828857,0.015705325
14/11/2020 19:42:55,15,11.10952091,0.015682338
14/11/2020 19:42:56,15,11.08978176,0.015659351
14/11/2020 19:42:57,15,11.28974247,0.015636364
14/11/2020 19:42:58,15,11.48970222,0.015613377
14/11/2020 19:42:59,15,11.68966198,0.01559039
14/11/2020 19:43:00,15,11.88962173,0.015567403
14/11/2020 19:43:01,14.91040039,11.91040039,0.015544416
14/11/2020 19:43:02,14.71039963,11.71039963,0.015521429
14/11/2020 19:43:03,14.51039982,11.51039982,0.015498443
14/11/2020 19:43:04,14.31040001,11.31040001,0.015475456
14/11/2020 19:43:05,14.1104002,11.1104002,0.015452469
14/11/2020 19:43:06,14.04466152,11,0.015429482
14/11/2020 19:43:07,14.14435291,11,0.015406495
14/11/2020 19:43:08,14.24404335,11,0.015383508
14/11/2020 19:43:09,14.34373474,11,0.015360521
14/11/2020 19:43:10,14.44342518,11,0.015337534
14/11/2020 19:43:11,14.54311657,11.08339977,0.015314547
14/11/2020 19:43:12,14.64280701,11.28339958,0.01529156
14/11/2020 19:43:13,14.7424984,11.48340034,0.015268574
14/11/2020 19:43:14,14.84218884,11.68340015,0.015245587
14/11/2020 19:43:15,14.94188023,11.88339996,0.0152226
14/11/2020 19:43:16,14.9168663,11.9168663,0.015199613
14/11/2020 19:43:17,14.71750355,11.71750355,0.015176626
14/11/2020 19:43:18,14.51814175,11.51814175,0.015153639
14/11/2020 19:43:19,14.31877995,11.31877995,0.015130652
14/11/2020 19:43:20,14.11941814,11.11941814,0.015107665
14/11/2020 19:43:21,14.07970619,11.07970619,0.015084678
14/11/2020 19:43:22,14.27847385,11.27847385,0.015061691
14/11/2020 19:43:23,14.47724152,11.47724152,0.015038704
14/11/2020 19:43:24,14.67600918,11.67600918,0.015015718
14/11/2020 19:43:25,14.87477684,11.87477684,0.014992731
14/11/2020 19:43:26,14.9264555,11.9264555,0.014969744
14/11/2020 19:43:27,14.72768879,11.72768879,0.014946757
14/11/2020 19:43:28,14.52892113,11.52892113,0.01492377
14/11/2020 19:43:29,14.33015347,11.33015347,0.014900783
14/11/2020 19:43:30,14.1313858,11.1313858,0.014877796
14/11/2020 19:43:31,14.0338459,11.06758404,0.014854809
14/11/2020 19:43:32,14.13368607,11.26694584,0.014831822
14/11/2020 19:43:33,14.23352623,11.46630764,0.014808835
14/11/2020 19:43:34,14.33336639,11.66566944,0.014785849
14/11/2020 19:43:35,14.43320656,11.8650322,0.014762862
14/11/2020 19:43:36,14.53304672,11.96764851,0.014739875
14/11/2020 19:43:37,14.63288784,11.86748791,0.014716888
14/11/2020 19:43:38,14.732728,11.76732731,0.014693901
14/11/2020 19:43:39,14.83256817,11.66716766,0.014670914
14/11/2020 19:43:40,14.93240833,11.56700706,0.014647927
14/11/2020 19:43:41,15,11.46684742,0.01462494
14/11/2020 19:43:42,15,11.36668682,0.014601953
14/11/2020 19:43:43,15,11.26652622,0.014578966
14/11/2020 19:43:44,15,11.16636658,0.01455598
14/11/2020 19:43:45,15,11.06620598,0.014532993
14/11/2020 19:43:46,15,11.06758404,0.014510006
14/11/2020 19:43:47,15,11.26694584,0.014487019
14/11/2020 19:43:48,15,11.46630764,0.014464032
14/11/2020 19:43:49,15,11.66566944,0.014441045
14/11/2020 19:43:50,15,11.8650322,0.014418058
14/11/2020 19:43:51,15,11.93579769,0.014395071
14/11/2020 19:43:52,15,11.73703003,0.014372084
14/11/2020 19:43:53,15,11.53826237,0.014349097
14/11/2020 19:43:54,15,11.33949471,0.01432611
14/11/2020 19:43:55,15,11.14072704,0.014303124
14/11/2020 19:43:56,15,11.05840015,0.014280137
14/11/2020 19:43:57,15,11.25839996,0.01425715
14/11/2020 19:43:58,15,11.45839977,0.014234163
14/11/2020 19:43:59,15,11.65839958,0.014211176
14/11/2020 19:44:00,15,11.85840034,0.014188189
14/11/2020 19:44:01,15,12,0.014165202
14/11/2020 19:44:02,15,12,0.014142215
14/11/2020 19:44:03,15,12,0.014119228
14/11/2020 19:44:04,15,12,0.014096241
14/11/2020 19:44:05,15,12,0.014073254
14/11/2020 19:44:06,15,11.95085239,0.014050267
14/11/2020 19:44:07,15,11.75025082,0.01402728
14/11/2020 19:44:08,15,11.54964924,0.014004293
14/11/2020 19:44:09,15,11.34904671,0.013981306
14/11/2020 19:44:10,15,11.14844513,0.013958319
14/11/2020 19:44:11,15,11.05200005,0.013935332
14/11/2020 19:44:12,15,11.25199986,0.013912345
14/11/2020 19:44:13,15,11.45199966,0.013889358
14/11/2020 19:44:14,15,11.65200043,0.013866371
14/11/2020 19:44:15,15,11.85200024,0.013843385
14/11/2020 19:44:16,15,11.94799995,0.013820398
14/11/2020 19:44:17,15,11.74800014,0.013797411
14/11/2020 19:44:18,15,11.54800034,0.013774424
14/11/2020 19:44:19,15,11.34799957,0.013751437
14/11/2020 19:44:20,15,11.14799976,0.01372845
14/11/2020 19:44:21,15,11,0.013705463
14/11/2020 19:44:22,15,11,0.013682476
14/11/2020 19:44:23,15,11,0.013659489
14/11/2020 19:44:24,15,11,0.013636502
14/11/2020 19:44:25,15,11,0.013613516
14/11/2020 19:44:26,15,11,0.013590529
14/11/2020 19:44:27,15,11,0.013567542
14/11/2020 19:44:28,15,11,0.013544555
14/11/2020 19:44:29,15,11,0.013521568
14/11/2020 19:44:30,15,11,0.013498581
14/11/2020 19:44:31,15,11,0.013475594
14/11/2020 19:44:32,15,11,0.013452607
14/11/2020 19:44:33,15,11,0.01342962
14/11/2020 19:44:34,15,11,0.013406633
14/11/2020 19:44:35,15,11,0.013383646
14/11/2020 19:44:36,15,11.0456543,0.01336066
14/11/2020 19:44:37,15,11.2450161,0.013337673
14/11/2020 19:44:38,15,11.4443779,0.013314686
14/11/2020 19:44:39,15,11.6437397,0.013291699
14/11/2020 19:44:40,15,11.84310246,0.013268712
14/11/2020 19:44:41,14.95740032,11.95740032,0.013245725
14/11/2020 19:44:42,14.75739956,11.75739956,0.013222738
14/11/2020 19:44:43,14.55739975,11.55739975,0.013199751
14/11/2020 19:44:44,14.35739994,11.35739994,0.013176764
14/11/2020 19:44:45,14.15740013,11.15740013,0.013153777
14/11/2020 19:44:46,14.02123451,11.02123451,0.013130791
14/11/2020 19:44:47,14.12092495,11.12092495,0.013107804
14/11/2020 19:44:48,14.22061634,11.22061634,0.013084817
14/11/2020 19:44:49,14.32030678,11.32030678,0.01306183
14/11/2020 19:44:50,14.41999817,11.41999817,0.013038843
14/11/2020 19:44:51,14.51968861,11.51968861,0.013015856
14/11/2020 19:44:52,14.61938,11.61938,0.012992869
14/11/2020 19:44:53,14.71907043,11.71907043,0.012969882
14/11/2020 19:44:54,14.81876183,11.81876183,0.012946895
14/11/2020 19:44:55,14.91845322,11.91845322,0.012923908
14/11/2020 19:44:56,14.96371651,12,0.012900922
14/11/2020 19:44:57,14.76435375,12,0.012877935
14/11/2020 19:44:58,14.56499195,12,0.012854948
14/11/2020 19:44:59,14.36563015,12,0.012831961
14/11/2020 19:45:00,14.16626835,12,0.012808974
14/11/2020 19:45:01,14.03320026,12,0.012785987
14/11/2020 19:45:02,14.23320007,12,0.012763
14/11/2020 19:45:03,14.43319988,12,0.012740013
14/11/2020 19:45:04,14.63319969,12,0.012717026
14/11/2020 19:45:05,14.83320045,12,0.012694039
14/11/2020 19:45:06,15,11.98345089,0.012671052
14/11/2020 19:45:07,15,11.88376045,0.012648066
14/11/2020 19:45:08,15,11.78406906,0.012625079
14/11/2020 19:45:09,15,11.68437862,0.012602092
14/11/2020 19:45:10,15,11.58468723,0.012579105
14/11/2020 19:45:11,15,11.4849968,0.012556118
14/11/2020 19:45:12,15,11.3853054,0.012533131
14/11/2020 19:45:13,15,11.28561497,0.012510144
14/11/2020 19:45:14,15,11.18592358,0.012487157
14/11/2020 19:45:15,15,11.08623314,0.01246417
14/11/2020 19:45:16,14.97299957,11,0.012441183
14/11/2020 19:45:17,14.77299976,11,0.012418197
14/11/2020 19:45:18,14.57299995,11,0.01239521
14/11/2020 19:45:19,14.37300014,11,0.012372223
14/11/2020 19:45:20,14.17300034,11,0.012349236
14/11/2020 19:45:21,14,11,0.012326249
14/11/2020 19:45:22,14,11,0.012303262
14/11/2020 19:45:23,14,11,0.012280275
14/11/2020 19:45:24,14,11,0.012257288
14/11/2020 19:45:25,14,11,0.012234301
14/11/2020 19:45:26,14.02060032,11.02060032,0.012211314
14/11/2020 19:45:27,14.22060013,11.22060013,0.012188327
14/11/2020 19:45:28,14.42059994,11.42059994,0.012165341
14/11/2020 19:45:29,14.62059975,11.62059975,0.012142354
14/11/2020 19:45:30,14.82059956,11.82059956,0.012119367
14/11/2020 19:45:31,14.97939968,11.98968315,0.01209638
14/11/2020 19:45:32,14.77939987,11.88952351,0.012073393
14/11/2020 19:45:33,14.57940006,11.78936291,0.012050406
14/11/2020 19:45:34,14.37940025,11.68920231,0.012027419
14/11/2020 19:45:35,14.17940044,11.58904266,0.012004432
14/11/2020 19:45:36,14.02066612,11.48888206,0.011981445
14/11/2020 19:45:37,14.22130775,11.38872242,0.011958458
14/11/2020 19:45:38,14.42195034,11.28856182,0.011935472
14/11/2020 19:45:39,14.62259197,11.18840122,0.011912485
14/11/2020 19:45:40,14.82323456,11.08824158,0.011889498
14/11/2020 19:45:41,14.97627544,11,0.011866511
14/11/2020 19:45:42,14.77691364,11,0.011843524
14/11/2020 19:45:43,14.57755184,11,0.011820537
14/11/2020 19:45:44,14.37819004,11,0.01179755
14/11/2020 19:45:45,14.17882729,11,0.011774563
14/11/2020 19:45:46,14.01028442,11,0.011751576
14/11/2020 19:45:47,14.11013508,11,0.011728589
14/11/2020 19:45:48,14.20998478,11,0.011705603
14/11/2020 19:45:49,14.30983543,11,0.011682616
14/11/2020 19:45:50,14.40968513,11,0.011659629
14/11/2020 19:45:51,14.50953579,11.01444626,0.011636642
14/11/2020 19:45:52,14.60938549,11.21508789,0.011613655
14/11/2020 19:45:53,14.70923615,11.41573048,0.011590668
14/11/2020 19:45:54,14.8090868,11.61637211,0.011567681
14/11/2020 19:45:55,14.9089365,11.81701469,0.011544694
14/11/2020 19:45:56,14.98239994,12,0.011521707
14/11/2020 19:45:57,14.78240013,12,0.01149872
14/11/2020 19:45:58,14.58240032,12,0.011475733
14/11/2020 19:45:59,14.38239956,12,0.011452747
14/11/2020 19:46:00,14.18239975,12,0.011429759
14/11/2020 19:46:01,14,12,0.011406772
14/11/2020 19:46:02,14,12,0.011383785
14/11/2020 19:46:03,14,12,0.011360798
14/11/2020 19:46:04,14,12,0.011337811
14/11/2020 19:46:05,14,12,0.011314824
14/11/2020 19:46:06,14,11.99174881,0.011291837
14/11/2020 19:46:07,14,11.79050064,0.01126885
14/11/2020 19:46:08,14,11.58925343,0.011245864
14/11/2020 19:46:09,14,11.38800526,0.011222877
14/11/2020 19:46:10,14,11.18675804,0.01119989
14/11/2020 19:46:11,14,11,0.011176903
14/11/2020 19:46:12,14,11,0.011153916
14/11/2020 19:46:13,14,11,0.011130929
14/11/2020 19:46:14,14,11,0.011107942
14/11/2020 19:46:15,14,11,0.011084955
14/11/2020 19:46:16,14.0049839,11,0.011061968
14/11/2020 19:46:17,14.2043457,11,0.011038981
14/11/2020 19:46:18,14.40370846,11,0.011015994
14/11/2020 19:46:19,14.60307026,11,0.010993008
14/11/2020 19:46:20,14.80243206,11,0.010970021
14/11/2020 19:46:21,14.99820614,11,0.010947034
14/11/2020 19:46:22,14.79884338,11,0.010924047
14/11/2020 19:46:23,14.59948158,11,0.01090106
14/11/2020 19:46:24,14.40011978,11,0.010878073
14/11/2020 19:46:25,14.20075798,11,0.010855086
14/11/2020 19:46:26,14.00139523,11,0.010832099
14/11/2020 19:46:27,14.19863987,11,0.010809112
14/11/2020 19:46:28,14.39867973,11,0.010786125
14/11/2020 19:46:29,14.5987196,11,0.010763139
14/11/2020 19:46:30,14.79875946,11,0.010740152
14/11/2020 19:46:31,14.99879932,11,0.010717165
14/11/2020 19:46:32,14.80060196,11,0.010694178
14/11/2020 19:46:33,14.60000038,11,0.010671191
14/11/2020 19:46:34,14.39939785,11,0.010648204
14/11/2020 19:46:35,14.19879627,11,0.010625217
14/11/2020 19:46:36,14,11,0.01060223
14/11/2020 19:46:37,14,11,0.010579243
14/11/2020 19:46:38,14,11,0.010556256
14/11/2020 19:46:39,14,11,0.010533269
14/11/2020 19:46:40,14,11,0.010510283
14/11/2020 19:46:41,14,11,0.010487296
14/11/2020 19:46:42,14,11,0.010464309
14/11/2020 19:46:43,14,11,0.010441322
14/11/2020 19:46:44,14,11,0.010418335
14/11/2020 19:46:45,14,11,0.010395348
14/11/2020 19:46:46,14,11,0.010372361
14/11/2020 19:46:47,14,11,0.010349374
14/11/2020 19:46:48,14,11,0.010326387
14/11/2020 19:46:49,14,11,0.0103034
14/11/2020 19:46:50,14,11,0.010280414
14/11/2020 19:46:51,14,11,0.010257427
14/11/2020 19:46:52,14.19497585,11,0.01023444
14/11/2020 19:46:53,14.39433765,11,0.010211453
14/11/2020 19:46:54,14.59370041,11,0.010188466
14/11/2020 19:46:55,14.79306221,11,0.010165479
14/11/2020 19:46:56,14.99242401,11,0.010142492
14/11/2020 19:46:57,14.90409756,11,0.010119505
14/11/2020 19:46:58,14.80440617,11,0.010096518
14/11/2020 19:46:59,14.70471573,11,0.010073531
14/11/2020 19:47:00,14.60502434,11,0.010050545
14/11/2020 19:47:01,14.5053339,11,0.010027558
14/11/2020 19:47:02,14.40564251,11,0.010004571
14/11/2020 19:47:03,14.30595112,11,0.009981584
14/11/2020 19:47:04,14.20626068,11,0.009958597
14/11/2020 19:47:05,14.10656929,11,0.00993561
14/11/2020 19:47:06,14.00687885,11,0.009912623
14/11/2020 19:47:07,14,11,0.009889636
14/11/2020 19:47:08,14,11,0.009866649
14/11/2020 19:47:09,14,11,0.009843662
14/11/2020 19:47:10,14,11,0.009820675
14/11/2020 19:47:11,14,11,0.009797689
14/11/2020 19:47:12,14,11,0.009774702
14/11/2020 19:47:13,14,11,0.009751715
14/11/2020 19:47:14,14,11,0.009728728
14/11/2020 19:47:15,14,11,0.009705741
14/11/2020 19:47:16,14,11,0.009682754
14/11/2020 19:47:17,14.17816067,11,0.009659767
14/11/2020 19:47:18,14.37633801,11,0.00963678
14/11/2020 19:47:19,14.57451439,11,0.009613793
14/11/2020 19:47:20,14.77269077,11,0.009590806
14/11/2020 19:47:21,14.97086811,11,0.00956782
14/11/2020 19:47:22,14.82994461,11,0.009544833
14/11/2020 19:47:23,14.63058186,11,0.009521846
14/11/2020 19:47:24,14.43122005,11,0.009498859
14/11/2020 19:47:25,14.23185825,11,0.009475872
14/11/2020 19:47:26,14.03249645,11,0.009452885
14/11/2020 19:47:27,14,11,0.009429898
14/11/2020 19:47:28,14,11,0.009406911
14/11/2020 19:47:29,14,11,0.009383924
14/11/2020 19:47:30,14,11,0.009360937
14/11/2020 19:47:31,14,11,0.00933795
14/11/2020 19:47:32,14,11,0.009314964
14/11/2020 19:47:33,14,11,0.009291977
14/11/2020 19:47:34,14,11,0.00926899
14/11/2020 19:47:35,14,11,0.009246003
14/11/2020 19:47:36,14,11,0.009223016
14/11/2020 19:47:37,14,11,0.009200029
14/11/2020 19:47:38,14,11,0.009177042
14/11/2020 19:47:39,14,11,0.009154055
14/11/2020 19:47:40,14,11,0.009131068
14/11/2020 19:47:41,14,11,0.009108081
14/11/2020 19:47:42,14,11,0.009085095
14/11/2020 19:47:43,14,11,0.009062108
14/11/2020 19:47:44,14,11,0.009039121
14/11/2020 19:47:45,14,11,0.009016134
14/11/2020 19:47:46,14,11,0.008993147
14/11/2020 19:47:47,14,11,0.00897016
14/11/2020 19:47:48,14,11,0.008947173
14/11/2020 19:47:49,14,11,0.008924186
14/11/2020 19:47:50,14,11,0.008901199
14/11/2020 19:47:51,14,11,0.008878212
14/11/2020 19:47:52,14,11,0.008855226
14/11/2020 19:47:53,14,11,0.008832239
14/11/2020 19:47:54,14,11,0.008809252
14/11/2020 19:47:55,14,11,0.008786264
14/11/2020 19:47:56,14,11,0.008763277
14/11/2020 19:47:57,14,11,0.00874029
14/11/2020 19:47:58,14,11,0.008717303
14/11/2020 19:47:59,14,11,0.008694316
14/11/2020 19:48:00,14,11,0.008671329
14/11/2020 19:48:01,14,11,0.008648342
14/11/2020 19:48:02,14,11,0.008625356
14/11/2020 19:48:03,14,11,0.008602369
14/11/2020 19:48:04,14,11,0.008579382
14/11/2020 19:48:05,14,11,0.008556395
14/11/2020 19:48:06,14,11,0.008533408
14/11/2020 19:48:07,14,11,0.008510421
14/11/2020 19:48:08,14,11,0.008487434
14/11/2020 19:48:09,14,11,0.008464447
14/11/2020 19:48:10,14,11,0.00844146
14/11/2020 19:48:11,14,11,0.008418473
14/11/2020 19:48:12,14,11,0.008395487
14/11/2020 19:48:13,14,11,0.0083725
14/11/2020 19:48:14,14,11,0.008349513
14/11/2020 19:48:15,14,11,0.008326526
14/11/2020 19:48:16,14,11,0.008303539
14/11/2020 19:48:17,14,11,0.008280552
14/11/2020 19:48:18,14,11,0.008257565
14/11/2020 19:48:19,14,11,0.008234578
14/11/2020 19:48:20,14,11,0.008211591
14/11/2020 19:48:21,14,11,0.008188604
14/11/2020 19:48:22,14,11,0.008165617
14/11/2020 19:48:23,14,11,0.008142631
14/11/2020 19:48:24,14,11,0.008119644
14/11/2020 19:48:25,14,11,0.008096657
14/11/2020 19:48:26,14,11,0.00807367
14/11/2020 19:48:27,14,11,0.008050683
14/11/2020 19:48:28,14,11,0.008027696
14/11/2020 19:48:29,14,11,0.008004709
14/11/2020 19:48:30,14,11,0.007981722
14/11/2020 19:48:31,14,11,0.007958735
14/11/2020 19:48:32,14,11,0.007935748
14/11/2020 19:48:33,14,11,0.007912762
14/11/2020 19:48:34,14,11,0.007889775
14/11/2020 19:48:35,14,11,0.007866788
14/11/2020 19:48:36,14,11,0.007843801
14/11/2020 19:48:37,14,11,0.007820814
14/11/2020 19:48:38,14,11,0.007797827
14/11/2020 19:48:39,14,11,0.00777484
14/11/2020 19:48:40,14,11,0.007751853
14/11/2020 19:48:41,14,11,0.007728866
14/11/2020 19:48:42,14,11,0.007705879
14/11/2020 19:48:43,14,11,0.007682892
14/11/2020 19:48:44,14,11,0.007659906
14/11/2020 19:48:45,14,11,0.007636919
14/11/2020 19:48:46,14,11,0.007613932
14/11/2020 19:48:47,14.1171999,11,0.007590945
14/11/2020 19:48:48,14.31719971,11,0.007567958
14/11/2020 19:48:49,14.51720047,11,0.007544971
14/11/2020 19:48:50,14.71720028,11,0.007521984
14/11/2020 19:48:51,14.91720009,11,0.007498997
14/11/2020 19:48:52,14.8828001,11,0.00747601
14/11/2020 19:48:53,14.68280029,11,0.007453023
14/11/2020 19:48:54,14.48279953,11,0.007430037
14/11/2020 19:48:55,14.28279972,11,0.00740705
14/11/2020 19:48:56,14.08279991,11,0.007384063
14/11/2020 19:48:57,14,11,0.007361076
14/11/2020 19:48:58,14,11,0.007338089
14/11/2020 19:48:59,14,11,0.007315102
14/11/2020 19:49:00,14,11,0.007292115
14/11/2020 19:49:01,14,11,0.007269128
14/11/2020 19:49:02,14,11,0.007246141
14/11/2020 19:49:03,14,11,0.007223154
14/11/2020 19:49:04,14,11,0.007200168
14/11/2020 19:49:05,14,11,0.007177181
14/11/2020 19:49:06,14,11,0.007154194
14/11/2020 19:49:07,14,11,0.007131207
14/11/2020 19:49:08,14,11,0.00710822
14/11/2020 19:49:09,14,11,0.007085233
14/11/2020 19:49:10,14,11,0.007062246
14/11/2020 19:49:11,14,11,0.007039259
14/11/2020 19:49:12,14.10033607,11,0.007016272
14/11/2020 19:49:13,14.29784679,11,0.006993285
14/11/2020 19:49:14,14.49535847,11,0.006970298
14/11/2020 19:49:15,14.69287014,11,0.006947312
14/11/2020 19:49:16,14.89038086,11,0.006924325
14/11/2020 19:49:17,14.91100025,11,0.006901338
14/11/2020 19:49:18,14.71100044,11,0.006878351
14/11/2020 19:49:19,14.51099968,11,0.006855364
14/11/2020 19:49:20,14.31099987,11,0.006832377
14/11/2020 19:49:21,14.11100006,11,0.00680939
14/11/2020 19:49:22,14.08928585,11,0.006786403
14/11/2020 19:49:23,14.28992748,11,0.006763416
14/11/2020 19:49:24,14.49057007,11,0.006740429
14/11/2020 19:49:25,14.6912117,11,0.006717442
14/11/2020 19:49:26,14.89185429,11,0.006694455
14/11/2020 19:49:27,14.95411587,11,0.006671468
14/11/2020 19:49:28,14.85458374,11,0.006648481
14/11/2020 19:49:29,14.75505161,11,0.006625494
14/11/2020 19:49:30,14.65551949,11,0.006602508
14/11/2020 19:49:31,14.5559864,11,0.006579521
14/11/2020 19:49:32,14.45645428,11,0.006556534
14/11/2020 19:49:33,14.35692215,11,0.006533547
14/11/2020 19:49:34,14.25739002,11,0.00651056
14/11/2020 19:49:35,14.15785789,11,0.006487573
14/11/2020 19:49:36,14.05832577,11,0.006464586
14/11/2020 19:49:37,14,11,0.006441599
14/11/2020 19:49:38,14,11,0.006418612
14/11/2020 19:49:39,14,11,0.006395625
14/11/2020 19:49:40,14,11,0.006372639
14/11/2020 19:49:41,14,11,0.006349652
14/11/2020 19:49:42,14,11,0.006326665
14/11/2020 19:49:43,14,11,0.006303678
14/11/2020 19:49:44,14,11,0.006280691
14/11/2020 19:49:45,14,11,0.006257704
14/11/2020 19:49:46,14,11,0.006234717
14/11/2020 19:49:47,14.08253574,11,0.00621173
14/11/2020 19:49:48,14.28189754,11,0.006188743
14/11/2020 19:49:49,14.4812603,11,0.006165756
14/11/2020 19:49:50,14.6806221,11,0.006142769
14/11/2020 19:49:51,14.8799839,11,0.006119783
14/11/2020 19:49:52,14.96026325,11,0.006096796
14/11/2020 19:49:53,14.86042309,11,0.006073809
14/11/2020 19:49:54,14.76058292,11,0.006050822
14/11/2020 19:49:55,14.66074276,11,0.006027835
14/11/2020 19:49:56,14.5609026,11,0.006004848
14/11/2020 19:49:57,14.46106243,11,0.005981861
14/11/2020 19:49:58,14.36122227,11,0.005958874
14/11/2020 19:49:59,14.2613821,11,0.005935887
14/11/2020 19:50:00,14.16154194,11,0.0059129
14/11/2020 19:50:01,14.06170082,11,0.005889914
14/11/2020 19:50:02,14.07617188,11,0.005866927
14/11/2020 19:50:03,14.27557373,11,0.00584394
14/11/2020 19:50:04,14.47497463,11,0.005820953
14/11/2020 19:50:05,14.67437649,11,0.005797966
14/11/2020 19:50:06,14.87377834,11,0.005774979
14/11/2020 19:50:07,14.92660046,11,0.005751992
14/11/2020 19:50:08,14.72659969,11,0.005729005
14/11/2020 19:50:09,14.52659988,11,0.005706018
14/11/2020 19:50:10,14.32660007,11,0.005683031
14/11/2020 19:50:11,14.12660027,11,0.005660044
14/11/2020 19:50:12,14,11.07271671,0.005637058
14/11/2020 19:50:13,14,11.270854,0.005614071
14/11/2020 19:50:14,14,11.46899128,0.005591084
14/11/2020 19:50:15,14,11.66712856,0.005568097
14/11/2020 19:50:16,14,11.8652668,0.00554511
14/11/2020 19:50:17,14,11.96790028,0.005522123
14/11/2020 19:50:18,14,11.86758995,0.005499136
14/11/2020 19:50:19,14,11.76727867,0.005476149
14/11/2020 19:50:20,14,11.66696739,0.005453162
14/11/2020 19:50:21,14,11.56665707,0.005430175
14/11/2020 19:50:22,14,11.46634579,0.005407188
14/11/2020 19:50:23,14,11.36603451,0.005384201
14/11/2020 19:50:24,14,11.26572418,0.005361214
14/11/2020 19:50:25,14,11.1654129,0.005338227
14/11/2020 19:50:26,14,11.06510162,0.00531524
14/11/2020 19:50:27,14.06997585,11,0.005292254
14/11/2020 19:50:28,14.26933765,11,0.005269267
14/11/2020 19:50:29,14.46870041,11,0.00524628
14/11/2020 19:50:30,14.66806221,11,0.005223293
14/11/2020 19:50:31,14.86742401,11,0.005200306
14/11/2020 19:50:32,14.93299961,11,0.005177319
14/11/2020 19:50:33,14.7329998,11,0.005154332
14/11/2020 19:50:34,14.53299999,11,0.005131345
14/11/2020 19:50:35,14.33300018,11,0.005108358
14/11/2020 19:50:36,14.13300037,11,0.005085371
14/11/2020 19:50:37,14.06658745,11,0.005062385
14/11/2020 19:50:38,14.26535511,11,0.005039398
14/11/2020 19:50:39,14.46412277,11,0.005016411
14/11/2020 19:50:40,14.66289043,11,0.004993424
14/11/2020 19:50:41,14.8616581,11,0.004970437
14/11/2020 19:50:42,14.9392004,11,0.00494745
14/11/2020 19:50:43,14.73919964,11,0.004924463
14/11/2020 19:50:44,14.53919983,11,0.004901476
14/11/2020 19:50:45,14.33920002,11,0.004878489
14/11/2020 19:50:46,14.13920021,11,0.004855502
14/11/2020 19:50:47,14,11,0.004832515
14/11/2020 19:50:48,14,11,0.004809529
14/11/2020 19:50:49,14,11,0.004786542
14/11/2020 19:50:50,14,11,0.004763555
14/11/2020 19:50:51,14,11,0.004740568
14/11/2020 19:50:52,14.05760002,11.05760002,0.004717581
14/11/2020 19:50:53,14.25759983,11.25759983,0.004694594
14/11/2020 19:50:54,14.45759964,11.45759964,0.004671607
14/11/2020 19:50:55,14.6576004,11.6576004,0.00464862
14/11/2020 19:50:56,14.85760021,11.85760021,0.004625633
14/11/2020 19:50:57,14.94257259,11.94257259,0.004602646
14/11/2020 19:50:58,14.74317074,11.74317074,0.00457966
14/11/2020 19:50:59,14.54376888,11.54376888,0.004556673
14/11/2020 19:51:00,14.34436703,11.34436703,0.004533686
14/11/2020 19:51:01,14.14496517,11.14496517,0.004510699
14/11/2020 19:51:02,14,11,0.004487712
14/11/2020 19:51:03,14,11,0.004464725
14/11/2020 19:51:04,14,11,0.004441738
14/11/2020 19:51:05,14,11,0.004418751
14/11/2020 19:51:06,14,11,0.004395764
14/11/2020 19:51:07,14,11,0.004372777
14/11/2020 19:51:08,14,11,0.004349791
14/11/2020 19:51:09,14,11,0.004326804
14/11/2020 19:51:10,14,11,0.004303817
14/11/2020 19:51:11,14,11,0.00428083
14/11/2020 19:51:12,14,11,0.004257843
14/11/2020 19:51:13,14,11,0.004234856
14/11/2020 19:51:14,14,11,0.004211869
14/11/2020 19:51:15,14,11,0.004188882
14/11/2020 19:51:16,14,11,0.004165895
14/11/2020 19:51:17,14,11,0.004142908
14/11/2020 19:51:18,14,11,0.004119921
14/11/2020 19:51:19,14,11,0.004096934
14/11/2020 19:51:20,14,11,0.004073947
14/11/2020 19:51:21,14,11,0.00405096
14/11/2020 19:51:22,14,11,0.004027973
14/11/2020 19:51:23,14,11,0.004004986
14/11/2020 19:51:24,14,11,0.003982
14/11/2020 19:51:25,14,11,0.003959013
14/11/2020 19:51:26,14,11,0.003936026
14/11/2020 19:51:27,14.03557205,11,0.003913039
14/11/2020 19:51:28,14.23430061,11,0.003890052
14/11/2020 19:51:29,14.43302822,11,0.003867065
14/11/2020 19:51:30,14.63175678,11,0.003844078
14/11/2020 19:51:31,14.83048534,11,0.003821091
14/11/2020 19:51:32,14.97041702,11,0.003798104
14/11/2020 19:51:33,14.76916885,11,0.003775117
14/11/2020 19:51:34,14.56792068,11,0.003752131
14/11/2020 19:51:35,14.36667347,11,0.003729144
14/11/2020 19:51:36,14.1654253,11,0.003706157
14/11/2020 19:51:37,14,11,0.00368317
14/11/2020 19:51:38,14,11,0.003660183
14/11/2020 19:51:39,14,11,0.003637196
14/11/2020 19:51:40,14,11,0.003614209
14/11/2020 19:51:41,14,11,0.003591222
14/11/2020 19:51:42,14,11,0.003568235
14/11/2020 19:51:43,14,11,0.003545248
14/11/2020 19:51:44,14,11,0.003522262
14/11/2020 19:51:45,14,11,0.003499275
14/11/2020 19:51:46,14,11,0.003476288
14/11/2020 19:51:47,14,11,0.003453301
14/11/2020 19:51:48,14,11,0.003430314
14/11/2020 19:51:49,14,11,0.003407327
14/11/2020 19:51:50,14,11,0.00338434
14/11/2020 19:51:51,14,11,0.003361353
14/11/2020 19:51:52,14.02628422,11.02628422,0.003338366
14/11/2020 19:51:53,14.22692585,11.22692585,0.003315379
14/11/2020 19:51:54,14.42756844,11.42756844,0.003292392
14/11/2020 19:51:55,14.62821007,11.62821007,0.003269406
14/11/2020 19:51:56,14.82885265,11.82885265,0.003246419
14/11/2020 19:51:57,14.98536873,11.98536873,0.003223432
14/11/2020 19:51:58,14.8858366,11.8858366,0.003200445
14/11/2020 19:51:59,14.78630447,11.78630447,0.003177458
14/11/2020 19:52:00,14.68677235,11.68677235,0.003154471
14/11/2020 19:52:01,14.58724022,11.58724022,0.003131484
14/11/2020 19:52:02,14.48770809,11.48770809,0.003108497
14/11/2020 19:52:03,14.38817596,11.38817596,0.00308551
14/11/2020 19:52:04,14.28864384,11.28864384,0.003062523
14/11/2020 19:52:05,14.18911076,11.18911076,0.003039536
14/11/2020 19:52:06,14.08957863,11.08957863,0.003016549
14/11/2020 19:52:07,14.01987648,11,0.002993562
14/11/2020 19:52:08,14.21864414,11,0.002970576
14/11/2020 19:52:09,14.4174118,11,0.002947589
14/11/2020 19:52:10,14.61617947,11,0.002924602
14/11/2020 19:52:11,14.81494713,11,0.002901615
14/11/2020 19:52:12,14.9862442,11,0.002878628
14/11/2020 19:52:13,14.7868824,11,0.002855641
14/11/2020 19:52:14,14.58751965,11,0.002832654
14/11/2020 19:52:15,14.38815784,11,0.002809667
14/11/2020 19:52:16,14.18879604,11,0.00278668
14/11/2020 19:52:17,14.01060009,11,0.002763693
14/11/2020 19:52:18,14.2105999,11,0.002740707
14/11/2020 19:52:19,14.41059971,11,0.00271772
14/11/2020 19:52:20,14.61060047,11,0.002694733
14/11/2020 19:52:21,14.81060028,11,0.002671746
14/11/2020 19:52:22,14.98939991,11,0.002648759
14/11/2020 19:52:23,14.7894001,11,0.002625772
14/11/2020 19:52:24,14.58940029,11,0.002602785
14/11/2020 19:52:25,14.38939953,11,0.002579798
14/11/2020 19:52:26,14.18939972,11,0.002556811
14/11/2020 19:52:27,14,11,0.002533824
14/11/2020 19:52:28,14,11,0.002510838
14/11/2020 19:52:29,14,11,0.00248785
14/11/2020 19:52:30,14,11,0.002464863
14/11/2020 19:52:31,14,11,0.002441877
14/11/2020 19:52:32,14.01060009,11,0.00241889
14/11/2020 19:52:33,14.2105999,11,0.002395903
14/11/2020 19:52:34,14.41059971,11,0.002372916
14/11/2020 19:52:35,14.61060047,11,0.002349929
14/11/2020 19:52:36,14.81060028,11,0.002326942
14/11/2020 19:52:37,14.98949909,11,0.002303955
14/11/2020 19:52:38,14.79136086,11,0.002280968
14/11/2020 19:52:39,14.59322357,11,0.002257981
14/11/2020 19:52:40,14.39508629,11,0.002234994
14/11/2020 19:52:41,14.19694901,11,0.002212008
14/11/2020 19:52:42,14.00119591,11,0.002189021
14/11/2020 19:52:43,14.20055866,11,0.002166034
14/11/2020 19:52:44,14.39992046,11,0.002143047
14/11/2020 19:52:45,14.59928226,11,0.00212006
14/11/2020 19:52:46,14.79864407,11,0.002097073
14/11/2020 19:52:47,14.99800682,11,0.002074086
14/11/2020 19:52:48,14.80072498,11,0.002051099
14/11/2020 19:52:49,14.59943676,11,0.002028112
14/11/2020 19:52:50,14.39814854,11,0.002005125
14/11/2020 19:52:51,14.19686031,11,0.001982138
14/11/2020 19:52:52,14,11,0.001959152
14/11/2020 19:52:53,14,11,0.001936165
14/11/2020 19:52:54,14,11,0.001913178
14/11/2020 19:52:55,14,11,0.001890191
14/11/2020 19:52:56,14,11,0.001867204
14/11/2020 19:52:57,14,11,0.001844217
14/11/2020 19:52:58,14,11,0.00182123
14/11/2020 19:52:59,14,11,0.001798243
14/11/2020 19:53:00,14,11,0.001775256
14/11/2020 19:53:01,14,11,0.001752269
14/11/2020 19:53:02,14,11,0.001729282
14/11/2020 19:53:03,14,11,0.001706296
14/11/2020 19:53:04,14,11,0.001683309
14/11/2020 19:53:05,14,11,0.001660322
14/11/2020 19:53:06,14,11,0.001637335
14/11/2020 19:53:07,14,11,0.001614348
14/11/2020 19:53:08,14.1931839,11,0.001591361
14/11/2020 19:53:09,14.39132118,11,0.001568374
14/11/2020 19:53:10,14.58945942,11,0.001545387
14/11/2020 19:53:11,14.7875967,11,0.0015224
14/11/2020 19:53:12,14.98573399,11,0.001499413
14/11/2020 19:53:13,14.90706062,11,0.001476426
14/11/2020 19:53:14,14.80691051,11,0.001453439
14/11/2020 19:53:15,14.70676041,11,0.001430453
14/11/2020 19:53:16,14.6066103,11,0.001407466
14/11/2020 19:53:17,14.50645924,11,0.001384479
14/11/2020 19:53:18,14.40630913,11,0.001361492
14/11/2020 19:53:19,14.30615902,11,0.001338505
14/11/2020 19:53:20,14.20600891,11,0.001315518
14/11/2020 19:53:21,14.1058588,11,0.001292531
14/11/2020 19:53:22,14.00570869,11,0.001269544
14/11/2020 19:53:23,14,11,0.001246557
14/11/2020 19:53:24,14,11,0.00122357
14/11/2020 19:53:25,14,11,0.001200583
14/11/2020 19:53:26,14,11,0.001177597
14/11/2020 19:53:27,14,11,0.00115461
14/11/2020 19:53:28,14,11,0.001131623
14/11/2020 19:53:29,14,11,0.001108636
14/11/2020 19:53:30,14,11,0.001085649
14/11/2020 19:53:31,14,11,0.001062662
14/11/2020 19:53:32,14,11,0.001039675
14/11/2020 19:53:33,14.17673016,11,0.001016688
14/11/2020 19:53:34,14.37733173,11,0.000993701
14/11/2020 19:53:35,14.57793427,11,0.000970714
14/11/2020 19:53:36,14.77853584,11,0.000947727
14/11/2020 19:53:37,14.97913742,11,0.00092474
14/11/2020 19:53:38,14.82079983,11,0.000901754
14/11/2020 19:53:39,14.62080002,11,0.000878767
14/11/2020 19:53:40,14.42080021,11,0.00085578
14/11/2020 19:53:41,14.2208004,11,0.000832793
14/11/2020 19:53:42,14.02079964,11,0.000809806
14/11/2020 19:53:43,14,11,0.000786819
14/11/2020 19:53:44,14,11,0.000763832
14/11/2020 19:53:45,14,11,0.000740845
14/11/2020 19:53:46,14,11,0.000717858
14/11/2020 19:53:47,14,11,0.000694871
14/11/2020 19:53:48,14,11,0.000671884
14/11/2020 19:53:49,14,11,0.000648898
14/11/2020 19:53:50,14,11,0.000625911
14/11/2020 19:53:51,14,11,0.000602924
14/11/2020 19:53:52,14,11,0.000579937
14/11/2020 19:53:53,14,11,0.00055695
14/11/2020 19:53:54,14,11,0.000533963
14/11/2020 19:53:55,14,11,0.000510976
14/11/2020 19:53:56,14,11,0.000487989
14/11/2020 19:53:57,14,11,0.000465002
14/11/2020 19:53:58,14,11,0.000442015
14/11/2020 19:53:59,14,11,0.000419028
14/11/2020 19:54:00,14,11,0.000396041
14/11/2020 19:54:01,14,11,0.000373055
14/11/2020 19:54:02,14,11,0.000350068
14/11/2020 19:54:03,14,11,0.000327081
14/11/2020 19:54:04,14,11,0.000304094
14/11/2020 19:54:05,14,11,0.000281107
14/11/2020 19:54:06,14,11,0.00025812
14/11/2020 19:54:07,14,11,0.000235133
14/11/2020 19:54:08,14,11,0.000212146
14/11/2020 19:54:09,14,11,0.000189159
14/11/2020 19:54:10,14,11,0.000166172
14/11/2020 19:54:11,14,11,0.000143185
14/11/2020 19:54:12,14,11,0.000120199
14/11/2020 19:54:13,14.0802002,11,9.72116E-05
14/11/2020 19:54:14,14.18019962,11,7.42247E-05
14/11/2020 19:54:15,14.2802,11,5.12378E-05
14/11/2020 19:54:16,14.38020039,11,2.82509E-05
14/11/2020 19:54:17,14.48019981,11,5.264E-06
14/11/2020 19:54:18,14.5802002,11.28862572,212.3797302
14/11/2020 19:54:19,14.68019962,11.69629002,487.8398438
14/11/2020 19:54:20,14.7802,12.10395432,763.2999268
14/11/2020 19:54:21,14.88020039,12.51161861,1038.76001
14/11/2020 19:54:22,14.98019981,12.91928291,1314.220093
14/11/2020 19:54:23,15,12.84009552,1337.735718
14/11/2020 19:54:24,15,12.64071369,1292.65564
14/11/2020 19:54:25,15,12.44133186,1247.575684
14/11/2020 19:54:26,15,12.24195004,1202.495605
14/11/2020 19:54:27,15,12.04256821,1157.415649
14/11/2020 19:54:28,14.91992855,11.84318638,1075.290771
14/11/2020 19:54:29,14.82008743,11.64380455,982.1630859
14/11/2020 19:54:30,14.72024727,11.44442272,889.0354004
14/11/2020 19:54:31,14.6204071,11.24503994,795.9076538
14/11/2020 19:54:32,14.52056694,11.04565811,702.7799683
14/11/2020 19:54:33,14.42072678,11,614.0285034
14/11/2020 19:54:34,14.32088661,11,526.8226929
14/11/2020 19:54:35,14.22104645,11,439.6168823
14/11/2020 19:54:36,14.12120628,11,352.4110413
14/11/2020 19:54:37,14.02136612,11,265.2052002
14/11/2020 19:54:38,14.1567297,11.1567297,292.3527222
14/11/2020 19:54:39,14.35613155,11.35613155,359.8875427
14/11/2020 19:54:40,14.55553341,11.55553341,427.4223633
14/11/2020 19:54:41,14.75493526,11.75493526,494.9571838
14/11/2020 19:54:42,14.95433712,11.95433712,562.4920044
14/11/2020 19:54:43,14.84678078,11.84678078,518.2553101
14/11/2020 19:54:44,14.64805222,11.64805222,434.5431213
14/11/2020 19:54:45,14.44932461,11.44932461,350.8309326
14/11/2020 19:54:46,14.25059605,11.25059605,267.1187439
14/11/2020 19:54:47,14.05186844,11.05186844,183.4065857
14/11/2020 19:54:48,14.59119987,11.59119987,461.1810913
14/11/2020 19:54:49,15.39120007,12.39120007,899.8485107
14/11/2020 19:54:50,16.19120026,13.19120026,1338.515869
14/11/2020 19:54:51,16.99119949,13.99120045,1777.18335
14/11/2020 19:54:52,17.79120064,14.79119968,2215.85083
14/11/2020 19:54:53,17.70439911,14.70440006,2395.473877
14/11/2020 19:54:54,17.30439949,14.30440044,2451.505615
14/11/2020 19:54:55,16.90439987,13.90439987,2507.537354
14/11/2020 19:54:56,16.50440025,13.50440025,2563.569092
14/11/2020 19:54:57,16.10440063,13.10439968,2619.60083
14/11/2020 19:54:58,16.43927002,13.58755684,2824.59082
14/11/2020 19:54:59,17.03368378,14.38262749,3100.649658
14/11/2020 19:55:00,17.62809563,15.17769814,3376.708496
14/11/2020 19:55:01,18.22250748,15.97276878,3652.767334
14/11/2020 19:55:02,18.81692123,16.76783943,3928.826172
14/11/2020 19:55:03,19.68992996,17.56291008,4236.72998
14/11/2020 19:55:04,20.68693924,18.35798073,4559.827637
14/11/2020 19:55:05,21.68394852,19.15305138,4882.925293
14/11/2020 19:55:06,22.68095779,19.94812202,5206.022461
14/11/2020 19:55:07,23.67796516,20.74319267,5529.120117
14/11/2020 19:55:08,23.86459923,20.86459923,5751.665527
14/11/2020 19:55:09,23.66460037,20.66460037,5926.236816
14/11/2020 19:55:10,23.46459961,20.46459961,6100.808594
14/11/2020 19:55:11,23.26460075,20.26460075,6275.380371
14/11/2020 19:55:12,23.06459999,20.06459999,6449.95166
14/11/2020 19:55:13,23.27079964,20.27079964,6541.974609
14/11/2020 19:55:14,23.67079926,20.67079926,6582.101563
14/11/2020 19:55:15,24.07080078,21.07080078,6622.228516
14/11/2020 19:55:16,24.4708004,21.4708004,6662.355469
14/11/2020 19:55:17,24.87080002,21.87080002,6702.482422
14/11/2020 19:55:18,24.32299995,21.32299995,6663.450195
14/11/2020 19:55:19,23.32299995,20.32299995,6567.797852
14/11/2020 19:55:20,22.32299995,19.32299995,6472.145996
14/11/2020 19:55:21,21.32299995,18.32299995,6376.493652
14/11/2020 19:55:22,20.32299995,17.32299995,6280.841797
14/11/2020 19:55:23,19.93292999,16.93292999,6050.797363
14/11/2020 19:55:24,19.8338623,16.8338623,5718.121582
14/11/2020 19:55:25,19.73479271,16.73479271,5385.445801
14/11/2020 19:55:26,19.63572502,16.63572502,5052.77002
14/11/2020 19:55:27,19.53665543,16.53665543,4720.09375
14/11/2020 19:55:28,19.43758583,16.43758583,4474.561523
14/11/2020 19:55:29,19.33851814,16.33851814,4304.466309
14/11/2020 19:55:30,19.23944855,16.23944855,4134.371094
14/11/2020 19:55:31,19.14038086,16.14038086,3964.275879
14/11/2020 19:55:32,19.04131126,16.04131126,3794.180664
14/11/2020 19:55:33,18.65131569,15.65131569,3614.1875
14/11/2020 19:55:34,18.05323029,15.05322933,3425.057617
14/11/2020 19:55:35,17.45514297,14.45514393,3235.927979
14/11/2020 19:55:36,16.85705757,13.85705757,3046.79834
14/11/2020 19:55:37,16.25897217,13.25897121,2857.668457
14/11/2020 19:55:38,16,13,2709.061768
14/11/2020 19:55:39,16,13,2597.861084
14/11/2020 19:55:40,16,13,2486.6604
14/11/2020 19:55:41,16,13,2375.459473
14/11/2020 19:55:42,16,13,2264.258789
14/11/2020 19:55:43,15.78628349,12.78628349,2059.572998
14/11/2020 19:55:44,15.38755989,12.38755989,1762.886108
14/11/2020 19:55:45,14.98883533,11.98883533,1466.199219
14/11/2020 19:55:46,14.59011173,11.59011173,1169.512329
14/11/2020 19:55:47,14.19138718,11.19138718,872.8254395
14/11/2020 19:55:48,14,11,654.3674927
14/11/2020 19:55:49,14,11,541.3167114
14/11/2020 19:55:50,14,11,428.2658691
14/11/2020 19:55:51,14,11,315.2150574
14/11/2020 19:55:52,14,11,202.1642303
14/11/2020 19:55:53,14.10366821,11,130.5229797
14/11/2020 19:55:54,14.30303001,11,107.8860703
14/11/2020 19:55:55,14.50239277,11,85.24915314
14/11/2020 19:55:56,14.70175457,11,62.61224365
14/11/2020 19:55:57,14.90111637,11,39.97533035
14/11/2020 19:55:58,14.90074825,11,25.37238884
14/11/2020 19:55:59,14.70382023,11,20.9118824
14/11/2020 19:56:00,14.5068922,11,16.45137405
14/11/2020 19:56:01,14.30996418,11,11.99086761
14/11/2020 19:56:02,14.11303616,11,7.530360222
14/11/2020 19:56:03,14.08574867,11,4.638255119
14/11/2020 19:56:04,14.2870369,11,3.859443188
14/11/2020 19:56:05,14.48832512,11,3.080631256
14/11/2020 19:56:06,14.68961334,11,2.301819563
14/11/2020 19:56:07,14.89090157,11,1.523007751
14/11/2020 19:56:08,14.9543457,11,1.02194798
14/11/2020 19:56:09,14.8546648,11,0.918932199
14/11/2020 19:56:10,14.7549839,11,0.815916359
14/11/2020 19:56:11,14.655303,11,0.712900579
14/11/2020 19:56:12,14.5556221,11,0.609884739
14/11/2020 19:56:13,14.4559412,11,0.506868899
14/11/2020 19:56:14,14.3562603,11,0.403853089
14/11/2020 19:56:15,14.2565794,11,0.300837249
14/11/2020 19:56:16,14.15689754,11,0.197821423
14/11/2020 19:56:17,14.05721664,11,0.094805591
14/11/2020 19:56:18,14.08494473,11.08494473,2.7684412
14/11/2020 19:56:19,14.28434658,11.28434658,9.437746048
14/11/2020 19:56:20,14.48374844,11.48374844,16.10705185
14/11/2020 19:56:21,14.68315029,11.68315029,22.77635574
14/11/2020 19:56:22,14.88255215,11.88255215,29.44566154
14/11/2020 19:56:23,14.95890427,11.95890427,32.14907455
14/11/2020 19:56:24,14.85891438,11.85891438,28.35428047
14/11/2020 19:56:25,14.75892448,11.75892448,24.55948639
14/11/2020 19:56:26,14.65893364,11.65893364,20.76469421
14/11/2020 19:56:27,14.55894375,11.55894375,16.96990013
14/11/2020 19:56:28,14.45895386,11.45895386,13.66003704
14/11/2020 19:56:29,14.35896397,11.35896397,11.32587814
14/11/2020 19:56:30,14.25897408,11.25897408,8.991718292
14/11/2020 19:56:31,14.15898418,11.15898418,6.657558918
14/11/2020 19:56:32,14.05899429,11.05899429,4.323399067
14/11/2020 19:56:33,14,11,19.52010536
14/11/2020 19:56:34,14,11,67.56199646
14/11/2020 19:56:35,14,11,115.6038818
14/11/2020 19:56:36,14,11,163.6457672
14/11/2020 19:56:37,14,11,211.6876678
14/11/2020 19:56:38,14.15018845,11.15018845,359.6965332
14/11/2020 19:56:39,14.54646301,11.54646301,683.1295776
14/11/2020 19:56:40,14.94273853,11.94273853,1006.562683
14/11/2020 19:56:41,15.3390131,12.3390131,1329.995728
14/11/2020 19:56:42,15.73528862,12.73528862,1653.428833
14/11/2020 19:56:43,16,13,1868.421997
14/11/2020 19:56:44,16,13,1880.246582
14/11/2020 19:56:45,16,13,1892.071045
14/11/2020 19:56:46,16,13,1903.895508
14/11/2020 19:56:47,16,13,1915.719971
14/11/2020 19:56:48,15.86038113,12.86038113,1835.183472
14/11/2020 19:56:49,15.45917797,12.45917797,1554.725952
14/11/2020 19:56:50,15.05797386,12.05797386,1274.268555
14/11/2020 19:56:51,14.65677071,11.65677071,993.8111572
14/11/2020 19:56:52,14.2555666,11.2555666,713.3537598
14/11/2020 19:56:53,14.07238293,11.07238293,517.0914307
14/11/2020 19:56:54,14.27178478,11.27178478,490.2338562
14/11/2020 19:56:55,14.47118664,11.47118664,463.3762512
14/11/2020 19:56:56,14.67058849,11.67058849,436.5186462
14/11/2020 19:56:57,14.86999035,11.86999035,409.6610413
14/11/2020 19:56:58,14.96525574,11.96525574,385.323822
14/11/2020 19:56:59,14.86541557,11.86541557,367.8356323
14/11/2020 19:57:00,14.76557541,11.76557541,350.3474426
14/11/2020 19:57:01,14.66573524,11.66573524,332.8592529
14/11/2020 19:57:02,14.56589413,11.56589413,315.3710632
14/11/2020 19:57:03,14.46605396,11.46605396,289.9102173
14/11/2020 19:57:04,14.3662138,11.3662138,241.0336151
14/11/2020 19:57:05,14.26637363,11.26637363,192.1569977
14/11/2020 19:57:06,14.16653347,11.16653347,143.2803802
14/11/2020 19:57:07,14.06669331,11.06669331,94.40375519
14/11/2020 19:57:08,14.06557369,11,56.15885544
14/11/2020 19:57:09,14.26308537,11,46.80535889
14/11/2020 19:57:10,14.46059608,11,37.45186234
14/11/2020 19:57:11,14.65810776,11,28.09836769
14/11/2020 19:57:12,14.85561943,11,18.74487305
14/11/2020 19:57:13,14.97309971,11,11.29327106
14/11/2020 19:57:14,14.87310028,11,9.427548409
14/11/2020 19:57:15,14.7730999,11,7.561825275
14/11/2020 19:57:16,14.67310047,11,5.696102142
14/11/2020 19:57:17,14.57310009,11,3.830378771
14/11/2020 19:57:18,14.47309971,11,2.337187052
14/11/2020 19:57:19,14.37310028,11,1.938123345
14/11/2020 19:57:20,14.2730999,11,1.53905952
14/11/2020 19:57:21,14.17310047,11,1.139995694
14/11/2020 19:57:22,14.07310009,11,0.740931928
14/11/2020 19:57:23,14,11,0.432447046
14/11/2020 19:57:24,14,11,0.389993042
14/11/2020 19:57:25,14,11,0.347539037
14/11/2020 19:57:26,14,11,0.305085033
14/11/2020 19:57:27,14,11,0.262631029
14/11/2020 19:57:28,14,11,0.22017704
14/11/2020 19:57:29,14,11,0.177723035
14/11/2020 19:57:30,14,11,0.135269046
14/11/2020 19:57:31,14,11,0.092815042
14/11/2020 19:57:32,14,11,0.050361037
14/11/2020 19:57:33,14.25399971,11.25399971,104.2481155
14/11/2020 19:57:34,15.25399971,12.25399971,607.7815552
14/11/2020 19:57:35,16.25399971,13.25399971,1111.314941
14/11/2020 19:57:36,17.25399971,14.25399971,1614.848389
14/11/2020 19:57:37,18.25399971,15.25399971,2118.381836
14/11/2020 19:57:38,18.8480854,15.84808636,2509.782715
14/11/2020 19:57:39,18.25,15.25,2471.613037
14/11/2020 19:57:40,17.6519146,14.65191364,2433.443115
14/11/2020 19:57:41,17.05382729,14.05382729,2395.273438
14/11/2020 19:57:42,16.45574188,13.45574188,2357.103516
14/11/2020 19:57:43,16.14235878,13.1892271,2370.620605
14/11/2020 19:57:44,16.74050522,13.98429775,2627.803467
14/11/2020 19:57:45,17.33864975,14.77936745,2884.986572
14/11/2020 19:57:46,17.93679619,15.5744381,3142.169678
14/11/2020 19:57:47,18.53494263,16.36950874,3399.352539
14/11/2020 19:57:48,19.13308716,17.06190109,3670.08667
14/11/2020 19:57:49,19.7312336,17.36094475,4033.137207
14/11/2020 19:57:50,20.32937813,17.6599884,4396.187988
14/11/2020 19:57:51,20.92752457,17.95903015,4759.238281
14/11/2020 19:57:52,21.52567101,18.25807381,5122.289063
14/11/2020 19:57:53,22.04113579,18.55711746,5466.892578
14/11/2020 19:57:54,22.23986435,18.85616112,5666.695801
14/11/2020 19:57:55,22.43859291,19.15520287,5866.498535
14/11/2020 19:57:56,22.63732147,19.45424652,6066.301758
14/11/2020 19:57:57,22.83605003,19.75329018,6266.104492
14/11/2020 19:57:58,23.4507637,20.4160881,6476.993652
14/11/2020 19:57:59,26.02655029,22.79373932,6898.519043
14/11/2020 19:58:00,28.60233879,25.17138863,7320.043945
14/11/2020 19:58:01,31.17812538,27.54903984,7741.568848
14/11/2020 19:58:02,33.75391388,29.92668915,8163.094238
14/11/2020 19:58:03,35.82133484,31.80948639,8584.066406
14/11/2020 19:58:04,34.42552185,30.32109451,8821.523438
14/11/2020 19:58:05,33.02971268,28.83270454,9058.980469
14/11/2020 19:58:06,31.63389778,27.34431458,9296.4375
14/11/2020 19:58:07,30.23808479,25.85592461,9533.893555
14/11/2020 19:58:08,28.79913139,24.36753273,9771.350586
14/11/2020 19:58:09,27.02152824,22.87914276,9052.410156
14/11/2020 19:58:10,25.243927,21.39075279,8289.452148
14/11/2020 19:58:11,23.46632385,19.90236092,7526.493652
14/11/2020 19:58:12,21.68872261,18.41397095,6763.535645
14/11/2020 19:58:13,19.95046616,16.95046616,6000.577148
14/11/2020 19:58:14,18.95977783,15.95977783,5177.442871
14/11/2020 19:58:15,17.96909142,14.96909046,4350.536133
14/11/2020 19:58:16,16.97840309,13.97840309,3523.628906
14/11/2020 19:58:17,15.98771572,12.98771572,2696.72168
14/11/2020 19:58:18,14.99940586,11.99940586,1869.814697
14/11/2020 19:58:19,14.80126762,11.80126762,1534.051636
14/11/2020 19:58:20,14.60313034,11.60313034,1247.457031
14/11/2020 19:58:21,14.40499306,11.40499306,960.8624878
14/11/2020 19:58:22,14.20685577,11.20685577,674.2678833
14/11/2020 19:58:23,14.00871849,11.00871849,387.6732483
14/11/2020 19:58:24,14.19062805,11.19062805,302.9526978
14/11/2020 19:58:25,14.39002991,11.39002991,246.2829742
14/11/2020 19:58:26,14.58943176,11.58943176,189.6132507
14/11/2020 19:58:27,14.78883362,11.78883362,132.9435272
14/11/2020 19:58:28,14.98823547,11.98823547,76.27380371
14/11/2020 19:58:29,15,12,285.3422241
14/11/2020 19:58:30,15,12,536.9534302
14/11/2020 19:58:31,15,12,788.5646362
14/11/2020 19:58:32,15,12,1040.175781
14/11/2020 19:58:33,15,12,1291.786987
14/11/2020 19:58:34,15.4523735,12.54203892,1575.815063
14/11/2020 19:58:35,15.9500351,13.1383419,1866.435791
14/11/2020 19:58:36,16.44769669,13.73464489,2157.056396
14/11/2020 19:58:37,16.94535637,14.33094788,2447.677002
14/11/2020 19:58:38,17.44301796,14.92725086,2738.297852
14/11/2020 19:58:39,17.94067955,15.17477894,3077.961426
14/11/2020 19:58:40,18.43833923,15.37384319,3432.357178
14/11/2020 19:58:41,18.93600082,15.57290745,3786.75293
14/11/2020 19:58:42,19.43366241,15.7719717,4141.148438
14/11/2020 19:58:43,19.9313221,15.97103596,4495.544434
14/11/2020 19:58:44,20,16.17010117,4755.932617
14/11/2020 19:58:45,20,16.36916542,4985.484863
14/11/2020 19:58:46,20,16.56822968,5215.037109
14/11/2020 19:58:47,20,16.76729393,5444.588867
14/11/2020 19:58:48,20,16.96635818,5674.141113
14/11/2020 19:58:49,21.31331444,18.31331444,6012.381348
14/11/2020 19:58:50,22.89371872,19.89371872,6402.952637
14/11/2020 19:58:51,24.47412109,21.47412109,6793.524414
14/11/2020 19:58:52,26.05452347,23.05452347,7184.095703
14/11/2020 19:58:53,27.63492775,24.63492775,7574.66748
14/11/2020 19:58:54,27.23816109,24.23816109,7614.461914
14/11/2020 19:58:55,26.24747467,23.24747467,7485.364258
14/11/2020 19:58:56,25.25678635,22.25678635,7356.266602
14/11/2020 19:58:57,24.26609802,21.26609802,7227.168457
14/11/2020 19:58:58,23.27541161,20.27541161,7098.070801
14/11/2020 19:58:59,22.28472328,19.28472328,6611.509277
14/11/2020 19:59:00,21.29403687,18.29403687,5926.47998
14/11/2020 19:59:01,20.30334854,17.30334854,5241.450684
14/11/2020 19:59:02,19.31266022,16.31266022,4556.421875
14/11/2020 19:59:03,18.3219738,15.3219738,3871.392578
14/11/2020 19:59:04,17.59499931,14.59500027,3265.429443
14/11/2020 19:59:05,16.99500084,13.99499989,2720.340088
14/11/2020 19:59:06,16.39500046,13.39500046,2175.250732
14/11/2020 19:59:07,15.79500008,12.79500008,1630.161499
14/11/2020 19:59:08,15.19499969,12.19499969,1085.072266
14/11/2020 19:59:09,14.86585808,11.86585808,772.2383423
14/11/2020 19:59:10,14.66713047,11.66713047,638.22052
14/11/2020 19:59:11,14.46840191,11.46840191,504.2027588
14/11/2020 19:59:12,14.2696743,11.2696743,370.1849976
14/11/2020 19:59:13,14.07094574,11.07094574,236.1672058
14/11/2020 19:59:14,14.12662506,11.12662506,159.9693756
14/11/2020 19:59:15,14.32355213,11.32355213,131.2702637
14/11/2020 19:59:16,14.52048016,11.52048016,102.5711517
14/11/2020 19:59:17,14.71740818,11.71740818,73.87203979
14/11/2020 19:59:18,14.9143362,11.9143362,45.17292786
14/11/2020 19:59:19,14.88700008,11.88700008,28.41940117
14/11/2020 19:59:20,14.68700027,11.68700027,23.46896553
14/11/2020 19:59:21,14.48700047,11.48700047,18.5185318
14/11/2020 19:59:22,14.2869997,11.2869997,13.56809616
14/11/2020 19:59:23,14.08699989,11.08699989,8.617661476
14/11/2020 19:59:24,14.11263943,11,5.544205666
14/11/2020 19:59:25,14.31200123,11,4.578864098
14/11/2020 19:59:26,14.51136398,11,3.613523006
14/11/2020 19:59:27,14.71072578,11,2.648181677
14/11/2020 19:59:28,14.91008759,11,1.682840466
14/11/2020 19:59:29,15,11,1.145170808
14/11/2020 19:59:30,15,11,1.030071259
14/11/2020 19:59:31,15,11,0.91497159
14/11/2020 19:59:32,15,11,0.799872041
14/11/2020 19:59:33,15,11,0.684772432
14/11/2020 19:59:34,14.90003967,11,0.569672883
14/11/2020 19:59:35,14.70131207,11,0.454573303
14/11/2020 19:59:36,14.5025835,11,0.339473724
14/11/2020 19:59:37,14.30385494,11,0.22437413
14/11/2020 19:59:38,14.10512733,11,0.109274544
14/11/2020 19:59:39,14.09480667,11.09480667,0.047628824
14/11/2020 19:59:40,14.29609489,11.29609489,0.04601939
14/11/2020 19:59:41,14.49738312,11.49738312,0.044409953
14/11/2020 19:59:42,14.69867134,11.69867134,0.04280052
14/11/2020 19:59:43,14.89995956,11.89995956,0.041191082
14/11/2020 19:59:44,15,11.89939976,0.039581649
14/11/2020 19:59:45,15,11.69939995,0.037972216
14/11/2020 19:59:46,15,11.49940014,0.036362778
14/11/2020 19:59:47,15,11.29940033,0.034753345
14/11/2020 19:59:48,15,11.09939957,0.033143908
14/11/2020 19:59:49,15,11,0.031534474
14/11/2020 19:59:50,15,11,0.029925039
14/11/2020 19:59:51,15,11,0.028315604
14/11/2020 19:59:52,15,11,0.026706168
14/11/2020 19:59:53,15,11,0.025096733
14/11/2020 19:59:54,15,11,0.023487298
14/11/2020 19:59:55,15,11,0.021877863
14/11/2020 19:59:56,15,11,0.020268427
14/11/2020 19:59:57,15,11,0.018658994
14/11/2020 19:59:58,15,11,0.017049558
14/11/2020 19:59:59,14.91598988,11,0.015440123
14/11/2020 20:00:00,14.71785259,11,0.013830688
14/11/2020 20:00:01,14.51971436,11,0.012221253
14/11/2020 20:00:02,14.32157707,11,0.010611817
14/11/2020 20:00:03,14.12343979,11,0.009002383
14/11/2020 20:00:04,14.07564163,11.07564163,0.007392948
14/11/2020 20:00:05,14.27628422,11.27628422,0.005783512
14/11/2020 20:00:06,14.47692585,11.47692585,0.004174077
14/11/2020 20:00:07,14.67756844,11.67756844,0.002564642
14/11/2020 20:00:08,14.87821007,11.87821007,0.000955207
14/11/2020 20:00:09,15.39299965,12.39299965,313.4002991
14/11/2020 20:00:10,16.39299965,13.39299965,1081.53833
14/11/2020 20:00:11,17.39299965,14.39299965,1849.67627
14/11/2020 20:00:12,18.39299965,15.39299965,2617.814209
14/11/2020 20:00:13,19.39299965,16.39299965,3385.952148
14/11/2020 20:00:14,20.15719986,17.11807632,4015.589844
14/11/2020 20:00:15,20.55719948,17.4185276,4383.437988
14/11/2020 20:00:16,20.9571991,17.71897888,4751.286133
14/11/2020 20:00:17,21.35720062,18.01942825,5119.134277
14/11/2020 20:00:18,21.75720024,18.31987953,5486.982422
14/11/2020 20:00:19,22,18.62033081,5723.701172
14/11/2020 20:00:20,22,18.92078209,5770.153809
14/11/2020 20:00:21,22,19.22123146,5816.606445
14/11/2020 20:00:22,22,19.52168274,5863.05957
14/11/2020 20:00:23,22,19.82213402,5909.512207
14/11/2020 20:00:24,22.56420326,20.48360252,6100.142578
14/11/2020 20:00:25,23.94705582,21.66890526,6545.979004
14/11/2020 20:00:26,25.32990837,22.85420799,6991.815918
14/11/2020 20:00:27,26.71276093,24.03951073,7437.652344
14/11/2020 20:00:28,28.09561348,25.22481155,7883.489258
14/11/2020 20:00:29,29.77075768,26.70068932,8228.650391
14/11/2020 20:00:30,31.99838066,28.72579956,8407.442383
14/11/2020 20:00:31,34.22600174,30.75091171,8586.234375
14/11/2020 20:00:32,36.45362473,32.77602386,8765.026367
14/11/2020 20:00:33,38.68124771,34.8011322,8943.818359
14/11/2020 20:00:34,38.22151947,34.22151947,8774.479492
14/11/2020 20:00:35,33.86249161,29.86249352,8029.844727
14/11/2020 20:00:36,29.50346756,25.50346756,7285.210938
14/11/2020 20:00:37,25.1444416,21.1444416,6540.57666
14/11/2020 20:00:38,20.78541756,16.78541756,5795.942871
14/11/2020 20:00:39,17.78270531,13.85513687,5028.728027
14/11/2020 20:00:40,17.1807785,13.45385265,4218.831543
14/11/2020 20:00:41,16.5788517,13.05256844,3408.935059
14/11/2020 20:00:42,15.97692585,12.65128422,2599.038818
14/11/2020 20:00:43,15.375,12.25,1789.142334
14/11/2020 20:00:44,15,12,1189.676514
14/11/2020 20:00:45,15,12,987.9607544
14/11/2020 20:00:46,15,12,786.2451172
14/11/2020 20:00:47,15,12,584.5294189
14/11/2020 20:00:48,15,12,382.8137207
14/11/2020 20:00:49,15,11.92506504,245.7605133
14/11/2020 20:00:50,15,11.72629738,249.9762878
14/11/2020 20:00:51,15,11.52752972,254.1920624
14/11/2020 20:00:52,15,11.32876205,258.4078369
14/11/2020 20:00:53,15,11.12999439,262.6235962
14/11/2020 20:00:54,15.13840008,11.20759964,339.0823364
14/11/2020 20:00:55,15.5383997,11.80760002,573.3712158
14/11/2020 20:00:56,15.93840027,12.4076004,807.6600952
14/11/2020 20:00:57,16.33839989,13.00759983,1041.948975
14/11/2020 20:00:58,16.73839951,13.60760021,1276.237915
14/11/2020 20:00:59,16.96550941,13.96551037,1447.217041
14/11/2020 20:01:00,16.86582947,13.86582947,1479.882568
14/11/2020 20:01:01,16.76614761,13.76614857,1512.548096
14/11/2020 20:01:02,16.66646767,13.66646767,1545.213623
14/11/2020 20:01:03,16.56678581,13.56678581,1577.87915
14/11/2020 20:01:04,16.46710587,13.46710491,1604.975586
14/11/2020 20:01:05,16.36742401,13.36742401,1619.015503
14/11/2020 20:01:06,16.26774406,13.26774311,1633.055298
14/11/2020 20:01:07,16.16806221,13.16806221,1647.095093
14/11/2020 20:01:08,16.06838036,13.06838131,1661.13501
14/11/2020 20:01:09,16.12560081,13.12559986,1695.720825
14/11/2020 20:01:10,16.52560043,13.52560043,1782.361206
14/11/2020 20:01:11,16.92560005,13.92560005,1869.001587
14/11/2020 20:01:12,17.32559967,14.32559967,1955.641968
14/11/2020 20:01:13,17.72559929,14.72560024,2042.282349
14/11/2020 20:01:14,17.87477493,14.87477589,2086.709473
14/11/2020 20:01:15,17.47597122,14.47597218,2032.168579
14/11/2020 20:01:16,17.07716942,14.07716846,1977.627563
14/11/2020 20:01:17,16.67836571,13.67836475,1923.086548
14/11/2020 20:01:18,16.279562,13.27956104,1868.545532
14/11/2020 20:01:19,16.59609222,13.47687435,1974.71814
14/11/2020 20:01:20,18.58971214,15.07177067,2457.681152
14/11/2020 20:01:21,20.58333397,16.66666603,2940.644043
14/11/2020 20:01:22,22.57695389,18.26156235,3423.606934
14/11/2020 20:01:23,24.57057381,19.85645866,3906.569824
14/11/2020 20:01:24,25.71609116,20.77287292,4317.512207
14/11/2020 20:01:25,24.71288109,19.97030449,4513.540039
14/11/2020 20:01:26,23.70967102,19.16773605,4709.567383
14/11/2020 20:01:27,22.70646095,18.36516762,4905.595215
14/11/2020 20:01:28,21.70325089,17.56260109,5101.623047
14/11/2020 20:01:29,21.11902809,17.17939949,5318.888184
14/11/2020 20:01:30,21.51711845,17.77939987,5594.456543
14/11/2020 20:01:31,21.91520691,18.37940025,5870.025391
14/11/2020 20:01:32,22.31329536,18.97940063,6145.59375
14/11/2020 20:01:33,22.71138573,19.57939911,6421.162109
14/11/2020 20:01:34,23.10947418,20.02980423,6680.014648
14/11/2020 20:01:35,23.50756454,20.12948608,6888.986328
14/11/2020 20:01:36,23.905653,20.22916603,7097.95752
14/11/2020 20:01:37,24.30374146,20.32884789,7306.929199
14/11/2020 20:01:38,24.70183182,20.42852783,7515.900391
14/11/2020 20:01:39,25,20.52820969,7687.642578
14/11/2020 20:01:40,25,20.62789154,7715.006348
14/11/2020 20:01:41,25,20.72757149,7742.370117
14/11/2020 20:01:42,25,20.82725334,7769.734375
14/11/2020 20:01:43,25,20.92693329,7797.098145
14/11/2020 20:01:44,25.05323029,21,7814.394531
14/11/2020 20:01:45,25.25259209,21,7788.488281
14/11/2020 20:01:46,25.45195389,21,7762.58252
14/11/2020 20:01:47,25.65131569,21,7736.67627
14/11/2020 20:01:48,25.85067749,21,7710.770508
14/11/2020 20:01:49,25.80103111,20.9005146,7679.272949
14/11/2020 20:01:50,25.00832367,20.50416183,7608.992676
14/11/2020 20:01:51,24.21561623,20.10780907,7538.712402
14/11/2020 20:01:52,23.42290878,19.71145439,7468.432129
14/11/2020 20:01:53,22.63020134,19.31510162,7398.151855
14/11/2020 20:01:54,22.08135796,19.10169601,7344.455078
14/11/2020 20:01:55,22.47822189,19.59777832,7379.131836
14/11/2020 20:01:56,22.87508774,20.09385872,7413.808594
14/11/2020 20:01:57,23.27195168,20.58993912,7448.484863
14/11/2020 20:01:58,23.66881561,21.08601952,7483.161621
14/11/2020 20:01:59,24.06568146,21.58210182,7512.330078
14/11/2020 20:02:00,24.46254539,22.07818222,7503.289063
14/11/2020 20:02:01,24.85941124,22.57426262,7494.247559
14/11/2020 20:02:02,25.25627518,23.07034492,7485.206543
14/11/2020 20:02:03,25.65314102,23.56642532,7476.165527
14/11/2020 20:02:04,25.92391396,23.89855003,7452.505859
14/11/2020 20:02:05,25.32004738,23.09339714,7340.518555
14/11/2020 20:02:06,24.71618271,22.28824425,7228.53125
14/11/2020 20:02:07,24.11231804,21.48309135,7116.543457
14/11/2020 20:02:08,23.50845337,20.67793846,7004.556152
14/11/2020 20:02:09,23.06279755,20.06279755,6897.882813
14/11/2020 20:02:10,23.46025467,20.46025467,6841.831055
14/11/2020 20:02:11,23.85770988,20.85770988,6785.779785
14/11/2020 20:02:12,24.25516701,21.25516701,6729.728516
14/11/2020 20:02:13,24.65262413,21.65262413,6673.676758
14/11/2020 20:02:14,24.97487831,21.97487831,6629.318359
14/11/2020 20:02:15,24.77549553,21.77549553,6678.609375
14/11/2020 20:02:16,24.57611465,21.57611465,6727.899902
14/11/2020 20:02:17,24.37673187,21.37673187,6777.19043
14/11/2020 20:02:18,24.177351,21.177351,6826.481445
14/11/2020 20:02:19,23.97796822,20.97796822,6863.625488
14/11/2020 20:02:20,23.77858543,20.77858543,6802.492676
14/11/2020 20:02:21,23.57920456,20.57920456,6741.359863
14/11/2020 20:02:22,23.37982178,20.37982178,6680.227539
14/11/2020 20:02:23,23.1804409,20.1804409,6619.094727
14/11/2020 20:02:24,23.05718231,20.03812218,6559.471191
14/11/2020 20:02:25,23.65910912,20.43940544,6512.060547
14/11/2020 20:02:26,24.26103592,20.84069061,6464.649902
14/11/2020 20:02:27,24.86296082,21.24197388,6417.239258
14/11/2020 20:02:28,25.46488762,21.64325905,6369.828613
14/11/2020 20:02:29,25.88902283,21.88902283,6321.483887
14/11/2020 20:02:30,24.8892231,20.8892231,6262.253418
14/11/2020 20:02:31,23.88942146,19.88942146,6203.022949
14/11/2020 20:02:32,22.88962173,18.88962173,6143.79248
14/11/2020 20:02:33,21.88982201,17.88982201,6084.562012
14/11/2020 20:02:34,21.04400063,17.04400063,6033.130859
14/11/2020 20:02:35,21.44400024,17.44400024,6095.765625
14/11/2020 20:02:36,21.84399986,17.84399986,6158.400391
14/11/2020 20:02:37,22.24399948,18.24399948,6221.035645
14/11/2020 20:02:38,22.6439991,18.6439991,6283.67041
14/11/2020 20:02:39,22.93440628,18.95627022,6342.126953
14/11/2020 20:02:40,22.33810425,18.55873489,6338.436035
14/11/2020 20:02:41,21.74180031,18.16120148,6334.745117
14/11/2020 20:02:42,21.14549828,17.76366615,6331.054688
14/11/2020 20:02:43,20.54919434,17.36613083,6327.36377
14/11/2020 20:02:44,20,17.01577568,6317.657227
14/11/2020 20:02:45,20,17.21545601,6188.64209
14/11/2020 20:02:46,20,17.41513634,6059.626953
14/11/2020 20:02:47,20,17.61481667,5930.611816
14/11/2020 20:02:48,20,17.81449699,5801.59668
14/11/2020 20:02:49,20.03839302,18.01417732,5679.241211
14/11/2020 20:02:50,20.63827324,18.21385765,5688.962891
14/11/2020 20:02:51,21.23815155,18.41353798,5698.68457
14/11/2020 20:02:52,21.83803177,18.61321831,5708.406738
14/11/2020 20:02:53,22.43791199,18.81289864,5718.128418
14/11/2020 20:02:54,22.96646881,18.97483826,5729.247559
14/11/2020 20:02:55,22.43423653,18.57543755,5782.644043
14/11/2020 20:02:56,21.90200233,18.17603683,5836.040039
14/11/2020 20:02:57,21.36977005,17.77663422,5889.436523
14/11/2020 20:02:58,20.83753586,17.37723351,5942.83252
14/11/2020 20:02:59,20.30530167,16.97783279,5983.319336
14/11/2020 20:03:00,19.77306938,16.57843208,5633.293457
14/11/2020 20:03:01,19.24083519,16.17903137,5283.268066
14/11/2020 20:03:02,18.70860291,15.77963066,4933.242676
14/11/2020 20:03:03,18.17636871,15.38022995,4583.216797
14/11/2020 20:03:04,17.64413452,14.97129154,4232.993652
14/11/2020 20:03:05,17.11190224,14.37320614,3685.014404
14/11/2020 20:03:06,16.57966805,13.77511978,3137.0354
14/11/2020 20:03:07,16.04743576,13.17703342,2589.056396
14/11/2020 20:03:08,15.51520157,12.57894707,2041.077515
14/11/2020 20:03:09,14.99359989,11.99359989,1493.411133
14/11/2020 20:03:10,14.79360008,11.79360008,1258.032349
14/11/2020 20:03:11,14.59360027,11.59360027,1022.653687
14/11/2020 20:03:12,14.39360046,11.39360046,787.2749634
14/11/2020 20:03:13,14.1935997,11.1935997,551.8962402
14/11/2020 20:03:14,14.00636101,11.00636101,316.7018127
14/11/2020 20:03:15,14.20512867,11.20512867,265.6462708
14/11/2020 20:03:16,14.40389538,11.40389538,214.5906982
14/11/2020 20:03:17,14.60266304,11.60266304,163.5351563
14/11/2020 20:03:18,14.8014307,11.8014307,112.479599
14/11/2020 20:03:19,14.99979973,11.99979973,61.46526718
14/11/2020 20:03:20,14.79979992,11.79979992,51.63599396
14/11/2020 20:03:21,14.59980011,11.59980011,41.80672073
14/11/2020 20:03:22,14.3998003,11.3998003,31.97744751
14/11/2020 20:03:23,14.19979954,11.19979954,22.14817429
14/11/2020 20:03:24,14.00020027,11,12.32678223
14/11/2020 20:03:25,14.20020008,11,10.37825584
14/11/2020 20:03:26,14.40019989,11,8.429730415
14/11/2020 20:03:27,14.6001997,11,6.48120451
14/11/2020 20:03:28,14.80020046,11,4.532678604
14/11/2020 20:03:29,15,11.00020027,2.584152699
14/11/2020 20:03:30,15,11.20020008,17.51964569
14/11/2020 20:03:31,15,11.40019989,32.71225357
14/11/2020 20:03:32,15,11.6001997,47.90486526
14/11/2020 20:03:33,15,11.80020046,63.09747696
14/11/2020 20:03:34,15,12,78.29008484
14/11/2020 20:03:35,15,12,303.8830872
14/11/2020 20:03:36,15,12,539.6211548
14/11/2020 20:03:37,15,12,775.3592529
14/11/2020 20:03:38,15,12,1011.097351
14/11/2020 20:03:39,15.00398731,12.00378799,1246.835449
14/11/2020 20:03:40,18.9912281,15.79166698,2398.375977
14/11/2020 20:03:41,22.97846985,19.57954597,3610.449463
14/11/2020 20:03:42,26.96570969,23.36742401,4822.522949
14/11/2020 20:03:43,30.95295143,27.15530396,6034.596191
14/11/2020 20:03:44,34.94019318,30.94318199,7246.669922
14/11/2020 20:03:45,33.13725662,29.23529434,7408.555664
14/11/2020 20:03:46,31.24614334,27.44371414,7501.026367
14/11/2020 20:03:47,29.35503197,25.65213585,7593.49707
14/11/2020 20:03:48,27.46391869,23.86055565,7685.967773
14/11/2020 20:03:49,25.57280731,22.06897545,7778.438477
14/11/2020 20:03:50,23.68169594,20.27739716,6978.166504
14/11/2020 20:03:51,21.79058456,18.48581696,6102.369629
14/11/2020 20:03:52,19.89947319,16.69423676,5226.572266
14/11/2020 20:03:53,18.00835991,14.90265751,4350.775391
14/11/2020 20:03:54,16.11724854,13.11107826,3474.978516
14/11/2020 20:03:55,15.81269932,12.81269932,2931.935303
14/11/2020 20:03:56,15.61301899,12.61301899,2423.416504
14/11/2020 20:03:57,15.41333866,12.41333866,1914.897583
14/11/2020 20:03:58,15.21365833,12.21365833,1406.378662
14/11/2020 20:03:59,15.013978,12.013978,897.8596802
14/11/2020 20:04:00,14.81429672,11.81429672,718.2927856
14/11/2020 20:04:01,14.61461639,11.61461639,585.7191162
14/11/2020 20:04:02,14.41493607,11.41493607,453.1453857
14/11/2020 20:04:03,14.21525574,11.21525574,320.5716858
14/11/2020 20:04:04,14.01557541,11.01557541,187.9979706
14/11/2020 20:04:05,15.47049427,12.47049427,730.3340454
14/11/2020 20:04:06,17.06539154,14.06539059,1397.416504
14/11/2020 20:04:07,18.66028786,15.6602869,2064.499023
14/11/2020 20:04:08,20.25518417,17.25518417,2731.581543
14/11/2020 20:04:09,21.85008049,18.85008049,3398.663818
14/11/2020 20:04:10,21.63983345,18.63983345,3737.098633
14/11/2020 20:04:11,21.24229813,18.24229813,4014.788086
14/11/2020 20:04:12,20.8447628,17.8447628,4292.477539
14/11/2020 20:04:13,20.44722748,17.44722748,4570.166992
14/11/2020 20:04:14,20.04969215,17.04969215,4847.856445
14/11/2020 20:04:15,20,16.82607841,4798.168945
14/11/2020 20:04:16,20,16.6273098,4673.181152
14/11/2020 20:04:17,20,16.42854309,4548.193359
14/11/2020 20:04:18,20,16.22977448,4423.205566
14/11/2020 20:04:19,20,16.03100777,4298.218262
14/11/2020 20:04:20,21.35040092,17.51919937,4663.459961
14/11/2020 20:04:21,22.9503994,19.31920052,5166.166992
14/11/2020 20:04:22,24.55039978,21.11919975,5668.874023
14/11/2020 20:04:23,26.15040016,22.9192009,6171.581055
14/11/2020 20:04:24,27.75040054,24.71920013,6674.288086
14/11/2020 20:04:25,28.16775894,25,7008.093262
14/11/2020 20:04:26,28.36652756,25,7290.302246
14/11/2020 20:04:27,28.56529427,25,7572.51123
14/11/2020 20:04:28,28.76406288,25,7854.720215
14/11/2020 20:04:29,28.96282959,25,8136.928711
14/11/2020 20:04:30,29.48469734,25.48469734,8236.243164
14/11/2020 20:04:31,30.08088303,26.08088303,8279.685547
14/11/2020 20:04:32,30.6770668,26.6770668,8323.128906
14/11/2020 20:04:33,31.27325058,27.27325058,8366.571289
14/11/2020 20:04:34,31.86943626,27.86943626,8410.013672
14/11/2020 20:04:35,31.06560326,27.22133636,8333.640625
14/11/2020 20:04:36,29.86919212,26.22432709,8220.666016
14/11/2020 20:04:37,28.67278099,25.22731781,8107.690918
14/11/2020 20:04:38,27.47637177,24.23030853,7994.716309
14/11/2020 20:04:39,26.27996063,23.23329926,7881.741211
14/11/2020 20:04:40,24.62120056,21.62120056,7326.098633
14/11/2020 20:04:41,22.82119942,19.82119942,6622.900391
14/11/2020 20:04:42,21.02120018,18.02120018,5919.70166
14/11/2020 20:04:43,19.22120094,16.22120094,5216.503418
14/11/2020 20:04:44,17.4211998,14.4211998,4513.304688
14/11/2020 20:04:45,16.6935997,13.6935997,3862.282471
14/11/2020 20:04:46,16.29360008,13.29360008,3230.168945
14/11/2020 20:04:47,15.89360046,12.89360046,2598.055176
14/11/2020 20:04:48,15.49359989,12.49359989,1965.941528
14/11/2020 20:04:49,15.09360027,12.09360027,1333.827881
14/11/2020 20:04:50,16.22169113,13.22169018,1736.233398
14/11/2020 20:04:51,17.81658745,14.81658649,2513.546387
14/11/2020 20:04:52,19.41148376,16.41148376,3290.859375
14/11/2020 20:04:53,21.00638008,18.00638008,4068.172363
14/11/2020 20:04:54,22.6012764,19.6012764,4845.485352
14/11/2020 20:04:55,23.5980854,20.5980854,5185.356445
14/11/2020 20:04:56,24.39553452,21.39553452,5340.419434
14/11/2020 20:04:57,25.19298172,22.19298172,5495.481934
14/11/2020 20:04:58,25.99043083,22.99043083,5650.544922
14/11/2020 20:04:59,26.78787804,23.78787804,5805.60791
14/11/2020 20:05:00,26.70639992,23.52363777,6153.038086
14/11/2020 20:05:01,26.3064003,22.87464523,6581.738281
14/11/2020 20:05:02,25.90640068,22.22565079,7010.438965
14/11/2020 20:05:03,25.50639915,21.57665634,7439.13916
14/11/2020 20:05:04,25.10639954,20.9276619,7867.839355
14/11/2020 20:05:05,24.48778725,20.27866745,7458.264648
14/11/2020 20:05:06,23.78995132,19.62967491,6694.539551
14/11/2020 20:05:07,23.09211349,18.98068047,5930.814453
14/11/2020 20:05:08,22.39427757,18.33168602,5167.088867
14/11/2020 20:05:09,21.69644165,17.68269157,4403.36377
14/11/2020 20:05:10,20.99860382,17.03369713,3727.688965
14/11/2020 20:05:11,20.3007679,16.38470459,3094.991455
14/11/2020 20:05:12,19.60293007,15.73570919,2462.293701
14/11/2020 20:05:13,18.90509415,15.0867157,1829.596069
14/11/2020 20:05:14,18.20725822,14.43772125,1196.898438
14/11/2020 20:05:15,17.57819939,13.78872776,1090.842896
14/11/2020 20:05:16,16.97820091,13.13973331,1241.838745
14/11/2020 20:05:17,16.37820053,12.49073982,1392.834595
14/11/2020 20:05:18,15.77820015,11.84174538,1543.830566
14/11/2020 20:05:19,15.17819977,11.19275093,1694.826416
14/11/2020 20:05:20,15.79588413,11.97813511,2118.553467
14/11/2020 20:05:21,16.92801094,13.36950874,2666.538086
14/11/2020 20:05:22,18.0601368,14.76088238,3214.522705
14/11/2020 20:05:23,19.19226074,16.15225601,3762.507324
14/11/2020 20:05:24,20.3243866,17.54362869,4310.491699
14/11/2020 20:05:25,21.45651245,18.67300987,4540.44043
14/11/2020 20:05:26,22.58863831,19.67451096,4603.614258
14/11/2020 20:05:27,23.72076416,20.67601395,4666.787598
14/11/2020 20:05:28,24.85289001,21.67751694,4729.961426
14/11/2020 20:05:29,25.98501587,22.67901802,4793.134766
14/11/2020 20:05:30,27.11714172,23.68052101,4705.004883
14/11/2020 20:05:31,28.24926758,24.68202209,4525.70459
14/11/2020 20:05:32,29.38139343,25.68352509,4346.404297
14/11/2020 20:05:33,30.51351929,26.68502808,4167.103516
14/11/2020 20:05:34,31.64564514,27.68652916,3987.803467
14/11/2020 20:05:35,27.63029289,24.17650604,3739.327393
14/11/2020 20:05:36,21.26972771,18.61101151,3440.345947
14/11/2020 20:05:37,14.90916348,13.04551792,3141.364258
14/11/2020 20:05:38,8.548598289,7.480023861,2842.382813
14/11/2020 20:05:39,2.188034296,1.91452992,2543.401367
14/11/2020 20:05:40,0,0,2211.981934
14/11/2020 20:05:41,0,0,1858.299438
14/11/2020 20:05:42,0,0,1504.616943
14/11/2020 20:05:43,0,0,1150.934326
14/11/2020 20:05:44,0,0,797.251709
14/11/2020 20:05:45,0,0,573.7867432
14/11/2020 20:05:46,0,0,445.3940735
14/11/2020 20:05:47,0,0,317.0014343
14/11/2020 20:05:48,0,0,188.6087952
14/11/2020 20:05:49,0,0,60.21615219
14/11/2020 20:05:50,0,0,0
14/11/2020 20:05:51,0,0,0
14/11/2020 20:05:52,0,0,0
14/11/2020 20:05:53,0,0,0
14/11/2020 20:05:54,0,0,0
14/11/2020 20:05:55,0,0,0
14/11/2020 20:05:56,0,0,0
14/11/2020 20:05:57,0,0,0
14/11/2020 20:05:58,0,0,0
14/11/2020 20:05:59,0,0,0
14/11/2020 20:06:00,0,0,0
14/11/2020 20:06:01,0,0,0
14/11/2020 20:06:02,0,0,0
14/11/2020 20:06:03,0,0,0
14/11/2020 20:06:04,0,0,0
14/11/2020 20:06:05,0,0,0
14/11/2020 20:06:06,0,0,0
14/11/2020 20:06:07,0,0,0
14/11/2020 20:06:08,0,0,0
14/11/2020 20:06:09,0,0,0
14/11/2020 20:06:10,0,0,0
14/11/2020 20:06:11,0,0,0
14/11/2020 20:06:12,0,0,0
14/11/2020 20:06:13,0,0,0
14/11/2020 20:06:14,0,0,0
14/11/2020 20:06:15,0,0,0
14/11/2020 20:06:16,0,0,0
14/11/2020 20:06:17,0,0,0
14/11/2020 20:06:18,0,0,0
14/11/2020 20:06:19,0,0,0
14/11/2020 20:06:20,0,0,0
14/11/2020 20:06:21,0,0,0
14/11/2020 20:06:22,0,0,0
14/11/2020 20:06:23,0,0,0
14/11/2020 20:06:24,0,0,0
14/11/2020 20:06:25,0,0,0
14/11/2020 20:06:26,0,0,0
14/11/2020 20:06:27,0,0,0
14/11/2020 20:06:28,0,0,0
14/11/2020 20:06:29,0,0,0
14/11/2020 20:06:30,0,0,0
14/11/2020 20:06:31,0,0,0
14/11/2020 20:06:32,0,0,0
14/11/2020 20:06:33,0,0,0
14/11/2020 20:06:34,0,0,0
14/11/2020 20:06:35,0,0,0
14/11/2020 20:06:36,0,0,0
14/11/2020 20:06:37,0,0,0
14/11/2020 20:06:38,0,0,0
14/11/2020 20:06:39,0,0,0
14/11/2020 20:06:40,0,0,0
14/11/2020 20:06:41,0,0,0
14/11/2020 20:06:42,0,0,0
14/11/2020 20:06:43,0,0,0
14/11/2020 20:06:44,0,0,0
14/11/2020 20:06:45,0,0,0
14/11/2020 20:06:46,0,0,0
14/11/2020 20:06:47,0,0,0
14/11/2020 20:06:48,0,0,0
14/11/2020 20:06:49,0,0,0
14/11/2020 20:06:50,0,0,0
14/11/2020 20:06:51,0,0,0
14/11/2020 20:06:52,0,0,0
14/11/2020 20:06:53,0,0,0
14/11/2020 20:06:54,0,0,0
14/11/2020 20:06:55,0,0,0
14/11/2020 20:06:56,0,0,0
14/11/2020 20:06:57,0,0,0
14/11/2020 20:06:58,0,0,0
14/11/2020 20:06:59,0,0,0
14/11/2020 20:07:00,0,0,0
14/11/2020 20:07:01,0,0,0
14/11/2020 20:07:02,0,0,0
14/11/2020 20:07:03,0,0,0
14/11/2020 20:07:04,0,0,0
14/11/2020 20:07:05,0,0,0
14/11/2020 20:07:06,0,0,0
14/11/2020 20:07:07,0,0,0
14/11/2020 20:07:08,0,0,0
14/11/2020 20:07:09,0,0,0
14/11/2020 20:07:10,0,0,0
14/11/2020 20:07:11,0,0,0
14/11/2020 20:07:12,0,0,0
14/11/2020 20:07:13,0,0,0
14/11/2020 20:07:14,0,0,0
14/11/2020 20:07:15,0,0,0
14/11/2020 20:07:16,0,0,0
14/11/2020 20:07:17,0,0,0
14/11/2020 20:07:18,0,0,0
14/11/2020 20:07:19,0,0,0
14/11/2020 20:07:20,0,0,0
14/11/2020 20:07:21,0,0,0
14/11/2020 20:07:22,0,0,0
14/11/2020 20:07:23,0,0,0
14/11/2020 20:07:24,0,0,0
14/11/2020 20:07:25,0,0,0
14/11/2020 20:07:26,0,0,0
14/11/2020 20:07:27,0,0,0
14/11/2020 20:07:28,0,0,0
14/11/2020 20:07:29,0,0,0
14/11/2020 20:07:30,0,0,0
14/11/2020 20:07:31,0,0,0
14/11/2020 20:07:32,0,0,0
14/11/2020 20:07:33,0,0,0
14/11/2020 20:07:34,0,0,0
14/11/2020 20:07:35,0,0,0
14/11/2020 20:07:36,0,0,0
14/11/2020 20:07:37,0,0,0
14/11/2020 20:07:38,0,0,0
14/11/2020 20:07:39,0,0,0
14/11/2020 20:07:40,0,0,15.89306831
14/11/2020 20:07:41,0,0,101.3396759
14/11/2020 20:07:42,0,0,186.7862854
14/11/2020 20:07:43,0,0,272.2328796
14/11/2020 20:07:44,0,0,357.6795044
14/11/2020 20:07:45,0,0,541.6641846
14/11/2020 20:07:46,0,0,1050.021118
14/11/2020 20:07:47,0,0,1558.378052
14/11/2020 20:07:48,0,0,2066.735107
14/11/2020 20:07:49,0,0,2575.092041
14/11/2020 20:07:50,0,0,2873.883545
14/11/2020 20:07:51,0,0,2416.501221
14/11/2020 20:07:52,0,0,1959.119141
14/11/2020 20:07:53,0,0,1501.736816
14/11/2020 20:07:54,0,0,1044.354614
14/11/2020 20:07:55,0,0,662.1849365
14/11/2020 20:07:56,0,0,551.4039917
14/11/2020 20:07:57,0,0,440.6230774
14/11/2020 20:07:58,0,0,329.8421631
14/11/2020 20:07:59,0,0,219.061264
14/11/2020 20:08:00,0,0,124.9874649
14/11/2020 20:08:01,0,0,104.0297165
14/11/2020 20:08:02,0,0,83.07197571
14/11/2020 20:08:03,0,0,62.11422729
14/11/2020 20:08:04,0,0,41.1564827
14/11/2020 20:08:05,0,0,23.33484268
14/11/2020 20:08:06,0,0,22.74141693
14/11/2020 20:08:07,0,0,22.14799118
14/11/2020 20:08:08,0,0,21.55456543
14/11/2020 20:08:09,0,0,20.96113968
14/11/2020 20:08:10,5.219041824,0,181.5371399
14/11/2020 20:08:11,29.26992607,0,1047.446045
14/11/2020 20:08:12,53.32081223,0,1913.354858
14/11/2020 20:08:13,77.37169647,0,2779.263672
14/11/2020 20:08:14,101.4225769,0,3645.172607
14/11/2020 20:08:15,117.0818787,0.443561196,4344.30957
14/11/2020 20:08:16,96.01669312,2.828298807,3854.348633
14/11/2020 20:08:17,74.95150757,5.213036537,3364.387939
14/11/2020 20:08:18,53.88632584,7.597774029,2874.427002
14/11/2020 20:08:19,32.8211441,9.98251152,2384.466064
14/11/2020 20:08:20,15,12,1911.704102
14/11/2020 20:08:21,15,12,1608.687134
14/11/2020 20:08:22,15,12,1305.670166
14/11/2020 20:08:23,15,12,1002.653137
14/11/2020 20:08:24,15,12,699.6361694
14/11/2020 20:08:25,15,11.96326256,407.3125916
14/11/2020 20:08:26,15,11.76575184,341.9260254
14/11/2020 20:08:27,15,11.56824017,276.5394287
14/11/2020 20:08:28,15,11.37072849,211.1528778
14/11/2020 20:08:29,15,11.17321777,145.7663116
14/11/2020 20:08:30,15,11.02440929,83.00743103
14/11/2020 20:08:31,15,11.22286129,108.2310944
14/11/2020 20:08:32,15,11.42131329,133.4547577
14/11/2020 20:08:33,15,11.61976624,158.6784058
14/11/2020 20:08:34,15,11.81821823,183.9020691
14/11/2020 20:08:35,15.03645706,12.01667023,209.1257324
14/11/2020 20:08:36,15.43273258,12.21512222,695.2423706
14/11/2020 20:08:37,15.82900715,12.41357422,1189.807129
14/11/2020 20:08:38,16.22528267,12.61202621,1684.371948
14/11/2020 20:08:39,16.62155724,12.81047821,2178.936768
14/11/2020 20:08:40,16.99102783,13,2673.501465
14/11/2020 20:08:41,16.79166603,13,2677.103027
14/11/2020 20:08:42,16.59230423,13,2638.012451
14/11/2020 20:08:43,16.39294243,13,2598.921631
14/11/2020 20:08:44,16.19358063,13,2559.830811
14/11/2020 20:08:45,16.06895256,13.05171394,2520.73999
14/11/2020 20:08:46,18.44660187,14.8349514,3220.919678
14/11/2020 20:08:47,20.82425117,16.61818886,4013.404297
14/11/2020 20:08:48,23.20190239,18.40142632,4805.88916
14/11/2020 20:08:49,25.5795517,20.18466377,5598.373535
14/11/2020 20:08:50,27.95720291,21.96790123,6390.858398
14/11/2020 20:08:51,27.41801643,22,6657.324219
14/11/2020 20:08:52,26.82536507,22,6812.982422
14/11/2020 20:08:53,26.2327137,22,6968.640625
14/11/2020 20:08:54,25.64006233,22,7124.298828
14/11/2020 20:08:55,25.04741287,22,7279.957031
14/11/2020 20:08:56,23.17133713,20.17133713,6533.701172
14/11/2020 20:08:57,21.18366051,18.18366051,5554.875488
14/11/2020 20:08:58,19.19598579,16.19598579,4576.050293
14/11/2020 20:08:59,17.20830917,14.20830822,3597.224609
14/11/2020 20:09:00,15.22063255,12.22063255,2618.39917
14/11/2020 20:09:01,15,11.82441235,2189.072754
14/11/2020 20:09:02,15,11.62690067,1960.929199
14/11/2020 20:09:03,15,11.42938995,1732.785522
14/11/2020 20:09:04,15,11.23187828,1504.641846
14/11/2020 20:09:05,15,11.03436661,1276.498169
14/11/2020 20:09:06,15,11.16418171,1147.829346
14/11/2020 20:09:07,15,11.36294937,1055.580322
14/11/2020 20:09:08,15,11.56171703,963.3311768
14/11/2020 20:09:09,15,11.7604847,871.0820923
14/11/2020 20:09:10,15,11.95925236,778.8329468
14/11/2020 20:09:11,15,12,702.3041992
14/11/2020 20:09:12,15,12,633.5532837
14/11/2020 20:09:13,15,12,564.8023682
14/11/2020 20:09:14,15,12,496.0514832
14/11/2020 20:09:15,15,12,427.3005676
14/11/2020 20:09:16,14.85359955,11.85359955,367.4596252
14/11/2020 20:09:17,14.65359974,11.65359974,312.332489
14/11/2020 20:09:18,14.45359993,11.45359993,257.2053528
14/11/2020 20:09:19,14.25360012,11.25360012,202.0782318
14/11/2020 20:09:20,14.05360031,11.05360031,146.9511108
14/11/2020 20:09:21,14.07263374,11.14457798,113.0876617
14/11/2020 20:09:22,14.17185974,11.34208965,92.99131012
14/11/2020 20:09:23,14.27108574,11.53960133,72.8949585
14/11/2020 20:09:24,14.37031174,11.73711205,52.79861069
14/11/2020 20:09:25,14.46953773,11.93462372,32.70225906
14/11/2020 20:09:26,14.56876373,11.86660004,22.51930809
14/11/2020 20:09:27,14.66798973,11.66719818,18.3353157
14/11/2020 20:09:28,14.76721573,11.46779633,14.15132427
14/11/2020 20:09:29,14.86644173,11.26839447,9.96733284
14/11/2020 20:09:30,14.96566772,11.06899261,5.783340931
14/11/2020 20:09:31,14.87041759,11,3.743138552
14/11/2020 20:09:32,14.67228031,11,3.090924978
14/11/2020 20:09:33,14.47414303,11,2.438711405
14/11/2020 20:09:34,14.27600574,11,1.786497593
14/11/2020 20:09:35,14.07786846,11,1.1342839
14/11/2020 20:09:36,14.12178993,11.12178993,75.97384644
14/11/2020 20:09:37,14.32243156,11.32243156,206.3837433
14/11/2020 20:09:38,14.52307415,11.52307415,336.7936401
14/11/2020 20:09:39,14.72371578,11.72371578,467.2035217
14/11/2020 20:09:40,14.92435837,11.92435837,597.6134033
14/11/2020 20:09:41,14.87579727,11.87579727,657.8516846
14/11/2020 20:09:42,14.67643547,11.67643547,666.4358521
14/11/2020 20:09:43,14.47707367,11.47707367,675.0199585
14/11/2020 20:09:44,14.27771091,11.27771091,683.604126
14/11/2020 20:09:45,14.07834911,11.07834911,692.1882324
14/11/2020 20:09:46,14.60326004,11.48260784,857.5350952
14/11/2020 20:09:47,15.59709835,12.27767849,1131.369141
14/11/2020 20:09:48,16.59093666,13.07274914,1405.203125
14/11/2020 20:09:49,17.58477402,13.86781979,1679.037231
14/11/2020 20:09:50,18.57861328,14.66289043,1952.871216
14/11/2020 20:09:51,18.88479996,14.88479996,2231.162598
14/11/2020 20:09:52,18.68479919,14.68480015,2512.748535
14/11/2020 20:09:53,18.48480034,14.48480034,2794.334717
14/11/2020 20:09:54,18.28479958,14.28479958,3075.920654
14/11/2020 20:09:55,18.08480072,14.08479977,3357.506592
14/11/2020 20:09:56,17.65336037,13.76890659,3283.60376
14/11/2020 20:09:57,17.05155373,13.36770344,2893.188232
14/11/2020 20:09:58,16.44974899,12.96649933,2502.772705
14/11/2020 20:09:59,15.84794426,12.56529617,2112.357178
14/11/2020 20:10:00,15.24613857,12.16409206,1721.941772
14/11/2020 20:10:01,15,12,1474.549316
14/11/2020 20:10:02,15,12,1362.930908
14/11/2020 20:10:03,15,12,1251.312622
14/11/2020 20:10:04,15,12,1139.694336
14/11/2020 20:10:05,15,12,1028.07605
14/11/2020 20:10:06,15.11429119,11.88604832,1010.464233
14/11/2020 20:10:07,15.31305885,11.68787193,1093.880249
14/11/2020 20:10:08,15.51182652,11.4896946,1177.296143
14/11/2020 20:10:09,15.71059418,11.29151821,1260.712158
14/11/2020 20:10:10,15.90936184,11.09334087,1344.128052
14/11/2020 20:10:11,16.1081295,11.4218502,1460.074463
14/11/2020 20:10:12,16.30689812,12.21929836,1610.980835
14/11/2020 20:10:13,16.50566483,13.01674652,1761.887329
14/11/2020 20:10:14,16.70443344,13.81419468,1912.793823
14/11/2020 20:10:15,16.90320015,14.61164284,2063.700195
14/11/2020 20:10:16,16.79606438,14.69409657,2103.550293
14/11/2020 20:10:17,16.39852905,14.09779358,2037.9729
14/11/2020 20:10:18,16.00099373,13.50149059,1972.395508
14/11/2020 20:10:19,15.6034584,12.90518761,1906.817993
14/11/2020 20:10:20,15.20592308,12.30888462,1841.240601
14/11/2020 20:10:21,15,12,1731.372192
14/11/2020 20:10:22,15,12,1576.678101
14/11/2020 20:10:23,15,12,1421.984131
14/11/2020 20:10:24,15,12,1267.290039
14/11/2020 20:10:25,15,12,1112.596069
14/11/2020 20:10:26,15,12,1025.153442
14/11/2020 20:10:27,15,12,1005.774109
14/11/2020 20:10:28,15,12,986.3948364
14/11/2020 20:10:29,15,12,967.015564
14/11/2020 20:10:30,15,12,947.6362915
14/11/2020 20:10:31,15,12,940.7581787
14/11/2020 20:10:32,15,12,945.7476807
14/11/2020 20:10:33,15,12,950.7371216
14/11/2020 20:10:34,15,12,955.7266235
14/11/2020 20:10:35,15,12,960.7160645
14/11/2020 20:10:36,15.09939957,12.09939957,1029.107544
14/11/2020 20:10:37,15.29940033,12.29940033,1180.184814
14/11/2020 20:10:38,15.49940014,12.49940014,1331.261963
14/11/2020 20:10:39,15.69939995,12.69939995,1482.339111
14/11/2020 20:10:40,15.89939976,12.89939976,1633.41626
14/11/2020 20:10:41,15.90028095,12.90028095,1657.427979
14/11/2020 20:10:42,15.69963932,12.69963932,1552.84021
14/11/2020 20:10:43,15.49899673,12.49899673,1448.252441
14/11/2020 20:10:44,15.2983551,12.2983551,1343.664673
14/11/2020 20:10:45,15.09771252,12.09771252,1239.076904
14/11/2020 20:10:46,15,12,1185.785278
14/11/2020 20:10:47,15,12,1191.275024
14/11/2020 20:10:48,15,12,1196.764893
14/11/2020 20:10:49,15,12,1202.254639
14/11/2020 20:10:50,15,12,1207.744385
14/11/2020 20:10:51,15.17581558,12.17581558,1263.681396
14/11/2020 20:10:52,15.58091927,12.58091927,1389.570313
14/11/2020 20:10:53,15.9860239,12.9860239,1515.459229
14/11/2020 20:10:54,16.39112854,13.39112854,1641.348022
14/11/2020 20:10:55,16.79623222,13.79623222,1767.236938
14/11/2020 20:10:56,16.80242538,13.90121269,1848.444458
14/11/2020 20:10:57,16.40489006,13.70244503,1843.302979
14/11/2020 20:10:58,16.00735474,13.50367737,1838.161499
14/11/2020 20:10:59,15.60981941,13.30490971,1833.02002
14/11/2020 20:11:00,15.21228409,13.10614204,1827.87854
14/11/2020 20:11:01,16.10798454,13.738657,2144.696289
14/11/2020 20:11:02,18.48563576,15.32375622,2938.461182
14/11/2020 20:11:03,20.86328506,16.90885735,3732.226074
14/11/2020 20:11:04,23.24093437,18.49395752,4525.991211
14/11/2020 20:11:05,25.61858559,20.07905769,5319.755859
14/11/2020 20:11:06,26.33989716,20.62350273,5783.317871
14/11/2020 20:11:07,24.76447487,19.72493935,5689.440918
14/11/2020 20:11:08,23.18905067,18.82637787,5595.563965
14/11/2020 20:11:09,21.61362648,17.92781639,5501.687012
14/11/2020 20:11:10,20.03820419,17.02925301,5407.810547
14/11/2020 20:11:11,18.72377396,16.13069153,5136.754883
14/11/2020 20:11:12,17.91373062,15.23212814,4521.765137
14/11/2020 20:11:13,17.10368538,14.33356667,3906.775391
14/11/2020 20:11:14,16.29364204,13.43500423,3291.7854
14/11/2020 20:11:15,15.4835968,12.5364418,2676.795654
14/11/2020 20:11:16,15,12,2154.285645
14/11/2020 20:11:17,15,12,1811.295288
14/11/2020 20:11:18,15,12,1468.304932
14/11/2020 20:11:19,15,12,1125.314575
14/11/2020 20:11:20,15,12,782.3242798
14/11/2020 20:11:21,14.92607307,11.92607307,533.6125488
14/11/2020 20:11:22,14.72734547,11.72734547,480.7103271
14/11/2020 20:11:23,14.52861691,11.52861691,427.8081055
14/11/2020 20:11:24,14.32988834,11.32988834,374.9058838
14/11/2020 20:11:25,14.13116074,11.13116074,322.0036621
14/11/2020 20:11:26,14.13599968,11.20400047,341.3739624
14/11/2020 20:11:27,14.53600025,11.8039999,522.3634644
14/11/2020 20:11:28,14.93599987,12.40400028,703.3529663
14/11/2020 20:11:29,15.33600044,13.00399971,884.3424683
14/11/2020 20:11:30,15.73600006,13.60400009,1065.332031
14/11/2020 20:11:31,16.61017036,14.40677929,1410.317139
14/11/2020 20:11:32,18.40478516,15.60319042,2255.256592
14/11/2020 20:11:33,20.19940186,16.7996006,3100.195801
14/11/2020 20:11:34,21.99401855,17.99601173,3945.135254
14/11/2020 20:11:35,23.78863335,19.19242287,4790.074707
14/11/2020 20:11:36,25.12958527,20.25917053,5554.645996
14/11/2020 20:11:37,25.52830887,21.05661964,5995.725098
14/11/2020 20:11:38,25.92703438,21.85406685,6436.804199
14/11/2020 20:11:39,26.32575798,22.65151596,6877.883301
14/11/2020 20:11:40,26.72448158,23.44896317,7318.962891
14/11/2020 20:11:41,27.24417305,24.12208557,7684.996582
14/11/2020 20:11:42,28.03437424,24.51718712,7718.219727
14/11/2020 20:11:43,28.82457542,24.91228676,7751.442871
14/11/2020 20:11:44,29.61477661,25.30738831,7784.666016
14/11/2020 20:11:45,30.4049778,25.70248985,7817.889648
14/11/2020 20:11:46,30.26604652,25.36390686,7734.521484
14/11/2020 20:11:47,27.29457283,22.78862953,6804.178711
14/11/2020 20:11:48,24.32309914,20.2133522,5873.835938
14/11/2020 20:11:49,21.35162354,17.63807487,4943.493164
14/11/2020 20:11:50,18.38014984,15.06279755,4013.150635
14/11/2020 20:11:51,15.96031952,12.96031952,3156.025391
14/11/2020 20:11:52,15.76091766,12.76091766,2704.22876
14/11/2020 20:11:53,15.56151581,12.56151581,2252.432129
14/11/2020 20:11:54,15.36211395,12.36211395,1800.635376
14/11/2020 20:11:55,15.1627121,12.1627121,1348.838623
14/11/2020 20:11:56,14.45486832,11.56389523,942.7538452
14/11/2020 20:11:57,11.49219799,9.193758965,789.727356
14/11/2020 20:11:58,8.529527664,6.823622227,636.7009277
14/11/2020 20:11:59,5.566857815,4.453485966,483.6744995
14/11/2020 20:12:00,2.60418725,2.083349705,330.6480713
14/11/2020 20:12:01,0,0,186.6773987
14/11/2020 20:12:02,0,0,156.0261841
14/11/2020 20:12:03,0,0,125.3749847
14/11/2020 20:12:04,0,0,94.72377777
14/11/2020 20:12:05,0,0,64.0725708
14/11/2020 20:12:06,0,0,36.04398346
14/11/2020 20:12:07,0,0,30.13447762
14/11/2020 20:12:08,0,0,24.22497368
14/11/2020 20:12:09,0,0,18.31546783
14/11/2020 20:12:10,0,0,12.40596294
14/11/2020 20:12:11,0,0,6.998209476
14/11/2020 20:12:12,0,0,5.867289066
14/11/2020 20:12:13,0,0,4.736368179
14/11/2020 20:12:14,0,0,3.605447531
14/11/2020 20:12:15,0,0,2.474526644
14/11/2020 20:12:16,0,0,1.417143226
14/11/2020 20:12:17,0,0,1.279969215
14/11/2020 20:12:18,0,0,1.142795086
14/11/2020 20:12:19,0,0,1.005621076
14/11/2020 20:12:20,0,0,0.868447006
14/11/2020 20:12:21,0,0,0.731272936
14/11/2020 20:12:22,0,0,0.594098866
14/11/2020 20:12:23,0,0,0.456924796
14/11/2020 20:12:24,0,0,0.319750756
14/11/2020 20:12:25,0,0,0.182576686
14/11/2020 20:12:26,0,0,0.055522006
14/11/2020 20:12:27,0,0,0.055096414
14/11/2020 20:12:28,0,0,0.054670818
14/11/2020 20:12:29,0,0,0.054245226
14/11/2020 20:12:30,0,0,0.053819634
14/11/2020 20:12:31,0,0,0.053394042
14/11/2020 20:12:32,0,0,0.052968446
14/11/2020 20:12:33,0,0,0.052542854
14/11/2020 20:12:34,0,0,0.052117262
14/11/2020 20:12:35,0,0,0.05169167
14/11/2020 20:12:36,0,0,0.051266078
14/11/2020 20:12:37,0,0,0.050840482
14/11/2020 20:12:38,0,0,0.05041489
14/11/2020 20:12:39,0,0,0.049989298
14/11/2020 20:12:40,0,0,0.049563706
14/11/2020 20:12:41,0,0,0.04913811
14/11/2020 20:12:42,0,0,0.048712518
14/11/2020 20:12:43,0,0,0.048286926
14/11/2020 20:12:44,0,0,0.047861334
14/11/2020 20:12:45,0,0,0.047435738
14/11/2020 20:12:46,0,0,0.047010146
14/11/2020 20:12:47,0,0,0.046584554
14/11/2020 20:12:48,0,0,0.046158962
14/11/2020 20:12:49,0,0,0.045733366
14/11/2020 20:12:50,0,0,0.045307774
14/11/2020 20:12:51,0,0,0.044882182
14/11/2020 20:12:52,0,0,0.04445659
14/11/2020 20:12:53,0,0,0.044030994
14/11/2020 20:12:54,0,0,0.043605402
14/11/2020 20:12:55,0,0,0.04317981
14/11/2020 20:12:56,0,0,0.042754218
14/11/2020 20:12:57,0,0,0.042328626
14/11/2020 20:12:58,0,0,0.04190303
14/11/2020 20:12:59,0,0,0.041477438
14/11/2020 20:13:00,0,0,0.041051846
14/11/2020 20:13:01,0,0,0.040626254
14/11/2020 20:13:02,0,0,0.040200658
14/11/2020 20:13:03,0,0,0.039775066
14/11/2020 20:13:04,0,0,0.039349474
14/11/2020 20:13:05,0,0,0.038923882
14/11/2020 20:13:06,0,0,0.038498286
14/11/2020 20:13:07,0,0,0.038072694
14/11/2020 20:13:08,0,0,0.037647102
14/11/2020 20:13:09,0,0,0.03722151
14/11/2020 20:13:10,0,0,0.036795914
14/11/2020 20:13:11,0,0,0.036370322
14/11/2020 20:13:12,0,0,0.03594473
14/11/2020 20:13:13,0,0,0.035519138
14/11/2020 20:13:14,0,0,0.035093542
14/11/2020 20:13:15,0,0,0.03466795
14/11/2020 20:13:16,0,0,0.034242358
14/11/2020 20:13:17,0,0,0.033816766
14/11/2020 20:13:18,0,0,0.033391174
14/11/2020 20:13:19,0,0,0.032965578
14/11/2020 20:13:20,0,0,0.032539986
14/11/2020 20:13:21,0,0,0.032114394
14/11/2020 20:13:22,0,0,0.031688802
14/11/2020 20:13:23,0,0,0.031263206
14/11/2020 20:13:24,0,0,0.030837614
14/11/2020 20:13:25,0,0,0.030412022
14/11/2020 20:13:26,0,0,0.029986428
14/11/2020 20:13:27,0,0,0.029560836
14/11/2020 20:13:28,0,0,0.029135242
14/11/2020 20:13:29,0,0,0.02870965
14/11/2020 20:13:30,0,0,0.028284056
14/11/2020 20:13:31,0,0,0.027858464
14/11/2020 20:13:32,0,0,0.02743287
14/11/2020 20:13:33,0,0,0.027007278
14/11/2020 20:13:34,0,0,0.026581684
14/11/2020 20:13:35,0,0,0.026156092
14/11/2020 20:13:36,0,0,0.025730498
14/11/2020 20:13:37,0,0,0.025304906
14/11/2020 20:13:38,0,0,0.024879312
14/11/2020 20:13:39,0,0,0.02445372
14/11/2020 20:13:40,0,0,0.024028126
14/11/2020 20:13:41,0,0,0.023602534
14/11/2020 20:13:42,0,0,0.023176942
14/11/2020 20:13:43,0,0,0.022751348
14/11/2020 20:13:44,0,0,0.022325756
14/11/2020 20:13:45,0,0,0.021900162
14/11/2020 20:13:46,0,0,0.02147457
14/11/2020 20:13:47,0,0,0.021048976
14/11/2020 20:13:48,0,0,0.020623384
14/11/2020 20:13:49,0,0,0.02019779
14/11/2020 20:13:50,0,0,0.019772198
14/11/2020 20:13:51,0,0,0.019346604
14/11/2020 20:13:52,0,0,0.018921012
14/11/2020 20:13:53,0,0,0.018495418
14/11/2020 20:13:54,0,0,0.018069826
14/11/2020 20:13:55,0,0,0.017644232
14/11/2020 20:13:56,0,0,0.01721864
14/11/2020 20:13:57,0,0,0.016793046
14/11/2020 20:13:58,0,0,0.016367454
14/11/2020 20:13:59,0,0,0.01594186
14/11/2020 20:14:00,0,0,0.015516268
14/11/2020 20:14:01,0,0,0.015090675
14/11/2020 20:14:02,0,0,0.014665082
14/11/2020 20:14:03,0,0,0.014239489
14/11/2020 20:14:04,0,0,0.013813896
14/11/2020 20:14:05,0,0,0.013388303
14/11/2020 20:14:06,0,0,0.01296271
14/11/2020 20:14:07,0,0,0.012537117
14/11/2020 20:14:08,0,0,0.012111524
14/11/2020 20:14:09,0,0,0.011685931
14/11/2020 20:14:10,0,0,0.011260338
14/11/2020 20:14:11,0,0,0.010834745
14/11/2020 20:14:12,0,0,0.010409152
14/11/2020 20:14:13,0,0,0.009983559
14/11/2020 20:14:14,0,0,0.009557966
14/11/2020 20:14:15,0,0,0.009132374
14/11/2020 20:14:16,0,0,0.008706781
14/11/2020 20:14:17,2.435199976,0,0.008281188
14/11/2020 20:14:18,5.635200024,0,0.007855595
14/11/2020 20:14:19,8.83520031,0,0.007430002
14/11/2020 20:14:20,12.03520012,0,0.007004409
14/11/2020 20:14:21,15.23519993,0,0.006578816
14/11/2020 20:14:22,15.89916515,1.663553238,0.006153223
14/11/2020 20:14:23,15.7666626,3.849562883,0.00572763
14/11/2020 20:14:24,15.63415909,6.035572529,0.005302037
14/11/2020 20:14:25,15.50165653,8.221581459,0.004876444
14/11/2020 20:14:26,15.36915302,10.40759182,0.004450851
14/11/2020 20:14:27,15.23665047,11,0.004025258
14/11/2020 20:14:28,15.10414696,11,0.003599665
14/11/2020 20:14:29,14.9716444,11,0.003174072
14/11/2020 20:14:30,14.83914185,11,0.002748479
14/11/2020 20:14:31,14.70663834,11,0.002322886
14/11/2020 20:14:32,14.57413578,11,0.001897293
14/11/2020 20:14:33,14.44163227,11,0.0014717
14/11/2020 20:14:34,14.30912971,11,0.001046107
14/11/2020 20:14:35,14.17662621,11,0.000620515
14/11/2020 20:14:36,14.04412365,11,0.000194922
14/11/2020 20:14:37,14.6546917,11.6546917,268.6146545
14/11/2020 20:14:38,15.63623905,12.63623905,764.2136841
14/11/2020 20:14:39,16.61778641,13.61778545,1259.812622
14/11/2020 20:14:40,17.59933281,14.59933281,1755.411621
14/11/2020 20:14:41,18.58087921,15.58087921,2251.010742
14/11/2020 20:14:42,18.65405464,15.6540556,2470.094238
14/11/2020 20:14:43,18.05031204,15.05031204,2469.256348
14/11/2020 20:14:44,17.44656944,14.44656849,2468.418701
14/11/2020 20:14:45,16.84282494,13.84282589,2467.580811
14/11/2020 20:14:46,16.23908234,13.23908234,2466.74292
14/11/2020 20:14:47,16.42082214,13.47728157,2640.571533
14/11/2020 20:14:48,17.11754799,14.26748276,2971.799561
14/11/2020 20:14:49,17.81427383,15.0576849,3303.027588
14/11/2020 20:14:50,18.51099777,15.84788609,3634.255615
14/11/2020 20:14:51,19.20772362,16.63808823,3965.483643
14/11/2020 20:14:52,19.90444946,17.1087265,4280.567871
14/11/2020 20:14:53,20.60117531,17.30932808,4582.01123
14/11/2020 20:14:54,21.29789925,17.50992966,4883.454102
14/11/2020 20:14:55,21.99462509,17.71053123,5184.896973
14/11/2020 20:14:56,22.69135094,17.91113281,5486.339844
14/11/2020 20:14:57,23.11123276,18.33213997,5711.348145
14/11/2020 20:14:58,23.31093407,18.92844391,5867.479004
14/11/2020 20:14:59,23.51063347,19.52474594,6023.609863
14/11/2020 20:15:00,23.71033478,20.12104988,6179.740234
14/11/2020 20:15:01,23.91003418,20.71735191,6335.871094
14/11/2020 20:15:02,24.10973549,21.10553741,6387.150879
14/11/2020 20:15:03,24.3094368,21.30617905,6337.691895
14/11/2020 20:15:04,24.5091362,21.50682259,6288.23291
14/11/2020 20:15:05,24.70883751,21.70746422,6238.773926
14/11/2020 20:15:06,24.90853691,21.90810585,6189.314941
14/11/2020 20:15:07,23.91945839,20.91945839,5772.734375
14/11/2020 20:15:08,21.92583656,18.92583656,5003.428711
14/11/2020 20:15:09,19.93221664,16.93221664,4234.123535
14/11/2020 20:15:10,17.93859673,14.93859673,3464.818115
14/11/2020 20:15:11,15.94497585,12.94497585,2695.512695
14/11/2020 20:15:12,14.94748402,11.94748402,2125.59375
14/11/2020 20:15:13,14.84764385,11.84764385,1759.089722
14/11/2020 20:15:14,14.74780369,11.74780369,1392.585571
14/11/2020 20:15:15,14.64796352,11.64796352,1026.081421
14/11/2020 20:15:16,14.54812336,11.54812336,659.5772095
14/11/2020 20:15:17,14.4482832,11.4482832,437.5993652
14/11/2020 20:15:18,14.34844208,11.34844208,363.0675964
14/11/2020 20:15:19,14.24860191,11.24860191,288.5357971
14/11/2020 20:15:20,14.14876175,11.14876175,214.0040131
14/11/2020 20:15:21,14.04892159,11.04892159,139.4722137
14/11/2020 20:15:22,14,11,91.1446228
14/11/2020 20:15:23,14,11,75.10432434
14/11/2020 20:15:24,14,11,59.06403351
14/11/2020 20:15:25,14,11,43.02373886
14/11/2020 20:15:26,14,11,26.98344612
14/11/2020 20:15:27,14.09899998,11.09899998,136.8296051
14/11/2020 20:15:28,14.29899979,11.29899979,412.1931458
14/11/2020 20:15:29,14.4989996,11.4989996,687.5567017
14/11/2020 20:15:30,14.69900036,11.69900036,962.9202271
14/11/2020 20:15:31,14.89900017,11.89900017,1238.283691
14/11/2020 20:15:32,15,12,1486.895508
14/11/2020 20:15:33,15,12,1692.773804
14/11/2020 20:15:34,15,12,1898.6521
14/11/2020 20:15:35,15,12,2104.530518
14/11/2020 20:15:36,15,12,2310.408691
14/11/2020 20:15:37,15.08903885,12.17862797,2491.074707
14/11/2020 20:15:38,15.28778648,12.57735252,2622.360107
14/11/2020 20:15:39,15.48653507,12.97607613,2753.645508
14/11/2020 20:15:40,15.68528271,13.37480068,2884.930908
14/11/2020 20:15:41,15.88403034,13.77352428,3016.216553
14/11/2020 20:15:42,16.08277893,14,3065.08374
14/11/2020 20:15:43,16.28152657,14,2982.296143
14/11/2020 20:15:44,16.4802742,14,2899.508545
14/11/2020 20:15:45,16.67902184,14,2816.720947
14/11/2020 20:15:46,16.87776947,14,2733.93335
14/11/2020 20:15:47,16.77115059,13.77115154,2572.719971
14/11/2020 20:15:48,16.17673874,13.17673874,2257.903076
14/11/2020 20:15:49,15.58232594,12.58232594,1943.086304
14/11/2020 20:15:50,14.98791409,11.98791409,1628.269409
14/11/2020 20:15:51,14.39350128,11.39350128,1313.452637
14/11/2020 20:15:52,14.06824112,11.06824112,1038.634399
14/11/2020 20:15:53,14.27013969,11.27013969,861.2695313
14/11/2020 20:15:54,14.47203732,11.47203732,683.9047241
14/11/2020 20:15:55,14.67393494,11.67393494,506.539856
14/11/2020 20:15:56,14.87583256,11.87583256,329.1750183
14/11/2020 20:15:57,15,12,235.1613159
14/11/2020 20:15:58,15,12,329.2985535
14/11/2020 20:15:59,15,12,423.435791
14/11/2020 20:16:00,15,12,517.5730591
14/11/2020 20:16:01,15,12,611.7102661
14/11/2020 20:16:02,15,12,713.1658325
14/11/2020 20:16:03,15,12,831.1411133
14/11/2020 20:16:04,15,12,949.1164551
14/11/2020 20:16:05,15,12,1067.091797
14/11/2020 20:16:06,15,12,1185.067139
14/11/2020 20:16:07,15.35032082,12.34976006,1407.055908
14/11/2020 20:16:08,16.55417252,13.55168247,1903.262207
14/11/2020 20:16:09,17.75802612,14.75360584,2399.468506
14/11/2020 20:16:10,18.96187782,15.95552921,2895.674561
14/11/2020 20:16:11,20.16572952,17.15745163,3391.880859
14/11/2020 20:16:12,21.49119949,18.359375,3968.621826
14/11/2020 20:16:13,23.09119987,19.56129837,4774.577148
14/11/2020 20:16:14,24.69120026,20.76322174,5580.532715
14/11/2020 20:16:15,26.29120064,21.96514511,6386.488281
14/11/2020 20:16:16,27.89119911,23.16706657,7192.443359
14/11/2020 20:16:17,29,24.06101036,7799.698242
14/11/2020 20:16:18,29,24.25973701,7841.419434
14/11/2020 20:16:19,29,24.45846558,7883.141113
14/11/2020 20:16:20,29,24.65719414,7924.862305
14/11/2020 20:16:21,29,24.8559227,7966.583496
14/11/2020 20:16:22,28.23230362,24.23230362,7723.522949
14/11/2020 20:16:23,25.44067764,21.44067764,6669.928223
14/11/2020 20:16:24,22.64905357,18.64905357,5616.333008
14/11/2020 20:16:25,19.8574276,15.8574276,4562.738281
14/11/2020 20:16:26,17.06580353,13.06580257,3509.143555
14/11/2020 20:16:27,15,11.05200005,2619.132568
14/11/2020 20:16:28,15,11.25199986,2283.01123
14/11/2020 20:16:29,15,11.45199966,1946.890015
14/11/2020 20:16:30,15,11.65200043,1610.768677
14/11/2020 20:16:31,15,11.85200024,1274.647461
14/11/2020 20:16:32,15,12,976.7603149
14/11/2020 20:16:33,15,12,820.1425171
14/11/2020 20:16:34,15,12,663.5246582
14/11/2020 20:16:35,15,12,506.9068298
14/11/2020 20:16:36,15,12,350.2889709
14/11/2020 20:16:37,15.05166912,12.05166912,302.3436279
14/11/2020 20:16:38,15.25039768,12.25039768,655.9251709
14/11/2020 20:16:39,15.44912529,12.44912529,1009.506714
14/11/2020 20:16:40,15.64785385,12.64785385,1363.088257
14/11/2020 20:16:41,15.84658146,12.84658146,1716.6698
14/11/2020 20:16:42,16.18185425,13.13639069,2067.324951
14/11/2020 20:16:43,16.97946167,13.73459625,2408.071289
14/11/2020 20:16:44,17.77706909,14.33280182,2748.817627
14/11/2020 20:16:45,18.57467651,14.93100739,3089.564209
14/11/2020 20:16:46,19.37228394,15.529212,3430.310547
14/11/2020 20:16:47,19.91480064,15.95740032,3716.243652
14/11/2020 20:16:48,19.51479912,15.75739956,3754.154541
14/11/2020 20:16:49,19.1147995,15.55739975,3792.06543
14/11/2020 20:16:50,18.71479988,15.35739994,3829.976318
14/11/2020 20:16:51,18.31480026,15.15740013,3867.887207
14/11/2020 20:16:52,18.12818527,15.12818432,3965.097412
14/11/2020 20:16:53,18.72999001,15.72999001,4360.232422
14/11/2020 20:16:54,19.33179474,16.33179474,4755.367676
14/11/2020 20:16:55,19.93360138,16.93360138,5150.503418
14/11/2020 20:16:56,20.53540611,17.53540611,5545.638672
14/11/2020 20:16:57,21.31622696,18.27105141,5896.167969
14/11/2020 20:16:58,22.70318985,19.45987701,6064.876953
14/11/2020 20:16:59,24.09015274,20.64870262,6233.586426
14/11/2020 20:17:00,25.47711563,21.83752632,6402.295898
14/11/2020 20:17:01,26.86407852,23.02635193,6571.004883
14/11/2020 20:17:02,28.07218361,24.14436722,6765.865234
14/11/2020 20:17:03,28.47098732,24.94197464,7092.111328
14/11/2020 20:17:04,28.86979103,25.73958206,7418.356934
14/11/2020 20:17:05,29.26859474,26.53718758,7744.602539
14/11/2020 20:17:06,29.66739845,27.334795,8070.848633
14/11/2020 20:17:07,30.16703606,28.06681442,8355.110352
14/11/2020 20:17:08,31.17327499,28.46930885,8428.443359
14/11/2020 20:17:09,32.17951202,28.87180519,8501.776367
14/11/2020 20:17:10,33.18575287,29.27430153,8575.108398
14/11/2020 20:17:11,34.1919899,29.67679596,8648.441406
14/11/2020 20:17:12,34.41264343,29.45179939,8653.624023
14/11/2020 20:17:13,31.43112755,26.66905212,8065.306641
14/11/2020 20:17:14,28.44961166,23.88630486,7476.989746
14/11/2020 20:17:15,25.46809769,21.10355759,6888.672363
14/11/2020 20:17:16,22.48658371,18.32081032,6300.355469
14/11/2020 20:17:17,19.93359947,15.96679974,5752.678223
14/11/2020 20:17:18,19.53359985,15.76679993,5435.296875
14/11/2020 20:17:19,19.13360023,15.56680012,5117.915527
14/11/2020 20:17:20,18.73360062,15.36680031,4800.53418
14/11/2020 20:17:21,18.33359909,15.16679955,4483.152344
14/11/2020 20:17:22,18.29508209,15.29508209,4216.583984
14/11/2020 20:17:23,20.07268333,17.07268333,4483.259277
14/11/2020 20:17:24,21.85028648,18.85028648,4749.934082
14/11/2020 20:17:25,23.62788773,20.62788773,5016.609375
14/11/2020 20:17:26,25.40549088,22.40549088,5283.284668
14/11/2020 20:17:27,27,23.97920418,5550.353027
14/11/2020 20:17:28,27,23.77730751,5860.743164
14/11/2020 20:17:29,27,23.57540894,6171.133301
14/11/2020 20:17:30,27,23.37351036,6481.523926
14/11/2020 20:17:31,27,23.17161369,6791.914063
14/11/2020 20:17:32,27.14813423,23.11850739,7077.714844
14/11/2020 20:17:33,28.13569069,23.90855217,7149.37207
14/11/2020 20:17:34,29.12324715,24.69859695,7221.029785
14/11/2020 20:17:35,30.1108036,25.48864365,7292.6875
14/11/2020 20:17:36,31.09836006,26.27868843,7364.344727
14/11/2020 20:17:37,31.89720345,26.91433716,7447.162598
14/11/2020 20:17:38,30.7156353,25.92969704,7627.171387
14/11/2020 20:17:39,29.53406906,24.94505692,7807.180176
14/11/2020 20:17:40,28.35250092,23.96041679,7987.189453
14/11/2020 20:17:41,27.17093277,22.97577858,8167.198242
14/11/2020 20:17:42,26,21.99816513,8338.573242
14/11/2020 20:17:43,26,21.79433441,8302.739258
14/11/2020 20:17:44,26,21.59050179,8266.905273
14/11/2020 20:17:45,26,21.38666916,8231.071289
14/11/2020 20:17:46,26,21.18283653,8195.237305
14/11/2020 20:17:47,25.87717438,20.89764404,8144.571777
14/11/2020 20:17:48,24.68468666,19.90390587,7515.489258
14/11/2020 20:17:49,23.49219894,18.91016579,6886.407227
14/11/2020 20:17:50,22.29971123,17.9164257,6257.324707
14/11/2020 20:17:51,21.10722542,16.92268753,5628.242188
14/11/2020 20:17:52,19.9147377,15.92894745,4998.180664
14/11/2020 20:17:53,18.72224998,14.93520832,4260.300781
14/11/2020 20:17:54,17.52976227,13.94146919,3522.42041
14/11/2020 20:17:55,16.33727455,12.94772911,2784.540283
14/11/2020 20:17:56,15.14478779,11.95398998,2046.660156
14/11/2020 20:17:57,14,11,1322.019775
14/11/2020 20:17:58,14,11,1113.735596
14/11/2020 20:17:59,14,11,905.4514771
14/11/2020 20:18:00,14,11,697.1672974
14/11/2020 20:18:01,14,11,488.8830872
14/11/2020 20:18:02,14,11,280.5989075
14/11/2020 20:18:03,14,11,232.5059052
14/11/2020 20:18:04,14,11,188.0163879
14/11/2020 20:18:05,14,11,143.5268707
14/11/2020 20:18:06,14,11,99.03733826
14/11/2020 20:18:07,14,11,54.54782104
14/11/2020 20:18:08,14,11,45.17822647
14/11/2020 20:18:09,14,11,36.59865189
14/11/2020 20:18:10,14,11,28.01907921
14/11/2020 20:18:11,14,11,19.43950462
14/11/2020 20:18:12,14.00495338,11,10.85993099
14/11/2020 20:18:13,14.20309067,11,8.833767891
14/11/2020 20:18:14,14.4012289,11,7.181689739
14/11/2020 20:18:15,14.59936619,11,5.529611111
14/11/2020 20:18:16,14.79750347,11,3.877532721
14/11/2020 20:18:17,14.99564075,11,2.22545433
14/11/2020 20:18:18,14.80440044,11,1.778501272
14/11/2020 20:18:19,14.60439968,11,1.443499804
14/11/2020 20:18:20,14.40439987,11,1.108498335
14/11/2020 20:18:21,14.20440006,11,0.773496807
14/11/2020 20:18:22,14.00440025,11,0.438495308
14/11/2020 20:18:23,14.19435596,11,0.403880894
14/11/2020 20:18:24,14.39308453,11,0.403014064
14/11/2020 20:18:25,14.59181213,11,0.402147263
14/11/2020 20:18:26,14.7905407,11,0.401280433
14/11/2020 20:18:27,14.9892683,11,0.400413603
14/11/2020 20:18:28,14.90584278,11,0.399546772
14/11/2020 20:18:29,14.80631065,11,0.398679972
14/11/2020 20:18:30,14.70677853,11,0.397813141
14/11/2020 20:18:31,14.6072464,11,0.396946311
14/11/2020 20:18:32,14.50771332,11,0.39607951
14/11/2020 20:18:33,14.40818119,11,0.39521268
14/11/2020 20:18:34,14.30864906,11,0.39434585
14/11/2020 20:18:35,14.20911694,11,0.393479019
14/11/2020 20:18:36,14.10958481,11,0.392612219
14/11/2020 20:18:37,14.01005268,11,0.391745389
14/11/2020 20:18:38,14.17926216,11.17926216,0.390878558
14/11/2020 20:18:39,14.37866402,11.37866402,0.390011758
14/11/2020 20:18:40,14.57806587,11.57806587,0.389144927
14/11/2020 20:18:41,14.77746773,11.77746773,0.388278097
14/11/2020 20:18:42,14.97686958,11.97686958,0.387411267
14/11/2020 20:18:43,14.82432461,11.82432461,0.386544466
14/11/2020 20:18:44,14.62559605,11.62559605,0.385677636
14/11/2020 20:18:45,14.42686844,11.42686844,0.384810805
14/11/2020 20:18:46,14.22813988,11.22813988,0.383944005
14/11/2020 20:18:47,14.02941132,11.02941132,0.383077174
14/11/2020 20:18:48,14.16881275,11,0.382210344
14/11/2020 20:18:49,14.36695099,11,0.381343514
14/11/2020 20:18:50,14.56508827,11,0.380476713
14/11/2020 20:18:51,14.76322556,11,0.379609883
14/11/2020 20:18:52,14.96136284,11,0.378743052
14/11/2020 20:18:53,14.83747196,11,0.377876252
14/11/2020 20:18:54,14.63557434,11,0.377009422
14/11/2020 20:18:55,14.43367672,11,0.376142591
14/11/2020 20:18:56,14.2317791,11,0.375275761
14/11/2020 20:18:57,14.02988052,11,0.37440896
14/11/2020 20:18:58,14,11,0.37354213
14/11/2020 20:18:59,14,11,0.3726753
14/11/2020 20:19:00,14,11,0.371808499
14/11/2020 20:19:01,14,11,0.370941669
14/11/2020 20:19:02,14,11,0.370074838
14/11/2020 20:19:03,14.16051865,11.16051865,0.369208008
14/11/2020 20:19:04,14.3599205,11.3599205,0.368341208
14/11/2020 20:19:05,14.55932236,11.55932236,0.367474377
14/11/2020 20:19:06,14.75872421,11.75872421,0.366607547
14/11/2020 20:19:07,14.95812607,11.95812607,0.365740746
14/11/2020 20:19:08,14.84200001,11.92075443,0.364873916
14/11/2020 20:19:09,14.6420002,11.82044315,0.364007086
14/11/2020 20:19:10,14.44200039,11.72013283,0.363140255
14/11/2020 20:19:11,14.24199963,11.61982155,0.362273455
14/11/2020 20:19:12,14.04199982,11.51951027,0.361406624
14/11/2020 20:19:13,14.15898609,11.41919994,0.360539794
14/11/2020 20:19:14,14.36023331,11.31888866,0.359672993
14/11/2020 20:19:15,14.56148148,11.21857738,0.358806163
14/11/2020 20:19:16,14.76272869,11.11826706,0.357939333
14/11/2020 20:19:17,14.96397686,11.01795578,0.357072502
14/11/2020 20:19:18,14.83681202,11,0.356205702
14/11/2020 20:19:19,14.63804436,11,0.355338871
14/11/2020 20:19:20,14.4392767,11,0.354472041
14/11/2020 20:19:21,14.24050903,11,0.353605241
14/11/2020 20:19:22,14.04174137,11,0.35273841
14/11/2020 20:19:23,14,11,0.35187158
14/11/2020 20:19:24,14,11,0.35100475
14/11/2020 20:19:25,14,11,0.350137949
14/11/2020 20:19:26,14,11,0.349271119
14/11/2020 20:19:27,14,11,0.348404288
14/11/2020 20:19:28,14.15159988,11,0.347537488
14/11/2020 20:19:29,14.35159969,11,0.346670657
14/11/2020 20:19:30,14.55160046,11,0.345803827
14/11/2020 20:19:31,14.75160027,11,0.344936997
14/11/2020 20:19:32,14.95160007,11,0.344070196
14/11/2020 20:19:33,14.84791374,11,0.343203366
14/11/2020 20:19:34,14.64727116,11,0.342336535
14/11/2020 20:19:35,14.44662952,11,0.341469735
14/11/2020 20:19:36,14.24598694,11,0.340602905
14/11/2020 20:19:37,14.04534531,11,0.339736074
14/11/2020 20:19:38,14,11,0.338869244
14/11/2020 20:19:39,14,11,0.338002443
14/11/2020 20:19:40,14,11,0.337135613
14/11/2020 20:19:41,14,11,0.336268783
14/11/2020 20:19:42,14,11,0.335401982
14/11/2020 20:19:43,14,11,0.334535152
14/11/2020 20:19:44,14,11,0.333668321
14/11/2020 20:19:45,14,11,0.332801491
14/11/2020 20:19:46,14,11,0.33193469
14/11/2020 20:19:47,14,11,0.33106786
14/11/2020 20:19:48,14,11,0.33020103
14/11/2020 20:19:49,14,11,0.329334229
14/11/2020 20:19:50,14,11,0.328467399
14/11/2020 20:19:51,14,11,0.327600569
14/11/2020 20:19:52,14,11,0.326733738
14/11/2020 20:19:53,14.14265633,11.14265633,0.325866938
14/11/2020 20:19:54,14.34329891,11.34329891,0.325000107
14/11/2020 20:19:55,14.54394054,11.54394054,0.324133277
14/11/2020 20:19:56,14.74458313,11.74458313,0.323266476
14/11/2020 20:19:57,14.94522476,11.94522476,0.322399646
14/11/2020 20:19:58,14.92775536,11.92775536,0.321532816
14/11/2020 20:19:59,14.82838154,11.82838154,0.320665985
14/11/2020 20:20:00,14.72900772,11.72900772,0.319799185
14/11/2020 20:20:01,14.62963295,11.62963295,0.318932354
14/11/2020 20:20:02,14.53025913,11.53025913,0.318065524
14/11/2020 20:20:03,14.43088531,11.43088531,0.317198724
14/11/2020 20:20:04,14.3315115,11.3315115,0.316331893
14/11/2020 20:20:05,14.23213768,11.23213768,0.315465063
14/11/2020 20:20:06,14.13276386,11.13276386,0.314598233
14/11/2020 20:20:07,14.03339005,11.03339005,0.313731432
14/11/2020 20:20:08,14,11,0.312864602
14/11/2020 20:20:09,14,11,0.311997771
14/11/2020 20:20:10,14,11,0.311130971
14/11/2020 20:20:11,14,11,0.31026414
14/11/2020 20:20:12,14,11,0.30939731
14/11/2020 20:20:13,14,11,0.30853048
14/11/2020 20:20:14,14,11,0.307663679
14/11/2020 20:20:15,14,11,0.306796849
14/11/2020 20:20:16,14,11,0.305930018
14/11/2020 20:20:17,14,11,0.305063218
14/11/2020 20:20:18,14.12841892,11.12841892,0.304196388
14/11/2020 20:20:19,14.32659531,11.32659531,0.303329557
14/11/2020 20:20:20,14.52477169,11.52477169,0.302462727
14/11/2020 20:20:21,14.72294903,11.72294903,0.301595926
14/11/2020 20:20:22,14.92112541,11.92112541,0.300729096
14/11/2020 20:20:23,14.88109779,11.88109779,0.299862266
14/11/2020 20:20:24,14.68358707,11.68358707,0.298995465
14/11/2020 20:20:25,14.4860754,11.4860754,0.298128635
14/11/2020 20:20:26,14.28856373,11.28856373,0.297261804
14/11/2020 20:20:27,14.09105301,11.09105301,0.296394974
14/11/2020 20:20:28,14.1051712,11.1051712,0.295528173
14/11/2020 20:20:29,14.30029297,11.30029297,0.294661343
14/11/2020 20:20:30,14.49541473,11.49541473,0.293794513
14/11/2020 20:20:31,14.6905365,11.6905365,0.292927712
14/11/2020 20:20:32,14.88565826,11.88565826,0.292060882
14/11/2020 20:20:33,14.91535473,11.91535473,0.291194052
14/11/2020 20:20:34,14.71089745,11.71089745,0.290327221
14/11/2020 20:20:35,14.50644016,11.50644016,0.289460421
14/11/2020 20:20:36,14.30198288,11.30198288,0.28859359
14/11/2020 20:20:37,14.0975256,11.0975256,0.28772676
14/11/2020 20:20:38,14,11,0.286859959
14/11/2020 20:20:39,14,11,0.285993129
14/11/2020 20:20:40,14,11,0.285126299
14/11/2020 20:20:41,14,11,0.284259468
14/11/2020 20:20:42,14,11,0.283392668
14/11/2020 20:20:43,14.10033607,11,0.282525837
14/11/2020 20:20:44,14.29784679,11,0.281659007
14/11/2020 20:20:45,14.49535847,11,0.280792207
14/11/2020 20:20:46,14.69287014,11,0.279925376
14/11/2020 20:20:47,14.89038086,11,0.279058546
14/11/2020 20:20:48,14.91182899,11,0.278191715
14/11/2020 20:20:49,14.71369171,11,0.277324915
14/11/2020 20:20:50,14.51555347,11,0.276458085
14/11/2020 20:20:51,14.31741619,11,0.275591254
14/11/2020 20:20:52,14.11927891,11,0.274724454
14/11/2020 20:20:53,14.07960033,11,0.273857623
14/11/2020 20:20:54,14.27960014,11,0.272990793
14/11/2020 20:20:55,14.47959995,11,0.272123963
14/11/2020 20:20:56,14.67959976,11,0.271257162
14/11/2020 20:20:57,14.87959957,11,0.270390332
14/11/2020 20:20:58,14.96062946,11,0.269523501
14/11/2020 20:20:59,14.86170769,11,0.268656701
14/11/2020 20:21:00,14.76278591,11,0.267789871
14/11/2020 20:21:01,14.66386414,11,0.26692304
14/11/2020 20:21:02,14.56494236,11,0.26605621
14/11/2020 20:21:03,14.46602058,11,0.265189409
14/11/2020 20:21:04,14.36709881,11,0.264322579
14/11/2020 20:21:05,14.26817703,11,0.263455749
14/11/2020 20:21:06,14.16925526,11,0.262588948
14/11/2020 20:21:07,14.07033348,11,0.261722118
14/11/2020 20:21:08,14,11,0.260855287
14/11/2020 20:21:09,14,11,0.259988457
14/11/2020 20:21:10,14,11,0.259121656
14/11/2020 20:21:11,14,11,0.258254826
14/11/2020 20:21:12,14,11,0.257387996
14/11/2020 20:21:13,14,11,0.256521195
14/11/2020 20:21:14,14,11,0.255654365
14/11/2020 20:21:15,14,11,0.254787534
14/11/2020 20:21:16,14,11,0.253920704
14/11/2020 20:21:17,14,11,0.253053904
14/11/2020 20:21:18,14.04839993,11,0.252187073
14/11/2020 20:21:19,14.24839973,11,0.251320243
14/11/2020 20:21:20,14.44839954,11,0.250453442
14/11/2020 20:21:21,14.64840031,11,0.249586612
14/11/2020 20:21:22,14.84840012,11,0.248719782
14/11/2020 20:21:23,14.97591305,11,0.247852966
14/11/2020 20:21:24,14.87638092,11,0.246986136
14/11/2020 20:21:25,14.77684879,11,0.24611932
14/11/2020 20:21:26,14.67731667,11,0.245252505
14/11/2020 20:21:27,14.57778454,11,0.244385675
14/11/2020 20:21:28,14.47825241,11,0.243518859
14/11/2020 20:21:29,14.37872028,11,0.242652029
14/11/2020 20:21:30,14.27918816,11,0.241785213
14/11/2020 20:21:31,14.17965603,11,0.240918383
14/11/2020 20:21:32,14.08012295,11,0.240051568
14/11/2020 20:21:33,14.03948975,11.03948975,0.239184752
14/11/2020 20:21:34,14.24200058,11.24200058,0.238317922
14/11/2020 20:21:35,14.44451237,11.44451237,0.237451106
14/11/2020 20:21:36,14.6470232,11.6470232,0.236584276
14/11/2020 20:21:37,14.84953403,11.84953403,0.235717461
14/11/2020 20:21:38,14.94907856,11.94907856,0.23485063
14/11/2020 20:21:39,14.75094128,11.75094128,0.233983815
14/11/2020 20:21:40,14.55280399,11.55280399,0.233116999
14/11/2020 20:21:41,14.35466576,11.35466576,0.232250169
14/11/2020 20:21:42,14.15652847,11.15652847,0.231383353
14/11/2020 20:21:43,14.04199982,11.04199982,0.230516523
14/11/2020 20:21:44,14.24199963,11.24199963,0.229649708
14/11/2020 20:21:45,14.44200039,11.44200039,0.228782877
14/11/2020 20:21:46,14.6420002,11.6420002,0.227916062
14/11/2020 20:21:47,14.84200001,11.84200001,0.227049246
14/11/2020 20:21:48,14.95786476,11.95786476,0.226182416
14/11/2020 20:21:49,14.75722313,11.75722313,0.225315601
14/11/2020 20:21:50,14.5565815,11.5565815,0.22444877
14/11/2020 20:21:51,14.35593891,11.35593891,0.223581955
14/11/2020 20:21:52,14.15529728,11.15529728,0.222715124
14/11/2020 20:21:53,14,11,0.221848309
14/11/2020 20:21:54,14,11,0.220981494
14/11/2020 20:21:55,14,11,0.220114663
14/11/2020 20:21:56,14,11,0.219247848
14/11/2020 20:21:57,14,11,0.218381017
14/11/2020 20:21:58,14.03820419,11,0.217514202
14/11/2020 20:21:59,14.23513222,11,0.216647372
14/11/2020 20:22:00,14.43206024,11,0.215780556
14/11/2020 20:22:01,14.62898827,11,0.214913741
14/11/2020 20:22:02,14.82591534,11,0.21404691
14/11/2020 20:22:03,14.97686958,11,0.213180095
14/11/2020 20:22:04,14.77746773,11,0.212313265
14/11/2020 20:22:05,14.57806587,11,0.211446449
14/11/2020 20:22:06,14.37866402,11,0.210579619
14/11/2020 20:22:07,14.17926216,11,0.209712803
14/11/2020 20:22:08,14.01994896,11,0.208845988
14/11/2020 20:22:09,14.21745968,11,0.207979158
14/11/2020 20:22:10,14.41497135,11,0.207112342
14/11/2020 20:22:11,14.61248302,11,0.206245512
14/11/2020 20:22:12,14.80999374,11,0.205378696
14/11/2020 20:22:13,14.99242401,11,0.204511866
14/11/2020 20:22:14,14.79306221,11,0.203645051
14/11/2020 20:22:15,14.59370041,11,0.202778235
14/11/2020 20:22:16,14.39433765,11,0.201911405
14/11/2020 20:22:17,14.19497585,11,0.201044589
14/11/2020 20:22:18,14.0043869,11,0.200177759
14/11/2020 20:22:19,14.20378876,11,0.199310943
14/11/2020 20:22:20,14.40319061,11,0.198444113
14/11/2020 20:22:21,14.60259247,11,0.197577298
14/11/2020 20:22:22,14.80199432,11,0.196710482
14/11/2020 20:22:23,15,11.00139141,0.195843652
14/11/2020 20:22:24,15,11.20011902,0.194976836
14/11/2020 20:22:25,15,11.39884758,0.194110006
14/11/2020 20:22:26,15,11.59757519,0.193243191
14/11/2020 20:22:27,15,11.79630375,0.19237636
14/11/2020 20:22:28,15,11.99503136,0.191509545
14/11/2020 20:22:29,14.80500031,11.80500031,0.190642729
14/11/2020 20:22:30,14.60499954,11.60499954,0.189775899
14/11/2020 20:22:31,14.40499973,11.40499973,0.188909084
14/11/2020 20:22:32,14.20499992,11.20499992,0.188042253
14/11/2020 20:22:33,14.00500011,11.00500011,0.187175438
14/11/2020 20:22:34,14.19379807,11,0.186308607
14/11/2020 20:22:35,14.39256573,11,0.185441792
14/11/2020 20:22:36,14.59133339,11,0.184574977
14/11/2020 20:22:37,14.79010105,11,0.183708146
14/11/2020 20:22:38,14.98886871,11,0.182841331
14/11/2020 20:22:39,14.81002235,11,0.1819745
14/11/2020 20:22:40,14.60877419,11,0.181107685
14/11/2020 20:22:41,14.40752697,11,0.18024087
14/11/2020 20:22:42,14.2062788,11,0.179374039
14/11/2020 20:22:43,14.00503159,11,0.178507224
14/11/2020 20:22:44,14,11,0.177640393
14/11/2020 20:22:45,14,11,0.176773578
14/11/2020 20:22:46,14,11,0.175906748
14/11/2020 20:22:47,14,11,0.175039932
14/11/2020 20:22:48,14,11,0.174173117
14/11/2020 20:22:49,14,11.18373871,0.173306286
14/11/2020 20:22:50,14,11.38498688,0.172439471
14/11/2020 20:22:51,14,11.58623505,0.171572641
14/11/2020 20:22:52,14,11.78748226,0.170705825
14/11/2020 20:22:53,14,11.98873043,0.169838995
14/11/2020 20:22:54,14,11.81236362,0.168972179
14/11/2020 20:22:55,14,11.61359596,0.168105364
14/11/2020 20:22:56,14,11.4148283,0.167238533
14/11/2020 20:22:57,14,11.21606064,0.166371718
14/11/2020 20:22:58,14,11.01729298,0.165504888
14/11/2020 20:22:59,14.18314934,11.18314934,0.164638072
14/11/2020 20:23:00,14.38375092,11.38375092,0.163771242
14/11/2020 20:23:01,14.58435345,11.58435345,0.162904426
14/11/2020 20:23:02,14.78495502,11.78495502,0.162037611
14/11/2020 20:23:03,14.9855566,11.9855566,0.161170781
14/11/2020 20:23:04,14.90777206,11.90777206,0.160303965
14/11/2020 20:23:05,14.80838776,11.80838776,0.159437135
14/11/2020 20:23:06,14.7090044,11.7090044,0.158570319
14/11/2020 20:23:07,14.60962009,11.60962009,0.157703489
14/11/2020 20:23:08,14.51023674,11.51023674,0.156836674
14/11/2020 20:23:09,14.41085243,11.41085243,0.155969858
14/11/2020 20:23:10,14.31146908,11.31146908,0.155103028
14/11/2020 20:23:11,14.21208477,11.21208477,0.154236212
14/11/2020 20:23:12,14.11270142,11.11270142,0.153369382
14/11/2020 20:23:13,14.01331711,11.01331711,0.152502567
14/11/2020 20:23:14,14.17484379,11,0.151635736
14/11/2020 20:23:15,14.37674141,11,0.150768921
14/11/2020 20:23:16,14.57863903,11,0.149902105
14/11/2020 20:23:17,14.78053665,11,0.149035275
14/11/2020 20:23:18,14.98243523,11,0.14816846
14/11/2020 20:23:19,14.81798267,11,0.147301629
14/11/2020 20:23:20,14.61862087,11,0.146434814
14/11/2020 20:23:21,14.41925812,11,0.145567983
14/11/2020 20:23:22,14.21989632,11,0.144701168
14/11/2020 20:23:23,14.02053452,11,0.143834352
14/11/2020 20:23:24,14.17772961,11,0.142967522
14/11/2020 20:23:25,14.37586689,11,0.142100707
14/11/2020 20:23:26,14.57400417,11,0.141233876
14/11/2020 20:23:27,14.77214146,11,0.140367061
14/11/2020 20:23:28,14.97027969,11,0.139500231
14/11/2020 20:23:29,14.83054256,11,0.138633415
14/11/2020 20:23:30,14.63117981,11,0.1377666
14/11/2020 20:23:31,14.43181801,11,0.136899769
14/11/2020 20:23:32,14.23245621,11,0.136032954
14/11/2020 20:23:33,14.03309441,11,0.135166124
14/11/2020 20:23:34,14,11,0.134299308
14/11/2020 20:23:35,14,11,0.133432478
14/11/2020 20:23:36,14,11,0.132565662
14/11/2020 20:23:37,14,11,0.131698847
14/11/2020 20:23:38,14,11,0.130832016
14/11/2020 20:23:39,14,11,0.129965201
14/11/2020 20:23:40,14,11,0.129098371
14/11/2020 20:23:41,14,11,0.128231555
14/11/2020 20:23:42,14,11,0.127364725
14/11/2020 20:23:43,14,11,0.126497909
14/11/2020 20:23:44,14,11,0.125631094
14/11/2020 20:23:45,14,11,0.124764264
14/11/2020 20:23:46,14,11,0.123897441
14/11/2020 20:23:47,14,11,0.123030625
14/11/2020 20:23:48,14,11,0.122163802
14/11/2020 20:23:49,14.13962173,11,0.121296979
14/11/2020 20:23:50,14.33654976,11,0.120430157
14/11/2020 20:23:51,14.53347778,11,0.119563334
14/11/2020 20:23:52,14.73040581,11,0.118696511
14/11/2020 20:23:53,14.92733383,11,0.117829688
14/11/2020 20:23:54,14.87457752,11,0.116962872
14/11/2020 20:23:55,14.67580986,11,0.11609605
14/11/2020 20:23:56,14.4770422,11,0.115229227
14/11/2020 20:23:57,14.27827454,11,0.114362404
14/11/2020 20:23:58,14.07950687,11,0.113495581
14/11/2020 20:23:59,14,11,0.112628758
14/11/2020 20:24:00,14,11,0.111761935
14/11/2020 20:24:01,14,11,0.11089512
14/11/2020 20:24:02,14,11,0.110028297
14/11/2020 20:24:03,14,11,0.109161474
14/11/2020 20:24:04,14.10150433,11.10150433,0.108294651
14/11/2020 20:24:05,14.3021059,11.3021059,0.107427828
14/11/2020 20:24:06,14.50270844,11.50270844,0.106561005
14/11/2020 20:24:07,14.70331001,11.70331001,0.105694182
14/11/2020 20:24:08,14.90391159,11.90391159,0.104827367
14/11/2020 20:24:09,14.89740086,11.89740086,0.103960544
14/11/2020 20:24:10,14.70047283,11.70047283,0.103093721
14/11/2020 20:24:11,14.50354481,11.50354481,0.102226898
14/11/2020 20:24:12,14.30661678,11.30661678,0.101360075
14/11/2020 20:24:13,14.10968876,11.10968876,0.100493252
14/11/2020 20:24:14,14.08860016,11.08860016,0.099626429
14/11/2020 20:24:15,14.28859997,11.28859997,0.098759614
14/11/2020 20:24:16,14.48859978,11.48859978,0.097892791
14/11/2020 20:24:17,14.68859959,11.68859959,0.097025968
14/11/2020 20:24:18,14.88860035,11.88860035,0.096159145
14/11/2020 20:24:19,14.95562935,11.95562935,0.095292322
14/11/2020 20:24:20,14.85546875,11.85546875,0.094425499
14/11/2020 20:24:21,14.75530815,11.75530815,0.093558677
14/11/2020 20:24:22,14.65514851,11.65514851,0.092691861
14/11/2020 20:24:23,14.55498791,11.55498791,0.091825038
14/11/2020 20:24:24,14.45482731,11.45482731,0.090958215
14/11/2020 20:24:25,14.35466766,11.35466766,0.090091392
14/11/2020 20:24:26,14.25450706,11.25450706,0.089224569
14/11/2020 20:24:27,14.15434742,11.15434742,0.088357747
14/11/2020 20:24:28,14.05418682,11.05418682,0.087490924
14/11/2020 20:24:29,14,11,0.086624108
14/11/2020 20:24:30,14,11,0.085757285
14/11/2020 20:24:31,14,11,0.084890462
14/11/2020 20:24:32,14,11,0.08402364
14/11/2020 20:24:33,14,11,0.083156817
14/11/2020 20:24:34,14,11,0.082289994
14/11/2020 20:24:35,14,11,0.081423171
14/11/2020 20:24:36,14,11,0.080556355
14/11/2020 20:24:37,14,11,0.079689533
14/11/2020 20:24:38,14,11,0.07882271
14/11/2020 20:24:39,14.08532715,11,0.077955887
14/11/2020 20:24:40,14.28468895,11,0.077089064
14/11/2020 20:24:41,14.48405075,11,0.076222241
14/11/2020 20:24:42,14.68341351,11,0.075355418
14/11/2020 20:24:43,14.88277531,11,0.074488603
14/11/2020 20:24:44,14.91735172,11,0.07362178
14/11/2020 20:24:45,14.71675014,11,0.072754957
14/11/2020 20:24:46,14.51614857,11,0.071888134
14/11/2020 20:24:47,14.31554699,11,0.071021311
14/11/2020 20:24:48,14.11494446,11,0.070154488
14/11/2020 20:24:49,14,11,0.069287665
14/11/2020 20:24:50,14,11,0.06842085
14/11/2020 20:24:51,14,11,0.067554027
14/11/2020 20:24:52,14,11,0.066687204
14/11/2020 20:24:53,14,11,0.065820381
14/11/2020 20:24:54,14,11.0759573,0.064953558
14/11/2020 20:24:55,14,11.2753191,0.064086735
14/11/2020 20:24:56,14,11.4746809,0.063219912
14/11/2020 20:24:57,14,11.6740427,0.062353093
14/11/2020 20:24:58,14,11.87340546,0.061486274
14/11/2020 20:24:59,14,11.9635582,0.060619451
14/11/2020 20:25:00,14,11.86371803,0.059752628
14/11/2020 20:25:01,14,11.76387787,0.058885805
14/11/2020 20:25:02,14,11.6640377,0.058018986
14/11/2020 20:25:03,14,11.56419754,0.057152163
14/11/2020 20:25:04,14,11.46435738,0.05628534
14/11/2020 20:25:05,14,11.36451721,0.055418521
14/11/2020 20:25:06,14,11.26467609,0.054551698
14/11/2020 20:25:07,14,11.16483593,0.053684875
14/11/2020 20:25:08,14,11.06499577,0.052818052
14/11/2020 20:25:09,14,11,0.051951233
14/11/2020 20:25:10,14,11,0.05108441
14/11/2020 20:25:11,14,11,0.050217588
14/11/2020 20:25:12,14,11,0.049350768
14/11/2020 20:25:13,14,11,0.048483945
14/11/2020 20:25:14,14,11,0.047617123
14/11/2020 20:25:15,14,11,0.0467503
14/11/2020 20:25:16,14,11,0.04588348
14/11/2020 20:25:17,14,11,0.045016658
14/11/2020 20:25:18,14,11,0.044149835
14/11/2020 20:25:19,14,11,0.043283015
14/11/2020 20:25:20,14,11,0.042416193
14/11/2020 20:25:21,14,11,0.04154937
14/11/2020 20:25:22,14,11,0.040682547
14/11/2020 20:25:23,14,11,0.039815728
14/11/2020 20:25:24,14,11,0.038948905
14/11/2020 20:25:25,14,11,0.038082082
14/11/2020 20:25:26,14,11,0.037215263
14/11/2020 20:25:27,14,11,0.03634844
14/11/2020 20:25:28,14,11,0.035481617
14/11/2020 20:25:29,14.06002808,11.06002808,0.034614798
14/11/2020 20:25:30,14.25879574,11.25879574,0.033747975
14/11/2020 20:25:31,14.4575634,11.4575634,0.032881152
14/11/2020 20:25:32,14.65633106,11.65633106,0.032014329
14/11/2020 20:25:33,14.85509872,11.85509872,0.031147508
14/11/2020 20:25:34,14.94563675,11.94563675,0.030280687
14/11/2020 20:25:35,14.74503517,11.74503517,0.029413864
14/11/2020 20:25:36,14.54443359,11.54443359,0.028547043
14/11/2020 20:25:37,14.34383106,11.34383106,0.027680222
14/11/2020 20:25:38,14.14322948,11.14322948,0.026813399
14/11/2020 20:25:39,14,11,0.025946578
14/11/2020 20:25:40,14,11,0.025079755
14/11/2020 20:25:41,14,11,0.024212934
14/11/2020 20:25:42,14,11,0.023346113
14/11/2020 20:25:43,14,11,0.02247929
14/11/2020 20:25:44,14,11,0.021612469
14/11/2020 20:25:45,14,11,0.020745646
14/11/2020 20:25:46,14,11,0.019878825
14/11/2020 20:25:47,14,11,0.019012002
14/11/2020 20:25:48,14,11,0.018145181
14/11/2020 20:25:49,14,11,0.01727836
14/11/2020 20:25:50,14,11,0.016411537
14/11/2020 20:25:51,14,11,0.015544715
14/11/2020 20:25:52,14,11,0.014677894
14/11/2020 20:25:53,14,11,0.013811072
14/11/2020 20:25:54,14.04160023,11.04160023,0.01294425
14/11/2020 20:25:55,14.24160004,11.24160004,0.012077428
14/11/2020 20:25:56,14.44159985,11.44159985,0.011210606
14/11/2020 20:25:57,14.64159966,11.64159966,0.010343784
14/11/2020 20:25:58,14.84160042,11.84160042,0.009476963
14/11/2020 20:25:59,14.97929764,11.97929764,0.008610141
14/11/2020 20:26:00,14.87976551,11.87976551,0.007743319
14/11/2020 20:26:01,14.78023243,11.78023243,0.006876498
14/11/2020 20:26:02,14.6807003,11.6807003,0.006009676
14/11/2020 20:26:03,14.58116817,11.58116817,0.005142854
14/11/2020 20:26:04,14.48163605,11.48163605,0.004276032
14/11/2020 20:26:05,14.38210392,11.38210392,0.00340921
14/11/2020 20:26:06,14.28257179,11.28257179,0.002542388
14/11/2020 20:26:07,14.18303967,11.18303967,0.001675567
14/11/2020 20:26:08,14.08350754,11.08350754,0.000808745
14/11/2020 20:26:09,14.31705379,11.31705379,19.00979233
14/11/2020 20:26:10,16.28633308,13.28633308,302.7380371
14/11/2020 20:26:11,18.25561333,15.25561237,586.4663086
14/11/2020 20:26:12,20.22489166,17.22489166,870.194519
14/11/2020 20:26:13,22.19417,19.19417,1153.922852
14/11/2020 20:26:14,24.34964943,21.31634903,1489.237549
14/11/2020 20:26:15,28.56228638,25.12778282,2784.466309
14/11/2020 20:26:16,32.77492523,28.93921852,4079.695313
14/11/2020 20:26:17,36.98756409,32.75065231,5374.923828
14/11/2020 20:26:18,41.20019913,36.56208801,6670.152832
14/11/2020 20:26:19,44.92208481,39.92208481,7965.381836
14/11/2020 20:26:20,44.12701416,39.12701416,8234.50293
14/11/2020 20:26:21,43.33194351,38.33194351,8458.638672
14/11/2020 20:26:22,42.53687286,37.53687286,8682.773438
14/11/2020 20:26:23,41.74180222,36.74180222,8906.90918
14/11/2020 20:26:24,40.82635498,35.83971405,9131.043945
14/11/2020 20:26:25,38.23464966,33.44736862,8971.806641
14/11/2020 20:26:26,35.64294434,31.05502319,8795.761719
14/11/2020 20:26:27,33.0512352,28.66267967,8619.71582
14/11/2020 20:26:28,30.45952988,26.27033424,8443.670898
14/11/2020 20:26:29,27.9499321,23.95994568,8267.625
14/11/2020 20:26:30,26.96819115,23.17455292,7904.089355
14/11/2020 20:26:31,25.9864521,22.38916206,7532.333984
14/11/2020 20:26:32,25.00471306,21.6037693,7160.578125
14/11/2020 20:26:33,24.02297211,20.81837845,6788.822754
14/11/2020 20:26:34,23.04123306,20.03298569,6417.066895
14/11/2020 20:26:35,25.68239975,22.29920006,6659.791992
14/11/2020 20:26:36,28.48240089,24.69919968,6951.62207
14/11/2020 20:26:37,31.28240013,27.0991993,7243.452148
14/11/2020 20:26:38,34.08240128,29.49920082,7535.282227
14/11/2020 20:26:39,36.88240051,31.89920044,7827.112793
14/11/2020 20:26:40,35.85039902,31.04199982,7877.363281
14/11/2020 20:26:41,34.65039825,30.04199982,7908.308594
14/11/2020 20:26:42,33.45040131,29.04199982,7939.253906
14/11/2020 20:26:43,32.25040054,28.04199982,7970.199219
14/11/2020 20:26:44,31.05039978,27.04199982,8001.144531
14/11/2020 20:26:45,29.47208977,25.66732979,7684.441895
14/11/2020 20:26:46,27.87719345,24.27623177,7333.776367
14/11/2020 20:26:47,26.28229713,22.88513565,6983.11084
14/11/2020 20:26:48,24.68740082,21.49403763,6632.444824
14/11/2020 20:26:49,23.0925045,20.10294151,6281.779297
14/11/2020 20:26:50,21.49760818,18.51840019,5543.400391
14/11/2020 20:26:51,19.90271187,16.91839981,4759.535156
14/11/2020 20:26:52,18.30781555,15.31840038,3975.669922
14/11/2020 20:26:53,16.71291924,13.7184,3191.804932
14/11/2020 20:26:54,15.11802197,12.11839962,2407.939697
14/11/2020 20:26:55,15.73858452,12.73858452,2635.253174
14/11/2020 20:26:56,16.53619194,13.53619099,2961.353516
14/11/2020 20:26:57,17.33379936,14.33379841,3287.453857
14/11/2020 20:26:58,18.13140488,15.13140583,3613.554199
14/11/2020 20:26:59,18.9290123,15.92901325,3939.654541
14/11/2020 20:27:00,21.54266357,18.17942619,4533.997559
14/11/2020 20:27:01,24.3337326,20.57176971,5165.266113
14/11/2020 20:27:02,27.12479973,22.96411514,5796.534668
14/11/2020 20:27:03,29.91586876,25.35645866,6427.802734
14/11/2020 20:27:04,32.7069397,27.74880409,7059.071289
14/11/2020 20:27:05,29.76765633,25.12680626,6431.602051
14/11/2020 20:27:06,26.15609932,21.91653252,5656.459961
14/11/2020 20:27:07,22.54454231,18.70626068,4881.317871
14/11/2020 20:27:08,18.93298531,15.49598694,4106.175293
14/11/2020 20:27:09,15.3214283,12.28571415,3331.033203
14/11/2020 20:27:10,15,12.18104172,2936.36499
14/11/2020 20:27:11,15,12.37976933,2645.902832
14/11/2020 20:27:12,15,12.57849789,2355.440674
14/11/2020 20:27:13,15,12.77722549,2064.978516
14/11/2020 20:27:14,15,12.97595406,1774.516235
14/11/2020 20:27:15,14.82363605,12.64727116,1537.792236
14/11/2020 20:27:16,14.62299347,12.24598694,1317.119873
14/11/2020 20:27:17,14.42235184,11.84470272,1096.44751
14/11/2020 20:27:18,14.22170925,11.4434185,875.7750854
14/11/2020 20:27:19,14.02106762,11.04213524,655.1027222
14/11/2020 20:27:20,14,11,532.9125977
14/11/2020 20:27:21,14,11,435.1894226
14/11/2020 20:27:22,14,11,337.4662476
14/11/2020 20:27:23,14,11,239.743042
14/11/2020 20:27:24,14,11,142.0198517
14/11/2020 20:27:25,14.15653038,11,106.7982025
14/11/2020 20:27:26,14.35593224,11,87.10440826
14/11/2020 20:27:27,14.55533409,11,67.41060638
14/11/2020 20:27:28,14.75473595,11,47.71681213
14/11/2020 20:27:29,14.9541378,11,28.02301407
14/11/2020 20:27:30,14.84503937,11,20.7328434
14/11/2020 20:27:31,14.6437912,11,16.83984566
14/11/2020 20:27:32,14.44254398,11,12.94684792
14/11/2020 20:27:33,14.24129581,11,9.05384922
14/11/2020 20:27:34,14.0400486,11,5.160851479
14/11/2020 20:27:35,14.23991585,11,11.12980747
14/11/2020 20:27:36,14.53943729,11,19.7998085
14/11/2020 20:27:37,14.83895779,11,28.46980858
14/11/2020 20:27:38,15.13847828,11,37.13980865
14/11/2020 20:27:39,15.43799877,11,45.80981064
14/11/2020 20:27:40,15.73752022,11.47906685,453.9148865
14/11/2020 20:27:41,16.03704071,12.07715321,982.0063477
14/11/2020 20:27:42,16.3365612,12.67523956,1510.097778
14/11/2020 20:27:43,16.6360817,13.27332497,2038.189209
14/11/2020 20:27:44,16.93560219,13.87141132,2566.280762
14/11/2020 20:27:45,19.19799995,15.88399982,3492.408447
14/11/2020 20:27:46,21.99799919,18.2840004,4537.430176
14/11/2020 20:27:47,24.79800034,20.68400002,5582.45166
14/11/2020 20:27:48,27.59799957,23.08399963,6627.473145
14/11/2020 20:27:49,30.39800072,25.48399925,7672.495117
14/11/2020 20:27:50,28.96550941,24.27850914,7483.103027
14/11/2020 20:27:51,26.37380409,22.08552551,6741.708496
14/11/2020 20:27:52,23.78209686,19.89254379,6000.313477
14/11/2020 20:27:53,21.19039154,17.69956207,5258.918945
14/11/2020 20:27:54,18.59868431,15.5065794,4517.524414
14/11/2020 20:27:55,17.53850746,14.53850746,3980.148682
14/11/2020 20:27:56,16.93838692,13.93838787,3515.202881
14/11/2020 20:27:57,16.33826828,13.33826733,3050.256836
14/11/2020 20:27:58,15.73814774,12.73814774,2585.311035
14/11/2020 20:27:59,15.13802719,12.13802719,2120.36499
14/11/2020 20:28:00,15,12,1851.212402
14/11/2020 20:28:01,15,12,1651.56897
14/11/2020 20:28:02,15,12,1451.925537
14/11/2020 20:28:03,15,12,1252.282227
14/11/2020 20:28:04,15,12,1052.638794
14/11/2020 20:28:05,15,12,1550.365479
14/11/2020 20:28:06,15,12,2337.101318
14/11/2020 20:28:07,15,12,3123.837158
14/11/2020 20:28:08,15,12,3910.572754
14/11/2020 20:28:09,15,12,4697.308594
14/11/2020 20:28:10,16.32839966,13.32839966,4964.798828
14/11/2020 20:28:11,18.1284008,15.12839985,4964.798828
14/11/2020 20:28:12,19.92840004,16.92840004,4964.798828
14/11/2020 20:28:13,21.72839928,18.72839928,4964.798828
14/11/2020 20:28:14,23.52840042,20.52840042,4964.798828
14/11/2020 20:28:15,25.17352486,21.88014221,5178.256836
14/11/2020 20:28:16,26.76366615,23.07274818,5501.678223
14/11/2020 20:28:17,28.35380554,24.26535416,5825.099121
14/11/2020 20:28:18,29.94394684,25.45796013,6148.520508
14/11/2020 20:28:19,31.53408813,26.6505661,6471.941406
14/11/2020 20:28:20,29.7586689,25.03883553,6123.214355
14/11/2020 20:28:21,26.58846855,22.26490974,5428.228516
14/11/2020 20:28:22,23.4182682,19.49098396,4733.242676
14/11/2020 20:28:23,20.24806786,16.71706009,4038.25708
14/11/2020 20:28:24,17.07786751,13.94313431,3343.271484
14/11/2020 20:28:25,16,13,2783.584229
14/11/2020 20:28:26,16,13,2309.313721
14/11/2020 20:28:27,16,13,1835.043213
14/11/2020 20:28:28,16,13,1360.772705
14/11/2020 20:28:29,16,13,886.5022583
14/11/2020 20:28:30,15.86800003,12.86800003,880.8226929
14/11/2020 20:28:31,15.66800022,12.66800022,1151.529907
14/11/2020 20:28:32,15.46800041,12.46800041,1422.237061
14/11/2020 20:28:33,15.26799965,12.26799965,1692.944214
14/11/2020 20:28:34,15.06799984,12.06799984,1963.651367
14/11/2020 20:28:35,16.30770683,13.1769371,2372.154297
14/11/2020 20:28:36,18.28908348,14.96017456,2861.932617
14/11/2020 20:28:37,20.27045822,16.74341202,3351.710693
14/11/2020 20:28:38,22.25183296,18.52664948,3841.489014
14/11/2020 20:28:39,24.2332077,20.30988693,4331.267578
14/11/2020 20:28:40,24.38503265,20.38503265,4540.306152
14/11/2020 20:28:41,23.38182259,19.38182259,4572.108398
14/11/2020 20:28:42,22.37861061,18.37861061,4603.910156
14/11/2020 20:28:43,21.37540054,17.37540054,4635.712402
14/11/2020 20:28:44,20.37219048,16.37219048,4667.51416
14/11/2020 20:28:45,20.50320053,16.62899971,4807.260742
14/11/2020 20:28:46,21.30319977,17.62899971,5024.533691
14/11/2020 20:28:47,22.10320091,18.62899971,5241.807129
14/11/2020 20:28:48,22.90320015,19.62899971,5459.080566
14/11/2020 20:28:49,23.70319939,20.62899971,5676.353516
14/11/2020 20:28:50,23.24760818,20.24760818,5565.733887
14/11/2020 20:28:51,22.05143547,19.05143547,5219.616699
14/11/2020 20:28:52,20.85526276,17.85526276,4873.5
14/11/2020 20:28:53,19.65909004,16.65909004,4527.382813
14/11/2020 20:28:54,18.46291924,15.46291828,4181.266113
14/11/2020 20:28:55,17.51262093,14.51262188,3695.369629
14/11/2020 20:28:56,16.71755028,13.71755123,3087.982666
14/11/2020 20:28:57,15.92248058,12.92248058,2480.595459
14/11/2020 20:28:58,15.12740993,12.12740993,1873.208496
14/11/2020 20:28:59,14.33233929,11.33233929,1265.821411
14/11/2020 20:29:00,14.23171139,11.23171139,988.1592407
14/11/2020 20:29:01,14.6298399,11.6298399,1016.080383
14/11/2020 20:29:02,15.02796841,12.02796841,1044.001465
14/11/2020 20:29:03,15.42609692,12.42609692,1071.922607
14/11/2020 20:29:04,15.82422638,12.82422638,1099.84375
14/11/2020 20:29:05,16.22235489,13.22235489,1351.942871
14/11/2020 20:29:06,16.6204834,13.6204834,1798.888306
14/11/2020 20:29:07,17.01861191,14.01861286,2245.83374
14/11/2020 20:29:08,17.41674042,14.41674137,2692.779297
14/11/2020 20:29:09,17.81487083,14.81486988,3139.724854
14/11/2020 20:29:10,18.10665894,15,3403.73584
14/11/2020 20:29:11,18.30602074,15,3498.206299
14/11/2020 20:29:12,18.50538254,15,3592.677002
14/11/2020 20:29:13,18.70474434,15,3687.147705
14/11/2020 20:29:14,18.90410614,15,3781.618164
14/11/2020 20:29:15,19.20826721,15.31239986,3859.105469
14/11/2020 20:29:16,19.60955048,15.91432571,3919.811768
14/11/2020 20:29:17,20.01083374,16.51625252,3980.518066
14/11/2020 20:29:18,20.41211891,17.11817741,4041.224609
14/11/2020 20:29:19,20.81340218,17.72010422,4101.931152
14/11/2020 20:29:20,20.68002319,17.68002319,4114.919922
14/11/2020 20:29:21,20.08193779,17.08193779,4080.760742
14/11/2020 20:29:22,19.48385239,16.48385239,4046.601807
14/11/2020 20:29:23,18.88576508,15.88576508,4012.442627
14/11/2020 20:29:24,18.28767967,15.28767967,3978.283447
14/11/2020 20:29:25,18,15,3898.576416
14/11/2020 20:29:26,18,15,3770.890137
14/11/2020 20:29:27,18,15,3643.203857
14/11/2020 20:29:28,18,15,3515.517334
14/11/2020 20:29:29,18,15,3387.831055
14/11/2020 20:29:30,17.69820023,14.59759998,3125.965088
14/11/2020 20:29:31,17.09819984,13.79759979,2670.211426
14/11/2020 20:29:32,16.49819946,12.9975996,2214.45752
14/11/2020 20:29:33,15.89820004,12.19760036,1758.703857
14/11/2020 20:29:34,15.29819965,11.39760017,1302.950073
14/11/2020 20:29:35,14.89972115,11,981.7503662
14/11/2020 20:29:36,14.70035839,11,811.0686035
14/11/2020 20:29:37,14.50099659,11,640.3869019
14/11/2020 20:29:38,14.30163479,11,469.7051697
14/11/2020 20:29:39,14.10227299,11,299.0234375
14/11/2020 20:29:40,14.09590435,11,191.1122589
14/11/2020 20:29:41,14.29283142,11,158.0852661
14/11/2020 20:29:42,14.48975945,11,125.0582809
14/11/2020 20:29:43,14.68668747,11,92.03128815
14/11/2020 20:29:44,14.88361549,11,59.00429916
14/11/2020 20:29:45,14.91715622,11,37.32604599
14/11/2020 20:29:46,14.71460438,11,31.00196648
14/11/2020 20:29:47,14.51205158,11,24.67788506
14/11/2020 20:29:48,14.30949974,11,18.35380173
14/11/2020 20:29:49,14.1069479,11,12.02972126
14/11/2020 20:29:50,14.09409904,11.09409904,7.741284847
14/11/2020 20:29:51,14.29346085,11.29346085,6.394332409
14/11/2020 20:29:52,14.49282265,11.49282265,5.047379971
14/11/2020 20:29:53,14.6921854,11.6921854,3.700427532
14/11/2020 20:29:54,14.8915472,11.8915472,2.353474855
14/11/2020 20:29:55,14.95461369,11.95461369,1.496224523
14/11/2020 20:29:56,14.85508156,11.85508156,1.346587658
14/11/2020 20:29:57,14.75554848,11.75554848,1.196950793
14/11/2020 20:29:58,14.65601635,11.65601635,1.047313929
14/11/2020 20:29:59,14.55648422,11.55648422,0.897677004
14/11/2020 20:30:00,14.4569521,11.4569521,0.74804014
14/11/2020 20:30:01,14.35741997,11.35741997,0.598403275
14/11/2020 20:30:02,14.25788784,11.25788784,0.44876641
14/11/2020 20:30:03,14.15835571,11.15835571,0.299129516
14/11/2020 20:30:04,14.05882359,11.05882359,0.149492651
14/11/2020 20:30:05,14.08180046,11,0.057897825
14/11/2020 20:30:06,14.28180027,11,0.055950619
14/11/2020 20:30:07,14.48180008,11,0.05400341
14/11/2020 20:30:08,14.68179989,11,0.052056205
14/11/2020 20:30:09,14.8817997,11,0.050108995
14/11/2020 20:30:10,14.91819954,11,0.04816179
14/11/2020 20:30:11,14.71819973,11,0.046214581
14/11/2020 20:30:12,14.51819992,11,0.044267375
14/11/2020 20:30:13,14.31820011,11,0.042320166
14/11/2020 20:30:14,14.1182003,11,0.04037296
14/11/2020 20:30:15,14.08153915,11.08153915,0.038425751
14/11/2020 20:30:16,14.28090096,11.28090096,0.036478546
14/11/2020 20:30:17,14.48026276,11.48026276,0.034531336
14/11/2020 20:30:18,14.67962551,11.67962551,0.032584131
14/11/2020 20:30:19,14.87898731,11.87898731,0.030636923
14/11/2020 20:30:20,14.96082115,11.96082115,0.028689716
14/11/2020 20:30:21,14.86113071,11.86113071,0.026742509
14/11/2020 20:30:22,14.76143932,11.76143932,0.024795301
14/11/2020 20:30:23,14.66174889,11.66174889,0.022848094
14/11/2020 20:30:24,14.5620575,11.5620575,0.020900887
14/11/2020 20:30:25,14.46236706,11.46236706,0.018953681
14/11/2020 20:30:26,14.36267567,11.36267567,0.017006474
14/11/2020 20:30:27,14.26298428,11.26298428,0.015059265
14/11/2020 20:30:28,14.16329384,11.16329384,0.013112058
14/11/2020 20:30:29,14.06360245,11.06360245,0.011164851
14/11/2020 20:30:30,14,11,0.009217644
14/11/2020 20:30:31,14,11,0.007270437
14/11/2020 20:30:32,14,11,0.005323229
14/11/2020 20:30:33,14,11,0.003376022
14/11/2020 20:30:34,14,11,0.001428815
14/11/2020 20:30:35,14.13197803,11.13197803,91.42671967
14/11/2020 20:30:36,14.53070164,11.53070164,432.571167
14/11/2020 20:30:37,14.92942619,11.92942619,773.7156372
14/11/2020 20:30:38,15.3281498,12.3281498,1114.860107
14/11/2020 20:30:39,15.72687435,12.72687435,1456.004517
14/11/2020 20:30:40,16,13.031353,1760.016479
14/11/2020 20:30:41,16,13.13088512,1933.140381
14/11/2020 20:30:42,16,13.23041725,2106.26416
14/11/2020 20:30:43,16,13.32994938,2279.388184
14/11/2020 20:30:44,16,13.42948151,2452.511963
14/11/2020 20:30:45,16.05360031,13.52901363,2647.554199
14/11/2020 20:30:46,16.25359917,13.62854576,2927.077637
14/11/2020 20:30:47,16.45359993,13.72807789,3206.601074
14/11/2020 20:30:48,16.65360069,13.82761002,3486.124512
14/11/2020 20:30:49,16.85359955,13.92714214,3765.647949
14/11/2020 20:30:50,17.21307945,14.13317394,4045.571533
14/11/2020 20:30:51,18.0081501,14.63009357,4328.245605
14/11/2020 20:30:52,18.80322075,15.12701225,4610.919434
14/11/2020 20:30:53,19.5982914,15.62393188,4893.593262
14/11/2020 20:30:54,20.39336205,16.12085152,5176.26709
14/11/2020 20:30:55,21.18843079,16.61776924,5440.094238
14/11/2020 20:30:56,21.98350143,17.11468887,5614.452148
14/11/2020 20:30:57,22.77857208,17.61160851,5788.810547
14/11/2020 20:30:58,23.57364273,18.10852623,5963.168945
14/11/2020 20:30:59,24.36871338,18.60544586,6137.526855
14/11/2020 20:31:00,24.95944023,19.08111763,6315.712402
14/11/2020 20:31:01,24.76255226,19.47489738,6514.143555
14/11/2020 20:31:02,24.56566238,19.86867523,6712.574219
14/11/2020 20:31:03,24.36877251,20.26245308,6911.004883
14/11/2020 20:31:04,24.17188454,20.65623093,7109.435547
14/11/2020 20:31:05,24.17948723,21.15384674,7310.803711
14/11/2020 20:31:06,25.59277153,22.36523247,7527.709473
14/11/2020 20:31:07,27.00605774,23.5766201,7744.614746
14/11/2020 20:31:08,28.41934204,24.78800774,7961.52002
14/11/2020 20:31:09,29.83262634,25.99939346,8178.425293
14/11/2020 20:31:10,31.06939125,27.10408783,8393.763672
14/11/2020 20:31:11,31.46819496,27.7022934,8599.711914
14/11/2020 20:31:12,31.86699867,28.30049896,8805.661133
14/11/2020 20:31:13,32.26580429,28.89870453,9011.609375
14/11/2020 20:31:14,32.664608,29.4969101,9217.557617
14/11/2020 20:31:15,32.58660126,29.58659935,9280.938477
14/11/2020 20:31:16,29.98660088,26.98660088,8584.563477
14/11/2020 20:31:17,27.38660049,24.38660049,7888.187988
14/11/2020 20:31:18,24.78660011,21.78660011,7191.812988
14/11/2020 20:31:19,22.18659973,19.18659973,6495.4375
14/11/2020 20:31:20,19.94705582,16.94705582,5828.201172
14/11/2020 20:31:21,19.61407852,16.61407852,5335.592773
14/11/2020 20:31:22,19.28109932,16.28109932,4842.984375
14/11/2020 20:31:23,18.94812202,15.94812202,4350.375977
14/11/2020 20:31:24,18.61514473,15.61514378,3857.767334
14/11/2020 20:31:25,18.28216553,15.28216553,3383.552246
14/11/2020 20:31:26,17.94918823,14.94918728,3173.917969
14/11/2020 20:31:27,17.61620903,14.61620903,2964.283447
14/11/2020 20:31:28,17.28323174,14.28323078,2754.64917
14/11/2020 20:31:29,16.95025253,13.95025349,2545.014893
14/11/2020 20:31:30,16.61727524,13.61727524,2332.760254
14/11/2020 20:31:31,16.28429604,13.28429699,2069.652832
14/11/2020 20:31:32,15.95131874,12.95131874,1806.54541
14/11/2020 20:31:33,15.61834049,12.61834049,1543.437988
14/11/2020 20:31:34,15.28536224,12.28536224,1280.330566
14/11/2020 20:31:35,14.98583317,11.98583317,1017.223145
14/11/2020 20:31:36,14.88676453,11.88676453,854.4436035
14/11/2020 20:31:37,14.78769588,11.78769588,693.0886841
14/11/2020 20:31:38,14.68862724,11.68862724,531.7337036
14/11/2020 20:31:39,14.5895586,11.5895586,370.3787842
14/11/2020 20:31:40,14.49048901,11.49048901,209.3038788
14/11/2020 20:31:41,14.39142036,11.39142036,187.9700928
14/11/2020 20:31:42,14.29235172,11.29235172,166.6363068
14/11/2020 20:31:43,14.19328308,11.19328308,145.3025055
14/11/2020 20:31:44,14.09421444,11.09421444,123.9687271
14/11/2020 20:31:45,14.00967789,11.00967789,102.8134995
14/11/2020 20:31:46,14.20718956,11.20718956,170.7620087
14/11/2020 20:31:47,14.40470123,11.40470123,238.7105255
14/11/2020 20:31:48,14.60221195,11.60221195,306.6590271
14/11/2020 20:31:49,14.79972363,11.79972363,374.6075439
14/11/2020 20:31:50,14.9972353,11.9972353,442.5560303
14/11/2020 20:31:51,15.59349918,12.59349918,970.1151733
14/11/2020 20:31:52,16.19542503,13.19542503,1504.200195
14/11/2020 20:31:53,16.79735184,13.79735184,2038.285278
14/11/2020 20:31:54,17.39927864,14.39927769,2572.370361
14/11/2020 20:31:55,18.00440025,15.00399971,3106.455322
14/11/2020 20:31:56,20.20439911,17.00399971,3848.222168
14/11/2020 20:31:57,22.40439987,19.00399971,4596.191406
14/11/2020 20:31:58,24.60440063,21.00399971,5344.160645
14/11/2020 20:31:59,26.80439949,23.00399971,6092.129883
14/11/2020 20:32:00,29.00159454,25.00119591,6840.099609
14/11/2020 20:32:01,29.79904366,25.59928322,7359.446289
14/11/2020 20:32:02,30.59649086,26.19736862,7871.964844
14/11/2020 20:32:03,31.39393997,26.79545403,8384.483398
14/11/2020 20:32:04,32.19138718,27.39354134,8897.001953
14/11/2020 20:32:05,32.98883438,27.99162674,9409.520508
14/11/2020 20:32:06,29.65762711,25.05084801,8501.599609
14/11/2020 20:32:07,26.26779747,22.05982018,7551.254395
14/11/2020 20:32:08,22.87796593,19.06879425,6600.909668
14/11/2020 20:32:09,19.48813629,16.07776642,5650.56543
14/11/2020 20:32:10,16.09830475,13.08673954,4700.220703
14/11/2020 20:32:11,15.80580044,12.80580044,3985.427979
14/11/2020 20:32:12,15.60579967,12.60579967,3281.734375
14/11/2020 20:32:13,15.40579987,12.40579987,2578.041016
14/11/2020 20:32:14,15.20580006,12.20580006,1874.347656
14/11/2020 20:32:15,15.00580025,12.00580025,1170.654297
14/11/2020 20:32:16,15.97099972,12.97099972,1647.031006
14/11/2020 20:32:17,16.97100067,13.97099972,2220.469727
14/11/2020 20:32:18,17.97100067,14.97099972,2793.908447
14/11/2020 20:32:19,18.97100067,15.97099972,3367.347168
14/11/2020 20:32:20,19.97100067,16.97100067,3940.785889
14/11/2020 20:32:21,20.77432251,17.77432251,4203.604004
14/11/2020 20:32:22,21.57176971,18.57176971,4440.873535
14/11/2020 20:32:23,22.36921883,19.36921883,4678.142578
14/11/2020 20:32:24,23.16666603,20.16666603,4915.412109
14/11/2020 20:32:25,23.96411514,20.96411514,5152.681641
14/11/2020 20:32:26,24,20.81017685,5264.094727
14/11/2020 20:32:27,24,20.61141014,5365.008789
14/11/2020 20:32:28,24,20.41264153,5465.922852
14/11/2020 20:32:29,24,20.21387482,5566.836914
14/11/2020 20:32:30,24,20.0151062,5667.750488
14/11/2020 20:32:31,24,20.18479919,5906.161133
14/11/2020 20:32:32,24,20.38479996,6161.219238
14/11/2020 20:32:33,24,20.58480072,6416.277344
14/11/2020 20:32:34,24,20.78479958,6671.335449
14/11/2020 20:32:35,24,20.98480034,6926.393555
14/11/2020 20:32:36,24.92381477,21.92381477,7088.695801
14/11/2020 20:32:37,25.9236145,22.9236145,7236.023926
14/11/2020 20:32:38,26.92341614,23.92341614,7383.351563
14/11/2020 20:32:39,27.92321587,24.92321587,7530.679199
14/11/2020 20:32:40,28.92301559,25.92301559,7678.007324
14/11/2020 20:32:41,28.81653786,25.44961166,7767.009766
14/11/2020 20:32:42,28.61776924,24.85330963,7842.68457
14/11/2020 20:32:43,28.41900253,24.25700569,7918.359863
14/11/2020 20:32:44,28.22023392,23.66070366,7994.034668
14/11/2020 20:32:45,28.02146721,23.06440163,8069.709961
14/11/2020 20:32:46,27.46809769,23,8040.298828
14/11/2020 20:32:47,26.87179565,23,7984.287109
14/11/2020 20:32:48,26.27549171,23,7928.275391
14/11/2020 20:32:49,25.67918968,23,7872.263672
14/11/2020 20:32:50,25.08288574,23,7816.251465
14/11/2020 20:32:51,25,23,7756.18457
14/11/2020 20:32:52,25,23,7695.19043
14/11/2020 20:32:53,25,23,7634.196289
14/11/2020 20:32:54,25,23,7573.202637
14/11/2020 20:32:55,25,23,7512.208496
14/11/2020 20:32:56,25.4868412,23.32456207,7479.415039
14/11/2020 20:32:57,26.08492851,23.72328568,7453.760254
14/11/2020 20:32:58,26.68301392,24.12200928,7428.10498
14/11/2020 20:32:59,27.28110123,24.52073288,7402.450195
14/11/2020 20:33:00,27.87918663,24.91945839,7376.794922
14/11/2020 20:33:01,29.12078667,25.8005619,7467.585449
14/11/2020 20:33:02,30.52528,26.80377197,7590.647461
14/11/2020 20:33:03,31.92977524,27.80698204,7713.708984
14/11/2020 20:33:04,33.33427048,28.81019211,7836.770996
14/11/2020 20:33:05,34.73876572,29.81340218,7959.833008
14/11/2020 20:33:06,34.10736847,29.26966476,8062.771484
14/11/2020 20:33:07,33.01076508,28.37244606,8159.597168
14/11/2020 20:33:08,31.9141655,27.47522736,8256.422852
14/11/2020 20:33:09,30.81756592,26.57800865,8353.248047
14/11/2020 20:33:10,29.72096443,25.68078995,8450.074219
14/11/2020 20:33:11,28.62436485,24.78357124,8262.732422
14/11/2020 20:33:12,27.52776337,23.88635254,7981.173828
14/11/2020 20:33:13,26.43116379,22.98913383,7699.614746
14/11/2020 20:33:14,25.3345623,22.09191513,7418.055664
14/11/2020 20:33:15,24.23796272,21.19469643,7136.496094
14/11/2020 20:33:16,24.93660355,21.93660355,7192.389648
14/11/2020 20:33:17,26.13277435,23.13277435,7350.794922
14/11/2020 20:33:18,27.32894707,24.32894707,7509.200195
14/11/2020 20:33:19,28.52511978,25.52511978,7667.60498
14/11/2020 20:33:20,29.7212925,26.7212925,7826.010254
14/11/2020 20:33:21,29.69417953,26.5412674,7823.050293
14/11/2020 20:33:22,29.29545403,25.94318199,7775.105957
14/11/2020 20:33:23,28.89673042,25.34509659,7727.161621
14/11/2020 20:33:24,28.49800682,24.74700928,7679.217773
14/11/2020 20:33:25,28.09928322,24.14892387,7631.273438
14/11/2020 20:33:26,28.15068245,24.3013649,7602.757813
14/11/2020 20:33:27,28.35132408,24.70264816,7580.683594
14/11/2020 20:33:28,28.55196571,25.10393333,7558.609375
14/11/2020 20:33:29,28.75260925,25.5052166,7536.535156
14/11/2020 20:33:30,28.95325089,25.90649986,7514.461426
14/11/2020 20:33:31,28.23069191,25.07682991,7530.697266
14/11/2020 20:33:32,27.22768211,23.87322044,7563.041504
14/11/2020 20:33:33,26.22467422,22.66960907,7595.385254
14/11/2020 20:33:34,25.22166443,21.4659977,7627.729492
14/11/2020 20:33:35,24.21865654,20.26238632,7660.073242
14/11/2020 20:33:36,24,20,7549.309082
14/11/2020 20:33:37,24,20,7386.948242
14/11/2020 20:33:38,24,20,7224.587402
14/11/2020 20:33:39,24,20,7062.226074
14/11/2020 20:33:40,24,20,6899.865234
14/11/2020 20:33:41,23.75071335,19.92502022,6695.748535
14/11/2020 20:33:42,23.41877365,19.82518005,6472.696777
14/11/2020 20:33:43,23.08683586,19.72533989,6249.64502
14/11/2020 20:33:44,22.75489616,19.62549973,6026.592773
14/11/2020 20:33:45,22.42295647,19.52565956,5803.541016
14/11/2020 20:33:46,22.09101868,19.4258194,5714.856934
14/11/2020 20:33:47,21.75907898,19.32597923,5701.100586
14/11/2020 20:33:48,21.42713928,19.22613907,5687.344727
14/11/2020 20:33:49,21.09519958,19.126297,5673.588379
14/11/2020 20:33:50,20.7632618,19.02645683,5659.832031
14/11/2020 20:33:51,20.4313221,18.56306267,5449.202637
14/11/2020 20:33:52,20.0993824,17.96859169,5112.702637
14/11/2020 20:33:53,19.7674427,17.37412071,4776.203125
14/11/2020 20:33:54,19.43550491,16.77964973,4439.703125
14/11/2020 20:33:55,19.10356522,16.18517876,4103.203613
14/11/2020 20:33:56,18.45461845,15.59070683,3775.455078
14/11/2020 20:33:57,17.66191101,14.99623489,3455.405029
14/11/2020 20:33:58,16.86920357,14.40176392,3135.355225
14/11/2020 20:33:59,16.07649612,13.80729198,2815.305176
14/11/2020 20:34:00,15.28378868,13.21282101,2495.255127
14/11/2020 20:34:01,15.76550102,13.51033401,2514.577148
14/11/2020 20:34:02,16.95787048,14.30524635,2894.263184
14/11/2020 20:34:03,18.15023804,15.10015869,3273.949219
14/11/2020 20:34:04,19.3426075,15.89507198,3653.635254
14/11/2020 20:34:05,20.53497696,16.68998337,4033.321289
14/11/2020 20:34:06,20.75974846,17,4197.118652
14/11/2020 20:34:07,20.36589241,17,4145.888184
14/11/2020 20:34:08,19.97203636,17,4094.658447
14/11/2020 20:34:09,19.57818031,17,4043.428223
14/11/2020 20:34:10,19.18432426,17,3992.198242
14/11/2020 20:34:11,20.05409241,17.63245583,4185.916504
14/11/2020 20:34:12,22.03546715,18.82127953,4656.963379
14/11/2020 20:34:13,24.01684189,20.01010513,5128.010742
14/11/2020 20:34:14,25.99821663,21.19893074,5599.058105
14/11/2020 20:34:15,27.97959137,22.38775444,6070.105469
14/11/2020 20:34:16,28.90268898,23.19462204,6393.287109
14/11/2020 20:34:17,28.70204735,23.59590721,6538.638672
14/11/2020 20:34:18,28.50140381,23.99719048,6683.990234
14/11/2020 20:34:19,28.30076218,24.39847565,6829.341797
14/11/2020 20:34:20,28.10012054,24.79975891,6974.693359
14/11/2020 20:34:21,27.65093994,24.75067139,7066.166504
14/11/2020 20:34:22,26.954216,24.2530117,7096.638184
14/11/2020 20:34:23,26.25749016,23.75535011,7127.109863
14/11/2020 20:34:24,25.56076431,23.25768852,7157.582031
14/11/2020 20:34:25,24.86403847,22.76002693,7188.053711
14/11/2020 20:34:26,24.16731453,22.26236725,7198.339355
14/11/2020 20:34:27,23.47058868,21.76470566,7184.347656
14/11/2020 20:34:28,22.77386284,21.26704407,7170.355957
14/11/2020 20:34:29,22.07713699,20.76938438,7156.364258
14/11/2020 20:34:30,21.38041115,20.27172279,7142.372559
14/11/2020 20:34:31,21.81965828,20.36429214,7210.951172
14/11/2020 20:34:32,23.62507439,21.16670036,7378.832031
14/11/2020 20:34:33,25.4304924,21.96910667,7546.713379
14/11/2020 20:34:34,27.23590851,22.77151489,7714.594238
14/11/2020 20:34:35,29.04132462,23.5739212,7882.475586
14/11/2020 20:34:36,29.43888283,23.62592316,7946.708496
14/11/2020 20:34:37,28.24247169,22.82831573,7885.785645
14/11/2020 20:34:38,27.04606247,22.03070831,7824.862305
14/11/2020 20:34:39,25.84965134,21.23310089,7763.939453
14/11/2020 20:34:40,24.6532402,20.43549347,7703.016602
14/11/2020 20:34:41,23.36440086,19.54599953,7278.000488
14/11/2020 20:34:42,21.96439934,18.54599953,6415.11084
14/11/2020 20:34:43,20.56439972,17.54599953,5552.221191
14/11/2020 20:34:44,19.1644001,16.54599953,4689.331543
14/11/2020 20:34:45,17.76440048,15.54599953,3826.44165
14/11/2020 20:34:46,16.81843567,14.72765446,3137.788086
14/11/2020 20:34:47,16.41851616,14.12777424,2672.697998
14/11/2020 20:34:48,16.01859665,13.52789402,2207.607666
14/11/2020 20:34:49,15.61867619,12.92801476,1742.517578
14/11/2020 20:34:50,15.21875668,12.32813454,1277.427368
14/11/2020 20:34:51,15.45309067,12.45309067,1323.492065
14/11/2020 20:34:52,16.45329094,13.45329094,2069.669189
14/11/2020 20:34:53,17.45349121,14.45349026,2815.846436
14/11/2020 20:34:54,18.45369148,15.45369053,3562.023438
14/11/2020 20:34:55,19.45388985,16.45388985,4308.200684
14/11/2020 20:34:56,20.72408295,17.36204147,4891.92334
14/11/2020 20:34:57,22.31897926,18.15949059,5222.615234
14/11/2020 20:34:58,23.91387558,18.95693779,5553.307617
14/11/2020 20:34:59,25.5087719,19.7543869,5883.999512
14/11/2020 20:35:00,27.10366821,20.55183411,6214.691895
14/11/2020 20:35:01,27.82535934,21,6486.871582
14/11/2020 20:35:02,27.42663383,21,6661.529785
14/11/2020 20:35:03,27.02791023,21,6836.188477
14/11/2020 20:35:04,26.62918663,21,7010.847168
14/11/2020 20:35:05,26.23046303,21,7185.505371
14/11/2020 20:35:06,26.11183167,21.25164032,7317.57666
14/11/2020 20:35:07,26.37683868,21.84794235,7362.395508
14/11/2020 20:35:08,26.6418438,22.44424629,7407.213867
14/11/2020 20:35:09,26.90685081,23.04054832,7452.032715
14/11/2020 20:35:10,27.17185593,23.63685226,7496.851563
14/11/2020 20:35:11,27.43686295,23.92204857,7542.436035
14/11/2020 20:35:12,27.70186806,23.72268677,7589.589844
14/11/2020 20:35:13,27.96687508,23.52332497,7636.743652
14/11/2020 20:35:14,28.23188019,23.32396317,7683.897461
14/11/2020 20:35:15,28.4968853,23.12460136,7731.05127
14/11/2020 20:35:16,28.76189232,23.14860344,7755.234863
14/11/2020 20:35:17,29.02689743,23.54487801,7720.642578
14/11/2020 20:35:18,29.29190445,23.94115257,7686.050293
14/11/2020 20:35:19,29.55690956,24.33742905,7651.458008
14/11/2020 20:35:20,29.82191658,24.73370361,7616.865723
14/11/2020 20:35:21,30.06559944,25.19680023,7589.277344
14/11/2020 20:35:22,30.2656002,25.79680061,7579.608887
14/11/2020 20:35:23,30.46559906,26.39679909,7569.939941
14/11/2020 20:35:24,30.66559982,26.99679947,7560.271484
14/11/2020 20:35:25,30.86560059,27.59679985,7550.603027
14/11/2020 20:35:26,30.61006546,27.54507637,7528.586914
14/11/2020 20:35:27,29.42123985,26.15811348,7466.152832
14/11/2020 20:35:28,28.23241615,24.77115059,7403.718262
14/11/2020 20:35:29,27.04359055,23.3841877,7341.283691
14/11/2020 20:35:30,25.85476494,21.99722672,7278.849121
14/11/2020 20:35:31,25,21.05620003,7219.33252
14/11/2020 20:35:32,25,21.25620079,7173.861816
14/11/2020 20:35:33,25,21.45619965,7128.391113
14/11/2020 20:35:34,25,21.65620041,7082.92041
14/11/2020 20:35:35,25,21.85619926,7037.450195
14/11/2020 20:35:36,25,22,7007.306152
14/11/2020 20:35:37,25,22,7050.943848
14/11/2020 20:35:38,25,22,7094.582031
14/11/2020 20:35:39,25,22,7138.220215
14/11/2020 20:35:40,25,22,7181.85791
14/11/2020 20:35:41,24.9537735,21.9537735,7223.924805
14/11/2020 20:35:42,24.75622368,21.75622368,7257.490234
14/11/2020 20:35:43,24.55867195,21.55867195,7291.055664
14/11/2020 20:35:44,24.36112213,21.36112213,7324.621094
14/11/2020 20:35:45,24.16357231,21.16357231,7358.187012
14/11/2020 20:35:46,24.10320091,21.03440094,7392.923828
14/11/2020 20:35:47,24.70319939,21.2343998,7437.234863
14/11/2020 20:35:48,25.30319977,21.43440056,7481.54541
14/11/2020 20:35:49,25.90320015,21.63439941,7525.856445
14/11/2020 20:35:50,26.50320053,21.83440018,7570.16748
14/11/2020 20:35:51,27,21.96570969,7612.756836
14/11/2020 20:35:52,27,21.76634789,7620.428711
14/11/2020 20:35:53,27,21.56698608,7628.101074
14/11/2020 20:35:54,27,21.36762428,7635.773438
14/11/2020 20:35:55,27,21.16826248,7643.445801
14/11/2020 20:35:56,26.93818092,21,7646.458496
14/11/2020 20:35:57,26.54190636,21,7594.391602
14/11/2020 20:35:58,26.14563179,21,7542.325195
14/11/2020 20:35:59,25.74935532,21,7490.258301
14/11/2020 20:36:00,25.35308075,21,7438.191895
14/11/2020 20:36:01,25.06459808,21.06459808,7392.755371
14/11/2020 20:36:02,25.65724945,21.65724945,7425.688477
14/11/2020 20:36:03,26.24990082,22.24990082,7458.62207
14/11/2020 20:36:04,26.84255219,22.84255219,7491.555664
14/11/2020 20:36:05,27.43520355,23.43520355,7524.48877
14/11/2020 20:36:06,27.99054146,23.99054146,7557.440918
14/11/2020 20:36:07,27.78929329,23.78929329,7590.674805
14/11/2020 20:36:08,27.58804512,23.58804512,7623.908691
14/11/2020 20:36:09,27.38679886,23.38679886,7657.143066
14/11/2020 20:36:10,27.18555069,23.18555069,7690.376953
14/11/2020 20:36:11,27.03120041,23.03120041,7729.307617
14/11/2020 20:36:12,27.43120003,23.43120003,7854.427734
14/11/2020 20:36:13,27.83119965,23.83119965,7979.547852
14/11/2020 20:36:14,28.23119926,24.23119926,8104.667969
14/11/2020 20:36:15,28.63120079,24.63120079,8229.788086
14/11/2020 20:36:16,28.96884918,24.95335007,8355.431641
14/11/2020 20:36:17,28.56948853,24.35526276,8515.460938
14/11/2020 20:36:18,28.17012787,23.75717735,8675.490234
14/11/2020 20:36:19,27.77076721,23.15909004,8835.519531
14/11/2020 20:36:20,27.37140656,22.56100464,8995.548828
14/11/2020 20:36:21,26.97204399,22.01851273,9151.868164
14/11/2020 20:36:22,26.57268333,22.31711006,9064.566406
14/11/2020 20:36:23,26.17332268,22.61570549,8977.265625
14/11/2020 20:36:24,25.77396202,22.91430283,8889.963867
14/11/2020 20:36:25,25.37460136,23.21290016,8802.662109
14/11/2020 20:36:26,25.02456856,23.51149559,8715.360352
14/11/2020 20:36:27,25.42084312,23.81009293,8606.0625
14/11/2020 20:36:28,25.8171196,24.10868835,8496.40625
14/11/2020 20:36:29,26.21339417,24.40728569,8386.75
14/11/2020 20:36:30,26.60966873,24.70588303,8277.09375
14/11/2020 20:36:31,26.97900009,24.97599983,8167.437012
14/11/2020 20:36:32,25.57900047,23.37599945,7671.808105
14/11/2020 20:36:33,24.17900085,21.77599907,7163.419922
14/11/2020 20:36:34,22.77899933,20.1760006,6655.03125
14/11/2020 20:36:35,21.37899971,18.57600021,6146.643066
14/11/2020 20:36:36,20,17,5638.254395
14/11/2020 20:36:37,20,17,5356.087402
14/11/2020 20:36:38,20,17,5085.07666
14/11/2020 20:36:39,20,17,4814.066406
14/11/2020 20:36:40,20,17,4543.055664
14/11/2020 20:36:41,20,17,4272.044922
14/11/2020 20:36:42,19.50951958,16.21531105,3976.406982
14/11/2020 20:36:43,19.01106644,15.41786289,3679.554199
14/11/2020 20:36:44,18.51261139,14.62041473,3382.701172
14/11/2020 20:36:45,18.01415634,13.82296658,3085.848389
14/11/2020 20:36:46,17.51570129,13.02551842,2788.995605
14/11/2020 20:36:47,17.01724625,12.90334511,2544.659912
14/11/2020 20:36:48,16.5187912,12.80349445,2303.85498
14/11/2020 20:36:49,16.02033615,12.70364475,2063.050293
14/11/2020 20:36:50,15.52188206,12.6037941,1822.245483
14/11/2020 20:36:51,15.02342701,12.5039444,1581.440674
14/11/2020 20:36:52,15,12.40409374,1394.327881
14/11/2020 20:36:53,15,12.30424404,1211.820557
14/11/2020 20:36:54,15,12.20439339,1029.313232
14/11/2020 20:36:55,15,12.10454273,846.8059692
14/11/2020 20:36:56,15,12.00469303,664.2987061
14/11/2020 20:36:57,15,12,753.7869873
14/11/2020 20:36:58,15,12,866.6060181
14/11/2020 20:36:59,15,12,979.4251099
14/11/2020 20:37:00,15,12,1092.244141
14/11/2020 20:37:01,15,12,1205.063232
14/11/2020 20:37:02,15,12,1204.154175
14/11/2020 20:37:03,15,12,1193.489868
14/11/2020 20:37:04,15,12,1182.825439
14/11/2020 20:37:05,15,12,1172.161133
14/11/2020 20:37:06,15,12,1161.496826
14/11/2020 20:37:07,15.92099953,12.82890034,1752.479004
14/11/2020 20:37:08,16.92099953,13.72889996,2443.034424
14/11/2020 20:37:09,17.92099953,14.62889957,3133.589844
14/11/2020 20:37:10,18.92099953,15.52890015,3824.14502
14/11/2020 20:37:11,19.92099953,16.42889977,4514.700684
14/11/2020 20:37:12,20.73679924,17.32889938,4889.890137
14/11/2020 20:37:13,21.53680038,18.22890091,5231.975098
14/11/2020 20:37:14,22.33679962,19.12890053,5574.060547
14/11/2020 20:37:15,23.13680077,20.02890015,5916.145508
14/11/2020 20:37:16,23.9368,20.92889977,6258.230469
14/11/2020 20:37:17,27.27434349,23.72861862,6905.179688
14/11/2020 20:37:18,30.82954788,26.6912899,7589.808105
14/11/2020 20:37:19,34.38475037,29.65395927,8274.4375
14/11/2020 20:37:20,37.93995667,32.61663055,8959.066406
14/11/2020 20:37:21,41.49515915,35.57929993,9643.694336
14/11/2020 20:37:22,37.49606323,32.01574707,8923.241211
14/11/2020 20:37:23,32.24671936,27.37209702,8029.125488
14/11/2020 20:37:24,26.99737549,22.72844696,7135.010254
14/11/2020 20:37:25,21.74803162,18.08479691,6240.89502
14/11/2020 20:37:26,16.49868774,13.44114685,5346.779297
14/11/2020 20:37:27,16.36091805,13.36091709,5042.579102
14/11/2020 20:37:28,16.75972176,13.7597208,4836.010254
14/11/2020 20:37:29,17.15852356,14.15852451,4629.441406
14/11/2020 20:37:30,17.55732727,14.55732822,4422.872559
14/11/2020 20:37:31,17.95613098,14.95613194,4216.303711
14/11/2020 20:37:32,18,14.82199955,4093.571533
14/11/2020 20:37:33,18,14.62199974,3986.453125
14/11/2020 20:37:34,18,14.42199993,3879.334473
14/11/2020 20:37:35,18,14.22200012,3772.216064
14/11/2020 20:37:36,18,14.02200031,3665.097412
14/11/2020 20:37:37,19.94554901,15.76868057,4175.807129
14/11/2020 20:37:38,22.13155746,17.75596237,4801.581543
14/11/2020 20:37:39,24.31756783,19.74324417,5427.355469
14/11/2020 20:37:40,26.50357628,21.73052406,6053.129395
14/11/2020 20:37:41,28.68958664,23.71780586,6678.90332
14/11/2020 20:37:42,29.17108727,24.34217262,6766.973633
14/11/2020 20:37:43,29.37048912,24.74097633,6754.902344
14/11/2020 20:37:44,29.56989098,25.13978004,6742.831055
14/11/2020 20:37:45,29.76929283,25.53858376,6730.759766
14/11/2020 20:37:46,29.96869469,25.93738747,6718.688477
14/11/2020 20:37:47,29.49419975,25.66279984,6765.606445
14/11/2020 20:37:48,28.89419937,25.26280022,6823.510254
14/11/2020 20:37:49,28.2942009,24.8628006,6881.414063
14/11/2020 20:37:50,27.69420052,24.46279907,6939.317871
14/11/2020 20:37:51,27.09420013,24.06279945,6997.22168
14/11/2020 20:37:52,25.81979942,22.65119934,6678.753418
14/11/2020 20:37:53,24.4197998,21.05120087,6254.128418
14/11/2020 20:37:54,23.01980019,19.45120049,5829.503906
14/11/2020 20:37:55,21.61980057,17.8512001,5404.878906
14/11/2020 20:37:56,20.21980095,16.25119972,4980.254395
14/11/2020 20:37:57,19.32559967,15.58113861,4607.977051
14/11/2020 20:37:58,18.52560043,15.08426952,4251.870117
14/11/2020 20:37:59,17.72559929,14.58739948,3895.762939
14/11/2020 20:38:00,16.92560005,14.09052944,3539.655762
14/11/2020 20:38:01,16.12560081,13.59366035,3183.548584
14/11/2020 20:38:02,15.666996,13.09679031,2772.346436
14/11/2020 20:38:03,15.27197361,12.59992027,2344.125488
14/11/2020 20:38:04,14.87695026,12.10305119,1915.904541
14/11/2020 20:38:05,14.48192787,11.60618114,1487.683594
14/11/2020 20:38:06,14.08690453,11.1093111,1059.462646
14/11/2020 20:38:07,14.15550232,11.31100464,901.6829834
14/11/2020 20:38:08,14.35486412,11.70972919,858.7059937
14/11/2020 20:38:09,14.55422688,12.1084528,815.7290649
14/11/2020 20:38:10,14.75358868,12.50717735,772.7521362
14/11/2020 20:38:11,14.95295048,12.90590096,729.7751465
14/11/2020 20:38:12,15.76399994,13.61120033,1210.588989
14/11/2020 20:38:13,16.76399994,14.41119957,1931.15564
14/11/2020 20:38:14,17.76399994,15.21119976,2651.722168
14/11/2020 20:38:15,18.76399994,16.01119995,3372.288574
14/11/2020 20:38:16,19.76399994,16.81119919,4092.855225
14/11/2020 20:38:17,20,17,4358.375977
14/11/2020 20:38:18,20,17,4384.215332
14/11/2020 20:38:19,20,17,4410.055176
14/11/2020 20:38:20,20,17,4435.89502
14/11/2020 20:38:21,20,17,4461.734863
14/11/2020 20:38:22,21.53947449,18.39952087,4888.438477
14/11/2020 20:38:23,23.73245621,20.3931427,5541.60791
14/11/2020 20:38:24,25.92543793,22.38676262,6194.777832
14/11/2020 20:38:25,28.11842155,24.38038254,6847.947266
14/11/2020 20:38:26,30.31140327,26.37400246,7501.117188
14/11/2020 20:38:27,29.63645363,25.63645363,7654.240234
14/11/2020 20:38:28,27.64877701,23.64877701,7462.737305
14/11/2020 20:38:29,25.66110039,21.66110039,7271.233887
14/11/2020 20:38:30,23.67342567,19.67342567,7079.730469
14/11/2020 20:38:31,21.68574905,17.68574905,6888.227051
14/11/2020 20:38:32,20.86941719,16.86941719,6515.951172
14/11/2020 20:38:33,20.67005539,16.67005539,5992.754883
14/11/2020 20:38:34,20.47069359,16.47069359,5469.558594
14/11/2020 20:38:35,20.27133179,16.27133179,4946.361816
14/11/2020 20:38:36,20.07196999,16.07196999,4423.165527
14/11/2020 20:38:37,19.24034119,15.36695099,3912.486084
14/11/2020 20:38:38,18.05151558,14.37626266,3412.906738
14/11/2020 20:38:39,16.86268997,13.38557529,2913.327637
14/11/2020 20:38:40,15.67386532,12.39488792,2413.748291
14/11/2020 20:38:41,14.48504066,11.40420055,1914.168945
14/11/2020 20:38:42,15.05567646,11.93837929,2074.508545
14/11/2020 20:38:43,16.83891487,13.52347946,2900.067627
14/11/2020 20:38:44,18.62215233,15.10857964,3725.626465
14/11/2020 20:38:45,20.40538979,16.69367981,4551.185547
14/11/2020 20:38:46,22.18862724,18.27877998,5376.744629
14/11/2020 20:38:47,23.21697998,19.2173481,5906.675293
14/11/2020 20:38:48,23.61510849,19.61615181,6099.196777
14/11/2020 20:38:49,24.013237,20.01495552,6291.71875
14/11/2020 20:38:50,24.41136742,20.41375923,6484.240234
14/11/2020 20:38:51,24.80949593,20.81256294,6676.762207
14/11/2020 20:38:52,25.20762444,21.1053257,6809.089844
14/11/2020 20:38:53,25.60575294,21.30405426,6852.983887
14/11/2020 20:38:54,26.00388145,21.50278282,6896.878418
14/11/2020 20:38:55,26.40200996,21.70150948,6940.772949
14/11/2020 20:38:56,26.80013847,21.90023804,6984.666992
14/11/2020 20:38:57,27.3959446,22.3959446,7130.437012
14/11/2020 20:38:58,28.19101524,23.19101524,7425.876465
14/11/2020 20:38:59,28.98608589,23.98608589,7721.315918
14/11/2020 20:39:00,29.78115654,24.78115654,8016.755371
14/11/2020 20:39:01,30.57622719,25.57622719,8312.194336
14/11/2020 20:39:02,30.90774345,25.90774345,8545.478516
14/11/2020 20:39:03,30.71019363,25.71019363,8681.134766
14/11/2020 20:39:04,30.51264381,25.51264381,8816.791992
14/11/2020 20:39:05,30.31509209,25.31509209,8952.448242
14/11/2020 20:39:06,30.11754227,25.11754227,9088.105469
14/11/2020 20:39:07,29.6760006,24.6760006,9096.624023
14/11/2020 20:39:08,28.87599945,23.87599945,8891.427734
14/11/2020 20:39:09,28.07600021,23.07600021,8686.232422
14/11/2020 20:39:10,27.27599907,22.27599907,8481.036133
14/11/2020 20:39:11,26.47599983,21.47599983,8275.839844
14/11/2020 20:39:12,26,21.08074188,8052.597168
14/11/2020 20:39:13,26,21.28010368,7799.017578
14/11/2020 20:39:14,26,21.47946548,7545.438477
14/11/2020 20:39:15,26,21.67882729,7291.859375
14/11/2020 20:39:16,26,21.87818909,7038.279785
14/11/2020 20:39:17,25.37958527,21.45713806,6701.048828
14/11/2020 20:39:18,23.78468895,20.06160355,6202.873535
14/11/2020 20:39:19,22.18979263,18.66606903,5704.698242
14/11/2020 20:39:20,20.59489632,17.27053452,5206.522949
14/11/2020 20:39:21,19,15.875,4708.347656
14/11/2020 20:39:22,18.07460022,15.07460022,4320.567871
14/11/2020 20:39:23,18.27459908,15.27460003,4145.187012
14/11/2020 20:39:24,18.47459984,15.47459984,3969.806152
14/11/2020 20:39:25,18.6746006,15.67459965,3794.425049
14/11/2020 20:39:26,18.87459946,15.87460041,3619.044189
14/11/2020 20:39:27,19.37070084,16.37070084,3684.612305
14/11/2020 20:39:28,20.3645401,17.3645401,4248.339355
14/11/2020 20:39:29,21.35837746,18.35837746,4812.066406
14/11/2020 20:39:30,22.35221672,19.35221672,5375.793457
14/11/2020 20:39:31,23.34605408,20.34605408,5939.520508
14/11/2020 20:39:32,23.93160057,20.93160057,6340.685547
14/11/2020 20:39:33,23.73159981,20.73159981,6381.705566
14/11/2020 20:39:34,23.53160095,20.53160095,6422.725586
14/11/2020 20:39:35,23.33160019,20.33160019,6463.745605
14/11/2020 20:39:36,23.13159943,20.13159943,6504.765625
14/11/2020 20:39:37,23.54545403,20.54545403,6632.815918
14/11/2020 20:39:38,25.14035034,22.14035034,6968.854492
14/11/2020 20:39:39,26.73524666,23.73524666,7304.893066
14/11/2020 20:39:40,28.33014297,25.33014297,7640.931152
14/11/2020 20:39:41,29.92503929,26.92503929,7976.969727
14/11/2020 20:39:42,30.7399807,27.67497444,8228.996094
14/11/2020 20:39:43,29.94237328,26.67796516,8280.248047
14/11/2020 20:39:44,29.14476585,25.68095779,8331.5
14/11/2020 20:39:45,28.34715843,24.68394852,8382.751953
14/11/2020 20:39:46,27.54955101,23.68693924,8434.00293
14/11/2020 20:39:47,26.50398636,22.50398636,8267.539063
14/11/2020 20:39:48,24.90909004,20.90909004,7580.771484
14/11/2020 20:39:49,23.31419373,19.31419373,6894.003418
14/11/2020 20:39:50,21.71929741,17.71929741,6207.23584
14/11/2020 20:39:51,20.12440109,16.12440109,5520.467773
14/11/2020 20:39:52,19.11800003,15.17700005,4977.883301
14/11/2020 20:39:53,19.51799965,15.77700043,4872.498535
14/11/2020 20:39:54,19.91799927,16.37700081,4767.114258
14/11/2020 20:39:55,20.31800079,16.97699928,4661.729492
14/11/2020 20:39:56,20.71800041,17.57699966,4556.345215
14/11/2020 20:39:57,21.64900017,18.70800018,4619.862793
14/11/2020 20:39:58,23.84900093,21.1079998,5292.828125
14/11/2020 20:39:59,26.04899979,23.50799942,5965.793457
14/11/2020 20:40:00,28.24900055,25.90800095,6638.758789
14/11/2020 20:40:01,30.4489994,28.30800056,7311.724121
14/11/2020 20:40:02,31.24014282,29.12324142,7658.76709
14/11/2020 20:40:03,28.66435432,26.15117836,6829.786621
14/11/2020 20:40:04,26.08856773,23.1791172,6000.806152
14/11/2020 20:40:05,23.51277924,20.20705414,5171.825684
14/11/2020 20:40:06,20.93699265,17.23499107,4342.845215
14/11/2020 20:40:07,18.95070648,15,3652.396729
14/11/2020 20:40:08,18.75193787,15,3572.237061
14/11/2020 20:40:09,18.55317116,15,3492.077637
14/11/2020 20:40:10,18.35440254,15,3411.917969
14/11/2020 20:40:11,18.15563583,15,3331.758301
14/11/2020 20:40:12,18.47739983,15.43400002,3380.376465
14/11/2020 20:40:13,20.67740059,17.43400002,4057.733643
14/11/2020 20:40:14,22.87739944,19.43400002,4735.09082
14/11/2020 20:40:15,25.07740021,21.43400002,5412.447754
14/11/2020 20:40:16,27.27739906,23.43400002,6089.805176
14/11/2020 20:40:17,29.0862484,25.0862484,6706.089355
14/11/2020 20:40:18,29.48370361,25.48370361,7053.322754
14/11/2020 20:40:19,29.88116074,25.88116074,7400.556152
14/11/2020 20:40:20,30.27861595,26.27861595,7747.789551
14/11/2020 20:40:21,30.67607307,26.67607307,8095.023438
14/11/2020 20:40:22,30.63110733,26.63110733,8308.967773
14/11/2020 20:40:23,28.63708878,24.63708878,7867.51123
14/11/2020 20:40:24,26.64307022,22.64307022,7426.054199
14/11/2020 20:40:25,24.64905357,20.64905357,6984.597168
14/11/2020 20:40:26,22.65503502,18.65503502,6543.140137
14/11/2020 20:40:27,21.27281761,17.34102249,6147.912109
14/11/2020 20:40:28,22.87763214,19.34704018,6041.444336
14/11/2020 20:40:29,24.48244667,21.35305977,5934.977051
14/11/2020 20:40:30,26.0872612,23.35907745,5828.509277
14/11/2020 20:40:31,27.69207573,25.36509514,5722.041992
14/11/2020 20:40:32,28.8155899,26.7787075,5646.986816
14/11/2020 20:40:33,27.81877899,25.5825367,5795.90625
14/11/2020 20:40:34,26.82196999,24.38636398,5944.825684
14/11/2020 20:40:35,25.82515907,23.19019127,6093.744629
14/11/2020 20:40:36,24.82835007,21.99401855,6242.664063
14/11/2020 20:40:37,24.13436699,21.10077477,6399.736328
14/11/2020 20:40:38,24.92943764,21.6970787,6624.850098
14/11/2020 20:40:39,25.72450829,22.29338074,6849.963867
14/11/2020 20:40:40,26.51957893,22.88968468,7075.077637
14/11/2020 20:40:41,27.31464958,23.48598671,7300.191406
14/11/2020 20:40:42,27.94496536,23.88993073,7506.736328
14/11/2020 20:40:43,27.54616165,23.0923233,7558.312988
14/11/2020 20:40:44,27.14735794,22.29471588,7609.889648
14/11/2020 20:40:45,26.74855423,21.49710846,7661.466309
14/11/2020 20:40:46,26.34975052,20.69950104,7713.04248
14/11/2020 20:40:47,25.97547913,20.02452087,7761.632813
14/11/2020 20:40:48,25.77611732,20.22388268,7780.38916
14/11/2020 20:40:49,25.57675362,20.42324638,7799.145996
14/11/2020 20:40:50,25.37739182,20.62260818,7817.902832
14/11/2020 20:40:51,25.17803001,20.82196999,7836.659668
14/11/2020 20:40:52,25.06419945,21.06419945,7860.464844
14/11/2020 20:40:53,25.66419983,21.66419983,7926.405273
14/11/2020 20:40:54,26.26420021,22.26420021,7992.345703
14/11/2020 20:40:55,26.86420059,22.86420059,8058.286133
14/11/2020 20:40:56,27.46419907,23.46419907,8124.226563
14/11/2020 20:40:57,28,24,8187.514648
14/11/2020 20:40:58,28,24,8218.087891
14/11/2020 20:40:59,28,24,8248.662109
14/11/2020 20:41:00,28,24,8279.235352
14/11/2020 20:41:01,28,24,8309.808594
14/11/2020 20:41:02,27.98174095,23.98174095,8336.728516
14/11/2020 20:41:03,27.78109932,23.78109932,8306.408203
14/11/2020 20:41:04,27.58045769,23.58045769,8276.087891
14/11/2020 20:41:05,27.37981606,23.37981606,8245.767578
14/11/2020 20:41:06,27.17917252,23.17917252,8215.447266
14/11/2020 20:41:07,27.12758255,23.12758255,8185.126953
14/11/2020 20:41:08,28.31995201,24.31995201,8193.023438
14/11/2020 20:41:09,29.51232147,25.51232147,8201.035156
14/11/2020 20:41:10,30.70469093,26.70469093,8209.045898
14/11/2020 20:41:11,31.89705849,27.89705849,8217.057617
14/11/2020 20:41:12,32.88035965,28.89531326,8225.069336
14/11/2020 20:41:13,31.28514481,27.49950218,8002.892578
14/11/2020 20:41:14,29.68992996,26.10368919,7768.601074
14/11/2020 20:41:15,28.09471512,24.70787621,7534.30957
14/11/2020 20:41:16,26.49950218,23.31206322,7300.018066
14/11/2020 20:41:17,25.01185036,22.01185036,7065.726563
14/11/2020 20:41:18,25.20936203,22.20936203,7003.456055
14/11/2020 20:41:19,25.4068737,22.4068737,6947.240234
14/11/2020 20:41:20,25.60438538,22.60438538,6891.024414
14/11/2020 20:41:21,25.80189705,22.80189705,6834.808594
14/11/2020 20:41:22,25.99940681,22.99940681,6778.592773
14/11/2020 20:41:23,25.40364838,22.20982742,6742.506836
14/11/2020 20:41:24,24.80550385,21.41727829,6708.195801
14/11/2020 20:41:25,24.20735741,20.62472725,6673.884277
14/11/2020 20:41:26,23.60921097,19.83217812,6639.573242
14/11/2020 20:41:27,23.01106644,19.03962708,6605.262207
14/11/2020 20:41:28,22.41292,18.61878014,6408.351563
14/11/2020 20:41:29,21.81477356,18.21749687,6200.137695
14/11/2020 20:41:30,21.21662903,17.8162117,5991.923828
14/11/2020 20:41:31,20.61848259,17.41492844,5783.709961
14/11/2020 20:41:32,20.02033615,17.01364326,5575.495605
14/11/2020 20:41:33,19.04299545,16.04299545,4878.546875
14/11/2020 20:41:34,18.05230904,15.05230808,4147.621582
14/11/2020 20:41:35,17.06162071,14.06162071,3416.696045
14/11/2020 20:41:36,16.07093239,13.07093334,2685.770752
14/11/2020 20:41:37,15.08024597,12.08024597,1954.845337
14/11/2020 20:41:38,14.81560993,11.81560993,1609.806274
14/11/2020 20:41:39,14.6149683,11.6149683,1298.779053
14/11/2020 20:41:40,14.41432571,11.41432571,987.75177
14/11/2020 20:41:41,14.21368408,11.21368408,676.7245483
14/11/2020 20:41:42,14.0130415,11.0130415,365.6972656
14/11/2020 20:41:43,14.18700027,11.18700027,288.3509521
14/11/2020 20:41:44,14.38700008,11.38700008,236.1065674
14/11/2020 20:41:45,14.58699989,11.58699989,183.8621826
14/11/2020 20:41:46,14.7869997,11.7869997,131.6178131
14/11/2020 20:41:47,14.98700047,11.98700047,79.37343597
14/11/2020 20:41:48,14.90679836,11.90679836,61.78526688
14/11/2020 20:41:49,14.80711746,11.80711746,50.02711487
14/11/2020 20:41:50,14.70743656,11.70743656,38.26896286
14/11/2020 20:41:51,14.60775471,11.60775471,26.51081276
14/11/2020 20:41:52,14.50807381,11.50807381,14.75266075
14/11/2020 20:41:53,14.40839291,11.40839291,11.26872444
14/11/2020 20:41:54,14.30871201,11.30871201,9.17671299
14/11/2020 20:41:55,14.20903111,11.20903111,7.084700108
14/11/2020 20:41:56,14.1093502,11.1093502,4.992688179
14/11/2020 20:41:57,14.0096693,11.0096693,2.900675774
14/11/2020 20:41:58,14.17891788,11.17891788,2.194490194
14/11/2020 20:41:59,14.37705612,11.37705612,1.782267928
14/11/2020 20:42:00,14.57519341,11.57519341,1.370045781
14/11/2020 20:42:01,14.77333069,11.77333069,0.957823515
14/11/2020 20:42:02,14.97146797,11.97146797,0.545601249
14/11/2020 20:42:03,14.8288002,11.8288002,0.46058175
14/11/2020 20:42:04,14.62880039,11.62880039,0.4604536
14/11/2020 20:42:05,14.42879963,11.42879963,0.46032545
14/11/2020 20:42:06,14.22879982,11.22879982,0.46019733
14/11/2020 20:42:07,14.02880001,11.02880001,0.46006918
14/11/2020 20:42:08,14.17014503,11.17014503,0.45994103
14/11/2020 20:42:09,14.3689127,11.3689127,0.45981288
14/11/2020 20:42:10,14.56768036,11.56768036,0.45968473
14/11/2020 20:42:11,14.76644802,11.76644802,0.459556609
14/11/2020 20:42:12,14.96521568,11.96521568,0.459428459
14/11/2020 20:42:13,14.83601665,11.83601665,0.459300309
14/11/2020 20:42:14,14.63724899,11.63724899,0.459172159
14/11/2020 20:42:15,14.43848133,11.43848133,0.459044009
14/11/2020 20:42:16,14.23971367,11.23971367,0.458915889
14/11/2020 20:42:17,14.04094601,11.04094601,0.458787739
14/11/2020 20:42:18,14,11,0.458659589
14/11/2020 20:42:19,14,11,0.458531439
14/11/2020 20:42:20,14,11,0.458403289
14/11/2020 20:42:21,14,11,0.458275169
14/11/2020 20:42:22,14,11,0.458147019
14/11/2020 20:42:23,14.1484499,11.1484499,0.458018869
14/11/2020 20:42:24,14.34717846,11.34717846,0.457890719
14/11/2020 20:42:25,14.54590607,11.54590607,0.457762569
14/11/2020 20:42:26,14.74463463,11.74463463,0.457634449
14/11/2020 20:42:27,14.94336224,11.94336224,0.457506299
14/11/2020 20:42:28,14.85830402,11.85830402,0.457378149
14/11/2020 20:42:29,14.66012669,11.66012669,0.457249999
14/11/2020 20:42:30,14.4619503,11.4619503,0.457121849
14/11/2020 20:42:31,14.26377296,11.26377296,0.456993729
14/11/2020 20:42:32,14.06559658,11.06559658,0.456865579
14/11/2020 20:42:33,14.13337326,11.13337326,0.456737429
14/11/2020 20:42:34,14.33273506,11.33273506,0.456609279
14/11/2020 20:42:35,14.53209686,11.53209686,0.456481129
14/11/2020 20:42:36,14.73145962,11.73145962,0.456353009
14/11/2020 20:42:37,14.93082142,11.93082142,0.456224859
14/11/2020 20:42:38,14.86940002,11.86940002,0.456096709
14/11/2020 20:42:39,14.66940022,11.66940022,0.455968559
14/11/2020 20:42:40,14.46940041,11.46940041,0.455840409
14/11/2020 20:42:41,14.26939964,11.26939964,0.455712289
14/11/2020 20:42:42,14.06939983,11.06939983,0.455584139
14/11/2020 20:42:43,14,11,0.455455989
14/11/2020 20:42:44,14,11,0.455327839
14/11/2020 20:42:45,14,11,0.455199689
14/11/2020 20:42:46,14,11,0.455071568
14/11/2020 20:42:47,14,11,0.454943419
14/11/2020 20:42:48,14.13059998,11.13059998,0.454815269
14/11/2020 20:42:49,14.33059978,11.33059978,0.454687119
14/11/2020 20:42:50,14.53059959,11.53059959,0.454558969
14/11/2020 20:42:51,14.73060036,11.73060036,0.454430848
14/11/2020 20:42:52,14.93060017,11.93060017,0.454302698
14/11/2020 20:42:53,15,11.86981678,0.454174548
14/11/2020 20:42:54,15,11.67045498,0.454046398
14/11/2020 20:42:55,15,11.47109222,0.453918248
14/11/2020 20:42:56,15,11.27173042,0.453790128
14/11/2020 20:42:57,15,11.07236862,0.453661978
14/11/2020 20:42:58,15,11.06359863,0.453533828
14/11/2020 20:42:59,15,11.1634388,0.453405678
14/11/2020 20:43:00,15,11.26327896,0.453277528
14/11/2020 20:43:01,15,11.36311913,0.453149408
14/11/2020 20:43:02,15,11.46295929,0.453021258
14/11/2020 20:43:03,15,11.56279945,0.452893108
14/11/2020 20:43:04,15,11.66263962,0.452764958
14/11/2020 20:43:05,15,11.76247978,0.452636808
14/11/2020 20:43:06,15,11.86231995,0.452508688
14/11/2020 20:43:07,15,11.96216011,0.452380538
14/11/2020 20:43:08,14.87695694,11.87695694,0.452252388
14/11/2020 20:43:09,14.6788187,11.6788187,0.452124238
14/11/2020 20:43:10,14.48068142,11.48068142,0.451996088
14/11/2020 20:43:11,14.28254414,11.28254414,0.451867968
14/11/2020 20:43:12,14.08440685,11.08440685,0.451739818
14/11/2020 20:43:13,14.11553955,11.11553955,0.451611668
14/11/2020 20:43:14,14.31682777,11.31682777,0.451483518
14/11/2020 20:43:15,14.518116,11.518116,0.451355368
14/11/2020 20:43:16,14.71940422,11.71940422,0.451227248
14/11/2020 20:43:17,14.92069244,11.92069244,0.451099098
14/11/2020 20:43:18,14.87880039,11.87880039,0.450970948
14/11/2020 20:43:19,14.67879963,11.67879963,0.450842798
14/11/2020 20:43:20,14.47879982,11.47879982,0.450714648
14/11/2020 20:43:21,14.27880001,11.27880001,0.450586528
14/11/2020 20:43:22,14.0788002,11.0788002,0.450458378
14/11/2020 20:43:23,14.12042904,11,0.450330228
14/11/2020 20:43:24,14.3191576,11,0.450202078
14/11/2020 20:43:25,14.51788521,11,0.450073928
14/11/2020 20:43:26,14.71661377,11,0.449945807
14/11/2020 20:43:27,14.91534138,11,0.449817657
14/11/2020 20:43:28,14.94277763,11,0.449689507
14/11/2020 20:43:29,14.84308624,11,0.449561357
14/11/2020 20:43:30,14.74339581,11,0.449433237
14/11/2020 20:43:31,14.64370441,11,0.449305087
14/11/2020 20:43:32,14.54401398,11,0.449176937
14/11/2020 20:43:33,14.44432259,11,0.449048787
14/11/2020 20:43:34,14.3446312,11,0.448920637
14/11/2020 20:43:35,14.24494076,11,0.448792517
14/11/2020 20:43:36,14.14524937,11,0.448664367
14/11/2020 20:43:37,14.04555893,11,0.448536217
14/11/2020 20:43:38,14.10825348,11.10825348,0.448408067
14/11/2020 20:43:39,14.30761528,11.30761528,0.448279917
14/11/2020 20:43:40,14.50697803,11.50697803,0.448151797
14/11/2020 20:43:41,14.70633984,11.70633984,0.448023647
14/11/2020 20:43:42,14.90570164,11.90570164,0.447895497
14/11/2020 20:43:43,14.89524937,11.89524937,0.447767347
14/11/2020 20:43:44,14.6964817,11.6964817,0.447639197
14/11/2020 20:43:45,14.49771404,11.49771404,0.447511077
14/11/2020 20:43:46,14.29894638,11.29894638,0.447382927
14/11/2020 20:43:47,14.10017872,11.10017872,0.447254777
14/11/2020 20:43:48,14.09920025,11.09920025,0.447126627
14/11/2020 20:43:49,14.29920006,11.29920006,0.446998477
14/11/2020 20:43:50,14.49919987,11.49919987,0.446870357
14/11/2020 20:43:51,14.69919968,11.69919968,0.446742207
14/11/2020 20:43:52,14.89920044,11.89920044,0.446614057
14/11/2020 20:43:53,14.90111637,11.90111637,0.446485907
14/11/2020 20:43:54,14.70175457,11.70175457,0.446357757
14/11/2020 20:43:55,14.50239277,11.50239277,0.446229637
14/11/2020 20:43:56,14.30303001,11.30303001,0.446101487
14/11/2020 20:43:57,14.10366821,11.10366821,0.445973337
14/11/2020 20:43:58,14,11,0.445845187
14/11/2020 20:43:59,14,11,0.445717037
14/11/2020 20:44:00,14,11,0.445588917
14/11/2020 20:44:01,14,11,0.445460767
14/11/2020 20:44:02,14,11,0.445332617
14/11/2020 20:44:03,14.0857935,11.0857935,0.445204467
14/11/2020 20:44:04,14.28393078,11.28393078,0.445076317
14/11/2020 20:44:05,14.48206902,11.48206902,0.444948196
14/11/2020 20:44:06,14.6802063,11.6802063,0.444820046
14/11/2020 20:44:07,14.87834358,11.87834358,0.444691896
14/11/2020 20:44:08,14.92350388,11.92350388,0.444563746
14/11/2020 20:44:09,14.72532654,11.72532654,0.444435596
14/11/2020 20:44:10,14.52715015,11.52715015,0.444307476
14/11/2020 20:44:11,14.32897377,11.32897377,0.444179326
14/11/2020 20:44:12,14.13079643,11.13079643,0.444051176
14/11/2020 20:44:13,14.06756783,11.06756783,0.443923026
14/11/2020 20:44:14,14.26629543,11.26629543,0.443794876
14/11/2020 20:44:15,14.46502399,11.46502399,0.443666756
14/11/2020 20:44:16,14.6637516,11.6637516,0.443538606
14/11/2020 20:44:17,14.86248016,11.86248016,0.443410456
14/11/2020 20:44:18,14.93858433,11.93858433,0.443282306
14/11/2020 20:44:19,14.73918247,11.73918247,0.443154156
14/11/2020 20:44:20,14.53978062,11.53978062,0.443026036
14/11/2020 20:44:21,14.34037876,11.34037876,0.442897886
14/11/2020 20:44:22,14.14097691,11.14097691,0.442769736
14/11/2020 20:44:23,14.05841351,11,0.442641586
14/11/2020 20:44:24,14.25777531,11,0.442513436
14/11/2020 20:44:25,14.45713711,11,0.442385316
14/11/2020 20:44:26,14.65649891,11,0.442257166
14/11/2020 20:44:27,14.85586166,11,0.442129016
14/11/2020 20:44:28,15,11.05505848,0.442000866
14/11/2020 20:44:29,15,11.25382614,0.441872716
14/11/2020 20:44:30,15,11.4525938,0.441744596
14/11/2020 20:44:31,15,11.65136147,0.441616446
14/11/2020 20:44:32,15,11.85012913,0.441488296
14/11/2020 20:44:33,14.95111275,11.95111275,0.441360146
14/11/2020 20:44:34,14.75238514,11.75238514,0.441231996
14/11/2020 20:44:35,14.55365658,11.55365658,0.441103876
14/11/2020 20:44:36,14.35492802,11.35492802,0.440975726
14/11/2020 20:44:37,14.15620041,11.15620041,0.440847576
14/11/2020 20:44:38,14.04279995,11.04279995,0.440719426
14/11/2020 20:44:39,14.24279976,11.24279976,0.440591276
14/11/2020 20:44:40,14.44279957,11.44279957,0.440463156
14/11/2020 20:44:41,14.64280033,11.64280033,0.440335006
14/11/2020 20:44:42,14.84280014,11.84280014,0.440206856
14/11/2020 20:44:43,15,11.95732784,0.440078706
14/11/2020 20:44:44,15,11.75792599,0.439950556
14/11/2020 20:44:45,15,11.55852413,0.439822435
14/11/2020 20:44:46,15,11.35912228,0.439694285
14/11/2020 20:44:47,15,11.15972042,0.439566135
14/11/2020 20:44:48,15,11,0.439437985
14/11/2020 20:44:49,15,11,0.439309835
14/11/2020 20:44:50,15,11,0.439181715
14/11/2020 20:44:51,15,11,0.439053565
14/11/2020 20:44:52,15,11,0.438925415
14/11/2020 20:44:53,15,11.03361511,0.438797265
14/11/2020 20:44:54,15,11.23490334,0.438669115
14/11/2020 20:44:55,15,11.43619156,0.438540995
14/11/2020 20:44:56,15,11.63747978,0.438412845
14/11/2020 20:44:57,15,11.83876801,0.438284695
14/11/2020 20:44:58,15,11.96093464,0.438156545
14/11/2020 20:44:59,15,11.7646246,0.438028395
14/11/2020 20:45:00,15,11.56831551,0.437900275
14/11/2020 20:45:01,15,11.37200642,0.437772125
14/11/2020 20:45:02,15,11.17569733,0.437643975
14/11/2020 20:45:03,15,11.02099991,0.437515825
14/11/2020 20:45:04,15,11.22099972,0.437387675
14/11/2020 20:45:05,15,11.42099953,0.437259555
14/11/2020 20:45:06,15,11.62100029,0.437131405
14/11/2020 20:45:07,15,11.8210001,0.437003255
14/11/2020 20:45:08,15,12,0.436875105
14/11/2020 20:45:09,15,12,0.436746955
14/11/2020 20:45:10,15,12,0.436618835
14/11/2020 20:45:11,15,12,0.436490685
14/11/2020 20:45:12,15,12,0.436362535
14/11/2020 20:45:13,14.98557854,11.98557854,0.436234385
14/11/2020 20:45:14,14.78802872,11.78802872,0.436106235
14/11/2020 20:45:15,14.59047794,11.59047794,0.435978115
14/11/2020 20:45:16,14.39292812,11.39292812,0.435849965
14/11/2020 20:45:17,14.19537735,11.19537735,0.435721815
14/11/2020 20:45:18,14.00222111,11.00222111,0.435593665
14/11/2020 20:45:19,14.20411873,11.20411873,0.435465515
14/11/2020 20:45:20,14.40601635,11.40601635,0.435337394
14/11/2020 20:45:21,14.60791397,11.60791397,0.435209244
14/11/2020 20:45:22,14.80981255,11.80981255,0.435081095
14/11/2020 20:45:23,14.98840046,11.98840046,0.434952945
14/11/2020 20:45:24,14.7883997,11.7883997,0.434824795
14/11/2020 20:45:25,14.58839989,11.58839989,0.434696674
14/11/2020 20:45:26,14.38840008,11.38840008,0.434568524
14/11/2020 20:45:27,14.18840027,11.18840027,0.434440374
14/11/2020 20:45:28,14.01152611,11.01152611,0.434312224
14/11/2020 20:45:29,14.21025467,11.21025467,0.434184074
14/11/2020 20:45:30,14.40898228,11.40898228,0.434055954
14/11/2020 20:45:31,14.60771084,11.60771084,0.433927804
14/11/2020 20:45:32,14.80643845,11.80643845,0.433799654
14/11/2020 20:45:33,14.99483204,11.9974041,0.433671504
14/11/2020 20:45:34,14.79606438,11.89755344,0.433543354
14/11/2020 20:45:35,14.59729671,11.79770374,0.433415234
14/11/2020 20:45:36,14.39852905,11.69785309,0.433287084
14/11/2020 20:45:37,14.19976139,11.59800339,0.433158934
14/11/2020 20:45:38,14.00099373,11.49815273,0.433030784
14/11/2020 20:45:39,14.19963932,11.39830208,0.432902664
14/11/2020 20:45:40,14.40028095,11.29845238,0.432774514
14/11/2020 20:45:41,14.60092258,11.19860172,0.432646364
14/11/2020 20:45:42,14.80156517,11.09875202,0.432518214
14/11/2020 20:45:43,15,11.00220013,0.432390064
14/11/2020 20:45:44,15,11.20219994,0.432261944
14/11/2020 20:45:45,15,11.40219975,0.432133794
14/11/2020 20:45:46,15,11.60219955,0.432005644
14/11/2020 20:45:47,15,11.80220032,0.431877494
14/11/2020 20:45:48,14.99782085,11.99782085,0.431749344
14/11/2020 20:45:49,14.79968262,11.79968262,0.431621224
14/11/2020 20:45:50,14.60154533,11.60154533,0.431493074
14/11/2020 20:45:51,14.40340805,11.40340805,0.431364924
14/11/2020 20:45:52,14.20527077,11.20527077,0.431236774
14/11/2020 20:45:53,14.00713253,11.00713253,0.431108624
14/11/2020 20:45:54,14.19338036,11.19338036,0.430980504
14/11/2020 20:45:55,14.39398193,11.39398193,0.430852354
14/11/2020 20:45:56,14.59458351,11.59458351,0.430724204
14/11/2020 20:45:57,14.79518509,11.79518509,0.430596054
14/11/2020 20:45:58,14.99578762,11.99578762,0.430467904
14/11/2020 20:45:59,14.80478573,11.80478573,0.430339783
14/11/2020 20:46:00,14.60538387,11.60538387,0.430211633
14/11/2020 20:46:01,14.40598202,11.40598202,0.430083483
14/11/2020 20:46:02,14.20658016,11.20658016,0.429955333
14/11/2020 20:46:03,14.00717831,11.00717831,0.429827183
14/11/2020 20:46:04,14.09594917,11,0.429699063
14/11/2020 20:46:05,14.1954813,11,0.429570913
14/11/2020 20:46:06,14.29501343,11,0.429442763
14/11/2020 20:46:07,14.39454556,11,0.429314613
14/11/2020 20:46:08,14.49407768,11,0.429186463
14/11/2020 20:46:09,14.59360981,11.18584251,0.429058343
14/11/2020 20:46:10,14.69314194,11.38524437,0.428930193
14/11/2020 20:46:11,14.79267406,11.58464622,0.428802043
14/11/2020 20:46:12,14.89220619,11.78404808,0.428673893
14/11/2020 20:46:13,14.99173927,11.98344994,0.428545743
14/11/2020 20:46:14,14.8171854,11.8171854,0.428417623
14/11/2020 20:46:15,14.61782265,11.61782265,0.428289473
14/11/2020 20:46:16,14.41846085,11.41846085,0.428161323
14/11/2020 20:46:17,14.21909904,11.21909904,0.428033173
14/11/2020 20:46:18,14.01973724,11.01973724,0.427905023
14/11/2020 20:46:19,14.08982182,11.08982182,0.427776903
14/11/2020 20:46:20,14.18951225,11.18951225,0.427648753
14/11/2020 20:46:21,14.28920364,11.28920364,0.427520603
14/11/2020 20:46:22,14.38889408,11.38889408,0.427392453
14/11/2020 20:46:23,14.48858547,11.48858547,0.427264303
14/11/2020 20:46:24,14.58827591,11.58827591,0.427136183
14/11/2020 20:46:25,14.6879673,11.6879673,0.427008033
14/11/2020 20:46:26,14.78765869,11.78765869,0.426879883
14/11/2020 20:46:27,14.88734913,11.88734913,0.426751733
14/11/2020 20:46:28,14.98704052,11.98704052,0.426623583
14/11/2020 20:46:29,15,11.82655525,0.426495463
14/11/2020 20:46:30,15,11.62719345,0.426367313
14/11/2020 20:46:31,15,11.4278307,0.426239163
14/11/2020 20:46:32,15,11.22846889,0.426111013
14/11/2020 20:46:33,15,11.02910709,0.425982863
14/11/2020 20:46:34,15,11.17025471,0.425854743
14/11/2020 20:46:35,15,11.36961746,0.425726593
14/11/2020 20:46:36,15,11.56897926,0.425598443
14/11/2020 20:46:37,15,11.76834106,0.425470293
14/11/2020 20:46:38,15,11.96770382,0.425342143
14/11/2020 20:46:39,14.832901,11.832901,0.425214022
14/11/2020 20:46:40,14.63349915,11.63349915,0.425085872
14/11/2020 20:46:41,14.43409729,11.43409729,0.424957722
14/11/2020 20:46:42,14.23469639,11.23469639,0.424829572
14/11/2020 20:46:43,14.03529453,11.03529453,0.424701422
14/11/2020 20:46:44,14.1640749,11.1640749,0.424573302
14/11/2020 20:46:45,14.3634367,11.3634367,0.424445152
14/11/2020 20:46:46,14.56279945,11.56279945,0.424317002
14/11/2020 20:46:47,14.76216125,11.76216125,0.424188852
14/11/2020 20:46:48,14.96152306,11.96152306,0.424060702
14/11/2020 20:46:49,14.83959484,11.91954899,0.423932582
14/11/2020 20:46:50,14.64082718,11.81985855,0.423804432
14/11/2020 20:46:51,14.44205952,11.72016716,0.423676282
14/11/2020 20:46:52,14.24329185,11.62047672,0.423548132
14/11/2020 20:46:53,14.04452419,11.52078533,0.423419982
14/11/2020 20:46:54,14.1552,11.42109489,0.423291862
14/11/2020 20:46:55,14.35519981,11.3214035,0.423163712
14/11/2020 20:46:56,14.55519962,11.22171307,0.423035562
14/11/2020 20:46:57,14.75520039,11.12202168,0.422907412
14/11/2020 20:46:58,14.9552002,11.02233124,0.422779262
14/11/2020 20:46:59,15,11,0.422651142
14/11/2020 20:47:00,15,11,0.422522992
14/11/2020 20:47:01,15,11,0.422394842
14/11/2020 20:47:02,15,11,0.422266692
14/11/2020 20:47:03,15,11,0.422138542
14/11/2020 20:47:04,14.84751225,11,0.422010422
14/11/2020 20:47:05,14.64686966,11,0.421882272
14/11/2020 20:47:06,14.44622803,11,0.421754122
14/11/2020 20:47:07,14.24558544,11,0.421625972
14/11/2020 20:47:08,14.04494381,11,0.421497822
14/11/2020 20:47:09,14.15421295,11.15421295,0.421369702
14/11/2020 20:47:10,14.35294151,11.35294151,0.421241552
14/11/2020 20:47:11,14.55166912,11.55166912,0.421113402
14/11/2020 20:47:12,14.75039768,11.75039768,0.420985252
14/11/2020 20:47:13,14.94912529,11.94912529,0.420857102
14/11/2020 20:47:14,14.85024166,11.85024166,0.420728981
14/11/2020 20:47:15,14.64895344,11.64895344,0.420600832
14/11/2020 20:47:16,14.44766521,11.44766521,0.420472682
14/11/2020 20:47:17,14.24637699,11.24637699,0.420344532
14/11/2020 20:47:18,14.04508877,11.04508877,0.420216382
14/11/2020 20:47:19,14.07735252,11.07735252,0.420088261
14/11/2020 20:47:20,14.17703342,11.17703342,0.419960111
14/11/2020 20:47:21,14.27671432,11.27671432,0.419831961
14/11/2020 20:47:22,14.37639523,11.37639523,0.419703811
14/11/2020 20:47:23,14.47607613,11.47607613,0.419575661
14/11/2020 20:47:24,14.57575798,11.57575798,0.419447541
14/11/2020 20:47:25,14.67543888,11.67543888,0.419319391
14/11/2020 20:47:26,14.77511978,11.77511978,0.419191241
14/11/2020 20:47:27,14.87480068,11.87480068,0.419063091
14/11/2020 20:47:28,14.97448158,11.97448158,0.418934941
14/11/2020 20:47:29,14.8512001,11.8512001,0.418806821
14/11/2020 20:47:30,14.65120029,11.65120029,0.418678671
14/11/2020 20:47:31,14.45119953,11.45119953,0.418550521
14/11/2020 20:47:32,14.25119972,11.25119972,0.418422371
14/11/2020 20:47:33,14.05119991,11.05119991,0.418294221
14/11/2020 20:47:34,14.1487999,11.1487999,0.418166101
14/11/2020 20:47:35,14.34879971,11.34879971,0.418037951
14/11/2020 20:47:36,14.54880047,11.54880047,0.417909801
14/11/2020 20:47:37,14.74880028,11.74880028,0.417781651
14/11/2020 20:47:38,14.94880009,11.94880009,0.417653501
14/11/2020 20:47:39,14.8512001,11.8512001,0.417525381
14/11/2020 20:47:40,14.65120029,11.65120029,0.417397231
14/11/2020 20:47:41,14.45119953,11.45119953,0.417269081
14/11/2020 20:47:42,14.25119972,11.25119972,0.417140931
14/11/2020 20:47:43,14.05119991,11.05119991,0.417012811
14/11/2020 20:47:44,14.1487999,11,0.416884661
14/11/2020 20:47:45,14.34879971,11,0.416756511
14/11/2020 20:47:46,14.54880047,11,0.416628361
14/11/2020 20:47:47,14.74880028,11,0.416500211
14/11/2020 20:47:48,14.94880009,11,0.416372091
14/11/2020 20:47:49,15,11.14832497,0.416243941
14/11/2020 20:47:50,15,11.34768772,0.416115791
14/11/2020 20:47:51,15,11.54704952,0.415987641
14/11/2020 20:47:52,15,11.74641132,0.415859491
14/11/2020 20:47:53,15,11.94577312,0.41573137
14/11/2020 20:47:54,15,11.85393238,0.41560322
14/11/2020 20:47:55,15,11.65329075,0.41547507
14/11/2020 20:47:56,15,11.45264816,0.41534692
14/11/2020 20:47:57,15,11.25200653,0.415218771
14/11/2020 20:47:58,15,11.05136395,0.41509065
14/11/2020 20:47:59,15,11.14694881,0.4149625
14/11/2020 20:48:00,15,11.34445953,0.41483435
14/11/2020 20:48:01,15,11.54197121,0.4147062
14/11/2020 20:48:02,15,11.73948288,0.41457805
14/11/2020 20:48:03,15,11.9369936,0.41444993
14/11/2020 20:48:04,14.86380005,11.86380005,0.41432178
14/11/2020 20:48:05,14.66380024,11.66380024,0.41419363
14/11/2020 20:48:06,14.46380043,11.46380043,0.41406548
14/11/2020 20:48:07,14.26379967,11.26379967,0.41393733
14/11/2020 20:48:08,14.06379986,11.06379986,0.41380921
14/11/2020 20:48:09,14,11.13579273,0.41368106
14/11/2020 20:48:10,14,11.33519459,0.41355291
14/11/2020 20:48:11,14,11.53459644,0.41342476
14/11/2020 20:48:12,14,11.7339983,0.41329661
14/11/2020 20:48:13,14,11.93340015,0.41316849
14/11/2020 20:48:14,14.13277531,12,0.41304034
14/11/2020 20:48:15,14.33213711,12,0.41291219
14/11/2020 20:48:16,14.53149891,12,0.41278404
14/11/2020 20:48:17,14.73086166,12,0.41265589
14/11/2020 20:48:18,14.93022346,12,0.41252777
14/11/2020 20:48:19,14.87082672,11.87082672,0.41239962
14/11/2020 20:48:20,14.67209816,11.67209816,0.41227147
14/11/2020 20:48:21,14.47337055,11.47337055,0.41214332
14/11/2020 20:48:22,14.27464199,11.27464199,0.41201517
14/11/2020 20:48:23,14.07591438,11.07591438,0.41188705
14/11/2020 20:48:24,14.12399673,11.12399673,0.4117589
14/11/2020 20:48:25,14.32463932,11.32463932,0.41163075
14/11/2020 20:48:26,14.52528095,11.52528095,0.4115026
14/11/2020 20:48:27,14.72592258,11.72592258,0.41137445
14/11/2020 20:48:28,14.92656517,11.92656517,0.41124633
14/11/2020 20:48:29,15,11.87357903,0.41111818
14/11/2020 20:48:30,15,11.67417717,0.41099003
14/11/2020 20:48:31,15,11.47477531,0.41086188
14/11/2020 20:48:32,15,11.27537346,0.41073373
14/11/2020 20:48:33,15,11.07597256,0.410605609
14/11/2020 20:48:34,15,11.12417221,0.410477459
14/11/2020 20:48:35,15,11.32477474,0.410349309
14/11/2020 20:48:36,15,11.52537632,0.410221159
14/11/2020 20:48:37,15,11.7259779,0.410093009
14/11/2020 20:48:38,15,11.92657948,0.409964889
14/11/2020 20:48:39,15,11.87320042,0.409836739
14/11/2020 20:48:40,15,11.67319965,0.409708589
14/11/2020 20:48:41,15,11.47319984,0.409580439
14/11/2020 20:48:42,15,11.27320004,0.409452289
14/11/2020 20:48:43,15,11.07320023,0.409324169
14/11/2020 20:48:44,15,11,0.409196019
14/11/2020 20:48:45,15,11,0.409067869
14/11/2020 20:48:46,15,11,0.408939719
14/11/2020 20:48:47,15,11,0.408811569
14/11/2020 20:48:48,15,11,0.408683449
14/11/2020 20:48:49,15,11.11985683,0.408555299
14/11/2020 20:48:50,15,11.3186245,0.408427149
14/11/2020 20:48:51,15,11.51739216,0.408298999
14/11/2020 20:48:52,15,11.71615982,0.408170849
14/11/2020 20:48:53,15,11.91492748,0.408042729
14/11/2020 20:48:54,14.88560009,11.88560009,0.407914579
14/11/2020 20:48:55,14.68560028,11.68560028,0.407786429
14/11/2020 20:48:56,14.48560047,11.48560047,0.407658279
14/11/2020 20:48:57,14.28559971,11.28559971,0.407530129
14/11/2020 20:48:58,14.0855999,11.0855999,0.407402009
14/11/2020 20:48:59,14,11,0.407273859
14/11/2020 20:49:00,14,11,0.407145709
14/11/2020 20:49:01,14,11,0.407017559
14/11/2020 20:49:02,14,11,0.406889409
14/11/2020 20:49:03,14,11,0.406761289
14/11/2020 20:49:04,14.11385822,11.11385822,0.406633139
14/11/2020 20:49:05,14.31326008,11.31326008,0.406504989
14/11/2020 20:49:06,14.51266193,11.51266193,0.406376839
14/11/2020 20:49:07,14.71206379,11.71206379,0.406248689
14/11/2020 20:49:08,14.91146564,11.91146564,0.406120569
14/11/2020 20:49:09,14.88915443,11.88915443,0.405992419
14/11/2020 20:49:10,14.68979263,11.68979263,0.405864269
14/11/2020 20:49:11,14.49043083,11.49043083,0.405736119
14/11/2020 20:49:12,14.29106903,11.29106903,0.405607969
14/11/2020 20:49:13,14.09170628,11.09170628,0.405479848
14/11/2020 20:49:14,14.10699463,11.10699463,0.405351698
14/11/2020 20:49:15,14.30513191,11.30513191,0.405223548
14/11/2020 20:49:16,14.5032692,11.5032692,0.405095398
14/11/2020 20:49:17,14.70140648,11.70140648,0.404967248
14/11/2020 20:49:18,14.89954472,11.89954472,0.404839128
14/11/2020 20:49:19,14.9020071,11.9509306,0.404710978
14/11/2020 20:49:20,14.70323944,11.85139847,0.404582828
14/11/2020 20:49:21,14.50447273,11.75186634,0.404454678
14/11/2020 20:49:22,14.30570507,11.65233421,0.404326528
14/11/2020 20:49:23,14.10693741,11.55280209,0.404198408
14/11/2020 20:49:24,14.09210491,11.45326996,0.404070258
14/11/2020 20:49:25,14.29146767,11.35373783,0.403942108
14/11/2020 20:49:26,14.49082947,11.2542057,0.403813958
14/11/2020 20:49:27,14.69019127,11.15467262,0.403685808
14/11/2020 20:49:28,14.88955307,11.0551405,0.403557688
14/11/2020 20:49:29,14.91079998,11,0.403429538
14/11/2020 20:49:30,14.71080017,11,0.403301388
14/11/2020 20:49:31,14.51080036,11,0.403173238
14/11/2020 20:49:32,14.3107996,11,0.403045088
14/11/2020 20:49:33,14.11079979,11,0.402916968
14/11/2020 20:49:34,14,11,0.402788818
14/11/2020 20:49:35,14,11,0.402660668
14/11/2020 20:49:36,14,11,0.402532518
14/11/2020 20:49:37,14,11,0.402404368
14/11/2020 20:49:38,14,11,0.402276248
14/11/2020 20:49:39,14.08893299,11.08893299,0.402148098
14/11/2020 20:49:40,14.28833485,11.28833485,0.402019948
14/11/2020 20:49:41,14.4877367,11.4877367,0.401891798
14/11/2020 20:49:42,14.68713856,11.68713856,0.401763648
14/11/2020 20:49:43,14.88654041,11.88654041,0.401635528
14/11/2020 20:49:44,14.95696926,11.9143486,0.401507378
14/11/2020 20:49:45,14.85712814,11.71562004,0.401379228
14/11/2020 20:49:46,14.75728798,11.51689148,0.401251078
14/11/2020 20:49:47,14.65744781,11.31816387,0.401122957
14/11/2020 20:49:48,14.55760765,11.11943531,0.400994807
14/11/2020 20:49:49,14.45776749,10.83988762,0.400866657
14/11/2020 20:49:50,14.35792732,10.4386034,0.400738508
14/11/2020 20:49:51,14.25808716,10.03731918,0.400610358
14/11/2020 20:49:52,14.15824699,9.636034966,0.400482237
14/11/2020 20:49:53,14.05840683,9.234750748,0.400354087
14/11/2020 20:49:54,12.84170628,8.255382538,0.400225937
14/11/2020 20:49:55,10.0506382,6.46112442,0.400097787
14/11/2020 20:49:56,7.259569168,4.666865826,0.399969637
14/11/2020 20:49:57,4.468500614,2.872607708,0.399841517
14/11/2020 20:49:58,1.677432179,1.078349233,0.399713367
14/11/2020 20:49:59,0,0,0.399585217
14/11/2020 20:50:00,0,0,0.399457067
14/11/2020 20:50:01,0,0,0.399328917
14/11/2020 20:50:02,0,0,0.399200797
14/11/2020 20:50:03,0,0,0.399072647
14/11/2020 20:50:04,0,0,0.398944497
14/11/2020 20:50:05,0,0,0.398816347
14/11/2020 20:50:06,0,0,0.398688197
14/11/2020 20:50:07,0,0,0.398560077
14/11/2020 20:50:08,0,0,0.398431927
14/11/2020 20:50:09,0,0,0.398303777
14/11/2020 20:50:10,0,0,0.398175627
14/11/2020 20:50:11,0,0,0.398047477
14/11/2020 20:50:12,0,0,0.397919357
14/11/2020 20:50:13,0,0,0.397791207
14/11/2020 20:50:14,0,0,0.397663057
14/11/2020 20:50:15,0,0,0.397534907
14/11/2020 20:50:16,0,0,0.397406757
14/11/2020 20:50:17,0,0,0.397278637
14/11/2020 20:50:18,0,0,0.397150487
14/11/2020 20:50:19,0,0,0.397022337
14/11/2020 20:50:20,0,0,0.396894187
14/11/2020 20:50:21,0,0,0.396766037
14/11/2020 20:50:22,0,0,0.396637917
14/11/2020 20:50:23,0,0,0.396509767
14/11/2020 20:50:24,0,0,0.396381617
14/11/2020 20:50:25,0,0,0.396253467
14/11/2020 20:50:26,0,0,0.396125317
14/11/2020 20:50:27,0,0,0.395997196
14/11/2020 20:50:28,0,0,0.395869046
14/11/2020 20:50:29,0,0,0.395740896
14/11/2020 20:50:30,0,0,0.395612746
14/11/2020 20:50:31,0,0,0.395484596
14/11/2020 20:50:32,0,0,0.395356476
14/11/2020 20:50:33,0,0,0.395228326
14/11/2020 20:50:34,0,0,0.395100176
14/11/2020 20:50:35,0,0,0.394972026
14/11/2020 20:50:36,0,0,0.394843876
14/11/2020 20:50:37,0,0,0.394715756
14/11/2020 20:50:38,0,0,0.394587606
14/11/2020 20:50:39,0,0,0.394459456
14/11/2020 20:50:40,0,0,0.394331306
14/11/2020 20:50:41,0,0,0.394203156
14/11/2020 20:50:42,0,0,0.394075036
14/11/2020 20:50:43,0,0,0.393946886
14/11/2020 20:50:44,0,0,0.393818736
14/11/2020 20:50:45,0,0,0.393690586
14/11/2020 20:50:46,0,0,0.393562436
14/11/2020 20:50:47,0,0,0.393434316
14/11/2020 20:50:48,0,0,0.393306166
14/11/2020 20:50:49,0,0,0.393178016
14/11/2020 20:50:50,0,0,0.393049866
14/11/2020 20:50:51,0,0,0.392921716
14/11/2020 20:50:52,0,0,0.392793596
14/11/2020 20:50:53,0,0,0.392665446
14/11/2020 20:50:54,0,0,0.392537296
14/11/2020 20:50:55,0,0,0.392409146
14/11/2020 20:50:56,0,0,0.392280996
14/11/2020 20:50:57,0,0,0.392152876
14/11/2020 20:50:58,0,0,0.392024726
14/11/2020 20:50:59,0,0,0.391896576
14/11/2020 20:51:00,0,0,0.391768426
14/11/2020 20:51:01,0,0,0.391640276
14/11/2020 20:51:02,0,0,0.391512156
14/11/2020 20:51:03,0,0,0.391384006
14/11/2020 20:51:04,0,0,0.391255856
14/11/2020 20:51:05,0,0,0.391127706
14/11/2020 20:51:06,0,0,0.390999556
14/11/2020 20:51:07,0,0,0.390871435
14/11/2020 20:51:08,0,0,0.390743285
14/11/2020 20:51:09,0,0,0.390615135
14/11/2020 20:51:10,0,0,0.390486985
14/11/2020 20:51:11,0,0,0.390358835
14/11/2020 20:51:12,0,0,0.390230715
14/11/2020 20:51:13,0,0,0.390102565
14/11/2020 20:51:14,0,0,0.389974415
14/11/2020 20:51:15,0,0,0.389846265
14/11/2020 20:51:16,0,0,0.389718115
14/11/2020 20:51:17,0,0,0.389589995
14/11/2020 20:51:18,0,0,0.389461845
14/11/2020 20:51:19,0,0,0.389333695
14/11/2020 20:51:20,0,0,0.389205545
14/11/2020 20:51:21,0,0,0.389077395
14/11/2020 20:51:22,0,0,0.388949275
14/11/2020 20:51:23,0,0,0.388821125
14/11/2020 20:51:24,0,0,0.388692975
14/11/2020 20:51:25,0,0,0.388564825
14/11/2020 20:51:26,0,0,0.388436675
14/11/2020 20:51:27,0,0,0.388308555
14/11/2020 20:51:28,0,0,0.388180405
14/11/2020 20:51:29,0,0,0.388052255
14/11/2020 20:51:30,0,0,0.387924105
14/11/2020 20:51:31,0,0,0.387795955
14/11/2020 20:51:32,0,0,0.387667835
14/11/2020 20:51:33,0,0,0.387539685
14/11/2020 20:51:34,0,0,0.387411535
14/11/2020 20:51:35,0,0,0.387283385
14/11/2020 20:51:36,0,0,0.387155235
14/11/2020 20:51:37,0,0,0.387027115
14/11/2020 20:51:38,0,0,0.386898965
14/11/2020 20:51:39,0,0,0.386770815
14/11/2020 20:51:40,0,0,0.386642665
14/11/2020 20:51:41,0,0,0.386514515
14/11/2020 20:51:42,0,0,0.386386395
14/11/2020 20:51:43,0,0,0.386258245
14/11/2020 20:51:44,0,0,0.386130095
14/11/2020 20:51:45,0,0,0.386001945
14/11/2020 20:51:46,0,0,0.385873795
14/11/2020 20:51:47,0,0,0.385745674
14/11/2020 20:51:48,0,0,0.385617524
14/11/2020 20:51:49,0,0,0.385489374
14/11/2020 20:51:50,0,0,0.385361224
14/11/2020 20:51:51,0,0,0.385233104
14/11/2020 20:51:52,0,0,0.385104954
14/11/2020 20:51:53,0,0,0.384976804
14/11/2020 20:51:54,0,0,0.384848654
14/11/2020 20:51:55,0,0,0.384720504
14/11/2020 20:51:56,0,0,0.384592384
14/11/2020 20:51:57,0,0,0.384464234
14/11/2020 20:51:58,0,0,0.384336084
14/11/2020 20:51:59,0,0,0.384207934
14/11/2020 20:52:00,0,0,0.384079784
14/11/2020 20:52:01,0,0,0.383951664
14/11/2020 20:52:02,0,0,0.383823514
14/11/2020 20:52:03,0,0,0.383695364
14/11/2020 20:52:04,0,0,0.383567214
14/11/2020 20:52:05,0,0,0.383439064
14/11/2020 20:52:06,0,0,0.383310944
14/11/2020 20:52:07,0,0,0.383182794
14/11/2020 20:52:08,0,0,0.383054644
14/11/2020 20:52:09,0,0,0.382926494
14/11/2020 20:52:10,0,0,0.382798344
14/11/2020 20:52:11,0,0,0.382670224
14/11/2020 20:52:12,0,0,0.382542074
14/11/2020 20:52:13,0,0,0.382413924
14/11/2020 20:52:14,0,0,0.382285774
14/11/2020 20:52:15,0,0,0.382157624
14/11/2020 20:52:16,0,0,0.382029504
14/11/2020 20:52:17,0,0,0.381901354
14/11/2020 20:52:18,0,0,0.381773204
14/11/2020 20:52:19,0,0,0.381645054
14/11/2020 20:52:20,0,0,0.381516904
14/11/2020 20:52:21,0,0,0.381388783
14/11/2020 20:52:22,0,0,0.381260633
14/11/2020 20:52:23,0,0,0.381132483
14/11/2020 20:52:24,0,0,0.381004333
14/11/2020 20:52:25,0,0,0.380876184
14/11/2020 20:52:26,0,0,0.380748063
14/11/2020 20:52:27,0,0,0.380619913
14/11/2020 20:52:28,0,0,0.380491763
14/11/2020 20:52:29,0,0,0.380363613
14/11/2020 20:52:30,0,0,0.380235463
14/11/2020 20:52:31,0,0,0.380107343
14/11/2020 20:52:32,0,0,0.379979193
14/11/2020 20:52:33,0,0,0.379851043
14/11/2020 20:52:34,0,0,0.379722893
14/11/2020 20:52:35,0,0,0.379594743
14/11/2020 20:52:36,0,0,0.379466623
14/11/2020 20:52:37,0,0,0.379338473
14/11/2020 20:52:38,0,0,0.379210323
14/11/2020 20:52:39,0,0,0.379082173
14/11/2020 20:52:40,0,0,0.378954023
14/11/2020 20:52:41,0,0,0.378825903
14/11/2020 20:52:42,0,0,0.378697753
14/11/2020 20:52:43,0,0,0.378569603
14/11/2020 20:52:44,0,0,0.378441453
14/11/2020 20:52:45,0,0,0.378313303
14/11/2020 20:52:46,0,0,0.378185183
14/11/2020 20:52:47,0,0,0.378057033
14/11/2020 20:52:48,0,0,0.377928883
14/11/2020 20:52:49,0,0,0.377800733
14/11/2020 20:52:50,0,0,0.377672583
14/11/2020 20:52:51,0,0,0.377544463
14/11/2020 20:52:52,0,0,0.377416313
14/11/2020 20:52:53,0,0,0.377288163
14/11/2020 20:52:54,0,0,0.377160013
14/11/2020 20:52:55,0,0,0.377031863
14/11/2020 20:52:56,0,0,0.376903743
14/11/2020 20:52:57,0,0,0.376775593
14/11/2020 20:52:58,0,0,0.376647443
14/11/2020 20:52:59,0,0,0.376519293
14/11/2020 20:53:00,0,0,0.376391143
14/11/2020 20:53:01,0,0,0.376263022
14/11/2020 20:53:02,0,0,0.376134872
14/11/2020 20:53:03,0,0,0.376006722
14/11/2020 20:53:04,0,0,0.375878572
14/11/2020 20:53:05,0,0,0.375750422
14/11/2020 20:53:06,0,0,0.375622302
14/11/2020 20:53:07,0,0,0.375494152
14/11/2020 20:53:08,0,0,0.375366002
14/11/2020 20:53:09,0,0,0.375237852
14/11/2020 20:53:10,0,0,0.375109702
14/11/2020 20:53:11,0,0,0.374981582
14/11/2020 20:53:12,0,0,0.374853432
14/11/2020 20:53:13,0,0,0.374725282
14/11/2020 20:53:14,0,0,0.374597132
14/11/2020 20:53:15,0,0,0.374468982
14/11/2020 20:53:16,0,0,0.374340862
14/11/2020 20:53:17,0,0,0.374212712
14/11/2020 20:53:18,0,0,0.374084562
14/11/2020 20:53:19,0,0,0.373956412
14/11/2020 20:53:20,0,0,0.373828262
14/11/2020 20:53:21,0,0,0.373700142
14/11/2020 20:53:22,0,0,0.373571992
14/11/2020 20:53:23,0,0,0.373443842
14/11/2020 20:53:24,0,0,0.373315692
14/11/2020 20:53:25,0,0,0.373187542
14/11/2020 20:53:26,0,0,0.373059422
14/11/2020 20:53:27,0,0,0.372931272
14/11/2020 20:53:28,0,0,0.372803122
14/11/2020 20:53:29,0,0,0.372674972
14/11/2020 20:53:30,0,0,0.372546822
14/11/2020 20:53:31,0,0,0.372418702
14/11/2020 20:53:32,0,0,0.372290552
14/11/2020 20:53:33,0,0,0.372162402
14/11/2020 20:53:34,0,0,0.372034252
14/11/2020 20:53:35,0,0,0.371906102
14/11/2020 20:53:36,0,0,0.371777982
14/11/2020 20:53:37,0,0,0.371649832
14/11/2020 20:53:38,0,0,0.371521682
14/11/2020 20:53:39,0,0,0.371393532
14/11/2020 20:53:40,0,0,0.371265382
14/11/2020 20:53:41,0,0,0.371137261
14/11/2020 20:53:42,0,0,0.371009111
14/11/2020 20:53:43,0,0,0.370880961
14/11/2020 20:53:44,0,0,0.370752811
14/11/2020 20:53:45,0,0,0.370624661
14/11/2020 20:53:46,0,0,0.370496541
14/11/2020 20:53:47,0,0,0.370368391
14/11/2020 20:53:48,0,0,0.370240241
14/11/2020 20:53:49,0,0,0.370112091
14/11/2020 20:53:50,0,0,0.369983941
14/11/2020 20:53:51,0,0,0.369855821
14/11/2020 20:53:52,0,0,0.369727671
14/11/2020 20:53:53,0,0,0.369599521
14/11/2020 20:53:54,0,0,0.369471371
14/11/2020 20:53:55,0,0,0.369343251
14/11/2020 20:53:56,0,0,0.369215101
14/11/2020 20:53:57,0,0,0.369086951
14/11/2020 20:53:58,0,0,0.368958801
14/11/2020 20:53:59,0,0,0.368830651
14/11/2020 20:54:00,0,0,0.368702531
14/11/2020 20:54:01,0,0,0.368574381
14/11/2020 20:54:02,0,0,0.368446231
14/11/2020 20:54:03,0,0,0.368318081
14/11/2020 20:54:04,0,0,0.368189931
14/11/2020 20:54:05,0,0,0.368061811
14/11/2020 20:54:06,0,0,0.367933661
14/11/2020 20:54:07,0,0,0.367805511
14/11/2020 20:54:08,0,0,0.367677361
14/11/2020 20:54:09,0,0,0.367549211
14/11/2020 20:54:10,0,0,0.367421091
14/11/2020 20:54:11,0,0,0.367292941
14/11/2020 20:54:12,0,0,0.367164791
14/11/2020 20:54:13,0,0,0.367036641
14/11/2020 20:54:14,0,0,0.366908491
14/11/2020 20:54:15,0,0,0.36678037
14/11/2020 20:54:16,0,0,0.36665222
14/11/2020 20:54:17,0,0,0.366524071
14/11/2020 20:54:18,0,0,0.366395921
14/11/2020 20:54:19,0,0,0.366267771
14/11/2020 20:54:20,0,0,0.36613965
14/11/2020 20:54:21,0,0,0.3660115
14/11/2020 20:54:22,0,0,0.36588335
14/11/2020 20:54:23,0,0,0.3657552
14/11/2020 20:54:24,0,0,0.36562705
14/11/2020 20:54:25,0,0,0.36549893
14/11/2020 20:54:26,0,0,0.36537078
14/11/2020 20:54:27,0,0,0.36524263
14/11/2020 20:54:28,0,0,0.36511448
14/11/2020 20:54:29,0,0,0.36498633
14/11/2020 20:54:30,0,0,0.36485821
14/11/2020 20:54:31,0,0,0.36473006
14/11/2020 20:54:32,0,0,0.36460191
14/11/2020 20:54:33,0,0,0.36447376
14/11/2020 20:54:34,0,0,0.36434561
14/11/2020 20:54:35,0,0,0.36421749
14/11/2020 20:54:36,0,0,0.36408934
14/11/2020 20:54:37,0,0,0.36396119
14/11/2020 20:54:38,0,0,0.36383304
14/11/2020 20:54:39,0,0,0.36370489
14/11/2020 20:54:40,0,0,0.36357677
14/11/2020 20:54:41,0,0,0.36344862
14/11/2020 20:54:42,0,0,0.36332047
14/11/2020 20:54:43,0,0,0.36319232
14/11/2020 20:54:44,0,0,0.36306417
14/11/2020 20:54:45,0,0,0.36293605
14/11/2020 20:54:46,0,0,0.3628079
14/11/2020 20:54:47,0,0,0.36267975
14/11/2020 20:54:48,0,0,0.3625516
14/11/2020 20:54:49,0,0,0.36242345
14/11/2020 20:54:50,0,0,0.36229533
14/11/2020 20:54:51,0,0,0.36216718
14/11/2020 20:54:52,0,0,0.36203903
14/11/2020 20:54:53,0,0,0.36191088
14/11/2020 20:54:54,0,0,0.36178273
14/11/2020 20:54:55,0,0,0.361654609
14/11/2020 20:54:56,0,0,0.361526459
14/11/2020 20:54:57,0,0,0.361398309
14/11/2020 20:54:58,0,0,0.361270159
14/11/2020 20:54:59,0,0,0.361142009
14/11/2020 20:55:00,0,0,0.361013889
14/11/2020 20:55:01,0,0,0.360885739
14/11/2020 20:55:02,0,0,0.360757589
14/11/2020 20:55:03,0,0,0.360629439
14/11/2020 20:55:04,0,0,0.360501289
14/11/2020 20:55:05,0,0,0.360373169
14/11/2020 20:55:06,0,0,0.360245019
14/11/2020 20:55:07,0,0,0.360116869
14/11/2020 20:55:08,0,0,0.359988719
14/11/2020 20:55:09,0,0,0.359860569
14/11/2020 20:55:10,0,0,0.359732449
14/11/2020 20:55:11,0,0,0.359604299
14/11/2020 20:55:12,0,0,0.359476149
14/11/2020 20:55:13,0,0,0.359347999
14/11/2020 20:55:14,0,0,0.359219849
14/11/2020 20:55:15,0,0,0.359091729
14/11/2020 20:55:16,0,0,0.358963579
14/11/2020 20:55:17,0,0,0.358835429
14/11/2020 20:55:18,0,0,0.358707279
14/11/2020 20:55:19,0,0,0.358579129
14/11/2020 20:55:20,0,0,0.358451009
14/11/2020 20:55:21,0,0,0.358322859
14/11/2020 20:55:22,0,0,0.358194709
14/11/2020 20:55:23,0,0,0.358066559
14/11/2020 20:55:24,0,0,0.357938409
14/11/2020 20:55:25,0,0,0.357810289
14/11/2020 20:55:26,0,0,0.357682139
14/11/2020 20:55:27,0,0,0.357553989
14/11/2020 20:55:28,0,0,0.357425839
14/11/2020 20:55:29,0,0,0.357297689
14/11/2020 20:55:30,0,0,0.357169569
14/11/2020 20:55:31,0,0,0.357041419
14/11/2020 20:55:32,0,0,0.356913269
14/11/2020 20:55:33,0,0,0.356785119
14/11/2020 20:55:34,0,0,0.356656969
14/11/2020 20:55:35,0,0,0.356528848
14/11/2020 20:55:36,0,0,0.356400698
14/11/2020 20:55:37,0,0,0.356272548
14/11/2020 20:55:38,0,0,0.356144398
14/11/2020 20:55:39,0,0,0.356016248
14/11/2020 20:55:40,0,0,0.355888128
14/11/2020 20:55:41,0,0,0.355759978
14/11/2020 20:55:42,0,0,0.355631828
14/11/2020 20:55:43,0,0,0.355503678
14/11/2020 20:55:44,0,0,0.355375528
14/11/2020 20:55:45,0,0,0.355247408
14/11/2020 20:55:46,0,0,0.355119258
14/11/2020 20:55:47,0,0,0.354991108
14/11/2020 20:55:48,0,0,0.354862958
14/11/2020 20:55:49,0,0,0.354734808
14/11/2020 20:55:50,0,0,0.354606688
14/11/2020 20:55:51,0,0,0.354478538
14/11/2020 20:55:52,0,0,0.354350388
14/11/2020 20:55:53,0,0,0.354222238
14/11/2020 20:55:54,0,0,0.354094088
14/11/2020 20:55:55,0,0,0.353965968
14/11/2020 20:55:56,0,0,0.353837818
14/11/2020 20:55:57,0,0,0.353709668
14/11/2020 20:55:58,0,0,0.353581518
14/11/2020 20:55:59,0,0,0.353453398
14/11/2020 20:56:00,0,0,0.353325248
14/11/2020 20:56:01,0,0,0.353197098
14/11/2020 20:56:02,0,0,0.353068948
14/11/2020 20:56:03,0,0,0.352940798
14/11/2020 20:56:04,0,0,0.352812678
14/11/2020 20:56:05,0,0,0.352684528
14/11/2020 20:56:06,0,0,0.352556378
14/11/2020 20:56:07,0,0,0.352428228
14/11/2020 20:56:08,0,0,0.352300078
14/11/2020 20:56:09,0,0,0.352171957
14/11/2020 20:56:10,0,0,0.352043808
14/11/2020 20:56:11,0,0,0.351915658
14/11/2020 20:56:12,0,0,0.351787508
14/11/2020 20:56:13,0,0,0.351659358
14/11/2020 20:56:14,0,0,0.351531237
14/11/2020 20:56:15,0,0,0.351403087
14/11/2020 20:56:16,0,0,0.351274937
14/11/2020 20:56:17,0,0,0.351146787
14/11/2020 20:56:18,0,0,0.351018637
14/11/2020 20:56:19,0,0,0.350890517
14/11/2020 20:56:20,0,0,0.350762367
14/11/2020 20:56:21,0,0,0.350634217
14/11/2020 20:56:22,0,0,0.350506067
14/11/2020 20:56:23,0,0,0.350377917
14/11/2020 20:56:24,0,0,0.350249797
14/11/2020 20:56:25,0,0,0.350121647
14/11/2020 20:56:26,0,0,0.349993497
14/11/2020 20:56:27,0,0,0.349865347
14/11/2020 20:56:28,0,0,0.349737197
14/11/2020 20:56:29,0,0,0.349609077
14/11/2020 20:56:30,0,0,0.349480927
14/11/2020 20:56:31,0,0,0.349352777
14/11/2020 20:56:32,0,0,0.349224627
14/11/2020 20:56:33,0,0,0.349096477
14/11/2020 20:56:34,0,0,0.348968357
14/11/2020 20:56:35,0,0,0.348840207
14/11/2020 20:56:36,0,0,0.348712057
14/11/2020 20:56:37,0,0,0.348583907
14/11/2020 20:56:38,0,0,0.348455757
14/11/2020 20:56:39,0,0,0.348327637
14/11/2020 20:56:40,0,0,0.348199487
14/11/2020 20:56:41,0,0,0.348071337
14/11/2020 20:56:42,0,0,0.347943187
14/11/2020 20:56:43,0,0,0.347815037
14/11/2020 20:56:44,0,0,0.347686917
14/11/2020 20:56:45,0,0,0.347558767
14/11/2020 20:56:46,0,0,0.347430617
14/11/2020 20:56:47,0,0,0.347302467
14/11/2020 20:56:48,0,0,0.347174317
14/11/2020 20:56:49,0,0,0.347046196
14/11/2020 20:56:50,0,0,0.346918046
14/11/2020 20:56:51,0,0,0.346789896
14/11/2020 20:56:52,0,0,0.346661747
14/11/2020 20:56:53,0,0,0.346533597
14/11/2020 20:56:54,0,0,0.346405476
14/11/2020 20:56:55,0,0,0.346277326
14/11/2020 20:56:56,0,0,0.346149176
14/11/2020 20:56:57,0,0,0.346021026
14/11/2020 20:56:58,0,0,0.345892876
14/11/2020 20:56:59,0,0,0.345764756
14/11/2020 20:57:00,0,0,0.345636606
14/11/2020 20:57:01,0,0,0.345508456
14/11/2020 20:57:02,0,0,0.345380306
14/11/2020 20:57:03,0,0,0.345252156
14/11/2020 20:57:04,0,0,0.345124036
14/11/2020 20:57:05,0,0,0.344995886
14/11/2020 20:57:06,0,0,0.344867736
14/11/2020 20:57:07,0,0,0.344739586
14/11/2020 20:57:08,0,0,0.344611436
14/11/2020 20:57:09,0,0,0.344483316
14/11/2020 20:57:10,0,0,0.344355166
14/11/2020 20:57:11,0,0,0.344227016
14/11/2020 20:57:12,0,0,0.344098866
14/11/2020 20:57:13,0,0,0.343970716
14/11/2020 20:57:14,0,0,0.343842596
14/11/2020 20:57:15,0,0,0.343714446
14/11/2020 20:57:16,0,0,0.343586296
14/11/2020 20:57:17,0,0,0.343458146
14/11/2020 20:57:18,0,0,0.343329996
14/11/2020 20:57:19,0,0,0.343201876
14/11/2020 20:57:20,0,0,0.343073726
14/11/2020 20:57:21,0,0,0.342945576
14/11/2020 20:57:22,0,0,0.342817426
14/11/2020 20:57:23,0,0,0.342689276
14/11/2020 20:57:24,0,0,0.342561156
14/11/2020 20:57:25,0,0,0.342433006
14/11/2020 20:57:26,0,0,0.342304856
14/11/2020 20:57:27,0,0,0.342176706
14/11/2020 20:57:28,0,0,0.342048556
14/11/2020 20:57:29,0,0,0.341920435
14/11/2020 20:57:30,0,0,0.341792285
14/11/2020 20:57:31,0,0,0.341664135
14/11/2020 20:57:32,0,0,0.341535985
14/11/2020 20:57:33,0,0,0.341407835
14/11/2020 20:57:34,0,0,0.341279715
14/11/2020 20:57:35,0,0,0.341151565
14/11/2020 20:57:36,0,0,0.341023415
14/11/2020 20:57:37,0,0,0.340895265
14/11/2020 20:57:38,0,0,0.340767115
14/11/2020 20:57:39,0,0,0.340638995
14/11/2020 20:57:40,0,0,0.340510845
14/11/2020 20:57:41,0,0,0.340382695
14/11/2020 20:57:42,0,0,0.340254545
14/11/2020 20:57:43,0,0,0.340126395
14/11/2020 20:57:44,0,0,0.339998275
14/11/2020 20:57:45,0,0,0.339870125
14/11/2020 20:57:46,0,0,0.339741975
14/11/2020 20:57:47,0,0,0.339613825
14/11/2020 20:57:48,0,0,0.339485675
14/11/2020 20:57:49,0,0,0.339357555
14/11/2020 20:57:50,0,0,0.339229405
14/11/2020 20:57:51,0,0,0.339101255
14/11/2020 20:57:52,0,0,0.338973105
14/11/2020 20:57:53,0,0,0.338844955
14/11/2020 20:57:54,0,0,0.338716835
14/11/2020 20:57:55,0,0,0.338588685
14/11/2020 20:57:56,0,0,0.338460535
14/11/2020 20:57:57,0,0,0.338332385
14/11/2020 20:57:58,0,0,0.338204235
14/11/2020 20:57:59,0,0,0.338076115
14/11/2020 20:58:00,0,0,0.337947965
14/11/2020 20:58:01,0,0,0.337819815
14/11/2020 20:58:02,0,0,0.337691665
14/11/2020 20:58:03,0,0,0.337563545
14/11/2020 20:58:04,0,0,0.337435395
14/11/2020 20:58:05,0,0,0.337307245
14/11/2020 20:58:06,0,0,0.337179095
14/11/2020 20:58:07,0,0,0.337050945
14/11/2020 20:58:08,0,0,0.336922824
14/11/2020 20:58:09,0,0,0.336794674
14/11/2020 20:58:10,0,0,0.336666524
14/11/2020 20:58:11,0,0,0.336538374
14/11/2020 20:58:12,0,0,0.336410224
14/11/2020 20:58:13,0,0,0.336282104
14/11/2020 20:58:14,0,0,0.336153954
14/11/2020 20:58:15,0,0,0.336025804
14/11/2020 20:58:16,0,0,0.335897654
14/11/2020 20:58:17,0,0,0.335769504
14/11/2020 20:58:18,0,0,0.335641384
14/11/2020 20:58:19,0,0,0.335513234
14/11/2020 20:58:20,0,0,0.335385084
14/11/2020 20:58:21,0,0,0.335256934
14/11/2020 20:58:22,0,0,0.335128784
14/11/2020 20:58:23,0,0,0.335000664
14/11/2020 20:58:24,0,0,0.334872514
14/11/2020 20:58:25,0,0,0.334744364
14/11/2020 20:58:26,0,0,0.334616214
14/11/2020 20:58:27,0,0,0.334488064
14/11/2020 20:58:28,0,0,0.334359944
14/11/2020 20:58:29,0,0,0.334231794
14/11/2020 20:58:30,0,0,0.334103644
14/11/2020 20:58:31,0,0,0.333975494
14/11/2020 20:58:32,0,0,0.333847344
14/11/2020 20:58:33,0,0,0.333719224
14/11/2020 20:58:34,0,0,0.333591074
14/11/2020 20:58:35,0,0,0.333462924
14/11/2020 20:58:36,0,0,0.333334774
14/11/2020 20:58:37,0,0,0.333206624
14/11/2020 20:58:38,0,0,0.333078504
14/11/2020 20:58:39,0,0,0.332950354
14/11/2020 20:58:40,0,0,0.332822204
14/11/2020 20:58:41,0,0,0.332694054
14/11/2020 20:58:42,0,0,0.332565904
14/11/2020 20:58:43,0,0,0.332437783
14/11/2020 20:58:44,0,0,0.332309633
14/11/2020 20:58:45,0,0,0.332181484
14/11/2020 20:58:46,0,0,0.332053334
14/11/2020 20:58:47,0,0,0.331925184
14/11/2020 20:58:48,0,0,0.331797063
14/11/2020 20:58:49,0,0,0.331668913
14/11/2020 20:58:50,0,0,0.331540763
14/11/2020 20:58:51,0,0,0.331412613
14/11/2020 20:58:52,0,0,0.331284463
14/11/2020 20:58:53,0,0,0.331156343
14/11/2020 20:58:54,0,0,0.331028193
14/11/2020 20:58:55,0,0,0.330900043
14/11/2020 20:58:56,0,0,0.330771893
14/11/2020 20:58:57,0,0,0.330643743
14/11/2020 20:58:58,0,0,0.330515623
14/11/2020 20:58:59,0,0,0.330387473
14/11/2020 20:59:00,0,0,0.330259323
14/11/2020 20:59:01,0,0,0.330131173
14/11/2020 20:59:02,0,0,0.330003023
14/11/2020 20:59:03,0,0,0.329874903
14/11/2020 20:59:04,0,0,0.329746753
14/11/2020 20:59:05,0,0,0.329618603
14/11/2020 20:59:06,0,0,0.329490453
14/11/2020 20:59:07,0,0,0.329362303
14/11/2020 20:59:08,0,0,0.329234183
14/11/2020 20:59:09,0,0,0.329106033
14/11/2020 20:59:10,0,0,0.328977883
14/11/2020 20:59:11,0,0,0.328849733
14/11/2020 20:59:12,0,0,0.328721583
14/11/2020 20:59:13,0,0,0.328593463
14/11/2020 20:59:14,0,0,0.328465313
14/11/2020 20:59:15,0,0,0.328337163
14/11/2020 20:59:16,0,0,0.328209013
14/11/2020 20:59:17,0,0,0.328080863
14/11/2020 20:59:18,0,0,0.327952743
14/11/2020 20:59:19,0,0,0.327824593
14/11/2020 20:59:20,0,0,0.327696443
14/11/2020 20:59:21,0,0,0.327568293
14/11/2020 20:59:22,0,0,0.327440143
14/11/2020 20:59:23,0,0,0.327312022
14/11/2020 20:59:24,0,0,0.327183872
14/11/2020 20:59:25,0,0,0.327055722
14/11/2020 20:59:26,0,0,0.326927572
14/11/2020 20:59:27,0,0,0.326799423
14/11/2020 20:59:28,0,0,0.326671302
14/11/2020 20:59:29,0,0,0.326543152
14/11/2020 20:59:30,0,0,0.326415002
14/11/2020 20:59:31,0,0,0.326286852
14/11/2020 20:59:32,0,0,0.326158702
14/11/2020 20:59:33,0,0,0.326030582
14/11/2020 20:59:34,0,0,0.325902432
14/11/2020 20:59:35,0,0,0.325774282
14/11/2020 20:59:36,0,0,0.325646132
14/11/2020 20:59:37,0,0,0.325517982
14/11/2020 20:59:38,0,0,0.325389862
14/11/2020 20:59:39,0,0,0.325261712
14/11/2020 20:59:40,0,0,0.325133562
14/11/2020 20:59:41,0,0,0.325005412
14/11/2020 20:59:42,0,0,0.324877262
14/11/2020 20:59:43,0,0,0.324749142
14/11/2020 20:59:44,0,0,0.324620992
14/11/2020 20:59:45,0,0,0.324492842
14/11/2020 20:59:46,0,0,0.324364692
14/11/2020 20:59:47,0,0,0.324236542
14/11/2020 20:59:48,0,0,0.324108422
14/11/2020 20:59:49,0,0,0.323980272
14/11/2020 20:59:50,0,0,0.323852122
14/11/2020 20:59:51,0,0,0.323723972
14/11/2020 20:59:52,0,0,0.323595822
14/11/2020 20:59:53,0,0,0.323467702
14/11/2020 20:59:54,0,0,0.323339552
14/11/2020 20:59:55,0,0,0.323211402
14/11/2020 20:59:56,0,0,0.323083252
14/11/2020 20:59:57,0,0,0.322955102
14/11/2020 20:59:58,0,0,0.322826982
14/11/2020 20:59:59,0,0,0.322698832
14/11/2020 21:00:00,0,0,0.322570682
14/11/2020 21:00:01,0,0,0.322442532
14/11/2020 21:00:02,0,0,0.322314382
14/11/2020 21:00:03,0,0,0.322186261
14/11/2020 21:00:04,0,0,0.322058111
14/11/2020 21:00:05,0,0,0.321929961
14/11/2020 21:00:06,0,0,0.321801811
14/11/2020 21:00:07,0,0,0.321673691
14/11/2020 21:00:08,0,0,0.321545541
14/11/2020 21:00:09,0,0,0.321417391
14/11/2020 21:00:10,0,0,0.321289241
14/11/2020 21:00:11,0,0,0.321161091
14/11/2020 21:00:12,0,0,0.321032971
14/11/2020 21:00:13,0,0,0.320904821
14/11/2020 21:00:14,0,0,0.320776671
14/11/2020 21:00:15,0,0,0.320648521
14/11/2020 21:00:16,0,0,0.320520371
14/11/2020 21:00:17,0,0,0.320392251
14/11/2020 21:00:18,0,0,0.320264101
14/11/2020 21:00:19,0,0,0.320135951
14/11/2020 21:00:20,0,0,0.320007801
14/11/2020 21:00:21,0,0,0.319879651
14/11/2020 21:00:22,0,0,0.319751531
14/11/2020 21:00:23,0,0,0.319623381
14/11/2020 21:00:24,0,0,0.319495231
14/11/2020 21:00:25,0,0,0.319367081
14/11/2020 21:00:26,0,0,0.319238931
14/11/2020 21:00:27,0,0,0.319110811
14/11/2020 21:00:28,0,0,0.318982661
14/11/2020 21:00:29,0,0,0.318854511
14/11/2020 21:00:30,0,0,0.318726361
14/11/2020 21:00:31,0,0,0.318598211
14/11/2020 21:00:32,0,0,0.318470091
14/11/2020 21:00:33,0,0,0.318341941
14/11/2020 21:00:34,0,0,0.318213791
14/11/2020 21:00:35,0,0,0.318085641
14/11/2020 21:00:36,0,0,0.317957491
14/11/2020 21:00:37,0,0,0.31782937
14/11/2020 21:00:38,0,0,0.317701221
14/11/2020 21:00:39,0,0,0.317573071
14/11/2020 21:00:40,0,0,0.317444921
14/11/2020 21:00:41,0,0,0.317316771
14/11/2020 21:00:42,0,0,0.31718865
14/11/2020 21:00:43,0,0,0.3170605
14/11/2020 21:00:44,0,0,0.31693235
14/11/2020 21:00:45,0,0,0.3168042
14/11/2020 21:00:46,0,0,0.31667605
14/11/2020 21:00:47,0,0,0.31654793
14/11/2020 21:00:48,0,0,0.31641978
14/11/2020 21:00:49,0,0,0.31629163
14/11/2020 21:00:50,0,0,0.31616348
14/11/2020 21:00:51,0,0,0.31603533
14/11/2020 21:00:52,0,0,0.31590721
14/11/2020 21:00:53,0,0,0.31577906
14/11/2020 21:00:54,0,0,0.31565091
14/11/2020 21:00:55,0,0,0.31552276
14/11/2020 21:00:56,0,0,0.31539461
14/11/2020 21:00:57,0,0,0.31526649
14/11/2020 21:00:58,0,0,0.31513834
14/11/2020 21:00:59,0,0,0.31501019
14/11/2020 21:01:00,0,0,0.31488204
14/11/2020 21:01:01,0,0,0.31475389
14/11/2020 21:01:02,0,0,0.31462577
14/11/2020 21:01:03,0,0,0.31449762
14/11/2020 21:01:04,0,0,0.31436947
14/11/2020 21:01:05,0,0,0.31424132
14/11/2020 21:01:06,0,0,0.31411317
14/11/2020 21:01:07,0,0,0.31398505
14/11/2020 21:01:08,0,0,0.3138569
14/11/2020 21:01:09,0,0,0.31372875
14/11/2020 21:01:10,0,0,0.3136006
14/11/2020 21:01:11,0,0,0.31347245
14/11/2020 21:01:12,0,0,0.31334433
14/11/2020 21:01:13,0,0,0.31321618
14/11/2020 21:01:14,0,0,0.31308803
14/11/2020 21:01:15,0,0,0.31295988
14/11/2020 21:01:16,0,0,0.31283173
14/11/2020 21:01:17,0,0,0.312703609
14/11/2020 21:01:18,0,0,0.312575459
14/11/2020 21:01:19,0,0,0.312447309
14/11/2020 21:01:20,0,0,0.31231916
14/11/2020 21:01:21,0,0,0.31219101
14/11/2020 21:01:22,0,0,0.312062889
14/11/2020 21:01:23,0,0,0.311934739
14/11/2020 21:01:24,0,0,0.311806589
14/11/2020 21:01:25,0,0,0.311678439
14/11/2020 21:01:26,0,0,0.311550289
14/11/2020 21:01:27,0,0,0.311422169
14/11/2020 21:01:28,0,0,0.311294019
14/11/2020 21:01:29,0,0,0.311165869
14/11/2020 21:01:30,0,0,0.311037719
14/11/2020 21:01:31,0,0,0.310909569
14/11/2020 21:01:32,0,0,0.310781449
14/11/2020 21:01:33,0,0,0.310653299
14/11/2020 21:01:34,0,0,0.310525149
14/11/2020 21:01:35,0,0,0.310396999
14/11/2020 21:01:36,0,0,0.310268849
14/11/2020 21:01:37,0,0,0.310140729
14/11/2020 21:01:38,0,0,0.310012579
14/11/2020 21:01:39,0,0,0.309884429
14/11/2020 21:01:40,0,0,0.309756279
14/11/2020 21:01:41,0,0,0.309628129
14/11/2020 21:01:42,0,0,0.309500009
14/11/2020 21:01:43,0,0,0.309371859
14/11/2020 21:01:44,0,0,0.309243709
14/11/2020 21:01:45,0,0,0.309115559
14/11/2020 21:01:46,0,0,0.308987409
14/11/2020 21:01:47,0,0,0.308859289
14/11/2020 21:01:48,0,0,0.308731139
14/11/2020 21:01:49,0,0,0.308602989
14/11/2020 21:01:50,0,0,0.308474839
14/11/2020 21:01:51,0,0,0.308346689
14/11/2020 21:01:52,0,0,0.308218569
14/11/2020 21:01:53,0,0,0.308090419
14/11/2020 21:01:54,0,0,0.307962269
14/11/2020 21:01:55,0,0,0.307834119
14/11/2020 21:01:56,0,0,0.307705969
14/11/2020 21:01:57,0,0,0.307577848
14/11/2020 21:01:58,0,0,0.307449698
14/11/2020 21:01:59,0,0,0.307321548
14/11/2020 21:02:00,0,0,0.307193398
14/11/2020 21:02:01,0,0,0.307065248
14/11/2020 21:02:02,0,0,0.306937128
14/11/2020 21:02:03,0,0,0.306808978
14/11/2020 21:02:04,0,0,0.306680828
14/11/2020 21:02:05,0,0,0.306552678
14/11/2020 21:02:06,0,0,0.306424528
14/11/2020 21:02:07,0,0,0.306296408
14/11/2020 21:02:08,0,0,0.306168258
14/11/2020 21:02:09,0,0,0.306040108
14/11/2020 21:02:10,0,0,0.305911958
14/11/2020 21:02:11,0,0,0.305783838
14/11/2020 21:02:12,0,0,0.305655688
14/11/2020 21:02:13,0,0,0.305527538
14/11/2020 21:02:14,0,0,0.305399388
14/11/2020 21:02:15,0,0,0.305271238
14/11/2020 21:02:16,0,0,0.305143118
14/11/2020 21:02:17,0,0,0.305014968
14/11/2020 21:02:18,0,0,0.304886818
14/11/2020 21:02:19,0,0,0.304758668
14/11/2020 21:02:20,0,0,0.304630518
14/11/2020 21:02:21,0,0,0.304502398
14/11/2020 21:02:22,0,0,0.304374248
14/11/2020 21:02:23,0,0,0.304246098
14/11/2020 21:02:24,0,0,0.304117948
14/11/2020 21:02:25,0,0,0.303989798
14/11/2020 21:02:26,0,0,0.303861678
14/11/2020 21:02:27,0,0,0.303733528
14/11/2020 21:02:28,0,0,0.303605378
14/11/2020 21:02:29,0,0,0.303477228
14/11/2020 21:02:30,0,0,0.303349078
14/11/2020 21:02:31,0,0,0.303220958
14/11/2020 21:02:32,0,0,0.303092808
14/11/2020 21:02:33,0,0,0.302964658
14/11/2020 21:02:34,0,0,0.302836508
14/11/2020 21:02:35,0,0,0.302708358
14/11/2020 21:02:36,0,0,0.302580237
14/11/2020 21:02:37,0,0,0.302452087
14/11/2020 21:02:38,0,0,0.302323937
14/11/2020 21:02:39,0,0,0.302195787
14/11/2020 21:02:40,0,0,0.302067637
14/11/2020 21:02:41,0,0,0.301939517
14/11/2020 21:02:42,0,0,0.301811367
14/11/2020 21:02:43,0,0,0.301683217
14/11/2020 21:02:44,0,0,0.301555067
14/11/2020 21:02:45,0,0,0.301426917
14/11/2020 21:02:46,0,0,0.301298797
14/11/2020 21:02:47,0,0,0.301170647
14/11/2020 21:02:48,0,0,0.301042497
14/11/2020 21:02:49,0,0,0.300914347
14/11/2020 21:02:50,0,0,0.300786197
14/11/2020 21:02:51,0,0,0.300658077
14/11/2020 21:02:52,0,0,0.300529927
14/11/2020 21:02:53,0,0,0.300401777
14/11/2020 21:02:54,0,0,0.300273627
14/11/2020 21:02:55,0,0,0.300145477
14/11/2020 21:02:56,0,0,0.300017357
14/11/2020 21:02:57,0,0,0.299889207
14/11/2020 21:02:58,0,0,0.299761057
14/11/2020 21:02:59,0,0,0.299632907
14/11/2020 21:03:00,0,0,0.299504757
14/11/2020 21:03:01,0,0,0.299376637
14/11/2020 21:03:02,0,0,0.299248487
14/11/2020 21:03:03,0,0,0.299120337
14/11/2020 21:03:04,0,0,0.298992187
14/11/2020 21:03:05,0,0,0.298864037
14/11/2020 21:03:06,0,0,0.298735917
14/11/2020 21:03:07,0,0,0.298607767
14/11/2020 21:03:08,0,0,0.298479617
14/11/2020 21:03:09,0,0,0.298351467
14/11/2020 21:03:10,0,0,0.298223317
14/11/2020 21:03:11,0,0,0.298095196
14/11/2020 21:03:12,0,0,0.297967046
14/11/2020 21:03:13,0,0,0.297838897
14/11/2020 21:03:14,0,0,0.297710747
14/11/2020 21:03:15,0,0,0.297582597
14/11/2020 21:03:16,0,0,0.297454476
14/11/2020 21:03:17,0,0,0.297326326
14/11/2020 21:03:18,0,0,0.297198176
14/11/2020 21:03:19,0,0,0.297070026
14/11/2020 21:03:20,0,0,0.296941876
14/11/2020 21:03:21,0,0,0.296813756
14/11/2020 21:03:22,0,0,0.296685606
14/11/2020 21:03:23,0,0,0.296557456
14/11/2020 21:03:24,0,0,0.296429306
14/11/2020 21:03:25,0,0,0.296301156
14/11/2020 21:03:26,0,0,0.296173036
14/11/2020 21:03:27,0,0,0.296044886
14/11/2020 21:03:28,0,0,0.295916736
14/11/2020 21:03:29,0,0,0.295788586
14/11/2020 21:03:30,0,0,0.295660436
14/11/2020 21:03:31,0,0,0.295532316
14/11/2020 21:03:32,0,0,0.295404166
14/11/2020 21:03:33,0,0,0.295276016
14/11/2020 21:03:34,0,0,0.295147866
14/11/2020 21:03:35,0,0,0.295019716
14/11/2020 21:03:36,0,0,0.294891596
14/11/2020 21:03:37,0,0,0.294763446
14/11/2020 21:03:38,0,0,0.294635296
14/11/2020 21:03:39,0,0,0.294507146
14/11/2020 21:03:40,0,0,0.294378996
14/11/2020 21:03:41,0,0,0.294250876
14/11/2020 21:03:42,0,0,0.294122726
14/11/2020 21:03:43,0,0,0.293994576
14/11/2020 21:03:44,0,0,0.293866426
14/11/2020 21:03:45,0,0,0.293738276
14/11/2020 21:03:46,0,0,0.293610156
14/11/2020 21:03:47,0,0,0.293482006
14/11/2020 21:03:48,0,0,0.293353856
14/11/2020 21:03:49,0,0,0.293225706
14/11/2020 21:03:50,0,0,0.293097556
14/11/2020 21:03:51,0,0,0.292969435
14/11/2020 21:03:52,0,0,0.292841285
14/11/2020 21:03:53,0,0,0.292713135
14/11/2020 21:03:54,0,0,0.292584985
14/11/2020 21:03:55,0,0,0.292456836
14/11/2020 21:03:56,0,0,0.292328715
14/11/2020 21:03:57,0,0,0.292200565
14/11/2020 21:03:58,0,0,0.292072415
14/11/2020 21:03:59,0,0,0.291944265
14/11/2020 21:04:00,0,0,0.291816115
14/11/2020 21:04:01,0,0,0.291687995
14/11/2020 21:04:02,0,0,0.291559845
14/11/2020 21:04:03,0,0,0.291431695
14/11/2020 21:04:04,0,0,0.291303545
14/11/2020 21:04:05,0,0,0.291175395
14/11/2020 21:04:06,0,0,0.291047275
14/11/2020 21:04:07,0,0,0.290919125
14/11/2020 21:04:08,0,0,0.290790975
14/11/2020 21:04:09,0,0,0.290662825
14/11/2020 21:04:10,0,0,0.290534675
14/11/2020 21:04:11,0,0,0.290406555
14/11/2020 21:04:12,0,0,0.290278405
14/11/2020 21:04:13,0,0,0.290150255
14/11/2020 21:04:14,0,0,0.290022105
14/11/2020 21:04:15,0,0,0.289893985
14/11/2020 21:04:16,0,0,0.289765835
14/11/2020 21:04:17,0,0,0.289637685
14/11/2020 21:04:18,0,0,0.289509535
14/11/2020 21:04:19,0,0,0.289381385
14/11/2020 21:04:20,0,0,0.289253265
14/11/2020 21:04:21,0,0,0.289125115
14/11/2020 21:04:22,0,0,0.288996965
14/11/2020 21:04:23,0,0,0.288868815
14/11/2020 21:04:24,0,0,0.288740665
14/11/2020 21:04:25,0,0,0.288612545
14/11/2020 21:04:26,0,0,0.288484395
14/11/2020 21:04:27,0,0,0.288356245
14/11/2020 21:04:28,0,0,0.288228095
14/11/2020 21:04:29,0,0,0.288099945
14/11/2020 21:04:30,0,0,0.287971824
14/11/2020 21:04:31,0,0,0.287843674
14/11/2020 21:04:32,0,0,0.287715524
14/11/2020 21:04:33,0,0,0.287587374
14/11/2020 21:04:34,0,0,0.287459224
14/11/2020 21:04:35,0,0,0.287331104
14/11/2020 21:04:36,0,0,0.287202954
14/11/2020 21:04:37,0,0,0.287074804
14/11/2020 21:04:38,0,0,0.286946654
14/11/2020 21:04:39,0,0,0.286818504
14/11/2020 21:04:40,0,0,0.286690384
14/11/2020 21:04:41,0,0,0.286562234
14/11/2020 21:04:42,0,0,0.286434084
14/11/2020 21:04:43,0,0,0.286305934
14/11/2020 21:04:44,0,0,0.286177784
14/11/2020 21:04:45,0,0,0.286049664
14/11/2020 21:04:46,0,0,0.285921514
14/11/2020 21:04:47,0,0,0.285793364
14/11/2020 21:04:48,0,0,0.285665214
14/11/2020 21:04:49,0,0,0.285537064
14/11/2020 21:04:50,0,0,0.285408944
14/11/2020 21:04:51,0,0,0.285280794
14/11/2020 21:04:52,0,0,0.285152644
14/11/2020 21:04:53,0,0,0.285024494
14/11/2020 21:04:54,0,0,0.284896344
14/11/2020 21:04:55,0,0,0.284768224
14/11/2020 21:04:56,0,0,0.284640074
14/11/2020 21:04:57,0,0,0.284511924
14/11/2020 21:04:58,0,0,0.284383774
14/11/2020 21:04:59,0,0,0.284255624
14/11/2020 21:05:00,0,0,0.284127504
14/11/2020 21:05:01,0,0,0.283999354
14/11/2020 21:05:02,0,0,0.283871204
14/11/2020 21:05:03,0,0,0.283743054
14/11/2020 21:05:04,0,0,0.283614904
14/11/2020 21:05:05,0,0,0.283486784
14/11/2020 21:05:06,0,0,0.283358634
14/11/2020 21:05:07,0,0,0.283230484
14/11/2020 21:05:08,0,0,0.283102334
14/11/2020 21:05:09,0,0,0.282974184
14/11/2020 21:05:10,0,0,0.282846063
14/11/2020 21:05:11,0,0,0.282717913
14/11/2020 21:05:12,0,0,0.282589763
14/11/2020 21:05:13,0,0,0.282461613
14/11/2020 21:05:14,0,0,0.282333463
14/11/2020 21:05:15,0,0,0.282205343
14/11/2020 21:05:16,0,0,0.282077193
14/11/2020 21:05:17,0,0,0.281949043
14/11/2020 21:05:18,0,0,0.281820893
14/11/2020 21:05:19,0,0,0.281692743
14/11/2020 21:05:20,0,0,0.281564623
14/11/2020 21:05:21,0,0,0.281436473
14/11/2020 21:05:22,0,0,0.281308323
14/11/2020 21:05:23,0,0,0.281180173
14/11/2020 21:05:24,0,0,0.281052023
14/11/2020 21:05:25,0,0,0.280923903
14/11/2020 21:05:26,0,0,0.280795753
14/11/2020 21:05:27,0,0,0.280667603
14/11/2020 21:05:28,0,0,0.280539453
14/11/2020 21:05:29,0,0,0.280411303
14/11/2020 21:05:30,0,0,0.280283183
14/11/2020 21:05:31,0,0,0.280155033
14/11/2020 21:05:32,0,0,0.280026883
14/11/2020 21:05:33,0,0,0.279898733
14/11/2020 21:05:34,0,0,0.279770583
14/11/2020 21:05:35,0,0,0.279642463
14/11/2020 21:05:36,0,0,0.279514313
14/11/2020 21:05:37,0,0,0.279386163
14/11/2020 21:05:38,0,0,0.279258013
14/11/2020 21:05:39,0,0,0.279129863
14/11/2020 21:05:40,0,0,0.279001743
14/11/2020 21:05:41,0,0,0.278873593
14/11/2020 21:05:42,0,0,0.278745443
14/11/2020 21:05:43,0,0,0.278617293
14/11/2020 21:05:44,0,0,0.278489143
14/11/2020 21:05:45,0,0,0.278361022
14/11/2020 21:05:46,0,0,0.278232872
14/11/2020 21:05:47,0,0,0.278104722
14/11/2020 21:05:48,0,0,0.277976573
14/11/2020 21:05:49,0,0,0.277848423
14/11/2020 21:05:50,0,0,0.277720302
14/11/2020 21:05:51,0,0,0.277592152
14/11/2020 21:05:52,0,0,0.277464002
14/11/2020 21:05:53,0,0,0.277335852
14/11/2020 21:05:54,0,0,0.277207702
14/11/2020 21:05:55,0,0,0.277079582
14/11/2020 21:05:56,0,0,0.276951432
14/11/2020 21:05:57,0,0,0.276823282
14/11/2020 21:05:58,0,0,0.276695132
14/11/2020 21:05:59,0,0,0.276566982
14/11/2020 21:06:00,0,0,0.276438862
14/11/2020 21:06:01,0,0,0.276310712
14/11/2020 21:06:02,0,0,0.276182562
14/11/2020 21:06:03,0,0,0.276054412
14/11/2020 21:06:04,0,0,0.275926262
14/11/2020 21:06:05,0,0,0.275798142
14/11/2020 21:06:06,0,0,0.275669992
14/11/2020 21:06:07,0,0,0.275541842
14/11/2020 21:06:08,0,0,0.275413692
14/11/2020 21:06:09,0,0,0.275285542
14/11/2020 21:06:10,0,0,0.275157422
14/11/2020 21:06:11,0,0,0.275029272
14/11/2020 21:06:12,0,0,0.274901122
14/11/2020 21:06:13,0,0,0.274772972
14/11/2020 21:06:14,0,0,0.274644822
14/11/2020 21:06:15,0,0,0.274516702
14/11/2020 21:06:16,0,0,0.274388552
14/11/2020 21:06:17,0,0,0.274260402
14/11/2020 21:06:18,0,0,0.274132252
14/11/2020 21:06:19,0,0,0.274004132
14/11/2020 21:06:20,0,0,0.273875982
14/11/2020 21:06:21,0,0,0.273747832
14/11/2020 21:06:22,0,0,0.273619682
14/11/2020 21:06:23,0,0,0.273491532
14/11/2020 21:06:24,0,0,0.273363411
14/11/2020 21:06:25,0,0,0.273235261
14/11/2020 21:06:26,0,0,0.273107111
14/11/2020 21:06:27,0,0,0.272978961
14/11/2020 21:06:28,0,0,0.272850811
14/11/2020 21:06:29,0,0,0.272722691
14/11/2020 21:06:30,0,0,0.272594541
14/11/2020 21:06:31,0,0,0.272466391
14/11/2020 21:06:32,0,0,0.272338241
14/11/2020 21:06:33,0,0,0.272210091
14/11/2020 21:06:34,0,0,0.272081971
14/11/2020 21:06:35,0,0,0.271953821
14/11/2020 21:06:36,0,0,0.271825671
14/11/2020 21:06:37,0,0,0.271697521
14/11/2020 21:06:38,0,0,0.271569371
14/11/2020 21:06:39,0,0,0.271441251
14/11/2020 21:06:40,0,0,0.271313101
14/11/2020 21:06:41,0,0,0.271184951
14/11/2020 21:06:42,0,0,0.271056801
14/11/2020 21:06:43,0,0,0.270928651
14/11/2020 21:06:44,0,0,0.270800531
14/11/2020 21:06:45,0,0,0.270672381
14/11/2020 21:06:46,0,0,0.270544231
14/11/2020 21:06:47,0,0,0.270416081
14/11/2020 21:06:48,0,0,0.270287931
14/11/2020 21:06:49,0,0,0.270159811
14/11/2020 21:06:50,0,0,0.270031661
14/11/2020 21:06:51,0,0,0.269903511
14/11/2020 21:06:52,0,0,0.269775361
14/11/2020 21:06:53,0,0,0.269647211
14/11/2020 21:06:54,0,0,0.269519091
14/11/2020 21:06:55,0,0,0.269390941
14/11/2020 21:06:56,0,0,0.269262791
14/11/2020 21:06:57,0,0,0.269134641
14/11/2020 21:06:58,0,0,0.269006491
14/11/2020 21:06:59,0,0,0.268878371
14/11/2020 21:07:00,0,0,0.268750221
14/11/2020 21:07:01,0,0,0.268622071
14/11/2020 21:07:02,0,0,0.268493921
14/11/2020 21:07:03,0,0,0.268365771
14/11/2020 21:07:04,0,0,0.26823765
14/11/2020 21:07:05,0,0,0.2681095
14/11/2020 21:07:06,0,0,0.26798135
14/11/2020 21:07:07,0,0,0.2678532
14/11/2020 21:07:08,0,0,0.26772505
14/11/2020 21:07:09,0,0,0.26759693
14/11/2020 21:07:10,0,0,0.26746878
14/11/2020 21:07:11,0,0,0.26734063
14/11/2020 21:07:12,0,0,0.26721248
14/11/2020 21:07:13,0,0,0.26708433
14/11/2020 21:07:14,0,0,0.26695621
14/11/2020 21:07:15,0,0,0.26682806
14/11/2020 21:07:16,0,0,0.26669991
14/11/2020 21:07:17,0,0,0.26657176
14/11/2020 21:07:18,0,0,0.26644361
14/11/2020 21:07:19,0,0,0.26631549
14/11/2020 21:07:20,0,0,0.26618734
14/11/2020 21:07:21,0,0,0.26605919
14/11/2020 21:07:22,0,0,0.26593104
14/11/2020 21:07:23,0,0,0.26580289
14/11/2020 21:07:24,0,0,0.26567477
14/11/2020 21:07:25,0,0,0.26554662
14/11/2020 21:07:26,0,0,0.26541847
14/11/2020 21:07:27,0,0,0.26529032
14/11/2020 21:07:28,0,0,0.26516217
14/11/2020 21:07:29,0,0,0.26503405
14/11/2020 21:07:30,0,0,0.2649059
14/11/2020 21:07:31,0,0,0.26477775
14/11/2020 21:07:32,0,0,0.2646496
14/11/2020 21:07:33,0,0,0.26452145
14/11/2020 21:07:34,0,0,0.26439333
14/11/2020 21:07:35,0,0,0.26426518
14/11/2020 21:07:36,0,0,0.26413703
14/11/2020 21:07:37,0,0,0.26400888
14/11/2020 21:07:38,0,0,0.26388073
14/11/2020 21:07:39,0,0,0.263752609
14/11/2020 21:07:40,0,0,0.26362446
14/11/2020 21:07:41,0,0,0.26349631
14/11/2020 21:07:42,0,0,0.26336816
14/11/2020 21:07:43,0,0,0.26324001
14/11/2020 21:07:44,0,0,0.263111889
14/11/2020 21:07:45,0,0,0.262983739
14/11/2020 21:07:46,0,0,0.262855589
14/11/2020 21:07:47,0,0,0.262727439
14/11/2020 21:07:48,0,0,0.262599289
14/11/2020 21:07:49,0,0,0.262471169
14/11/2020 21:07:50,0,0,0.262343019
14/11/2020 21:07:51,0,0,0.262214869
14/11/2020 21:07:52,0,0,0.262086719
14/11/2020 21:07:53,0,0,0.261958569
14/11/2020 21:07:54,0,0,0.261830449
14/11/2020 21:07:55,0,0,0.261702299
14/11/2020 21:07:56,0,0,0.261574149
14/11/2020 21:07:57,0,0,0.261445999
14/11/2020 21:07:58,0,0,0.261317849
14/11/2020 21:07:59,0,0,0.261189729
14/11/2020 21:08:00,0,0,0.261061579
14/11/2020 21:08:01,0,0,0.260933429
14/11/2020 21:08:02,0,0,0.260805279
14/11/2020 21:08:03,0,0,0.260677129
14/11/2020 21:08:04,0,0,0.260549009
14/11/2020 21:08:05,0,0,0.260420859
14/11/2020 21:08:06,0,0,0.260292709
14/11/2020 21:08:07,0,0,0.260164559
14/11/2020 21:08:08,0,0,0.260036409
14/11/2020 21:08:09,0,0,0.259908289
14/11/2020 21:08:10,0,0,0.259780139
14/11/2020 21:08:11,0,0,0.259651989
14/11/2020 21:08:12,0,0,0.259523839
14/11/2020 21:08:13,0,0,0.259395689
14/11/2020 21:08:14,0,0,0.259267569
14/11/2020 21:08:15,0,0,0.259139419
14/11/2020 21:08:16,0,0,0.259011269
14/11/2020 21:08:17,0,0,0.258883119
14/11/2020 21:08:18,0,0,0.258754969
14/11/2020 21:08:19,0,0,0.258626848
14/11/2020 21:08:20,0,0,0.258498698
14/11/2020 21:08:21,0,0,0.258370548
14/11/2020 21:08:22,0,0,0.258242399
14/11/2020 21:08:23,0,0,0.258114278
14/11/2020 21:08:24,0,0,0.257986128
14/11/2020 21:08:25,0,0,0.257857978
14/11/2020 21:08:26,0,0,0.257729828
14/11/2020 21:08:27,0,0,0.257601678
14/11/2020 21:08:28,0,0,0.257473558
14/11/2020 21:08:29,0,0,0.257345408
14/11/2020 21:08:30,0,0,0.257217258
14/11/2020 21:08:31,0,0,0.257089108
14/11/2020 21:08:32,0,0,0.256960958
14/11/2020 21:08:33,0,0,0.256832838
14/11/2020 21:08:34,0,0,0.256704688
14/11/2020 21:08:35,0,0,0.256576538
14/11/2020 21:08:36,0,0,0.256448388
14/11/2020 21:08:37,0,0,0.256320238
14/11/2020 21:08:38,0,0,0.256192118
14/11/2020 21:08:39,0,0,0.256063968
14/11/2020 21:08:40,0,0,0.255935818
14/11/2020 21:08:41,0,0,0.255807668
14/11/2020 21:08:42,0,0,0.255679518
14/11/2020 21:08:43,0,0,0.255551398
14/11/2020 21:08:44,0,0,0.255423248
14/11/2020 21:08:45,0,0,0.255295098
14/11/2020 21:08:46,0,0,0.255166948
14/11/2020 21:08:47,0,0,0.255038798
14/11/2020 21:08:48,0,0,0.254910678
14/11/2020 21:08:49,0,0,0.254782528
14/11/2020 21:08:50,0,0,0.254654378
14/11/2020 21:08:51,0,0,0.254526228
14/11/2020 21:08:52,0,0,0.254398078
14/11/2020 21:08:53,0,0,0.254269958
14/11/2020 21:08:54,0,0,0.254141808
14/11/2020 21:08:55,0,0,0.254013658
14/11/2020 21:08:56,0,0,0.253885508
14/11/2020 21:08:57,0,0,0.253757358
14/11/2020 21:08:58,0,0,0.253629237
14/11/2020 21:08:59,0,0,0.253501087
14/11/2020 21:09:00,0,0,0.253372937
14/11/2020 21:09:01,0,0,0.253244787
14/11/2020 21:09:02,0,0,0.253116637
14/11/2020 21:09:03,0,0,0.252988517
14/11/2020 21:09:04,0,0,0.252860367
14/11/2020 21:09:05,0,0,0.252732217
14/11/2020 21:09:06,0,0,0.252604067
14/11/2020 21:09:07,0,0,0.252475917
14/11/2020 21:09:08,0,0,0.252347797
14/11/2020 21:09:09,0,0,0.252219647
14/11/2020 21:09:10,0,0,0.252091497
14/11/2020 21:09:11,0,0,0.251963347
14/11/2020 21:09:12,0,0,0.251835197
14/11/2020 21:09:13,0,0,0.251707077
14/11/2020 21:09:14,0,0,0.251578927
14/11/2020 21:09:15,0,0,0.251450777
14/11/2020 21:09:16,0,0,0.251322627
14/11/2020 21:09:17,0,0,0.251194477
14/11/2020 21:09:18,0,0,0.251066357
14/11/2020 21:09:19,0,0,0.250938207
14/11/2020 21:09:20,0,0,0.250810057
14/11/2020 21:09:21,0,0,0.250681907
14/11/2020 21:09:22,0,0,0.250553757
14/11/2020 21:09:23,0,0,0.250425637
14/11/2020 21:09:24,0,0,0.250297487
14/11/2020 21:09:25,0,0,0.250169337
14/11/2020 21:09:26,0,0,0.250041187
14/11/2020 21:09:27,0,0,0.249913052
14/11/2020 21:09:28,0,0,0.249784902
14/11/2020 21:09:29,0,0,0.249656767
14/11/2020 21:09:30,0,0,0.249528617
14/11/2020 21:09:31,0,0,0.249400467
14/11/2020 21:09:32,0,0,0.249272332
14/11/2020 21:09:33,0,0,0.249144182
14/11/2020 21:09:34,0,0,0.249016047
14/11/2020 21:09:35,0,0,0.248887897
14/11/2020 21:09:36,0,0,0.248759747
14/11/2020 21:09:37,0,0,0.248631611
14/11/2020 21:09:38,0,0,0.248503461
14/11/2020 21:09:39,0,0,0.248375326
14/11/2020 21:09:40,0,0,0.248247176
14/11/2020 21:09:41,0,0,0.248119026
14/11/2020 21:09:42,0,0,0.247990891
14/11/2020 21:09:43,0,0,0.247862741
14/11/2020 21:09:44,0,0,0.247734606
14/11/2020 21:09:45,0,0,0.247606456
14/11/2020 21:09:46,0,0,0.247478306
14/11/2020 21:09:47,0,0,0.247350171
14/11/2020 21:09:48,0,0,0.247222021
14/11/2020 21:09:49,0,0,0.247093886
14/11/2020 21:09:50,0,0,0.246965736
14/11/2020 21:09:51,0,0,0.246837586
14/11/2020 21:09:52,0,0,0.246709451
14/11/2020 21:09:53,0,0,0.246581301
14/11/2020 21:09:54,0,0,0.246453166
14/11/2020 21:09:55,0,0,0.246325016
14/11/2020 21:09:56,0,0,0.246196881
14/11/2020 21:09:57,0,0,0.246068731
14/11/2020 21:09:58,0,0,0.245940581
14/11/2020 21:09:59,0,0,0.245812446
14/11/2020 21:10:00,0,0,0.245684296
14/11/2020 21:10:01,0,0,0.245556161
14/11/2020 21:10:02,0,0,0.245428011
14/11/2020 21:10:03,0,0,0.245299861
14/11/2020 21:10:04,0,0,0.245171726
14/11/2020 21:10:05,0,0,0.245043576
14/11/2020 21:10:06,0,0,0.244915441
14/11/2020 21:10:07,0,0,0.244787291
14/11/2020 21:10:08,0,0,0.244659141
14/11/2020 21:10:09,0,0,0.244531006
14/11/2020 21:10:10,0,0,0.244402856
14/11/2020 21:10:11,0,0,0.244274721
14/11/2020 21:10:12,0,0,0.244146571
14/11/2020 21:10:13,0,0,0.244018421
14/11/2020 21:10:14,0,0,0.243890285
14/11/2020 21:10:15,0,0,0.243762136
14/11/2020 21:10:16,0,0,0.243634
14/11/2020 21:10:17,0,0,0.24350585
14/11/2020 21:10:18,0,0,0.2433777
14/11/2020 21:10:19,0,0,0.243249565
14/11/2020 21:10:20,0,0,0.243121415
14/11/2020 21:10:21,0,0,0.24299328
14/11/2020 21:10:22,0,0,0.24286513
14/11/2020 21:10:23,0,0,0.24273698
14/11/2020 21:10:24,0,0,0.242608845
14/11/2020 21:10:25,0,0,0.242480695
14/11/2020 21:10:26,0,0,0.24235256
14/11/2020 21:10:27,0,0,0.24222441
14/11/2020 21:10:28,0,0,0.24209626
14/11/2020 21:10:29,0,0,0.241968125
14/11/2020 21:10:30,0,0,0.241839975
14/11/2020 21:10:31,0,0,0.24171184
14/11/2020 21:10:32,0,0,0.24158369
14/11/2020 21:10:33,0,0,0.24145554
14/11/2020 21:10:34,0,0,0.241327405
14/11/2020 21:10:35,0,0,0.241199255
14/11/2020 21:10:36,0,0,0.24107112
14/11/2020 21:10:37,0,0,0.24094297
14/11/2020 21:10:38,0,0,0.24081482
14/11/2020 21:10:39,0,0,0.240686685
14/11/2020 21:10:40,0,0,0.240558535
14/11/2020 21:10:41,0,0,0.2404304
14/11/2020 21:10:42,0,0,0.24030225
14/11/2020 21:10:43,0,0,0.2401741
14/11/2020 21:10:44,0,0,0.240045965
14/11/2020 21:10:45,0,0,0.239917815
14/11/2020 21:10:46,0,0,0.23978968
14/11/2020 21:10:47,0,0,0.23966153
14/11/2020 21:10:48,0,0,0.23953338
14/11/2020 21:10:49,0,0,0.239405245
14/11/2020 21:10:50,0,0,0.239277095
14/11/2020 21:10:51,0,0,0.23914896
14/11/2020 21:10:52,0,0,0.23902081
14/11/2020 21:10:53,0,0,0.23889266
14/11/2020 21:10:54,0,0,0.238764524
14/11/2020 21:10:55,0,0,0.238636374
14/11/2020 21:10:56,0,0,0.238508239
14/11/2020 21:10:57,0,0,0.238380089
14/11/2020 21:10:58,0,0,0.238251954
14/11/2020 21:10:59,0,0,0.238123804
14/11/2020 21:11:00,0,0,0.237995654
14/11/2020 21:11:01,0,0,0.237867519
14/11/2020 21:11:02,0,0,0.237739369
14/11/2020 21:11:03,0,0,0.237611234
14/11/2020 21:11:04,0,0,0.237483084
14/11/2020 21:11:05,0,0,0.237354934
14/11/2020 21:11:06,0,0,0.237226799
14/11/2020 21:11:07,0,0,0.237098649
14/11/2020 21:11:08,0,0,0.236970514
14/11/2020 21:11:09,0,0,0.236842364
14/11/2020 21:11:10,0,0,0.236714214
14/11/2020 21:11:11,0,0,0.236586079
14/11/2020 21:11:12,0,0,0.236457929
14/11/2020 21:11:13,0,0,0.236329794
14/11/2020 21:11:14,0,0,0.236201644
14/11/2020 21:11:15,0,0,0.236073494
14/11/2020 21:11:16,0,0,0.235945359
14/11/2020 21:11:17,0,0,0.235817209
14/11/2020 21:11:18,0,0,0.235689074
14/11/2020 21:11:19,0,0,0.235560924
14/11/2020 21:11:20,0,0,0.235432774
14/11/2020 21:11:21,0,0,0.235304639
14/11/2020 21:11:22,0,0,0.235176489
14/11/2020 21:11:23,0,0,0.235048354
14/11/2020 21:11:24,0,0,0.234920204
14/11/2020 21:11:25,0,0,0.234792054
14/11/2020 21:11:26,0,0,0.234663919
14/11/2020 21:11:27,0,0,0.234535769
14/11/2020 21:11:28,0,0,0.234407634
14/11/2020 21:11:29,0,0,0.234279484
14/11/2020 21:11:30,0,0,0.234151334
14/11/2020 21:11:31,0,0,0.234023198
14/11/2020 21:11:32,0,0,0.233895048
14/11/2020 21:11:33,0,0,0.233766913
14/11/2020 21:11:34,0,0,0.233638763
14/11/2020 21:11:35,0,0,0.233510613
14/11/2020 21:11:36,0,0,0.233382478
14/11/2020 21:11:37,0,0,0.233254328
14/11/2020 21:11:38,0,0,0.233126193
14/11/2020 21:11:39,0,0,0.232998043
14/11/2020 21:11:40,0,0,0.232869893
14/11/2020 21:11:41,0,0,0.232741758
14/11/2020 21:11:42,0,0,0.232613608
14/11/2020 21:11:43,0,0,0.232485473
14/11/2020 21:11:44,0,0,0.232357323
14/11/2020 21:11:45,0,0,0.232229173
14/11/2020 21:11:46,0,0,0.232101038
14/11/2020 21:11:47,0,0,0.231972888
14/11/2020 21:11:48,0,0,0.231844753
14/11/2020 21:11:49,0,0,0.231716603
14/11/2020 21:11:50,0,0,0.231588453
14/11/2020 21:11:51,0,0,0.231460318
14/11/2020 21:11:52,0,0,0.231332168
14/11/2020 21:11:53,0,0,0.231204033
14/11/2020 21:11:54,0,0,0.231075883
14/11/2020 21:11:55,0,0,0.230947733
14/11/2020 21:11:56,0,0,0.230819598
14/11/2020 21:11:57,0,0,0.230691448
14/11/2020 21:11:58,0,0,0.230563313
14/11/2020 21:11:59,0,0,0.230435163
14/11/2020 21:12:00,0,0,0.230307028
14/11/2020 21:12:01,0,0,0.230178878
14/11/2020 21:12:02,0,0,0.230050728
14/11/2020 21:12:03,0,0,0.229922593
14/11/2020 21:12:04,0,0,0.229794443
14/11/2020 21:12:05,0,0,0.229666308
14/11/2020 21:12:06,0,0,0.229538158
14/11/2020 21:12:07,0,0,0.229410008
14/11/2020 21:12:08,0,0,0.229281873
14/11/2020 21:12:09,0,0,0.229153723
14/11/2020 21:12:10,0,0,0.229025587
14/11/2020 21:12:11,0,0,0.228897437
14/11/2020 21:12:12,0,0,0.228769287
14/11/2020 21:12:13,0,0,0.228641152
14/11/2020 21:12:14,0,0,0.228513002
14/11/2020 21:12:15,0,0,0.228384867
14/11/2020 21:12:16,0,0,0.228256717
14/11/2020 21:12:17,0,0,0.228128567
14/11/2020 21:12:18,0,0,0.228000432
14/11/2020 21:12:19,0,0,0.227872282
14/11/2020 21:12:20,0,0,0.227744147
14/11/2020 21:12:21,0,0,0.227615997
14/11/2020 21:12:22,0,0,0.227487847
14/11/2020 21:12:23,0,0,0.227359712
14/11/2020 21:12:24,0,0,0.227231562
14/11/2020 21:12:25,0,0,0.227103427
14/11/2020 21:12:26,0,0,0.226975277
14/11/2020 21:12:27,0,0,0.226847127
14/11/2020 21:12:28,0,0,0.226718992
14/11/2020 21:12:29,0,0,0.226590842
14/11/2020 21:12:30,0,0,0.226462707
14/11/2020 21:12:31,0,0,0.226334557
14/11/2020 21:12:32,0,0,0.226206407
14/11/2020 21:12:33,0,0,0.226078272
14/11/2020 21:12:34,0,0,0.225950122
14/11/2020 21:12:35,0,0,0.225821987
14/11/2020 21:12:36,0,0,0.225693837
14/11/2020 21:12:37,0,0,0.225565687
14/11/2020 21:12:38,0,0,0.225437552
14/11/2020 21:12:39,0,0,0.225309402
14/11/2020 21:12:40,0,0,0.225181267
14/11/2020 21:12:41,0,0,0.225053117
14/11/2020 21:12:42,0,0,0.224924967
14/11/2020 21:12:43,0,0,0.224796832
14/11/2020 21:12:44,0,0,0.224668682
14/11/2020 21:12:45,0,0,0.224540547
14/11/2020 21:12:46,0,0,0.224412397
14/11/2020 21:12:47,0,0,0.224284247
14/11/2020 21:12:48,0,0,0.224156111
14/11/2020 21:12:49,0,0,0.224027961
14/11/2020 21:12:50,0,0,0.223899826
14/11/2020 21:12:51,0,0,0.223771676
14/11/2020 21:12:52,0,0,0.223643526
14/11/2020 21:12:53,0,0,0.223515391
14/11/2020 21:12:54,0,0,0.223387241
14/11/2020 21:12:55,0,0,0.223259106
14/11/2020 21:12:56,0,0,0.223130956
14/11/2020 21:12:57,0,0,0.223002806
14/11/2020 21:12:58,0,0,0.222874671
14/11/2020 21:12:59,0,0,0.222746521
14/11/2020 21:13:00,0,0,0.222618386
14/11/2020 21:13:01,0,0,0.222490236
14/11/2020 21:13:02,0,0,0.222362101
14/11/2020 21:13:03,0,0,0.222233951
14/11/2020 21:13:04,0,0,0.222105801
14/11/2020 21:13:05,0,0,0.221977666
14/11/2020 21:13:06,0,0,0.221849516
14/11/2020 21:13:07,0,0,0.221721381
14/11/2020 21:13:08,0,0,0.221593231
14/11/2020 21:13:09,0,0,0.221465081
14/11/2020 21:13:10,0,0,0.221336946
14/11/2020 21:13:11,0,0,0.221208796
14/11/2020 21:13:12,0,0,0.221080661
14/11/2020 21:13:13,0,0,0.220952511
14/11/2020 21:13:14,0,0,0.220824361
14/11/2020 21:13:15,0,0,0.220696226
14/11/2020 21:13:16,0,0,0.220568076
14/11/2020 21:13:17,0,0,0.220439941
14/11/2020 21:13:18,0,0,0.220311791
14/11/2020 21:13:19,0,0,0.220183641
14/11/2020 21:13:20,0,0,0.220055506
14/11/2020 21:13:21,0,0,0.219927356
14/11/2020 21:13:22,0,0,0.219799221
14/11/2020 21:13:23,0,0,0.219671071
14/11/2020 21:13:24,0,0,0.219542921
14/11/2020 21:13:25,0,0,0.219414786
14/11/2020 21:13:26,0,0,0.219286636
14/11/2020 21:13:27,0,0,0.2191585
14/11/2020 21:13:28,0,0,0.21903035
14/11/2020 21:13:29,0,0,0.2189022
14/11/2020 21:13:30,0,0,0.218774065
14/11/2020 21:13:31,0,0,0.218645915
14/11/2020 21:13:32,0,0,0.21851778
14/11/2020 21:13:33,0,0,0.21838963
14/11/2020 21:13:34,0,0,0.21826148
14/11/2020 21:13:35,0,0,0.218133345
14/11/2020 21:13:36,0,0,0.218005195
14/11/2020 21:13:37,0,0,0.21787706
14/11/2020 21:13:38,0,0,0.21774891
14/11/2020 21:13:39,0,0,0.21762076
14/11/2020 21:13:40,0,0,0.217492625
14/11/2020 21:13:41,0,0,0.217364475
14/11/2020 21:13:42,0,0,0.21723634
14/11/2020 21:13:43,0,0,0.21710819
14/11/2020 21:13:44,0,0,0.21698004
14/11/2020 21:13:45,0,0,0.216851905
14/11/2020 21:13:46,0,0,0.216723755
14/11/2020 21:13:47,0,0,0.21659562
14/11/2020 21:13:48,0,0,0.21646747
14/11/2020 21:13:49,0,0,0.21633932
14/11/2020 21:13:50,0,0,0.216211185
14/11/2020 21:13:51,0,0,0.216083035
14/11/2020 21:13:52,0,0,0.2159549
14/11/2020 21:13:53,0,0,0.21582675
14/11/2020 21:13:54,0,0,0.2156986
14/11/2020 21:13:55,0,0,0.215570465
14/11/2020 21:13:56,0,0,0.215442315
14/11/2020 21:13:57,0,0,0.21531418
14/11/2020 21:13:58,0,0,0.21518603
14/11/2020 21:13:59,0,0,0.21505788
14/11/2020 21:14:00,0,0,0.214929745
14/11/2020 21:14:01,0,0,0.214801595
14/11/2020 21:14:02,0,0,0.21467346
14/11/2020 21:14:03,0,0,0.21454531
14/11/2020 21:14:04,0,0,0.214417174
14/11/2020 21:14:05,0,0,0.214289024
14/11/2020 21:14:06,0,0,0.214160874
14/11/2020 21:14:07,0,0,0.214032739
14/11/2020 21:14:08,0,0,0.213904589
14/11/2020 21:14:09,0,0,0.213776454
14/11/2020 21:14:10,0,0,0.213648304
14/11/2020 21:14:11,0,0,0.213520154
14/11/2020 21:14:12,0,0,0.213392019
14/11/2020 21:14:13,0,0,0.213263869
14/11/2020 21:14:14,0,0,0.213135734
14/11/2020 21:14:15,0,0,0.213007584
14/11/2020 21:14:16,0,0,0.212879434
14/11/2020 21:14:17,0,0,0.212751299
14/11/2020 21:14:18,0,0,0.212623149
14/11/2020 21:14:19,0,0,0.212495014
14/11/2020 21:14:20,0,0,0.212366864
14/11/2020 21:14:21,0,0,0.212238714
14/11/2020 21:14:22,0,0,0.212110579
14/11/2020 21:14:23,0,0,0.211982429
14/11/2020 21:14:24,0,0,0.211854294
14/11/2020 21:14:25,0,0,0.211726144
14/11/2020 21:14:26,0,0,0.211597994
14/11/2020 21:14:27,0,0,0.211469859
14/11/2020 21:14:28,0,0,0.211341709
14/11/2020 21:14:29,0,0,0.211213574
14/11/2020 21:14:30,0,0,0.211085424
14/11/2020 21:14:31,0,0,0.210957274
14/11/2020 21:14:32,0,0,0.210829139
14/11/2020 21:14:33,0,0,0.210700989
14/11/2020 21:14:34,0,0,0.210572854
14/11/2020 21:14:35,0,0,0.210444704
14/11/2020 21:14:36,0,0,0.210316554
14/11/2020 21:14:37,0,0,0.210188419
14/11/2020 21:14:38,0,0,0.210060269
14/11/2020 21:14:39,0,0,0.209932134
14/11/2020 21:14:40,0,0,0.209803984
14/11/2020 21:14:41,0,0,0.209675834
14/11/2020 21:14:42,0,0,0.209547698
14/11/2020 21:14:43,0,0,0.209419549
14/11/2020 21:14:44,0,0,0.209291413
14/11/2020 21:14:45,0,0,0.209163263
14/11/2020 21:14:46,0,0,0.209035113
14/11/2020 21:14:47,0,0,0.208906978
14/11/2020 21:14:48,0,0,0.208778828
14/11/2020 21:14:49,0,0,0.208650693
14/11/2020 21:14:50,0,0,0.208522543
14/11/2020 21:14:51,0,0,0.208394393
14/11/2020 21:14:52,0,0,0.208266258
14/11/2020 21:14:53,0,0,0.208138108
14/11/2020 21:14:54,0,0,0.208009973
14/11/2020 21:14:55,0,0,0.207881823
14/11/2020 21:14:56,0,0,0.207753673
14/11/2020 21:14:57,0,0,0.207625538
14/11/2020 21:14:58,0,0,0.207497388
14/11/2020 21:14:59,0,0,0.207369253
14/11/2020 21:15:00,0,0,0.207241103
14/11/2020 21:15:01,0,0,0.207112953
14/11/2020 21:15:02,0,0,0.206984818
14/11/2020 21:15:03,0,0,0.206856668
14/11/2020 21:15:04,0,0,0.206728533
14/11/2020 21:15:05,0,0,0.206600383
14/11/2020 21:15:06,0,0,0.206472248
14/11/2020 21:15:07,0,0,0.206344098
14/11/2020 21:15:08,0,0,0.206215948
14/11/2020 21:15:09,0,0,0.206087813
14/11/2020 21:15:10,0,0,0.205959663
14/11/2020 21:15:11,0,0,0.205831528
14/11/2020 21:15:12,0,0,0.205703378
14/11/2020 21:15:13,0,0,0.205575228
14/11/2020 21:15:14,0,0,0.205447093
14/11/2020 21:15:15,0,0,0.205318943
14/11/2020 21:15:16,0,0,0.205190808
14/11/2020 21:15:17,0,0,0.205062658
14/11/2020 21:15:18,0,0,0.204934508
14/11/2020 21:15:19,0,0,0.204806373
14/11/2020 21:15:20,0,0,0.204678223
14/11/2020 21:15:21,0,0,0.204550087
14/11/2020 21:15:22,0,0,0.204421937
14/11/2020 21:15:23,0,0,0.204293787
14/11/2020 21:15:24,0,0,0.204165652
14/11/2020 21:15:25,0,0,0.204037502
14/11/2020 21:15:26,0,0,0.203909367
14/11/2020 21:15:27,0,0,0.203781217
14/11/2020 21:15:28,0,0,0.203653067
14/11/2020 21:15:29,0,0,0.203524932
14/11/2020 21:15:30,0,0,0.203396782
14/11/2020 21:15:31,0,0,0.203268647
14/11/2020 21:15:32,0,0,0.203140497
14/11/2020 21:15:33,0,0,0.203012347
14/11/2020 21:15:34,0,0,0.202884212
14/11/2020 21:15:35,0,0,0.202756062
14/11/2020 21:15:36,0,0,0.202627927
14/11/2020 21:15:37,0,0,0.202499777
14/11/2020 21:15:38,0,0,0.202371627
14/11/2020 21:15:39,0,0,0.202243492
14/11/2020 21:15:40,0,0,0.202115342
14/11/2020 21:15:41,0,0,0.201987207
14/11/2020 21:15:42,0,0,0.201859057
14/11/2020 21:15:43,0,0,0.201730907
14/11/2020 21:15:44,0,0,0.201602772
14/11/2020 21:15:45,0,0,0.201474622
14/11/2020 21:15:46,0,0,0.201346487
14/11/2020 21:15:47,0,0,0.201218337
14/11/2020 21:15:48,0,0,0.201090187
14/11/2020 21:15:49,0,0,0.200962052
14/11/2020 21:15:50,0,0,0.200833902
14/11/2020 21:15:51,0,0,0.200705767
14/11/2020 21:15:52,0,0,0.200577617
14/11/2020 21:15:53,0,0,0.200449467
14/11/2020 21:15:54,0,0,0.200321332
14/11/2020 21:15:55,0,0,0.200193182
14/11/2020 21:15:56,0,0,0.200065047
14/11/2020 21:15:57,0,0,0.199936897
14/11/2020 21:15:58,0,0,0.199808747
14/11/2020 21:15:59,0,0,0.199680611
14/11/2020 21:16:00,0,0,0.199552462
14/11/2020 21:16:01,0,0,0.199424326
14/11/2020 21:16:02,0,0,0.199296176
14/11/2020 21:16:03,0,0,0.199168026
14/11/2020 21:16:04,0,0,0.199039891
14/11/2020 21:16:05,0,0,0.198911741
14/11/2020 21:16:06,0,0,0.198783606
14/11/2020 21:16:07,0,0,0.198655456
14/11/2020 21:16:08,0,0,0.198527321
14/11/2020 21:16:09,0,0,0.198399171
14/11/2020 21:16:10,0,0,0.198271021
14/11/2020 21:16:11,0,0,0.198142886
14/11/2020 21:16:12,0,0,0.198014736
14/11/2020 21:16:13,0,0,0.197886601
14/11/2020 21:16:14,0,0,0.197758451
14/11/2020 21:16:15,0,0,0.197630301
14/11/2020 21:16:16,0,0,0.197502166
14/11/2020 21:16:17,0,0,0.197374016
14/11/2020 21:16:18,0,0,0.197245881
14/11/2020 21:16:19,0,0,0.197117731
14/11/2020 21:16:20,0,0,0.196989581
14/11/2020 21:16:21,0,0,0.196861446
14/11/2020 21:16:22,0,0,0.196733296
14/11/2020 21:16:23,0,0,0.196605161
14/11/2020 21:16:24,0,0,0.196477011
14/11/2020 21:16:25,0,0,0.196348861
14/11/2020 21:16:26,0,0,0.196220726
14/11/2020 21:16:27,0,0,0.196092576
14/11/2020 21:16:28,0,0,0.195964441
14/11/2020 21:16:29,0,0,0.195836291
14/11/2020 21:16:30,0,0,0.195708141
14/11/2020 21:16:31,0,0,0.195580006
14/11/2020 21:16:32,0,0,0.195451856
14/11/2020 21:16:33,0,0,0.195323721
14/11/2020 21:16:34,0,0,0.195195571
14/11/2020 21:16:35,0,0,0.195067421
14/11/2020 21:16:36,0,0,0.194939286
14/11/2020 21:16:37,0,0,0.194811136
14/11/2020 21:16:38,0,0,0.194683
14/11/2020 21:16:39,0,0,0.19455485
14/11/2020 21:16:40,0,0,0.1944267
14/11/2020 21:16:41,0,0,0.194298565
14/11/2020 21:16:42,0,0,0.194170415
14/11/2020 21:16:43,0,0,0.19404228
14/11/2020 21:16:44,0,0,0.19391413
14/11/2020 21:16:45,0,0,0.19378598
14/11/2020 21:16:46,0,0,0.193657845
14/11/2020 21:16:47,0,0,0.193529695
14/11/2020 21:16:48,0,0,0.19340156
14/11/2020 21:16:49,0,0,0.19327341
14/11/2020 21:16:50,0,0,0.19314526
14/11/2020 21:16:51,0,0,0.193017125
14/11/2020 21:16:52,0,0,0.192888975
14/11/2020 21:16:53,0,0,0.19276084
14/11/2020 21:16:54,0,0,0.19263269
14/11/2020 21:16:55,0,0,0.19250454
14/11/2020 21:16:56,0,0,0.192376405
14/11/2020 21:16:57,0,0,0.192248255
14/11/2020 21:16:58,0,0,0.19212012
14/11/2020 21:16:59,0,0,0.19199197
14/11/2020 21:17:00,0,0,0.19186382
14/11/2020 21:17:01,0,0,0.191735685
14/11/2020 21:17:02,0,0,0.191607535
14/11/2020 21:17:03,0,0,0.1914794
14/11/2020 21:17:04,0,0,0.19135125
14/11/2020 21:17:05,0,0,0.1912231
14/11/2020 21:17:06,0,0,0.191094965
14/11/2020 21:17:07,0,0,0.190966815
14/11/2020 21:17:08,0,0,0.19083868
14/11/2020 21:17:09,0,0,0.19071053
14/11/2020 21:17:10,0,0,0.190582395
14/11/2020 21:17:11,0,0,0.190454245
14/11/2020 21:17:12,0,0,0.190326095
14/11/2020 21:17:13,0,0,0.19019796
14/11/2020 21:17:14,0,0,0.19006981
14/11/2020 21:17:15,0,0,0.189941674
14/11/2020 21:17:16,0,0,0.189813524
14/11/2020 21:17:17,0,0,0.189685374
14/11/2020 21:17:18,0,0,0.189557239
14/11/2020 21:17:19,0,0,0.189429089
14/11/2020 21:17:20,0,0,0.189300954
14/11/2020 21:17:21,0,0,0.189172804
14/11/2020 21:17:22,0,0,0.189044654
14/11/2020 21:17:23,0,0,0.188916519
14/11/2020 21:17:24,0,0,0.188788369
14/11/2020 21:17:25,0,0,0.188660234
14/11/2020 21:17:26,0,0,0.188532084
14/11/2020 21:17:27,0,0,0.188403934
14/11/2020 21:17:28,0,0,0.188275799
14/11/2020 21:17:29,0,0,0.188147649
14/11/2020 21:17:30,0,0,0.188019514
14/11/2020 21:17:31,0,0,0.187891364
14/11/2020 21:17:32,0,0,0.187763214
14/11/2020 21:17:33,0,0,0.187635079
14/11/2020 21:17:34,0,0,0.187506929
14/11/2020 21:17:35,0,0,0.187378794
14/11/2020 21:17:36,0,0,0.187250644
14/11/2020 21:17:37,0,0,0.187122494
14/11/2020 21:17:38,0,0,0.186994359
14/11/2020 21:17:39,0,0,0.186866209
14/11/2020 21:17:40,0,0,0.186738074
14/11/2020 21:17:41,0,0,0.186609924
14/11/2020 21:17:42,0,0,0.186481774
14/11/2020 21:17:43,0,0,0.186353639
14/11/2020 21:17:44,0,0,0.186225489
14/11/2020 21:17:45,0,0,0.186097354
14/11/2020 21:17:46,0,0,0.185969204
14/11/2020 21:17:47,0,0,0.185841054
14/11/2020 21:17:48,0,0,0.185712919
14/11/2020 21:17:49,0,0,0.185584769
14/11/2020 21:17:50,0,0,0.185456634
14/11/2020 21:17:51,0,0,0.185328484
14/11/2020 21:17:52,0,0,0.185200334
14/11/2020 21:17:53,0,0,0.185072199
14/11/2020 21:17:54,0,0,0.184944049
14/11/2020 21:17:55,0,0,0.184815913
14/11/2020 21:17:56,0,0,0.184687763
14/11/2020 21:17:57,0,0,0.184559613
14/11/2020 21:17:58,0,0,0.184431478
14/11/2020 21:17:59,0,0,0.184303328
14/11/2020 21:18:00,0,0,0.184175193
14/11/2020 21:18:01,0,0,0.184047043
14/11/2020 21:18:02,0,0,0.183918893
14/11/2020 21:18:03,0,0,0.183790758
14/11/2020 21:18:04,0,0,0.183662608
14/11/2020 21:18:05,0,0,0.183534473
14/11/2020 21:18:06,0,0,0.183406323
14/11/2020 21:18:07,0,0,0.183278173
14/11/2020 21:18:08,0,0,0.183150038
14/11/2020 21:18:09,0,0,0.183021888
14/11/2020 21:18:10,0,0,0.182893753
14/11/2020 21:18:11,0,0,0.182765603
14/11/2020 21:18:12,0,0,0.182637468
14/11/2020 21:18:13,0,0,0.182509318
14/11/2020 21:18:14,0,0,0.182381168
14/11/2020 21:18:15,0,0,0.182253033
14/11/2020 21:18:16,0,0,0.182124883
14/11/2020 21:18:17,0,0,0.181996748
14/11/2020 21:18:18,0,0,0.181868598
14/11/2020 21:18:19,0,0,0.181740448
14/11/2020 21:18:20,0,0,0.181612313
14/11/2020 21:18:21,0,0,0.181484163
14/11/2020 21:18:22,0,0,0.181356028
14/11/2020 21:18:23,0,0,0.181227878
14/11/2020 21:18:24,0,0,0.181099728
14/11/2020 21:18:25,0,0,0.180971593
14/11/2020 21:18:26,0,0,0.180843443
14/11/2020 21:18:27,0,0,0.180715308
14/11/2020 21:18:28,0,0,0.180587158
14/11/2020 21:18:29,0,0,0.180459008
14/11/2020 21:18:30,0,0,0.180330873
14/11/2020 21:18:31,0,0,0.180202723
14/11/2020 21:18:32,0,0,0.180074587
14/11/2020 21:18:33,0,0,0.179946437
14/11/2020 21:18:34,0,0,0.179818287
14/11/2020 21:18:35,0,0,0.179690152
14/11/2020 21:18:36,0,0,0.179562002
14/11/2020 21:18:37,0,0,0.179433867
14/11/2020 21:18:38,0,0,0.179305717
14/11/2020 21:18:39,0,0,0.179177567
14/11/2020 21:18:40,0,0,0.179049432
14/11/2020 21:18:41,0,0,0.178921282
14/11/2020 21:18:42,0,0,0.178793147
14/11/2020 21:18:43,0,0,0.178664997
14/11/2020 21:18:44,0,0,0.178536847
14/11/2020 21:18:45,0,0,0.178408712
14/11/2020 21:18:46,0,0,0.178280562
14/11/2020 21:18:47,0,0,0.178152427
14/11/2020 21:18:48,0,0,0.178024277
14/11/2020 21:18:49,0,0,0.177896127
14/11/2020 21:18:50,0,0,0.177767992
14/11/2020 21:18:51,0,0,0.177639842
14/11/2020 21:18:52,0,0,0.177511707
14/11/2020 21:18:53,0,0,0.177383557
14/11/2020 21:18:54,0,0,0.177255407
14/11/2020 21:18:55,0,0,0.177127272
14/11/2020 21:18:56,0,0,0.176999122
14/11/2020 21:18:57,0,0,0.176870987
14/11/2020 21:18:58,0,0,0.176742837
14/11/2020 21:18:59,0,0,0.176614687
14/11/2020 21:19:00,0,0,0.176486552
14/11/2020 21:19:01,0,0,0.176358402
14/11/2020 21:19:02,0,0,0.176230267
14/11/2020 21:19:03,0,0,0.176102117
14/11/2020 21:19:04,0,0,0.175973967
14/11/2020 21:19:05,0,0,0.175845832
14/11/2020 21:19:06,0,0,0.175717682
14/11/2020 21:19:07,0,0,0.175589547
14/11/2020 21:19:08,0,0,0.175461397
14/11/2020 21:19:09,0,0,0.175333247
14/11/2020 21:19:10,0,0,0.175205112
14/11/2020 21:19:11,0,0,0.175076962
14/11/2020 21:19:12,0,0,0.174948826
14/11/2020 21:19:13,0,0,0.174820676
14/11/2020 21:19:14,0,0,0.174692541
14/11/2020 21:19:15,0,0,0.174564391
14/11/2020 21:19:16,0,0,0.174436241
14/11/2020 21:19:17,0,0,0.174308106
14/11/2020 21:19:18,0,0,0.174179956
14/11/2020 21:19:19,0,0,0.174051821
14/11/2020 21:19:20,0,0,0.173923671
14/11/2020 21:19:21,0,0,0.173795521
14/11/2020 21:19:22,0,0,0.173667386
14/11/2020 21:19:23,0,0,0.173539236
14/11/2020 21:19:24,0,0,0.173411101
14/11/2020 21:19:25,0,0,0.173282951
14/11/2020 21:19:26,0,0,0.173154801
14/11/2020 21:19:27,0,0,0.173026666
14/11/2020 21:19:28,0,0,0.172898516
14/11/2020 21:19:29,0,0,0.172770381
14/11/2020 21:19:30,0,0,0.172642231
14/11/2020 21:19:31,0,0,0.172514081
14/11/2020 21:19:32,0,0,0.172385946
14/11/2020 21:19:33,0,0,0.172257796
14/11/2020 21:19:34,0,0,0.172129661
14/11/2020 21:19:35,0,0,0.172001511
14/11/2020 21:19:36,0,0,0.171873361
14/11/2020 21:19:37,0,0,0.171745226
14/11/2020 21:19:38,0,0,0.171617076
14/11/2020 21:19:39,0,0,0.171488941
14/11/2020 21:19:40,0,0,0.171360791
14/11/2020 21:19:41,0,0,0.171232641
14/11/2020 21:19:42,0,0,0.171104506
14/11/2020 21:19:43,0,0,0.170976356
14/11/2020 21:19:44,0,0,0.170848221
14/11/2020 21:19:45,0,0,0.170720071
14/11/2020 21:19:46,0,0,0.170591921
14/11/2020 21:19:47,0,0,0.170463786
14/11/2020 21:19:48,0,0,0.170335636
14/11/2020 21:19:49,0,0,0.1702075
14/11/2020 21:19:50,0,0,0.17007935
14/11/2020 21:19:51,0,0,0.1699512
14/11/2020 21:19:52,0,0,0.169823065
14/11/2020 21:19:53,0,0,0.169694915
14/11/2020 21:19:54,0,0,0.16956678
14/11/2020 21:19:55,0,0,0.16943863
14/11/2020 21:19:56,0,0,0.16931048
14/11/2020 21:19:57,0,0,0.169182345
14/11/2020 21:19:58,0,0,0.169054195
14/11/2020 21:19:59,0,0,0.16892606
14/11/2020 21:20:00,0,0,0.16879791
14/11/2020 21:20:01,0,0,0.16866976
14/11/2020 21:20:02,0,0,0.168541625
14/11/2020 21:20:03,0,0,0.168413475
14/11/2020 21:20:04,0,0,0.16828534
14/11/2020 21:20:05,0,0,0.16815719
14/11/2020 21:20:06,0,0,0.16802904
14/11/2020 21:20:07,0,0,0.167900905
14/11/2020 21:20:08,0,0,0.167772755
14/11/2020 21:20:09,0,0,0.16764462
14/11/2020 21:20:10,0,0,0.16751647
14/11/2020 21:20:11,0,0,0.16738832
14/11/2020 21:20:12,0,0,0.167260185
14/11/2020 21:20:13,0,0,0.167132035
14/11/2020 21:20:14,0,0,0.1670039
14/11/2020 21:20:15,0,0,0.16687575
14/11/2020 21:20:16,0,0,0.166747615
14/11/2020 21:20:17,0,0,0.166619465
14/11/2020 21:20:18,0,0,0.166491315
14/11/2020 21:20:19,0,0,0.16636318
14/11/2020 21:20:20,0,0,0.16623503
14/11/2020 21:20:21,0,0,0.166106895
14/11/2020 21:20:22,0,0,0.165978745
14/11/2020 21:20:23,0,0,0.165850595
14/11/2020 21:20:24,0,0,0.16572246
14/11/2020 21:20:25,0,0,0.16559431
14/11/2020 21:20:26,0,0,0.165466174
14/11/2020 21:20:27,0,0,0.165338024
14/11/2020 21:20:28,0,0,0.165209875
14/11/2020 21:20:29,0,0,0.165081739
14/11/2020 21:20:30,0,0,0.164953589
14/11/2020 21:20:31,0,0,0.164825454
14/11/2020 21:20:32,0,0,0.164697304
14/11/2020 21:20:33,0,0,0.164569154
14/11/2020 21:20:34,0,0,0.164441019
14/11/2020 21:20:35,0,0,0.164312869
14/11/2020 21:20:36,0,0,0.164184734
14/11/2020 21:20:37,0,0,0.164056584
14/11/2020 21:20:38,0,0,0.163928434
14/11/2020 21:20:39,0,0,0.163800299
14/11/2020 21:20:40,0,0,0.163672149
14/11/2020 21:20:41,0,0,0.163544014
14/11/2020 21:20:42,0,0,0.163415864
14/11/2020 21:20:43,0,0,0.163287714
14/11/2020 21:20:44,0,0,0.163159579
14/11/2020 21:20:45,0,0,0.163031429
14/11/2020 21:20:46,0,0,0.162903294
14/11/2020 21:20:47,0,0,0.162775144
14/11/2020 21:20:48,0,0,0.162646994
14/11/2020 21:20:49,0,0,0.162518859
14/11/2020 21:20:50,0,0,0.162390709
14/11/2020 21:20:51,0,0,0.162262574
14/11/2020 21:20:52,0,0,0.162134424
14/11/2020 21:20:53,0,0,0.162006274
14/11/2020 21:20:54,0,0,0.161878139
14/11/2020 21:20:55,0,0,0.161749989
14/11/2020 21:20:56,0,0,0.161621854
14/11/2020 21:20:57,0,0,0.161493704
14/11/2020 21:20:58,0,0,0.161365554
14/11/2020 21:20:59,0,0,0.161237419
14/11/2020 21:21:00,0,0,0.161109269
14/11/2020 21:21:01,0,0,0.160981134
14/11/2020 21:21:02,0,0,0.160852984
14/11/2020 21:21:03,0,0,0.160724834
14/11/2020 21:21:04,0,0,0.160596699
14/11/2020 21:21:05,0,0,0.160468549
14/11/2020 21:21:06,0,0,0.160340413
14/11/2020 21:21:07,0,0,0.160212263
14/11/2020 21:21:08,0,0,0.160084113
14/11/2020 21:21:09,0,0,0.159955978
14/11/2020 21:21:10,0,0,0.159827828
14/11/2020 21:21:11,0,0,0.159699693
14/11/2020 21:21:12,0,0,0.159571543
14/11/2020 21:21:13,0,0,0.159443393
14/11/2020 21:21:14,0,0,0.159315258
14/11/2020 21:21:15,0,0,0.159187108
14/11/2020 21:21:16,0,0,0.159058973
14/11/2020 21:21:17,0,0,0.158930823
14/11/2020 21:21:18,0,0,0.158802688
14/11/2020 21:21:19,0,0,0.158674538
14/11/2020 21:21:20,0,0,0.158546388
14/11/2020 21:21:21,0,0,0.158418253
14/11/2020 21:21:22,0,0,0.158290103
14/11/2020 21:21:23,0,0,0.158161968
14/11/2020 21:21:24,0,0,0.158033818
14/11/2020 21:21:25,0,0,0.157905668
14/11/2020 21:21:26,0,0,0.157777533
14/11/2020 21:21:27,0,0,0.157649383
14/11/2020 21:21:28,0,0,0.157521248
14/11/2020 21:21:29,0,0,0.157393098
14/11/2020 21:21:30,0,0,0.157264948
14/11/2020 21:21:31,0,0,0.157136813
14/11/2020 21:21:32,0,0,0.157008663
14/11/2020 21:21:33,0,0,0.156880528
14/11/2020 21:21:34,0,0,0.156752378
14/11/2020 21:21:35,0,0,0.156624228
14/11/2020 21:21:36,0,0,0.156496093
14/11/2020 21:21:37,0,0,0.156367943
14/11/2020 21:21:38,0,0,0.156239808
14/11/2020 21:21:39,0,0,0.156111658
14/11/2020 21:21:40,0,0,0.155983508
14/11/2020 21:21:41,0,0,0.155855373
14/11/2020 21:21:42,0,0,0.155727223
14/11/2020 21:21:43,0,0,0.155599087
14/11/2020 21:21:44,0,0,0.155470937
14/11/2020 21:21:45,0,0,0.155342788
14/11/2020 21:21:46,0,0,0.155214652
14/11/2020 21:21:47,0,0,0.155086502
14/11/2020 21:21:48,0,0,0.154958367
14/11/2020 21:21:49,0,0,0.154830217
14/11/2020 21:21:50,0,0,0.154702067
14/11/2020 21:21:51,0,0,0.154573932
14/11/2020 21:21:52,0,0,0.154445782
14/11/2020 21:21:53,0,0,0.154317647
14/11/2020 21:21:54,0,0,0.154189497
14/11/2020 21:21:55,0,0,0.154061347
14/11/2020 21:21:56,0,0,0.153933212
14/11/2020 21:21:57,0,0,0.153805062
14/11/2020 21:21:58,0,0,0.153676927
14/11/2020 21:21:59,0,0,0.153548777
14/11/2020 21:22:00,0,0,0.153420627
14/11/2020 21:22:01,0,0,0.153292492
14/11/2020 21:22:02,0,0,0.153164342
14/11/2020 21:22:03,0,0,0.153036207
14/11/2020 21:22:04,0,0,0.152908057
14/11/2020 21:22:05,0,0,0.152779907
14/11/2020 21:22:06,0,0,0.152651772
14/11/2020 21:22:07,0,0,0.152523622
14/11/2020 21:22:08,0,0,0.152395487
14/11/2020 21:22:09,0,0,0.152267337
14/11/2020 21:22:10,0,0,0.152139187
14/11/2020 21:22:11,0,0,0.152011052
14/11/2020 21:22:12,0,0,0.151882902
14/11/2020 21:22:13,0,0,0.151754767
14/11/2020 21:22:14,0,0,0.151626617
14/11/2020 21:22:15,0,0,0.151498467
14/11/2020 21:22:16,0,0,0.151370332
14/11/2020 21:22:17,0,0,0.151242182
14/11/2020 21:22:18,0,0,0.151114047
14/11/2020 21:22:19,0,0,0.150985897
14/11/2020 21:22:20,0,0,0.150857762
14/11/2020 21:22:21,0,0,0.150729612
14/11/2020 21:22:22,0,0,0.150601462
14/11/2020 21:22:23,0,0,0.150473326
14/11/2020 21:22:24,0,0,0.150345176
14/11/2020 21:22:25,0,0,0.150217041
14/11/2020 21:22:26,0,0,0.150088891
14/11/2020 21:22:27,0,0,0.149960741
14/11/2020 21:22:28,0,0,0.149832606
14/11/2020 21:22:29,0,0,0.149704456
14/11/2020 21:22:30,0,0,0.149576321
14/11/2020 21:22:31,0,0,0.149448171
14/11/2020 21:22:32,0,0,0.149320021
14/11/2020 21:22:33,0,0,0.149191886
14/11/2020 21:22:34,0,0,0.149063736
14/11/2020 21:22:35,0,0,0.148935601
14/11/2020 21:22:36,0,0,0.148807451
14/11/2020 21:22:37,0,0,0.148679301
14/11/2020 21:22:38,0,0,0.148551166
14/11/2020 21:22:39,0,0,0.148423016
14/11/2020 21:22:40,0,0,0.148294881
14/11/2020 21:22:41,0,0,0.148166731
14/11/2020 21:22:42,0,0,0.148038581
14/11/2020 21:22:43,0,0,0.147910446
14/11/2020 21:22:44,0,0,0.147782296
14/11/2020 21:22:45,0,0,0.147654161
14/11/2020 21:22:46,0,0,0.147526011
14/11/2020 21:22:47,0,0,0.147397861
14/11/2020 21:22:48,0,0,0.147269726
14/11/2020 21:22:49,0,0,0.147141576
14/11/2020 21:22:50,0,0,0.147013441
14/11/2020 21:22:51,0,0,0.146885291
14/11/2020 21:22:52,0,0,0.146757141
14/11/2020 21:22:53,0,0,0.146629006
14/11/2020 21:22:54,0,0,0.146500856
14/11/2020 21:22:55,0,0,0.146372721
14/11/2020 21:22:56,0,0,0.146244571
14/11/2020 21:22:57,0,0,0.146116421
14/11/2020 21:22:58,0,0,0.145988286
14/11/2020 21:22:59,0,0,0.145860136
14/11/2020 21:23:00,0,0,0.145732
14/11/2020 21:23:01,0,0,0.14560385
14/11/2020 21:23:02,0,0,0.1454757
14/11/2020 21:23:03,0,0,0.145347565
14/11/2020 21:23:04,0,0,0.145219415
14/11/2020 21:23:05,0,0,0.14509128
14/11/2020 21:23:06,0,0,0.14496313
14/11/2020 21:23:07,0,0,0.14483498
14/11/2020 21:23:08,0,0,0.144706845
14/11/2020 21:23:09,0,0,0.144578695
14/11/2020 21:23:10,0,0,0.14445056
14/11/2020 21:23:11,0,0,0.14432241
14/11/2020 21:23:12,0,0,0.14419426
14/11/2020 21:23:13,0,0,0.144066125
14/11/2020 21:23:14,0,0,0.143937975
14/11/2020 21:23:15,0,0,0.14380984
14/11/2020 21:23:16,0,0,0.14368169
14/11/2020 21:23:17,0,0,0.14355354
14/11/2020 21:23:18,0,0,0.143425405
14/11/2020 21:23:19,0,0,0.143297255
14/11/2020 21:23:20,0,0,0.14316912
14/11/2020 21:23:21,0,0,0.14304097
14/11/2020 21:23:22,0,0,0.142912835
14/11/2020 21:23:23,0,0,0.142784685
14/11/2020 21:23:24,0,0,0.142656535
14/11/2020 21:23:25,0,0,0.1425284
14/11/2020 21:23:26,0,0,0.14240025
14/11/2020 21:23:27,0,0,0.142272115
14/11/2020 21:23:28,0,0,0.142143965
14/11/2020 21:23:29,0,0,0.142015815
14/11/2020 21:23:30,0,0,0.14188768
14/11/2020 21:23:31,0,0,0.14175953
14/11/2020 21:23:32,0,0,0.141631395
14/11/2020 21:23:33,0,0,0.141503245
14/11/2020 21:23:34,0,0,0.141375095
14/11/2020 21:23:35,0,0,0.14124696
14/11/2020 21:23:36,0,0,0.14111881
14/11/2020 21:23:37,0,0,0.140990674
14/11/2020 21:23:38,0,0,0.140862525
14/11/2020 21:23:39,0,0,0.140734375
14/11/2020 21:23:40,0,0,0.140606239
14/11/2020 21:23:41,0,0,0.140478089
14/11/2020 21:23:42,0,0,0.140349954
14/11/2020 21:23:43,0,0,0.140221804
14/11/2020 21:23:44,0,0,0.140093654
14/11/2020 21:23:45,0,0,0.139965519
14/11/2020 21:23:46,0,0,0.139837369
14/11/2020 21:23:47,0,0,0.139709234
14/11/2020 21:23:48,0,0,0.139581084
14/11/2020 21:23:49,0,0,0.139452934
14/11/2020 21:23:50,0,0,0.139324799
14/11/2020 21:23:51,0,0,0.139196649
14/11/2020 21:23:52,0,0,0.139068514
14/11/2020 21:23:53,0,0,0.138940364
14/11/2020 21:23:54,0,0,0.138812214
14/11/2020 21:23:55,0,0,0.138684079
14/11/2020 21:23:56,0,0,0.138555929
14/11/2020 21:23:57,0,0,0.138427794
14/11/2020 21:23:58,0,0,0.138299644
14/11/2020 21:23:59,0,0,0.138171494
14/11/2020 21:24:00,0,0,0.138043359
14/11/2020 21:24:01,0,0,0.137915209
14/11/2020 21:24:02,0,0,0.137787074
14/11/2020 21:24:03,0,0,0.137658924
14/11/2020 21:24:04,0,0,0.137530774
14/11/2020 21:24:05,0,0,0.137402639
14/11/2020 21:24:06,0,0,0.137274489
14/11/2020 21:24:07,0,0,0.137146354
14/11/2020 21:24:08,0,0,0.137018204
14/11/2020 21:24:09,0,0,0.136890054
14/11/2020 21:24:10,0,0,0.136761919
14/11/2020 21:24:11,0,0,0.136633769
14/11/2020 21:24:12,0,0,0.136505634
14/11/2020 21:24:13,0,0,0.136377484
14/11/2020 21:24:14,0,0,0.136249334
14/11/2020 21:24:15,0,0,0.136121199
14/11/2020 21:24:16,0,0,0.135993049
14/11/2020 21:24:17,0,0,0.135864913
14/11/2020 21:24:18,0,0,0.135736763
14/11/2020 21:24:19,0,0,0.135608613
14/11/2020 21:24:20,0,0,0.135480478
14/11/2020 21:24:21,0,0,0.135352328
14/11/2020 21:24:22,0,0,0.135224193
14/11/2020 21:24:23,0,0,0.135096043
14/11/2020 21:24:24,0,0,0.134967908
14/11/2020 21:24:25,0,0,0.134839758
14/11/2020 21:24:26,0,0,0.134711608
14/11/2020 21:24:27,0,0,0.134583473
14/11/2020 21:24:28,0,0,0.134455323
14/11/2020 21:24:29,0,0,0.134327188
14/11/2020 21:24:30,0,0,0.134199038
14/11/2020 21:24:31,0,0,0.134070888
14/11/2020 21:24:32,0,0,0.133942753
14/11/2020 21:24:33,0,0,0.133814603
14/11/2020 21:24:34,0,0,0.133686468
14/11/2020 21:24:35,0,0,0.133558318
14/11/2020 21:24:36,0,0,0.133430168
14/11/2020 21:24:37,0,0,0.133302033
14/11/2020 21:24:38,0,0,0.133173883
14/11/2020 21:24:39,0,0,0.133045748
14/11/2020 21:24:40,0,0,0.132917598
14/11/2020 21:24:41,0,0,0.132789448
14/11/2020 21:24:42,0,0,0.132661313
14/11/2020 21:24:43,0,0,0.132533163
14/11/2020 21:24:44,0,0,0.132405028
14/11/2020 21:24:45,0,0,0.132276878
14/11/2020 21:24:46,0,0,0.132148728
14/11/2020 21:24:47,0,0,0.132020593
14/11/2020 21:24:48,0,0,0.131892443
14/11/2020 21:24:49,0,0,0.131764308
14/11/2020 21:24:50,0,0,0.131636158
14/11/2020 21:24:51,0,0,0.131508008
14/11/2020 21:24:52,0,0,0.131379873
14/11/2020 21:24:53,0,0,0.131251723
14/11/2020 21:24:54,0,0,0.131123587
14/11/2020 21:24:55,0,0,0.130995438
14/11/2020 21:24:56,0,0,0.130867288
14/11/2020 21:24:57,0,0,0.130739152
14/11/2020 21:24:58,0,0,0.130611002
14/11/2020 21:24:59,0,0,0.130482867
14/11/2020 21:25:00,0,0,0.130354717
14/11/2020 21:25:01,0,0,0.130226567
14/11/2020 21:25:02,0,0,0.130098432
14/11/2020 21:25:03,0,0,0.129970282
14/11/2020 21:25:04,0,0,0.129842147
14/11/2020 21:25:05,0,0,0.129713997
14/11/2020 21:25:06,0,0,0.129585847
14/11/2020 21:25:07,0,0,0.129457712
14/11/2020 21:25:08,0,0,0.129329562
14/11/2020 21:25:09,0,0,0.129201427
14/11/2020 21:25:10,0,0,0.129073277
14/11/2020 21:25:11,0,0,0.128945127
14/11/2020 21:25:12,0,0,0.128816992
14/11/2020 21:25:13,0,0,0.128688842
14/11/2020 21:25:14,0,0,0.128560707
14/11/2020 21:25:15,0,0,0.128432557
14/11/2020 21:25:16,0,0,0.128304407
14/11/2020 21:25:17,0,0,0.128176272
14/11/2020 21:25:18,0,0,0.128048122
14/11/2020 21:25:19,0,0,0.127919987
14/11/2020 21:25:20,0,0,0.127791837
14/11/2020 21:25:21,0,0,0.127663687
14/11/2020 21:25:22,0,0,0.127535552
14/11/2020 21:25:23,0,0,0.127407402
14/11/2020 21:25:24,0,0,0.127279267
14/11/2020 21:25:25,0,0,0.127151117
14/11/2020 21:25:26,0,0,0.127022982
14/11/2020 21:25:27,0,0,0.126894832
14/11/2020 21:25:28,0,0,0.126766682
14/11/2020 21:25:29,0,0,0.126638547
14/11/2020 21:25:30,0,0,0.126510397
14/11/2020 21:25:31,0,0,0.126382262
14/11/2020 21:25:32,0,0,0.126254112
14/11/2020 21:25:33,0,0,0.126125962
14/11/2020 21:25:34,0,0,0.125997826
14/11/2020 21:25:35,0,0,0.125869676
14/11/2020 21:25:36,0,0,0.125741541
14/11/2020 21:25:37,0,0,0.125613391
14/11/2020 21:25:38,0,0,0.125485241
14/11/2020 21:25:39,0,0,0.125357106
14/11/2020 21:25:40,0,0,0.125228956
14/11/2020 21:25:41,0,0,0.125100821
14/11/2020 21:25:42,0,0,0.124972671
14/11/2020 21:25:43,0,0,0.124844529
14/11/2020 21:25:44,0,0,0.124716386
14/11/2020 21:25:45,0,0,0.124588236
14/11/2020 21:25:46,0,0,0.124460094
14/11/2020 21:25:47,0,0,0.124331951
14/11/2020 21:25:48,0,0,0.124203809
14/11/2020 21:25:49,0,0,0.124075666
14/11/2020 21:25:50,0,0,0.123947516
14/11/2020 21:25:51,0,0,0.123819374
14/11/2020 21:25:52,0,0,0.123691231
14/11/2020 21:25:53,0,0,0.123563088
14/11/2020 21:25:54,0,0,0.123434946
14/11/2020 21:25:55,0,0,0.123306796
14/11/2020 21:25:56,0,0,0.123178653
14/11/2020 21:25:57,0,0,0.123050511
14/11/2020 21:25:58,0,0,0.122922368
14/11/2020 21:25:59,0,0,0.122794226
14/11/2020 21:26:00,0,0,0.122666076
14/11/2020 21:26:01,0,0,0.122537933
14/11/2020 21:26:02,0,0,0.122409791
14/11/2020 21:26:03,0,0,0.122281648
14/11/2020 21:26:04,0,0,0.122153506
14/11/2020 21:26:05,0,0,0.122025356
14/11/2020 21:26:06,0,0,0.121897213
14/11/2020 21:26:07,0,0,0.121769071
14/11/2020 21:26:08,0,0,0.121640928
14/11/2020 21:26:09,0,0,0.121512786
14/11/2020 21:26:10,0,0,0.121384636
14/11/2020 21:26:11,0,0,0.121256493
14/11/2020 21:26:12,0,0,0.12112835
14/11/2020 21:26:13,0,0,0.121000208
14/11/2020 21:26:14,0,0,0.120872065
14/11/2020 21:26:15,0,0,0.120743923
14/11/2020 21:26:16,0,0,0.120615773
14/11/2020 21:26:17,0,0,0.12048763
14/11/2020 21:26:18,0,0,0.120359488
14/11/2020 21:26:19,0,0,0.120231345
14/11/2020 21:26:20,0,0,0.120103203
14/11/2020 21:26:21,0,0,0.119975053
14/11/2020 21:26:22,0,0,0.11984691
14/11/2020 21:26:23,0,0,0.119718768
14/11/2020 21:26:24,0,0,0.119590625
14/11/2020 21:26:25,0,0,0.119462483
14/11/2020 21:26:26,0,0,0.119334333
14/11/2020 21:26:27,0,0,0.11920619
14/11/2020 21:26:28,0,0,0.119078048
14/11/2020 21:26:29,0,0,0.118949905
14/11/2020 21:26:30,0,0,0.118821763
14/11/2020 21:26:31,0,0,0.118693613
14/11/2020 21:26:32,0,0,0.11856547
14/11/2020 21:26:33,0,0,0.118437327
14/11/2020 21:26:34,0,0,0.118309185
14/11/2020 21:26:35,0,0,0.118181042
14/11/2020 21:26:36,0,0,0.118052892
14/11/2020 21:26:37,0,0,0.11792475
14/11/2020 21:26:38,0,0,0.117796607
14/11/2020 21:26:39,0,0,0.117668465
14/11/2020 21:26:40,0,0,0.117540322
14/11/2020 21:26:41,0,0,0.117412172
14/11/2020 21:26:42,0,0,0.11728403
14/11/2020 21:26:43,0,0,0.117155887
14/11/2020 21:26:44,0,0,0.117027745
14/11/2020 21:26:45,0,0,0.116899602
14/11/2020 21:26:46,0,0,0.11677146
14/11/2020 21:26:47,0,0,0.11664331
14/11/2020 21:26:48,0,0,0.116515167
14/11/2020 21:26:49,0,0,0.116387025
14/11/2020 21:26:50,0,0,0.116258882
14/11/2020 21:26:51,0,0,0.116130739
14/11/2020 21:26:52,0,0,0.116002589
14/11/2020 21:26:53,0,0,0.115874447
14/11/2020 21:26:54,0,0,0.115746304
14/11/2020 21:26:55,0,0,0.115618162
14/11/2020 21:26:56,0,0,0.115490019
14/11/2020 21:26:57,0,0,0.115361869
14/11/2020 21:26:58,0,0,0.115233727
14/11/2020 21:26:59,0,0,0.115105584
14/11/2020 21:27:00,0,0,0.114977442
14/11/2020 21:27:01,0,0,0.114849299
14/11/2020 21:27:02,0,0,0.114721149
14/11/2020 21:27:03,0,0,0.114593007
14/11/2020 21:27:04,0,0,0.114464864
14/11/2020 21:27:05,0,0,0.114336722
14/11/2020 21:27:06,0,0,0.114208579
14/11/2020 21:27:07,0,0,0.114080429
14/11/2020 21:27:08,0,0,0.113952287
14/11/2020 21:27:09,0,0,0.113824144
14/11/2020 21:27:10,0,0,0.113696001
14/11/2020 21:27:11,0,0,0.113567859
14/11/2020 21:27:12,0,0,0.113439709
14/11/2020 21:27:13,0,0,0.113311566
14/11/2020 21:27:14,0,0,0.113183424
14/11/2020 21:27:15,0,0,0.113055281
14/11/2020 21:27:16,0,0,0.112927139
14/11/2020 21:27:17,0,0,0.112798996
14/11/2020 21:27:18,0,0,0.112670846
14/11/2020 21:27:19,0,0,0.112542704
14/11/2020 21:27:20,0,0,0.112414561
14/11/2020 21:27:21,0,0,0.112286419
14/11/2020 21:27:22,0,0,0.112158276
14/11/2020 21:27:23,0,0,0.112030126
14/11/2020 21:27:24,0,0,0.111901984
14/11/2020 21:27:25,0,0,0.111773841
14/11/2020 21:27:26,0,0,0.111645699
14/11/2020 21:27:27,0,0,0.111517556
14/11/2020 21:27:28,0,0,0.111389406
14/11/2020 21:27:29,0,0,0.111261263
14/11/2020 21:27:30,0,0,0.111133121
14/11/2020 21:27:31,0,0,0.111004978
14/11/2020 21:27:32,0,0,0.110876836
14/11/2020 21:27:33,0,0,0.110748686
14/11/2020 21:27:34,0,0,0.110620543
14/11/2020 21:27:35,0,0,0.110492401
14/11/2020 21:27:36,0,0,0.110364258
14/11/2020 21:27:37,0,0,0.110236116
14/11/2020 21:27:38,0,0,0.110107966
14/11/2020 21:27:39,0,0,0.109979823
14/11/2020 21:27:40,0,0,0.109851681
14/11/2020 21:27:41,0,0,0.109723538
14/11/2020 21:27:42,0,0,0.109595396
14/11/2020 21:27:43,0,0,0.109467246
14/11/2020 21:27:44,0,0,0.109339103
14/11/2020 21:27:45,0,0,0.109210961
14/11/2020 21:27:46,0,0,0.109082818
14/11/2020 21:27:47,0,0,0.108954675
14/11/2020 21:27:48,0,0,0.108826533
14/11/2020 21:27:49,0,0,0.108698383
14/11/2020 21:27:50,0,0,0.10857024
14/11/2020 21:27:51,0,0,0.108442098
14/11/2020 21:27:52,0,0,0.108313955
14/11/2020 21:27:53,0,0,0.108185813
14/11/2020 21:27:54,0,0,0.108057663
14/11/2020 21:27:55,0,0,0.10792952
14/11/2020 21:27:56,0,0,0.107801378
14/11/2020 21:27:57,0,0,0.107673235
14/11/2020 21:27:58,0,0,0.107545093
14/11/2020 21:27:59,0,0,0.107416943
14/11/2020 21:28:00,0,0,0.1072888
14/11/2020 21:28:01,0,0,0.107160658
14/11/2020 21:28:02,0,0,0.107032515
14/11/2020 21:28:03,0,0,0.106904373
14/11/2020 21:28:04,0,0,0.106776223
14/11/2020 21:28:05,0,0,0.10664808
14/11/2020 21:28:06,0,0,0.106519938
14/11/2020 21:28:07,0,0,0.106391795
14/11/2020 21:28:08,0,0,0.106263652
14/11/2020 21:28:09,0,0,0.106135502
14/11/2020 21:28:10,0,0,0.10600736
14/11/2020 21:28:11,0,0,0.105879217
14/11/2020 21:28:12,0,0,0.105751075
14/11/2020 21:28:13,0,0,0.105622932
14/11/2020 21:28:14,0,0,0.105494782
14/11/2020 21:28:15,0,0,0.10536664
14/11/2020 21:28:16,0,0,0.105238497
14/11/2020 21:28:17,0,0,0.105110355
14/11/2020 21:28:18,0,0,0.104982212
14/11/2020 21:28:19,0,0,0.10485407
14/11/2020 21:28:20,0,0,0.10472592
14/11/2020 21:28:21,0,0,0.104597777
14/11/2020 21:28:22,0,0,0.104469635
14/11/2020 21:28:23,0,0,0.104341492
14/11/2020 21:28:24,0,0,0.10421335
14/11/2020 21:28:25,0,0,0.1040852
14/11/2020 21:28:26,0,0,0.103957057
14/11/2020 21:28:27,0,0,0.103828914
14/11/2020 21:28:28,0,0,0.103700772
14/11/2020 21:28:29,0,0,0.103572629
14/11/2020 21:28:30,0,0,0.103444479
14/11/2020 21:28:31,0,0,0.103316337
14/11/2020 21:28:32,0,0,0.103188194
14/11/2020 21:28:33,0,0,0.103060052
14/11/2020 21:28:34,0,0,0.102931909
14/11/2020 21:28:35,0,0,0.102803759
14/11/2020 21:28:36,0,0,0.102675617
14/11/2020 21:28:37,0,0,0.102547474
14/11/2020 21:28:38,0,0,0.102419332
14/11/2020 21:28:39,0,0,0.102291189
14/11/2020 21:28:40,0,0,0.102163039
14/11/2020 21:28:41,0,0,0.102034897
14/11/2020 21:28:42,0,0,0.101906754
14/11/2020 21:28:43,0,0,0.101778612
14/11/2020 21:28:44,0,0,0.101650469
14/11/2020 21:28:45,0,0,0.101522319
14/11/2020 21:28:46,0,0,0.101394176
14/11/2020 21:28:47,0,0,0.101266034
14/11/2020 21:28:48,0,0,0.101137891
14/11/2020 21:28:49,0,0,0.101009749
14/11/2020 21:28:50,0,0,0.100881606
14/11/2020 21:28:51,0,0,0.100753456
14/11/2020 21:28:52,0,0,0.100625314
14/11/2020 21:28:53,0,0,0.100497171
14/11/2020 21:28:54,0,0,0.100369029
14/11/2020 21:28:55,0,0,0.100240886
14/11/2020 21:28:56,0,0,0.100112736
14/11/2020 21:28:57,0,0,0.099984594
14/11/2020 21:28:58,0,0,0.099856451
14/11/2020 21:28:59,0,0,0.099728309
14/11/2020 21:29:00,0,0,0.099600166
14/11/2020 21:29:01,0,0,0.099472016
14/11/2020 21:29:02,0,0,0.099343874
14/11/2020 21:29:03,0,0,0.099215731
14/11/2020 21:29:04,0,0,0.099087588
14/11/2020 21:29:05,0,0,0.098959446
14/11/2020 21:29:06,0,0,0.098831296
14/11/2020 21:29:07,0,0,0.098703153
14/11/2020 21:29:08,0,0,0.098575011
14/11/2020 21:29:09,0,0,0.098446868
14/11/2020 21:29:10,0,0,0.098318726
14/11/2020 21:29:11,0,0,0.098190576
14/11/2020 21:29:12,0,0,0.098062433
14/11/2020 21:29:13,0,0,0.097934291
14/11/2020 21:29:14,0,0,0.097806148
14/11/2020 21:29:15,0,0,0.097678006
14/11/2020 21:29:16,0,0,0.097549856
14/11/2020 21:29:17,0,0,0.097421713
14/11/2020 21:29:18,0,0,0.097293571
14/11/2020 21:29:19,0,0,0.097165428
14/11/2020 21:29:20,0,0,0.097037286
14/11/2020 21:29:21,0,0,0.096909143
14/11/2020 21:29:22,0,0,0.096780993
14/11/2020 21:29:23,0,0,0.096652851
14/11/2020 21:29:24,0,0,0.096524708
14/11/2020 21:29:25,0,0,0.096396565
14/11/2020 21:29:26,0,0,0.096268423
14/11/2020 21:29:27,0,0,0.096140273
14/11/2020 21:29:28,0,0,0.09601213
14/11/2020 21:29:29,0,0,0.095883988
14/11/2020 21:29:30,0,0,0.095755845
14/11/2020 21:29:31,0,0,0.095627703
14/11/2020 21:29:32,0,0,0.095499553
14/11/2020 21:29:33,0,0,0.09537141
14/11/2020 21:29:34,0,0,0.095243268
14/11/2020 21:29:35,0,0,0.095115125
14/11/2020 21:29:36,0,0,0.094986983
14/11/2020 21:29:37,0,0,0.094858833
14/11/2020 21:29:38,0,0,0.09473069
14/11/2020 21:29:39,0,0,0.094602548
14/11/2020 21:29:40,0,0,0.094474405
14/11/2020 21:29:41,0,0,0.094346263
14/11/2020 21:29:42,0,0,0.094218113
14/11/2020 21:29:43,0,0,0.09408997
14/11/2020 21:29:44,0,0,0.093961827
14/11/2020 21:29:45,0,0,0.093833685
14/11/2020 21:29:46,0,0,0.093705542
14/11/2020 21:29:47,0,0,0.093577392
14/11/2020 21:29:48,0,0,0.09344925
14/11/2020 21:29:49,0,0,0.093321107
14/11/2020 21:29:50,0,0,0.093192965
14/11/2020 21:29:51,0,0,0.093064822
14/11/2020 21:29:52,0,0,0.09293668
14/11/2020 21:29:53,0,0,0.09280853
14/11/2020 21:29:54,0,0,0.092680387
14/11/2020 21:29:55,0,0,0.092552245
14/11/2020 21:29:56,0,0,0.092424102
14/11/2020 21:29:57,0,0,0.09229596
14/11/2020 21:29:58,0,0,0.09216781
14/11/2020 21:29:59,0,0,0.092039667
14/11/2020 21:30:00,0,0,0.091911525
14/11/2020 21:30:01,0,0,0.091783382
14/11/2020 21:30:02,0,0,0.091655239
14/11/2020 21:30:03,0,0,0.091527089
14/11/2020 21:30:04,0,0,0.091398947
14/11/2020 21:30:05,0,0,0.091270804
14/11/2020 21:30:06,0,0,0.091142662
14/11/2020 21:30:07,0,0,0.091014519
14/11/2020 21:30:08,0,0,0.090886369
14/11/2020 21:30:09,0,0,0.090758227
14/11/2020 21:30:10,0,0,0.090630084
14/11/2020 21:30:11,0,0,0.090501942
14/11/2020 21:30:12,0,0,0.090373799
14/11/2020 21:30:13,0,0,0.090245649
14/11/2020 21:30:14,0,0,0.090117507
14/11/2020 21:30:15,0,0,0.089989364
14/11/2020 21:30:16,0,0,0.089861222
14/11/2020 21:30:17,0,0,0.089733079
14/11/2020 21:30:18,0,0,0.089604929
14/11/2020 21:30:19,0,0,0.089476787
14/11/2020 21:30:20,0,0,0.089348644
14/11/2020 21:30:21,0,0,0.089220501
14/11/2020 21:30:22,0,0,0.089092359
14/11/2020 21:30:23,0,0,0.088964216
14/11/2020 21:30:24,0,0,0.088836066
14/11/2020 21:30:25,0,0,0.088707924
14/11/2020 21:30:26,0,0,0.088579781
14/11/2020 21:30:27,0,0,0.088451639
14/11/2020 21:30:28,0,0,0.088323496
14/11/2020 21:30:29,0,0,0.088195346
14/11/2020 21:30:30,0,0,0.088067204
14/11/2020 21:30:31,0,0,0.087939061
14/11/2020 21:30:32,0,0,0.087810919
14/11/2020 21:30:33,0,0,0.087682776
14/11/2020 21:30:34,0,0,0.087554626
14/11/2020 21:30:35,0,0,0.087426484
14/11/2020 21:30:36,0,0,0.087298341
14/11/2020 21:30:37,0,0,0.087170199
14/11/2020 21:30:38,0,0,0.087042056
14/11/2020 21:30:39,0,0,0.086913906
14/11/2020 21:30:40,0,0,0.086785764
14/11/2020 21:30:41,0,0,0.086657621
14/11/2020 21:30:42,0,0,0.086529478
14/11/2020 21:30:43,0,0,0.086401336
14/11/2020 21:30:44,0,0,0.086273186
14/11/2020 21:30:45,0,0,0.086145043
14/11/2020 21:30:46,0,0,0.086016901
14/11/2020 21:30:47,0,0,0.085888758
14/11/2020 21:30:48,0,0,0.085760616
14/11/2020 21:30:49,0,0,0.085632466
14/11/2020 21:30:50,0,0,0.085504323
14/11/2020 21:30:51,0,0,0.085376181
14/11/2020 21:30:52,0,0,0.085248038
14/11/2020 21:30:53,0,0,0.085119896
14/11/2020 21:30:54,0,0,0.084991753
14/11/2020 21:30:55,0,0,0.084863603
14/11/2020 21:30:56,0,0,0.084735461
14/11/2020 21:30:57,0,0,0.084607318
14/11/2020 21:30:58,0,0,0.084479176
14/11/2020 21:30:59,0,0,0.084351033
14/11/2020 21:31:00,0,0,0.084222883
14/11/2020 21:31:01,0,0,0.08409474
14/11/2020 21:31:02,0,0,0.083966598
14/11/2020 21:31:03,0,0,0.083838455
14/11/2020 21:31:04,0,0,0.083710313
14/11/2020 21:31:05,0,0,0.083582163
14/11/2020 21:31:06,0,0,0.08345402
14/11/2020 21:31:07,0,0,0.083325878
14/11/2020 21:31:08,0,0,0.083197735
14/11/2020 21:31:09,0,0,0.083069593
14/11/2020 21:31:10,0,0,0.082941443
14/11/2020 21:31:11,0,0,0.0828133
14/11/2020 21:31:12,0,0,0.082685158
14/11/2020 21:31:13,0,0,0.082557015
14/11/2020 21:31:14,0,0,0.082428873
14/11/2020 21:31:15,0,0,0.082300723
14/11/2020 21:31:16,0,0,0.08217258
14/11/2020 21:31:17,0,0,0.082044438
14/11/2020 21:31:18,0,0,0.081916295
14/11/2020 21:31:19,0,0,0.081788152
14/11/2020 21:31:20,0,0,0.081660002
14/11/2020 21:31:21,0,0,0.08153186
14/11/2020 21:31:22,0,0,0.081403717
14/11/2020 21:31:23,0,0,0.081275575
14/11/2020 21:31:24,0,0,0.081147432
14/11/2020 21:31:25,0,0,0.08101929
14/11/2020 21:31:26,0,0,0.08089114
14/11/2020 21:31:27,0,0,0.080762997
14/11/2020 21:31:28,0,0,0.080634855
14/11/2020 21:31:29,0,0,0.080506712
14/11/2020 21:31:30,0,0,0.08037857
14/11/2020 21:31:31,0,0,0.08025042
14/11/2020 21:31:32,0,0,0.080122277
14/11/2020 21:31:33,0,0,0.079994135
14/11/2020 21:31:34,0,0,0.079865992
14/11/2020 21:31:35,0,0,0.07973785
14/11/2020 21:31:36,0,0,0.0796097
14/11/2020 21:31:37,0,0,0.079481557
14/11/2020 21:31:38,0,0,0.079353414
14/11/2020 21:31:39,0,0,0.079225272
14/11/2020 21:31:40,0,0,0.079097129
14/11/2020 21:31:41,0,0,0.078968979
14/11/2020 21:31:42,0,0,0.078840837
14/11/2020 21:31:43,0,0,0.078712694
14/11/2020 21:31:44,0,0,0.078584552
14/11/2020 21:31:45,0,0,0.078456409
14/11/2020 21:31:46,0,0,0.078328259
14/11/2020 21:31:47,0,0,0.078200117
14/11/2020 21:31:48,0,0,0.078071974
14/11/2020 21:31:49,0,0,0.077943832
14/11/2020 21:31:50,0,0,0.077815689
14/11/2020 21:31:51,0,0,0.077687539
14/11/2020 21:31:52,0,0,0.077559397
14/11/2020 21:31:53,0,0,0.077431254
14/11/2020 21:31:54,0,0,0.077303112
14/11/2020 21:31:55,0,0,0.077174969
14/11/2020 21:31:56,0,0,0.077046826
14/11/2020 21:31:57,0,0,0.076918676
14/11/2020 21:31:58,0,0,0.076790534
14/11/2020 21:31:59,0,0,0.076662391
14/11/2020 21:32:00,0,0,0.076534249
14/11/2020 21:32:01,0,0,0.076406106
14/11/2020 21:32:02,0,0,0.076277956
14/11/2020 21:32:03,0,0,0.076149814
14/11/2020 21:32:04,0,0,0.076021671
14/11/2020 21:32:05,0,0,0.075893529
14/11/2020 21:32:06,0,0,0.075765386
14/11/2020 21:32:07,0,0,0.075637236
14/11/2020 21:32:08,0,0,0.075509094
14/11/2020 21:32:09,0,0,0.075380951
14/11/2020 21:32:10,0,0,0.075252809
14/11/2020 21:32:11,0,0,0.075124666
14/11/2020 21:32:12,0,0,0.074996516
14/11/2020 21:32:13,0,0,0.074868374
14/11/2020 21:32:14,0,0,0.074740231
14/11/2020 21:32:15,0,0,0.074612089
14/11/2020 21:32:16,0,0,0.074483946
14/11/2020 21:32:17,0,0,0.074355796
14/11/2020 21:32:18,0,0,0.074227653
14/11/2020 21:32:19,0,0,0.074099511
14/11/2020 21:32:20,0,0,0.073971368
14/11/2020 21:32:21,0,0,0.073843226
14/11/2020 21:32:22,0,0,0.073715076
14/11/2020 21:32:23,0,0,0.073586933
14/11/2020 21:32:24,0,0,0.073458791
14/11/2020 21:32:25,0,0,0.073330648
14/11/2020 21:32:26,0,0,0.073202506
14/11/2020 21:32:27,0,0,0.073074363
14/11/2020 21:32:28,0,0,0.072946213
14/11/2020 21:32:29,0,0,0.072818071
14/11/2020 21:32:30,0,0,0.072689928
14/11/2020 21:32:31,0,0,0.072561786
14/11/2020 21:32:32,0,0,0.072433643
14/11/2020 21:32:33,0,0,0.072305493
14/11/2020 21:32:34,0,0,0.072177351
14/11/2020 21:32:35,0,0,0.072049208
14/11/2020 21:32:36,0,0,0.071921065
14/11/2020 21:32:37,0,0,0.071792923
14/11/2020 21:32:38,0,0,0.071664773
14/11/2020 21:32:39,0,0,0.07153663
14/11/2020 21:32:40,0,0,0.071408488
14/11/2020 21:32:41,0,0,0.071280345
14/11/2020 21:32:42,0,0,0.071152203
14/11/2020 21:32:43,0,0,0.071024053
14/11/2020 21:32:44,0,0,0.07089591
14/11/2020 21:32:45,0,0,0.070767768
14/11/2020 21:32:46,0,0,0.070639625
14/11/2020 21:32:47,0,0,0.070511483
14/11/2020 21:32:48,0,0,0.070383333
14/11/2020 21:32:49,0,0,0.07025519
14/11/2020 21:32:50,0,0,0.070127048
14/11/2020 21:32:51,0,0,0.069998905
14/11/2020 21:32:52,0,0,0.069870763
14/11/2020 21:32:53,0,0,0.069742613
14/11/2020 21:32:54,0,0,0.06961447
14/11/2020 21:32:55,0,0,0.069486327
14/11/2020 21:32:56,0,0,0.069358185
14/11/2020 21:32:57,0,0,0.069230042
14/11/2020 21:32:58,0,0,0.0691019
14/11/2020 21:32:59,0,0,0.06897375
14/11/2020 21:33:00,0,0,0.068845607
14/11/2020 21:33:01,0,0,0.068717465
14/11/2020 21:33:02,0,0,0.068589322
14/11/2020 21:33:03,0,0,0.06846118
14/11/2020 21:33:04,0,0,0.06833303
14/11/2020 21:33:05,0,0,0.068204887
14/11/2020 21:33:06,0,0,0.068076745
14/11/2020 21:33:07,0,0,0.067948602
14/11/2020 21:33:08,0,0,0.06782046
14/11/2020 21:33:09,0,0,0.06769231
14/11/2020 21:33:10,0,0,0.067564167
14/11/2020 21:33:11,0,0,0.067436025
14/11/2020 21:33:12,0,0,0.067307882
14/11/2020 21:33:13,0,0,0.067179739
14/11/2020 21:33:14,0,0,0.067051589
14/11/2020 21:33:15,0,0,0.066923447
14/11/2020 21:33:16,0,0,0.066795304
14/11/2020 21:33:17,0,0,0.066667162
14/11/2020 21:33:18,0,0,0.066539019
14/11/2020 21:33:19,0,0,0.066410869
14/11/2020 21:33:20,0,0,0.066282727
14/11/2020 21:33:21,0,0,0.066154584
14/11/2020 21:33:22,0,0,0.066026442
14/11/2020 21:33:23,0,0,0.065898299
14/11/2020 21:33:24,0,0,0.065770149
14/11/2020 21:33:25,0,0,0.065642007
14/11/2020 21:33:26,0,0,0.065513864
14/11/2020 21:33:27,0,0,0.065385722
14/11/2020 21:33:28,0,0,0.065257579
14/11/2020 21:33:29,0,0,0.065129437
14/11/2020 21:33:30,0,0,0.065001287
14/11/2020 21:33:31,0,0,0.064873144
14/11/2020 21:33:32,0,0,0.064745001
14/11/2020 21:33:33,0,0,0.064616859
14/11/2020 21:33:34,0,0,0.064488716
14/11/2020 21:33:35,0,0,0.064360566
14/11/2020 21:33:36,0,0,0.064232424
14/11/2020 21:33:37,0,0,0.064104281
14/11/2020 21:33:38,0,0,0.063976139
14/11/2020 21:33:39,0,0,0.063847996
14/11/2020 21:33:40,0,0,0.063719846
14/11/2020 21:33:41,0,0,0.063591704
14/11/2020 21:33:42,0,0,0.063463561
14/11/2020 21:33:43,0,0,0.063335419
14/11/2020 21:33:44,0,0,0.063207276
14/11/2020 21:33:45,0,0,0.063079126
14/11/2020 21:33:46,0,0,0.062950984
14/11/2020 21:33:47,0,0,0.062822841
14/11/2020 21:33:48,0,0,0.062694699
14/11/2020 21:33:49,0,0,0.062566556
14/11/2020 21:33:50,0,0,0.06243841
14/11/2020 21:33:51,0,0,0.062310267
14/11/2020 21:33:52,0,0,0.062182121
14/11/2020 21:33:53,0,0,0.062053978
14/11/2020 21:33:54,0,0,0.061925832
14/11/2020 21:33:55,0,0,0.06179769
14/11/2020 21:33:56,0,0,0.061669547
14/11/2020 21:33:57,0,0,0.061541401
14/11/2020 21:33:58,0,0,0.061413258
14/11/2020 21:33:59,0,0,0.061285112
14/11/2020 21:34:00,0,0,0.06115697
14/11/2020 21:34:01,0,0,0.061028827
14/11/2020 21:34:02,0,0,0.060900681
14/11/2020 21:34:03,0,0,0.060772538
14/11/2020 21:34:04,0,0,0.060644392
14/11/2020 21:34:05,0,0,0.060516249
14/11/2020 21:34:06,0,0,0.060388107
14/11/2020 21:34:07,0,0,0.060259961
14/11/2020 21:34:08,0,0,0.060131818
14/11/2020 21:34:09,0,0,0.060003676
14/11/2020 21:34:10,0,0,0.059875529
14/11/2020 21:34:11,0,0,0.059747387
14/11/2020 21:34:12,0,0,0.05961924
14/11/2020 21:34:13,0,0,0.059491098
14/11/2020 21:34:14,0,0,0.059362955
14/11/2020 21:34:15,0,0,0.059234809
14/11/2020 21:34:16,0,0,0.059106667
14/11/2020 21:34:17,0,0,0.05897852
14/11/2020 21:34:18,0,0,0.058850378
14/11/2020 21:34:19,0,0,0.058722235
14/11/2020 21:34:20,0,0,0.058594089
14/11/2020 21:34:21,0,0,0.058465946
14/11/2020 21:34:22,0,0,0.058337804
14/11/2020 21:34:23,0,0,0.058209658
14/11/2020 21:34:24,0,0,0.058081515
14/11/2020 21:34:25,0,0,0.057953369
14/11/2020 21:34:26,0,0,0.057825226
14/11/2020 21:34:27,0,0,0.057697084
14/11/2020 21:34:28,0,0,0.057568938
14/11/2020 21:34:29,0,0,0.057440795
14/11/2020 21:34:30,0,0,0.057312649
14/11/2020 21:34:31,0,0,0.057184506
14/11/2020 21:34:32,0,0,0.057056364
14/11/2020 21:34:33,0,0,0.056928217
14/11/2020 21:34:34,0,0,0.056800075
14/11/2020 21:34:35,0,0,0.056671929
14/11/2020 21:34:36,0,0,0.056543786
14/11/2020 21:34:37,0,0,0.056415644
14/11/2020 21:34:38,0,0,0.056287497
14/11/2020 21:34:39,0,0,0.056159355
14/11/2020 21:34:40,0,0,0.056031212
14/11/2020 21:34:41,0,0,0.055903066
14/11/2020 21:34:42,0,0,0.055774923
14/11/2020 21:34:43,0,0,0.055646777
14/11/2020 21:34:44,0,0,0.055518635
14/11/2020 21:34:45,0,0,0.055390492
14/11/2020 21:34:46,0,0,0.055262346
14/11/2020 21:34:47,0,0,0.055134203
14/11/2020 21:34:48,0,0,0.055006057
14/11/2020 21:34:49,0,0,0.054877914
14/11/2020 21:34:50,0,0,0.054749772
14/11/2020 21:34:51,0,0,0.054621626
14/11/2020 21:34:52,0,0,0.054493483
14/11/2020 21:34:53,0,0,0.054365341
14/11/2020 21:34:54,0,0,0.054237194
14/11/2020 21:34:55,0,0,0.054109052
14/11/2020 21:34:56,0,0,0.053980906
14/11/2020 21:34:57,0,0,0.053852763
14/11/2020 21:34:58,0,0,0.05372462
14/11/2020 21:34:59,0,0,0.053596474
14/11/2020 21:35:00,0,0,0.053468332
14/11/2020 21:35:01,0,0,0.053340185
14/11/2020 21:35:02,0,0,0.053212043
14/11/2020 21:35:03,0,0,0.0530839
14/11/2020 21:35:04,0,0,0.052955754
14/11/2020 21:35:05,0,0,0.052827612
14/11/2020 21:35:06,0,0,0.052699465
14/11/2020 21:35:07,0,0,0.052571323
14/11/2020 21:35:08,0,0,0.05244318
14/11/2020 21:35:09,0,0,0.052315034
14/11/2020 21:35:10,0,0,0.052186891
14/11/2020 21:35:11,0,0,0.052058749
14/11/2020 21:35:12,0,0,0.051930603
14/11/2020 21:35:13,0,0,0.05180246
14/11/2020 21:35:14,0,0,0.051674314
14/11/2020 21:35:15,0,0,0.051546171
14/11/2020 21:35:16,0,0,0.051418029
14/11/2020 21:35:17,0,0,0.051289883
14/11/2020 21:35:18,0,0,0.05116174
14/11/2020 21:35:19,0,0,0.051033594
14/11/2020 21:35:20,0,0,0.050905451
14/11/2020 21:35:21,0,0,0.050777309
14/11/2020 21:35:22,0,0,0.050649162
14/11/2020 21:35:23,0,0,0.05052102
14/11/2020 21:35:24,0,0,0.050392877
14/11/2020 21:35:25,0,0,0.050264731
14/11/2020 21:35:26,0,0,0.050136589
14/11/2020 21:35:27,0,0,0.050008442
14/11/2020 21:35:28,0,0,0.0498803
14/11/2020 21:35:29,0,0,0.049752157
14/11/2020 21:35:30,0,0,0.049624011
14/11/2020 21:35:31,0,0,0.049495868
14/11/2020 21:35:32,0,0,0.049367722
14/11/2020 21:35:33,0,0,0.04923958
14/11/2020 21:35:34,0,0,0.049111437
14/11/2020 21:35:35,0,0,0.048983291
14/11/2020 21:35:36,0,0,0.048855148
14/11/2020 21:35:37,0,0,0.048727002
14/11/2020 21:35:38,0,0,0.048598859
14/11/2020 21:35:39,0,0,0.048470717
14/11/2020 21:35:40,0,0,0.048342571
14/11/2020 21:35:41,0,0,0.048214428
14/11/2020 21:35:42,0,0,0.048086286
14/11/2020 21:35:43,0,0,0.047958139
14/11/2020 21:35:44,0,0,0.047829997
14/11/2020 21:35:45,0,0,0.047701851
14/11/2020 21:35:46,0,0,0.047573708
14/11/2020 21:35:47,0,0,0.047445565
14/11/2020 21:35:48,0,0,0.047317419
14/11/2020 21:35:49,0,0,0.047189277
14/11/2020 21:35:50,0,0,0.04706113
14/11/2020 21:35:51,0,0,0.046932988
14/11/2020 21:35:52,0,0,0.046804845
14/11/2020 21:35:53,0,0,0.046676699
14/11/2020 21:35:54,0,0,0.046548557
14/11/2020 21:35:55,0,0,0.046420414
14/11/2020 21:35:56,0,0,0.046292268
14/11/2020 21:35:57,0,0,0.046164125
14/11/2020 21:35:58,0,0,0.046035979
14/11/2020 21:35:59,0,0,0.045907836
14/11/2020 21:36:00,0,0,0.045779694
14/11/2020 21:36:01,0,0,0.045651548
14/11/2020 21:36:02,0,0,0.045523405
14/11/2020 21:36:03,0,0,0.045395259
14/11/2020 21:36:04,0,0,0.045267116
14/11/2020 21:36:05,0,0,0.045138974
14/11/2020 21:36:06,0,0,0.045010827
14/11/2020 21:36:07,0,0,0.044882685
14/11/2020 21:36:08,0,0,0.044754539
14/11/2020 21:36:09,0,0,0.044626396
14/11/2020 21:36:10,0,0,0.044498254
14/11/2020 21:36:11,0,0,0.044370107
14/11/2020 21:36:12,0,0,0.044241965
14/11/2020 21:36:13,0,0,0.044113822
14/11/2020 21:36:14,0,0,0.043985676
14/11/2020 21:36:15,0,0,0.043857533
14/11/2020 21:36:16,0,0,0.043729387
14/11/2020 21:36:17,0,0,0.043601245
14/11/2020 21:36:18,0,0,0.043473102
14/11/2020 21:36:19,0,0,0.043344956
14/11/2020 21:36:20,0,0,0.043216813
14/11/2020 21:36:21,0,0,0.043088667
14/11/2020 21:36:22,0,0,0.042960525
14/11/2020 21:36:23,0,0,0.042832382
14/11/2020 21:36:24,0,0,0.042704236
14/11/2020 21:36:25,0,0,0.042576093
14/11/2020 21:36:26,0,0,0.042447951
14/11/2020 21:36:27,0,0,0.042319804
14/11/2020 21:36:28,0,0,0.042191662
14/11/2020 21:36:29,0,0,0.042063516
14/11/2020 21:36:30,0,0,0.041935373
14/11/2020 21:36:31,0,0,0.041807231
14/11/2020 21:36:32,0,0,0.041679084
14/11/2020 21:36:33,0,0,0.041550942
14/11/2020 21:36:34,0,0,0.041422796
14/11/2020 21:36:35,0,0,0.041294653
14/11/2020 21:36:36,0,0,0.04116651
14/11/2020 21:36:37,0,0,0.041038364
14/11/2020 21:36:38,0,0,0.040910222
14/11/2020 21:36:39,0,0,0.040782075
14/11/2020 21:36:40,0,0,0.040653933
14/11/2020 21:36:41,0,0,0.04052579
14/11/2020 21:36:42,0,0,0.040397644
14/11/2020 21:36:43,0,0,0.040269502
14/11/2020 21:36:44,0,0,0.040141359
14/11/2020 21:36:45,0,0,0.040013213
14/11/2020 21:36:46,0,0,0.03988507
14/11/2020 21:36:47,0,0,0.039756924
14/11/2020 21:36:48,0,0,0.039628781
14/11/2020 21:36:49,0,0,0.039500639
14/11/2020 21:36:50,0,0,0.039372493
14/11/2020 21:36:51,0,0,0.03924435
14/11/2020 21:36:52,0,0,0.039116204
14/11/2020 21:36:53,0,0,0.038988061
14/11/2020 21:36:54,0,0,0.038859919
14/11/2020 21:36:55,0,0,0.038731772
14/11/2020 21:36:56,0,0,0.03860363
14/11/2020 21:36:57,0,0,0.038475487
14/11/2020 21:36:58,0,0,0.038347341
14/11/2020 21:36:59,0,0,0.038219199
14/11/2020 21:37:00,0,0,0.038091052
14/11/2020 21:37:01,0,0,0.03796291
14/11/2020 21:37:02,0,0,0.037834767
14/11/2020 21:37:03,0,0,0.037706621
14/11/2020 21:37:04,0,0,0.037578478
14/11/2020 21:37:05,0,0,0.037450332
14/11/2020 21:37:06,0,0,0.03732219
14/11/2020 21:37:07,0,0,0.037194047
14/11/2020 21:37:08,0,0,0.037065901
14/11/2020 21:37:09,0,0,0.036937758
14/11/2020 21:37:10,0,0,0.036809612
14/11/2020 21:37:11,0,0,0.03668147
14/11/2020 21:37:12,0,0,0.036553327
14/11/2020 21:37:13,0,0,0.036425181
14/11/2020 21:37:14,0,0,0.036297038
14/11/2020 21:37:15,0,0,0.036168896
14/11/2020 21:37:16,0,0,0.036040749
14/11/2020 21:37:17,0,0,0.035912607
14/11/2020 21:37:18,0,0,0.035784461
14/11/2020 21:37:19,0,0,0.035656318
14/11/2020 21:37:20,0,0,0.035528176
14/11/2020 21:37:21,0,0,0.035400029
14/11/2020 21:37:22,0,0,0.035271887
14/11/2020 21:37:23,0,0,0.03514374
14/11/2020 21:37:24,0,0,0.035015598
14/11/2020 21:37:25,0,0,0.034887455
14/11/2020 21:37:26,0,0,0.034759309
14/11/2020 21:37:27,0,0,0.034631167
14/11/2020 21:37:28,0,0,0.034503024
14/11/2020 21:37:29,0,0,0.034374878
14/11/2020 21:37:30,0,0,0.034246735
14/11/2020 21:37:31,0,0,0.034118589
14/11/2020 21:37:32,0,0,0.033990446
14/11/2020 21:37:33,0,0,0.033862304
14/11/2020 21:37:34,0,0,0.033734158
14/11/2020 21:37:35,0,0,0.033606015
14/11/2020 21:37:36,0,0,0.033477869
14/11/2020 21:37:37,0,0,0.033349726
14/11/2020 21:37:38,0,0,0.033221584
14/11/2020 21:37:39,0,0,0.033093438
14/11/2020 21:37:40,0,0,0.032965295
14/11/2020 21:37:41,0,0,0.032837149
14/11/2020 21:37:42,0,0,0.032709006
14/11/2020 21:37:43,0,0,0.032580864
14/11/2020 21:37:44,0,0,0.032452717
14/11/2020 21:37:45,0,0,0.032324575
14/11/2020 21:37:46,0,0,0.032196432
14/11/2020 21:37:47,0,0,0.032068286
14/11/2020 21:37:48,0,0,0.031940144
14/11/2020 21:37:49,0,0,0.031811997
14/11/2020 21:37:50,0,0,0.031683855
14/11/2020 21:37:51,0,0,0.031555712
14/11/2020 21:37:52,0,0,0.031427566
14/11/2020 21:37:53,0,0,0.031299423
14/11/2020 21:37:54,0,0,0.031171279
14/11/2020 21:37:55,0,0,0.031043135
14/11/2020 21:37:56,0,0,0.03091499
14/11/2020 21:37:57,0,0,0.030786848
14/11/2020 21:37:58,0,0,0.030658703
14/11/2020 21:37:59,0,0,0.030530559
14/11/2020 21:38:00,0,0,0.030402415
14/11/2020 21:38:01,0,0,0.030274272
14/11/2020 21:38:02,0,0,0.030146128
14/11/2020 21:38:03,0,0,0.030017983
14/11/2020 21:38:04,0,0,0.029889839
14/11/2020 21:38:05,0,0,0.029761694
14/11/2020 21:38:06,0,0,0.029633552
14/11/2020 21:38:07,0,0,0.029505407
14/11/2020 21:38:08,0,0,0.029377263
14/11/2020 21:38:09,0,0,0.029249119
14/11/2020 21:38:10,0,0,0.029120976
14/11/2020 21:38:11,0,0,0.028992832
14/11/2020 21:38:12,0,0,0.028864687
14/11/2020 21:38:13,0,0,0.028736543
14/11/2020 21:38:14,0,0,0.028608399
14/11/2020 21:38:15,0,0,0.028480256
14/11/2020 21:38:16,0,0,0.028352112
14/11/2020 21:38:17,0,0,0.028223967
14/11/2020 21:38:18,0,0,0.028095823
14/11/2020 21:38:19,0,0,0.02796768
14/11/2020 21:38:20,0,0,0.027839536
14/11/2020 21:38:21,0,0,0.027711391
14/11/2020 21:38:22,0,0,0.027583247
14/11/2020 21:38:23,0,0,0.027455103
14/11/2020 21:38:24,0,0,0.02732696
14/11/2020 21:38:25,0,0,0.027198816
14/11/2020 21:38:26,0,0,0.027070671
14/11/2020 21:38:27,0,0,0.026942527
14/11/2020 21:38:28,0,0,0.026814384
14/11/2020 21:38:29,0,0,0.02668624
14/11/2020 21:38:30,0,0,0.026558096
14/11/2020 21:38:31,0,0,0.026429951
14/11/2020 21:38:32,0,0,0.026301809
14/11/2020 21:38:33,0,0,0.026173664
14/11/2020 21:38:34,0,0,0.02604552
14/11/2020 21:38:35,0,0,0.025917375
14/11/2020 21:38:36,0,0,0.025789231
14/11/2020 21:38:37,0,0,0.025661089
14/11/2020 21:38:38,0,0,0.025532944
14/11/2020 21:38:39,0,0,0.0254048
14/11/2020 21:38:40,0,0,0.025276655
14/11/2020 21:38:41,0,0,0.025148513
14/11/2020 21:38:42,0,0,0.025020368
14/11/2020 21:38:43,0,0,0.024892224
14/11/2020 21:38:44,0,0,0.02476408
14/11/2020 21:38:45,0,0,0.024635935
14/11/2020 21:38:46,0,0,0.024507793
14/11/2020 21:38:47,0,0,0.024379648
14/11/2020 21:38:48,0,0,0.024251504
14/11/2020 21:38:49,0,0,0.024123359
14/11/2020 21:38:50,0,0,0.023995217
14/11/2020 21:38:51,0,0,0.023867073
14/11/2020 21:38:52,0,0,0.023738928
14/11/2020 21:38:53,0,0,0.023610784
14/11/2020 21:38:54,0,0,0.023482639
14/11/2020 21:38:55,0,0,0.023354497
14/11/2020 21:38:56,0,0,0.023226352
14/11/2020 21:38:57,0,0,0.023098208
14/11/2020 21:38:58,0,0,0.022970064
14/11/2020 21:38:59,0,0,0.022841921
14/11/2020 21:39:00,0,0,0.022713777
14/11/2020 21:39:01,0,0,0.022585632
14/11/2020 21:39:02,0,0,0.022457488
14/11/2020 21:39:03,0,0,0.022329345
14/11/2020 21:39:04,0,0,0.022201201
14/11/2020 21:39:05,0,0,0.022073057
14/11/2020 21:39:06,0,0,0.021944912
14/11/2020 21:39:07,0,0,0.021816768
14/11/2020 21:39:08,0,0,0.021688625
14/11/2020 21:39:09,0,0,0.021560481
14/11/2020 21:39:10,0,0,0.021432336
14/11/2020 21:39:11,0,0,0.021304192
14/11/2020 21:39:12,0,0,0.021176049
14/11/2020 21:39:13,0,0,0.021047905
14/11/2020 21:39:14,0,0,0.020919761
14/11/2020 21:39:15,0,0,0.020791616
14/11/2020 21:39:16,0,0,0.020663472
14/11/2020 21:39:17,0,0,0.020535329
14/11/2020 21:39:18,0,0,0.020407185
14/11/2020 21:39:19,0,0,0.020279041
14/11/2020 21:39:20,0,0,0.020150896
14/11/2020 21:39:21,0,0,0.020022754
14/11/2020 21:39:22,0,0,0.019894609
14/11/2020 21:39:23,0,0,0.019766465
14/11/2020 21:39:24,0,0,0.01963832
14/11/2020 21:39:25,0,0,0.019510176
14/11/2020 21:39:26,0,0,0.019382033
14/11/2020 21:39:27,0,0,0.019253889
14/11/2020 21:39:28,0,0,0.019125745
14/11/2020 21:39:29,0,0,0.0189976
14/11/2020 21:39:30,0,0,0.018869458
14/11/2020 21:39:31,0,0,0.018741313
14/11/2020 21:39:32,0,0,0.018613169
14/11/2020 21:39:33,0,0,0.018485025
14/11/2020 21:39:34,0,0,0.018356882
14/11/2020 21:39:35,0,0,0.018228738
14/11/2020 21:39:36,0,0,0.018100593
14/11/2020 21:39:37,0,0,0.017972449
14/11/2020 21:39:38,0,0,0.017844304
14/11/2020 21:39:39,0,0,0.017716162
14/11/2020 21:39:40,0,0,0.017588018
14/11/2020 21:39:41,0,0,0.017459873
14/11/2020 21:39:42,0,0,0.017331729
14/11/2020 21:39:43,0,0,0.017203586
14/11/2020 21:39:44,0,0,0.017075442
14/11/2020 21:39:45,0,0,0.016947297
14/11/2020 21:39:46,0,0,0.016819153
14/11/2020 21:39:47,0,0,0.016691009
14/11/2020 21:39:48,0,0,0.016562866
14/11/2020 21:39:49,0,0,0.016434722
14/11/2020 21:39:50,0,0,0.016306577
14/11/2020 21:39:51,0,0,0.016178433
14/11/2020 21:39:52,0,0,0.01605029
14/11/2020 21:39:53,0,0,0.015922146
14/11/2020 21:39:54,0,0,0.015794002
14/11/2020 21:39:55,0,0,0.015665857
14/11/2020 21:39:56,0,0,0.015537714
14/11/2020 21:39:57,0,0,0.015409569
14/11/2020 21:39:58,0,0,0.015281426
14/11/2020 21:39:59,0,0,0.015153281
14/11/2020 21:40:00,0,0,0.015025138
14/11/2020 21:40:01,0,0,0.014896994
14/11/2020 21:40:02,0,0,0.01476885
14/11/2020 21:40:03,0,0,0.014640706
14/11/2020 21:40:04,0,0,0.014512562
14/11/2020 21:40:05,0,0,0.014384418
14/11/2020 21:40:06,0,0,0.014256273
14/11/2020 21:40:07,0,0,0.01412813
14/11/2020 21:40:08,0,0,0.013999986
14/11/2020 21:40:09,0,0,0.013871842
14/11/2020 21:40:10,0,0,0.013743698
14/11/2020 21:40:11,0,0,0.013615554
14/11/2020 21:40:12,0,0,0.01348741
14/11/2020 21:40:13,0,0,0.013359266
14/11/2020 21:40:14,0,0,0.013231122
14/11/2020 21:40:15,0,0,0.013102978
14/11/2020 21:40:16,0,0,0.012974834
14/11/2020 21:40:17,0,0,0.01284669
14/11/2020 21:40:18,0,0,0.012718546
14/11/2020 21:40:19,0,0,0.012590402
14/11/2020 21:40:20,0,0,0.012462258
14/11/2020 21:40:21,0,0,0.012334114
14/11/2020 21:40:22,0,0,0.01220597
14/11/2020 21:40:23,0,0,0.012077826
14/11/2020 21:40:24,0,0,0.011949683
14/11/2020 21:40:25,0,0,0.011821538
14/11/2020 21:40:26,0,0,0.011693394
14/11/2020 21:40:27,0,0,0.01156525
14/11/2020 21:40:28,0,0,0.011437106
14/11/2020 21:40:29,0,0,0.011308962
14/11/2020 21:40:30,0,0,0.011180818
14/11/2020 21:40:31,0,0,0.011052675
14/11/2020 21:40:32,0,0,0.01092453
14/11/2020 21:40:33,0,0,0.010796387
14/11/2020 21:40:34,0,0,0.010668242
14/11/2020 21:40:35,0,0,0.010540099
14/11/2020 21:40:36,0,0,0.010411954
14/11/2020 21:40:37,0,0,0.01028381
14/11/2020 21:40:38,0,0,0.010155667
14/11/2020 21:40:39,0,0,0.010027522
14/11/2020 21:40:40,0,0,0.009899379
14/11/2020 21:40:41,0,0,0.009771234
14/11/2020 21:40:42,0,0,0.009643091
14/11/2020 21:40:43,0,0,0.009514946
14/11/2020 21:40:44,0,0,0.009386803
14/11/2020 21:40:45,0,0,0.009258659
14/11/2020 21:40:46,0,0,0.009130515
14/11/2020 21:40:47,0,0,0.009002371
14/11/2020 21:40:48,0,0,0.008874226
14/11/2020 21:40:49,0,0,0.008746083
14/11/2020 21:40:50,0,0,0.008617938
14/11/2020 21:40:51,0,0,0.008489795
14/11/2020 21:40:52,0,0,0.008361651
14/11/2020 21:40:53,0,0,0.008233507
14/11/2020 21:40:54,0,0,0.008105363
14/11/2020 21:40:55,0,0,0.007977219
14/11/2020 21:40:56,0,0,0.007849075
14/11/2020 21:40:57,0,0,0.007720931
14/11/2020 21:40:58,0,0,0.007592787
14/11/2020 21:40:59,0,0,0.007464643
14/11/2020 21:41:00,0,0,0.007336499
14/11/2020 21:41:01,0,0,0.007208355
14/11/2020 21:41:02,0,0,0.007080211
14/11/2020 21:41:03,0,0,0.006952067
14/11/2020 21:41:04,0,0,0.006823923
14/11/2020 21:41:05,0,0,0.006695779
14/11/2020 21:41:06,0,0,0.006567635
14/11/2020 21:41:07,0,0,0.006439491
14/11/2020 21:41:08,0,0,0.006311347
14/11/2020 21:41:09,0,0,0.006183203
14/11/2020 21:41:10,0,0,0.006055059
14/11/2020 21:41:11,0,0,0.005926915
14/11/2020 21:41:12,0,0,0.005798772
14/11/2020 21:41:13,0,0,0.005670627
14/11/2020 21:41:14,0,0,0.005542483
14/11/2020 21:41:15,0,0,0.005414339
14/11/2020 21:41:16,0,0,0.005286195
14/11/2020 21:41:17,0,0,0.005158051
14/11/2020 21:41:18,0,0,0.005029907
14/11/2020 21:41:19,0,0,0.004901764
14/11/2020 21:41:20,0,0,0.00477362
14/11/2020 21:41:21,0,0,0.004645476
14/11/2020 21:41:22,0,0,0.004517332
14/11/2020 21:41:23,0,0,0.004389187
14/11/2020 21:41:24,0,0,0.004261043
14/11/2020 21:41:25,0,0,0.004132899
14/11/2020 21:41:26,0,0,0.004004756
14/11/2020 21:41:27,0,0,0.003876612
14/11/2020 21:41:28,0,0,0.003748468
14/11/2020 21:41:29,0,0,0.003620324
14/11/2020 21:41:30,0,0,0.00349218
14/11/2020 21:41:31,0,0,0.003364036
14/11/2020 21:41:32,0,0,0.003235892
14/11/2020 21:41:33,0,0,0.003107748
14/11/2020 21:41:34,0,0,0.002979604
14/11/2020 21:41:35,0,0,0.00285146
14/11/2020 21:41:36,0,0,0.002723316
14/11/2020 21:41:37,0,0,0.002595172
14/11/2020 21:41:38,0,0,0.002467028
14/11/2020 21:41:39,0,0,0.002338884
14/11/2020 21:41:40,0,0,0.00221074
14/11/2020 21:41:41,0,0,0.002082596
14/11/2020 21:41:42,0,0,0.001954452
14/11/2020 21:41:43,0,0,0.001826308
14/11/2020 21:41:44,0,0,0.001698164
14/11/2020 21:41:45,0,0,0.00157002
14/11/2020 21:41:46,0,0,0.001441876
14/11/2020 21:41:47,0,0,0.001313732
14/11/2020 21:41:48,0,0,0.001185588
14/11/2020 21:41:49,0,0,0.001057444
14/11/2020 21:41:50,0,0,0.0009293
14/11/2020 21:41:51,0,0,0.000801156
14/11/2020 21:41:52,0,0,0.000673012
14/11/2020 21:41:53,0,0,0.000544868
14/11/2020 21:41:54,0,0,0.000416724
14/11/2020 21:41:55,0,0,0.00028858
14/11/2020 21:41:56,0,0,0.000160436
14/11/2020 21:41:57,0,0,3.22923E-05
14/11/2020 21:41:58,0,0,0
14/11/2020 21:41:59,0,0,0
14/11/2020 21:42:00,0,0,0
14/11/2020 21:42:01,0,0,0
14/11/2020 21:42:02,0,0,0
14/11/2020 21:42:03,0,0,0
14/11/2020 21:42:04,0,0,0
14/11/2020 21:42:05,0,0,0
14/11/2020 21:42:06,0,0,0
14/11/2020 21:42:07,0,0,0
14/11/2020 21:42:08,0,0,0
14/11/2020 21:42:09,0,0,0
14/11/2020 21:42:10,0,0,0
14/11/2020 21:42:11,0,0,0
14/11/2020 21:42:12,0,0,0
14/11/2020 21:42:13,0,0,0
14/11/2020 21:42:14,0,0,0
14/11/2020 21:42:15,0,0,0
14/11/2020 21:42:16,0,0,0
14/11/2020 21:42:17,0,0,0
14/11/2020 21:42:18,0,0,0
14/11/2020 21:42:19,0,0,0
14/11/2020 21:42:20,0,0,0
14/11/2020 21:42:21,0,0,0
14/11/2020 21:42:22,0,0,0
14/11/2020 21:42:23,0,0,0
14/11/2020 21:42:24,0,0,0
14/11/2020 21:42:25,0,0,0
14/11/2020 21:42:26,0,0,0
14/11/2020 21:42:27,0,0,0
14/11/2020 21:42:28,0,0,0
14/11/2020 21:42:29,0,0,0
14/11/2020 21:42:30,0,0,0
14/11/2020 21:42:31,0,0,0
14/11/2020 21:42:32,0,0,0
14/11/2020 21:42:33,0,0,0
14/11/2020 21:42:34,0,0,0
14/11/2020 21:42:35,0,0,0
14/11/2020 21:42:36,0,0,0
14/11/2020 21:42:37,0,0,0
14/11/2020 21:42:38,0,0,0
14/11/2020 21:42:39,0,0,0
14/11/2020 21:42:40,0,0,0
14/11/2020 21:42:41,0,0,0
14/11/2020 21:42:42,0,0,0
14/11/2020 21:42:43,0,0,0
14/11/2020 21:42:44,0,0,0
14/11/2020 21:42:45,0,0,0
14/11/2020 21:42:46,0,0,0
14/11/2020 21:42:47,0,0,0
14/11/2020 21:42:48,0,0,0
14/11/2020 21:42:49,0,0,0
14/11/2020 21:42:50,0,0,0
14/11/2020 21:42:51,0,0,0
14/11/2020 21:42:52,0,0,0
14/11/2020 21:42:53,0,0,0
14/11/2020 21:42:54,0,0,0
14/11/2020 21:42:55,0,0,0
14/11/2020 21:42:56,0,0,0
14/11/2020 21:42:57,0,0,0
14/11/2020 21:42:58,0,0,0
14/11/2020 21:42:59,0,0,0
14/11/2020 21:43:00,0,0,0
14/11/2020 21:43:01,0,0,0
14/11/2020 21:43:02,0,0,0
14/11/2020 21:43:03,0,0,0
14/11/2020 21:43:04,0,0,0
14/11/2020 21:43:05,0,0,0
14/11/2020 21:43:06,0,0,0
14/11/2020 21:43:07,0,0,0
14/11/2020 21:43:08,0,0,0
14/11/2020 21:43:09,0,0,0
14/11/2020 21:43:10,0,0,0
14/11/2020 21:43:11,0,0,0
14/11/2020 21:43:12,0,0,0
14/11/2020 21:43:13,0,0,0
14/11/2020 21:43:14,0,0,0
14/11/2020 21:43:15,0,0,0
14/11/2020 21:43:16,0,0,0
14/11/2020 21:43:17,0,0,0
14/11/2020 21:43:18,0,0,0
14/11/2020 21:43:19,0,0,0
14/11/2020 21:43:20,0,0,0
14/11/2020 21:43:21,0,0,0
14/11/2020 21:43:22,0,0,0
14/11/2020 21:43:23,0,0,0
14/11/2020 21:43:24,0,0,0
14/11/2020 21:43:25,0,0,0
14/11/2020 21:43:26,0,0,0
14/11/2020 21:43:27,0,0,0
14/11/2020 21:43:28,0,0,0
14/11/2020 21:43:29,0,0,0
14/11/2020 21:43:30,0,0,0
14/11/2020 21:43:31,0,0,0
14/11/2020 21:43:32,0,0,0
14/11/2020 21:43:33,0,0,0
14/11/2020 21:43:34,0,0,0
14/11/2020 21:43:35,0,0,0
14/11/2020 21:43:36,0,0,0
14/11/2020 21:43:37,0,0,0
14/11/2020 21:43:38,0,0,0
14/11/2020 21:43:39,0,0,0
14/11/2020 21:43:40,0,0,0
14/11/2020 21:43:41,0,0,0
14/11/2020 21:43:42,0,0,0
14/11/2020 21:43:43,0,0,0
14/11/2020 21:43:44,0,0,0
14/11/2020 21:43:45,0,0,0
14/11/2020 21:43:46,0,0,0
14/11/2020 21:43:47,0,0,0
14/11/2020 21:43:48,0,0,0
14/11/2020 21:43:49,0,0,0
14/11/2020 21:43:50,0,0,0
14/11/2020 21:43:51,0,0,0
14/11/2020 21:43:52,0,0,0
14/11/2020 21:43:53,0,0,0
14/11/2020 21:43:54,0,0,0
14/11/2020 21:43:55,0,0,0
14/11/2020 21:43:56,0,0,0
14/11/2020 21:43:57,0,0,0
14/11/2020 21:43:58,0,0,0
14/11/2020 21:43:59,0,0,0
14/11/2020 21:44:00,0,0,0
14/11/2020 21:44:01,0,0,0
14/11/2020 21:44:02,0,0,0
14/11/2020 21:44:03,0,0,0
14/11/2020 21:44:04,0,0,0
14/11/2020 21:44:05,0,0,0
14/11/2020 21:44:06,0,0,0
14/11/2020 21:44:07,0,0,0
14/11/2020 21:44:08,0,0,0
14/11/2020 21:44:09,0,0,0
14/11/2020 21:44:10,0,0,0
14/11/2020 21:44:11,0,0,0
14/11/2020 21:44:12,0,0,0
14/11/2020 21:44:13,0,0,0
14/11/2020 21:44:14,0,0,0
14/11/2020 21:44:15,0,0,0
14/11/2020 21:44:16,0,0,0
14/11/2020 21:44:17,0,0,0
14/11/2020 21:44:18,0,0,0
14/11/2020 21:44:19,0,0,0
14/11/2020 21:44:20,0,0,0
14/11/2020 21:44:21,0,0,0
14/11/2020 21:44:22,0,0,0
14/11/2020 21:44:23,0,0,0
14/11/2020 21:44:24,0,0,0
14/11/2020 21:44:25,0,0,0
14/11/2020 21:44:26,0,0,0
14/11/2020 21:44:27,0,0,0
14/11/2020 21:44:28,0,0,0
14/11/2020 21:44:29,0,0,0
14/11/2020 21:44:30,0,0,0
14/11/2020 21:44:31,0,0,0
14/11/2020 21:44:32,0,0,0
14/11/2020 21:44:33,0,0,0
14/11/2020 21:44:34,0,0,0
14/11/2020 21:44:35,0,0,0
14/11/2020 21:44:36,0,0,0
14/11/2020 21:44:37,0,0,0
14/11/2020 21:44:38,0,0,0
14/11/2020 21:44:39,0,0,0
14/11/2020 21:44:40,0,0,0
14/11/2020 21:44:41,0,0,0
14/11/2020 21:44:42,0,0,0
14/11/2020 21:44:43,0,0,0
14/11/2020 21:44:44,0,0,0
14/11/2020 21:44:45,0,0,0
14/11/2020 21:44:46,0,0,0
14/11/2020 21:44:47,0,0,0
14/11/2020 21:44:48,0,0,0
14/11/2020 21:44:49,0,0,0
14/11/2020 21:44:50,0,0,0
14/11/2020 21:44:51,0,0,0
14/11/2020 21:44:52,0,0,0
14/11/2020 21:44:53,0,0,0
14/11/2020 21:44:54,0,0,0
14/11/2020 21:44:55,0,0,0
14/11/2020 21:44:56,0,0,0
14/11/2020 21:44:57,0,0,0
14/11/2020 21:44:58,0,0,0
14/11/2020 21:44:59,0,0,0
14/11/2020 21:45:00,0,0,0
14/11/2020 21:45:01,0,0,0
14/11/2020 21:45:02,0,0,0
14/11/2020 21:45:03,0,0,0
14/11/2020 21:45:04,0,0,0
14/11/2020 21:45:05,0,0,0
14/11/2020 21:45:06,0,0,0
14/11/2020 21:45:07,0,0,0
14/11/2020 21:45:08,0,0,0
14/11/2020 21:45:09,0,0,0
14/11/2020 21:45:10,0,0,0
14/11/2020 21:45:11,0,0,0
14/11/2020 21:45:12,0,0,0
14/11/2020 21:45:13,0,0,0
14/11/2020 21:45:14,0,0,0
14/11/2020 21:45:15,0,0,0
14/11/2020 21:45:16,0,0,0
14/11/2020 21:45:17,0,0,0
14/11/2020 21:45:18,0,0,0
14/11/2020 21:45:19,0,0,0
14/11/2020 21:45:20,0,0,0
14/11/2020 21:45:21,0,0,0
14/11/2020 21:45:22,0,0,0
14/11/2020 21:45:23,0,0,0
14/11/2020 21:45:24,0,0,0
14/11/2020 21:45:25,0,0,0
14/11/2020 21:45:26,0,0,0
14/11/2020 21:45:27,0,0,0
14/11/2020 21:45:28,0,0,0
14/11/2020 21:45:29,0,0,0
14/11/2020 21:45:30,0,0,0
14/11/2020 21:45:31,0,0,0
14/11/2020 21:45:32,0,0,0
14/11/2020 21:45:33,0,0,0
14/11/2020 21:45:34,0,0,0
14/11/2020 21:45:35,0,0,0
14/11/2020 21:45:36,0,0,0
14/11/2020 21:45:37,0,0,0
14/11/2020 21:45:38,0,0,0
14/11/2020 21:45:39,0,0,0
14/11/2020 21:45:40,0,0,0
14/11/2020 21:45:41,0,0,0
14/11/2020 21:45:42,0,0,0
14/11/2020 21:45:43,0,0,0
14/11/2020 21:45:44,0,0,0
14/11/2020 21:45:45,0,0,0
14/11/2020 21:45:46,0,0,0
14/11/2020 21:45:47,0,0,0
14/11/2020 21:45:48,0,0,0
14/11/2020 21:45:49,0,0,0
14/11/2020 21:45:50,0,0,0
14/11/2020 21:45:51,0,0,0
14/11/2020 21:45:52,0,0,0
14/11/2020 21:45:53,0,0,0
14/11/2020 21:45:54,0,0,0
14/11/2020 21:45:55,0,0,0
14/11/2020 21:45:56,0,0,0
14/11/2020 21:45:57,0,0,0
14/11/2020 21:45:58,0,0,0
14/11/2020 21:45:59,0,0,0
14/11/2020 21:46:00,0,0,0
14/11/2020 21:46:01,0,0,0
14/11/2020 21:46:02,0,0,0
14/11/2020 21:46:03,0,0,0
14/11/2020 21:46:04,0,0,0
14/11/2020 21:46:05,0,0,0
14/11/2020 21:46:06,0,0,0
14/11/2020 21:46:07,0,0,0
14/11/2020 21:46:08,0,0,0
14/11/2020 21:46:09,0,0,0
14/11/2020 21:46:10,0,0,0
14/11/2020 21:46:11,0,0,0
14/11/2020 21:46:12,0,0,0
14/11/2020 21:46:13,0,0,0
14/11/2020 21:46:14,0,0,0
14/11/2020 21:46:15,0,0,0
14/11/2020 21:46:16,0,0,0
14/11/2020 21:46:17,0,0,0
14/11/2020 21:46:18,0,0,0
14/11/2020 21:46:19,0,0,0
14/11/2020 21:46:20,0,0,0
14/11/2020 21:46:21,0,0,0
14/11/2020 21:46:22,0,0,0
14/11/2020 21:46:23,0,0,0
14/11/2020 21:46:24,0,0,0
14/11/2020 21:46:25,0,0,0
14/11/2020 21:46:26,0,0,0
14/11/2020 21:46:27,0,0,0
14/11/2020 21:46:28,0,0,0
14/11/2020 21:46:29,0,0,0
14/11/2020 21:46:30,0,0,0
14/11/2020 21:46:31,0,0,0
14/11/2020 21:46:32,0,0,0
14/11/2020 21:46:33,0,0,0
14/11/2020 21:46:34,0,0,0
14/11/2020 21:46:35,0,0,0
14/11/2020 21:46:36,0,0,0
14/11/2020 21:46:37,0,0,0
14/11/2020 21:46:38,0,0,0
14/11/2020 21:46:39,0,0,0
14/11/2020 21:46:40,0,0,0
14/11/2020 21:46:41,0,0,0
14/11/2020 21:46:42,0,0,0
14/11/2020 21:46:43,0,0,0
14/11/2020 21:46:44,0,0,0
14/11/2020 21:46:45,0,0,0
14/11/2020 21:46:46,0,0,0
14/11/2020 21:46:47,0,0,0
14/11/2020 21:46:48,0,0,0
14/11/2020 21:46:49,0,0,0
14/11/2020 21:46:50,0,0,0
14/11/2020 21:46:51,0,0,0
14/11/2020 21:46:52,0,0,0
14/11/2020 21:46:53,0,0,0
14/11/2020 21:46:54,0,0,0
14/11/2020 21:46:55,0,0,0
14/11/2020 21:46:56,0,0,0
14/11/2020 21:46:57,0,0,0
14/11/2020 21:46:58,0,0,0
14/11/2020 21:46:59,0,0,0
14/11/2020 21:47:00,0,0,0
14/11/2020 21:47:01,0,0,0
14/11/2020 21:47:02,0,0,0
14/11/2020 21:47:03,0,0,0
14/11/2020 21:47:04,0,0,0
14/11/2020 21:47:05,0,0,0
14/11/2020 21:47:06,0,0,0
14/11/2020 21:47:07,0,0,0
14/11/2020 21:47:08,0,0,0
14/11/2020 21:47:09,0,0,0
14/11/2020 21:47:10,0,0,0
14/11/2020 21:47:11,0,0,0
14/11/2020 21:47:12,0,0,0
14/11/2020 21:47:13,0,0,0
14/11/2020 21:47:14,0,0,0
14/11/2020 21:47:15,0,0,0
14/11/2020 21:47:16,0,0,0
14/11/2020 21:47:17,0,0,0
14/11/2020 21:47:18,0,0,0
14/11/2020 21:47:19,0,0,0
14/11/2020 21:47:20,0,0,0
14/11/2020 21:47:21,0,0,0
14/11/2020 21:47:22,0,0,0
14/11/2020 21:47:23,0,0,0
14/11/2020 21:47:24,0,0,0
14/11/2020 21:47:25,0,0,0
14/11/2020 21:47:26,0,0,0
14/11/2020 21:47:27,0,0,0
14/11/2020 21:47:28,0,0,0
14/11/2020 21:47:29,0,0,0
14/11/2020 21:47:30,0,0,0
14/11/2020 21:47:31,0,0,0
14/11/2020 21:47:32,0,0,0
14/11/2020 21:47:33,0,0,0
14/11/2020 21:47:34,0,0,0
14/11/2020 21:47:35,0,0,0
14/11/2020 21:47:36,0,0,0
14/11/2020 21:47:37,0,0,0
14/11/2020 21:47:38,0,0,0
14/11/2020 21:47:39,0,0,0
14/11/2020 21:47:40,0,0,0
14/11/2020 21:47:41,0,0,0
14/11/2020 21:47:42,0,0,0
14/11/2020 21:47:43,0,0,0
14/11/2020 21:47:44,0,0,0
14/11/2020 21:47:45,0,0,0
14/11/2020 21:47:46,0,0,0
14/11/2020 21:47:47,0,0,0
14/11/2020 21:47:48,0,0,0
14/11/2020 21:47:49,0,0,0
14/11/2020 21:47:50,0,0,0
14/11/2020 21:47:51,0,0,0
14/11/2020 21:47:52,0,0,0
14/11/2020 21:47:53,0,0,0
14/11/2020 21:47:54,0,0,0
14/11/2020 21:47:55,0,0,0
14/11/2020 21:47:56,0,0,0
14/11/2020 21:47:57,0,0,0
14/11/2020 21:47:58,0,0,0
14/11/2020 21:47:59,0,0,0
14/11/2020 21:48:00,0,0,0
14/11/2020 21:48:01,0,0,0
14/11/2020 21:48:02,0,0,0
14/11/2020 21:48:03,0,0,0
14/11/2020 21:48:04,0,0,0
14/11/2020 21:48:05,0,0,0
14/11/2020 21:48:06,0,0,0
14/11/2020 21:48:07,0,0,0
14/11/2020 21:48:08,0,0,0
14/11/2020 21:48:09,0,0,0
14/11/2020 21:48:10,0,0,0
14/11/2020 21:48:11,0,0,0
14/11/2020 21:48:12,0,0,0
14/11/2020 21:48:13,0,0,0
14/11/2020 21:48:14,0,0,0
14/11/2020 21:48:15,0,0,0
14/11/2020 21:48:16,0,0,0
14/11/2020 21:48:17,0,0,0
14/11/2020 21:48:18,0,0,0
14/11/2020 21:48:19,0,0,0
14/11/2020 21:48:20,0,0,0
14/11/2020 21:48:21,0,0,0
14/11/2020 21:48:22,0,0,0
14/11/2020 21:48:23,0,0,0
14/11/2020 21:48:24,0,0,0
14/11/2020 21:48:25,0,0,0
14/11/2020 21:48:26,0,0,0
14/11/2020 21:48:27,0,0,0
14/11/2020 21:48:28,0,0,0
14/11/2020 21:48:29,0,0,0
14/11/2020 21:48:30,0,0,0
14/11/2020 21:48:31,0,0,0
14/11/2020 21:48:32,0,0,0
14/11/2020 21:48:33,0,0,0
14/11/2020 21:48:34,0,0,0
14/11/2020 21:48:35,0,0,0
14/11/2020 21:48:36,0,0,0
14/11/2020 21:48:37,0,0,0
14/11/2020 21:48:38,0,0,0
14/11/2020 21:48:39,0,0,0
14/11/2020 21:48:40,0,0,0
14/11/2020 21:48:41,0,0,0
14/11/2020 21:48:42,0,0,0
14/11/2020 21:48:43,0,0,0
14/11/2020 21:48:44,0,0,0
14/11/2020 21:48:45,0,0,0
14/11/2020 21:48:46,0,0,0
14/11/2020 21:48:47,0,0,0
14/11/2020 21:48:48,0,0,0
14/11/2020 21:48:49,0,0,0
14/11/2020 21:48:50,0,0,0
14/11/2020 21:48:51,0,0,0
14/11/2020 21:48:52,0,0,0
14/11/2020 21:48:53,0,0,0
14/11/2020 21:48:54,0,0,0
14/11/2020 21:48:55,0,0,0
14/11/2020 21:48:56,0,0,0
14/11/2020 21:48:57,0,0,0
14/11/2020 21:48:58,0,0,0
14/11/2020 21:48:59,0,0,0
14/11/2020 21:49:00,0,0,0
14/11/2020 21:49:01,0,0,0
14/11/2020 21:49:02,0,0,0
14/11/2020 21:49:03,0,0,0
14/11/2020 21:49:04,0,0,0
14/11/2020 21:49:05,0,0,0
14/11/2020 21:49:06,0,0,0
14/11/2020 21:49:07,0,0,0
14/11/2020 21:49:08,0,0,0
14/11/2020 21:49:09,0,0,0
14/11/2020 21:49:10,0,0,0
14/11/2020 21:49:11,0,0,0
14/11/2020 21:49:12,0,0,0
14/11/2020 21:49:13,0,0,0
14/11/2020 21:49:14,0,0,0
14/11/2020 21:49:15,0,0,0
14/11/2020 21:49:16,0,0,0
14/11/2020 21:49:17,0,0,0
14/11/2020 21:49:18,0,0,0
14/11/2020 21:49:19,0,0,0
14/11/2020 21:49:20,0,0,0
14/11/2020 21:49:21,0,0,0
14/11/2020 21:49:22,0,0,0
14/11/2020 21:49:23,0,0,0
14/11/2020 21:49:24,0,0,0
14/11/2020 21:49:25,0,0,0
14/11/2020 21:49:26,0,0,0
14/11/2020 21:49:27,0,0,0
14/11/2020 21:49:28,0,0,0
14/11/2020 21:49:29,0,0,0
14/11/2020 21:49:30,0,0,0
14/11/2020 21:49:31,0,0,0
14/11/2020 21:49:32,0,0,0
14/11/2020 21:49:33,0,0,0
14/11/2020 21:49:34,0,0,0
14/11/2020 21:49:35,0,0,0
14/11/2020 21:49:36,0,0,0
14/11/2020 21:49:37,0,0,0
14/11/2020 21:49:38,0,0,0
14/11/2020 21:49:39,0,0,0
14/11/2020 21:49:40,0,0,0
14/11/2020 21:49:41,0,0,0
14/11/2020 21:49:42,0,0,0
14/11/2020 21:49:43,0,0,0
14/11/2020 21:49:44,0,0,0
14/11/2020 21:49:45,0,0,0
14/11/2020 21:49:46,0,0,0
14/11/2020 21:49:47,0,0,0
14/11/2020 21:49:48,0,0,0
14/11/2020 21:49:49,0,0,0
14/11/2020 21:49:50,0,0,0
14/11/2020 21:49:51,0,0,0
14/11/2020 21:49:52,0,0,0
14/11/2020 21:49:53,0,0,0
14/11/2020 21:49:54,0,0,0
14/11/2020 21:49:55,0,0,0
14/11/2020 21:49:56,0,0,0
14/11/2020 21:49:57,0,0,0
14/11/2020 21:49:58,0,0,0
14/11/2020 21:49:59,0,0,0
14/11/2020 21:50:00,0,0,0
14/11/2020 21:50:01,0,0,0
14/11/2020 21:50:02,0,0,0
14/11/2020 21:50:03,0,0,0
14/11/2020 21:50:04,0,0,0
14/11/2020 21:50:05,0,0,0
14/11/2020 21:50:06,0,0,0
14/11/2020 21:50:07,0,0,0
14/11/2020 21:50:08,0,0,0
14/11/2020 21:50:09,0,0,0
14/11/2020 21:50:10,0,0,0
14/11/2020 21:50:11,0,0,0
14/11/2020 21:50:12,0,0,0
14/11/2020 21:50:13,0,0,0
14/11/2020 21:50:14,0,0,0
14/11/2020 21:50:15,0,0,0
14/11/2020 21:50:16,0,0,0
14/11/2020 21:50:17,0,0,0
14/11/2020 21:50:18,0,0,0
14/11/2020 21:50:19,0,0,0
14/11/2020 21:50:20,0,0,0
14/11/2020 21:50:21,0,0,0
14/11/2020 21:50:22,0,0,0
14/11/2020 21:50:23,0,0,0
14/11/2020 21:50:24,0,0,0
14/11/2020 21:50:25,0,0,0
14/11/2020 21:50:26,0,0,0
14/11/2020 21:50:27,0,0,0
14/11/2020 21:50:28,0,0,0
14/11/2020 21:50:29,0,0,0
14/11/2020 21:50:30,0,0,0
14/11/2020 21:50:31,0,0,0
14/11/2020 21:50:32,0,0,0
14/11/2020 21:50:33,0,0,0
14/11/2020 21:50:34,0,0,0
14/11/2020 21:50:35,0,0,0
14/11/2020 21:50:36,0,0,0
14/11/2020 21:50:37,0,0,0
14/11/2020 21:50:38,0,0,0
14/11/2020 21:50:39,0,0,0
14/11/2020 21:50:40,0,0,0
14/11/2020 21:50:41,0,0,0
14/11/2020 21:50:42,0,0,0
14/11/2020 21:50:43,0,0,0
14/11/2020 21:50:44,0,0,0
14/11/2020 21:50:45,0,0,0
14/11/2020 21:50:46,0,0,0
14/11/2020 21:50:47,0,0,0
14/11/2020 21:50:48,0,0,0
14/11/2020 21:50:49,0,0,0
14/11/2020 21:50:50,0,0,0
14/11/2020 21:50:51,0,0,0
14/11/2020 21:50:52,0,0,0
14/11/2020 21:50:53,0,0,0
14/11/2020 21:50:54,0,0,0
14/11/2020 21:50:55,0,0,0
14/11/2020 21:50:56,0,0,0
14/11/2020 21:50:57,0,0,0
14/11/2020 21:50:58,0,0,0
14/11/2020 21:50:59,0,0,0
14/11/2020 21:51:00,0,0,0
14/11/2020 21:51:01,0,0,0
14/11/2020 21:51:02,0,0,0
14/11/2020 21:51:03,0,0,0
14/11/2020 21:51:04,0,0,0
14/11/2020 21:51:05,0,0,0
14/11/2020 21:51:06,0,0,0
14/11/2020 21:51:07,0,0,0
14/11/2020 21:51:08,0,0,0
14/11/2020 21:51:09,0,0,0
14/11/2020 21:51:10,0,0,0
14/11/2020 21:51:11,0,0,0
14/11/2020 21:51:12,0,0,0
14/11/2020 21:51:13,0,0,0
14/11/2020 21:51:14,0,0,0
14/11/2020 21:51:15,0,0,0
14/11/2020 21:51:16,0,0,0
14/11/2020 21:51:17,0,0,0
14/11/2020 21:51:18,0,0,0
14/11/2020 21:51:19,0,0,0
14/11/2020 21:51:20,0,0,0
14/11/2020 21:51:21,0,0,0
14/11/2020 21:51:22,0,0,0
14/11/2020 21:51:23,0,0,0
14/11/2020 21:51:24,0,0,0
14/11/2020 21:51:25,0,0,0
14/11/2020 21:51:26,0,0,0
14/11/2020 21:51:27,0,0,0
14/11/2020 21:51:28,0,0,0
14/11/2020 21:51:29,0,0,0
14/11/2020 21:51:30,0,0,0
14/11/2020 21:51:31,0,0,0
14/11/2020 21:51:32,0,0,0
14/11/2020 21:51:33,0,0,0
14/11/2020 21:51:34,0,0,0
14/11/2020 21:51:35,0,0,0
14/11/2020 21:51:36,0,0,0
14/11/2020 21:51:37,0,0,0
14/11/2020 21:51:38,0,0,0
14/11/2020 21:51:39,0,0,0
14/11/2020 21:51:40,0,0,0
14/11/2020 21:51:41,0,0,0
14/11/2020 21:51:42,0,0,0
14/11/2020 21:51:43,0,0,0
14/11/2020 21:51:44,0,0,0
14/11/2020 21:51:45,0,0,0
14/11/2020 21:51:46,0,0,0
14/11/2020 21:51:47,0,0,0
14/11/2020 21:51:48,0,0,0
14/11/2020 21:51:49,0,0,0
14/11/2020 21:51:50,0,0,0
14/11/2020 21:51:51,0,0,0
14/11/2020 21:51:52,0,0,0
14/11/2020 21:51:53,0,0,0
14/11/2020 21:51:54,0,0,0
14/11/2020 21:51:55,0,0,0
14/11/2020 21:51:56,0,0,0
14/11/2020 21:51:57,0,0,0
14/11/2020 21:51:58,0,0,0
14/11/2020 21:51:59,0,0,0
14/11/2020 21:52:00,0,0,0
14/11/2020 21:52:01,0,0,0
14/11/2020 21:52:02,0,0,0
14/11/2020 21:52:03,0,0,0
14/11/2020 21:52:04,0,0,0
14/11/2020 21:52:05,0,0,0
14/11/2020 21:52:06,0,0,0
14/11/2020 21:52:07,0,0,0
14/11/2020 21:52:08,0,0,0
14/11/2020 21:52:09,0,0,0
14/11/2020 21:52:10,0,0,0
14/11/2020 21:52:11,0,0,0
14/11/2020 21:52:12,0,0,0
14/11/2020 21:52:13,0,0,0
14/11/2020 21:52:14,0,0,0
14/11/2020 21:52:15,0,0,0
14/11/2020 21:52:16,0,0,0
14/11/2020 21:52:17,0,0,0
14/11/2020 21:52:18,0,0,0
14/11/2020 21:52:19,0,0,0
14/11/2020 21:52:20,0,0,0
14/11/2020 21:52:21,0,0,0
14/11/2020 21:52:22,0,0,0
14/11/2020 21:52:23,0,0,0
14/11/2020 21:52:24,0,0,0
14/11/2020 21:52:25,0,0,0
14/11/2020 21:52:26,0,0,0
14/11/2020 21:52:27,0,0,0
14/11/2020 21:52:28,0,0,0
14/11/2020 21:52:29,0,0,0
14/11/2020 21:52:30,0,0,0
14/11/2020 21:52:31,0,0,0
14/11/2020 21:52:32,0,0,0
14/11/2020 21:52:33,0,0,0
14/11/2020 21:52:34,0,0,0
14/11/2020 21:52:35,0,0,0
14/11/2020 21:52:36,0,0,0
14/11/2020 21:52:37,0,0,0
14/11/2020 21:52:38,0,0,0
14/11/2020 21:52:39,0,0,0
14/11/2020 21:52:40,0,0,0
14/11/2020 21:52:41,0,0,0
14/11/2020 21:52:42,0,0,0
14/11/2020 21:52:43,0,0,0
14/11/2020 21:52:44,0,0,0
14/11/2020 21:52:45,0,0,0
14/11/2020 21:52:46,0,0,0
14/11/2020 21:52:47,0,0,0
14/11/2020 21:52:48,0,0,0
14/11/2020 21:52:49,0,0,0
14/11/2020 21:52:50,0,0,0
14/11/2020 21:52:51,0,0,0
14/11/2020 21:52:52,0,0,0
14/11/2020 21:52:53,0,0,0
14/11/2020 21:52:54,0,0,0
14/11/2020 21:52:55,0,0,0
14/11/2020 21:52:56,0,0,0
14/11/2020 21:52:57,0,0,0
14/11/2020 21:52:58,0,0,0
14/11/2020 21:52:59,0,0,0
14/11/2020 21:53:00,0,0,0
14/11/2020 21:53:01,0,0,0
14/11/2020 21:53:02,0,0,0
14/11/2020 21:53:03,0,0,0
14/11/2020 21:53:04,0,0,0
14/11/2020 21:53:05,0,0,0
14/11/2020 21:53:06,0,0,0
14/11/2020 21:53:07,0,0,0
14/11/2020 21:53:08,0,0,0
14/11/2020 21:53:09,0,0,0
14/11/2020 21:53:10,0,0,0
14/11/2020 21:53:11,0,0,0
14/11/2020 21:53:12,0,0,0
14/11/2020 21:53:13,0,0,0
14/11/2020 21:53:14,0,0,0
14/11/2020 21:53:15,0,0,0
14/11/2020 21:53:16,0,0,0
14/11/2020 21:53:17,0,0,0
14/11/2020 21:53:18,0,0,0
14/11/2020 21:53:19,0,0,0
14/11/2020 21:53:20,0,0,0
14/11/2020 21:53:21,0,0,0
14/11/2020 21:53:22,0,0,0
14/11/2020 21:53:23,0,0,0
14/11/2020 21:53:24,0,0,0
14/11/2020 21:53:25,0,0,0
14/11/2020 21:53:26,0,0,0
14/11/2020 21:53:27,0,0,0
14/11/2020 21:53:28,0,0,0
14/11/2020 21:53:29,0,0,0
14/11/2020 21:53:30,0,0,0
14/11/2020 21:53:31,0,0,0
14/11/2020 21:53:32,0,0,0
14/11/2020 21:53:33,0,0,0
14/11/2020 21:53:34,0,0,0
14/11/2020 21:53:35,0,0,0
14/11/2020 21:53:36,0,0,0
14/11/2020 21:53:37,0,0,0
14/11/2020 21:53:38,0,0,0
14/11/2020 21:53:39,0,0,0
14/11/2020 21:53:40,0,0,0
14/11/2020 21:53:41,0,0,0
14/11/2020 21:53:42,0,0,0
14/11/2020 21:53:43,0,0,0
14/11/2020 21:53:44,0,0,0
14/11/2020 21:53:45,0,0,0
14/11/2020 21:53:46,0,0,0
14/11/2020 21:53:47,0,0,0
14/11/2020 21:53:48,0,0,0
14/11/2020 21:53:49,0,0,0
14/11/2020 21:53:50,0,0,0
14/11/2020 21:53:51,0,0,0
14/11/2020 21:53:52,0,0,0
14/11/2020 21:53:53,0,0,0
14/11/2020 21:53:54,0,0,0
14/11/2020 21:53:55,0,0,0
14/11/2020 21:53:56,0,0,0
14/11/2020 21:53:57,0,0,0
14/11/2020 21:53:58,0,0,0
14/11/2020 21:53:59,0,0,0
14/11/2020 21:54:00,0,0,0
14/11/2020 21:54:01,0,0,0
14/11/2020 21:54:02,0,0,0
14/11/2020 21:54:03,0,0,0
14/11/2020 21:54:04,0,0,0
14/11/2020 21:54:05,0,0,0
14/11/2020 21:54:06,0,0,0
14/11/2020 21:54:07,0,0,0
14/11/2020 21:54:08,0,0,0
14/11/2020 21:54:09,0,0,0
14/11/2020 21:54:10,0,0,0
14/11/2020 21:54:11,0,0,0
14/11/2020 21:54:12,0,0,0
14/11/2020 21:54:13,0,0,0
14/11/2020 21:54:14,0,0,0
14/11/2020 21:54:15,0,0,0
14/11/2020 21:54:16,0,0,0
14/11/2020 21:54:17,0,0,0
14/11/2020 21:54:18,0,0,0
14/11/2020 21:54:19,0,0,0
14/11/2020 21:54:20,0,0,0
14/11/2020 21:54:21,0,0,0
14/11/2020 21:54:22,0,0,0
14/11/2020 21:54:23,0,0,0
14/11/2020 21:54:24,0,0,0
14/11/2020 21:54:25,0,0,0
14/11/2020 21:54:26,0,0,0
14/11/2020 21:54:27,0,0,0
14/11/2020 21:54:28,0,0,0
14/11/2020 21:54:29,0,0,0
14/11/2020 21:54:30,0,0,0
14/11/2020 21:54:31,0,0,0
14/11/2020 21:54:32,0,0,0
14/11/2020 21:54:33,0,0,0
14/11/2020 21:54:34,0,0,0
14/11/2020 21:54:35,0,0,0
14/11/2020 21:54:36,0,0,0
14/11/2020 21:54:37,0,0,0
14/11/2020 21:54:38,0,0,0
14/11/2020 21:54:39,0,0,0
14/11/2020 21:54:40,0,0,0
14/11/2020 21:54:41,0,0,0
14/11/2020 21:54:42,0,0,0
14/11/2020 21:54:43,0,0,0
14/11/2020 21:54:44,0,0,0
14/11/2020 21:54:45,0,0,0
14/11/2020 21:54:46,0,0,0
14/11/2020 21:54:47,0,0,0
14/11/2020 21:54:48,0,0,0
14/11/2020 21:54:49,0,0,0
14/11/2020 21:54:50,0,0,0
14/11/2020 21:54:51,0,0,0
14/11/2020 21:54:52,0,0,0
14/11/2020 21:54:53,0,0,0
14/11/2020 21:54:54,0,0,0
14/11/2020 21:54:55,0,0,0
14/11/2020 21:54:56,0,0,0
14/11/2020 21:54:57,0,0,0
14/11/2020 21:54:58,0,0,0
14/11/2020 21:54:59,0,0,0
14/11/2020 21:55:00,0,0,0
14/11/2020 21:55:01,0,0,0
14/11/2020 21:55:02,0,0,0
14/11/2020 21:55:03,0,0,0
14/11/2020 21:55:04,0,0,0
14/11/2020 21:55:05,0,0,0
14/11/2020 21:55:06,0,0,0
14/11/2020 21:55:07,0,0,0
14/11/2020 21:55:08,0,0,0
14/11/2020 21:55:09,0,0,0
14/11/2020 21:55:10,0,0,0
14/11/2020 21:55:11,0,0,0
14/11/2020 21:55:12,0,0,0
14/11/2020 21:55:13,0,0,0
14/11/2020 21:55:14,0,0,0
14/11/2020 21:55:15,0,0,0
14/11/2020 21:55:16,0,0,0
14/11/2020 21:55:17,0,0,0
14/11/2020 21:55:18,0,0,0
14/11/2020 21:55:19,0,0,0
14/11/2020 21:55:20,0,0,0
14/11/2020 21:55:21,0,0,0
14/11/2020 21:55:22,0,0,0
14/11/2020 21:55:23,0,0,0
14/11/2020 21:55:24,0,0,0
14/11/2020 21:55:25,0,0,0
14/11/2020 21:55:26,0,0,0
14/11/2020 21:55:27,0,0,0
14/11/2020 21:55:28,0,0,0
14/11/2020 21:55:29,0,0,0
14/11/2020 21:55:30,0,0,0
14/11/2020 21:55:31,0,0,0
14/11/2020 21:55:32,0,0,0
14/11/2020 21:55:33,0,0,0
14/11/2020 21:55:34,0,0,0
14/11/2020 21:55:35,0,0,0
14/11/2020 21:55:36,0,0,0
14/11/2020 21:55:37,0,0,0
14/11/2020 21:55:38,0,0,0
14/11/2020 21:55:39,0,0,0
14/11/2020 21:55:40,0,0,0
14/11/2020 21:55:41,0,0,0
14/11/2020 21:55:42,0,0,0
14/11/2020 21:55:43,0,0,0
14/11/2020 21:55:44,0,0,0
14/11/2020 21:55:45,0,0,0
14/11/2020 21:55:46,0,0,0
14/11/2020 21:55:47,0,0,0
14/11/2020 21:55:48,0,0,0
14/11/2020 21:55:49,0,0,0
14/11/2020 21:55:50,0,0,0
14/11/2020 21:55:51,0,0,0
14/11/2020 21:55:52,0,0,0
14/11/2020 21:55:53,0,0,0
14/11/2020 21:55:54,0,0,0
14/11/2020 21:55:55,0,0,0
14/11/2020 21:55:56,0,0,0
14/11/2020 21:55:57,0,0,0
14/11/2020 21:55:58,0,0,0
14/11/2020 21:55:59,0,0,0
14/11/2020 21:56:00,0,0,0
14/11/2020 21:56:01,0,0,0
14/11/2020 21:56:02,0,0,0
14/11/2020 21:56:03,0,0,0
14/11/2020 21:56:04,0,0,0
14/11/2020 21:56:05,0,0,0
14/11/2020 21:56:06,0,0,0
14/11/2020 21:56:07,0,0,0
14/11/2020 21:56:08,0,0,0
14/11/2020 21:56:09,0,0,0
14/11/2020 21:56:10,0,0,0
14/11/2020 21:56:11,0,0,0
14/11/2020 21:56:12,0,0,0
14/11/2020 21:56:13,0,0,0
14/11/2020 21:56:14,0,0,0
14/11/2020 21:56:15,0,0,0
14/11/2020 21:56:16,0,0,0
14/11/2020 21:56:17,0,0,0
14/11/2020 21:56:18,0,0,0
14/11/2020 21:56:19,0,0,0
14/11/2020 21:56:20,0,0,0
14/11/2020 21:56:21,0,0,0
14/11/2020 21:56:22,0,0,0
14/11/2020 21:56:23,0,0,0
14/11/2020 21:56:24,0,0,0
14/11/2020 21:56:25,0,0,0
14/11/2020 21:56:26,0,0,0
14/11/2020 21:56:27,0,0,0
14/11/2020 21:56:28,0,0,0
14/11/2020 21:56:29,0,0,0
14/11/2020 21:56:30,0,0,0
14/11/2020 21:56:31,0,0,0
14/11/2020 21:56:32,0,0,0
14/11/2020 21:56:33,0,0,0
14/11/2020 21:56:34,0,0,0
14/11/2020 21:56:35,0,0,0
14/11/2020 21:56:36,0,0,0
14/11/2020 21:56:37,0,0,0
14/11/2020 21:56:38,0,0,0
14/11/2020 21:56:39,0,0,0
14/11/2020 21:56:40,0,0,0
14/11/2020 21:56:41,0,0,0
14/11/2020 21:56:42,0,0,0
14/11/2020 21:56:43,0,0,0
14/11/2020 21:56:44,0,0,0
14/11/2020 21:56:45,0,0,0
14/11/2020 21:56:46,0,0,0
14/11/2020 21:56:47,0,0,0
14/11/2020 21:56:48,0,0,0
14/11/2020 21:56:49,0,0,0
14/11/2020 21:56:50,0,0,0
14/11/2020 21:56:51,0,0,0
14/11/2020 21:56:52,0,0,0
14/11/2020 21:56:53,0,0,0
14/11/2020 21:56:54,0,0,0
14/11/2020 21:56:55,0,0,0
14/11/2020 21:56:56,0,0,0
14/11/2020 21:56:57,0,0,0
14/11/2020 21:56:58,0,0,0
14/11/2020 21:56:59,0,0,0
14/11/2020 21:57:00,0,0,0
14/11/2020 21:57:01,0,0,0
14/11/2020 21:57:02,0,0,0
14/11/2020 21:57:03,0,0,0
14/11/2020 21:57:04,0,0,0
14/11/2020 21:57:05,0,0,0
14/11/2020 21:57:06,0,0,0
14/11/2020 21:57:07,0,0,0
14/11/2020 21:57:08,0,0,0
14/11/2020 21:57:09,0,0,0
14/11/2020 21:57:10,0,0,0
14/11/2020 21:57:11,0,0,0
14/11/2020 21:57:12,0,0,0
14/11/2020 21:57:13,0,0,0
14/11/2020 21:57:14,0,0,0
14/11/2020 21:57:15,0,0,0
14/11/2020 21:57:16,0,0,0
14/11/2020 21:57:17,0,0,0
14/11/2020 21:57:18,0,0,0
14/11/2020 21:57:19,0,0,0
14/11/2020 21:57:20,0,0,0
14/11/2020 21:57:21,0,0,0
14/11/2020 21:57:22,0,0,0
14/11/2020 21:57:23,0,0,0
14/11/2020 21:57:24,0,0,0
14/11/2020 21:57:25,0,0,0
14/11/2020 21:57:26,0,0,0
14/11/2020 21:57:27,0,0,0
14/11/2020 21:57:28,0,0,0
14/11/2020 21:57:29,0,0,0
14/11/2020 21:57:30,0,0,0
14/11/2020 21:57:31,0,0,0
14/11/2020 21:57:32,0,0,0
14/11/2020 21:57:33,0,0,0
14/11/2020 21:57:34,0,0,0
14/11/2020 21:57:35,0,0,0
14/11/2020 21:57:36,0,0,0
14/11/2020 21:57:37,0,0,0
14/11/2020 21:57:38,0,0,0
14/11/2020 21:57:39,0,0,0
14/11/2020 21:57:40,0,0,0
14/11/2020 21:57:41,0,0,0
14/11/2020 21:57:42,0,0,0
14/11/2020 21:57:43,0,0,0
14/11/2020 21:57:44,0,0,0
14/11/2020 21:57:45,0,0,0
14/11/2020 21:57:46,0,0,0
14/11/2020 21:57:47,0,0,0
14/11/2020 21:57:48,0,0,0
14/11/2020 21:57:49,0,0,0
14/11/2020 21:57:50,0,0,0
14/11/2020 21:57:51,0,0,0
14/11/2020 21:57:52,0,0,0
14/11/2020 21:57:53,0,0,0
14/11/2020 21:57:54,0,0,0
14/11/2020 21:57:55,0,0,0
14/11/2020 21:57:56,0,0,0
14/11/2020 21:57:57,0,0,0
14/11/2020 21:57:58,0,0,0
14/11/2020 21:57:59,0,0,0
14/11/2020 21:58:00,0,0,0
14/11/2020 21:58:01,0,0,0
14/11/2020 21:58:02,0,0,0
14/11/2020 21:58:03,0,0,0
14/11/2020 21:58:04,0,0,0
14/11/2020 21:58:05,0,0,0
14/11/2020 21:58:06,0,0,0
14/11/2020 21:58:07,0,0,0
14/11/2020 21:58:08,0,0,0
14/11/2020 21:58:09,0,0,0
14/11/2020 21:58:10,0,0,0
14/11/2020 21:58:11,0,0,0
14/11/2020 21:58:12,0,0,0
14/11/2020 21:58:13,0,0,0
14/11/2020 21:58:14,0,0,0
14/11/2020 21:58:15,0,0,0
14/11/2020 21:58:16,0,0,0
14/11/2020 21:58:17,0,0,0
14/11/2020 21:58:18,0,0,0
14/11/2020 21:58:19,0,0,0
14/11/2020 21:58:20,0,0,0
14/11/2020 21:58:21,0,0,0
14/11/2020 21:58:22,0,0,0
14/11/2020 21:58:23,0,0,0
14/11/2020 21:58:24,0,0,0
14/11/2020 21:58:25,0,0,0
14/11/2020 21:58:26,0,0,0
14/11/2020 21:58:27,0,0,0
14/11/2020 21:58:28,0,0,0
14/11/2020 21:58:29,0,0,0
14/11/2020 21:58:30,0,0,0
14/11/2020 21:58:31,0,0,0
14/11/2020 21:58:32,0,0,0
14/11/2020 21:58:33,0,0,0
14/11/2020 21:58:34,0,0,0
14/11/2020 21:58:35,0,0,0
14/11/2020 21:58:36,0,0,0
14/11/2020 21:58:37,0,0,0
14/11/2020 21:58:38,0,0,0
14/11/2020 21:58:39,0,0,0
14/11/2020 21:58:40,0,0,0
14/11/2020 21:58:41,0,0,0
14/11/2020 21:58:42,0,0,0
14/11/2020 21:58:43,0,0,0
14/11/2020 21:58:44,0,0,0
14/11/2020 21:58:45,0,0,0
14/11/2020 21:58:46,0,0,0
14/11/2020 21:58:47,0,0,0
14/11/2020 21:58:48,0,0,0
14/11/2020 21:58:49,0,0,0
14/11/2020 21:58:50,0,0,0
14/11/2020 21:58:51,0,0,0
14/11/2020 21:58:52,0,0,0
14/11/2020 21:58:53,0,0,0
14/11/2020 21:58:54,0,0,0
14/11/2020 21:58:55,0,0,0
14/11/2020 21:58:56,0,0,0
14/11/2020 21:58:57,0,0,0
14/11/2020 21:58:58,0,0,0
14/11/2020 21:58:59,0,0,0
14/11/2020 21:59:00,0,0,0
14/11/2020 21:59:01,0,0,0
14/11/2020 21:59:02,0,0,0
14/11/2020 21:59:03,0,0,0
14/11/2020 21:59:04,0,0,0
14/11/2020 21:59:05,0,0,0
14/11/2020 21:59:06,0,0,0
14/11/2020 21:59:07,0,0,0
14/11/2020 21:59:08,0,0,0
14/11/2020 21:59:09,0,0,0
14/11/2020 21:59:10,0,0,0
14/11/2020 21:59:11,0,0,0
14/11/2020 21:59:12,0,0,0
14/11/2020 21:59:13,0,0,0
14/11/2020 21:59:14,0,0,0
14/11/2020 21:59:15,0,0,0
14/11/2020 21:59:16,0,0,0
14/11/2020 21:59:17,0,0,0
14/11/2020 21:59:18,0,0,0
14/11/2020 21:59:19,0,0,0
14/11/2020 21:59:20,0,0,0
14/11/2020 21:59:21,0,0,0
14/11/2020 21:59:22,0,0,0
14/11/2020 21:59:23,0,0,0
14/11/2020 21:59:24,0,0,0
14/11/2020 21:59:25,0,0,0
14/11/2020 21:59:26,0,0,0
14/11/2020 21:59:27,0,0,0
14/11/2020 21:59:28,0,0,0
14/11/2020 21:59:29,0,0,0
14/11/2020 21:59:30,0,0,0
14/11/2020 21:59:31,0,0,0
14/11/2020 21:59:32,0,0,0
14/11/2020 21:59:33,0,0,0
14/11/2020 21:59:34,0,0,0
14/11/2020 21:59:35,0,0,0
14/11/2020 21:59:36,0,0,0
14/11/2020 21:59:37,0,0,0
14/11/2020 21:59:38,0,0,0
14/11/2020 21:59:39,0,0,0
14/11/2020 21:59:40,0,0,0
14/11/2020 21:59:41,0,0,0
14/11/2020 21:59:42,0,0,0
14/11/2020 21:59:43,0,0,0
14/11/2020 21:59:44,0,0,0
14/11/2020 21:59:45,0,0,0
14/11/2020 21:59:46,0,0,0
14/11/2020 21:59:47,0,0,0
14/11/2020 21:59:48,0,0,0
14/11/2020 21:59:49,0,0,0
14/11/2020 21:59:50,0,0,0
14/11/2020 21:59:51,0,0,0
14/11/2020 21:59:52,0,0,0
14/11/2020 21:59:53,0,0,0
14/11/2020 21:59:54,0,0,0
14/11/2020 21:59:55,0,0,0
14/11/2020 21:59:56,0,0,0
14/11/2020 21:59:57,0,0,0
14/11/2020 21:59:58,0,0,0
14/11/2020 21:59:59,0,0,0
14/11/2020 22:00:00,0,0,0
14/11/2020 22:00:01,0,0,0
14/11/2020 22:00:02,0,0,0
14/11/2020 22:00:03,0,0,0
14/11/2020 22:00:04,0,0,0
14/11/2020 22:00:05,0,0,0
14/11/2020 22:00:06,0,0,0
14/11/2020 22:00:07,0,0,0
14/11/2020 22:00:08,0,0,0
14/11/2020 22:00:09,0,0,0
14/11/2020 22:00:10,0,0,0
14/11/2020 22:00:11,0,0,0
14/11/2020 22:00:12,0,0,0
14/11/2020 22:00:13,0,0,0
14/11/2020 22:00:14,0,0,0
14/11/2020 22:00:15,0,0,0
14/11/2020 22:00:16,0,0,0
14/11/2020 22:00:17,0,0,0
14/11/2020 22:00:18,0,0,0
14/11/2020 22:00:19,0,0,0
14/11/2020 22:00:20,0,0,0
14/11/2020 22:00:21,0,0,0
14/11/2020 22:00:22,0,0,0
14/11/2020 22:00:23,0,0,0
14/11/2020 22:00:24,0,0,0
14/11/2020 22:00:25,0,0,0
14/11/2020 22:00:26,0,0,0
14/11/2020 22:00:27,0,0,0
14/11/2020 22:00:28,0,0,0
14/11/2020 22:00:29,0,0,0
14/11/2020 22:00:30,0,0,0
14/11/2020 22:00:31,0,0,0
14/11/2020 22:00:32,0,0,0
14/11/2020 22:00:33,0,0,0
14/11/2020 22:00:34,0,0,0
14/11/2020 22:00:35,0,0,0
14/11/2020 22:00:36,0,0,0
14/11/2020 22:00:37,0,0,0
14/11/2020 22:00:38,0,0,0
14/11/2020 22:00:39,0,0,0
14/11/2020 22:00:40,0,0,0
14/11/2020 22:00:41,0,0,0
14/11/2020 22:00:42,0,0,0
14/11/2020 22:00:43,0,0,0
14/11/2020 22:00:44,0,0,0
14/11/2020 22:00:45,0,0,0
14/11/2020 22:00:46,0,0,0
14/11/2020 22:00:47,0,0,0
14/11/2020 22:00:48,0,0,0
14/11/2020 22:00:49,0,0,0
14/11/2020 22:00:50,0,0,0
14/11/2020 22:00:51,0,0,0
14/11/2020 22:00:52,0,0,0
14/11/2020 22:00:53,0,0,0
14/11/2020 22:00:54,0,0,0
14/11/2020 22:00:55,0,0,0
14/11/2020 22:00:56,0,0,0
14/11/2020 22:00:57,0,0,0
14/11/2020 22:00:58,0,0,0
14/11/2020 22:00:59,0,0,0
14/11/2020 22:01:00,0,0,0
14/11/2020 22:01:01,0,0,0
14/11/2020 22:01:02,0,0,0
14/11/2020 22:01:03,0,0,0
14/11/2020 22:01:04,0,0,0
14/11/2020 22:01:05,0,0,0
14/11/2020 22:01:06,0,0,0
14/11/2020 22:01:07,0,0,0
14/11/2020 22:01:08,0,0,0
14/11/2020 22:01:09,0,0,0
14/11/2020 22:01:10,0,0,0
14/11/2020 22:01:11,0,0,0
14/11/2020 22:01:12,0,0,0
14/11/2020 22:01:13,0,0,0
14/11/2020 22:01:14,0,0,0
14/11/2020 22:01:15,0,0,0
14/11/2020 22:01:16,0,0,0
14/11/2020 22:01:17,0,0,0
14/11/2020 22:01:18,0,0,0
14/11/2020 22:01:19,0,0,0
14/11/2020 22:01:20,0,0,0
14/11/2020 22:01:21,0,0,0
14/11/2020 22:01:22,0,0,0
14/11/2020 22:01:23,0,0,0
14/11/2020 22:01:24,0,0,0
14/11/2020 22:01:25,0,0,0
14/11/2020 22:01:26,0,0,0
14/11/2020 22:01:27,0,0,0
14/11/2020 22:01:28,0,0,0
14/11/2020 22:01:29,0,0,0
14/11/2020 22:01:30,0,0,0
14/11/2020 22:01:31,0,0,0
14/11/2020 22:01:32,0,0,0
14/11/2020 22:01:33,0,0,0
14/11/2020 22:01:34,0,0,0
14/11/2020 22:01:35,0,0,0
14/11/2020 22:01:36,0,0,0
14/11/2020 22:01:37,5.525658607,0,0
14/11/2020 22:01:38,22.16920853,0,0
14/11/2020 22:01:39,38.8127594,0,0
14/11/2020 22:01:40,55.45631027,0,0
14/11/2020 22:01:41,72.09986115,0,0
14/11/2020 22:01:42,80.01000214,0.626999974,0
14/11/2020 22:01:43,66.01000214,2.826999903,0
14/11/2020 22:01:44,52.00999832,5.02699995,0
14/11/2020 22:01:45,38.00999832,7.227000237,0
14/11/2020 22:01:46,24.01000023,9.427000046,0
14/11/2020 22:01:47,14,11,0
14/11/2020 22:01:48,14,11,0
14/11/2020 22:01:49,14,11,0
14/11/2020 22:01:50,14,11,0
14/11/2020 22:01:51,14,11,0
14/11/2020 22:01:52,14.04482174,11.04482174,0
14/11/2020 22:01:53,14.24671936,11.24671936,0
14/11/2020 22:01:54,14.44861698,11.44861698,0
14/11/2020 22:01:55,14.6505146,11.6505146,0
14/11/2020 22:01:56,14.85241222,11.85241222,0
14/11/2020 22:01:57,14.97326565,11.97326565,0
14/11/2020 22:01:58,14.87388229,11.87388229,0
14/11/2020 22:01:59,14.77449799,11.77449799,0
14/11/2020 22:02:00,14.67511463,11.67511463,0
14/11/2020 22:02:01,14.57573032,11.57573032,0
14/11/2020 22:02:02,14.47634697,11.47634697,0
14/11/2020 22:02:03,14.37696266,11.37696266,0
14/11/2020 22:02:04,14.27757931,11.27757931,0
14/11/2020 22:02:05,14.178195,11.178195,0
14/11/2020 22:02:06,14.07881165,11.07881165,0
14/11/2020 22:02:07,14,11,0
14/11/2020 22:02:08,14,11,0
14/11/2020 22:02:09,14,11,0
14/11/2020 22:02:10,14,11,0
14/11/2020 22:02:11,14,11,0
14/11/2020 22:02:12,14,11,0
14/11/2020 22:02:13,14,11,0
14/11/2020 22:02:14,14,11,0
14/11/2020 22:02:15,14,11,0
14/11/2020 22:02:16,14,11,0
14/11/2020 22:02:17,14.03489494,11.03489494,0
14/11/2020 22:02:18,14.2342968,11.2342968,0
14/11/2020 22:02:19,14.43369865,11.43369865,0
14/11/2020 22:02:20,14.63310051,11.63310051,0
14/11/2020 22:02:21,14.83250237,11.83250237,0
14/11/2020 22:02:22,14.96800041,11.96800041,0
14/11/2020 22:02:23,14.76799965,11.76799965,0
14/11/2020 22:02:24,14.56799984,11.56799984,0
14/11/2020 22:02:25,14.36800003,11.36800003,0
14/11/2020 22:02:26,14.16800022,11.16800022,0
14/11/2020 22:02:27,14.03179646,11.03179646,0
14/11/2020 22:02:28,14.23052502,11.23052502,0
14/11/2020 22:02:29,14.42925262,11.42925262,0
14/11/2020 22:02:30,14.62798119,11.62798119,0
14/11/2020 22:02:31,14.82670879,11.82670879,0
14/11/2020 22:02:32,14.97431755,11.97431755,0
14/11/2020 22:02:33,14.77367592,11.77367592,0
14/11/2020 22:02:34,14.57303333,11.57303333,0
14/11/2020 22:02:35,14.3723917,11.3723917,0
14/11/2020 22:02:36,14.17175007,11.17175007,0
14/11/2020 22:02:37,14,11,0
14/11/2020 22:02:38,14,11,0
14/11/2020 22:02:39,14,11,0
14/11/2020 22:02:40,14,11,0
14/11/2020 22:02:41,14,11,0
14/11/2020 22:02:42,14.02862263,11,0
14/11/2020 22:02:43,14.22739029,11,0
14/11/2020 22:02:44,14.42615795,11,0
14/11/2020 22:02:45,14.62492561,11,0
14/11/2020 22:02:46,14.82369328,11,0
14/11/2020 22:02:47,14.97754383,11,0
14/11/2020 22:02:48,14.77881527,11,0
14/11/2020 22:02:49,14.58008766,11,0
14/11/2020 22:02:50,14.3813591,11,0
14/11/2020 22:02:51,14.18263149,11,0
14/11/2020 22:02:52,14,11,0
14/11/2020 22:02:53,14,11,0
14/11/2020 22:02:54,14,11,0
14/11/2020 22:02:55,14,11,0
14/11/2020 22:02:56,14,11,0
14/11/2020 22:02:57,14,11,0
14/11/2020 22:02:58,14,11,0
14/11/2020 22:02:59,14,11,0
14/11/2020 22:03:00,14,11,0
14/11/2020 22:03:01,14,11,0
14/11/2020 22:03:02,14,11,0
14/11/2020 22:03:03,14,11,0
14/11/2020 22:03:04,14,11,0
14/11/2020 22:03:05,14,11,0
14/11/2020 22:03:06,14,11,0
14/11/2020 22:03:07,14,11,0
14/11/2020 22:03:08,14.19316387,11.19316387,0
14/11/2020 22:03:09,14.39189148,11.39189148,0
14/11/2020 22:03:10,14.59062004,11.59062004,0
14/11/2020 22:03:11,14.7893486,11.7893486,0
14/11/2020 22:03:12,14.98807621,11.98807621,0
14/11/2020 22:03:13,14.90672779,11.81375027,0
14/11/2020 22:03:14,14.80750179,11.61561298,0
14/11/2020 22:03:15,14.70827579,11.4174757,0
14/11/2020 22:03:16,14.6090498,11.21933842,0
14/11/2020 22:03:17,14.5098238,11.02120113,0
14/11/2020 22:03:18,14.4105978,11.17749977,0
14/11/2020 22:03:19,14.31137085,11.37626743,0
14/11/2020 22:03:20,14.21214485,11.5750351,0
14/11/2020 22:03:21,14.11291885,11.77380276,0
14/11/2020 22:03:22,14.01369286,11.97257042,0
14/11/2020 22:03:23,14,11.91460228,0
14/11/2020 22:03:24,14,11.81553364,0
14/11/2020 22:03:25,14,11.716465,0
14/11/2020 22:03:26,14,11.61739635,0
14/11/2020 22:03:27,14,11.51832771,0
14/11/2020 22:03:28,14,11.41925907,0
14/11/2020 22:03:29,14,11.32019043,0
14/11/2020 22:03:30,14,11.22112179,0
14/11/2020 22:03:31,14,11.12205315,0
14/11/2020 22:03:32,14,11.02298355,0
14/11/2020 22:03:33,14,11,0
14/11/2020 22:03:34,14,11,0
14/11/2020 22:03:35,14,11,0
14/11/2020 22:03:36,14,11,0
14/11/2020 22:03:37,14,11,0
14/11/2020 22:03:38,14,11,0
14/11/2020 22:03:39,14,11,0
14/11/2020 22:03:40,14,11,0
14/11/2020 22:03:41,14,11,0
14/11/2020 22:03:42,14,11,0
14/11/2020 22:03:43,14.1317997,11,0
14/11/2020 22:03:44,14.33180046,11,0
14/11/2020 22:03:45,14.53180027,11,0
14/11/2020 22:03:46,14.73180008,11,0
14/11/2020 22:03:47,14.93179989,11,0
14/11/2020 22:03:48,14.93471336,11,0
14/11/2020 22:03:49,14.83564472,11,0
14/11/2020 22:03:50,14.73657608,11,0
14/11/2020 22:03:51,14.63750744,11,0
14/11/2020 22:03:52,14.5384388,11,0
14/11/2020 22:03:53,14.43937016,11,0
14/11/2020 22:03:54,14.34030151,11,0
14/11/2020 22:03:55,14.24123287,11,0
14/11/2020 22:03:56,14.14216328,11,0
14/11/2020 22:03:57,14.04309464,11,0
14/11/2020 22:03:58,14.11161613,11,0
14/11/2020 22:03:59,14.30916595,11,0
14/11/2020 22:04:00,14.50671673,11,0
14/11/2020 22:04:01,14.7042675,11,0
14/11/2020 22:04:02,14.90181732,11,0
14/11/2020 22:04:03,14.90096474,11,0
14/11/2020 22:04:04,14.70407581,11,0
14/11/2020 22:04:05,14.50718689,11,0
14/11/2020 22:04:06,14.31029701,11,0
14/11/2020 22:04:07,14.11340809,11,0
14/11/2020 22:04:08,14.08454609,11.08454609,0
14/11/2020 22:04:09,14.28394794,11.28394794,0
14/11/2020 22:04:10,14.4833498,11.4833498,0
14/11/2020 22:04:11,14.68275166,11.68275166,0
14/11/2020 22:04:12,14.88215351,11.88215351,0
14/11/2020 22:04:13,14.95923042,11.95923042,0
14/11/2020 22:04:14,14.85954952,11.85954952,0
14/11/2020 22:04:15,14.75986862,11.75986862,0
14/11/2020 22:04:16,14.66018772,11.66018772,0
14/11/2020 22:04:17,14.56050682,11.56050682,0
14/11/2020 22:04:18,14.46082497,11.46082497,0
14/11/2020 22:04:19,14.36114407,11.36114407,0
14/11/2020 22:04:20,14.26146317,11.26146317,0
14/11/2020 22:04:21,14.16178226,11.16178226,0
14/11/2020 22:04:22,14.06210136,11.06210136,0
14/11/2020 22:04:23,14.07540035,11.07540035,0.364534259
14/11/2020 22:04:24,14.27540016,11.27540016,1.41810143
14/11/2020 22:04:25,14.47539997,11.47539997,2.47166872
14/11/2020 22:04:26,14.67539978,11.67539978,3.525235891
14/11/2020 22:04:27,14.87539959,11.87539959,4.578803062
14/11/2020 22:04:28,14.92482567,11.92482567,45.22058487
14/11/2020 22:04:29,14.72542381,11.72542381,160.6909637
14/11/2020 22:04:30,14.52602196,11.52602196,276.1613464
14/11/2020 22:04:31,14.3266201,11.3266201,391.6317139
14/11/2020 22:04:32,14.12721825,11.12721825,507.1020813
14/11/2020 22:04:33,14.03614235,11.0721693,580.602356
14/11/2020 22:04:34,14.13598251,11.27153111,539.4679565
14/11/2020 22:04:35,14.23582268,11.47089291,498.3334961
14/11/2020 22:04:36,14.33566284,11.67025471,457.1990662
14/11/2020 22:04:37,14.43550301,11.86961746,416.0646362
14/11/2020 22:04:38,14.53534317,11.93080044,374.053894
14/11/2020 22:04:39,14.63518333,11.73079967,329.2219849
14/11/2020 22:04:40,14.7350235,11.53079987,284.3901062
14/11/2020 22:04:41,14.83486462,11.33080006,239.5582275
14/11/2020 22:04:42,14.93470478,11.13080025,194.7263336
14/11/2020 22:04:43,15.06845379,11.20441151,263.537262
14/11/2020 22:04:44,15.26629734,11.79519463,669.6688843
14/11/2020 22:04:45,15.46414089,12.3859787,1075.800537
14/11/2020 22:04:46,15.66198444,12.97676277,1481.932129
14/11/2020 22:04:47,15.859828,13.56754589,1888.063843
14/11/2020 22:04:48,16.05767059,14,2211.285889
14/11/2020 22:04:49,16.25551414,14,2212.97998
14/11/2020 22:04:50,16.4533577,14,2214.674316
14/11/2020 22:04:51,16.65120125,14,2216.368652
14/11/2020 22:04:52,16.8490448,14,2218.062988
14/11/2020 22:04:53,16.90491486,13.90491486,2182.317383
14/11/2020 22:04:54,16.5037117,13.50371075,1985.917603
14/11/2020 22:04:55,16.10250664,13.10250759,1789.517822
14/11/2020 22:04:56,15.70130348,12.70130348,1593.11792
14/11/2020 22:04:57,15.30010033,12.30010033,1396.71814
14/11/2020 22:04:58,15,12,1212.566162
14/11/2020 22:04:59,15,12,1071.586426
14/11/2020 22:05:00,15,12,930.6066284
14/11/2020 22:05:01,15,12,789.6268311
14/11/2020 22:05:02,15,12,648.6470947
14/11/2020 22:05:03,15,11.95913124,531.2550049
14/11/2020 22:05:04,15,11.75976849,497.0067139
14/11/2020 22:05:05,15,11.56040668,462.7584534
14/11/2020 22:05:06,15,11.36104488,428.5101929
14/11/2020 22:05:07,15,11.16168308,394.2619324
14/11/2020 22:05:08,15.07568073,11.152174,464.4859619
14/11/2020 22:05:09,15.4761076,11.95732689,939.8587036
14/11/2020 22:05:10,15.87653542,12.76247978,1415.231445
14/11/2020 22:05:11,16.27696228,13.56763268,1890.604126
14/11/2020 22:05:12,16.67738914,14.37278557,2365.976807
14/11/2020 22:05:13,17.07781601,15.08839989,2793.82666
14/11/2020 22:05:14,17.47824287,15.48840046,2968.422119
14/11/2020 22:05:15,17.87866974,15.88840008,3143.017334
14/11/2020 22:05:16,18.27909851,16.28840065,3317.612549
14/11/2020 22:05:17,18.67952538,16.68840027,3492.207764
14/11/2020 22:05:18,19.07995224,17.04405975,3670.605957
14/11/2020 22:05:19,19.4803791,17.24342155,3869.270508
14/11/2020 22:05:20,19.88080597,17.44278336,4067.935303
14/11/2020 22:05:21,20.28123283,17.64214516,4266.599609
14/11/2020 22:05:22,20.6816597,17.84150696,4465.26416
14/11/2020 22:05:23,21.28432655,18.20309067,4672.787598
14/11/2020 22:05:24,22.67128944,19.19377899,4918.324219
14/11/2020 22:05:25,24.05825233,20.18446541,5163.86084
14/11/2020 22:05:26,25.44521523,21.17515373,5409.397461
14/11/2020 22:05:27,26.83217812,22.16584015,5654.934082
14/11/2020 22:05:28,27.9368,22.90490532,5893.626465
14/11/2020 22:05:29,27.53680038,22.30303955,6102.952148
14/11/2020 22:05:30,27.13680077,21.70117378,6312.277832
14/11/2020 22:05:31,26.73679924,21.09930801,6521.603516
14/11/2020 22:05:32,26.33679962,20.49744225,6730.929199
14/11/2020 22:05:33,25.84101486,19.89557648,6908.045898
14/11/2020 22:05:34,24.83477592,19.29371071,6890.547852
14/11/2020 22:05:35,23.82853699,18.69184494,6873.049805
14/11/2020 22:05:36,22.82229805,18.08997917,6855.551758
14/11/2020 22:05:37,21.81605911,17.4881134,6838.053711
14/11/2020 22:05:38,21.11339951,17.11339951,6833.128418
14/11/2020 22:05:39,21.71339989,17.71339989,6888.308594
14/11/2020 22:05:40,22.31340027,18.31340027,6943.48877
14/11/2020 22:05:41,22.91340065,18.91340065,6998.668457
14/11/2020 22:05:42,23.51339912,19.51339912,7053.848633
14/11/2020 22:05:43,23.96255112,19.92510414,7112.400391
14/11/2020 22:05:44,23.76441383,19.52882957,7191.326172
14/11/2020 22:05:45,23.56627655,19.1325531,7270.252441
14/11/2020 22:05:46,23.36813927,18.73627853,7349.178223
14/11/2020 22:05:47,23.17000198,18.34000397,7428.104492
14/11/2020 22:05:48,23.0571537,18.0285778,7483.521973
14/11/2020 22:05:49,23.45965004,18.22982407,7377.342285
14/11/2020 22:05:50,23.86214447,18.43107224,7271.163086
14/11/2020 22:05:51,24.26464081,18.6323204,7164.983398
14/11/2020 22:05:52,24.66713715,18.83356857,7058.803711
14/11/2020 22:05:53,24.93122673,19,6961.239258
14/11/2020 22:05:54,24.53369141,19,6923.433105
14/11/2020 22:05:55,24.13615608,19,6885.626953
14/11/2020 22:05:56,23.73862076,19,6847.820801
14/11/2020 22:05:57,23.34108543,19,6810.014648
14/11/2020 22:05:58,22.83011055,18.85842514,6728.407715
14/11/2020 22:05:59,21.63369942,17.86141586,6296.00293
14/11/2020 22:06:00,20.43728828,16.86440659,5863.598145
14/11/2020 22:06:01,19.24087715,15.86739826,5431.193359
14/11/2020 22:06:02,18.04446602,14.87038898,4998.788574
14/11/2020 22:06:03,16.97465324,14,4570.755859
14/11/2020 22:06:04,16.77507973,14,4184.373047
14/11/2020 22:06:05,16.57550621,14,3797.990234
14/11/2020 22:06:06,16.37593079,14,3411.607178
14/11/2020 22:06:07,16.17635727,14,3025.224365
14/11/2020 22:06:08,15.9767828,13.92462635,2637.410889
14/11/2020 22:06:09,15.77720833,13.32642078,2232.917725
14/11/2020 22:06:10,15.57763481,12.72821522,1828.424805
14/11/2020 22:06:11,15.37806034,12.13000965,1423.931885
14/11/2020 22:06:12,15.17848587,11.53180504,1019.438904
14/11/2020 22:06:13,14.9789114,11.01106453,634.6497192
14/11/2020 22:06:14,14.77933788,11.11074543,538.0283813
14/11/2020 22:06:15,14.57976341,11.21042633,441.4069824
14/11/2020 22:06:16,14.38018894,11.31010723,344.785614
14/11/2020 22:06:17,14.18061447,11.40978909,248.1642609
14/11/2020 22:06:18,14.01893902,11.50946999,161.0093842
14/11/2020 22:06:19,14.21830177,11.60915089,212.3021393
14/11/2020 22:06:20,14.41766357,11.70883179,263.5948792
14/11/2020 22:06:21,14.61702538,11.80851269,314.8876343
14/11/2020 22:06:22,14.81638718,11.90819359,366.1803894
14/11/2020 22:06:23,14.98424721,11.98424721,413.9882507
14/11/2020 22:06:24,14.78484535,11.78484535,392.6793823
14/11/2020 22:06:25,14.5854435,11.5854435,371.3705139
14/11/2020 22:06:26,14.38604164,11.38604164,350.061615
14/11/2020 22:06:27,14.18663979,11.18663979,328.7527466
14/11/2020 22:06:28,14.01280022,11.01280022,309.2801208
14/11/2020 22:06:29,14.21280003,11.21280003,345.3539429
14/11/2020 22:06:30,14.41279984,11.41279984,381.4277649
14/11/2020 22:06:31,14.61279964,11.61279964,417.5015869
14/11/2020 22:06:32,14.81280041,11.81280041,453.5754089
14/11/2020 22:06:33,14.98724079,11.98724079,488.5047302
14/11/2020 22:06:34,14.78787899,11.78787899,457.2554016
14/11/2020 22:06:35,14.58851719,11.58851719,426.006073
14/11/2020 22:06:36,14.38915443,11.38915443,394.7567139
14/11/2020 22:06:37,14.18979263,11.18979263,363.5073853
14/11/2020 22:06:38,14.00956917,11.00956917,332.2580566
14/11/2020 22:06:39,14.20893097,11.20893097,357.7406616
14/11/2020 22:06:40,14.40829372,11.40829372,386.9087524
14/11/2020 22:06:41,14.60765553,11.60765553,416.0768127
14/11/2020 22:06:42,14.80701733,11.80701733,445.2449036
14/11/2020 22:06:43,15.03828526,12.02552319,474.4129639
14/11/2020 22:06:44,16.23469543,12.82313061,1053.397827
14/11/2020 22:06:45,17.43110657,13.62073803,1668.100342
14/11/2020 22:06:46,18.6275177,14.4183445,2282.802734
14/11/2020 22:06:47,19.82392883,15.21595192,2897.505371
14/11/2020 22:06:48,21.02678299,16.03013039,3512.207764
14/11/2020 22:06:49,22.60220528,17.8024807,4224.609375
14/11/2020 22:06:50,24.17762947,19.57483292,4950.839844
14/11/2020 22:06:51,25.75305176,21.34718323,5677.070801
14/11/2020 22:06:52,27.32847595,23.11953545,6403.301758
14/11/2020 22:06:53,28.90389824,24.89188576,7129.532715
14/11/2020 22:06:54,31.44140053,27.25359917,7632.87207
14/11/2020 22:06:55,34.04140091,29.65360069,8090.234863
14/11/2020 22:06:56,36.64139938,32.05360031,8547.597656
14/11/2020 22:06:57,39.24140167,34.45360184,9004.959961
14/11/2020 22:06:58,41.84140015,36.85359955,9462.323242
14/11/2020 22:06:59,40.88722229,36.07268524,9655.152344
14/11/2020 22:07:00,39.70215225,35.08512878,9793.416016
14/11/2020 22:07:01,38.51708603,34.09757233,9931.679688
14/11/2020 22:07:02,37.33201599,33.11001205,10069.94336
14/11/2020 22:07:03,36.14694977,32.1224556,10208.20703
14/11/2020 22:07:04,34.09074783,30.09074783,9993.099609
14/11/2020 22:07:05,31.9112339,27.9112339,9696.712891
14/11/2020 22:07:06,29.73172188,25.73172188,9400.326172
14/11/2020 22:07:07,27.55220985,23.55220985,9103.939453
14/11/2020 22:07:08,25.37269592,21.37269592,8807.552734
14/11/2020 22:07:09,24.17099953,20.33679962,8213.745117
14/11/2020 22:07:10,23.17099953,19.53680038,7558.588379
14/11/2020 22:07:11,22.17099953,18.73679924,6903.431641
14/11/2020 22:07:12,21.17099953,17.9368,6248.274902
14/11/2020 22:07:13,20.17099953,17.13680077,5593.118164
14/11/2020 22:07:14,20.66108513,17.66108513,5487.15332
14/11/2020 22:07:15,21.45853233,18.45853233,5507.508789
14/11/2020 22:07:16,22.25598145,19.25598145,5527.864258
14/11/2020 22:07:17,23.05342865,20.05342865,5548.220215
14/11/2020 22:07:18,23.85087776,20.85087776,5568.575684
14/11/2020 22:07:19,24.97873116,21.81561089,5854.601074
14/11/2020 22:07:20,26.18258476,22.81882095,6207.875977
14/11/2020 22:07:21,27.38643646,23.82203102,6561.150879
14/11/2020 22:07:22,28.59028816,24.82524109,6914.42627
14/11/2020 22:07:23,29.79414177,25.82845116,7267.701172
14/11/2020 22:07:24,28.51255989,24.51255989,7246.509277
14/11/2020 22:07:25,26.71830177,22.71830177,7139.185059
14/11/2020 22:07:26,24.92404366,20.92404366,7031.86084
14/11/2020 22:07:27,23.12978554,19.12978554,6924.536621
14/11/2020 22:07:28,21.33552551,17.33552551,6817.212891
14/11/2020 22:07:29,21,17.16211319,6618.594727
14/11/2020 22:07:30,21,17.36151505,6396.867188
14/11/2020 22:07:31,21,17.5609169,6175.139648
14/11/2020 22:07:32,21,17.76031876,5953.412109
14/11/2020 22:07:33,21,17.95972061,5731.68457
14/11/2020 22:07:34,22.60080147,19.44072151,5966.23584
14/11/2020 22:07:35,24.60682106,21.24613762,6327.984863
14/11/2020 22:07:36,26.61283875,23.05155373,6689.733887
14/11/2020 22:07:37,28.61885643,24.85697174,7051.482422
14/11/2020 22:07:38,30.62487411,26.66238785,7413.231445
14/11/2020 22:07:39,29.86520386,25.86520386,7363.791016
14/11/2020 22:07:40,28.46939278,24.46939278,7188.73877
14/11/2020 22:07:41,27.07357979,23.07357979,7013.687012
14/11/2020 22:07:42,25.6777668,21.6777668,6838.634766
14/11/2020 22:07:43,24.28195381,20.28195381,6663.58252
14/11/2020 22:07:44,24.47727203,20.47727203,6569.02832
14/11/2020 22:07:45,25.07535934,21.07535934,6503.49707
14/11/2020 22:07:46,25.67344475,21.67344475,6437.96582
14/11/2020 22:07:47,26.27153015,22.27153015,6372.43457
14/11/2020 22:07:48,26.86961746,22.86961746,6306.90332
14/11/2020 22:07:49,26.76649666,22.84433174,6424.570801
14/11/2020 22:07:50,26.46790123,22.64526749,6608.289063
14/11/2020 22:07:51,26.16930389,22.44620323,6792.007324
14/11/2020 22:07:52,25.87070847,22.24713898,6975.726074
14/11/2020 22:07:53,25.57211113,22.04807472,7159.444336
14/11/2020 22:07:54,25.27351379,21.84901047,7244.164551
14/11/2020 22:07:55,24.97491837,21.64994431,7290.193848
14/11/2020 22:07:56,24.67632103,21.45088005,7336.223633
14/11/2020 22:07:57,24.3777256,21.2518158,7382.25293
14/11/2020 22:07:58,24.07912827,21.05275154,7428.282715
14/11/2020 22:07:59,25.02899933,21.88199997,7532.62207
14/11/2020 22:08:00,26.42900085,23.08200073,7659.75
14/11/2020 22:08:01,27.82900047,24.28199959,7786.87793
14/11/2020 22:08:02,29.22900009,25.48200035,7914.005859
14/11/2020 22:08:03,30.62899971,26.68199921,8041.133789
14/11/2020 22:08:04,29.53468895,25.53468895,7833.370117
14/11/2020 22:08:05,27.54106903,23.54106903,7473.736816
14/11/2020 22:08:06,25.54744911,21.54744911,7114.103516
14/11/2020 22:08:07,23.55382729,19.55382729,6754.470215
14/11/2020 22:08:08,21.56020737,17.56020737,6394.836426
14/11/2020 22:08:09,21.71899986,18.2942009,6331.69873
14/11/2020 22:08:10,22.71899986,20.09420013,6423.352539
14/11/2020 22:08:11,23.71899986,21.89419937,6515.006348
14/11/2020 22:08:12,24.71899986,23.69420052,6606.660156
14/11/2020 22:08:13,25.71899986,25.49419975,6698.313477
14/11/2020 22:08:14,25.85708618,25.28543091,6874.517578
14/11/2020 22:08:15,25.65831757,24.29159164,7089.064453
14/11/2020 22:08:16,25.45955086,23.29775429,7303.61084
14/11/2020 22:08:17,25.26078224,22.30391502,7518.157227
14/11/2020 22:08:18,25.06201553,21.31007767,7732.704102
14/11/2020 22:08:19,24.3162384,20.3162384,7686.169922
14/11/2020 22:08:20,23.32240105,19.32240105,7521.23877
14/11/2020 22:08:21,22.32856369,18.32856369,7356.307617
14/11/2020 22:08:22,21.33472443,17.33472443,7191.376465
14/11/2020 22:08:23,20.34088707,16.34088707,7026.445313
14/11/2020 22:08:24,21.05775833,17.05775833,7069.631836
14/11/2020 22:08:25,22.66773987,18.66773987,7214.398926
14/11/2020 22:08:26,24.27772141,20.27772141,7359.166016
14/11/2020 22:08:27,25.88770294,21.88770294,7503.933105
14/11/2020 22:08:28,27.49768639,23.49768639,7648.700195
14/11/2020 22:08:29,26.76160049,22.89920044,7529.65918
14/11/2020 22:08:30,24.96159935,21.29920006,7241.954102
14/11/2020 22:08:31,23.16160011,19.69919968,6954.249023
14/11/2020 22:08:32,21.36160088,18.0991993,6666.543945
14/11/2020 22:08:33,19.56159973,16.49920082,6378.838867
14/11/2020 22:08:34,19.41148376,16.41148376,6180.805176
14/11/2020 22:08:35,20.00956917,17.00956917,6036.57373
14/11/2020 22:08:36,20.60765457,17.60765457,5892.342285
14/11/2020 22:08:37,21.20574188,18.20574188,5748.11084
14/11/2020 22:08:38,21.80382729,18.80382729,5603.879395
14/11/2020 22:08:39,22.26550865,19.26550865,5608.983398
14/11/2020 22:08:40,22.66060829,19.66060829,5723.118164
14/11/2020 22:08:41,23.05570984,20.05570984,5837.25293
14/11/2020 22:08:42,23.45080948,20.45080948,5951.387695
14/11/2020 22:08:43,23.84591103,20.84591103,6065.522461
14/11/2020 22:08:44,22.8986969,19.8986969,5749.150879
14/11/2020 22:08:45,21.09328079,18.09328079,5028.970703
14/11/2020 22:08:46,19.28786278,16.28786278,4308.790527
14/11/2020 22:08:47,17.48244667,14.48244762,3588.610107
14/11/2020 22:08:48,15.67703152,12.67703152,2868.429932
14/11/2020 22:08:49,15,12,2316.701416
14/11/2020 22:08:50,15,12,1913.755493
14/11/2020 22:08:51,15,12,1510.809692
14/11/2020 22:08:52,15,12,1107.864014
14/11/2020 22:08:53,15,12,704.9181519
14/11/2020 22:08:54,14.94247055,11.94247055,476.4732361
14/11/2020 22:08:55,14.84293842,11.84293842,392.5418091
14/11/2020 22:08:56,14.7434063,11.7434063,308.6104126
14/11/2020 22:08:57,14.64387417,11.64387417,224.6789856
14/11/2020 22:08:58,14.54434204,11.54434204,140.7475586
14/11/2020 22:08:59,14.44480896,11.44480896,91.81563568
14/11/2020 22:09:00,14.34527683,11.34527683,73.79663086
14/11/2020 22:09:01,14.24574471,11.24574471,55.77762222
14/11/2020 22:09:02,14.14621258,11.14621258,37.75861359
14/11/2020 22:09:03,14.04668045,11.04668045,19.73960876
14/11/2020 22:09:04,14,11,9.273902893
14/11/2020 22:09:05,14,11,7.928848267
14/11/2020 22:09:06,14,11,6.58379364
14/11/2020 22:09:07,14,11,5.238739491
14/11/2020 22:09:08,14,11,3.893685102
14/11/2020 22:09:09,14,11,2.975566626
14/11/2020 22:09:10,14,11,2.459513903
14/11/2020 22:09:11,14,11,1.94346118
14/11/2020 22:09:12,14,11,1.427408576
14/11/2020 22:09:13,14,11,0.911355853
14/11/2020 22:09:14,14,11,0.601886094
14/11/2020 22:09:15,14,11,0.541866243
14/11/2020 22:09:16,14,11,0.481846452
14/11/2020 22:09:17,14,11,0.421826631
14/11/2020 22:09:18,14,11,0.36180681
14/11/2020 22:09:19,14,11,0.301786989
14/11/2020 22:09:20,14,11,0.241767183
14/11/2020 22:09:21,14,11,0.181747362
14/11/2020 22:09:22,14,11,0.121727549
14/11/2020 22:09:23,14,11,0.061707735
14/11/2020 22:09:24,14,11,8.167800903
14/11/2020 22:09:25,14,11,26.79453659
14/11/2020 22:09:26,14,11,45.42127609
14/11/2020 22:09:27,14,11,64.04801178
14/11/2020 22:09:28,14,11,82.67475128
14/11/2020 22:09:29,14.09060001,11.09060001,178.4450073
14/11/2020 22:09:30,14.29059982,11.29059982,379.8762817
14/11/2020 22:09:31,14.49059963,11.49059963,581.3075562
14/11/2020 22:09:32,14.6906004,11.6906004,782.7388306
14/11/2020 22:09:33,14.8906002,11.8906002,984.170166
14/11/2020 22:09:34,15.5418663,12.45155525,1331.608887
14/11/2020 22:09:35,16.73803902,13.44836521,1922.393311
14/11/2020 22:09:36,17.93420982,14.44517517,2513.177734
14/11/2020 22:09:37,19.13038254,15.44198608,3103.962158
14/11/2020 22:09:38,20.32655525,16.43879509,3694.746826
14/11/2020 22:09:39,23.43988037,19.00418663,4413.175293
14/11/2020 22:09:40,29.02313042,23.59042931,5331.25293
14/11/2020 22:09:41,34.60638046,28.17667007,6249.330078
14/11/2020 22:09:42,40.18963242,32.76291275,7167.407227
14/11/2020 22:09:43,45.77288055,37.34915161,8085.484863
14/11/2020 22:09:44,46.40796661,37.82603455,8531.801758
14/11/2020 22:09:45,40.26570129,32.67446136,8011.586914
14/11/2020 22:09:46,34.12343979,27.52288437,7491.371582
14/11/2020 22:09:47,27.98117638,22.37130928,6971.15625
14/11/2020 22:09:48,21.83891487,17.21973419,6450.940918
14/11/2020 22:09:49,17.77432251,13.84954834,5841.945313
14/11/2020 22:09:50,17.17251778,13.44834518,5037.177246
14/11/2020 22:09:51,16.57071304,13.04714108,4232.409668
14/11/2020 22:09:52,15.9689064,12.64593792,3427.641846
14/11/2020 22:09:53,15.36710167,12.24473381,2622.874023
14/11/2020 22:09:54,15.61635685,12.61635685,2184.675049
14/11/2020 22:09:55,17.19676018,14.19676018,2618.31543
14/11/2020 22:09:56,18.77716255,15.77716351,3051.955566
14/11/2020 22:09:57,20.35756683,17.35756683,3485.595703
14/11/2020 22:09:58,21.93796921,18.93796921,3919.23584
14/11/2020 22:09:59,24.0462513,20.98086166,4489.004883
14/11/2020 22:10:00,27.23604393,23.9712925,5337.671387
14/11/2020 22:10:01,30.42583656,26.96172333,6186.338379
14/11/2020 22:10:02,33.6156311,29.95215225,7035.004883
14/11/2020 22:10:03,36.80542374,32.94258499,7883.671387
14/11/2020 22:10:04,39.87081528,35.55980682,8568.551758
14/11/2020 22:10:05,42.66188049,37.35406876,8916.34082
14/11/2020 22:10:06,45.45294952,39.14832687,9264.129883
14/11/2020 22:10:07,48.24401855,40.94258499,9611.918945
14/11/2020 22:10:08,51.03508759,42.73684311,9959.708008
14/11/2020 22:10:09,51.57004929,42.8083725,10170.05566
14/11/2020 22:10:10,46.73913193,38.78260803,10097.53516
14/11/2020 22:10:11,41.90821075,34.75684357,10025.01367
14/11/2020 22:10:12,37.0772934,30.7310791,9952.493164
14/11/2020 22:10:13,32.24637604,26.70531464,9879.97168
14/11/2020 22:10:14,28.54089165,23.67206573,9646.201172
14/11/2020 22:10:15,27.14117241,22.67226601,9080.563477
14/11/2020 22:10:16,25.74145126,21.67246628,8514.924805
14/11/2020 22:10:17,24.34173203,20.67266464,7949.286621
14/11/2020 22:10:18,22.94201088,19.67286491,7383.648438
14/11/2020 22:10:19,22,19,6957.672363
14/11/2020 22:10:20,22,19,6819.13623
14/11/2020 22:10:21,22,19,6680.599609
14/11/2020 22:10:22,22,19,6542.063477
14/11/2020 22:10:23,22,19,6403.527344
14/11/2020 22:10:24,22.06539917,19.06539917,6341.944336
14/11/2020 22:10:25,22.26539993,19.26539993,6450.053223
14/11/2020 22:10:26,22.4654007,19.4654007,6558.162598
14/11/2020 22:10:27,22.66539955,19.66539955,6666.271484
14/11/2020 22:10:28,22.86540031,19.86540031,6774.380371
14/11/2020 22:10:29,23.32699966,20.19619942,6894.997559
14/11/2020 22:10:30,24.32699966,20.7961998,7045.364746
14/11/2020 22:10:31,25.32699966,21.39620018,7195.731445
14/11/2020 22:10:32,26.32699966,21.99620056,7346.098145
14/11/2020 22:10:33,27.32699966,22.59620094,7496.464844
14/11/2020 22:10:34,27.86959076,22.86959076,7633.35791
14/11/2020 22:10:35,27.47078705,22.47078705,7726.146973
14/11/2020 22:10:36,27.07198334,22.07198334,7818.935547
14/11/2020 22:10:37,26.67317963,21.67317963,7911.724121
14/11/2020 22:10:38,26.27437782,21.27437782,8004.513184
14/11/2020 22:10:39,26.12440109,21.12383461,8078.296387
14/11/2020 22:10:40,26.5231266,21.5207386,8083.903809
14/11/2020 22:10:41,26.9218502,21.91764259,8089.51123
14/11/2020 22:10:42,27.32057381,22.31454659,8095.118652
14/11/2020 22:10:43,27.71929741,22.71145058,8100.726074
14/11/2020 22:10:44,28,23.10835457,8120.585938
14/11/2020 22:10:45,28,23.50525856,8202.407227
14/11/2020 22:10:46,28,23.90216255,8284.229492
14/11/2020 22:10:47,28,24.29906654,8366.050781
14/11/2020 22:10:48,28,24.69597054,8447.873047
14/11/2020 22:10:49,28,24.90669823,8507.017578
14/11/2020 22:10:50,28,24.50797462,8456.223633
14/11/2020 22:10:51,28,24.10925102,8405.429688
14/11/2020 22:10:52,28,23.71052551,8354.634766
14/11/2020 22:10:53,28,23.31180191,8303.84082
14/11/2020 22:10:54,28.08666229,23.12999344,8264.425781
14/11/2020 22:10:55,28.48419762,23.72629738,8294.910156
14/11/2020 22:10:56,28.88173294,24.32259941,8325.393555
14/11/2020 22:10:57,29.27926826,24.91890335,8355.876953
14/11/2020 22:10:58,29.67680359,25.51520538,8386.361328
14/11/2020 22:10:59,29.81359673,25.81359673,8405.820313
14/11/2020 22:11:00,28.81678581,24.81678581,8317.766602
14/11/2020 22:11:01,27.81997681,23.81997681,8229.711914
14/11/2020 22:11:02,26.82316589,22.82316589,8141.657715
14/11/2020 22:11:03,25.82635498,21.82635498,8053.603516
14/11/2020 22:11:04,25.03398895,21,7964.04248
14/11/2020 22:11:05,25.23275757,21,7856.418457
14/11/2020 22:11:06,25.43152428,21,7748.794434
14/11/2020 22:11:07,25.63029289,21,7641.170898
14/11/2020 22:11:08,25.8290596,21,7533.546875
14/11/2020 22:11:09,26.11095619,21.13869667,7434.345703
14/11/2020 22:11:10,26.90350723,22.12938309,7509.826172
14/11/2020 22:11:11,27.69605637,23.12007141,7585.306641
14/11/2020 22:11:12,28.48860741,24.11075974,7660.786621
14/11/2020 22:11:13,29.28115654,25.10144615,7736.26709
14/11/2020 22:11:14,29.87021446,25.8887558,7809.781738
14/11/2020 22:11:15,28.47468185,24.69258308,7744.851563
14/11/2020 22:11:16,27.07914734,23.49641228,7679.921387
14/11/2020 22:11:17,25.68361282,22.30023956,7614.991211
14/11/2020 22:11:18,24.28807831,21.10406685,7550.060547
14/11/2020 22:11:19,23.06122017,20.0459156,7485.130371
14/11/2020 22:11:20,23.85629082,20.64221764,7526.986816
14/11/2020 22:11:21,24.65136147,21.23852158,7568.950195
14/11/2020 22:11:22,25.44643211,21.83482361,7610.913086
14/11/2020 22:11:23,26.24150276,22.43112755,7652.876465
14/11/2020 22:11:24,26.98171616,22.97257614,7694.839844
14/11/2020 22:11:25,26.58426094,22.37639046,7673.572266
14/11/2020 22:11:26,26.18680382,21.78020668,7652.241699
14/11/2020 22:11:27,25.7893486,21.1840229,7630.910645
14/11/2020 22:11:28,25.39189148,20.58783722,7609.580078
14/11/2020 22:11:29,25.00279236,20.00279236,7588.249512
14/11/2020 22:11:30,25.20219421,20.20219421,7620.869629
14/11/2020 22:11:31,25.40159607,20.40159607,7654.42334
14/11/2020 22:11:32,25.60099792,20.60099792,7687.976563
14/11/2020 22:11:33,25.80039787,20.80039787,7721.530273
14/11/2020 22:11:34,25.99979973,20.99979973,7755.083496
14/11/2020 22:11:35,27.39859962,22.39859962,7822.422852
14/11/2020 22:11:36,28.79859924,23.79859924,7892.072754
14/11/2020 22:11:37,30.19860077,25.19860077,7961.722168
14/11/2020 22:11:38,31.59860039,26.59860039,8031.371582
14/11/2020 22:11:39,32.99860001,27.99860001,8101.021484
14/11/2020 22:11:40,31.60586166,27.00418663,8131.492676
14/11/2020 22:11:41,30.21032715,26.00737572,8159.285156
14/11/2020 22:11:42,28.81479263,25.01056671,8187.078125
14/11/2020 22:11:43,27.41925812,24.0137558,8214.870117
14/11/2020 22:11:44,26.0237236,23.01694489,8242.663086
14/11/2020 22:11:45,26.58430672,23.38953781,8246.243164
14/11/2020 22:11:46,27.17872047,23.78581429,8248.603516
14/11/2020 22:11:47,27.77313232,24.18208885,8250.962891
14/11/2020 22:11:48,28.36754417,24.57836342,8253.322266
14/11/2020 22:11:49,28.96195793,24.97463799,8255.681641
14/11/2020 22:11:50,28.81279945,24.81279945,8264.148438
14/11/2020 22:11:51,28.6128006,24.6128006,8273.032227
14/11/2020 22:11:52,28.41279984,24.41279984,8281.916016
14/11/2020 22:11:53,28.21279907,24.21279907,8290.799805
14/11/2020 22:11:54,28.01280022,24.01280022,8299.683594
14/11/2020 22:11:55,28.18780136,24.37439919,8288.441406
14/11/2020 22:11:56,28.38844299,24.77440071,8275.823242
14/11/2020 22:11:57,28.58908463,25.17440033,8263.205078
14/11/2020 22:11:58,28.78972626,25.57439995,8250.587891
14/11/2020 22:11:59,28.9903698,25.97439957,8237.969727
14/11/2020 22:12:00,29.5693779,26.37439919,8207.108398
14/11/2020 22:12:01,30.1674633,26.77440071,8174.660645
14/11/2020 22:12:02,30.76555061,27.17440033,8142.212891
14/11/2020 22:12:03,31.36363602,27.57439995,8109.765137
14/11/2020 22:12:04,31.96172333,27.97439957,8077.317383
14/11/2020 22:12:05,29.19199944,25.37919998,7441.955078
14/11/2020 22:12:06,26.19199944,22.57920074,6765.367676
14/11/2020 22:12:07,23.19199944,19.7791996,6088.780762
14/11/2020 22:12:08,20.19199944,16.97920036,5412.193359
14/11/2020 22:12:09,17.19199944,14.17920017,4735.606445
14/11/2020 22:12:10,16.81339645,13.81339741,4379.742188
14/11/2020 22:12:11,16.61403465,13.61403465,4070.535645
14/11/2020 22:12:12,16.41467285,13.41467285,3761.329102
14/11/2020 22:12:13,16.21531105,13.21531105,3452.122314
14/11/2020 22:12:14,16.01594925,13.01594925,3142.915771
14/11/2020 22:12:15,17.29213524,14.10754395,3483.405518
14/11/2020 22:12:16,18.69662857,15.3113966,3945.809814
14/11/2020 22:12:17,20.10112381,16.51524925,4408.214355
14/11/2020 22:12:18,21.50561714,17.71910095,4870.618652
14/11/2020 22:12:19,22.91011238,18.92295265,5333.022949
14/11/2020 22:12:20,21.52103424,17.70590591,4969.089844
14/11/2020 22:12:21,19.94094467,16.32332611,4392.076172
14/11/2020 22:12:22,18.3608532,14.94074631,3815.062256
14/11/2020 22:12:23,16.78076172,13.55816746,3238.04834
14/11/2020 22:12:24,15.2006712,12.17558765,2661.034668
14/11/2020 22:12:25,17.6028614,14.42933846,3080.216797
14/11/2020 22:12:26,20.58437729,17.21208572,3686.33374
14/11/2020 22:12:27,23.56589127,19.99483299,4292.450684
14/11/2020 22:12:28,26.54740524,22.77757835,4898.567383
14/11/2020 22:12:29,29.52892113,25.56032562,5504.68457
14/11/2020 22:12:30,28.66534615,25.16584015,5889.087402
14/11/2020 22:12:31,27.08024597,24.17515373,6198.795898
14/11/2020 22:12:32,25.4951458,23.18446541,6508.503906
14/11/2020 22:12:33,23.91004562,22.19377899,6818.212402
14/11/2020 22:12:34,22.32494545,21.20309067,7127.920898
14/11/2020 22:12:35,21.83949089,20.67898178,7083.096191
14/11/2020 22:12:36,21.63759422,20.27518654,6937.691895
14/11/2020 22:12:37,21.43569565,19.8713913,6792.287598
14/11/2020 22:12:38,21.23379707,19.46759605,6646.882813
14/11/2020 22:12:39,21.03190041,19.0637989,6501.478516
14/11/2020 22:12:40,23.1488018,20.48763275,6819.808105
14/11/2020 22:12:41,25.70082474,22.25441742,7307.919434
14/11/2020 22:12:42,28.25284576,24.02120209,7796.030762
14/11/2020 22:12:43,30.8048687,25.78798676,8284.142578
14/11/2020 22:12:44,33.35689163,27.55476952,8772.253906
14/11/2020 22:12:45,33.3978653,27.54840088,8943.993164
14/11/2020 22:12:46,32.59287643,26.94465637,8990.860352
14/11/2020 22:12:47,31.78788567,26.34091377,9037.727539
14/11/2020 22:12:48,30.98289299,25.73717117,9084.594727
14/11/2020 22:12:49,30.17790222,25.13342667,9131.460938
14/11/2020 22:12:50,30.30869865,25.46304703,9143.862305
14/11/2020 22:12:51,30.70497322,26.05746078,9141.561523
14/11/2020 22:12:52,31.10124779,26.65187263,9139.260742
14/11/2020 22:12:53,31.49752235,27.24628448,9136.959961
14/11/2020 22:12:54,31.89379883,27.84069824,9134.660156
14/11/2020 22:12:55,30.97836685,26.97836685,9060.258789
14/11/2020 22:12:56,29.5826931,25.5826931,8957.399414
14/11/2020 22:12:57,28.18701935,24.18701935,8854.541016
14/11/2020 22:12:58,26.7913475,22.7913475,8751.681641
14/11/2020 22:12:59,25.39567375,21.39567375,8648.822266
14/11/2020 22:13:00,24,20,8166.410156
14/11/2020 22:13:01,22.60432625,18.60432625,7469.571289
14/11/2020 22:13:02,21.2086525,17.2086525,6772.731934
14/11/2020 22:13:03,19.81298065,15.8129797,6075.892578
14/11/2020 22:13:04,18.4173069,14.41730595,5379.053711
14/11/2020 22:13:05,19.96910095,15.96910095,5344.637207
14/11/2020 22:13:06,22.77808952,18.77808952,5660.677246
14/11/2020 22:13:07,25.58707809,21.58707809,5976.717285
14/11/2020 22:13:08,28.39606667,24.39606667,6292.757324
14/11/2020 22:13:09,31.20505524,27.20505524,6608.797363
14/11/2020 22:13:10,31.71760559,27.5724926,6922.818848
14/11/2020 22:13:11,31.32374954,26.97624969,7235.449219
14/11/2020 22:13:12,30.92989349,26.38000679,7548.07959
14/11/2020 22:13:13,30.53603745,25.78376198,7860.709961
14/11/2020 22:13:14,30.1421814,25.18751907,8173.340332
14/11/2020 22:13:15,29.48726273,24.59127426,8164.989746
14/11/2020 22:13:16,28.68485451,23.99503136,7920.361328
14/11/2020 22:13:17,27.8824482,23.39878845,7675.73291
14/11/2020 22:13:18,27.08003998,22.80254364,7431.104492
14/11/2020 22:13:19,26.27763367,22.20630074,7186.476074
14/11/2020 22:13:20,26.25839615,22.12919807,7115.834473
14/11/2020 22:13:21,26.65349579,22.32674789,7173.26709
14/11/2020 22:13:22,27.04859734,22.52429962,7230.699707
14/11/2020 22:13:23,27.44369888,22.72184944,7288.132324
14/11/2020 22:13:24,27.83879852,22.91939926,7345.564941
14/11/2020 22:13:25,27.64593315,22.76395607,7446.743164
14/11/2020 22:13:26,27.04784775,22.36523056,7580.123047
14/11/2020 22:13:27,26.44976044,21.96650696,7713.503418
14/11/2020 22:13:28,25.85167503,21.56778336,7846.883301
14/11/2020 22:13:29,25.25358772,21.16905975,7980.263184
14/11/2020 22:13:30,25.8064003,21.8064003,8096.390137
14/11/2020 22:13:31,27.20639992,23.20639992,8198.960938
14/11/2020 22:13:32,28.60639954,24.60639954,8301.532227
14/11/2020 22:13:33,30.00639915,26.00639915,8404.103516
14/11/2020 22:13:34,31.40640068,27.40640068,8506.674805
14/11/2020 22:13:35,31.07839966,27.1935997,8520.474609
14/11/2020 22:13:36,29.47839928,25.79360008,8455.236328
14/11/2020 22:13:37,27.8784008,24.39360046,8389.998047
14/11/2020 22:13:38,26.27840042,22.99360085,8324.759766
14/11/2020 22:13:39,24.67840004,21.59359932,8259.521484
14/11/2020 22:13:40,24.34449768,21.22966576,8206.793945
14/11/2020 22:13:41,24.94258308,21.62838936,8165.205566
14/11/2020 22:13:42,25.54067039,22.02711296,8123.617188
14/11/2020 22:13:43,26.1387558,22.42583656,8082.028809
14/11/2020 22:13:44,26.7368412,22.82456207,8040.44043
14/11/2020 22:13:45,26.88869095,23,8064.492676
14/11/2020 22:13:46,26.68992233,23,8154.712402
14/11/2020 22:13:47,26.49115562,23,8244.932617
14/11/2020 22:13:48,26.29238701,23,8335.152344
14/11/2020 22:13:49,26.0936203,23,8425.37207
14/11/2020 22:13:50,26.10580063,22.89419937,8435.588867
14/11/2020 22:13:51,26.30579948,22.69420052,8359.826172
14/11/2020 22:13:52,26.50580025,22.49419975,8284.063477
14/11/2020 22:13:53,26.7057991,22.2942009,8208.301758
14/11/2020 22:13:54,26.90579987,22.09420013,8132.539063
14/11/2020 22:13:55,27.63088799,22.94633293,8093.073242
14/11/2020 22:13:56,28.82349396,24.73524094,8097.791016
14/11/2020 22:13:57,30.01609993,26.52415085,8102.509277
14/11/2020 22:13:58,31.2087059,28.31305885,8107.227051
14/11/2020 22:13:59,32.40130997,30.10196686,8111.945313
14/11/2020 22:14:00,32.4043045,30.10645866,8122.051758
14/11/2020 22:14:01,31.2081337,28.31220055,8139.156738
14/11/2020 22:14:02,30.01196098,26.51794243,8156.262207
14/11/2020 22:14:03,28.81579018,24.72368431,8173.367676
14/11/2020 22:14:04,27.61961746,22.92942619,8190.472656
14/11/2020 22:14:05,26.71258163,21.90419388,8125.666992
14/11/2020 22:14:06,26.1162796,21.70542717,7922.582031
14/11/2020 22:14:07,25.51997566,21.50665855,7719.496582
14/11/2020 22:14:08,24.92367363,21.30789185,7516.411133
14/11/2020 22:14:09,24.32736969,21.10912323,7313.326172
14/11/2020 22:14:10,24.44956207,21.53947449,7265.624023
14/11/2020 22:14:11,25.44637108,22.73564529,7480.235352
14/11/2020 22:14:12,26.44318199,23.93181801,7694.847168
14/11/2020 22:14:13,27.4399929,25.12799072,7909.458496
14/11/2020 22:14:14,28.43680191,26.32416344,8124.069824
14/11/2020 22:14:15,28.91408348,26.74224854,8289.311523
14/11/2020 22:14:16,28.71657181,26.14971352,8352.013672
14/11/2020 22:14:17,28.51906013,25.5571804,8414.716797
14/11/2020 22:14:18,28.32154846,24.96464539,8477.419922
14/11/2020 22:14:19,28.12403679,24.37211227,8540.123047
14/11/2020 22:14:20,28.1487999,24.07439995,8530.398438
14/11/2020 22:14:21,28.54879951,24.27440071,8346.75
14/11/2020 22:14:22,28.94879913,24.47439957,8163.100586
14/11/2020 22:14:23,29.34880066,24.67440033,7979.451172
14/11/2020 22:14:24,29.74880028,24.87439919,7795.802246
14/11/2020 22:14:25,29.77887917,24.77887917,7688.976074
14/11/2020 22:14:26,29.18446541,24.18446541,7797.431152
14/11/2020 22:14:27,28.59005356,23.59005356,7905.885742
14/11/2020 22:14:28,27.99564171,22.99564171,8014.340332
14/11/2020 22:14:29,27.40122795,22.40122795,8122.79541
14/11/2020 22:14:30,26.35400581,21.54780388,7857.620605
14/11/2020 22:14:31,24.36632919,20.15642929,6622.083496
14/11/2020 22:14:32,22.37865257,18.76505661,5386.546875
14/11/2020 22:14:33,20.39097595,17.37368393,4151.010254
14/11/2020 22:14:34,18.40329933,15.98230934,2915.473389
14/11/2020 22:14:35,16.88312531,14.824687,1861.556519
14/11/2020 22:14:36,16.48558998,14.22838402,1700.693115
14/11/2020 22:14:37,16.08805466,13.63208103,1539.829712
14/11/2020 22:14:38,15.69051838,13.03577805,1378.966309
14/11/2020 22:14:39,15.29298306,12.43947506,1218.102905
14/11/2020 22:14:40,15,12,1086.999268
14/11/2020 22:14:41,15,12,1086.999268
14/11/2020 22:14:42,15,12,1086.999268
14/11/2020 22:14:43,15,12,1086.999268
14/11/2020 22:14:44,15,12,1086.999268
14/11/2020 22:14:45,15,12,1107.697388
14/11/2020 22:14:46,15,12,1203.522217
14/11/2020 22:14:47,15,12,1299.347046
14/11/2020 22:14:48,15,12,1395.171753
14/11/2020 22:14:49,15,12,1490.996582
14/11/2020 22:14:50,15,12,1566.248657
14/11/2020 22:14:51,15,12,1550.265137
14/11/2020 22:14:52,15,12,1534.281616
14/11/2020 22:14:53,15,12,1518.298096
14/11/2020 22:14:54,15,12,1502.314575
14/11/2020 22:14:55,15,12,1578.151245
14/11/2020 22:14:56,15,12,2105.482178
14/11/2020 22:14:57,15,12,2632.813477
14/11/2020 22:14:58,15,12,3160.144531
14/11/2020 22:14:59,15,12,3687.475586
14/11/2020 22:15:00,15.38632774,12.30047703,4077.24292
14/11/2020 22:15:01,17.17488098,13.6915741,3856.945313
14/11/2020 22:15:02,18.96343422,15.08267117,3636.647461
14/11/2020 22:15:03,20.75198746,16.47376823,3416.349609
14/11/2020 22:15:04,22.5405407,17.86486435,3196.051758
14/11/2020 22:15:05,23.81655121,18.85324097,3009.0896
14/11/2020 22:15:06,22.81954193,18.05563354,2986.043945
14/11/2020 22:15:07,21.82253265,17.25802612,2962.998291
14/11/2020 22:15:08,20.82552338,16.4604187,2939.952393
14/11/2020 22:15:09,19.8285141,15.66281128,2916.906738
14/11/2020 22:15:10,19.03390121,15.03390217,2947.332764
14/11/2020 22:15:11,19.23450279,15.23450375,3273.775391
14/11/2020 22:15:12,19.43510437,15.43510532,3600.218262
14/11/2020 22:15:13,19.63570786,15.6357069,3926.660889
14/11/2020 22:15:14,19.83630943,15.83630848,4253.103516
14/11/2020 22:15:15,20.29351997,16.36689949,4618.489746
14/11/2020 22:15:16,21.88873291,18.36091805,5199.466309
14/11/2020 22:15:17,23.48394775,20.35493469,5780.442383
14/11/2020 22:15:18,25.0791626,22.34895325,6361.418945
14/11/2020 22:15:19,26.67437744,24.3429718,6942.39502
14/11/2020 22:15:20,28.20215225,26.20215225,7500.810547
14/11/2020 22:15:21,29.39832497,27.39832497,7934.33252
14/11/2020 22:15:22,30.59449768,28.59449768,8367.853516
14/11/2020 22:15:23,31.79067039,29.79067039,8801.375
14/11/2020 22:15:24,32.98684311,30.9868412,9234.897461
14/11/2020 22:15:25,33.66339874,31.60219955,9560.433594
14/11/2020 22:15:26,31.46339989,29.00219917,9288.171875
14/11/2020 22:15:27,29.26339912,26.4022007,9015.910156
14/11/2020 22:15:28,27.06340027,23.80220032,8743.647461
14/11/2020 22:15:29,24.86339951,21.20219994,8471.385742
14/11/2020 22:15:30,23,18.95409966,8189.374512
14/11/2020 22:15:31,23,18.65410042,7845.947754
14/11/2020 22:15:32,23,18.35409927,7502.520996
14/11/2020 22:15:33,23,18.05410004,7159.094238
14/11/2020 22:15:34,23,17.7541008,6815.667969
14/11/2020 22:15:35,22.87759972,17.45409966,6501.611816
14/11/2020 22:15:36,22.07760048,17.15410042,6398.930664
14/11/2020 22:15:37,21.27759933,16.85409927,6296.249512
14/11/2020 22:15:38,20.4776001,16.55410004,6193.568359
14/11/2020 22:15:39,19.67760086,16.2541008,6090.887207
14/11/2020 22:15:40,19.06100464,16.03050232,6001.793457
14/11/2020 22:15:41,19.45972824,16.22986412,6010.484375
14/11/2020 22:15:42,19.85845375,16.42922592,6019.175293
14/11/2020 22:15:43,20.25717735,16.62858772,6027.866211
14/11/2020 22:15:44,20.65590096,16.82795143,6036.557129
14/11/2020 22:15:45,21.13659096,17.163908,6047.347656
14/11/2020 22:15:46,22.13359833,18.36031914,6075.844238
14/11/2020 22:15:47,23.1306076,19.55673027,6104.340332
14/11/2020 22:15:48,24.12761688,20.7531414,6132.836426
14/11/2020 22:15:49,25.12462616,21.94955063,6161.333008
14/11/2020 22:15:50,25.90239906,22.87800026,6186.40918
14/11/2020 22:15:51,25.10239983,21.87800026,6182.63916
14/11/2020 22:15:52,24.30240059,20.87800026,6178.869141
14/11/2020 22:15:53,23.50239944,19.87800026,6175.099609
14/11/2020 22:15:54,22.70240021,18.87800026,6171.32959
14/11/2020 22:15:55,22.12161064,18.09728813,6180.129395
14/11/2020 22:15:56,23.11842155,18.89473724,6389.399414
14/11/2020 22:15:57,24.11523056,19.69218445,6598.669922
14/11/2020 22:15:58,25.11204147,20.48963356,6807.94043
14/11/2020 22:15:59,26.10885239,21.28708076,7017.210449
14/11/2020 22:16:00,26.97879982,22.03165054,7225.662598
14/11/2020 22:16:01,26.77879906,22.33024788,7415.903809
14/11/2020 22:16:02,26.5788002,22.62884521,7606.144531
14/11/2020 22:16:03,26.37879944,22.92744064,7796.385254
14/11/2020 22:16:04,26.17880058,23.22603798,7986.625977
14/11/2020 22:16:05,26.06300735,23.52463341,8169.143066
14/11/2020 22:16:06,26.65742111,23.82323074,8179.755371
14/11/2020 22:16:07,27.25183296,24.12182808,8190.368164
14/11/2020 22:16:08,27.84624481,24.42042351,8200.980469
14/11/2020 22:16:09,28.44065857,24.71902084,8211.59375
14/11/2020 22:16:10,29.07057381,25.07057381,8224.433594
14/11/2020 22:16:11,30.26674652,26.26674652,8314.592773
14/11/2020 22:16:12,31.46291924,27.46291924,8404.751953
14/11/2020 22:16:13,32.65909195,28.65909004,8494.910156
14/11/2020 22:16:14,33.85526276,29.85526276,8585.069336
14/11/2020 22:16:15,34.92259979,30.93980026,8673.512695
14/11/2020 22:16:16,33.12260056,29.53980064,8620.727539
14/11/2020 22:16:17,31.32259941,28.13979912,8567.941406
14/11/2020 22:16:18,29.52260017,26.7397995,8515.155273
14/11/2020 22:16:19,27.72260094,25.33979988,8462.370117
14/11/2020 22:16:20,26.03429794,24.00857353,8409.583984
14/11/2020 22:16:21,26.83190346,24.20797539,8442.977539
14/11/2020 22:16:22,27.62951088,24.40737724,8479.49707
14/11/2020 22:16:23,28.4271183,24.6067791,8516.016602
14/11/2020 22:16:24,29.22472572,24.80618095,8552.536133
14/11/2020 22:16:25,29.98325348,24.98325348,8589.055664
14/11/2020 22:16:26,29.38516808,24.38516808,8566.132813
14/11/2020 22:16:27,28.78708076,23.78708076,8541.052734
14/11/2020 22:16:28,28.18899536,23.18899536,8515.973633
14/11/2020 22:16:29,27.59090996,22.59090996,8490.894531
14/11/2020 22:16:30,26.99762154,21.99762154,8465.81543
14/11/2020 22:16:31,26.79948425,21.79948425,8398.865234
14/11/2020 22:16:32,26.60134697,21.60134697,8324.814453
14/11/2020 22:16:33,26.40320969,21.40320969,8250.762695
14/11/2020 22:16:34,26.2050724,21.2050724,8176.711914
14/11/2020 22:16:35,26.00693512,21.00693512,8102.661133
14/11/2020 22:16:36,26.57900047,21.57900047,8079.274414
14/11/2020 22:16:37,27.17900085,22.17900085,8063.391113
14/11/2020 22:16:38,27.77899933,22.77899933,8047.508301
14/11/2020 22:16:39,28.37899971,23.37899971,8031.625
14/11/2020 22:16:40,28.97900009,23.97900009,8015.741699
14/11/2020 22:16:41,28.43346405,23.7131958,8017.471191
14/11/2020 22:16:42,27.84638023,23.41598892,8023.797852
14/11/2020 22:16:43,27.25929642,23.11878395,8030.124512
14/11/2020 22:16:44,26.67221069,22.82157707,8036.451172
14/11/2020 22:16:45,26.08512688,22.52437019,8042.77832
14/11/2020 22:16:46,26,22.22716522,7935.744141
14/11/2020 22:16:47,26,21.92995834,7796.175293
14/11/2020 22:16:48,26,21.63275146,7656.606445
14/11/2020 22:16:49,26,21.33554649,7517.037598
14/11/2020 22:16:50,26,21.03833961,7377.46875
14/11/2020 22:16:51,26.3430481,21.51457214,7361.710449
14/11/2020 22:16:52,26.73690414,22.10535622,7391.745117
14/11/2020 22:16:53,27.13076019,22.69614029,7421.779297
14/11/2020 22:16:54,27.52461624,23.28692436,7451.813965
14/11/2020 22:16:55,27.91847229,23.87770844,7481.848633
14/11/2020 22:16:56,27.36762428,23.36762428,7496.80127
14/11/2020 22:16:57,26.57017517,22.57017517,7506.175293
14/11/2020 22:16:58,25.77272797,21.77272797,7515.549316
14/11/2020 22:16:59,24.97527885,20.97527885,7524.92334
14/11/2020 22:17:00,24.17783165,20.17783165,7534.297363
14/11/2020 22:17:01,24.6158123,20.76976395,7598.365723
14/11/2020 22:17:02,25.40836143,21.76045227,7689.617676
14/11/2020 22:17:03,26.20091057,22.75113869,7780.869629
14/11/2020 22:17:04,26.99346161,23.74182701,7872.121094
14/11/2020 22:17:05,27.78601074,24.73251343,7963.373047
14/11/2020 22:17:06,27.56200027,24.41600037,7965.014648
14/11/2020 22:17:07,26.96199989,23.61599922,7928.068848
14/11/2020 22:17:08,26.36199951,22.81599998,7891.123535
14/11/2020 22:17:09,25.76199913,22.01600075,7854.177734
14/11/2020 22:17:10,25.16200066,21.2159996,7817.231934
14/11/2020 22:17:11,25.57684708,21.50942039,7850.836914
14/11/2020 22:17:12,26.36704826,22.20725822,7917.186523
14/11/2020 22:17:13,27.15724945,22.90509415,7983.536133
14/11/2020 22:17:14,27.94745255,23.60293007,8049.885742
14/11/2020 22:17:15,28.73765373,24.3007679,8116.235352
14/11/2020 22:17:16,29.26886749,24.99860382,8169.99707
14/11/2020 22:17:17,29.67136192,25.69644165,8217.501953
14/11/2020 22:17:18,30.07385826,26.39427757,8265.006836
14/11/2020 22:17:19,30.47635269,27.09211349,8312.510742
14/11/2020 22:17:20,30.87884903,27.78995132,8360.015625
14/11/2020 22:17:21,30.7212925,27.44258308,8376.547852
14/11/2020 22:17:22,30.32256699,26.64513588,8375.352539
14/11/2020 22:17:23,29.92384338,25.84768677,8374.157227
14/11/2020 22:17:24,29.52511978,25.05023956,8372.961914
14/11/2020 22:17:25,29.12639618,24.25279045,8371.766602
14/11/2020 22:17:26,29.13619232,24,8342.914063
14/11/2020 22:17:27,29.33559227,24,8299.300781
14/11/2020 22:17:28,29.53499413,24,8255.6875
14/11/2020 22:17:29,29.73439598,24,8212.073242
14/11/2020 22:17:30,29.93379784,24,8168.459961
14/11/2020 22:17:31,29.46899796,23.73449898,8238.921875
14/11/2020 22:17:32,28.67408562,23.33704376,8370.270508
14/11/2020 22:17:33,27.87917328,22.93958664,8501.619141
14/11/2020 22:17:34,27.08426094,22.54212952,8632.967773
14/11/2020 22:17:35,26.2893486,22.1446743,8764.316406
14/11/2020 22:17:36,26.38282585,22.38282585,8917.355469
14/11/2020 22:17:37,26.98475075,22.98475075,9084.555664
14/11/2020 22:17:38,27.58667755,23.58667755,9251.754883
14/11/2020 22:17:39,28.18860435,24.18860435,9418.955078
14/11/2020 22:17:40,28.79052925,24.79052925,9586.155273
14/11/2020 22:17:41,29.91279984,25.91279984,9636.368164
14/11/2020 22:17:42,31.31279945,27.31279945,9610.200195
14/11/2020 22:17:43,32.71279907,28.71279907,9584.033203
14/11/2020 22:17:44,34.1128006,30.1128006,9557.866211
14/11/2020 22:17:45,35.51279831,31.51280022,9531.698242
14/11/2020 22:17:46,34.44977188,30.44977188,9249.700195
14/11/2020 22:17:47,32.07212067,28.07212257,8800.671875
14/11/2020 22:17:48,29.69447136,25.69447136,8351.642578
14/11/2020 22:17:49,27.31682205,23.31682205,7902.614746
14/11/2020 22:17:50,24.93917084,20.93917084,7453.585938
14/11/2020 22:17:51,23.83866692,19.87899971,7109.20752
14/11/2020 22:17:52,23.5720005,19.67900085,6833.154785
14/11/2020 22:17:53,23.30533409,19.47900009,6557.101563
14/11/2020 22:17:54,23.03866577,19.27899933,6281.04834
14/11/2020 22:17:55,22.77199936,19.07900047,6004.995605
14/11/2020 22:17:56,22.50533295,18.87899971,5823.84668
14/11/2020 22:17:57,22.23866653,18.67900085,5704.659668
14/11/2020 22:17:58,21.97200012,18.47900009,5585.472656
14/11/2020 22:17:59,21.70533371,18.27899933,5466.286133
14/11/2020 22:18:00,21.4386673,18.07900047,5347.099121
14/11/2020 22:18:01,21.17200089,17.87899971,5259.0625
14/11/2020 22:18:02,20.90533257,17.67900085,5192.762207
14/11/2020 22:18:03,20.63866615,17.47900009,5126.462402
14/11/2020 22:18:04,20.37199974,17.27899933,5060.162109
14/11/2020 22:18:05,20.10533333,17.07900047,4993.861816
14/11/2020 22:18:06,20.24200058,17.24200058,4925.109863
14/11/2020 22:18:07,20.6420002,17.6420002,4854.530762
14/11/2020 22:18:08,21.04199982,18.04199982,4783.95166
14/11/2020 22:18:09,21.44199944,18.44199944,4713.372559
14/11/2020 22:18:10,21.84199905,18.84199905,4642.793457
14/11/2020 22:18:11,21.57785034,18.57785034,4508.564453
14/11/2020 22:18:12,20.88008308,17.88008308,4323.916992
14/11/2020 22:18:13,20.18231583,17.18231583,4139.269531
14/11/2020 22:18:14,19.48454857,16.48454857,3954.621826
14/11/2020 22:18:15,18.78678322,15.78678226,3769.974365
14/11/2020 22:18:16,18.08901596,15.08901501,3501.189941
14/11/2020 22:18:17,17.3912487,14.39124775,3169.706787
14/11/2020 22:18:18,16.69348145,13.69348049,2838.223633
14/11/2020 22:18:19,15.99571419,12.99571419,2506.740479
14/11/2020 22:18:20,15.29794693,12.29794693,2175.257324
14/11/2020 22:18:21,14.94270039,11.94270039,1865.547119
14/11/2020 22:18:22,14.8427,11.8427,1571.029785
14/11/2020 22:18:23,14.74269962,11.74269962,1276.512573
14/11/2020 22:18:24,14.6427002,11.6427002,981.9952393
14/11/2020 22:18:25,14.54269981,11.54269981,687.4779663
14/11/2020 22:18:26,14.44270039,11.44270039,508.6329346
14/11/2020 22:18:27,14.3427,11.3427,415.986969
14/11/2020 22:18:28,14.24269962,11.24269962,323.3410034
14/11/2020 22:18:29,14.1427002,11.1427002,230.6950378
14/11/2020 22:18:30,14.04269981,11.04269981,138.0490875
14/11/2020 22:18:31,14.1149683,11,87.2639389
14/11/2020 22:18:32,14.31560993,11,71.8519516
14/11/2020 22:18:33,14.51625156,11,56.43996429
14/11/2020 22:18:34,14.71689415,11,41.02797699
14/11/2020 22:18:35,14.91753578,11,25.61599159
14/11/2020 22:18:36,14.88257599,11,17.01060486
14/11/2020 22:18:37,14.68321419,11,14.15692043
14/11/2020 22:18:38,14.48385143,11,11.30323601
14/11/2020 22:18:39,14.28448963,11,8.449551582
14/11/2020 22:18:40,14.08512783,11,5.595867157
14/11/2020 22:18:41,14,11,3.873926878
14/11/2020 22:18:42,14,11,3.171847343
14/11/2020 22:18:43,14,11,2.469767809
14/11/2020 22:18:44,14,11,1.767688155
14/11/2020 22:18:45,14,11,1.065608621
14/11/2020 22:18:46,14.10840034,11,2.900320292
14/11/2020 22:18:47,14.30840015,11,7.162607193
14/11/2020 22:18:48,14.50839996,11,11.42489433
14/11/2020 22:18:49,14.70839977,11,15.68718147
14/11/2020 22:18:50,14.90839958,11,19.94946861
14/11/2020 22:18:51,14.89194584,11,28.20498276
14/11/2020 22:18:52,14.69258404,11,40.53439331
14/11/2020 22:18:53,14.49322128,11,52.86380386
14/11/2020 22:18:54,14.29385948,11,65.19321442
14/11/2020 22:18:55,14.09449768,11,77.52262878
14/11/2020 22:18:56,14.1048851,11.1048851,91.41931915
14/11/2020 22:18:57,14.30428696,11.30428696,106.8158112
14/11/2020 22:18:58,14.50368881,11.50368881,122.2123032
14/11/2020 22:18:59,14.70309067,11.70309067,137.6087952
14/11/2020 22:19:00,14.90249252,11.90249252,153.0052795
14/11/2020 22:19:01,14.89812565,11.89812565,157.2559509
14/11/2020 22:19:02,14.69876385,11.69876385,151.462677
14/11/2020 22:19:03,14.49940205,11.49940205,145.6693878
14/11/2020 22:19:04,14.30004025,11.30004025,139.8761139
14/11/2020 22:19:05,14.10067749,11.10067749,134.0828247
14/11/2020 22:19:06,14.39727116,11.39727116,419.7353821
14/11/2020 22:19:07,15.19983959,12.19983959,968.0216064
14/11/2020 22:19:08,16.00240707,13.00240803,1516.307861
14/11/2020 22:19:09,16.80497551,13.80497551,2064.593994
14/11/2020 22:19:10,17.60754395,14.60754395,2612.880371
14/11/2020 22:19:11,18.10250664,15,3023.009766
14/11/2020 22:19:12,18.30311012,15,3292.191162
14/11/2020 22:19:13,18.5037117,15,3561.372559
14/11/2020 22:19:14,18.70431328,15,3830.553955
14/11/2020 22:19:15,18.90491486,15,4099.735352
14/11/2020 22:19:16,20.05200005,16.05200005,4513.07959
14/11/2020 22:19:17,22.05200005,18.05200005,5141.769531
14/11/2020 22:19:18,24.05200005,20.05200005,5770.459473
14/11/2020 22:19:19,26.05200005,22.05200005,6399.149414
14/11/2020 22:19:20,28.05200005,24.05200005,7027.839355
14/11/2020 22:19:21,30.67282867,26.56827736,7560.794922
14/11/2020 22:19:22,33.85311127,29.54979134,7959.905273
14/11/2020 22:19:23,37.03339386,32.53130722,8359.015625
14/11/2020 22:19:24,40.21367645,35.5128212,8758.125977
14/11/2020 22:19:25,43.39395905,38.49433517,9157.236328
14/11/2020 22:19:26,44.31978989,39.31978989,9475.735352
14/11/2020 22:19:27,42.94562149,37.94562149,9656.977539
14/11/2020 22:19:28,41.57145691,36.57145691,9838.219727
14/11/2020 22:19:29,40.19729233,35.19729233,10019.46094
14/11/2020 22:19:30,38.82312393,33.82312393,10200.70313
14/11/2020 22:19:31,37.67816925,32.75862885,10330.44238
14/11/2020 22:19:32,36.87560272,32.15670013,10359.31055
14/11/2020 22:19:33,36.07303238,31.55477524,10388.17871
14/11/2020 22:19:34,35.27046585,30.95284843,10417.0459
14/11/2020 22:19:35,34.46789551,30.35092354,10445.91406
14/11/2020 22:19:36,34.08262253,30.08262253,10458.11523
14/11/2020 22:19:37,34.28076172,30.28076172,10432.69727
14/11/2020 22:19:38,34.47889709,30.478899,10407.2793
14/11/2020 22:19:39,34.67703629,30.67703629,10381.86035
14/11/2020 22:19:40,34.87517166,30.87517357,10356.44238
14/11/2020 22:19:41,34.33823395,30.33823586,10318.68848
14/11/2020 22:19:42,32.54968262,28.54968262,10245.8252
14/11/2020 22:19:43,30.76112938,26.76112938,10172.96191
14/11/2020 22:19:44,28.97257614,24.97257614,10100.09863
14/11/2020 22:19:45,27.1840229,23.1840229,10027.23535
14/11/2020 22:19:46,26,22,9899.301758
14/11/2020 22:19:47,26,22,9523.856445
14/11/2020 22:19:48,26,22,9148.410156
14/11/2020 22:19:49,26,22,8772.964844
14/11/2020 22:19:50,26,22,8397.519531
14/11/2020 22:19:51,25.87871552,21.90903664,8070.183594
14/11/2020 22:19:52,25.48365402,21.61274147,7984.556641
14/11/2020 22:19:53,25.08859253,21.3164444,7898.929688
14/11/2020 22:19:54,24.69353104,21.02014732,7813.302734
14/11/2020 22:19:55,24.29846954,20.72385216,7727.67627
14/11/2020 22:19:56,23.90340805,20.42755508,7610.227051
14/11/2020 22:19:57,23.50834656,20.13125992,7288.879883
14/11/2020 22:19:58,23.11328316,19.83496284,6967.532715
14/11/2020 22:19:59,22.71822166,19.53866577,6646.185547
14/11/2020 22:20:00,22.32316017,19.24237061,6324.838867
14/11/2020 22:20:01,21.78229713,18.74601364,5948.77832
14/11/2020 22:20:02,20.58612442,17.35047913,5167.654785
14/11/2020 22:20:03,19.38995171,15.95494461,4386.53125
14/11/2020 22:20:04,18.19377899,14.5594101,3605.407959
14/11/2020 22:20:05,16.99760818,13.16387558,2824.284424
14/11/2020 22:20:06,15.93400955,11.96700478,2048.295166
14/11/2020 22:20:07,15.53647423,11.76823711,1780.602173
14/11/2020 22:20:08,15.1389389,11.56946945,1512.909058
14/11/2020 22:20:09,14.74140358,11.37070179,1245.215942
14/11/2020 22:20:10,14.34386826,11.17193413,977.5228882
14/11/2020 22:20:11,14.34988022,11.34988022,801.4407349
14/11/2020 22:20:12,16.94158745,13.94158649,1574.780762
14/11/2020 22:20:13,19.53329277,16.53329277,2348.12085
14/11/2020 22:20:14,22.125,19.125,3121.460938
14/11/2020 22:20:15,24.71670723,21.71670723,3894.801025
14/11/2020 22:20:16,27.04658508,24.04658508,4668.141113
14/11/2020 22:20:17,27.43805122,24.43805122,5413.887695
14/11/2020 22:20:18,27.82951736,24.82951736,6159.467285
14/11/2020 22:20:19,28.22098351,25.22098351,6905.046875
14/11/2020 22:20:20,28.61244774,25.61244774,7650.626953
14/11/2020 22:20:21,28.98577881,25.98374557,8356.393555
14/11/2020 22:20:22,27.56359291,24.35839081,8130.91748
14/11/2020 22:20:23,26.14140511,22.73303604,7905.441895
14/11/2020 22:20:24,24.71921921,21.10767937,7679.96582
14/11/2020 22:20:25,23.29703331,19.4823246,7454.490234
14/11/2020 22:20:26,22.17275238,18.17275238,7229.014648
14/11/2020 22:20:27,24.13584518,20.13584518,7278.934082
14/11/2020 22:20:28,26.0989399,22.0989399,7339.43457
14/11/2020 22:20:29,28.06203461,24.06203461,7399.935059
14/11/2020 22:20:30,30.02512741,26.02512741,7460.435547
14/11/2020 22:20:31,31.98822212,27.98822212,7520.936035
14/11/2020 22:20:32,31.39794159,27.39794159,7746.31543
14/11/2020 22:20:33,30.79224777,26.79224777,7975.231934
14/11/2020 22:20:34,30.18655396,26.18655396,8204.147461
14/11/2020 22:20:35,29.58086014,25.58086014,8433.064453
14/11/2020 22:20:36,28.98385239,24.98385239,8661.980469
14/11/2020 22:20:37,28.58999634,24.58999634,8584.558594
14/11/2020 22:20:38,28.19614029,24.19614029,8467.330078
14/11/2020 22:20:39,27.80228424,23.80228424,8350.100586
14/11/2020 22:20:40,27.40842819,23.40842819,8232.87207
14/11/2020 22:20:41,27.01457214,23.01457214,8115.643555
14/11/2020 22:20:42,26.03390884,22.03390884,7908.236328
14/11/2020 22:20:43,25.03069878,21.03069878,7695.781738
14/11/2020 22:20:44,24.02748871,20.02748871,7483.327148
14/11/2020 22:20:45,23.02427864,19.02427864,7270.873047
14/11/2020 22:20:46,22.02106667,18.02106667,7058.418457
14/11/2020 22:20:47,22.38437462,18.57656097,7046.503906
14/11/2020 22:20:48,22.7769928,19.1654892,7064.820801
14/11/2020 22:20:49,23.16961098,19.75441742,7083.137207
14/11/2020 22:20:50,23.56222916,20.34334564,7101.453613
14/11/2020 22:20:51,23.95484924,20.93227386,7119.770508
14/11/2020 22:20:52,26.50911331,22.79222298,7482.09375
14/11/2020 22:20:53,29.3442688,24.81733513,7863.669434
14/11/2020 22:20:54,32.17942429,26.84244728,8245.245117
14/11/2020 22:20:55,35.01457977,28.86755753,8626.821289
14/11/2020 22:20:56,37.84973526,30.89266968,9008.397461
14/11/2020 22:20:57,35.38912964,29.13509178,8928.817383
14/11/2020 22:20:58,32.6321373,27.16581345,8779.719727
14/11/2020 22:20:59,29.87514687,25.1965332,8630.621094
14/11/2020 22:21:00,27.11815643,23.22725487,8481.523438
14/11/2020 22:21:01,24.361166,21.25797653,8332.424805
14/11/2020 22:21:02,23.82344627,20.65239906,8000.029785
14/11/2020 22:21:03,23.6202755,20.25239944,7643.581055
14/11/2020 22:21:04,23.41710663,19.85239983,7287.132813
14/11/2020 22:21:05,23.21393776,19.45240021,6930.68457
14/11/2020 22:21:06,23.01076889,19.05240059,6574.236328
14/11/2020 22:21:07,22.44052696,18.65239906,6353.191406
14/11/2020 22:21:08,21.8497448,18.25239944,6152.558594
14/11/2020 22:21:09,21.25896072,17.85239983,5951.925781
14/11/2020 22:21:10,20.66817665,17.45240021,5751.292969
14/11/2020 22:21:11,20.07739258,17.05240059,5550.660156
14/11/2020 22:21:12,21.22026062,18.04593849,5785.795898
14/11/2020 22:21:13,22.62447357,19.24954796,6096.028809
14/11/2020 22:21:14,24.02868652,20.45315933,6406.262207
14/11/2020 22:21:15,25.43289948,21.65677071,6716.495117
14/11/2020 22:21:16,26.83711052,22.86038208,7026.728516
14/11/2020 22:21:17,27.88135529,23.88135529,7215.176758
14/11/2020 22:21:18,28.87836456,24.87836456,7374.3125
14/11/2020 22:21:19,29.87537384,25.87537384,7533.447754
14/11/2020 22:21:20,30.87238312,26.87238312,7692.583496
14/11/2020 22:21:21,31.8693924,27.8693924,7851.719238
14/11/2020 22:21:22,30.78728104,26.78728104,7443.960938
14/11/2020 22:21:23,29.39174652,25.39174652,6899.754883
14/11/2020 22:21:24,27.99621201,23.99621201,6355.548828
14/11/2020 22:21:25,26.60067749,22.60067749,5811.342773
14/11/2020 22:21:26,25.20514297,21.20514297,5267.13623
14/11/2020 22:21:27,25,21.16901207,4802.030762
14/11/2020 22:21:28,25,21.36714935,4359.889648
14/11/2020 22:21:29,25,21.56528664,3917.748535
14/11/2020 22:21:30,25,21.76342392,3475.607422
14/11/2020 22:21:31,25,21.9615612,3033.466309
14/11/2020 22:21:32,20.96999931,18.45359993,2625.262207
14/11/2020 22:21:33,15.97000027,14.05360031,2225.226807
14/11/2020 22:21:34,10.97000027,9.653599739,1825.191284
14/11/2020 22:21:35,5.96999979,5.253600121,1425.155884
14/11/2020 22:21:36,0.970000029,0.853600025,1025.120361
14/11/2020 22:21:37,0,0,947.5648804
14/11/2020 22:21:38,0,0,963.6326904
14/11/2020 22:21:39,0,0,979.7005005
14/11/2020 22:21:40,0,0,995.7683105
14/11/2020 22:21:41,0,0,1011.836121
14/11/2020 22:21:42,0,0,1084.699463
14/11/2020 22:21:43,0,0,1175.596558
14/11/2020 22:21:44,0,0,1266.493774
14/11/2020 22:21:45,0,0,1357.390991
14/11/2020 22:21:46,0,0,1448.288208
14/11/2020 22:21:47,0,0,1519.458252
14/11/2020 22:21:48,0,0,1583.25769
14/11/2020 22:21:49,0,0,1647.057129
14/11/2020 22:21:50,0,0,1710.856567
14/11/2020 22:21:51,0,0,1774.656128
14/11/2020 22:21:52,0,0,1803.548584
14/11/2020 22:21:53,0,0,1817.266357
14/11/2020 22:21:54,0,0,1830.984131
14/11/2020 22:21:55,0,0,1844.702026
14/11/2020 22:21:56,0,0,1858.4198
14/11/2020 22:21:57,0,0,1794.690308
14/11/2020 22:21:58,0,0,1679.97168
14/11/2020 22:21:59,0,0,1565.253052
14/11/2020 22:22:00,0,0,1450.534424
14/11/2020 22:22:01,0,0,1335.815674
14/11/2020 22:22:02,0,0,1174.10144
14/11/2020 22:22:03,0,0,983.3381958
14/11/2020 22:22:04,0,0,792.5749512
14/11/2020 22:22:05,0,0,601.8117065
14/11/2020 22:22:06,0,0,411.0484314
14/11/2020 22:22:07,0,0,291.7275391
14/11/2020 22:22:08,0,0,226.0822906
14/11/2020 22:22:09,0,0,160.437027
14/11/2020 22:22:10,0,0,94.79176331
14/11/2020 22:22:11,0,0,29.14649773
14/11/2020 22:22:12,0,0,0
14/11/2020 22:22:13,0,0,0
14/11/2020 22:22:14,0,0,0
14/11/2020 22:22:15,0,0,0
14/11/2020 22:22:16,0,0,0
14/11/2020 22:22:17,0,0,0
14/11/2020 22:22:18,0,0,0
14/11/2020 22:22:19,0,0,0
14/11/2020 22:22:20,0,0,0
14/11/2020 22:22:21,0,0,0
14/11/2020 22:22:22,0,0,0
14/11/2020 22:22:23,0,0,0
14/11/2020 22:22:24,0,0,0
14/11/2020 22:22:25,0,0,0
14/11/2020 22:22:26,0,0,0
14/11/2020 22:22:27,0,0,0
14/11/2020 22:22:28,0,0,0
14/11/2020 22:22:29,0,0,0
14/11/2020 22:22:30,0,0,0
14/11/2020 22:22:31,0,0,0
14/11/2020 22:22:32,0,0,0
14/11/2020 22:22:33,0,0,0
14/11/2020 22:22:34,0,0,0
14/11/2020 22:22:35,0,0,0
14/11/2020 22:22:36,0,0,0
14/11/2020 22:22:37,0,0,0
14/11/2020 22:22:38,0,0,0
14/11/2020 22:22:39,0,0,0
14/11/2020 22:22:40,0,0,0
14/11/2020 22:22:41,0,0,0
14/11/2020 22:22:42,0,0,0
14/11/2020 22:22:43,0,0,0
14/11/2020 22:22:44,0,0,0
14/11/2020 22:22:45,0,0,0
14/11/2020 22:22:46,0,0,0
14/11/2020 22:22:47,0,0,0
14/11/2020 22:22:48,0,0,0
14/11/2020 22:22:49,0,0,0
14/11/2020 22:22:50,0,0,0
14/11/2020 22:22:51,0,0,0
14/11/2020 22:22:52,0,0,0
14/11/2020 22:22:53,0,0,0
14/11/2020 22:22:54,0,0,0
14/11/2020 22:22:55,0,0,0
14/11/2020 22:22:56,0,0,0
14/11/2020 22:22:57,0,0,0
14/11/2020 22:22:58,0,0,0
14/11/2020 22:22:59,0,0,0
14/11/2020 22:23:00,0,0,0
14/11/2020 22:23:01,0,0,0
14/11/2020 22:23:02,0,0,0
14/11/2020 22:23:03,0,0,0
14/11/2020 22:23:04,0,0,0
14/11/2020 22:23:05,0,0,0
14/11/2020 22:23:06,0,0,0
14/11/2020 22:23:07,0,0,0
14/11/2020 22:23:08,0,0,0
14/11/2020 22:23:09,0,0,0
14/11/2020 22:23:10,0,0,0
14/11/2020 22:23:11,0,0,0
14/11/2020 22:23:12,0,0,0
14/11/2020 22:23:13,0,0,0
14/11/2020 22:23:14,0,0,0
14/11/2020 22:23:15,0,0,0
14/11/2020 22:23:16,0,0,0
14/11/2020 22:23:17,0,0,0
14/11/2020 22:23:18,0,0,0
14/11/2020 22:23:19,0,0,0
14/11/2020 22:23:20,0,0,0
14/11/2020 22:23:21,0,0,0
14/11/2020 22:23:22,0,0,0
14/11/2020 22:23:23,0,0,0
14/11/2020 22:23:24,0,0,0
14/11/2020 22:23:25,0,0,0
14/11/2020 22:23:26,0,0,0
14/11/2020 22:23:27,0,0,0
14/11/2020 22:23:28,0,0,0
14/11/2020 22:23:29,0,0,0
14/11/2020 22:23:30,0,0,0
14/11/2020 22:23:31,0,0,0
14/11/2020 22:23:32,0,0,0
14/11/2020 22:23:33,0,0,0
14/11/2020 22:23:34,0,0,0
14/11/2020 22:23:35,0,0,0
14/11/2020 22:23:36,0,0,0
14/11/2020 22:23:37,0,0,0
14/11/2020 22:23:38,0,0,0
14/11/2020 22:23:39,0,0,0
14/11/2020 22:23:40,0,0,0
14/11/2020 22:23:41,0,0,0
14/11/2020 22:23:42,0,0,0
14/11/2020 22:23:43,0,0,0
14/11/2020 22:23:44,0,0,0
14/11/2020 22:23:45,0,0,0
14/11/2020 22:23:46,0,0,0
14/11/2020 22:23:47,0,0,0
14/11/2020 22:23:48,0,0,0
14/11/2020 22:23:49,0,0,0
14/11/2020 22:23:50,0,0,0
14/11/2020 22:23:51,0,0,0
14/11/2020 22:23:52,0,0,0
14/11/2020 22:23:53,0,0,0
14/11/2020 22:23:54,0,0,0
14/11/2020 22:23:55,0,0,0
14/11/2020 22:23:56,0,0,0
14/11/2020 22:23:57,0,0,0
14/11/2020 22:23:58,0,0,0
14/11/2020 22:23:59,0,0,0
14/11/2020 22:24:00,0,0,0
14/11/2020 22:24:01,0,0,0
14/11/2020 22:24:02,0,0,0
14/11/2020 22:24:03,0,0,0
14/11/2020 22:24:04,0,0,0
14/11/2020 22:24:05,0,0,0
14/11/2020 22:24:06,0,0,0
14/11/2020 22:24:07,0,0,0
14/11/2020 22:24:08,0,0,0
14/11/2020 22:24:09,0,0,0
14/11/2020 22:24:10,0,0,0
14/11/2020 22:24:11,0,0,0
14/11/2020 22:24:12,0,0,0
14/11/2020 22:24:13,0,0,0
14/11/2020 22:24:14,0,0,0
14/11/2020 22:24:15,0,0,0
14/11/2020 22:24:16,0,0,0
14/11/2020 22:24:17,0,0,0
14/11/2020 22:24:18,0,0,0
14/11/2020 22:24:19,0,0,0
14/11/2020 22:24:20,0,0,0
14/11/2020 22:24:21,0,0,0
14/11/2020 22:24:22,0,0,0
14/11/2020 22:24:23,0,0,0
14/11/2020 22:24:24,0,0,0
14/11/2020 22:24:25,0,0,0
14/11/2020 22:24:26,0,0,0
14/11/2020 22:24:27,0,0,0
14/11/2020 22:24:28,0,0,0
14/11/2020 22:24:29,0,0,0
14/11/2020 22:24:30,0,0,0
14/11/2020 22:24:31,0,0,0
14/11/2020 22:24:32,0,0,0
14/11/2020 22:24:33,0,0,0
14/11/2020 22:24:34,0,0,0
14/11/2020 22:24:35,0,0,0
14/11/2020 22:24:36,0,0,0
14/11/2020 22:24:37,0,0,0
14/11/2020 22:24:38,0,0,0
14/11/2020 22:24:39,0,0,0
14/11/2020 22:24:40,0,0,0
14/11/2020 22:24:41,0,0,0
14/11/2020 22:24:42,0,0,0
14/11/2020 22:24:43,0,0,0
14/11/2020 22:24:44,0,0,0
14/11/2020 22:24:45,0,0,0
14/11/2020 22:24:46,0,0,0
14/11/2020 22:24:47,0,0,0
14/11/2020 22:24:48,0,0,0
14/11/2020 22:24:49,0,0,0
14/11/2020 22:24:50,0,0,0
14/11/2020 22:24:51,0,0,0
14/11/2020 22:24:52,0,0,0
14/11/2020 22:24:53,0,0,0
14/11/2020 22:24:54,0,0,0
14/11/2020 22:24:55,0,0,0
14/11/2020 22:24:56,0,0,0
14/11/2020 22:24:57,0,0,0
14/11/2020 22:24:58,0,0,0
14/11/2020 22:24:59,0,0,0
14/11/2020 22:25:00,0,0,0
14/11/2020 22:25:01,0,0,0
14/11/2020 22:25:02,0,0,0
14/11/2020 22:25:03,0,0,0
14/11/2020 22:25:04,0,0,0
14/11/2020 22:25:05,0,0,0
14/11/2020 22:25:06,0,0,0
14/11/2020 22:25:07,0,0,0
14/11/2020 22:25:08,0,0,0
14/11/2020 22:25:09,0,0,0
14/11/2020 22:25:10,0,0,0
14/11/2020 22:25:11,0,0,0
14/11/2020 22:25:12,0,0,0
14/11/2020 22:25:13,0,0,0
14/11/2020 22:25:14,0,0,0
14/11/2020 22:25:15,0,0,0
14/11/2020 22:25:16,0,0,0
14/11/2020 22:25:17,0,0,0
14/11/2020 22:25:18,0,0,0
14/11/2020 22:25:19,0,0,0
14/11/2020 22:25:20,0,0,0
14/11/2020 22:25:21,0,0,0
14/11/2020 22:25:22,0,0,0
14/11/2020 22:25:23,0,0,0
14/11/2020 22:25:24,0,0,0
14/11/2020 22:25:25,0,0,0
14/11/2020 22:25:26,0,0,0
14/11/2020 22:25:27,0,0,0
14/11/2020 22:25:28,0,0,0
14/11/2020 22:25:29,0,0,0
14/11/2020 22:25:30,0,0,0
14/11/2020 22:25:31,0,0,0
14/11/2020 22:25:32,0,0,0
14/11/2020 22:25:33,0,0,0
14/11/2020 22:25:34,0,0,0
14/11/2020 22:25:35,0,0,0
14/11/2020 22:25:36,0,0,0
14/11/2020 22:25:37,0,0,0
14/11/2020 22:25:38,0,0,0
14/11/2020 22:25:39,0,0,0
14/11/2020 22:25:40,0,0,0
14/11/2020 22:25:41,0,0,0
14/11/2020 22:25:42,0,0,0
14/11/2020 22:25:43,0,0,0
14/11/2020 22:25:44,0,0,0
14/11/2020 22:25:45,0,0,0
14/11/2020 22:25:46,0,0,0
14/11/2020 22:25:47,0,0,0
14/11/2020 22:25:48,0,0,0
14/11/2020 22:25:49,0,0,0
14/11/2020 22:25:50,0,0,0
14/11/2020 22:25:51,0,0,0
14/11/2020 22:25:52,0,0,0
14/11/2020 22:25:53,0,0,0
14/11/2020 22:25:54,0,0,0
14/11/2020 22:25:55,0,0,0
14/11/2020 22:25:56,0,0,0
14/11/2020 22:25:57,0,0,0
14/11/2020 22:25:58,0,0,0
14/11/2020 22:25:59,0,0,0
14/11/2020 22:26:00,0,0,0
14/11/2020 22:26:01,0,0,0
14/11/2020 22:26:02,0,0,0
14/11/2020 22:26:03,0,0,0
14/11/2020 22:26:04,0,0,0
14/11/2020 22:26:05,0,0,0
14/11/2020 22:26:06,0,0,0
14/11/2020 22:26:07,0,0,0
14/11/2020 22:26:08,0,0,0
14/11/2020 22:26:09,0,0,0
14/11/2020 22:26:10,0,0,0
14/11/2020 22:26:11,0,0,0
14/11/2020 22:26:12,0,0,0
14/11/2020 22:26:13,0,0,0
14/11/2020 22:26:14,0,0,0
14/11/2020 22:26:15,0,0,0
14/11/2020 22:26:16,0,0,0
14/11/2020 22:26:17,0,0,0
14/11/2020 22:26:18,0,0,0
14/11/2020 22:26:19,0,0,0
14/11/2020 22:26:20,0,0,0
14/11/2020 22:26:21,0,0,0
14/11/2020 22:26:22,0,0,0
14/11/2020 22:26:23,0,0,0
14/11/2020 22:26:24,0,0,0
14/11/2020 22:26:25,0,0,0
14/11/2020 22:26:26,0,0,0
14/11/2020 22:26:27,0,0,0
14/11/2020 22:26:28,0,0,0
14/11/2020 22:26:29,0,0,0
14/11/2020 22:26:30,0,0,0
14/11/2020 22:26:31,0,0,0
14/11/2020 22:26:32,0,0,0
14/11/2020 22:26:33,0,0,0
14/11/2020 22:26:34,0,0,0
14/11/2020 22:26:35,0,0,0
14/11/2020 22:26:36,0,0,0
14/11/2020 22:26:37,0,0,0
14/11/2020 22:26:38,0,0,0
14/11/2020 22:26:39,0,0,0
14/11/2020 22:26:40,0,0,0
14/11/2020 22:26:41,0,0,0
14/11/2020 22:26:42,0,0,0
14/11/2020 22:26:43,0,0,0
14/11/2020 22:26:44,0,0,0
14/11/2020 22:26:45,0,0,0
14/11/2020 22:26:46,0,0,0
14/11/2020 22:26:47,0,0,0
14/11/2020 22:26:48,0,0,0
14/11/2020 22:26:49,0,0,0
14/11/2020 22:26:50,0,0,0
14/11/2020 22:26:51,0,0,0
14/11/2020 22:26:52,0,0,0
14/11/2020 22:26:53,0,0,0
14/11/2020 22:26:54,0,0,0
14/11/2020 22:26:55,0,0,0
14/11/2020 22:26:56,0,0,0
14/11/2020 22:26:57,0,0,0
14/11/2020 22:26:58,0,0,0
14/11/2020 22:26:59,0,0,0
14/11/2020 22:27:00,0,0,0
14/11/2020 22:27:01,0,0,0
14/11/2020 22:27:02,0,0,0
14/11/2020 22:27:03,0,0,0
14/11/2020 22:27:04,0,0,0
14/11/2020 22:27:05,0,0,0
14/11/2020 22:27:06,0,0,0
14/11/2020 22:27:07,0,0,0
14/11/2020 22:27:08,0,0,0
14/11/2020 22:27:09,0,0,0
14/11/2020 22:27:10,0,0,0
14/11/2020 22:27:11,0,0,0
14/11/2020 22:27:12,0,0,0
14/11/2020 22:27:13,0,0,0
14/11/2020 22:27:14,0,0,0
14/11/2020 22:27:15,0,0,0
14/11/2020 22:27:16,0,0,0
14/11/2020 22:27:17,0,0,0
14/11/2020 22:27:18,0,0,0
14/11/2020 22:27:19,0,0,0
14/11/2020 22:27:20,0,0,0
14/11/2020 22:27:21,0,0,0
14/11/2020 22:27:22,0,0,0
14/11/2020 22:27:23,0,0,0
14/11/2020 22:27:24,0,0,0
14/11/2020 22:27:25,0,0,0
14/11/2020 22:27:26,0,0,0
14/11/2020 22:27:27,0,0,0
14/11/2020 22:27:28,0,0,0
14/11/2020 22:27:29,0,0,0
14/11/2020 22:27:30,0,0,0
14/11/2020 22:27:31,0,0,0
14/11/2020 22:27:32,0,0,0
14/11/2020 22:27:33,0,0,0
14/11/2020 22:27:34,0,0,0
14/11/2020 22:27:35,0,0,0
14/11/2020 22:27:36,0,0,0
14/11/2020 22:27:37,0,0,0
14/11/2020 22:27:38,0,0,0
14/11/2020 22:27:39,0,0,0
14/11/2020 22:27:40,0,0,0
14/11/2020 22:27:41,0,0,0
14/11/2020 22:27:42,0,0,0
14/11/2020 22:27:43,0,0,0
14/11/2020 22:27:44,0,0,0
14/11/2020 22:27:45,0,0,0
14/11/2020 22:27:46,0,0,0
14/11/2020 22:27:47,0,0,0
14/11/2020 22:27:48,0,0,0
14/11/2020 22:27:49,0,0,0
14/11/2020 22:27:50,0,0,0
14/11/2020 22:27:51,0,0,0
14/11/2020 22:27:52,0,0,0
14/11/2020 22:27:53,0,0,0
14/11/2020 22:27:54,0,0,0
14/11/2020 22:27:55,0,0,0
14/11/2020 22:27:56,0,0,0
14/11/2020 22:27:57,0,0,0
14/11/2020 22:27:58,0,0,0
14/11/2020 22:27:59,0,0,0
14/11/2020 22:28:00,0,0,0
14/11/2020 22:28:01,0,0,0
14/11/2020 22:28:02,0,0,0
14/11/2020 22:28:03,0,0,0
14/11/2020 22:28:04,0,0,0
14/11/2020 22:28:05,0,0,0
14/11/2020 22:28:06,0,0,0
14/11/2020 22:28:07,0,0,0
14/11/2020 22:28:08,0,0,0
14/11/2020 22:28:09,0,0,0
14/11/2020 22:28:10,0,0,0
14/11/2020 22:28:11,0,0,0
14/11/2020 22:28:12,0,0,0
14/11/2020 22:28:13,0,0,0
14/11/2020 22:28:14,0,0,0
14/11/2020 22:28:15,0,0,0
14/11/2020 22:28:16,0,0,0
14/11/2020 22:28:17,0,0,0
14/11/2020 22:28:18,0,0,0
14/11/2020 22:28:19,0,0,0
14/11/2020 22:28:20,0,0,0
14/11/2020 22:28:21,0,0,0
14/11/2020 22:28:22,0,0,0
14/11/2020 22:28:23,0,0,0
14/11/2020 22:28:24,0,0,0
14/11/2020 22:28:25,0,0,0
14/11/2020 22:28:26,0,0,0
14/11/2020 22:28:27,0,0,0
14/11/2020 22:28:28,0,0,0
14/11/2020 22:28:29,0,0,0
14/11/2020 22:28:30,0,0,0
14/11/2020 22:28:31,0,0,0
14/11/2020 22:28:32,0,0,0
14/11/2020 22:28:33,0,0,0
14/11/2020 22:28:34,0,0,0
14/11/2020 22:28:35,0,0,0
14/11/2020 22:28:36,0,0,0
14/11/2020 22:28:37,0,0,0
14/11/2020 22:28:38,0,0,0
14/11/2020 22:28:39,0,0,0
14/11/2020 22:28:40,0,0,0
14/11/2020 22:28:41,0,0,0
14/11/2020 22:28:42,0,0,0
14/11/2020 22:28:43,0,0,0
14/11/2020 22:28:44,0,0,0
14/11/2020 22:28:45,0,0,0
14/11/2020 22:28:46,0,0,0
14/11/2020 22:28:47,0,0,0
14/11/2020 22:28:48,0,0,0
14/11/2020 22:28:49,0,0,0
14/11/2020 22:28:50,0,0,0
14/11/2020 22:28:51,0,0,0
14/11/2020 22:28:52,0,0,0
14/11/2020 22:28:53,0,0,0
14/11/2020 22:28:54,0,0,0
14/11/2020 22:28:55,0,0,0
14/11/2020 22:28:56,0,0,0
14/11/2020 22:28:57,0,0,0
14/11/2020 22:28:58,0,0,0
14/11/2020 22:28:59,0,0,0
14/11/2020 22:29:00,0,0,0
14/11/2020 22:29:01,0,0,0
14/11/2020 22:29:02,0,0,0
14/11/2020 22:29:03,0,0,0
14/11/2020 22:29:04,0,0,0
14/11/2020 22:29:05,0,0,0
14/11/2020 22:29:06,0,0,0
14/11/2020 22:29:07,0,0,0
14/11/2020 22:29:08,0,0,0
14/11/2020 22:29:09,0,0,0
14/11/2020 22:29:10,0,0,0
14/11/2020 22:29:11,0,0,0
14/11/2020 22:29:12,0,0,0
14/11/2020 22:29:13,0,0,0
14/11/2020 22:29:14,0,0,0
14/11/2020 22:29:15,0,0,0
14/11/2020 22:29:16,0,0,0
14/11/2020 22:29:17,0,0,0
14/11/2020 22:29:18,0,0,0
14/11/2020 22:29:19,0,0,0
14/11/2020 22:29:20,0,0,0
14/11/2020 22:29:21,0,0,0
14/11/2020 22:29:22,0,0,0
14/11/2020 22:29:23,0,0,0
14/11/2020 22:29:24,0,0,0
14/11/2020 22:29:25,0,0,0
14/11/2020 22:29:26,0,0,0
14/11/2020 22:29:27,0,0,0
14/11/2020 22:29:28,0,0,0
14/11/2020 22:29:29,0,0,0
14/11/2020 22:29:30,0,0,0
14/11/2020 22:29:31,0,0,0
14/11/2020 22:29:32,0,0,0
14/11/2020 22:29:33,0,0,0
14/11/2020 22:29:34,0,0,0
14/11/2020 22:29:35,0,0,0
14/11/2020 22:29:36,0,0,0
14/11/2020 22:29:37,0,0,0
14/11/2020 22:29:38,0,0,0
14/11/2020 22:29:39,0,0,0
14/11/2020 22:29:40,0,0,0
14/11/2020 22:29:41,0,0,0
14/11/2020 22:29:42,0,0,0
14/11/2020 22:29:43,0,0,0
14/11/2020 22:29:44,0,0,0
14/11/2020 22:29:45,0,0,0
14/11/2020 22:29:46,0,0,0
14/11/2020 22:29:47,0,0,0
14/11/2020 22:29:48,0,0,0
14/11/2020 22:29:49,0,0,0
14/11/2020 22:29:50,0,0,0
14/11/2020 22:29:51,0,0,0
14/11/2020 22:29:52,0,0,0
14/11/2020 22:29:53,0,0,0
14/11/2020 22:29:54,0,0,0
14/11/2020 22:29:55,0,0,0
14/11/2020 22:29:56,0,0,0
14/11/2020 22:29:57,0,0,0
14/11/2020 22:29:58,0,0,0
14/11/2020 22:29:59,0,0,0
14/11/2020 22:30:00,0,0,0
14/11/2020 22:30:01,0,0,0
14/11/2020 22:30:02,0,0,0
14/11/2020 22:30:03,0,0,0
14/11/2020 22:30:04,0,0,0
14/11/2020 22:30:05,0,0,0
14/11/2020 22:30:06,0,0,0
14/11/2020 22:30:07,0,0,0
14/11/2020 22:30:08,0,0,0
14/11/2020 22:30:09,0,0,0
14/11/2020 22:30:10,0,0,0
14/11/2020 22:30:11,0,0,0
14/11/2020 22:30:12,0,0,0
14/11/2020 22:30:13,0,0,0
14/11/2020 22:30:14,0,0,0
14/11/2020 22:30:15,0,0,0
14/11/2020 22:30:16,0,0,0
14/11/2020 22:30:17,0,0,0
14/11/2020 22:30:18,0,0,0
14/11/2020 22:30:19,0,0,0
14/11/2020 22:30:20,0,0,0
14/11/2020 22:30:21,0,0,0
14/11/2020 22:30:22,0,0,0
14/11/2020 22:30:23,0,0,0
14/11/2020 22:30:24,0,0,0
14/11/2020 22:30:25,0,0,0
14/11/2020 22:30:26,0,0,0
14/11/2020 22:30:27,0,0,0
14/11/2020 22:30:28,0,0,0
14/11/2020 22:30:29,0,0,0
14/11/2020 22:30:30,0,0,0
14/11/2020 22:30:31,0,0,0
14/11/2020 22:30:32,0,0,0
14/11/2020 22:30:33,0,0,0
14/11/2020 22:30:34,0,0,0
14/11/2020 22:30:35,0,0,0
14/11/2020 22:30:36,0,0,0
14/11/2020 22:30:37,0,0,0
14/11/2020 22:30:38,0,0,0
14/11/2020 22:30:39,0,0,0
14/11/2020 22:30:40,0,0,0
14/11/2020 22:30:41,0,0,0
14/11/2020 22:30:42,0,0,0
14/11/2020 22:30:43,0,0,0
14/11/2020 22:30:44,0,0,0
14/11/2020 22:30:45,0,0,0
14/11/2020 22:30:46,0,0,0
14/11/2020 22:30:47,0,0,0
14/11/2020 22:30:48,0,0,0
14/11/2020 22:30:49,0,0,0
14/11/2020 22:30:50,0,0,0
14/11/2020 22:30:51,0,0,0
14/11/2020 22:30:52,0,0,0
14/11/2020 22:30:53,0,0,0
14/11/2020 22:30:54,0,0,0
14/11/2020 22:30:55,0,0,0
14/11/2020 22:30:56,0,0,0
14/11/2020 22:30:57,0,0,0
14/11/2020 22:30:58,0,0,0
14/11/2020 22:30:59,0,0,0
14/11/2020 22:31:00,0,0,0
14/11/2020 22:31:01,0,0,0
14/11/2020 22:31:02,0,0,0
14/11/2020 22:31:03,0,0,0
14/11/2020 22:31:04,0,0,0
14/11/2020 22:31:05,0,0,0
14/11/2020 22:31:06,0,0,0
14/11/2020 22:31:07,0,0,0
14/11/2020 22:31:08,0,0,0
14/11/2020 22:31:09,0,0,0
14/11/2020 22:31:10,0,0,0
14/11/2020 22:31:11,0,0,0
14/11/2020 22:31:12,0,0,0
14/11/2020 22:31:13,0,0,0
14/11/2020 22:31:14,0,0,0
14/11/2020 22:31:15,0,0,0
14/11/2020 22:31:16,0,0,0
14/11/2020 22:31:17,0,0,0
14/11/2020 22:31:18,0,0,0
14/11/2020 22:31:19,0,0,0
14/11/2020 22:31:20,0,0,0
14/11/2020 22:31:21,0,0,0
14/11/2020 22:31:22,0,0,0
14/11/2020 22:31:23,0,0,0
14/11/2020 22:31:24,0,0,0
14/11/2020 22:31:25,0,0,0
14/11/2020 22:31:26,0,0,0
14/11/2020 22:31:27,0,0,0
14/11/2020 22:31:28,0,0,0
14/11/2020 22:31:29,0,0,0
14/11/2020 22:31:30,0,0,0
14/11/2020 22:31:31,0,0,0
14/11/2020 22:31:32,0,0,0
14/11/2020 22:31:33,0,0,0
14/11/2020 22:31:34,0,0,0
14/11/2020 22:31:35,0,0,0
14/11/2020 22:31:36,0,0,0
14/11/2020 22:31:37,0,0,0
14/11/2020 22:31:38,0,0,0
14/11/2020 22:31:39,0,0,0
14/11/2020 22:31:40,0,0,0
14/11/2020 22:31:41,0,0,0
14/11/2020 22:31:42,0,0,0
14/11/2020 22:31:43,0,0,0
14/11/2020 22:31:44,0,0,0
14/11/2020 22:31:45,0,0,0
14/11/2020 22:31:46,0,0,0
14/11/2020 22:31:47,0,0,0
14/11/2020 22:31:48,0,0,0
14/11/2020 22:31:49,0,0,0
14/11/2020 22:31:50,0,0,0
14/11/2020 22:31:51,0,0,0
14/11/2020 22:31:52,0,0,0
14/11/2020 22:31:53,0,0,0
14/11/2020 22:31:54,0,0,0
14/11/2020 22:31:55,0,0,0
14/11/2020 22:31:56,0,0,0
14/11/2020 22:31:57,0,0,0
14/11/2020 22:31:58,0,0,0
14/11/2020 22:31:59,0,0,0
14/11/2020 22:32:00,0,0,0
14/11/2020 22:32:01,0,0,0
14/11/2020 22:32:02,0,0,0
14/11/2020 22:32:03,0,0,0
14/11/2020 22:32:04,0,0,0
14/11/2020 22:32:05,0,0,0
14/11/2020 22:32:06,0,0,0
14/11/2020 22:32:07,0,0,0
14/11/2020 22:32:08,0,0,0
14/11/2020 22:32:09,0,0,0
14/11/2020 22:32:10,0,0,0
14/11/2020 22:32:11,0,0,0
14/11/2020 22:32:12,0,0,0
14/11/2020 22:32:13,0,0,0
14/11/2020 22:32:14,0,0,0
14/11/2020 22:32:15,0,0,0
14/11/2020 22:32:16,0,0,0
14/11/2020 22:32:17,0,0,0
14/11/2020 22:32:18,0,0,0
14/11/2020 22:32:19,0,0,0
14/11/2020 22:32:20,0,0,0
14/11/2020 22:32:21,0,0,0
14/11/2020 22:32:22,0,0,0
14/11/2020 22:32:23,0,0,0
14/11/2020 22:32:24,0,0,0
14/11/2020 22:32:25,0,0,0
14/11/2020 22:32:26,0,0,0
14/11/2020 22:32:27,0,0,0
14/11/2020 22:32:28,0,0,0
14/11/2020 22:32:29,0,0,0
14/11/2020 22:32:30,0,0,0
14/11/2020 22:32:31,0,0,0
14/11/2020 22:32:32,0,0,0
14/11/2020 22:32:33,0,0,0
14/11/2020 22:32:34,0,0,0
14/11/2020 22:32:35,0,0,0
14/11/2020 22:32:36,0,0,0
14/11/2020 22:32:37,0,0,0
14/11/2020 22:32:38,0,0,0
14/11/2020 22:32:39,0,0,0
14/11/2020 22:32:40,0,0,0
14/11/2020 22:32:41,0,0,0
14/11/2020 22:32:42,0,0,0
14/11/2020 22:32:43,0,0,0
14/11/2020 22:32:44,0,0,0
14/11/2020 22:32:45,0,0,0
14/11/2020 22:32:46,0,0,0
14/11/2020 22:32:47,0,0,0
14/11/2020 22:32:48,0,0,0
14/11/2020 22:32:49,0,0,0
14/11/2020 22:32:50,0,0,0
14/11/2020 22:32:51,0,0,0
14/11/2020 22:32:52,0,0,0
14/11/2020 22:32:53,0,0,0
14/11/2020 22:32:54,0,0,0
14/11/2020 22:32:55,0,0,0
14/11/2020 22:32:56,0,0,0
14/11/2020 22:32:57,0,0,0
14/11/2020 22:32:58,0,0,0
14/11/2020 22:32:59,0,0,0
14/11/2020 22:33:00,0,0,0
14/11/2020 22:33:01,0,0,0
14/11/2020 22:33:02,0,0,0
14/11/2020 22:33:03,0,0,0
14/11/2020 22:33:04,0,0,0
14/11/2020 22:33:05,0,0,0
14/11/2020 22:33:06,0,0,0
14/11/2020 22:33:07,0,0,0
14/11/2020 22:33:08,0,0,0
14/11/2020 22:33:09,0,0,0
14/11/2020 22:33:10,0,0,0
14/11/2020 22:33:11,0,0,0
14/11/2020 22:33:12,0,0,0
14/11/2020 22:33:13,0,0,0
14/11/2020 22:33:14,0,0,0
14/11/2020 22:33:15,0,0,0
14/11/2020 22:33:16,0,0,0
14/11/2020 22:33:17,0,0,0
14/11/2020 22:33:18,0,0,0
14/11/2020 22:33:19,0,0,0
14/11/2020 22:33:20,0,0,0
14/11/2020 22:33:21,0,0,0
14/11/2020 22:33:22,0,0,0
14/11/2020 22:33:23,0,0,0
14/11/2020 22:33:24,0,0,0
14/11/2020 22:33:25,0,0,0
14/11/2020 22:33:26,0,0,0
14/11/2020 22:33:27,0,0,0
14/11/2020 22:33:28,0,0,0
14/11/2020 22:33:29,0,0,0
14/11/2020 22:33:30,0,0,0
14/11/2020 22:33:31,0,0,0
14/11/2020 22:33:32,0,0,0
14/11/2020 22:33:33,0,0,0
14/11/2020 22:33:34,0,0,0
14/11/2020 22:33:35,0,0,0
14/11/2020 22:33:36,0,0,0
14/11/2020 22:33:37,0,0,0
14/11/2020 22:33:38,0,0,0
14/11/2020 22:33:39,0,0,0
14/11/2020 22:33:40,0,0,0
14/11/2020 22:33:41,0,0,0
14/11/2020 22:33:42,0,0,0
14/11/2020 22:33:43,0,0,0
14/11/2020 22:33:44,0,0,0
14/11/2020 22:33:45,0,0,0
14/11/2020 22:33:46,0,0,0
14/11/2020 22:33:47,0,0,0
14/11/2020 22:33:48,0,0,0
14/11/2020 22:33:49,0,0,0
14/11/2020 22:33:50,0,0,0
14/11/2020 22:33:51,0,0,0
14/11/2020 22:33:52,0,0,0
14/11/2020 22:33:53,0,0,0
14/11/2020 22:33:54,0,0,0
14/11/2020 22:33:55,0,0,0
14/11/2020 22:33:56,0,0,0
14/11/2020 22:33:57,0,0,0
14/11/2020 22:33:58,0,0,0
14/11/2020 22:33:59,0,0,0
14/11/2020 22:34:00,0,0,0
14/11/2020 22:34:01,0,0,0
14/11/2020 22:34:02,0,0,0
14/11/2020 22:34:03,0,0,0
14/11/2020 22:34:04,0,0,0
14/11/2020 22:34:05,0,0,0
14/11/2020 22:34:06,0,0,0
14/11/2020 22:34:07,0,0,0
14/11/2020 22:34:08,0,0,0
14/11/2020 22:34:09,0,0,0
14/11/2020 22:34:10,0,0,0
14/11/2020 22:34:11,0,0,0
14/11/2020 22:34:12,0,0,0
14/11/2020 22:34:13,0,0,0
14/11/2020 22:34:14,0,0,0
14/11/2020 22:34:15,0,0,0
14/11/2020 22:34:16,0,0,0
14/11/2020 22:34:17,0,0,0
14/11/2020 22:34:18,0,0,0
14/11/2020 22:34:19,0,0,0
14/11/2020 22:34:20,0,0,0
14/11/2020 22:34:21,0,0,0
14/11/2020 22:34:22,0,0,0
14/11/2020 22:34:23,0,0,0
14/11/2020 22:34:24,0,0,0
14/11/2020 22:34:25,0,0,0
14/11/2020 22:34:26,0,0,0
14/11/2020 22:34:27,0,0,0
14/11/2020 22:34:28,0,0,0
14/11/2020 22:34:29,0,0,0
14/11/2020 22:34:30,0,0,0
14/11/2020 22:34:31,0,0,0
14/11/2020 22:34:32,0,0,0
14/11/2020 22:34:33,0,0,0
14/11/2020 22:34:34,0,0,0
14/11/2020 22:34:35,0,0,0
14/11/2020 22:34:36,0,0,0
14/11/2020 22:34:37,0,0,0
14/11/2020 22:34:38,0,0,0
14/11/2020 22:34:39,0,0,0
14/11/2020 22:34:40,0,0,0
14/11/2020 22:34:41,0,0,0
14/11/2020 22:34:42,0,0,0
14/11/2020 22:34:43,0,0,0
14/11/2020 22:34:44,0,0,0
14/11/2020 22:34:45,0,0,0
14/11/2020 22:34:46,0,0,0
14/11/2020 22:34:47,0,0,0
14/11/2020 22:34:48,0,0,0
14/11/2020 22:34:49,0,0,0
14/11/2020 22:34:50,0,0,0
14/11/2020 22:34:51,0,0,0
14/11/2020 22:34:52,0,0,0
14/11/2020 22:34:53,0,0,0
14/11/2020 22:34:54,0,0,0
14/11/2020 22:34:55,0,0,0
14/11/2020 22:34:56,0,0,0
14/11/2020 22:34:57,0,0,0
14/11/2020 22:34:58,0,0,0
14/11/2020 22:34:59,0,0,0
14/11/2020 22:35:00,0,0,0
14/11/2020 22:35:01,0,0,0
14/11/2020 22:35:02,0,0,0
14/11/2020 22:35:03,0,0,0
14/11/2020 22:35:04,0,0,0
14/11/2020 22:35:05,0,0,0
14/11/2020 22:35:06,0,0,0
14/11/2020 22:35:07,0,0,0
14/11/2020 22:35:08,0,0,0
14/11/2020 22:35:09,0,0,0
14/11/2020 22:35:10,0,0,0
14/11/2020 22:35:11,0,0,0
14/11/2020 22:35:12,0,0,0
14/11/2020 22:35:13,0,0,0
14/11/2020 22:35:14,0,0,0
14/11/2020 22:35:15,0,0,0
14/11/2020 22:35:16,0,0,0
14/11/2020 22:35:17,0,0,0
14/11/2020 22:35:18,0,0,0
14/11/2020 22:35:19,0,0,0
14/11/2020 22:35:20,0,0,0
14/11/2020 22:35:21,0,0,0
14/11/2020 22:35:22,0,0,0
14/11/2020 22:35:23,0,0,0
14/11/2020 22:35:24,0,0,0
14/11/2020 22:35:25,0,0,0
14/11/2020 22:35:26,0,0,0
14/11/2020 22:35:27,0,0,0
14/11/2020 22:35:28,0,0,0
14/11/2020 22:35:29,0,0,0
14/11/2020 22:35:30,0,0,0
14/11/2020 22:35:31,0,0,0
14/11/2020 22:35:32,0,0,0
14/11/2020 22:35:33,0,0,0
14/11/2020 22:35:34,0,0,0
14/11/2020 22:35:35,0,0,0
14/11/2020 22:35:36,0,0,0
14/11/2020 22:35:37,0,0,0
14/11/2020 22:35:38,0,0,0
14/11/2020 22:35:39,0,0,0
14/11/2020 22:35:40,0,0,0
14/11/2020 22:35:41,0,0,0
14/11/2020 22:35:42,0,0,0
14/11/2020 22:35:43,0,0,0
14/11/2020 22:35:44,0,0,0
14/11/2020 22:35:45,0,0,0
14/11/2020 22:35:46,0,0,0
14/11/2020 22:35:47,0,0,0
14/11/2020 22:35:48,0,0,0
14/11/2020 22:35:49,0,0,0
14/11/2020 22:35:50,0,0,0
14/11/2020 22:35:51,0,0,0
14/11/2020 22:35:52,0,0,0
14/11/2020 22:35:53,0,0,0
14/11/2020 22:35:54,0,0,0
14/11/2020 22:35:55,0,0,0
14/11/2020 22:35:56,0,0,0
14/11/2020 22:35:57,0,0,0
14/11/2020 22:35:58,0,0,0
14/11/2020 22:35:59,0,0,0
14/11/2020 22:36:00,0,0,0
14/11/2020 22:36:01,0,0,0
14/11/2020 22:36:02,0,0,0
14/11/2020 22:36:03,0,0,0
14/11/2020 22:36:04,0,0,0
14/11/2020 22:36:05,0,0,0
14/11/2020 22:36:06,0,0,0
14/11/2020 22:36:07,0,0,0
14/11/2020 22:36:08,0,0,0
14/11/2020 22:36:09,0,0,0
14/11/2020 22:36:10,0,0,0
14/11/2020 22:36:11,0,0,0
14/11/2020 22:36:12,0,0,0
14/11/2020 22:36:13,0,0,0
14/11/2020 22:36:14,0,0,0
14/11/2020 22:36:15,0,0,0
14/11/2020 22:36:16,0,0,0
14/11/2020 22:36:17,0,0,0
14/11/2020 22:36:18,0,0,0
14/11/2020 22:36:19,0,0,0
14/11/2020 22:36:20,0,0,0
14/11/2020 22:36:21,0,0,0
14/11/2020 22:36:22,0,0,0
14/11/2020 22:36:23,0,0,0
14/11/2020 22:36:24,0,0,0
14/11/2020 22:36:25,0,0,0
14/11/2020 22:36:26,0,0,0
14/11/2020 22:36:27,0,0,0
14/11/2020 22:36:28,0,0,0
14/11/2020 22:36:29,0,0,0
14/11/2020 22:36:30,0,0,0
14/11/2020 22:36:31,0,0,0
14/11/2020 22:36:32,0,0,0
14/11/2020 22:36:33,0,0,0
14/11/2020 22:36:34,0,0,0
14/11/2020 22:36:35,0,0,0
14/11/2020 22:36:36,0,0,0
14/11/2020 22:36:37,0,0,0
14/11/2020 22:36:38,0,0,0
14/11/2020 22:36:39,0,0,0
14/11/2020 22:36:40,0,0,0
14/11/2020 22:36:41,0,0,0
14/11/2020 22:36:42,0,0,0
14/11/2020 22:36:43,0,0,0
14/11/2020 22:36:44,0,0,0
14/11/2020 22:36:45,0,0,0
14/11/2020 22:36:46,0,0,0
14/11/2020 22:36:47,0,0,0
14/11/2020 22:36:48,0,0,0
14/11/2020 22:36:49,0,0,0
14/11/2020 22:36:50,0,0,0
14/11/2020 22:36:51,0,0,0
14/11/2020 22:36:52,0,0,0
14/11/2020 22:36:53,0,0,0
14/11/2020 22:36:54,0,0,0
14/11/2020 22:36:55,0,0,0
14/11/2020 22:36:56,0,0,0
14/11/2020 22:36:57,0,0,0
14/11/2020 22:36:58,0,0,0
14/11/2020 22:36:59,0,0,0
14/11/2020 22:37:00,0,0,0
14/11/2020 22:37:01,0,0,0
14/11/2020 22:37:02,0,0,0
14/11/2020 22:37:03,0,0,0
14/11/2020 22:37:04,0,0,0
14/11/2020 22:37:05,0,0,0
14/11/2020 22:37:06,0,0,0
14/11/2020 22:37:07,0,0,0
14/11/2020 22:37:08,0,0,0
14/11/2020 22:37:09,0,0,0
14/11/2020 22:37:10,0,0,0
14/11/2020 22:37:11,0,0,0
14/11/2020 22:37:12,0,0,0
14/11/2020 22:37:13,0,0,0
14/11/2020 22:37:14,0,0,0
14/11/2020 22:37:15,0,0,0
14/11/2020 22:37:16,0,0,0
14/11/2020 22:37:17,0,0,0
14/11/2020 22:37:18,0,0,0
14/11/2020 22:37:19,0,0,0
14/11/2020 22:37:20,0,0,0
14/11/2020 22:37:21,0,0,0
14/11/2020 22:37:22,0,0,0
14/11/2020 22:37:23,0,0,0
14/11/2020 22:37:24,0,0,0
14/11/2020 22:37:25,0,0,0
14/11/2020 22:37:26,0,0,0
14/11/2020 22:37:27,0,0,0
14/11/2020 22:37:28,0,0,0
14/11/2020 22:37:29,0,0,0
14/11/2020 22:37:30,0,0,0
14/11/2020 22:37:31,0,0,0
14/11/2020 22:37:32,0,0,0
14/11/2020 22:37:33,0,0,0
14/11/2020 22:37:34,0,0,0
14/11/2020 22:37:35,0,0,0
14/11/2020 22:37:36,0,0,0
14/11/2020 22:37:37,0,0,0
14/11/2020 22:37:38,0,0,0
14/11/2020 22:37:39,0,0,0
14/11/2020 22:37:40,0,0,0
14/11/2020 22:37:41,0,0,0
14/11/2020 22:37:42,0,0,0
14/11/2020 22:37:43,0,0,0
14/11/2020 22:37:44,0,0,0
14/11/2020 22:37:45,0,0,0
14/11/2020 22:37:46,0,0,0
14/11/2020 22:37:47,0,0,0
14/11/2020 22:37:48,0,0,0
14/11/2020 22:37:49,0,0,0
14/11/2020 22:37:50,0,0,0
14/11/2020 22:37:51,0,0,0
14/11/2020 22:37:52,0,0,0
14/11/2020 22:37:53,0,0,0
14/11/2020 22:37:54,0,0,0
14/11/2020 22:37:55,0,0,0
14/11/2020 22:37:56,0,0,0
14/11/2020 22:37:57,0,0,0
14/11/2020 22:37:58,0,0,0
14/11/2020 22:37:59,0,0,0
14/11/2020 22:38:00,0,0,0
14/11/2020 22:38:01,0,0,0
14/11/2020 22:38:02,0,0,0
14/11/2020 22:38:03,0,0,0
14/11/2020 22:38:04,0,0,0
14/11/2020 22:38:05,0,0,0
14/11/2020 22:38:06,0,0,0
14/11/2020 22:38:07,0,0,0
14/11/2020 22:38:08,0,0,0
14/11/2020 22:38:09,0,0,0
14/11/2020 22:38:10,0,0,0
14/11/2020 22:38:11,0,0,0
14/11/2020 22:38:12,0,0,0
14/11/2020 22:38:13,0,0,0
14/11/2020 22:38:14,0,0,0
14/11/2020 22:38:15,0,0,0
14/11/2020 22:38:16,0,0,0
14/11/2020 22:38:17,0,0,0
14/11/2020 22:38:18,0,0,0
14/11/2020 22:38:19,0,0,0
14/11/2020 22:38:20,0,0,0
14/11/2020 22:38:21,0,0,0
14/11/2020 22:38:22,0,0,0
14/11/2020 22:38:23,0,0,0
14/11/2020 22:38:24,0,0,0
14/11/2020 22:38:25,0,0,0
14/11/2020 22:38:26,0,0,0
14/11/2020 22:38:27,0,0,0
14/11/2020 22:38:28,0,0,0
14/11/2020 22:38:29,0,0,0
14/11/2020 22:38:30,0,0,0
14/11/2020 22:38:31,0,0,0
14/11/2020 22:38:32,0,0,0
14/11/2020 22:38:33,0,0,0
14/11/2020 22:38:34,0,0,0
14/11/2020 22:38:35,0,0,0
14/11/2020 22:38:36,0,0,0
14/11/2020 22:38:37,0,0,0
14/11/2020 22:38:38,0,0,0
14/11/2020 22:38:39,0,0,0
14/11/2020 22:38:40,0,0,0
14/11/2020 22:38:41,0,0,0
14/11/2020 22:38:42,0,0,0
14/11/2020 22:38:43,0,0,0
14/11/2020 22:38:44,0,0,0
14/11/2020 22:38:45,0,0,0
14/11/2020 22:38:46,0,0,0
14/11/2020 22:38:47,0,0,0
14/11/2020 22:38:48,0,0,0
14/11/2020 22:38:49,0,0,0
14/11/2020 22:38:50,0,0,0
14/11/2020 22:38:51,0,0,0
14/11/2020 22:38:52,0,0,0
14/11/2020 22:38:53,0,0,0
14/11/2020 22:38:54,0,0,0
14/11/2020 22:38:55,0,0,0
14/11/2020 22:38:56,0,0,0
14/11/2020 22:38:57,0,0,0
14/11/2020 22:38:58,0,0,0
14/11/2020 22:38:59,0,0,0
14/11/2020 22:39:00,0,0,0
14/11/2020 22:39:01,0,0,0
14/11/2020 22:39:02,0,0,0
14/11/2020 22:39:03,0,0,0
14/11/2020 22:39:04,0,0,0
14/11/2020 22:39:05,0,0,0
14/11/2020 22:39:06,0,0,0
14/11/2020 22:39:07,0,0,0
14/11/2020 22:39:08,0,0,0
14/11/2020 22:39:09,0,0,0
14/11/2020 22:39:10,0,0,0
14/11/2020 22:39:11,0,0,0
14/11/2020 22:39:12,0,0,0
14/11/2020 22:39:13,0,0,0
14/11/2020 22:39:14,0,0,0
14/11/2020 22:39:15,0,0,0
14/11/2020 22:39:16,0,0,0
14/11/2020 22:39:17,0,0,0
14/11/2020 22:39:18,0,0,0
14/11/2020 22:39:19,0,0,0
14/11/2020 22:39:20,0,0,0
14/11/2020 22:39:21,0,0,0
14/11/2020 22:39:22,0,0,0
14/11/2020 22:39:23,0,0,0
14/11/2020 22:39:24,0,0,0
14/11/2020 22:39:25,0,0,0
14/11/2020 22:39:26,0,0,0
14/11/2020 22:39:27,0,0,0
14/11/2020 22:39:28,0,0,0
14/11/2020 22:39:29,0,0,0
14/11/2020 22:39:30,0,0,0
14/11/2020 22:39:31,0,0,0
14/11/2020 22:39:32,0,0,0
14/11/2020 22:39:33,0,0,0
14/11/2020 22:39:34,0,0,0
14/11/2020 22:39:35,0,0,0
14/11/2020 22:39:36,0,0,0
14/11/2020 22:39:37,0,0,0
14/11/2020 22:39:38,0,0,0
14/11/2020 22:39:39,0,0,0
14/11/2020 22:39:40,0,0,0
14/11/2020 22:39:41,0,0,0
14/11/2020 22:39:42,0,0,0
14/11/2020 22:39:43,0,0,0
14/11/2020 22:39:44,0,0,0
14/11/2020 22:39:45,0,0,0
14/11/2020 22:39:46,0,0,0
14/11/2020 22:39:47,0,0,0
14/11/2020 22:39:48,0,0,0
14/11/2020 22:39:49,0,0,0
14/11/2020 22:39:50,0,0,0
14/11/2020 22:39:51,0,0,0
14/11/2020 22:39:52,0,0,0
14/11/2020 22:39:53,0,0,0
14/11/2020 22:39:54,0,0,0
14/11/2020 22:39:55,0,0,0
14/11/2020 22:39:56,0,0,0
14/11/2020 22:39:57,0,0,0
14/11/2020 22:39:58,0,0,0
14/11/2020 22:39:59,0,0,0
14/11/2020 22:40:00,0,0,0
14/11/2020 22:40:01,0,0,0
14/11/2020 22:40:02,0,0,0
14/11/2020 22:40:03,0,0,0
14/11/2020 22:40:04,0,0,0
14/11/2020 22:40:05,0,0,0
14/11/2020 22:40:06,0,0,0
14/11/2020 22:40:07,0,0,0
14/11/2020 22:40:08,0,0,0
14/11/2020 22:40:09,0,0,0
14/11/2020 22:40:10,0,0,0
14/11/2020 22:40:11,0,0,0
14/11/2020 22:40:12,0,0,0
14/11/2020 22:40:13,0,0,0
14/11/2020 22:40:14,0,0,0
14/11/2020 22:40:15,0,0,0
14/11/2020 22:40:16,0,0,0
14/11/2020 22:40:17,0,0,0
14/11/2020 22:40:18,0,0,0
14/11/2020 22:40:19,0,0,0
14/11/2020 22:40:20,0,0,0
14/11/2020 22:40:21,0,0,0
14/11/2020 22:40:22,0,0,0
14/11/2020 22:40:23,0,0,0
14/11/2020 22:40:24,0,0,0
14/11/2020 22:40:25,0,0,0
14/11/2020 22:40:26,0,0,0
14/11/2020 22:40:27,0,0,0
14/11/2020 22:40:28,0,0,0
14/11/2020 22:40:29,0,0,0
14/11/2020 22:40:30,0,0,0
14/11/2020 22:40:31,0,0,0
14/11/2020 22:40:32,0,0,0
14/11/2020 22:40:33,0,0,0
14/11/2020 22:40:34,0,0,0
14/11/2020 22:40:35,0,0,0
14/11/2020 22:40:36,0,0,0
14/11/2020 22:40:37,0,0,0
14/11/2020 22:40:38,0,0,0
14/11/2020 22:40:39,0,0,0
14/11/2020 22:40:40,0,0,0
14/11/2020 22:40:41,0,0,0
14/11/2020 22:40:42,0,0,0
14/11/2020 22:40:43,0,0,0
14/11/2020 22:40:44,0,0,0
14/11/2020 22:40:45,0,0,0
14/11/2020 22:40:46,0,0,0
14/11/2020 22:40:47,0,0,0
14/11/2020 22:40:48,0,0,0
14/11/2020 22:40:49,0,0,0
14/11/2020 22:40:50,0,0,0
14/11/2020 22:40:51,0,0,0
14/11/2020 22:40:52,0,0,0
14/11/2020 22:40:53,0,0,0
14/11/2020 22:40:54,0,0,0
14/11/2020 22:40:55,0,0,0
14/11/2020 22:40:56,0,0,0
14/11/2020 22:40:57,0,0,0
14/11/2020 22:40:58,0,0,0
14/11/2020 22:40:59,0,0,0
14/11/2020 22:41:00,0,0,0
14/11/2020 22:41:01,0,0,0
14/11/2020 22:41:02,0,0,0
14/11/2020 22:41:03,0,0,0
14/11/2020 22:41:04,0,0,0
14/11/2020 22:41:05,0,0,0
14/11/2020 22:41:06,0,0,0
14/11/2020 22:41:07,0,0,0
14/11/2020 22:41:08,0,0,0
14/11/2020 22:41:09,0,0,0
14/11/2020 22:41:10,0,0,0
14/11/2020 22:41:11,0,0,0
14/11/2020 22:41:12,0,0,0
14/11/2020 22:41:13,0,0,0
14/11/2020 22:41:14,0,0,0
14/11/2020 22:41:15,0,0,0
14/11/2020 22:41:16,0,0,0
14/11/2020 22:41:17,0,0,0
14/11/2020 22:41:18,0,0,0
14/11/2020 22:41:19,0,0,0
14/11/2020 22:41:20,0,0,0
14/11/2020 22:41:21,0,0,0
14/11/2020 22:41:22,0,0,0
14/11/2020 22:41:23,0,0,0
14/11/2020 22:41:24,0,0,0
14/11/2020 22:41:25,0,0,0
14/11/2020 22:41:26,0,0,0
14/11/2020 22:41:27,0,0,0
14/11/2020 22:41:28,0,0,0
14/11/2020 22:41:29,0,0,0
14/11/2020 22:41:30,0,0,0
14/11/2020 22:41:31,0,0,0
14/11/2020 22:41:32,0,0,0
14/11/2020 22:41:33,0,0,0
14/11/2020 22:41:34,0,0,0
14/11/2020 22:41:35,0,0,0
14/11/2020 22:41:36,0,0,0
14/11/2020 22:41:37,0,0,0
14/11/2020 22:41:38,0,0,0
14/11/2020 22:41:39,0,0,0
14/11/2020 22:41:40,0,0,0
14/11/2020 22:41:41,0,0,0
14/11/2020 22:41:42,0,0,0
14/11/2020 22:41:43,0,0,0
14/11/2020 22:41:44,0,0,0
14/11/2020 22:41:45,0,0,0
14/11/2020 22:41:46,0,0,0
14/11/2020 22:41:47,0,0,0
14/11/2020 22:41:48,0,0,0
14/11/2020 22:41:49,0,0,0
14/11/2020 22:41:50,0,0,0
14/11/2020 22:41:51,0,0,0
14/11/2020 22:41:52,0,0,0
14/11/2020 22:41:53,0,0,0
14/11/2020 22:41:54,0,0,0
14/11/2020 22:41:55,0,0,0
14/11/2020 22:41:56,0,0,0
14/11/2020 22:41:57,0,0,0
14/11/2020 22:41:58,0,0,0
14/11/2020 22:41:59,0,0,0
14/11/2020 22:42:00,0,0,0
14/11/2020 22:42:01,0,0,0
14/11/2020 22:42:02,0,0,0
14/11/2020 22:42:03,0,0,0
14/11/2020 22:42:04,0,0,0
14/11/2020 22:42:05,0,0,0
14/11/2020 22:42:06,0,0,0
14/11/2020 22:42:07,0,0,0
14/11/2020 22:42:08,0,0,0
14/11/2020 22:42:09,0,0,0
14/11/2020 22:42:10,0,0,0
14/11/2020 22:42:11,0,0,0
14/11/2020 22:42:12,0,0,0
14/11/2020 22:42:13,0,0,0
14/11/2020 22:42:14,0,0,0
14/11/2020 22:42:15,0,0,0
14/11/2020 22:42:16,0,0,0
14/11/2020 22:42:17,0,0,0
14/11/2020 22:42:18,0,0,0
14/11/2020 22:42:19,0,0,0
14/11/2020 22:42:20,0,0,0
14/11/2020 22:42:21,0,0,0
14/11/2020 22:42:22,0,0,0
14/11/2020 22:42:23,0,0,0
14/11/2020 22:42:24,0,0,0
14/11/2020 22:42:25,0,0,0
14/11/2020 22:42:26,0,0,0
14/11/2020 22:42:27,0,0,0
14/11/2020 22:42:28,0,0,0
14/11/2020 22:42:29,0,0,0
14/11/2020 22:42:30,0,0,0
14/11/2020 22:42:31,0,0,0
14/11/2020 22:42:32,0,0,0
14/11/2020 22:42:33,0,0,0
14/11/2020 22:42:34,0,0,0
14/11/2020 22:42:35,0,0,0
14/11/2020 22:42:36,0,0,0
14/11/2020 22:42:37,0,0,0
14/11/2020 22:42:38,0,0,0
14/11/2020 22:42:39,0,0,0
14/11/2020 22:42:40,0,0,0
14/11/2020 22:42:41,0,0,0
14/11/2020 22:42:42,0,0,0
14/11/2020 22:42:43,0,0,0
14/11/2020 22:42:44,0,0,0
14/11/2020 22:42:45,0,0,0
14/11/2020 22:42:46,0,0,0
14/11/2020 22:42:47,0,0,0
14/11/2020 22:42:48,0,0,0
14/11/2020 22:42:49,0,0,0
14/11/2020 22:42:50,0,0,0
14/11/2020 22:42:51,0,0,0
14/11/2020 22:42:52,0,0,0
14/11/2020 22:42:53,0,0,0
14/11/2020 22:42:54,0,0,0
14/11/2020 22:42:55,0,0,0
14/11/2020 22:42:56,0,0,0
14/11/2020 22:42:57,0,0,0
14/11/2020 22:42:58,0,0,0
14/11/2020 22:42:59,0,0,0
14/11/2020 22:43:00,0,0,0
14/11/2020 22:43:01,0,0,0
14/11/2020 22:43:02,0,0,0
14/11/2020 22:43:03,0,0,0
14/11/2020 22:43:04,0,0,0
14/11/2020 22:43:05,0,0,0
14/11/2020 22:43:06,0,0,0
14/11/2020 22:43:07,0,0,0
14/11/2020 22:43:08,0,0,0
14/11/2020 22:43:09,0,0,0
14/11/2020 22:43:10,0,0,0
14/11/2020 22:43:11,0,0,0
14/11/2020 22:43:12,0,0,0
14/11/2020 22:43:13,0,0,0
14/11/2020 22:43:14,0,0,0
14/11/2020 22:43:15,0,0,0
14/11/2020 22:43:16,0,0,0
14/11/2020 22:43:17,0,0,0
14/11/2020 22:43:18,0,0,0
14/11/2020 22:43:19,0,0,0
14/11/2020 22:43:20,0,0,0
14/11/2020 22:43:21,0,0,0
14/11/2020 22:43:22,0,0,0
14/11/2020 22:43:23,0,0,0
14/11/2020 22:43:24,0,0,0
14/11/2020 22:43:25,0,0,0
14/11/2020 22:43:26,0,0,0
14/11/2020 22:43:27,0,0,0
14/11/2020 22:43:28,0,0,0
14/11/2020 22:43:29,0,0,0
14/11/2020 22:43:30,0,0,0
14/11/2020 22:43:31,0,0,0
14/11/2020 22:43:32,0,0,0
14/11/2020 22:43:33,0,0,0
14/11/2020 22:43:34,0,0,0
14/11/2020 22:43:35,0,0,0
14/11/2020 22:43:36,0,0,0
14/11/2020 22:43:37,0,0,0
14/11/2020 22:43:38,0,0,0
14/11/2020 22:43:39,0,0,0
14/11/2020 22:43:40,0,0,0
14/11/2020 22:43:41,0,0,0
14/11/2020 22:43:42,0,0,0
14/11/2020 22:43:43,0,0,0
14/11/2020 22:43:44,0,0,0
14/11/2020 22:43:45,0,0,0
14/11/2020 22:43:46,0,0,0
14/11/2020 22:43:47,0,0,0
14/11/2020 22:43:48,0,0,0
14/11/2020 22:43:49,0,0,0
14/11/2020 22:43:50,0,0,0
14/11/2020 22:43:51,0,0,0
14/11/2020 22:43:52,0,0,0
14/11/2020 22:43:53,0,0,0
14/11/2020 22:43:54,0,0,0
14/11/2020 22:43:55,0,0,0
14/11/2020 22:43:56,0,0,0
14/11/2020 22:43:57,0,0,0
14/11/2020 22:43:58,0,0,0
14/11/2020 22:43:59,0,0,0
14/11/2020 22:44:00,0,0,0
14/11/2020 22:44:01,0,0,0
14/11/2020 22:44:02,0,0,0
14/11/2020 22:44:03,0,0,0
14/11/2020 22:44:04,0,0,0
14/11/2020 22:44:05,0,0,0
14/11/2020 22:44:06,0,0,0
14/11/2020 22:44:07,0,0,0
14/11/2020 22:44:08,0,0,0
14/11/2020 22:44:09,0,0,0
14/11/2020 22:44:10,0,0,0
14/11/2020 22:44:11,0,0,0
14/11/2020 22:44:12,0,0,0
14/11/2020 22:44:13,0,0,0
14/11/2020 22:44:14,0,0,0
14/11/2020 22:44:15,0,0,0
14/11/2020 22:44:16,0,0,0
14/11/2020 22:44:17,0,0,0
14/11/2020 22:44:18,0,0,0
14/11/2020 22:44:19,0,0,0
14/11/2020 22:44:20,0,0,0
14/11/2020 22:44:21,0,0,0
14/11/2020 22:44:22,0,0,0
14/11/2020 22:44:23,0,0,0
14/11/2020 22:44:24,0,0,0
14/11/2020 22:44:25,0,0,0
14/11/2020 22:44:26,0,0,0
14/11/2020 22:44:27,0,0,0
14/11/2020 22:44:28,0,0,0
14/11/2020 22:44:29,0,0,0
14/11/2020 22:44:30,0,0,0
14/11/2020 22:44:31,0,0,0
14/11/2020 22:44:32,0,0,0
14/11/2020 22:44:33,0,0,0
14/11/2020 22:44:34,0,0,0
14/11/2020 22:44:35,0,0,0
14/11/2020 22:44:36,0,0,0
14/11/2020 22:44:37,0,0,0
14/11/2020 22:44:38,0,0,0
14/11/2020 22:44:39,0,0,0
14/11/2020 22:44:40,0,0,0
14/11/2020 22:44:41,0,0,0
14/11/2020 22:44:42,0,0,0
14/11/2020 22:44:43,0,0,0
14/11/2020 22:44:44,0,0,0
14/11/2020 22:44:45,0,0,0
14/11/2020 22:44:46,0,0,0
14/11/2020 22:44:47,0,0,0
14/11/2020 22:44:48,0,0,0
14/11/2020 22:44:49,0,0,0
14/11/2020 22:44:50,0,0,0
14/11/2020 22:44:51,0,0,0
14/11/2020 22:44:52,0,0,0
14/11/2020 22:44:53,0,0,0
14/11/2020 22:44:54,0,0,0
14/11/2020 22:44:55,0,0,0
14/11/2020 22:44:56,0,0,0
14/11/2020 22:44:57,0,0,0
14/11/2020 22:44:58,0,0,0
14/11/2020 22:44:59,0,0,0
14/11/2020 22:45:00,0,0,0
14/11/2020 22:45:01,0,0,0
14/11/2020 22:45:02,0,0,0
14/11/2020 22:45:03,0,0,0
14/11/2020 22:45:04,0,0,0
14/11/2020 22:45:05,0,0,0
14/11/2020 22:45:06,0,0,0
14/11/2020 22:45:07,0,0,0
14/11/2020 22:45:08,0,0,0
14/11/2020 22:45:09,0,0,0
14/11/2020 22:45:10,0,0,0
14/11/2020 22:45:11,0,0,0
14/11/2020 22:45:12,0,0,0
14/11/2020 22:45:13,0,0,0
14/11/2020 22:45:14,0,0,0
14/11/2020 22:45:15,0,0,0
14/11/2020 22:45:16,0,0,0
14/11/2020 22:45:17,0,0,0
14/11/2020 22:45:18,0,0,0
14/11/2020 22:45:19,0,0,0
14/11/2020 22:45:20,0,0,0
14/11/2020 22:45:21,0,0,0
14/11/2020 22:45:22,0,0,0
14/11/2020 22:45:23,0,0,0
14/11/2020 22:45:24,0,0,0
14/11/2020 22:45:25,0,0,0
14/11/2020 22:45:26,0,0,0
14/11/2020 22:45:27,0,0,0
14/11/2020 22:45:28,0,0,0
14/11/2020 22:45:29,0,0,0
14/11/2020 22:45:30,0,0,0
14/11/2020 22:45:31,0,0,0
14/11/2020 22:45:32,0,0,0
14/11/2020 22:45:33,0,0,0
14/11/2020 22:45:34,0,0,0
14/11/2020 22:45:35,0,0,0
14/11/2020 22:45:36,0,0,0
14/11/2020 22:45:37,0,0,0
14/11/2020 22:45:38,0,0,0
14/11/2020 22:45:39,0,0,0
14/11/2020 22:45:40,0,0,0
14/11/2020 22:45:41,0,0,0
14/11/2020 22:45:42,0,0,0
14/11/2020 22:45:43,0,0,0
14/11/2020 22:45:44,0,0,0
14/11/2020 22:45:45,0,0,0
14/11/2020 22:45:46,0,0,0
14/11/2020 22:45:47,0,0,0
14/11/2020 22:45:48,0,0,0
14/11/2020 22:45:49,0,0,0
14/11/2020 22:45:50,0,0,0
14/11/2020 22:45:51,0,0,0
14/11/2020 22:45:52,0,0,0
14/11/2020 22:45:53,0,0,0
14/11/2020 22:45:54,0,0,0
14/11/2020 22:45:55,0,0,0
14/11/2020 22:45:56,0,0,0
14/11/2020 22:45:57,0,0,0
14/11/2020 22:45:58,0,0,0
14/11/2020 22:45:59,0,0,0
14/11/2020 22:46:00,0,0,0
14/11/2020 22:46:01,0,0,0
14/11/2020 22:46:02,0,0,0
14/11/2020 22:46:03,0,0,0
14/11/2020 22:46:04,0,0,0
14/11/2020 22:46:05,0,0,0
14/11/2020 22:46:06,0,0,0
14/11/2020 22:46:07,0,0,0
14/11/2020 22:46:08,0,0,0
14/11/2020 22:46:09,0,0,0
14/11/2020 22:46:10,0,0,0
14/11/2020 22:46:11,0,0,0
14/11/2020 22:46:12,0,0,0
14/11/2020 22:46:13,0,0,0
14/11/2020 22:46:14,0,0,0
14/11/2020 22:46:15,0,0,0
14/11/2020 22:46:16,0,0,0
14/11/2020 22:46:17,0,0,0
14/11/2020 22:46:18,0,0,0
14/11/2020 22:46:19,0,0,0
14/11/2020 22:46:20,0,0,0
14/11/2020 22:46:21,0,0,0
14/11/2020 22:46:22,0,0,0
14/11/2020 22:46:23,0,0,0
14/11/2020 22:46:24,0,0,0
14/11/2020 22:46:25,0,0,0
14/11/2020 22:46:26,0,0,0
14/11/2020 22:46:27,0,0,0
14/11/2020 22:46:28,0,0,0
14/11/2020 22:46:29,0,0,0
14/11/2020 22:46:30,0,0,0
14/11/2020 22:46:31,0,0,0
14/11/2020 22:46:32,0,0,0
14/11/2020 22:46:33,0,0,0
14/11/2020 22:46:34,0,0,0
14/11/2020 22:46:35,0,0,0
14/11/2020 22:46:36,0,0,0
14/11/2020 22:46:37,0,0,0
14/11/2020 22:46:38,0,0,0
14/11/2020 22:46:39,0,0,0
14/11/2020 22:46:40,0,0,0
14/11/2020 22:46:41,0,0,0
14/11/2020 22:46:42,0,0,0
14/11/2020 22:46:43,0,0,0
14/11/2020 22:46:44,0,0,0
14/11/2020 22:46:45,0,0,0
14/11/2020 22:46:46,0,0,0
14/11/2020 22:46:47,0,0,0
14/11/2020 22:46:48,0,0,0
14/11/2020 22:46:49,0,0,0
14/11/2020 22:46:50,0,0,0
14/11/2020 22:46:51,0,0,0
14/11/2020 22:46:52,0,0,0
14/11/2020 22:46:53,0,0,0
14/11/2020 22:46:54,0,0,0
14/11/2020 22:46:55,0,0,0
14/11/2020 22:46:56,0,0,0
14/11/2020 22:46:57,0,0,0
14/11/2020 22:46:58,0,0,0
14/11/2020 22:46:59,0,0,0
14/11/2020 22:47:00,0,0,0
14/11/2020 22:47:01,0,0,0
14/11/2020 22:47:02,0,0,0
14/11/2020 22:47:03,0,0,0
14/11/2020 22:47:04,0,0,0
14/11/2020 22:47:05,0,0,0
14/11/2020 22:47:06,0,0,0
14/11/2020 22:47:07,0,0,0
14/11/2020 22:47:08,0,0,0
14/11/2020 22:47:09,0,0,0
14/11/2020 22:47:10,0,0,0
14/11/2020 22:47:11,0,0,0
14/11/2020 22:47:12,0,0,0
14/11/2020 22:47:13,0,0,0
14/11/2020 22:47:14,0,0,0
14/11/2020 22:47:15,0,0,0
14/11/2020 22:47:16,0,0,0
14/11/2020 22:47:17,0,0,0
14/11/2020 22:47:18,0,0,0
14/11/2020 22:47:19,0,0,0
14/11/2020 22:47:20,0,0,0
14/11/2020 22:47:21,0,0,0
14/11/2020 22:47:22,0,0,0
14/11/2020 22:47:23,0,0,0
14/11/2020 22:47:24,0,0,0
14/11/2020 22:47:25,0,0,0
14/11/2020 22:47:26,0,0,0
14/11/2020 22:47:27,0,0,0
14/11/2020 22:47:28,0,0,0
14/11/2020 22:47:29,0,0,0
14/11/2020 22:47:30,0,0,0
14/11/2020 22:47:31,0,0,0
14/11/2020 22:47:32,0,0,0
14/11/2020 22:47:33,0,0,0
14/11/2020 22:47:34,0,0,0
14/11/2020 22:47:35,0,0,0
14/11/2020 22:47:36,0,0,0
14/11/2020 22:47:37,0,0,0
14/11/2020 22:47:38,0,0,0
14/11/2020 22:47:39,0,0,0
14/11/2020 22:47:40,0,0,0
14/11/2020 22:47:41,0,0,0
14/11/2020 22:47:42,0,0,0
14/11/2020 22:47:43,0,0,0
14/11/2020 22:47:44,0,0,0
14/11/2020 22:47:45,0,0,0
14/11/2020 22:47:46,0,0,0
14/11/2020 22:47:47,0,0,0
14/11/2020 22:47:48,0,0,0
14/11/2020 22:47:49,0,0,0
14/11/2020 22:47:50,0,0,0
14/11/2020 22:47:51,0,0,0
14/11/2020 22:47:52,0,0,0
14/11/2020 22:47:53,0,0,0
14/11/2020 22:47:54,0,0,0
14/11/2020 22:47:55,0,0,0
14/11/2020 22:47:56,0,0,0
14/11/2020 22:47:57,0,0,0
14/11/2020 22:47:58,0,0,0
14/11/2020 22:47:59,0,0,0
14/11/2020 22:48:00,0,0,0
14/11/2020 22:48:01,0,0,0
14/11/2020 22:48:02,0,0,0
14/11/2020 22:48:03,0,0,0
14/11/2020 22:48:04,0,0,0
14/11/2020 22:48:05,0,0,0
14/11/2020 22:48:06,0,0,0
14/11/2020 22:48:07,0,0,0
14/11/2020 22:48:08,0,0,0
14/11/2020 22:48:09,0,0,0
14/11/2020 22:48:10,0,0,0
14/11/2020 22:48:11,0,0,0
14/11/2020 22:48:12,0,0,0
14/11/2020 22:48:13,0,0,0
14/11/2020 22:48:14,0,0,0
14/11/2020 22:48:15,0,0,0
14/11/2020 22:48:16,0,0,0
14/11/2020 22:48:17,0,0,0
14/11/2020 22:48:18,0,0,0
14/11/2020 22:48:19,0,0,0
14/11/2020 22:48:20,0,0,0
14/11/2020 22:48:21,0,0,0
14/11/2020 22:48:22,0,0,0
14/11/2020 22:48:23,0,0,0
14/11/2020 22:48:24,0,0,0
14/11/2020 22:48:25,0,0,0
14/11/2020 22:48:26,0,0,0
14/11/2020 22:48:27,0,0,0
14/11/2020 22:48:28,0,0,0
14/11/2020 22:48:29,0,0,0
14/11/2020 22:48:30,0,0,0
14/11/2020 22:48:31,0,0,0
14/11/2020 22:48:32,0,0,0
14/11/2020 22:48:33,0,0,0
14/11/2020 22:48:34,0,0,0
14/11/2020 22:48:35,0,0,0
14/11/2020 22:48:36,0,0,0
14/11/2020 22:48:37,0,0,0
14/11/2020 22:48:38,0,0,0
14/11/2020 22:48:39,0,0,0
14/11/2020 22:48:40,0,0,0
14/11/2020 22:48:41,0,0,0
14/11/2020 22:48:42,0,0,0
14/11/2020 22:48:43,0,0,0
14/11/2020 22:48:44,0,0,0
14/11/2020 22:48:45,0,0,0
14/11/2020 22:48:46,0,0,0
14/11/2020 22:48:47,0,0,0
14/11/2020 22:48:48,0,0,0
14/11/2020 22:48:49,0,0,0
14/11/2020 22:48:50,0,0,0
14/11/2020 22:48:51,0,0,0
14/11/2020 22:48:52,0,0,0
14/11/2020 22:48:53,0,0,0
14/11/2020 22:48:54,0,0,0
14/11/2020 22:48:55,0,0,0
14/11/2020 22:48:56,0,0,0
14/11/2020 22:48:57,0,0,0
14/11/2020 22:48:58,0,0,0
14/11/2020 22:48:59,0,0,0
14/11/2020 22:49:00,0,0,0
14/11/2020 22:49:01,0,0,0
14/11/2020 22:49:02,0,0,0
14/11/2020 22:49:03,0,0,0
14/11/2020 22:49:04,0,0,0
14/11/2020 22:49:05,0,0,0
14/11/2020 22:49:06,0,0,0
14/11/2020 22:49:07,0,0,0
14/11/2020 22:49:08,0,0,0
14/11/2020 22:49:09,0,0,0
14/11/2020 22:49:10,0,0,0
14/11/2020 22:49:11,0,0,0
14/11/2020 22:49:12,0,0,0
14/11/2020 22:49:13,0,0,0
14/11/2020 22:49:14,0,0,0
14/11/2020 22:49:15,0,0,0
14/11/2020 22:49:16,0,0,0
14/11/2020 22:49:17,0,0,0
14/11/2020 22:49:18,0,0,0
14/11/2020 22:49:19,0,0,0
14/11/2020 22:49:20,0,0,0
14/11/2020 22:49:21,0,0,0
14/11/2020 22:49:22,0,0,0
14/11/2020 22:49:23,0,0,0
14/11/2020 22:49:24,0,0,0
14/11/2020 22:49:25,0,0,0
14/11/2020 22:49:26,0,0,0
14/11/2020 22:49:27,0,0,0
14/11/2020 22:49:28,0,0,0
14/11/2020 22:49:29,0,0,0
14/11/2020 22:49:30,0,0,0
14/11/2020 22:49:31,0,0,0
14/11/2020 22:49:32,0,0,0
14/11/2020 22:49:33,0,0,0
14/11/2020 22:49:34,0,0,0
14/11/2020 22:49:35,0,0,0
14/11/2020 22:49:36,0,0,0
14/11/2020 22:49:37,0,0,0
14/11/2020 22:49:38,0,0,0
14/11/2020 22:49:39,0,0,0
14/11/2020 22:49:40,0,0,0
14/11/2020 22:49:41,0,0,0
14/11/2020 22:49:42,0,0,0
14/11/2020 22:49:43,0,0,0
14/11/2020 22:49:44,0,0,0
14/11/2020 22:49:45,0,0,0
14/11/2020 22:49:46,0,0,0
14/11/2020 22:49:47,0,0,0
14/11/2020 22:49:48,0,0,0
14/11/2020 22:49:49,0,0,0
14/11/2020 22:49:50,0,0,0
14/11/2020 22:49:51,0,0,0
14/11/2020 22:49:52,0,0,0
14/11/2020 22:49:53,0,0,0
14/11/2020 22:49:54,0,0,0
14/11/2020 22:49:55,0,0,0
14/11/2020 22:49:56,0,0,0
14/11/2020 22:49:57,0,0,0
14/11/2020 22:49:58,0,0,0
14/11/2020 22:49:59,0,0,0
14/11/2020 22:50:00,0,0,0
14/11/2020 22:50:01,0,0,0
14/11/2020 22:50:02,0,0,0
14/11/2020 22:50:03,0,0,0
14/11/2020 22:50:04,0,0,0
14/11/2020 22:50:05,0,0,0
14/11/2020 22:50:06,0,0,0
14/11/2020 22:50:07,0,0,0
14/11/2020 22:50:08,0,0,0
14/11/2020 22:50:09,0,0,0
14/11/2020 22:50:10,0,0,0
14/11/2020 22:50:11,0,0,0
14/11/2020 22:50:12,0,0,0
14/11/2020 22:50:13,0,0,0
14/11/2020 22:50:14,0,0,0
14/11/2020 22:50:15,0,0,0
14/11/2020 22:50:16,0,0,0
14/11/2020 22:50:17,0,0,0
14/11/2020 22:50:18,0,0,0
14/11/2020 22:50:19,0,0,0
14/11/2020 22:50:20,0,0,0
14/11/2020 22:50:21,0,0,0
14/11/2020 22:50:22,0,0,0
14/11/2020 22:50:23,0,0,0
14/11/2020 22:50:24,0,0,0
14/11/2020 22:50:25,0,0,0
14/11/2020 22:50:26,0,0,0
14/11/2020 22:50:27,0,0,0
14/11/2020 22:50:28,0,0,0
14/11/2020 22:50:29,0,0,0
14/11/2020 22:50:30,0,0,0
14/11/2020 22:50:31,0,0,0
14/11/2020 22:50:32,0,0,0
14/11/2020 22:50:33,0,0,0
14/11/2020 22:50:34,0,0,0
14/11/2020 22:50:35,0,0,0
14/11/2020 22:50:36,0,0,0
14/11/2020 22:50:37,0,0,0
14/11/2020 22:50:38,0,0,0
14/11/2020 22:50:39,0,0,0
14/11/2020 22:50:40,0,0,0
14/11/2020 22:50:41,0,0,0
14/11/2020 22:50:42,0,0,0
14/11/2020 22:50:43,0,0,0
14/11/2020 22:50:44,0,0,0
14/11/2020 22:50:45,0,0,0
14/11/2020 22:50:46,0,0,0
14/11/2020 22:50:47,0,0,0
14/11/2020 22:50:48,0,0,0
14/11/2020 22:50:49,0,0,0
14/11/2020 22:50:50,0,0,0
14/11/2020 22:50:51,0,0,0
14/11/2020 22:50:52,0,0,0
14/11/2020 22:50:53,0,0,0
14/11/2020 22:50:54,0,0,0
14/11/2020 22:50:55,0,0,0
14/11/2020 22:50:56,0,0,0
14/11/2020 22:50:57,0,0,0
14/11/2020 22:50:58,0,0,0
14/11/2020 22:50:59,0,0,0
14/11/2020 22:51:00,0,0,0
14/11/2020 22:51:01,0,0,0
14/11/2020 22:51:02,0,0,0
14/11/2020 22:51:03,0,0,0
14/11/2020 22:51:04,0,0,0
14/11/2020 22:51:05,0,0,0
14/11/2020 22:51:06,0,0,0
14/11/2020 22:51:07,0,0,0
14/11/2020 22:51:08,0,0,0
14/11/2020 22:51:09,0,0,0
14/11/2020 22:51:10,0,0,0
14/11/2020 22:51:11,0,0,0
14/11/2020 22:51:12,0,0,0
14/11/2020 22:51:13,0,0,0
14/11/2020 22:51:14,0,0,0
14/11/2020 22:51:15,0,0,0
14/11/2020 22:51:16,0,0,0
14/11/2020 22:51:17,0,0,0
14/11/2020 22:51:18,0,0,0
14/11/2020 22:51:19,0,0,0
14/11/2020 22:51:20,0,0,0
14/11/2020 22:51:21,0,0,0
14/11/2020 22:51:22,0,0,0
14/11/2020 22:51:23,0,0,0
14/11/2020 22:51:24,0,0,0
14/11/2020 22:51:25,0,0,0
14/11/2020 22:51:26,0,0,0
14/11/2020 22:51:27,0,0,0
14/11/2020 22:51:28,0,0,0
14/11/2020 22:51:29,0,0,0
14/11/2020 22:51:30,0,0,0
14/11/2020 22:51:31,0,0,0
14/11/2020 22:51:32,0,0,0
14/11/2020 22:51:33,0,0,0
14/11/2020 22:51:34,0,0,0
14/11/2020 22:51:35,0,0,0
14/11/2020 22:51:36,0,0,0
14/11/2020 22:51:37,0,0,0
14/11/2020 22:51:38,0,0,0
14/11/2020 22:51:39,0,0,0
14/11/2020 22:51:40,0,0,0
14/11/2020 22:51:41,0,0,0
14/11/2020 22:51:42,0,0,0
14/11/2020 22:51:43,0,0,0
14/11/2020 22:51:44,0,0,0
14/11/2020 22:51:45,0,0,0
14/11/2020 22:51:46,0,0,0
14/11/2020 22:51:47,0,0,0
14/11/2020 22:51:48,0,0,0
14/11/2020 22:51:49,0,0,0
14/11/2020 22:51:50,0,0,0
14/11/2020 22:51:51,0,0,0
14/11/2020 22:51:52,0,0,0
14/11/2020 22:51:53,0,0,0
14/11/2020 22:51:54,0,0,0
14/11/2020 22:51:55,0,0,0
14/11/2020 22:51:56,0,0,0
14/11/2020 22:51:57,0,0,0
14/11/2020 22:51:58,0,0,0
14/11/2020 22:51:59,0,0,0
14/11/2020 22:52:00,0,0,0
14/11/2020 22:52:01,0,0,0
14/11/2020 22:52:02,0,0,0
14/11/2020 22:52:03,0,0,0
14/11/2020 22:52:04,0,0,0
14/11/2020 22:52:05,0,0,0
14/11/2020 22:52:06,0,0,0
14/11/2020 22:52:07,0,0,0
14/11/2020 22:52:08,0,0,0
14/11/2020 22:52:09,0,0,0
14/11/2020 22:52:10,0,0,0
14/11/2020 22:52:11,0,0,0
14/11/2020 22:52:12,0,0,0
14/11/2020 22:52:13,0,0,0
14/11/2020 22:52:14,0,0,0
14/11/2020 22:52:15,0,0,0
14/11/2020 22:52:16,0,0,0
14/11/2020 22:52:17,0,0,0
14/11/2020 22:52:18,0,0,0
14/11/2020 22:52:19,0,0,0
14/11/2020 22:52:20,0,0,0
14/11/2020 22:52:21,0,0,0
14/11/2020 22:52:22,0,0,0
14/11/2020 22:52:23,0,0,0
14/11/2020 22:52:24,0,0,0
14/11/2020 22:52:25,0,0,0
14/11/2020 22:52:26,0,0,0
14/11/2020 22:52:27,0,0,0
14/11/2020 22:52:28,0,0,0
14/11/2020 22:52:29,0,0,0
14/11/2020 22:52:30,0,0,0
14/11/2020 22:52:31,0,0,0
14/11/2020 22:52:32,0,0,0
14/11/2020 22:52:33,0,0,0
14/11/2020 22:52:34,0,0,0
14/11/2020 22:52:35,0,0,0
14/11/2020 22:52:36,0,0,0
14/11/2020 22:52:37,0,0,0
14/11/2020 22:52:38,0,0,0
14/11/2020 22:52:39,0,0,0
14/11/2020 22:52:40,0,0,0
14/11/2020 22:52:41,0,0,0
14/11/2020 22:52:42,0,0,0
14/11/2020 22:52:43,0,0,0
14/11/2020 22:52:44,0,0,0
14/11/2020 22:52:45,0,0,0
14/11/2020 22:52:46,0,0,0
14/11/2020 22:52:47,0,0,0
14/11/2020 22:52:48,0,0,0
14/11/2020 22:52:49,0,0,0
14/11/2020 22:52:50,0,0,0
14/11/2020 22:52:51,0,0,0
14/11/2020 22:52:52,0,0,0
14/11/2020 22:52:53,0,0,0
14/11/2020 22:52:54,0,0,0
14/11/2020 22:52:55,0,0,0
14/11/2020 22:52:56,0,0,0
14/11/2020 22:52:57,0,0,0
14/11/2020 22:52:58,0,0,0
14/11/2020 22:52:59,0,0,0
14/11/2020 22:53:00,0,0,0
14/11/2020 22:53:01,0,0,0
14/11/2020 22:53:02,0,0,0
14/11/2020 22:53:03,0,0,0
14/11/2020 22:53:04,0,0,0
14/11/2020 22:53:05,0,0,0
14/11/2020 22:53:06,0,0,0
14/11/2020 22:53:07,0,0,0
14/11/2020 22:53:08,0,0,0
14/11/2020 22:53:09,0,0,0
14/11/2020 22:53:10,0,0,0
14/11/2020 22:53:11,0,0,0
14/11/2020 22:53:12,0,0,0
14/11/2020 22:53:13,0,0,0
14/11/2020 22:53:14,0,0,0
14/11/2020 22:53:15,0,0,0
14/11/2020 22:53:16,0,0,0
14/11/2020 22:53:17,0,0,0
14/11/2020 22:53:18,0,0,0
14/11/2020 22:53:19,0,0,0
14/11/2020 22:53:20,0,0,0
14/11/2020 22:53:21,0,0,0
14/11/2020 22:53:22,0,0,0
14/11/2020 22:53:23,0,0,0
14/11/2020 22:53:24,0,0,0
14/11/2020 22:53:25,0,0,0
14/11/2020 22:53:26,0,0,0
14/11/2020 22:53:27,0,0,0
14/11/2020 22:53:28,0,0,0
14/11/2020 22:53:29,0,0,0
14/11/2020 22:53:30,0,0,0
14/11/2020 22:53:31,0,0,0
14/11/2020 22:53:32,0,0,0
14/11/2020 22:53:33,0,0,0
14/11/2020 22:53:34,0,0,0
14/11/2020 22:53:35,0,0,0
14/11/2020 22:53:36,0,0,0
14/11/2020 22:53:37,0,0,0
14/11/2020 22:53:38,0,0,0
14/11/2020 22:53:39,0,0,0
14/11/2020 22:53:40,0,0,0
14/11/2020 22:53:41,0,0,0
14/11/2020 22:53:42,0,0,0
14/11/2020 22:53:43,0,0,0
14/11/2020 22:53:44,0,0,0
14/11/2020 22:53:45,0,0,0
14/11/2020 22:53:46,0,0,0
14/11/2020 22:53:47,0,0,0
14/11/2020 22:53:48,0,0,0
14/11/2020 22:53:49,0,0,0
14/11/2020 22:53:50,0,0,0
14/11/2020 22:53:51,0,0,0
14/11/2020 22:53:52,0,0,0
14/11/2020 22:53:53,0,0,0
14/11/2020 22:53:54,0,0,0
14/11/2020 22:53:55,0,0,0
14/11/2020 22:53:56,0,0,0
14/11/2020 22:53:57,0,0,0
14/11/2020 22:53:58,0,0,0
14/11/2020 22:53:59,0,0,0
14/11/2020 22:54:00,0,0,0
14/11/2020 22:54:01,0,0,0
14/11/2020 22:54:02,0,0,0
14/11/2020 22:54:03,0,0,0
14/11/2020 22:54:04,0,0,0
14/11/2020 22:54:05,0,0,0
14/11/2020 22:54:06,0,0,0
14/11/2020 22:54:07,0,0,0
14/11/2020 22:54:08,0,0,0
14/11/2020 22:54:09,0,0,0
14/11/2020 22:54:10,0,0,0
14/11/2020 22:54:11,0,0,0
14/11/2020 22:54:12,0,0,0
14/11/2020 22:54:13,0,0,0
14/11/2020 22:54:14,0,0,0
14/11/2020 22:54:15,0,0,0
14/11/2020 22:54:16,0,0,0
14/11/2020 22:54:17,0,0,0
14/11/2020 22:54:18,0,0,0
14/11/2020 22:54:19,0,0,0
14/11/2020 22:54:20,0,0,0
14/11/2020 22:54:21,0,0,0
14/11/2020 22:54:22,0,0,0
14/11/2020 22:54:23,0,0,0
14/11/2020 22:54:24,0,0,0
14/11/2020 22:54:25,0,0,0
14/11/2020 22:54:26,0,0,0
14/11/2020 22:54:27,0,0,0
14/11/2020 22:54:28,0,0,0
14/11/2020 22:54:29,0,0,0
14/11/2020 22:54:30,0,0,0
14/11/2020 22:54:31,0,0,0
14/11/2020 22:54:32,0,0,0
14/11/2020 22:54:33,0,0,0
14/11/2020 22:54:34,0,0,0
14/11/2020 22:54:35,0,0,0
14/11/2020 22:54:36,0,0,0
14/11/2020 22:54:37,0,0,0
14/11/2020 22:54:38,0,0,0
14/11/2020 22:54:39,0,0,0
14/11/2020 22:54:40,0,0,0
14/11/2020 22:54:41,0,0,0
14/11/2020 22:54:42,0,0,0
14/11/2020 22:54:43,0,0,0
14/11/2020 22:54:44,0,0,0
14/11/2020 22:54:45,0,0,0
14/11/2020 22:54:46,0,0,0
14/11/2020 22:54:47,0,0,0
14/11/2020 22:54:48,0,0,0
14/11/2020 22:54:49,0,0,0
14/11/2020 22:54:50,0,0,0
14/11/2020 22:54:51,0,0,0
14/11/2020 22:54:52,0,0,0
14/11/2020 22:54:53,0,0,0
14/11/2020 22:54:54,0,0,0
14/11/2020 22:54:55,0,0,0
14/11/2020 22:54:56,0,0,0
14/11/2020 22:54:57,0,0,0
14/11/2020 22:54:58,0,0,0
14/11/2020 22:54:59,0,0,0
14/11/2020 22:55:00,0,0,0
14/11/2020 22:55:01,0,0,0
14/11/2020 22:55:02,0,0,0
14/11/2020 22:55:03,0,0,0
14/11/2020 22:55:04,0,0,0
14/11/2020 22:55:05,0,0,0
14/11/2020 22:55:06,0,0,0
14/11/2020 22:55:07,0,0,0
14/11/2020 22:55:08,0,0,0
14/11/2020 22:55:09,0,0,0
14/11/2020 22:55:10,0,0,0
14/11/2020 22:55:11,0,0,0
14/11/2020 22:55:12,0,0,0
14/11/2020 22:55:13,0,0,0
14/11/2020 22:55:14,0,0,0
14/11/2020 22:55:15,0,0,0
14/11/2020 22:55:16,0,0,0
14/11/2020 22:55:17,0,0,0
14/11/2020 22:55:18,0,0,0
14/11/2020 22:55:19,0,0,0
14/11/2020 22:55:20,0,0,0
14/11/2020 22:55:21,0,0,0
14/11/2020 22:55:22,0,0,0
14/11/2020 22:55:23,0,0,0
14/11/2020 22:55:24,0,0,0
14/11/2020 22:55:25,0,0,0
14/11/2020 22:55:26,0,0,0
14/11/2020 22:55:27,0,0,0
14/11/2020 22:55:28,0,0,0
14/11/2020 22:55:29,0,0,0
14/11/2020 22:55:30,0,0,0
14/11/2020 22:55:31,0,0,0
14/11/2020 22:55:32,0,0,0
14/11/2020 22:55:33,0,0,0
14/11/2020 22:55:34,0,0,0
14/11/2020 22:55:35,0,0,0
14/11/2020 22:55:36,0,0,0
14/11/2020 22:55:37,0,0,0
14/11/2020 22:55:38,0,0,0
14/11/2020 22:55:39,0,0,0
14/11/2020 22:55:40,0,0,0
14/11/2020 22:55:41,0,0,0
14/11/2020 22:55:42,0,0,0
14/11/2020 22:55:43,0,0,0
14/11/2020 22:55:44,0,0,0
14/11/2020 22:55:45,0,0,0
14/11/2020 22:55:46,0,0,0
14/11/2020 22:55:47,0,0,0
14/11/2020 22:55:48,0,0,0
14/11/2020 22:55:49,0,0,0
14/11/2020 22:55:50,0,0,0
14/11/2020 22:55:51,0,0,0
14/11/2020 22:55:52,0,0,0
14/11/2020 22:55:53,0,0,0
14/11/2020 22:55:54,0,0,0
14/11/2020 22:55:55,0,0,0
14/11/2020 22:55:56,0,0,0
14/11/2020 22:55:57,0,0,0
14/11/2020 22:55:58,0,0,0
14/11/2020 22:55:59,0,0,0
14/11/2020 22:56:00,0,0,0
14/11/2020 22:56:01,0,0,0
14/11/2020 22:56:02,0,0,0
14/11/2020 22:56:03,0,0,0
14/11/2020 22:56:04,0,0,0
14/11/2020 22:56:05,0,0,0
14/11/2020 22:56:06,0,0,0
14/11/2020 22:56:07,0,0,0
14/11/2020 22:56:08,0,0,0
14/11/2020 22:56:09,0,0,0
14/11/2020 22:56:10,0,0,0
14/11/2020 22:56:11,0,0,0
14/11/2020 22:56:12,0,0,0
14/11/2020 22:56:13,0,0,0
14/11/2020 22:56:14,0,0,0
14/11/2020 22:56:15,0,0,0
14/11/2020 22:56:16,0,0,0
14/11/2020 22:56:17,0,0,0
14/11/2020 22:56:18,0,0,0
14/11/2020 22:56:19,0,0,0
14/11/2020 22:56:20,0,0,0
14/11/2020 22:56:21,0,0,0
14/11/2020 22:56:22,0,0,0
14/11/2020 22:56:23,0,0,0
14/11/2020 22:56:24,0,0,0
14/11/2020 22:56:25,0,0,0
14/11/2020 22:56:26,0,0,0
14/11/2020 22:56:27,0,0,0
14/11/2020 22:56:28,0,0,0
14/11/2020 22:56:29,0,0,0
14/11/2020 22:56:30,0,0,0
14/11/2020 22:56:31,0,0,0
14/11/2020 22:56:32,0,0,0
14/11/2020 22:56:33,0,0,0
14/11/2020 22:56:34,0,0,0
14/11/2020 22:56:35,0,0,0
14/11/2020 22:56:36,0,0,0
14/11/2020 22:56:37,0,0,0
14/11/2020 22:56:38,0,0,0
14/11/2020 22:56:39,0,0,0
14/11/2020 22:56:40,0,0,0
14/11/2020 22:56:41,0,0,0
14/11/2020 22:56:42,0,0,0
14/11/2020 22:56:43,0,0,0
14/11/2020 22:56:44,0,0,0
14/11/2020 22:56:45,0,0,0
14/11/2020 22:56:46,0,0,0
14/11/2020 22:56:47,0,0,0
14/11/2020 22:56:48,0,0,0
14/11/2020 22:56:49,0,0,0
14/11/2020 22:56:50,0,0,0
14/11/2020 22:56:51,0,0,0
14/11/2020 22:56:52,0,0,0
14/11/2020 22:56:53,0,0,0
14/11/2020 22:56:54,0,0,0
14/11/2020 22:56:55,0,0,0
14/11/2020 22:56:56,0,0,0
14/11/2020 22:56:57,0,0,0
14/11/2020 22:56:58,0,0,0
14/11/2020 22:56:59,0,0,0
14/11/2020 22:57:00,0,0,0
14/11/2020 22:57:01,0,0,0
14/11/2020 22:57:02,0,0,0
14/11/2020 22:57:03,0,0,0
14/11/2020 22:57:04,0,0,0
14/11/2020 22:57:05,0,0,0
14/11/2020 22:57:06,0,0,0
14/11/2020 22:57:07,0,0,0
14/11/2020 22:57:08,0,0,0
14/11/2020 22:57:09,0,0,0
14/11/2020 22:57:10,0,0,0
14/11/2020 22:57:11,0,0,0
14/11/2020 22:57:12,0,0,0
14/11/2020 22:57:13,0,0,0
14/11/2020 22:57:14,0,0,0
14/11/2020 22:57:15,0,0,0
14/11/2020 22:57:16,0,0,0
14/11/2020 22:57:17,0,0,0
14/11/2020 22:57:18,0,0,0
14/11/2020 22:57:19,0,0,0
14/11/2020 22:57:20,0,0,0
14/11/2020 22:57:21,0,0,0
14/11/2020 22:57:22,0,0,0
14/11/2020 22:57:23,0,0,0
14/11/2020 22:57:24,0,0,0
14/11/2020 22:57:25,0,0,0
14/11/2020 22:57:26,0,0,0
14/11/2020 22:57:27,0,0,0
14/11/2020 22:57:28,0,0,0
14/11/2020 22:57:29,0,0,0
14/11/2020 22:57:30,0,0,0
14/11/2020 22:57:31,0,0,0
14/11/2020 22:57:32,0,0,0
14/11/2020 22:57:33,0,0,0
14/11/2020 22:57:34,0,0,0
14/11/2020 22:57:35,0,0,0
14/11/2020 22:57:36,0,0,0
14/11/2020 22:57:37,0,0,0
14/11/2020 22:57:38,0,0,0
14/11/2020 22:57:39,0,0,0
14/11/2020 22:57:40,0,0,0
14/11/2020 22:57:41,0,0,0
14/11/2020 22:57:42,0,0,0
14/11/2020 22:57:43,0,0,0
14/11/2020 22:57:44,0,0,0
14/11/2020 22:57:45,0,0,0
14/11/2020 22:57:46,0,0,0
14/11/2020 22:57:47,0,0,0
14/11/2020 22:57:48,0,0,0
14/11/2020 22:57:49,0,0,0
14/11/2020 22:57:50,0,0,0
14/11/2020 22:57:51,0,0,0
14/11/2020 22:57:52,0,0,0
14/11/2020 22:57:53,0,0,0
14/11/2020 22:57:54,0,0,0
14/11/2020 22:57:55,0,0,0
14/11/2020 22:57:56,0,0,0
14/11/2020 22:57:57,0,0,0
14/11/2020 22:57:58,0,0,0
14/11/2020 22:57:59,0,0,0
14/11/2020 22:58:00,0,0,0
14/11/2020 22:58:01,0,0,0
14/11/2020 22:58:02,0,0,0
14/11/2020 22:58:03,0,0,0
14/11/2020 22:58:04,0,0,0
14/11/2020 22:58:05,0,0,0
14/11/2020 22:58:06,0,0,0
14/11/2020 22:58:07,0,0,0
14/11/2020 22:58:08,0,0,0
14/11/2020 22:58:09,0,0,0
14/11/2020 22:58:10,0,0,0
14/11/2020 22:58:11,0,0,0
14/11/2020 22:58:12,0,0,0
14/11/2020 22:58:13,0,0,0
14/11/2020 22:58:14,0,0,0
14/11/2020 22:58:15,0,0,0
14/11/2020 22:58:16,0,0,0
14/11/2020 22:58:17,0,0,0
14/11/2020 22:58:18,0,0,0
14/11/2020 22:58:19,0,0,0
14/11/2020 22:58:20,0,0,0
14/11/2020 22:58:21,0,0,0
14/11/2020 22:58:22,0,0,0
14/11/2020 22:58:23,0,0,0
14/11/2020 22:58:24,0,0,0
14/11/2020 22:58:25,0,0,0
14/11/2020 22:58:26,0,0,0
14/11/2020 22:58:27,0,0,0
14/11/2020 22:58:28,0,0,0
14/11/2020 22:58:29,0,0,0
14/11/2020 22:58:30,0,0,0
14/11/2020 22:58:31,0,0,0
14/11/2020 22:58:32,0,0,0
14/11/2020 22:58:33,0,0,0
14/11/2020 22:58:34,0,0,0
14/11/2020 22:58:35,0,0,0
14/11/2020 22:58:36,0,0,0
14/11/2020 22:58:37,0,0,0
14/11/2020 22:58:38,0,0,0
14/11/2020 22:58:39,0,0,0
14/11/2020 22:58:40,0,0,0
14/11/2020 22:58:41,0,0,0
14/11/2020 22:58:42,0,0,0
14/11/2020 22:58:43,0,0,0
14/11/2020 22:58:44,0,0,0
14/11/2020 22:58:45,0,0,0
14/11/2020 22:58:46,0,0,0
14/11/2020 22:58:47,0,0,0
14/11/2020 22:58:48,0,0,0
14/11/2020 22:58:49,0,0,0
14/11/2020 22:58:50,0,0,0
14/11/2020 22:58:51,0,0,0
14/11/2020 22:58:52,0,0,0
14/11/2020 22:58:53,0,0,0
14/11/2020 22:58:54,0,0,0
14/11/2020 22:58:55,0,0,0
14/11/2020 22:58:56,0,0,0
14/11/2020 22:58:57,0,0,0
14/11/2020 22:58:58,0,0,0
14/11/2020 22:58:59,0,0,0
14/11/2020 22:59:00,0,0,0
14/11/2020 22:59:01,0,0,0
14/11/2020 22:59:02,0,0,0
14/11/2020 22:59:03,0,0,0
14/11/2020 22:59:04,0,0,0
14/11/2020 22:59:05,0,0,0
14/11/2020 22:59:06,0,0,0
14/11/2020 22:59:07,0,0,0
14/11/2020 22:59:08,0,0,0
14/11/2020 22:59:09,0,0,0
14/11/2020 22:59:10,0,0,0
14/11/2020 22:59:11,0,0,0
14/11/2020 22:59:12,0,0,0
14/11/2020 22:59:13,0,0,0
14/11/2020 22:59:14,0,0,0
14/11/2020 22:59:15,0,0,0
14/11/2020 22:59:16,0,0,0
14/11/2020 22:59:17,0,0,0
14/11/2020 22:59:18,0,0,0
14/11/2020 22:59:19,0,0,0
14/11/2020 22:59:20,0,0,0
14/11/2020 22:59:21,0,0,0
14/11/2020 22:59:22,0,0,0
14/11/2020 22:59:23,0,0,0
14/11/2020 22:59:24,0,0,0
14/11/2020 22:59:25,0,0,0
14/11/2020 22:59:26,0,0,0
14/11/2020 22:59:27,0,0,0
14/11/2020 22:59:28,0,0,0
14/11/2020 22:59:29,0,0,0
14/11/2020 22:59:30,0,0,0
14/11/2020 22:59:31,0,0,0
14/11/2020 22:59:32,0,0,0
14/11/2020 22:59:33,0,0,0
14/11/2020 22:59:34,0,0,0
14/11/2020 22:59:35,0,0,0
14/11/2020 22:59:36,0,0,0
14/11/2020 22:59:37,0,0,0
14/11/2020 22:59:38,0,0,0
14/11/2020 22:59:39,0,0,0
14/11/2020 22:59:40,0,0,0
14/11/2020 22:59:41,0,0,0
14/11/2020 22:59:42,0,0,0
14/11/2020 22:59:43,0,0,0
14/11/2020 22:59:44,0,0,0
14/11/2020 22:59:45,0,0,0
14/11/2020 22:59:46,0,0,0
14/11/2020 22:59:47,0,0,0
14/11/2020 22:59:48,0,0,0
14/11/2020 22:59:49,0,0,0
14/11/2020 22:59:50,0,0,0
14/11/2020 22:59:51,0,0,0
14/11/2020 22:59:52,0,0,0
14/11/2020 22:59:53,0,0,0
14/11/2020 22:59:54,0,0,0
14/11/2020 22:59:55,0,0,0
14/11/2020 22:59:56,0,0,0
14/11/2020 22:59:57,0,0,0
14/11/2020 22:59:58,0,0,0
14/11/2020 22:59:59,0,0,0
14/11/2020 23:00:00,0,0,0
14/11/2020 23:00:01,0,0,0
14/11/2020 23:00:02,0,0,0
14/11/2020 23:00:03,0,0,0
14/11/2020 23:00:04,0,0,0
14/11/2020 23:00:05,0,0,0
14/11/2020 23:00:06,0,0,0
14/11/2020 23:00:07,0,0,0
14/11/2020 23:00:08,0,0,0
14/11/2020 23:00:09,0,0,0
14/11/2020 23:00:10,0,0,0
14/11/2020 23:00:11,0,0,0
14/11/2020 23:00:12,0,0,0
14/11/2020 23:00:13,0,0,0
14/11/2020 23:00:14,0,0,0
14/11/2020 23:00:15,0,0,0
14/11/2020 23:00:16,0,0,0
14/11/2020 23:00:17,0,0,0
14/11/2020 23:00:18,0,0,0
14/11/2020 23:00:19,0,0,0
14/11/2020 23:00:20,0,0,0
14/11/2020 23:00:21,0,0,0
14/11/2020 23:00:22,0,0,0
14/11/2020 23:00:23,0,0,0
14/11/2020 23:00:24,0,0,0
14/11/2020 23:00:25,0,0,0
14/11/2020 23:00:26,0,0,0
14/11/2020 23:00:27,0,0,0
14/11/2020 23:00:28,0,0,0
14/11/2020 23:00:29,0,0,0
14/11/2020 23:00:30,0,0,0
14/11/2020 23:00:31,0,0,0
14/11/2020 23:00:32,0,0,0
14/11/2020 23:00:33,0,0,0
14/11/2020 23:00:34,0,0,0
14/11/2020 23:00:35,0,0,0
14/11/2020 23:00:36,0,0,0
14/11/2020 23:00:37,0,0,0
14/11/2020 23:00:38,0,0,0
14/11/2020 23:00:39,0,0,0
14/11/2020 23:00:40,0,0,0
14/11/2020 23:00:41,0,0,0
14/11/2020 23:00:42,0,0,0
14/11/2020 23:00:43,0,0,0
14/11/2020 23:00:44,0,0,0
14/11/2020 23:00:45,0,0,0
14/11/2020 23:00:46,0,0,0
14/11/2020 23:00:47,0,0,0
14/11/2020 23:00:48,0,0,0
14/11/2020 23:00:49,0,0,0
14/11/2020 23:00:50,0,0,0
14/11/2020 23:00:51,0,0,0
14/11/2020 23:00:52,0,0,0
14/11/2020 23:00:53,0,0,0
14/11/2020 23:00:54,0,0,0
14/11/2020 23:00:55,0,0,0
14/11/2020 23:00:56,0,0,0
14/11/2020 23:00:57,0,0,0
14/11/2020 23:00:58,0,0,0
14/11/2020 23:00:59,0,0,0
14/11/2020 23:01:00,0,0,0
14/11/2020 23:01:01,0,0,0
14/11/2020 23:01:02,0,0,0
14/11/2020 23:01:03,0,0,0
14/11/2020 23:01:04,0,0,0
14/11/2020 23:01:05,0,0,0
14/11/2020 23:01:06,0,0,0
14/11/2020 23:01:07,0,0,0
14/11/2020 23:01:08,0,0,0
14/11/2020 23:01:09,0,0,0
14/11/2020 23:01:10,0,0,0
14/11/2020 23:01:11,0,0,0
14/11/2020 23:01:12,0,0,0
14/11/2020 23:01:13,0,0,0
14/11/2020 23:01:14,0,0,0
14/11/2020 23:01:15,0,0,0
14/11/2020 23:01:16,0,0,0
14/11/2020 23:01:17,0,0,0
14/11/2020 23:01:18,0,0,0
14/11/2020 23:01:19,0,0,0
14/11/2020 23:01:20,0,0,0
14/11/2020 23:01:21,0,0,0
14/11/2020 23:01:22,0,0,0
14/11/2020 23:01:23,0,0,0
14/11/2020 23:01:24,0,0,0
14/11/2020 23:01:25,0,0,0
14/11/2020 23:01:26,0,0,0
14/11/2020 23:01:27,0,0,0
14/11/2020 23:01:28,0,0,0
14/11/2020 23:01:29,0,0,0
14/11/2020 23:01:30,0,0,0
14/11/2020 23:01:31,0,0,0
14/11/2020 23:01:32,0,0,0
14/11/2020 23:01:33,0,0,0
14/11/2020 23:01:34,0,0,0
14/11/2020 23:01:35,0,0,0
14/11/2020 23:01:36,0,0,0
14/11/2020 23:01:37,0,0,0
14/11/2020 23:01:38,0,0,0
14/11/2020 23:01:39,0,0,0
14/11/2020 23:01:40,0,0,0
14/11/2020 23:01:41,0,0,0
14/11/2020 23:01:42,0,0,0
14/11/2020 23:01:43,0,0,0
14/11/2020 23:01:44,0,0,0
14/11/2020 23:01:45,0,0,0
14/11/2020 23:01:46,0,0,0
14/11/2020 23:01:47,0,0,0
14/11/2020 23:01:48,0,0,0
14/11/2020 23:01:49,0,0,0
14/11/2020 23:01:50,0,0,0
14/11/2020 23:01:51,0,0,0
14/11/2020 23:01:52,0,0,0
14/11/2020 23:01:53,0,0,0
14/11/2020 23:01:54,0,0,0
14/11/2020 23:01:55,0,0,0
14/11/2020 23:01:56,0,0,0
14/11/2020 23:01:57,0,0,0
14/11/2020 23:01:58,0,0,0
14/11/2020 23:01:59,0,0,0
14/11/2020 23:02:00,0,0,0
14/11/2020 23:02:01,0,0,0
14/11/2020 23:02:02,0,0,0
14/11/2020 23:02:03,0,0,0
14/11/2020 23:02:04,0,0,0
14/11/2020 23:02:05,0,0,0
14/11/2020 23:02:06,0,0,0
14/11/2020 23:02:07,0,0,0
14/11/2020 23:02:08,0,0,0
14/11/2020 23:02:09,0,0,0
14/11/2020 23:02:10,0,0,0
14/11/2020 23:02:11,0,0,11.40316677
14/11/2020 23:02:12,0,0,111.4309464
14/11/2020 23:02:13,0,0,211.458725
14/11/2020 23:02:14,0,0,311.4865112
14/11/2020 23:02:15,0,0,411.5142822
14/11/2020 23:02:16,0,0,700.5941772
14/11/2020 23:02:17,0,0,1428.702026
14/11/2020 23:02:18,0,0,2156.809814
14/11/2020 23:02:19,0,0,2884.917725
14/11/2020 23:02:20,0,0,3613.025391
14/11/2020 23:02:21,0,0,4334.861328
14/11/2020 23:02:22,0,0,5038.277832
14/11/2020 23:02:23,0,0,5741.693848
14/11/2020 23:02:24,0,0,6445.110352
14/11/2020 23:02:25,0,0,7148.526367
14/11/2020 23:02:26,0,0,7333.820801
14/11/2020 23:02:27,0,0,6225.623047
14/11/2020 23:02:28,0,0,5117.424805
14/11/2020 23:02:29,0,0,4009.227051
14/11/2020 23:02:30,0,0,2901.029053
14/11/2020 23:02:31,0,0,1951.394897
14/11/2020 23:02:32,0,0,1632.071655
14/11/2020 23:02:33,0,0,1312.748535
14/11/2020 23:02:34,0,0,993.425293
14/11/2020 23:02:35,0,0,674.1021118
14/11/2020 23:02:36,0,0,384.0395203
14/11/2020 23:02:37,0,0,321.3881531
14/11/2020 23:02:38,0,0,258.7368164
14/11/2020 23:02:39,0,0,196.0854797
14/11/2020 23:02:40,0,0,133.4341278
14/11/2020 23:02:41,7.48043251,0,99.76435089
14/11/2020 23:02:42,33.63579178,0,390.5467529
14/11/2020 23:02:43,59.79114914,0,681.3291626
14/11/2020 23:02:44,85.94651031,0,972.1115723
14/11/2020 23:02:45,112.1018677,0,1262.894043
14/11/2020 23:02:46,128.6141205,0.67171222,1582.716431
14/11/2020 23:02:47,106.7937851,4.01356411,2306.933105
14/11/2020 23:02:48,84.97346497,7.355415821,3031.149658
14/11/2020 23:02:49,63.15313721,10.69726753,3755.366211
14/11/2020 23:02:50,41.33280945,14.03911972,4479.58252
14/11/2020 23:02:51,21.84141541,16.88672447,5156.628418
14/11/2020 23:02:52,20.45031738,15.89308453,4533.10498
14/11/2020 23:02:53,19.05922127,14.89944363,3909.581299
14/11/2020 23:02:54,17.66812325,13.90580273,3286.057861
14/11/2020 23:02:55,16.27702713,12.91216183,2662.53418
14/11/2020 23:02:56,15,12,2039.010742
14/11/2020 23:02:57,15,12,1756.188354
14/11/2020 23:02:58,15,12,1488.674438
14/11/2020 23:02:59,15,12,1221.160522
14/11/2020 23:03:00,15,12,953.6466064
14/11/2020 23:03:01,15,11.9866848,686.1326904
14/11/2020 23:03:02,15,11.78795719,570.2710571
14/11/2020 23:03:03,15,11.58922863,461.2234497
14/11/2020 23:03:04,15,11.39050102,352.1758728
14/11/2020 23:03:05,15,11.19177246,243.1282806
14/11/2020 23:03:06,15,11.0068922,134.0806885
14/11/2020 23:03:07,15,11.20382023,106.559906
14/11/2020 23:03:08,15,11.40074825,87.10221863
14/11/2020 23:03:09,15,11.59767628,67.64453888
14/11/2020 23:03:10,15,11.7946043,48.18684769
14/11/2020 23:03:11,15,11.99153233,28.72916222
14/11/2020 23:03:12,14.80860043,11.80860043,22.29639244
14/11/2020 23:03:13,14.60859966,11.60859966,18.21640968
14/11/2020 23:03:14,14.40859985,11.40859985,14.13642883
14/11/2020 23:03:15,14.20860004,11.20860004,10.05644798
14/11/2020 23:03:16,14.00860023,11.00860023,5.976466179
14/11/2020 23:03:17,14.18961716,11.18961716,4.495756149
14/11/2020 23:03:18,14.38775539,11.38775539,3.660807371
14/11/2020 23:03:19,14.58589268,11.58589268,2.825858831
14/11/2020 23:03:20,14.78402996,11.78402996,1.990910172
14/11/2020 23:03:21,14.98216724,11.98216724,1.155961514
14/11/2020 23:03:22,15,11.90998077,0.924036741
14/11/2020 23:03:23,15,11.811059,0.828087807
14/11/2020 23:03:24,15,11.71213722,0.732138932
14/11/2020 23:03:25,15,11.6132164,0.636189997
14/11/2020 23:03:26,15,11.51429462,0.540241122
14/11/2020 23:03:27,14.83214474,11.41537285,0.444292217
14/11/2020 23:03:28,14.6339674,11.31645107,0.348343313
14/11/2020 23:03:29,14.43579102,11.2175293,0.252394438
14/11/2020 23:03:30,14.23761368,11.11860752,0.156445533
14/11/2020 23:03:31,14.03943729,11.01968575,0.060496628
14/11/2020 23:03:32,18.0170517,14.53500462,763.0401001
14/11/2020 23:03:33,23.03209686,18.94824409,1796.921875
14/11/2020 23:03:34,28.04714203,23.36148453,2830.803711
14/11/2020 23:03:35,33.06218719,27.77472496,3864.685303
14/11/2020 23:03:36,38.07723236,32.18796539,4898.567383
14/11/2020 23:03:37,37.22678757,31.38798904,5419.405273
14/11/2020 23:03:38,35.05373383,29.41248512,5710.821777
14/11/2020 23:03:39,32.88068008,27.4369812,6002.238281
14/11/2020 23:03:40,30.70762634,25.46147728,6293.654785
14/11/2020 23:03:41,28.53457069,23.48597336,6585.071289
14/11/2020 23:03:42,30.25478554,24.95414734,7034.435547
14/11/2020 23:03:43,33.24521637,27.54585266,7559.50293
14/11/2020 23:03:44,36.23564529,30.13755989,8084.569824
14/11/2020 23:03:45,39.22607803,32.72926712,8609.637695
14/11/2020 23:03:46,42.21650696,35.32097244,9134.704102
14/11/2020 23:03:47,43.73112869,36.58490372,9428.634766
14/11/2020 23:03:48,44.7218132,37.37745285,9611.782227
14/11/2020 23:03:49,45.71250153,38.17000198,9794.930664
14/11/2020 23:03:50,46.70318985,38.96255112,9978.079102
14/11/2020 23:03:51,47.69387817,39.75510025,10161.22754
14/11/2020 23:03:52,45.79541397,38.0709877,10213.81934
14/11/2020 23:03:53,42.60498428,35.27936172,10189.07422
14/11/2020 23:03:54,39.4145546,32.48773575,10164.33008
14/11/2020 23:03:55,36.22412872,29.69611168,10139.58594
14/11/2020 23:03:56,33.03369904,26.9044857,10114.84082
14/11/2020 23:03:57,30.37759972,24.64800072,9696.654297
14/11/2020 23:03:58,27.9776001,22.64800072,9012.875977
14/11/2020 23:03:59,25.57760048,20.64800072,8329.098633
14/11/2020 23:04:00,23.17760086,18.64800072,7645.320801
14/11/2020 23:04:01,20.77759933,16.64800072,6961.542969
14/11/2020 23:04:02,19.33042717,15.46434212,6105.658691
14/11/2020 23:04:03,18.33993721,14.67194939,5154.634766
14/11/2020 23:04:04,17.34944534,13.87955666,4203.61084
14/11/2020 23:04:05,16.35895348,13.08716297,3252.586914
14/11/2020 23:04:06,15.36846256,12.29477024,2301.563232
14/11/2020 23:04:07,15,12,1820.26001
14/11/2020 23:04:08,15,12,1617.199219
14/11/2020 23:04:09,15,12,1414.138306
14/11/2020 23:04:10,15,12,1211.077515
14/11/2020 23:04:11,15,12,1008.016663
14/11/2020 23:04:12,15.48213196,12.48213196,1102.016846
14/11/2020 23:04:13,16.28972435,13.2897234,1371.983154
14/11/2020 23:04:14,17.09731483,14.09731483,1641.949341
14/11/2020 23:04:15,17.90490532,14.90490627,1911.915649
14/11/2020 23:04:16,18.71249771,15.71249771,2181.881836
14/11/2020 23:04:17,18.61483192,15.61483288,2320.633301
14/11/2020 23:04:18,18.01674652,15.01674652,2376.546143
14/11/2020 23:04:19,17.41866112,14.41866016,2432.45874
14/11/2020 23:04:20,16.82057381,13.82057381,2488.371582
14/11/2020 23:04:21,16.2224884,13.2224884,2544.28418
14/11/2020 23:04:22,16.37680054,13.37679958,2619.617188
14/11/2020 23:04:23,16.97680092,13.97679996,2708.955322
14/11/2020 23:04:24,17.57679939,14.57680035,2798.293457
14/11/2020 23:04:25,18.17679977,15.17679977,2887.631592
14/11/2020 23:04:26,18.77680016,15.77680016,2976.969727
14/11/2020 23:04:27,18.49910355,15.49910259,2869.446777
14/11/2020 23:04:28,17.70149612,14.70149517,2610.974121
14/11/2020 23:04:29,16.9038887,13.9038887,2352.501221
14/11/2020 23:04:30,16.10628128,13.10628128,2094.028564
14/11/2020 23:04:31,15.30867386,12.30867386,1835.555664
14/11/2020 23:04:32,15.12182045,12.12182045,1745.354614
14/11/2020 23:04:33,15.32054806,12.32054806,1768.744141
14/11/2020 23:04:34,15.51927662,12.51927662,1792.133667
14/11/2020 23:04:35,15.71800518,12.71800518,1815.523315
14/11/2020 23:04:36,15.91673279,12.91673279,1838.912842
14/11/2020 23:04:37,16.81096649,13.69511509,2126.535889
14/11/2020 23:04:38,18.20677948,14.89152527,2616.769043
14/11/2020 23:04:39,19.60259247,16.0879364,3107.001953
14/11/2020 23:04:40,20.99840546,17.28434753,3597.235107
14/11/2020 23:04:41,22.39421654,18.48075867,4087.468262
14/11/2020 23:04:42,22.71699905,18.77359962,4407.441406
14/11/2020 23:04:43,22.21699905,18.37360001,4588.110352
14/11/2020 23:04:44,21.71699905,17.97360039,4768.779785
14/11/2020 23:04:45,21.21699905,17.57360077,4949.44873
14/11/2020 23:04:46,20.71699905,17.17359924,5130.117676
14/11/2020 23:04:47,20.21699905,16.77359962,5115.588379
14/11/2020 23:04:48,19.71699905,16.37360001,4882.701172
14/11/2020 23:04:49,19.21699905,15.97360039,4649.813965
14/11/2020 23:04:50,18.71699905,15.57359982,4416.926758
14/11/2020 23:04:51,18.21699905,15.1736002,4184.039551
14/11/2020 23:04:52,18,14.88716125,4065.621338
14/11/2020 23:04:53,18,14.68779945,4040.859863
14/11/2020 23:04:54,18,14.4884367,4016.098145
14/11/2020 23:04:55,18,14.2890749,3991.33667
14/11/2020 23:04:56,18,14.0897131,3966.575195
14/11/2020 23:04:57,19.19141388,14.97479343,4361.134766
14/11/2020 23:04:58,21.35762024,16.7471447,5144.314453
14/11/2020 23:04:59,23.52382851,18.51949501,5927.493652
14/11/2020 23:05:00,25.69003487,20.29184723,6710.67334
14/11/2020 23:05:01,27.85624313,22.06419945,7493.852539
14/11/2020 23:05:02,28.33607864,22.61641693,7772.109375
14/11/2020 23:05:03,26.92946815,21.80373764,7551.466797
14/11/2020 23:05:04,25.52285767,20.99106026,7330.824219
14/11/2020 23:05:05,24.11624718,20.17838287,7110.181641
14/11/2020 23:05:06,22.70963478,19.36570549,6889.539063
14/11/2020 23:05:07,21.30302429,18.23474503,6287.758789
14/11/2020 23:05:08,19.8964138,16.84337044,5284.492188
14/11/2020 23:05:09,18.48980141,15.45199776,4281.225586
14/11/2020 23:05:10,17.08319092,14.06062412,3277.95874
14/11/2020 23:05:11,15.67657948,12.66925049,2274.692139
14/11/2020 23:05:12,15,12,1638.507568
14/11/2020 23:05:13,15,12,1365.026611
14/11/2020 23:05:14,15,12,1091.545654
14/11/2020 23:05:15,15,12,818.0646973
14/11/2020 23:05:16,15,12,544.5837402
14/11/2020 23:05:17,15,12,363.4946289
14/11/2020 23:05:18,15,12,299.9952087
14/11/2020 23:05:19,15,12,236.4957886
14/11/2020 23:05:20,15,12,172.9963684
14/11/2020 23:05:21,15,12,109.496933
14/11/2020 23:05:22,15,12,70.23597717
14/11/2020 23:05:23,15,12,58.08922958
14/11/2020 23:05:24,15,12,45.94248581
14/11/2020 23:05:25,15,12,33.79573822
14/11/2020 23:05:26,15,12,21.64899445
14/11/2020 23:05:27,15,12,14.05049801
14/11/2020 23:05:28,15,12,11.53987217
14/11/2020 23:05:29,15,12,9.02924633
14/11/2020 23:05:30,15,12,6.518621445
14/11/2020 23:05:31,15,12,4.007996082
14/11/2020 23:05:32,14.91143322,12,2.478661776
14/11/2020 23:05:33,14.710145,12,2.051457405
14/11/2020 23:05:34,14.50885677,12,1.624252915
14/11/2020 23:05:35,14.30756855,12,1.197048426
14/11/2020 23:05:36,14.10628033,12,0.769843996
14/11/2020 23:05:37,14.09440041,12,0.530489385
14/11/2020 23:05:38,14.29440022,12,0.515236437
14/11/2020 23:05:39,14.49440002,12,0.49998343
14/11/2020 23:05:40,14.69439983,12,0.484730452
14/11/2020 23:05:41,14.89439964,12,0.469477445
14/11/2020 23:05:42,15,11.90561867,0.454224467
14/11/2020 23:05:43,15,11.70565891,0.43897149
14/11/2020 23:05:44,15,11.50569916,0.423718482
14/11/2020 23:05:45,15,11.30573845,0.408465505
14/11/2020 23:05:46,15,11.10577869,0.393212527
14/11/2020 23:05:47,15,11,0.37795952
14/11/2020 23:05:48,15,11,0.362706542
14/11/2020 23:05:49,15,11,0.347453564
14/11/2020 23:05:50,15,11,0.332200587
14/11/2020 23:05:51,15,11,0.316947579
14/11/2020 23:05:52,15,11.09119987,0.301694602
14/11/2020 23:05:53,15,11.29119968,0.286441624
14/11/2020 23:05:54,15,11.49120045,0.271188617
14/11/2020 23:05:55,15,11.69120026,0.255935639
14/11/2020 23:05:56,15,11.89120007,0.240682647
14/11/2020 23:05:57,15,11.9096489,0.225429654
14/11/2020 23:05:58,15,11.71151161,0.210176677
14/11/2020 23:05:59,15,11.51337433,0.194923684
14/11/2020 23:06:00,15,11.31523705,0.179670691
14/11/2020 23:06:01,15,11.11709881,0.164417714
14/11/2020 23:06:02,15,11.08103848,0.149164721
14/11/2020 23:06:03,15,11.27917576,0.133911729
14/11/2020 23:06:04,15,11.47731304,0.118658751
14/11/2020 23:06:05,15,11.67545033,0.103405759
14/11/2020 23:06:06,15,11.87358856,0.088152774
14/11/2020 23:06:07,15,12,0.072899789
14/11/2020 23:06:08,15,12,0.0576468
14/11/2020 23:06:09,15,12,0.042393811
14/11/2020 23:06:10,15,12,0.027140824
14/11/2020 23:06:11,15,12,0.011887837
14/11/2020 23:06:12,15,11.94037914,0.468945801
14/11/2020 23:06:13,15,11.74097729,2.590846539
14/11/2020 23:06:14,15,11.54157543,4.712747097
14/11/2020 23:06:15,15,11.34217358,6.834647655
14/11/2020 23:06:16,15,11.14277172,8.956548691
14/11/2020 23:06:17,15.61898136,11.50643921,172.1549225
14/11/2020 23:06:18,17.79849434,13.28967667,960.0157471
14/11/2020 23:06:19,19.97800636,15.07291508,1747.876587
14/11/2020 23:06:20,22.15751839,16.85615158,2535.737305
14/11/2020 23:06:21,24.33703232,18.63938904,3323.598145
14/11/2020 23:06:22,25.90550232,20,4059.970947
14/11/2020 23:06:23,25.50677872,20,4487.775879
14/11/2020 23:06:24,25.10805511,20,4915.580566
14/11/2020 23:06:25,24.70932961,20,5343.385254
14/11/2020 23:06:26,24.310606,20,5771.189941
14/11/2020 23:06:27,24.0881176,20.0881176,6180.799805
14/11/2020 23:06:28,24.4868412,20.4868412,6381.165527
14/11/2020 23:06:29,24.88556671,20.88556671,6581.531738
14/11/2020 23:06:30,25.28429031,21.28429031,6781.897461
14/11/2020 23:06:31,25.68301392,21.68301392,6982.263672
14/11/2020 23:06:32,25.87850571,21.81777763,7170.288086
14/11/2020 23:06:33,25.28585625,20.92888832,7118.786621
14/11/2020 23:06:34,24.69320488,20.04000092,7067.285156
14/11/2020 23:06:35,24.10055351,19.1511116,7015.783691
14/11/2020 23:06:36,23.50790215,18.26222229,6964.282227
14/11/2020 23:06:37,22.80229187,17.37333298,6877.074219
14/11/2020 23:06:38,21.41971207,16.48444366,6096.868164
14/11/2020 23:06:39,20.03713226,15.59555531,5316.662598
14/11/2020 23:06:40,18.65455246,14.70666695,4536.456543
14/11/2020 23:06:41,17.27197266,13.81777763,3756.250732
14/11/2020 23:06:42,15.99202442,12.99202442,2988.756104
14/11/2020 23:06:43,15.89233398,12.89233398,2593.738037
14/11/2020 23:06:44,15.79264259,12.79264259,2198.719727
14/11/2020 23:06:45,15.69295216,12.69295216,1803.70166
14/11/2020 23:06:46,15.59326077,12.59326077,1408.683472
14/11/2020 23:06:47,15.49357033,12.49357033,1023.390625
14/11/2020 23:06:48,15.39387894,12.39387894,1168.670532
14/11/2020 23:06:49,15.29418755,12.29418755,1313.950562
14/11/2020 23:06:50,15.19449711,12.19449711,1459.230469
14/11/2020 23:06:51,15.09480572,12.09480572,1604.510498
14/11/2020 23:06:52,15.11722469,12.08791828,1778.031616
14/11/2020 23:06:53,17.50956917,13.88217735,2779.10498
14/11/2020 23:06:54,19.9019146,15.67643547,3780.178467
14/11/2020 23:06:55,22.29425812,17.47069359,4781.251953
14/11/2020 23:06:56,24.68660355,19.26495171,5782.325195
14/11/2020 23:06:57,27.0230999,21.04606247,6774.032227
14/11/2020 23:06:58,27.72310066,22.44187355,7254.754395
14/11/2020 23:06:59,28.42309952,23.83768654,7735.476074
14/11/2020 23:07:00,29.12310028,25.23349953,8216.197266
14/11/2020 23:07:01,29.82309914,26.62931252,8696.919922
14/11/2020 23:07:02,30.5230999,28.00722122,9171.210938
14/11/2020 23:07:03,31.22310066,28.40842438,9294.673828
14/11/2020 23:07:04,31.92309952,28.80962944,9418.136719
14/11/2020 23:07:05,32.62310028,29.2108326,9541.600586
14/11/2020 23:07:06,33.32310104,29.61203575,9665.063477
14/11/2020 23:07:07,34.01316071,30.00658035,9785.756836
14/11/2020 23:07:08,34.41196442,30.20598221,9755.318359
14/11/2020 23:07:09,34.81076813,30.40538406,9724.879883
14/11/2020 23:07:10,35.20957184,30.60478592,9694.441406
14/11/2020 23:07:11,35.60837555,30.80418777,9664.001953
14/11/2020 23:07:12,35.9640007,30.96759987,9633.563477
14/11/2020 23:07:13,33.9640007,29.16760063,9524.632813
14/11/2020 23:07:14,31.9640007,27.36759949,9414.586914
14/11/2020 23:07:15,29.9640007,25.56760025,9304.541992
14/11/2020 23:07:16,27.9640007,23.76759911,9194.496094
14/11/2020 23:07:17,26.01079941,22.00720024,9084.451172
14/11/2020 23:07:18,26.61079979,22.40719986,9002.362305
14/11/2020 23:07:19,27.21080017,22.80719948,8920.670898
14/11/2020 23:07:20,27.81080055,23.2071991,8838.980469
14/11/2020 23:07:21,28.41080093,23.60720062,8757.289063
14/11/2020 23:07:22,28.99284554,23.99284554,8675.597656
14/11/2020 23:07:23,28.59539032,23.59539032,8528.408203
14/11/2020 23:07:24,28.1979332,23.1979332,8376.962891
14/11/2020 23:07:25,27.80047607,22.80047607,8225.518555
14/11/2020 23:07:26,27.40302086,22.40302086,8074.07373
14/11/2020 23:07:27,27.00556374,22.00556374,7922.629395
14/11/2020 23:07:28,26.01399994,21.21120071,7536.506348
14/11/2020 23:07:29,25.01399994,20.41119957,7126.605469
14/11/2020 23:07:30,24.01399994,19.61120033,6716.70459
14/11/2020 23:07:31,23.01399994,18.81119919,6306.803711
14/11/2020 23:07:32,22.01399994,18.01119995,5896.902832
14/11/2020 23:07:33,22.390728,18.390728,5830.199707
14/11/2020 23:07:34,22.78700256,18.78700256,5791.724609
14/11/2020 23:07:35,23.18327713,19.18327713,5753.249512
14/11/2020 23:07:36,23.5795517,19.5795517,5714.774414
14/11/2020 23:07:37,23.97582817,19.97582817,5676.299316
14/11/2020 23:07:38,23.44007111,20,5757.410645
14/11/2020 23:07:39,22.84376907,20,5850.638184
14/11/2020 23:07:40,22.24746513,20,5943.865723
14/11/2020 23:07:41,21.6511631,20,6037.093262
14/11/2020 23:07:42,21.05485916,20,6130.320801
14/11/2020 23:07:43,21.91091537,20.36436653,6333.031738
14/11/2020 23:07:44,22.91412544,20.7656498,6546.835938
14/11/2020 23:07:45,23.91733551,21.16693497,6760.639648
14/11/2020 23:07:46,24.92054558,21.56821823,6974.443848
14/11/2020 23:07:47,25.92375565,21.9695015,7188.247559
14/11/2020 23:07:48,25.81579018,21.63157845,6876.248047
14/11/2020 23:07:49,25.61642838,21.23285484,6490.503906
14/11/2020 23:07:50,25.41706467,20.83413124,6104.759766
14/11/2020 23:07:51,25.21770287,20.43540764,5719.015625
14/11/2020 23:07:52,25.01834106,20.03668213,5333.271484
14/11/2020 23:07:53,25.18160057,20.36319923,4788.915039
14/11/2020 23:07:54,25.38159943,20.76320076,4222.312988
14/11/2020 23:07:55,25.58160019,21.16320038,3655.710449
14/11/2020 23:07:56,25.78160095,21.5632,3089.108154
14/11/2020 23:07:57,25.98159981,21.96319962,2522.506104
14/11/2020 23:07:58,21.30749321,18.02941704,2176.302246
14/11/2020 23:07:59,16.139534,13.65652943,1865.67981
14/11/2020 23:08:00,10.97157669,9.283641815,1555.057373
14/11/2020 23:08:01,5.803617477,4.91075325,1244.434814
14/11/2020 23:08:02,0.63565892,0.537865222,933.8123779
14/11/2020 23:08:03,0,0,931.1918945
14/11/2020 23:08:04,0,0,991.6561279
14/11/2020 23:08:05,0,0,1052.120361
14/11/2020 23:08:06,0,0,1112.584717
14/11/2020 23:08:07,0,0,1173.04895
14/11/2020 23:08:08,0,0,1251.149536
14/11/2020 23:08:09,0,0,1332.862427
14/11/2020 23:08:10,0,0,1414.575317
14/11/2020 23:08:11,0,0,1496.288208
14/11/2020 23:08:12,0,0,1578.001099
14/11/2020 23:08:13,0,0,1656.90625
14/11/2020 23:08:14,0,0,1735.1698
14/11/2020 23:08:15,0,0,1813.43335
14/11/2020 23:08:16,0,0,1891.697021
14/11/2020 23:08:17,0,0,1969.960571
14/11/2020 23:08:18,0,0,1882.697876
14/11/2020 23:08:19,0,0,1757.612183
14/11/2020 23:08:20,0,0,1632.526489
14/11/2020 23:08:21,0,0,1507.440796
14/11/2020 23:08:22,0,0,1382.355225
14/11/2020 23:08:23,0,0,1185.827148
14/11/2020 23:08:24,0,0,972.9744263
14/11/2020 23:08:25,0,0,760.1217651
14/11/2020 23:08:26,0,0,547.269043
14/11/2020 23:08:27,0,0,334.4163818
14/11/2020 23:08:28,0,0,247.1333771
14/11/2020 23:08:29,0,0,188.5431976
14/11/2020 23:08:30,0,0,129.9530182
14/11/2020 23:08:31,0,0,71.36283875
14/11/2020 23:08:32,0,0,12.77265835
14/11/2020 23:08:33,0,0,0
14/11/2020 23:08:34,0,0,0
14/11/2020 23:08:35,0,0,0
14/11/2020 23:08:36,0,0,0
14/11/2020 23:08:37,0,0,0
14/11/2020 23:08:38,0,0,0
14/11/2020 23:08:39,0,0,0
14/11/2020 23:08:40,0,0,0
14/11/2020 23:08:41,0,0,0
14/11/2020 23:08:42,0,0,0
14/11/2020 23:08:43,0,0,0
14/11/2020 23:08:44,0,0,0
14/11/2020 23:08:45,0,0,0
14/11/2020 23:08:46,0,0,0
14/11/2020 23:08:47,0,0,0
14/11/2020 23:08:48,0,0,0
14/11/2020 23:08:49,0,0,0
14/11/2020 23:08:50,0,0,0
14/11/2020 23:08:51,0,0,0
14/11/2020 23:08:52,0,0,0
14/11/2020 23:08:53,0,0,0
14/11/2020 23:08:54,0,0,0
14/11/2020 23:08:55,0,0,0
14/11/2020 23:08:56,0,0,0
14/11/2020 23:08:57,0,0,0
14/11/2020 23:08:58,0,0,0
14/11/2020 23:08:59,0,0,0
14/11/2020 23:09:00,0,0,0
14/11/2020 23:09:01,0,0,0
14/11/2020 23:09:02,0,0,0
14/11/2020 23:09:03,0,0,0
14/11/2020 23:09:04,0,0,0
14/11/2020 23:09:05,0,0,0
14/11/2020 23:09:06,0,0,0
14/11/2020 23:09:07,0,0,0
14/11/2020 23:09:08,0,0,0
14/11/2020 23:09:09,0,0,0
14/11/2020 23:09:10,0,0,0
14/11/2020 23:09:11,0,0,0
14/11/2020 23:09:12,0,0,0
14/11/2020 23:09:13,0,0,0
14/11/2020 23:09:14,0,0,0
14/11/2020 23:09:15,0,0,0
14/11/2020 23:09:16,0,0,0
14/11/2020 23:09:17,0,0,0
14/11/2020 23:09:18,0,0,0
14/11/2020 23:09:19,0,0,0
14/11/2020 23:09:20,0,0,0
14/11/2020 23:09:21,0,0,0
14/11/2020 23:09:22,0,0,0
14/11/2020 23:09:23,0,0,0
14/11/2020 23:09:24,0,0,0
14/11/2020 23:09:25,0,0,0
14/11/2020 23:09:26,0,0,0
14/11/2020 23:09:27,0,0,0
14/11/2020 23:09:28,0,0,0
14/11/2020 23:09:29,0,0,0
14/11/2020 23:09:30,0,0,0
14/11/2020 23:09:31,0,0,0
14/11/2020 23:09:32,0,0,0
14/11/2020 23:09:33,0,0,0
14/11/2020 23:09:34,0,0,0
14/11/2020 23:09:35,0,0,0
14/11/2020 23:09:36,0,0,0
14/11/2020 23:09:37,0,0,0
14/11/2020 23:09:38,0,0,0
14/11/2020 23:09:39,0,0,0
14/11/2020 23:09:40,0,0,0
14/11/2020 23:09:41,0,0,0
14/11/2020 23:09:42,0,0,0
14/11/2020 23:09:43,0,0,0
14/11/2020 23:09:44,0,0,0
14/11/2020 23:09:45,0,0,0
14/11/2020 23:09:46,0,0,0
14/11/2020 23:09:47,0,0,0
14/11/2020 23:09:48,0,0,0
14/11/2020 23:09:49,0,0,0
14/11/2020 23:09:50,0,0,0
14/11/2020 23:09:51,0,0,0
14/11/2020 23:09:52,0,0,0
14/11/2020 23:09:53,0,0,0
14/11/2020 23:09:54,0,0,0
14/11/2020 23:09:55,0,0,0
14/11/2020 23:09:56,0,0,0
14/11/2020 23:09:57,0,0,0
14/11/2020 23:09:58,0,0,0
14/11/2020 23:09:59,0,0,0
14/11/2020 23:10:00,0,0,0
14/11/2020 23:10:01,0,0,0
14/11/2020 23:10:02,0,0,0
14/11/2020 23:10:03,0,0,0
14/11/2020 23:10:04,0,0,0
14/11/2020 23:10:05,0,0,0
14/11/2020 23:10:06,0,0,0
14/11/2020 23:10:07,0,0,0
14/11/2020 23:10:08,0,0,0
14/11/2020 23:10:09,0,0,0
14/11/2020 23:10:10,0,0,0
14/11/2020 23:10:11,0,0,0
14/11/2020 23:10:12,0,0,0
14/11/2020 23:10:13,0,0,0
14/11/2020 23:10:14,0,0,0
14/11/2020 23:10:15,0,0,0
14/11/2020 23:10:16,0,0,0
14/11/2020 23:10:17,0,0,0
14/11/2020 23:10:18,0,0,0
14/11/2020 23:10:19,0,0,0
14/11/2020 23:10:20,0,0,0
14/11/2020 23:10:21,0,0,0
14/11/2020 23:10:22,0,0,0
14/11/2020 23:10:23,0,0,0
14/11/2020 23:10:24,0,0,0
14/11/2020 23:10:25,0,0,0
14/11/2020 23:10:26,0,0,0
14/11/2020 23:10:27,0,0,0
14/11/2020 23:10:28,0,0,0
14/11/2020 23:10:29,0,0,0
14/11/2020 23:10:30,0,0,0
14/11/2020 23:10:31,0,0,0
14/11/2020 23:10:32,0,0,0
14/11/2020 23:10:33,0,0,0
14/11/2020 23:10:34,0,0,0
14/11/2020 23:10:35,0,0,0
14/11/2020 23:10:36,0,0,0
14/11/2020 23:10:37,0,0,0
14/11/2020 23:10:38,0,0,0
14/11/2020 23:10:39,0,0,0
14/11/2020 23:10:40,0,0,0
14/11/2020 23:10:41,0,0,0
14/11/2020 23:10:42,0,0,0
14/11/2020 23:10:43,0,0,0
14/11/2020 23:10:44,0,0,0
14/11/2020 23:10:45,0,0,0
14/11/2020 23:10:46,0,0,0
14/11/2020 23:10:47,0,0,0
14/11/2020 23:10:48,0,0,0
14/11/2020 23:10:49,0,0,0
14/11/2020 23:10:50,0,0,0
14/11/2020 23:10:51,0,0,0
14/11/2020 23:10:52,0,0,0
14/11/2020 23:10:53,0,0,0
14/11/2020 23:10:54,0,0,0
14/11/2020 23:10:55,0,0,0
14/11/2020 23:10:56,0,0,0
14/11/2020 23:10:57,0,0,0
14/11/2020 23:10:58,0,0,0
14/11/2020 23:10:59,0,0,0
14/11/2020 23:11:00,0,0,0
14/11/2020 23:11:01,0,0,0
14/11/2020 23:11:02,0,0,0
14/11/2020 23:11:03,0,0,0
14/11/2020 23:11:04,0,0,0
14/11/2020 23:11:05,0,0,0
14/11/2020 23:11:06,0,0,0
14/11/2020 23:11:07,0,0,0
14/11/2020 23:11:08,0,0,0
14/11/2020 23:11:09,0,0,0
14/11/2020 23:11:10,0,0,0
14/11/2020 23:11:11,0,0,0
14/11/2020 23:11:12,0,0,0
14/11/2020 23:11:13,0,0,0
14/11/2020 23:11:14,0,0,0
14/11/2020 23:11:15,0,0,0
14/11/2020 23:11:16,0,0,0
14/11/2020 23:11:17,0,0,0
14/11/2020 23:11:18,0,0,0
14/11/2020 23:11:19,0,0,0
14/11/2020 23:11:20,0,0,0
14/11/2020 23:11:21,0,0,0
14/11/2020 23:11:22,0,0,0
14/11/2020 23:11:23,0,0,0
14/11/2020 23:11:24,0,0,0
14/11/2020 23:11:25,0,0,0
14/11/2020 23:11:26,0,0,0
14/11/2020 23:11:27,0,0,0
14/11/2020 23:11:28,0,0,0
14/11/2020 23:11:29,0,0,0
14/11/2020 23:11:30,0,0,0
14/11/2020 23:11:31,0,0,0
14/11/2020 23:11:32,0,0,0
14/11/2020 23:11:33,0,0,0
14/11/2020 23:11:34,0,0,0
14/11/2020 23:11:35,0,0,0
14/11/2020 23:11:36,0,0,0
14/11/2020 23:11:37,0,0,0
14/11/2020 23:11:38,0,0,0
14/11/2020 23:11:39,0,0,0
14/11/2020 23:11:40,0,0,0
14/11/2020 23:11:41,0,0,0
14/11/2020 23:11:42,0,0,0
14/11/2020 23:11:43,0,0,0
14/11/2020 23:11:44,0,0,0
14/11/2020 23:11:45,0,0,0
14/11/2020 23:11:46,0,0,0
14/11/2020 23:11:47,0,0,0
14/11/2020 23:11:48,0,0,0
14/11/2020 23:11:49,0,0,0
14/11/2020 23:11:50,0,0,0
14/11/2020 23:11:51,0,0,0
14/11/2020 23:11:52,0,0,0
14/11/2020 23:11:53,0,0,0
14/11/2020 23:11:54,0,0,0
14/11/2020 23:11:55,0,0,0
14/11/2020 23:11:56,0,0,0
14/11/2020 23:11:57,0,0,0
14/11/2020 23:11:58,0,0,0
14/11/2020 23:11:59,0,0,0
14/11/2020 23:12:00,0,0,0
14/11/2020 23:12:01,0,0,0
14/11/2020 23:12:02,0,0,0
14/11/2020 23:12:03,0,0,0
14/11/2020 23:12:04,0,0,0
14/11/2020 23:12:05,0,0,0
14/11/2020 23:12:06,0,0,0
14/11/2020 23:12:07,0,0,0
14/11/2020 23:12:08,0,0,0
14/11/2020 23:12:09,0,0,0
14/11/2020 23:12:10,0,0,0
14/11/2020 23:12:11,0,0,0
14/11/2020 23:12:12,0,0,0
14/11/2020 23:12:13,0,0,0
14/11/2020 23:12:14,0,0,0
14/11/2020 23:12:15,0,0,0
14/11/2020 23:12:16,0,0,0
14/11/2020 23:12:17,0,0,0
14/11/2020 23:12:18,0,0,0
14/11/2020 23:12:19,0,0,0
14/11/2020 23:12:20,0,0,0
14/11/2020 23:12:21,0,0,0
14/11/2020 23:12:22,0,0,0
14/11/2020 23:12:23,0,0,0
14/11/2020 23:12:24,0,0,0
14/11/2020 23:12:25,0,0,0
14/11/2020 23:12:26,0,0,0
14/11/2020 23:12:27,0,0,0
14/11/2020 23:12:28,0,0,0
14/11/2020 23:12:29,0,0,0
14/11/2020 23:12:30,0,0,0
14/11/2020 23:12:31,0,0,0
14/11/2020 23:12:32,0,0,0
14/11/2020 23:12:33,0,0,0
14/11/2020 23:12:34,0,0,0
14/11/2020 23:12:35,0,0,0
14/11/2020 23:12:36,0,0,0
14/11/2020 23:12:37,0,0,0
14/11/2020 23:12:38,0,0,0
14/11/2020 23:12:39,0,0,0
14/11/2020 23:12:40,0,0,0
14/11/2020 23:12:41,0,0,0
14/11/2020 23:12:42,0,0,0
14/11/2020 23:12:43,0,0,0
14/11/2020 23:12:44,0,0,0
14/11/2020 23:12:45,0,0,0
14/11/2020 23:12:46,0,0,0
14/11/2020 23:12:47,0,0,0
14/11/2020 23:12:48,0,0,0
14/11/2020 23:12:49,0,0,0
14/11/2020 23:12:50,0,0,0
14/11/2020 23:12:51,0,0,0
14/11/2020 23:12:52,0,0,0
14/11/2020 23:12:53,0,0,0
14/11/2020 23:12:54,0,0,0
14/11/2020 23:12:55,0,0,0
14/11/2020 23:12:56,0,0,0
14/11/2020 23:12:57,0,0,0
14/11/2020 23:12:58,0,0,0
14/11/2020 23:12:59,0,0,0
14/11/2020 23:13:00,0,0,0
14/11/2020 23:13:01,0,0,0
14/11/2020 23:13:02,0,0,0
14/11/2020 23:13:03,0,0,0
14/11/2020 23:13:04,0,0,0
14/11/2020 23:13:05,0,0,0
14/11/2020 23:13:06,0,0,0
14/11/2020 23:13:07,0,0,0
14/11/2020 23:13:08,0,0,0
14/11/2020 23:13:09,0,0,0
14/11/2020 23:13:10,0,0,0
14/11/2020 23:13:11,0,0,0
14/11/2020 23:13:12,0,0,0
14/11/2020 23:13:13,0,0,0
14/11/2020 23:13:14,0,0,0
14/11/2020 23:13:15,0,0,0
14/11/2020 23:13:16,0,0,0
14/11/2020 23:13:17,0,0,0
14/11/2020 23:13:18,0,0,0
14/11/2020 23:13:19,0,0,0
14/11/2020 23:13:20,0,0,0
14/11/2020 23:13:21,0,0,0
14/11/2020 23:13:22,0,0,0
14/11/2020 23:13:23,0,0,0
14/11/2020 23:13:24,0,0,0
14/11/2020 23:13:25,0,0,0
14/11/2020 23:13:26,0,0,0
14/11/2020 23:13:27,0,0,0
14/11/2020 23:13:28,0,0,0
14/11/2020 23:13:29,0,0,0
14/11/2020 23:13:30,0,0,0
14/11/2020 23:13:31,0,0,0
14/11/2020 23:13:32,0,0,0
14/11/2020 23:13:33,0,0,0
14/11/2020 23:13:34,0,0,0
14/11/2020 23:13:35,0,0,0
14/11/2020 23:13:36,0,0,0
14/11/2020 23:13:37,0,0,0
14/11/2020 23:13:38,0,0,0
14/11/2020 23:13:39,0,0,0
14/11/2020 23:13:40,0,0,0
14/11/2020 23:13:41,0,0,0
14/11/2020 23:13:42,0,0,0
14/11/2020 23:13:43,0,0,0
14/11/2020 23:13:44,0,0,0
14/11/2020 23:13:45,0,0,0
14/11/2020 23:13:46,0,0,0
14/11/2020 23:13:47,0,0,0
14/11/2020 23:13:48,0,0,0
14/11/2020 23:13:49,0,0,0
14/11/2020 23:13:50,0,0,0
14/11/2020 23:13:51,0,0,0
14/11/2020 23:13:52,0,0,0
14/11/2020 23:13:53,0,0,0
14/11/2020 23:13:54,0,0,0
14/11/2020 23:13:55,0,0,0
14/11/2020 23:13:56,0,0,0
14/11/2020 23:13:57,0,0,0
14/11/2020 23:13:58,0,0,0
14/11/2020 23:13:59,0,0,0
14/11/2020 23:14:00,0,0,0
14/11/2020 23:14:01,0,0,0
14/11/2020 23:14:02,0,0,0
14/11/2020 23:14:03,0,0,0
14/11/2020 23:14:04,0,0,0
14/11/2020 23:14:05,0,0,0
14/11/2020 23:14:06,0,0,0
14/11/2020 23:14:07,0,0,0
14/11/2020 23:14:08,0,0,0
14/11/2020 23:14:09,0,0,0
14/11/2020 23:14:10,0,0,0
14/11/2020 23:14:11,0,0,0
14/11/2020 23:14:12,0,0,0
14/11/2020 23:14:13,0,0,0
14/11/2020 23:14:14,0,0,0
14/11/2020 23:14:15,0,0,0
14/11/2020 23:14:16,0,0,0
14/11/2020 23:14:17,0,0,0
14/11/2020 23:14:18,0,0,0
14/11/2020 23:14:19,0,0,0
14/11/2020 23:14:20,0,0,0
14/11/2020 23:14:21,0,0,0
14/11/2020 23:14:22,0,0,0
14/11/2020 23:14:23,0,0,0
14/11/2020 23:14:24,0,0,0
14/11/2020 23:14:25,0,0,0
14/11/2020 23:14:26,0,0,0
14/11/2020 23:14:27,0,0,0
14/11/2020 23:14:28,0,0,0
14/11/2020 23:14:29,0,0,0
14/11/2020 23:14:30,0,0,0
14/11/2020 23:14:31,0,0,0
14/11/2020 23:14:32,0,0,0
14/11/2020 23:14:33,0,0,0
14/11/2020 23:14:34,0,0,0
14/11/2020 23:14:35,0,0,0
14/11/2020 23:14:36,0,0,0
14/11/2020 23:14:37,0,0,0
14/11/2020 23:14:38,0,0,0
14/11/2020 23:14:39,0,0,0
14/11/2020 23:14:40,0,0,0
14/11/2020 23:14:41,0,0,0
14/11/2020 23:14:42,0,0,0
14/11/2020 23:14:43,0,0,0
14/11/2020 23:14:44,0,0,0
14/11/2020 23:14:45,0,0,0
14/11/2020 23:14:46,0,0,0
14/11/2020 23:14:47,0,0,0
14/11/2020 23:14:48,0,0,0
14/11/2020 23:14:49,0,0,0
14/11/2020 23:14:50,0,0,0
14/11/2020 23:14:51,0,0,0
14/11/2020 23:14:52,0,0,0
14/11/2020 23:14:53,0,0,0
14/11/2020 23:14:54,0,0,0
14/11/2020 23:14:55,0,0,0
14/11/2020 23:14:56,0,0,0
14/11/2020 23:14:57,0,0,0
14/11/2020 23:14:58,0,0,0
14/11/2020 23:14:59,0,0,0
14/11/2020 23:15:00,0,0,0
14/11/2020 23:15:01,0,0,0
14/11/2020 23:15:02,0,0,0
14/11/2020 23:15:03,0,0,0
14/11/2020 23:15:04,0,0,0
14/11/2020 23:15:05,0,0,0
14/11/2020 23:15:06,0,0,0
14/11/2020 23:15:07,0,0,0
14/11/2020 23:15:08,0,0,0
14/11/2020 23:15:09,0,0,0
14/11/2020 23:15:10,0,0,0
14/11/2020 23:15:11,0,0,0
14/11/2020 23:15:12,0,0,0
14/11/2020 23:15:13,0,0,0
14/11/2020 23:15:14,0,0,0
14/11/2020 23:15:15,0,0,0
14/11/2020 23:15:16,0,0,0
14/11/2020 23:15:17,0,0,0
14/11/2020 23:15:18,0,0,0
14/11/2020 23:15:19,0,0,0
14/11/2020 23:15:20,0,0,0
14/11/2020 23:15:21,0,0,0
14/11/2020 23:15:22,0,0,0
14/11/2020 23:15:23,0,0,0
14/11/2020 23:15:24,0,0,0
14/11/2020 23:15:25,0,0,0
14/11/2020 23:15:26,0,0,0
14/11/2020 23:15:27,0,0,0
14/11/2020 23:15:28,0,0,0
14/11/2020 23:15:29,0,0,0
14/11/2020 23:15:30,0,0,0
14/11/2020 23:15:31,0,0,0
14/11/2020 23:15:32,0,0,0
14/11/2020 23:15:33,0,0,0
14/11/2020 23:15:34,0,0,0
14/11/2020 23:15:35,0,0,0
14/11/2020 23:15:36,0,0,0
14/11/2020 23:15:37,0,0,0
14/11/2020 23:15:38,0,0,0
14/11/2020 23:15:39,0,0,0
14/11/2020 23:15:40,0,0,0
14/11/2020 23:15:41,0,0,0
14/11/2020 23:15:42,0,0,0
14/11/2020 23:15:43,0,0,0
14/11/2020 23:15:44,0,0,0
14/11/2020 23:15:45,0,0,0
14/11/2020 23:15:46,0,0,0
14/11/2020 23:15:47,0,0,0
14/11/2020 23:15:48,0,0,0
14/11/2020 23:15:49,0,0,0
14/11/2020 23:15:50,0,0,0
14/11/2020 23:15:51,0,0,0
14/11/2020 23:15:52,0,0,0
14/11/2020 23:15:53,0,0,0
14/11/2020 23:15:54,0,0,0
14/11/2020 23:15:55,0,0,0
14/11/2020 23:15:56,0,0,0
14/11/2020 23:15:57,0,0,0
14/11/2020 23:15:58,0,0,0
14/11/2020 23:15:59,0,0,0
14/11/2020 23:16:00,0,0,0
14/11/2020 23:16:01,0,0,0
14/11/2020 23:16:02,0,0,0
14/11/2020 23:16:03,0,0,0
14/11/2020 23:16:04,0,0,0
14/11/2020 23:16:05,0,0,0
14/11/2020 23:16:06,0,0,0
14/11/2020 23:16:07,0,0,0
14/11/2020 23:16:08,0,0,0
14/11/2020 23:16:09,0,0,0
14/11/2020 23:16:10,0,0,0
14/11/2020 23:16:11,0,0,0
14/11/2020 23:16:12,0,0,0
14/11/2020 23:16:13,0,0,0
14/11/2020 23:16:14,0,0,0
14/11/2020 23:16:15,0,0,0
14/11/2020 23:16:16,0,0,0
14/11/2020 23:16:17,0,0,0
14/11/2020 23:16:18,0,0,0
14/11/2020 23:16:19,0,0,0
14/11/2020 23:16:20,0,0,0
14/11/2020 23:16:21,0,0,0
14/11/2020 23:16:22,0,0,0
14/11/2020 23:16:23,0,0,0
14/11/2020 23:16:24,0,0,0
14/11/2020 23:16:25,0,0,0
14/11/2020 23:16:26,0,0,0
14/11/2020 23:16:27,0,0,0
14/11/2020 23:16:28,0,0,0
14/11/2020 23:16:29,0,0,0
14/11/2020 23:16:30,0,0,0
14/11/2020 23:16:31,0,0,0
14/11/2020 23:16:32,0,0,0
14/11/2020 23:16:33,0,0,0
14/11/2020 23:16:34,0,0,0
14/11/2020 23:16:35,0,0,0
14/11/2020 23:16:36,0,0,0
14/11/2020 23:16:37,0,0,0
14/11/2020 23:16:38,0,0,0
14/11/2020 23:16:39,0,0,0
14/11/2020 23:16:40,0,0,0
14/11/2020 23:16:41,0,0,0
14/11/2020 23:16:42,0,0,0
14/11/2020 23:16:43,0,0,0
14/11/2020 23:16:44,0,0,0
14/11/2020 23:16:45,0,0,86.43404388
14/11/2020 23:16:46,0,0,209.9112396
14/11/2020 23:16:47,0,0,333.3884277
14/11/2020 23:16:48,0,0,456.8656311
14/11/2020 23:16:49,0,0,580.3428345
14/11/2020 23:16:50,0,0,1172.664673
14/11/2020 23:16:51,0,0,2069.812744
14/11/2020 23:16:52,0,0,2966.960938
14/11/2020 23:16:53,0,0,3864.109131
14/11/2020 23:16:54,0,0,4761.257324
14/11/2020 23:16:55,0,0,5470.664063
14/11/2020 23:16:56,0,0,6050.144531
14/11/2020 23:16:57,0,0,6629.625488
14/11/2020 23:16:58,0,0,7209.105957
14/11/2020 23:16:59,0,0,7788.586914
14/11/2020 23:17:00,0,0,7261.627441
14/11/2020 23:17:01,0,0,6106.875488
14/11/2020 23:17:02,0,0,4952.123535
14/11/2020 23:17:03,0,0,3797.37207
14/11/2020 23:17:04,0,0,2642.620117
14/11/2020 23:17:05,0,0,1995.832275
14/11/2020 23:17:06,0,0,1637.261841
14/11/2020 23:17:07,0,0,1278.691528
14/11/2020 23:17:08,0,0,920.1212158
14/11/2020 23:17:09,0,0,561.5509033
14/11/2020 23:17:10,0,0,387.1471558
14/11/2020 23:17:11,0,0,317.2392578
14/11/2020 23:17:12,0,0,247.3313293
14/11/2020 23:17:13,0,0,177.4234161
14/11/2020 23:17:14,0,0,107.5155106
14/11/2020 23:17:15,0,0,72.83621216
14/11/2020 23:17:16,0,0,59.56593704
14/11/2020 23:17:17,0,0,46.29566574
14/11/2020 23:17:18,0,0,33.02539444
14/11/2020 23:17:19,0,0,19.75512505
14/11/2020 23:17:20,0,0,13.29004002
14/11/2020 23:17:21,0,0,10.96058273
14/11/2020 23:17:22,0,0,8.63112545
14/11/2020 23:17:23,0,0,6.301667213
14/11/2020 23:17:24,0,0,3.972209692
14/11/2020 23:17:25,0,0,2.754316807
14/11/2020 23:17:26,0,0,2.259124517
14/11/2020 23:17:27,0,0,1.763932109
14/11/2020 23:17:28,0,0,1.26873982
14/11/2020 23:17:29,0,0,0.773547471
14/11/2020 23:17:30,0,0,0.550749123
14/11/2020 23:17:31,0,0,0.542844653
14/11/2020 23:17:32,0,0,0.534940243
14/11/2020 23:17:33,0,0,0.527035832
14/11/2020 23:17:34,0,0,0.519131362
14/11/2020 23:17:35,0,0,0.511226952
14/11/2020 23:17:36,0,0,0.503322542
14/11/2020 23:17:37,0,0,0.495418072
14/11/2020 23:17:38,0,0,0.487513661
14/11/2020 23:17:39,0,0,0.479609221
14/11/2020 23:17:40,0,0,0.471704781
14/11/2020 23:17:41,0,0,0.463800371
14/11/2020 23:17:42,0,0,0.455895931
14/11/2020 23:17:43,0,0,0.44799149
14/11/2020 23:17:44,0,0,0.44008708
14/11/2020 23:17:45,0,0,0.43218264
14/11/2020 23:17:46,0,0,0.4242782
14/11/2020 23:17:47,0,0,0.416373789
14/11/2020 23:17:48,0,0,0.408469349
14/11/2020 23:17:49,0,0,0.400564909
14/11/2020 23:17:50,0,0,0.392660499
14/11/2020 23:17:51,0,0,0.384756058
14/11/2020 23:17:52,0,0,0.376851618
14/11/2020 23:17:53,0,0,0.368947208
14/11/2020 23:17:54,0,0,0.361042768
14/11/2020 23:17:55,0,0,0.353138328
14/11/2020 23:17:56,0,0,0.345233917
14/11/2020 23:17:57,0,0,0.337329477
14/11/2020 23:17:58,0,0,0.329425037
14/11/2020 23:17:59,0,0,0.321520627
14/11/2020 23:18:00,0,0,0.313616186
14/11/2020 23:18:01,0,0,0.305711746
14/11/2020 23:18:02,0,0,0.297807336
14/11/2020 23:18:03,0,0,0.289902896
14/11/2020 23:18:04,0,0,0.281998456
14/11/2020 23:18:05,0,0,0.274094045
14/11/2020 23:18:06,0,0,0.266189605
14/11/2020 23:18:07,0,0,0.258285165
14/11/2020 23:18:08,0,0,0.250380754
14/11/2020 23:18:09,0,0,0.242476314
14/11/2020 23:18:10,0,0,0.234571874
14/11/2020 23:18:11,0,0,0.226667449
14/11/2020 23:18:12,0,0,0.218763024
14/11/2020 23:18:13,0,0,0.210858583
14/11/2020 23:18:14,0,0,0.202954158
14/11/2020 23:18:15,0,0,0.195049733
14/11/2020 23:18:16,0,0,0.187145293
14/11/2020 23:18:17,0,0,0.179240867
14/11/2020 23:18:18,0,0,0.171336442
14/11/2020 23:18:19,0,0,0.163432002
14/11/2020 23:18:20,0,0,0.155527577
14/11/2020 23:18:21,0,0,0.147623137
14/11/2020 23:18:22,0,0,0.139718711
14/11/2020 23:18:23,0,0,0.131814286
14/11/2020 23:18:24,0,0,0.123909853
14/11/2020 23:18:25,0,0,0.116005421
14/11/2020 23:18:26,0,0,0.108100988
14/11/2020 23:18:27,0,0,0.100196563
14/11/2020 23:18:28,0,0,0.09229213
14/11/2020 23:18:29,0,0,0.084387697
14/11/2020 23:18:30,0,0,0.076483272
14/11/2020 23:18:31,0,0,0.068578839
14/11/2020 23:18:32,0,0,0.06067441
14/11/2020 23:18:33,0,0,0.052769978
14/11/2020 23:18:34,0,0,0.044865549
14/11/2020 23:18:35,0,0,0.036961116
14/11/2020 23:18:36,0,0,0.029056687
14/11/2020 23:18:37,0,0,0.021152256
14/11/2020 23:18:38,0,0,0.013247825
14/11/2020 23:18:39,0,0,0.005343395
14/11/2020 23:18:40,10.8349514,0,139.0475464
14/11/2020 23:18:41,35.80027771,0,568.206665
14/11/2020 23:18:42,60.76560211,0,997.3657837
14/11/2020 23:18:43,85.73092651,0,1426.524902
14/11/2020 23:18:44,110.6962585,0,1855.68396
14/11/2020 23:18:45,117.4886093,0.920150578,2102.416748
14/11/2020 23:18:46,95.49534607,3.297800779,1941.199463
14/11/2020 23:18:47,73.50208282,5.675450802,1779.982056
14/11/2020 23:18:48,51.50881577,8.053100586,1618.764771
14/11/2020 23:18:49,29.51555443,10.43075085,1457.547485
14/11/2020 23:18:50,14.93221664,11.93221664,1279.916626
14/11/2020 23:18:51,14.73285484,11.73285484,1059.444824
14/11/2020 23:18:52,14.53349304,11.53349304,838.9730835
14/11/2020 23:18:53,14.33413124,11.33413124,618.5013428
14/11/2020 23:18:54,14.13476849,11.13476849,398.0295715
14/11/2020 23:18:55,14.06460571,11.06460571,219.9933624
14/11/2020 23:18:56,14.26400757,11.26400757,184.0239868
14/11/2020 23:18:57,14.46340942,11.46340942,148.0546112
14/11/2020 23:18:58,14.66281128,11.66281128,112.085228
14/11/2020 23:18:59,14.86221313,11.86221313,76.11585236
14/11/2020 23:19:00,15,11.93859291,45.80404663
14/11/2020 23:19:01,15,11.7398653,38.26465988
14/11/2020 23:19:02,15,11.54113674,30.72527313
14/11/2020 23:19:03,15,11.34240818,23.18588448
14/11/2020 23:19:04,15,11.14368057,15.64649677
14/11/2020 23:19:05,15,11,9.154967308
14/11/2020 23:19:06,15,11,7.341580868
14/11/2020 23:19:07,15,11,5.528194427
14/11/2020 23:19:08,15,11,3.71480751
14/11/2020 23:19:09,15,11,1.901420951
14/11/2020 23:19:10,15,11.04571629,0.333752245
14/11/2020 23:19:11,15,11.24448395,0.327115178
14/11/2020 23:19:12,15,11.44325161,0.320478082
14/11/2020 23:19:13,15,11.64201927,0.313841015
14/11/2020 23:19:14,15,11.84078693,0.307203919
14/11/2020 23:19:15,15,11.96032715,0.300566852
14/11/2020 23:19:16,15,11.76096535,0.293929785
14/11/2020 23:19:17,15,11.56160259,0.287292689
14/11/2020 23:19:18,15,11.36224079,0.280655622
14/11/2020 23:19:19,15,11.16287899,0.274018526
14/11/2020 23:19:20,15,11.0362587,0.267381459
14/11/2020 23:19:21,15,11.23439693,0.260744363
14/11/2020 23:19:22,15,11.43253422,0.254107296
14/11/2020 23:19:23,15,11.6306715,0.247470215
14/11/2020 23:19:24,15,11.82880878,0.240833133
14/11/2020 23:19:25,15,11.97288132,0.234196052
14/11/2020 23:19:26,15,11.77347946,0.22755897
14/11/2020 23:19:27,15,11.57407761,0.220921889
14/11/2020 23:19:28,15,11.37467575,0.214284807
14/11/2020 23:19:29,15,11.1752739,0.207647726
14/11/2020 23:19:30,15,11.02389908,0.201010644
14/11/2020 23:19:31,15,11.2214098,0.194373563
14/11/2020 23:19:32,15,11.41892147,0.187736481
14/11/2020 23:19:33,15,11.61643314,0.1810994
14/11/2020 23:19:34,15,11.81394386,0.174462318
14/11/2020 23:19:35,14.9885416,11.9885416,0.167825237
14/11/2020 23:19:36,14.79099178,11.79099178,0.161188155
14/11/2020 23:19:37,14.59344101,11.59344101,0.154551089
14/11/2020 23:19:38,14.39589119,11.39589119,0.147914007
14/11/2020 23:19:39,14.19834042,11.19834042,0.141276926
14/11/2020 23:19:40,14.0007906,11.0007906,0.134639844
14/11/2020 23:19:41,14.09867287,11.09867287,0.128002763
14/11/2020 23:19:42,14.19774151,11.19774151,0.121365681
14/11/2020 23:19:43,14.29681015,11.29681015,0.1147286
14/11/2020 23:19:44,14.39587879,11.39587879,0.108091518
14/11/2020 23:19:45,14.49494743,11.49494743,0.101454437
14/11/2020 23:19:46,14.59401608,11.59401608,0.094817355
14/11/2020 23:19:47,14.69308472,11.69308472,0.088180274
14/11/2020 23:19:48,14.79215336,11.79215336,0.0815432
14/11/2020 23:19:49,14.89122295,11.89122295,0.074906118
14/11/2020 23:19:50,14.9902916,11.9902916,0.068269037
14/11/2020 23:19:51,15,11.82017517,0.061631955
14/11/2020 23:19:52,15,11.62081337,0.054994874
14/11/2020 23:19:53,15,11.42145157,0.048357792
14/11/2020 23:19:54,15,11.22208977,0.041720714
14/11/2020 23:19:55,15,11.02272701,0.035083633
14/11/2020 23:19:56,15,11.17610836,0.028446551
14/11/2020 23:19:57,15,11.37487602,0.021809472
14/11/2020 23:19:58,15,11.57364368,0.015172391
14/11/2020 23:19:59,15,11.77241135,0.008535311
14/11/2020 23:20:00,15,11.97117901,0.00189823
14/11/2020 23:20:01,15,11.83162689,100.959549
14/11/2020 23:20:02,15,11.63469887,242.3594666
14/11/2020 23:20:03,15,11.43777084,383.7593994
14/11/2020 23:20:04,15,11.24084282,525.1593018
14/11/2020 23:20:05,15,11.04391479,666.5592651
14/11/2020 23:20:06,17.32356453,13.47846889,1477.736206
14/11/2020 23:20:07,20.31399536,16.66826248,2646.401611
14/11/2020 23:20:08,23.30442619,19.85805511,3815.066895
14/11/2020 23:20:09,26.29485703,23.04784775,4983.731934
14/11/2020 23:20:10,29.28528786,26.23764038,6152.397461
14/11/2020 23:20:11,31.20626068,27.60313034,6982.085938
14/11/2020 23:20:12,32.79136276,28.39568138,7604.015137
14/11/2020 23:20:13,34.37646103,29.18823051,8225.944336
14/11/2020 23:20:14,35.96156311,29.98078156,8847.873047
14/11/2020 23:20:15,37.54666138,30.77333069,9469.801758
14/11/2020 23:20:16,37.71789932,31.28210258,9825.966797
14/11/2020 23:20:17,37.32279587,31.67720222,9971.617188
14/11/2020 23:20:18,36.92769623,32.07230377,10117.26758
14/11/2020 23:20:19,36.53259659,32.46740341,10262.91797
14/11/2020 23:20:20,36.13749695,32.86250305,10408.56738
14/11/2020 23:20:21,36.51828384,33.51828384,10473.07715
14/11/2020 23:20:22,37.31319427,34.31319427,10469.01953
14/11/2020 23:20:23,38.10810852,35.10810852,10464.96289
14/11/2020 23:20:24,38.90301895,35.90301895,10460.90625
14/11/2020 23:20:25,39.6979332,36.6979332,10456.84961
14/11/2020 23:20:26,39.63255692,36.02014923,10432.78906
14/11/2020 23:20:27,39.03990555,34.43974686,10389.58398
14/11/2020 23:20:28,38.44725418,32.85934448,10346.37988
14/11/2020 23:20:29,37.85460281,31.2789402,10303.1748
14/11/2020 23:20:30,37.26195145,29.69853783,10259.96973
14/11/2020 23:20:31,37,29.1112442,10235.86523
14/11/2020 23:20:32,37,29.310606,10233.82324
14/11/2020 23:20:33,37,29.5099678,10231.78027
14/11/2020 23:20:34,37,29.70932961,10229.73828
14/11/2020 23:20:35,37,29.90869141,10227.69629
14/11/2020 23:20:36,35.70721436,28.9226799,10204.74512
14/11/2020 23:20:37,33.32200241,26.93500328,10152.56055
14/11/2020 23:20:38,30.93679237,24.94732666,10100.375
14/11/2020 23:20:39,28.55158043,22.95965004,10048.19043
14/11/2020 23:20:40,26.16636848,20.97197342,9996.005859
14/11/2020 23:20:41,24.49375916,19.69625473,9754.388672
14/11/2020 23:20:42,23.50307083,19.10184288,9168.592773
14/11/2020 23:20:43,22.51238441,18.50743103,8582.796875
14/11/2020 23:20:44,21.52169609,17.91301727,7997.001465
14/11/2020 23:20:45,20.53100777,17.31860542,7411.205078
14/11/2020 23:20:46,19.54032135,16.54032135,6703.90332
14/11/2020 23:20:47,18.54963303,15.54963303,5723.606934
14/11/2020 23:20:48,17.55894661,14.55894566,4743.311035
14/11/2020 23:20:49,16.56825829,13.56825829,3763.014893
14/11/2020 23:20:50,15.57757092,12.57757092,2782.71875
14/11/2020 23:20:51,14.91762161,11.91762161,1962.745972
14/11/2020 23:20:52,14.72007084,11.72007084,1636.831055
14/11/2020 23:20:53,14.52252102,11.52252102,1310.916138
14/11/2020 23:20:54,14.32497025,11.32497025,985.0012207
14/11/2020 23:20:55,14.12742043,11.12742043,659.0863647
14/11/2020 23:20:56,14.0703392,11.0703392,396.8622437
14/11/2020 23:20:57,14.26847649,11.26847649,330.9098206
14/11/2020 23:20:58,14.46661377,11.46661377,264.9573975
14/11/2020 23:20:59,14.66475105,11.66475105,199.0049438
14/11/2020 23:21:00,14.86288929,11.86288929,133.0525208
14/11/2020 23:21:01,15,12,77.62425995
14/11/2020 23:21:02,15,12,64.82427216
14/11/2020 23:21:03,15,12,52.02428818
14/11/2020 23:21:04,15,12,39.22430038
14/11/2020 23:21:05,15,12,26.42431259
14/11/2020 23:21:06,15,11.95100021,15.18311977
14/11/2020 23:21:07,15,11.7510004,12.70627022
14/11/2020 23:21:08,15,11.55099964,10.22942066
14/11/2020 23:21:09,15,11.35099983,7.752571583
14/11/2020 23:21:10,15,11.15100002,5.275722027
14/11/2020 23:21:11,15.29126167,11.29126167,50.50044632
14/11/2020 23:21:12,16.48008728,12.48008728,583.9963379
14/11/2020 23:21:13,17.66891289,13.66891193,1117.492188
14/11/2020 23:21:14,18.85773659,14.85773754,1650.988037
14/11/2020 23:21:15,20.04656219,16.04656219,2184.483887
14/11/2020 23:21:16,20.9216156,16.9215374,2704.900635
14/11/2020 23:21:17,20.52573204,16.52526283,2926.984619
14/11/2020 23:21:18,20.12985039,16.12898827,3149.068848
14/11/2020 23:21:19,19.73396683,15.73271275,3371.153076
14/11/2020 23:21:20,19.33808327,15.33643723,3593.237305
14/11/2020 23:21:21,18.94220161,15,3811.853027
14/11/2020 23:21:22,18.54631805,15,3687.107422
14/11/2020 23:21:23,18.1504364,15,3562.361572
14/11/2020 23:21:24,17.75455284,15,3437.615723
14/11/2020 23:21:25,17.35866928,15,3312.870117
14/11/2020 23:21:26,16.96278763,14.94709682,3188.124268
14/11/2020 23:21:27,16.56690407,14.35268497,2859.596191
14/11/2020 23:21:28,16.17102051,13.75827217,2530.043945
14/11/2020 23:21:29,15.77513885,13.16385937,2200.491699
14/11/2020 23:21:30,15.37925529,12.56944752,1870.939575
14/11/2020 23:21:31,15,12,1541.387451
14/11/2020 23:21:32,15,12,1403.838135
14/11/2020 23:21:33,15,12,1276.820679
14/11/2020 23:21:34,15,12,1149.803101
14/11/2020 23:21:35,15,12,1022.785583
14/11/2020 23:21:36,15.01395798,12.01196384,895.7680664
14/11/2020 23:21:37,16.40977097,13.20837498,1342.552124
14/11/2020 23:21:38,17.80558395,14.40478611,1863.898071
14/11/2020 23:21:39,19.20139503,15.60119629,2385.243896
14/11/2020 23:21:40,20.59720802,16.79760742,2906.589844
14/11/2020 23:21:41,21.99302101,17.99401855,3427.935791
14/11/2020 23:21:42,20.8171196,17.01426506,3390.475098
14/11/2020 23:21:43,19.62829399,16.02357864,3269.514893
14/11/2020 23:21:44,18.43946838,15.03289127,3148.554443
14/11/2020 23:21:45,17.25064468,14.04220295,3027.593994
14/11/2020 23:21:46,16.06181908,13.05151558,2906.633545
14/11/2020 23:21:47,17.68516731,14.31068516,3397.243896
14/11/2020 23:21:48,19.46276855,15.69326496,4006.081299
14/11/2020 23:21:49,21.2403717,17.07584381,4614.918945
14/11/2020 23:21:50,23.01797295,18.45842361,5223.756348
14/11/2020 23:21:51,24.7955761,19.84100342,5832.59375
14/11/2020 23:21:52,24.64705849,20,6065.474121
14/11/2020 23:21:53,24.24825478,20,6199.018555
14/11/2020 23:21:54,23.84945107,20,6332.5625
14/11/2020 23:21:55,23.45064735,20,6466.106934
14/11/2020 23:21:56,23.05184364,20,6599.650879
14/11/2020 23:21:57,24.38109016,20.86446762,6859.555664
14/11/2020 23:21:58,25.96854782,21.85810852,7159.362793
14/11/2020 23:21:59,27.55600739,22.85174942,7459.17041
14/11/2020 23:22:00,29.14346695,23.84539032,7758.978027
14/11/2020 23:22:01,30.73092651,24.83902931,8058.785645
14/11/2020 23:22:02,32.31838608,26.66039276,8366.351563
14/11/2020 23:22:03,33.90584564,28.6417675,8677.039063
14/11/2020 23:22:04,35.49330139,30.62314224,8987.727539
14/11/2020 23:22:05,37.08076096,32.60451889,9298.416016
14/11/2020 23:22:06,38.66822052,34.58589172,9609.103516
14/11/2020 23:22:07,38.21387482,33.89942169,9808.787109
14/11/2020 23:22:08,37.22003555,32.50804901,9944.664063
14/11/2020 23:22:09,36.22619629,31.11667633,10080.54004
14/11/2020 23:22:10,35.23236084,29.72530365,10216.41699
14/11/2020 23:22:11,34.23852158,28.33392906,10352.29395
14/11/2020 23:22:12,33.69882965,28,10409.98828
14/11/2020 23:22:13,33.30255508,28,10416.42383
14/11/2020 23:22:14,32.90628052,28,10422.8584
14/11/2020 23:22:15,32.51000595,28,10429.29395
14/11/2020 23:22:16,32.11373138,28,10435.72949
14/11/2020 23:22:17,32.14041138,28,10415.06934
14/11/2020 23:22:18,32.33733749,28,10374.13477
14/11/2020 23:22:19,32.53426361,28,10333.2002
14/11/2020 23:22:20,32.73119354,28,10292.26563
14/11/2020 23:22:21,32.92811966,28,10251.33203
14/11/2020 23:22:22,31.48538971,26.73782539,10011.60938
14/11/2020 23:22:23,29.10017967,24.75014877,9603.228516
14/11/2020 23:22:24,26.71496773,22.76247215,9194.848633
14/11/2020 23:22:25,24.32975578,20.77479553,8786.467773
14/11/2020 23:22:26,21.94454384,18.78711891,8378.087891
14/11/2020 23:22:27,21.60015869,18.48012733,8025.927734
14/11/2020 23:22:28,22.59379959,19.27503967,7731.353516
14/11/2020 23:22:29,23.58744049,20.06995201,7436.778809
14/11/2020 23:22:30,24.58108139,20.86486435,7142.20459
14/11/2020 23:22:31,25.57472229,21.65977669,6847.630371
14/11/2020 23:22:32,25.77260971,21.77260971,6783.265625
14/11/2020 23:22:33,25.37507439,21.37507439,6969.294922
14/11/2020 23:22:34,24.97753906,20.97753906,7155.324707
14/11/2020 23:22:35,24.58000374,20.58000374,7341.354004
14/11/2020 23:22:36,24.18246841,20.18246841,7527.383789
14/11/2020 23:22:37,23.24965286,19.35684586,7411.384766
14/11/2020 23:22:38,21.86268997,18.16802025,6871.384766
14/11/2020 23:22:39,20.47572899,16.97919464,6331.384766
14/11/2020 23:22:40,19.0887661,15.79037094,5791.384277
14/11/2020 23:22:41,17.70180321,14.60154533,5251.384277
14/11/2020 23:22:42,16.80299187,13.80299091,4634.483398
14/11/2020 23:22:43,16.40418816,13.4041872,3894.741455
14/11/2020 23:22:44,16.00538445,13.00538349,3154.999512
14/11/2020 23:22:45,15.60658073,12.60658073,2415.257568
14/11/2020 23:22:46,15.20777702,12.20777702,1675.515381
14/11/2020 23:22:47,15,11.90539169,1147.128662
14/11/2020 23:22:48,15,11.70788097,1006.126526
14/11/2020 23:22:49,15,11.5103693,865.1243896
14/11/2020 23:22:50,15,11.31285763,724.1223145
14/11/2020 23:22:51,15,11.11534691,583.1202393
14/11/2020 23:22:52,16.57106018,12.57105923,849.734375
14/11/2020 23:22:53,20.34764481,16.34764481,2036.472534
14/11/2020 23:22:54,24.12422943,20.12422943,3223.210693
14/11/2020 23:22:55,27.90081406,23.90081406,4409.94873
14/11/2020 23:22:56,31.67740059,27.67740059,5596.687012
14/11/2020 23:22:57,33.38791656,29.38791656,6511.020508
14/11/2020 23:22:58,31.79809189,27.79809189,6807.54834
14/11/2020 23:22:59,30.20826721,26.20826721,7104.076172
14/11/2020 23:23:00,28.61844254,24.61844254,7400.604004
14/11/2020 23:23:01,27.02861595,23.02861595,7697.131836
14/11/2020 23:23:02,25.61351585,21.58026123,7808.126465
14/11/2020 23:23:03,24.5186615,20.39120102,7391.064941
14/11/2020 23:23:04,23.42380905,19.20214081,6974.003418
14/11/2020 23:23:05,22.3289547,18.0130806,6556.941895
14/11/2020 23:23:06,21.23410034,16.82401848,6139.880371
14/11/2020 23:23:07,20.13924599,15.75444889,5653.403809
14/11/2020 23:23:08,19.04439163,14.95460892,4852.831543
14/11/2020 23:23:09,17.94953728,14.15476894,4052.259277
14/11/2020 23:23:10,16.85468292,13.35492897,3251.687012
14/11/2020 23:23:11,15.75982857,12.555089,2451.11499
14/11/2020 23:23:12,14.93935776,11.93935776,1740.881714
14/11/2020 23:23:13,14.74118137,11.74118137,1542.569336
14/11/2020 23:23:14,14.54300404,11.54300404,1344.256958
14/11/2020 23:23:15,14.34482765,11.34482765,1145.94458
14/11/2020 23:23:16,14.14665127,11.14665127,947.6322021
14/11/2020 23:23:17,14.92144108,11.87024975,908.8204346
14/11/2020 23:23:18,18.46544647,15.21736526,2050.849365
14/11/2020 23:23:19,22.00945091,18.56448174,3192.878418
14/11/2020 23:23:20,25.55345535,21.9115963,4334.907227
14/11/2020 23:23:21,29.09745979,25.25871277,5476.936523
14/11/2020 23:23:22,31.67620659,27.67620659,6549.556152
14/11/2020 23:23:23,29.88729858,25.88729858,6727.570313
14/11/2020 23:23:24,28.09839058,24.09839058,6905.583984
14/11/2020 23:23:25,26.30948067,22.30948067,7083.598145
14/11/2020 23:23:26,24.52057266,20.52057266,7261.611816
14/11/2020 23:23:27,23.2087059,19.2087059,7444.829102
14/11/2020 23:23:28,24.60007858,20.60007858,7682.649902
14/11/2020 23:23:29,25.99145317,21.99145317,7920.471191
14/11/2020 23:23:30,27.38282585,23.38282585,8158.291992
14/11/2020 23:23:31,28.77420044,24.77420044,8396.113281
14/11/2020 23:23:32,30.14146996,26.14146996,8632.036133
14/11/2020 23:23:33,31.33029556,27.33029556,8823.556641
14/11/2020 23:23:34,32.51911926,28.51912117,9015.078125
14/11/2020 23:23:35,33.70794678,29.70794487,9206.598633
14/11/2020 23:23:36,34.89677048,30.89677048,9398.120117
14/11/2020 23:23:37,35.88445282,31.88445282,9589.640625
14/11/2020 23:23:38,34.2796402,30.27963829,9581.199219
14/11/2020 23:23:39,32.67482376,28.67482376,9568.259766
14/11/2020 23:23:40,31.07000923,27.07000923,9555.320313
14/11/2020 23:23:41,29.4651947,25.4651947,9542.380859
14/11/2020 23:23:42,27.96551704,23.96551704,9529.441406
14/11/2020 23:23:43,27.56916428,23.56916428,9237.229492
14/11/2020 23:23:44,27.1728096,23.1728096,8924.319336
14/11/2020 23:23:45,26.77645683,22.77645683,8611.40918
14/11/2020 23:23:46,26.38010216,22.38010216,8298.499023
14/11/2020 23:23:47,25.9595108,21.9595108,7985.588379
14/11/2020 23:23:48,24.97195244,20.97195244,7559.076172
14/11/2020 23:23:49,23.98439598,19.98439598,7117.656738
14/11/2020 23:23:50,22.99683952,18.99683952,6676.236816
14/11/2020 23:23:51,22.00928307,18.00928307,6234.817383
14/11/2020 23:23:52,21.02172661,17.02172661,5793.397949
14/11/2020 23:23:53,21.58133507,17.38755608,5767.012207
14/11/2020 23:23:54,22.17574883,17.78383255,5803.192871
14/11/2020 23:23:55,22.77016068,18.18010712,5839.373047
14/11/2020 23:23:56,23.36457253,18.57638168,5875.553223
14/11/2020 23:23:57,23.95898628,18.97265625,5911.733398
14/11/2020 23:23:58,26.95145607,21.58252335,6311.010742
14/11/2020 23:23:59,30.12165642,24.35644913,6780.998535
14/11/2020 23:24:00,33.29185486,27.13037491,7250.986328
14/11/2020 23:24:01,36.46205521,29.90429878,7720.974121
14/11/2020 23:24:02,39.63225555,32.67822647,8190.961914
14/11/2020 23:24:03,37.88474655,31.06101608,8268.473633
14/11/2020 23:24:04,35.49192429,28.86759758,8251.518555
14/11/2020 23:24:05,33.09910202,26.67417717,8234.563477
14/11/2020 23:24:06,30.70628166,24.48075867,8217.608398
14/11/2020 23:24:07,28.3134594,22.28733826,8200.65332
14/11/2020 23:24:08,27.65460968,22,7998.961914
14/11/2020 23:24:09,27.25715446,22,7738.612305
14/11/2020 23:24:10,26.85969734,22,7478.262695
14/11/2020 23:24:11,26.46224213,22,7217.913086
14/11/2020 23:24:12,26.064785,22,6957.563477
14/11/2020 23:24:13,26,22,6873.76123
14/11/2020 23:24:14,26,22,6867.072266
14/11/2020 23:24:15,26,22,6860.383301
14/11/2020 23:24:16,26,22,6853.694336
14/11/2020 23:24:17,26,22,6847.005371
14/11/2020 23:24:18,26,22,6840.316406
14/11/2020 23:24:19,26,22,6833.627441
14/11/2020 23:24:20,26,22,6826.938477
14/11/2020 23:24:21,26,22,6820.249512
14/11/2020 23:24:22,26,22,6813.560547
14/11/2020 23:24:23,27.49911118,23.3491993,6903.228516
14/11/2020 23:24:24,29.47422409,25.12680244,7045.008789
14/11/2020 23:24:25,31.44933891,26.90440369,7186.789551
14/11/2020 23:24:26,33.42445374,28.68200684,7328.569824
14/11/2020 23:24:27,35.39956665,30.45960808,7470.350586
14/11/2020 23:24:28,34.47338104,29.61216354,7462.251953
14/11/2020 23:24:29,32.27996063,27.61814499,7355.476563
14/11/2020 23:24:30,30.08654022,25.62412834,7248.701172
14/11/2020 23:24:31,27.89311981,23.63010979,7141.92627
14/11/2020 23:24:32,25.69970131,21.63609123,7035.150879
14/11/2020 23:24:33,25,21,6933.616699
14/11/2020 23:24:34,25,21,6836.020508
14/11/2020 23:24:35,25,21,6738.423828
14/11/2020 23:24:36,25,21,6640.827637
14/11/2020 23:24:37,25,21,6543.231445
14/11/2020 23:24:38,25.64308357,21.51446724,6662.780762
14/11/2020 23:24:39,26.63396835,22.30717468,6967.305664
14/11/2020 23:24:40,27.62485123,23.09988022,7271.831055
14/11/2020 23:24:41,28.61573601,23.89258766,7576.356445
14/11/2020 23:24:42,29.60661888,24.6852951,7880.881348
14/11/2020 23:24:43,29.64050102,24.76033401,8014.344727
14/11/2020 23:24:44,29.04431725,24.36287689,7982.794922
14/11/2020 23:24:45,28.44813156,23.96542168,7951.245605
14/11/2020 23:24:46,27.85194778,23.56796455,7919.695801
14/11/2020 23:24:47,27.25576401,23.17050934,7888.146484
14/11/2020 23:24:48,27.56748199,23.45398521,7859.710449
14/11/2020 23:24:49,28.56131935,24.24905586,7835.385254
14/11/2020 23:24:50,29.55515862,25.04412651,7811.05957
14/11/2020 23:24:51,30.54899597,25.83919716,7786.734375
14/11/2020 23:24:52,31.54283524,26.63426781,7762.408691
14/11/2020 23:24:53,30.49731636,25.6046505,7607.245117
14/11/2020 23:24:54,27.71456909,23.02067184,7255.004395
14/11/2020 23:24:55,24.93182182,20.43669319,6902.763672
14/11/2020 23:24:56,22.14907646,17.85271263,6550.522949
14/11/2020 23:24:57,19.36632919,15.26873398,6198.282715
14/11/2020 23:24:58,17.69929123,13.79952717,5663.837891
14/11/2020 23:24:59,17.10850716,13.40567112,4854.945313
14/11/2020 23:25:00,16.51772308,13.01181602,4046.05249
14/11/2020 23:25:01,15.92693996,12.61795998,3237.159668
14/11/2020 23:25:02,15.33615589,12.22410393,2428.26709
14/11/2020 23:25:03,15.17130375,12.17130375,1882.122437
14/11/2020 23:25:04,15.56875992,12.56875992,1819.672852
14/11/2020 23:25:05,15.96621609,12.96621609,1757.223389
14/11/2020 23:25:06,16.36367226,13.36367226,1694.773804
14/11/2020 23:25:07,16.76112938,13.76112843,1632.324341
14/11/2020 23:25:08,16.92069626,13.92069721,1617.055298
14/11/2020 23:25:09,16.7219429,13.7219429,1709.295776
14/11/2020 23:25:10,16.52318764,13.52318764,1801.536377
14/11/2020 23:25:11,16.32443428,13.32443333,1893.776978
14/11/2020 23:25:12,16.12567902,13.12567902,1986.017456
14/11/2020 23:25:13,15.92692471,12.92692471,1995.5
14/11/2020 23:25:14,15.72817039,12.72817039,1802.367798
14/11/2020 23:25:15,15.52941608,12.52941608,1609.235718
14/11/2020 23:25:16,15.33066082,12.33066082,1416.103516
14/11/2020 23:25:17,15.13190651,12.13190651,1222.971436
14/11/2020 23:25:18,14.9331522,11.9331522,1035.51355
14/11/2020 23:25:19,14.73439789,11.73439789,864.374939
14/11/2020 23:25:20,14.53564358,11.53564358,693.2363281
14/11/2020 23:25:21,14.33688927,11.33688927,522.0976563
14/11/2020 23:25:22,14.138134,11.138134,350.9590149
14/11/2020 23:25:23,14,11,210.7425079
14/11/2020 23:25:24,14,11,175.8247833
14/11/2020 23:25:25,14,11,140.9070435
14/11/2020 23:25:26,14,11,105.9893188
14/11/2020 23:25:27,14,11,71.07158661
14/11/2020 23:25:28,14,11.05763149,41.22901154
14/11/2020 23:25:29,14,11.2563591,34.50661087
14/11/2020 23:25:30,14,11.45508766,27.7842083
14/11/2020 23:25:31,14,11.65381527,21.06180573
14/11/2020 23:25:32,14,11.85254383,14.33940411
14/11/2020 23:25:33,14,11.94871807,8.330324173
14/11/2020 23:25:34,14,11.74995041,6.97124815
14/11/2020 23:25:35,14,11.55118275,5.61217165
14/11/2020 23:25:36,14,11.35241508,4.25309515
14/11/2020 23:25:37,14,11.15364742,2.894018888
14/11/2020 23:25:38,14.04497719,11.04497719,1.629321218
14/11/2020 23:25:39,14.24311447,11.24311447,1.367670178
14/11/2020 23:25:40,14.44125175,11.44125175,1.106019139
14/11/2020 23:25:41,14.63938999,11.63938999,0.8443681
14/11/2020 23:25:42,14.83752728,11.83752728,0.582717061
14/11/2020 23:25:43,14.98216724,11.98216724,0.330984354
14/11/2020 23:25:44,14.8830986,11.8830986,0.323648214
14/11/2020 23:25:45,14.78402996,11.78402996,0.316312075
14/11/2020 23:25:46,14.68496132,11.68496132,0.308975965
14/11/2020 23:25:47,14.58589268,11.58589268,0.301639825
14/11/2020 23:25:48,14.48682404,11.48682404,0.294303685
14/11/2020 23:25:49,14.38775539,11.38775539,0.286967576
14/11/2020 23:25:50,14.28868675,11.28868675,0.279631436
14/11/2020 23:25:51,14.18961716,11.18961716,0.272295296
14/11/2020 23:25:52,14.09054852,11.09054852,0.264959157
14/11/2020 23:25:53,14.01704025,11.01704025,0.257623047
14/11/2020 23:25:54,14.21517754,11.21517754,0.250286907
14/11/2020 23:25:55,14.41331482,11.41331482,0.242950782
14/11/2020 23:25:56,14.6114521,11.6114521,0.235614643
14/11/2020 23:25:57,14.80958939,11.80958939,0.228278518
14/11/2020 23:25:58,14.99222374,11.99222374,0.220942378
14/11/2020 23:25:59,14.79282188,11.79282188,0.213606253
14/11/2020 23:26:00,14.59342003,11.59342003,0.206270114
14/11/2020 23:26:01,14.39401817,11.39401817,0.198933989
14/11/2020 23:26:02,14.19461632,11.19461632,0.191597864
14/11/2020 23:26:03,14.00475502,11.00475502,0.184261724
14/11/2020 23:26:04,14.20289326,11.20289326,0.1769256
14/11/2020 23:26:05,14.40103054,11.40103054,0.16958946
14/11/2020 23:26:06,14.59916782,11.59916782,0.162253335
14/11/2020 23:26:07,14.79730511,11.79730511,0.15491721
14/11/2020 23:26:08,14.99544239,11.99544239,0.147581071
14/11/2020 23:26:09,14.80522346,11.9026022,0.140244946
14/11/2020 23:26:10,14.60586166,11.8029108,0.132908806
14/11/2020 23:26:11,14.40649891,11.70322037,0.125572681
14/11/2020 23:26:12,14.20713711,11.60352898,0.118236549
14/11/2020 23:26:13,14.00777531,11.50383854,0.110900417
14/11/2020 23:26:14,14.09595585,11.40414715,0.103564285
14/11/2020 23:26:15,14.1958065,11.30445576,0.096228153
14/11/2020 23:26:16,14.2956562,11.20476532,0.088892028
14/11/2020 23:26:17,14.39550686,11.10507393,0.081555896
14/11/2020 23:26:18,14.49535656,11.00538349,0.074219763
14/11/2020 23:26:19,14.59520721,11.1892004,0.066883631
14/11/2020 23:26:20,14.69505787,11.38920021,0.059547499
14/11/2020 23:26:21,14.79490757,11.58920002,0.05221137
14/11/2020 23:26:22,14.89475822,11.78919983,0.044875238
14/11/2020 23:26:23,14.99460793,11.98919964,0.037539106
14/11/2020 23:26:24,14.81200314,11.81200314,0.030202977
14/11/2020 23:26:25,14.61327457,11.61327457,0.022866845
14/11/2020 23:26:26,14.41454697,11.41454697,0.015530715
14/11/2020 23:26:27,14.21581841,11.21581841,0.008194583
14/11/2020 23:26:28,14.0170908,11.0170908,0.000858453
14/11/2020 23:26:29,14.18280029,11.36559963,79.21159363
14/11/2020 23:26:30,14.3828001,11.7656002,168.9189453
14/11/2020 23:26:31,14.58279991,12.16559982,258.6263123
14/11/2020 23:26:32,14.78279972,12.5656004,348.3336487
14/11/2020 23:26:33,14.98279953,12.96560001,438.0410156
14/11/2020 23:26:34,15,12.81776524,461.9104309
14/11/2020 23:26:35,15,12.61838341,477.0561523
14/11/2020 23:26:36,15,12.41900063,492.2018433
14/11/2020 23:26:37,15,12.2196188,507.3475647
14/11/2020 23:26:38,15,12.02023697,522.4932861
14/11/2020 23:26:39,14.82077312,11.82085514,449.530365
14/11/2020 23:26:40,14.62141132,11.62147331,364.8928223
14/11/2020 23:26:41,14.42204952,11.42209148,280.2552795
14/11/2020 23:26:42,14.22268772,11.22270966,195.6177521
14/11/2020 23:26:43,14.02332497,11.02332783,110.9802094
14/11/2020 23:26:44,14.17660046,11.17660046,94.91405487
14/11/2020 23:26:45,14.37660027,11.37660027,87.93380737
14/11/2020 23:26:46,14.57660007,11.57660007,80.9535675
14/11/2020 23:26:47,14.77659988,11.77659988,73.97332001
14/11/2020 23:26:48,14.97659969,11.97659969,66.99307251
14/11/2020 23:26:49,16.94260025,13.76599979,546.5836792
14/11/2020 23:26:50,19.14259911,15.76599979,1121.625977
14/11/2020 23:26:51,21.34259987,17.76600075,1696.668335
14/11/2020 23:26:52,23.54260063,19.76600075,2271.710693
14/11/2020 23:26:53,25.74259949,21.76600075,2846.75293
14/11/2020 23:26:54,27.76600075,23.76600075,3639.710205
14/11/2020 23:26:55,29.76600075,25.76600075,4475.416504
14/11/2020 23:26:56,31.76600075,27.76600075,5311.123047
14/11/2020 23:26:57,33.76599884,29.76600075,6146.829102
14/11/2020 23:26:58,35.76599884,31.76600075,6982.535645
14/11/2020 23:26:59,32.85080338,29.02575874,6866.88916
14/11/2020 23:27:00,29.28432655,25.65742111,6584.672363
14/11/2020 23:27:01,25.71785164,22.28908348,6302.455566
14/11/2020 23:27:02,22.15137672,18.92074585,6020.239258
14/11/2020 23:27:03,18.58490181,15.55240726,5738.022461
14/11/2020 23:27:04,17.66559982,14.66559982,5285.388184
14/11/2020 23:27:05,17.2656002,14.2656002,4799.322266
14/11/2020 23:27:06,16.86560059,13.86559963,4313.256836
14/11/2020 23:27:07,16.46559906,13.46560001,3827.191406
14/11/2020 23:27:08,16.06559944,13.0656004,3341.125977
14/11/2020 23:27:09,17.00621796,13.67081261,3337.074951
14/11/2020 23:27:10,18.20982933,14.47321987,3417.419189
14/11/2020 23:27:11,19.4134407,15.27562714,3497.763428
14/11/2020 23:27:12,20.61705208,16.07803345,3578.107666
14/11/2020 23:27:13,21.82066154,16.88044167,3658.451904
14/11/2020 23:27:14,22.67876434,18.01814651,4138.030273
14/11/2020 23:27:15,23.47637177,19.21455574,4705.245605
14/11/2020 23:27:16,24.27397728,20.41096687,5272.460938
14/11/2020 23:27:17,25.0715847,21.60737801,5839.67627
14/11/2020 23:27:18,25.86919212,22.80378914,6406.891113
14/11/2020 23:27:19,27.34162521,23.67081261,6841.521484
14/11/2020 23:27:20,28.94643974,24.47321892,7240.695313
14/11/2020 23:27:21,30.55125427,25.27562714,7639.868652
14/11/2020 23:27:22,32.15606689,26.07803345,8039.041992
14/11/2020 23:27:23,33.76088333,26.88044167,8438.21582
14/11/2020 23:27:24,33.49254608,26.57712173,8619.692383
14/11/2020 23:27:25,32.89624405,26.0802021,8737.239258
14/11/2020 23:27:26,32.29994202,25.58328438,8854.786133
14/11/2020 23:27:27,31.70363808,25.08636475,8972.333008
14/11/2020 23:27:28,31.10733414,24.58944511,9089.879883
14/11/2020 23:27:29,30.67402077,24.09252548,9088.420898
14/11/2020 23:27:30,30.27648544,23.59560776,9042.047852
14/11/2020 23:27:31,29.87895012,23.09868813,8995.673828
14/11/2020 23:27:32,29.48141479,22.60176849,8949.300781
14/11/2020 23:27:33,29.08387947,22.10485077,8902.926758
14/11/2020 23:27:34,29.4718895,22.94377899,8912.714844
14/11/2020 23:27:35,30.06997681,24.13995171,8942.030273
14/11/2020 23:27:36,30.66806221,25.33612442,8971.344727
14/11/2020 23:27:37,31.26614761,26.53229713,9000.660156
14/11/2020 23:27:38,31.86423492,27.72846985,9029.975586
14/11/2020 23:27:39,31.38735962,27.38735962,8988.05957
14/11/2020 23:27:40,30.59480858,26.59480858,8919.261719
14/11/2020 23:27:41,29.80225945,25.80225945,8850.462891
14/11/2020 23:27:42,29.0097084,25.0097084,8781.664063
14/11/2020 23:27:43,28.21715927,24.21715927,8712.865234
14/11/2020 23:27:44,28.72833061,25.01966286,8665.805664
14/11/2020 23:27:45,29.73154068,26.4241581,8627.625977
14/11/2020 23:27:46,30.73475075,27.82865143,8589.445313
14/11/2020 23:27:47,31.73796082,29.23314667,8551.265625
14/11/2020 23:27:48,32.74117279,30.63764,8513.084961
14/11/2020 23:27:49,32.92603683,30.26036644,8504.105469
14/11/2020 23:27:50,32.82635498,29.26355743,8506.145508
14/11/2020 23:27:51,32.72667313,28.26674652,8508.186523
14/11/2020 23:27:52,32.62699509,27.26993561,8510.226563
14/11/2020 23:27:53,32.52731323,26.2731266,8512.267578
14/11/2020 23:27:54,32.42763138,26.14473724,8535.355469
14/11/2020 23:27:55,32.32794952,26.34409904,8566.388672
14/11/2020 23:27:56,32.22826767,26.54346085,8597.420898
14/11/2020 23:27:57,32.12858963,26.74282265,8628.453125
14/11/2020 23:27:58,32.02890778,26.94218445,8659.485352
14/11/2020 23:27:59,33.70946884,28.70947075,8746.635742
14/11/2020 23:28:00,36.11717606,31.11717415,8864.268555
14/11/2020 23:28:01,38.52487946,33.52487946,8981.902344
14/11/2020 23:28:02,40.93258286,35.93258286,9099.536133
14/11/2020 23:28:03,43.34029007,38.34029007,9217.168945
14/11/2020 23:28:04,41.8219986,36.96720123,9218.925781
14/11/2020 23:28:05,38.8219986,34.16719818,9157.737305
14/11/2020 23:28:06,35.8219986,31.36720085,9096.548828
14/11/2020 23:28:07,32.8219986,28.56719971,9035.360352
14/11/2020 23:28:08,29.8220005,25.76720047,8974.171875
14/11/2020 23:28:09,28.5710907,24.5710907,8768.498047
14/11/2020 23:28:10,27.98030663,23.98030663,8472.753906
14/11/2020 23:28:11,27.38952255,23.38952255,8177.009766
14/11/2020 23:28:12,26.79874039,22.79874039,7881.266113
14/11/2020 23:28:13,26.20795631,22.20795631,7585.522461
14/11/2020 23:28:14,26,21.87039948,7372.785156
14/11/2020 23:28:15,26,21.67040062,7218.933105
14/11/2020 23:28:16,26,21.47039986,7065.081055
14/11/2020 23:28:17,26,21.27039909,6911.229492
14/11/2020 23:28:18,26,21.07040024,6757.377441
14/11/2020 23:28:19,26.38632774,21.38632774,6755.580566
14/11/2020 23:28:20,26.98251152,21.98251152,6842.321777
14/11/2020 23:28:21,27.5786972,22.5786972,6929.063477
14/11/2020 23:28:22,28.17488098,23.17488098,7015.804688
14/11/2020 23:28:23,28.77106476,23.77106476,7102.546387
14/11/2020 23:28:24,29.97952652,24.85708618,7218.792969
14/11/2020 23:28:25,31.56966782,26.24845886,7354.628418
14/11/2020 23:28:26,33.15980911,27.63983345,7490.463379
14/11/2020 23:28:27,34.74995041,29.03120613,7626.298828
14/11/2020 23:28:28,36.34009171,30.42258072,7762.133789
14/11/2020 23:28:29,35.46456528,29.70078659,7803.52832
14/11/2020 23:28:30,32.83989334,27.4799118,7768.893066
14/11/2020 23:28:31,30.21522331,25.25903511,7734.258301
14/11/2020 23:28:32,27.59055138,23.03815842,7699.623047
14/11/2020 23:28:33,24.96587944,20.81728172,7664.987793
14/11/2020 23:28:34,24.25124168,20.37626457,7622.280762
14/11/2020 23:28:35,24.64877701,20.97162056,7572.641602
14/11/2020 23:28:36,25.04631233,21.56697845,7523.00293
14/11/2020 23:28:37,25.44384766,22.16233444,7473.36377
14/11/2020 23:28:38,25.84138298,22.75769043,7423.725098
14/11/2020 23:28:39,26.47632217,23.35304642,7495.070313
14/11/2020 23:28:40,27.26887321,23.9484024,7663.814941
14/11/2020 23:28:41,28.06142235,24.54375839,7832.559082
14/11/2020 23:28:42,28.85397339,25.13911438,8001.303711
14/11/2020 23:28:43,29.64652252,25.73447037,8170.04834
14/11/2020 23:28:44,29.88955307,25.88955307,8275.728516
14/11/2020 23:28:45,29.69019127,25.69019127,8320.085938
14/11/2020 23:28:46,29.49082947,25.49082947,8364.444336
14/11/2020 23:28:47,29.29146767,25.29146767,8408.801758
14/11/2020 23:28:48,29.09210587,25.09210587,8453.15918
14/11/2020 23:28:49,29.32383537,25.32383537,8516.426758
14/11/2020 23:28:50,29.92576218,25.92576218,8600.594727
14/11/2020 23:28:51,30.52768898,26.52768898,8684.762695
14/11/2020 23:28:52,31.12961388,27.12961388,8768.930664
14/11/2020 23:28:53,31.73154068,27.73154068,8853.097656
14/11/2020 23:28:54,31.2316227,27.12185478,8817.700195
14/11/2020 23:28:55,29.84465981,25.53675461,8650.151367
14/11/2020 23:28:56,28.45769691,23.95165443,8482.603516
14/11/2020 23:28:57,27.07073593,22.36655426,8315.054688
14/11/2020 23:28:58,25.68377304,20.78145409,8147.505371
14/11/2020 23:28:59,24.79849052,19.89924431,7948.374023
14/11/2020 23:29:00,24.4010334,19.70051575,7712.166992
14/11/2020 23:29:01,24.00357628,19.50178909,7475.959961
14/11/2020 23:29:02,23.60612106,19.30306053,7239.75293
14/11/2020 23:29:03,23.20866394,19.10433197,7003.545898
14/11/2020 23:29:04,23.66500092,19.56999969,6920.891113
14/11/2020 23:29:05,25.06500053,20.77000046,7018.493652
14/11/2020 23:29:06,26.46500015,21.96999931,7116.095703
14/11/2020 23:29:07,27.86499977,23.17000008,7213.697754
14/11/2020 23:29:08,29.26499939,24.37000084,7311.300293
14/11/2020 23:29:09,28.57926178,23.67397881,6914.42627
14/11/2020 23:29:10,25.58823586,20.88235283,5937.080078
14/11/2020 23:29:11,22.59720802,18.09072876,4959.733398
14/11/2020 23:29:12,19.6061821,15.29910278,3982.387451
14/11/2020 23:29:13,16.61515427,12.50747776,3005.041016
14/11/2020 23:29:14,15,11.09200001,2299.355469
14/11/2020 23:29:15,15,11.29199982,1956.730103
14/11/2020 23:29:16,15,11.49199963,1614.104736
14/11/2020 23:29:17,15,11.69200039,1271.479492
14/11/2020 23:29:18,15,11.8920002,928.854126
14/11/2020 23:29:19,15.46000004,12.50438595,981.0773315
14/11/2020 23:29:20,16.45999908,13.60087681,1560.995361
14/11/2020 23:29:21,17.45999908,14.69736862,2140.91333
14/11/2020 23:29:22,18.45999908,15.79385948,2720.831543
14/11/2020 23:29:23,19.45999908,16.89035034,3300.749512
14/11/2020 23:29:24,20.73131943,17.9868412,3912.775879
14/11/2020 23:29:25,22.3211441,19.08333397,4567.713379
14/11/2020 23:29:26,23.91097069,20.17982483,5222.650391
14/11/2020 23:29:27,25.50079536,21.27631569,5877.587891
14/11/2020 23:29:28,27.09062004,22.37280655,6532.525391
14/11/2020 23:29:29,28.77039909,23.8560009,7076.838379
14/11/2020 23:29:30,30.57040024,25.8560009,7473.308105
14/11/2020 23:29:31,32.37039948,27.8560009,7869.777832
14/11/2020 23:29:32,34.17039871,29.8560009,8266.248047
14/11/2020 23:29:33,35.97040176,31.8560009,8662.717773
14/11/2020 23:29:34,36.14400101,32.14400101,8858.664063
14/11/2020 23:29:35,34.14400101,30.1439991,8769.605469
14/11/2020 23:29:36,32.14400101,28.1439991,8680.547852
14/11/2020 23:29:37,30.1439991,26.1439991,8591.489258
14/11/2020 23:29:38,28.1439991,24.1439991,8502.430664
14/11/2020 23:29:39,27,23,8377.661133
14/11/2020 23:29:40,27,23,8194.87207
14/11/2020 23:29:41,27,23,8012.083008
14/11/2020 23:29:42,27,23,7829.294434
14/11/2020 23:29:43,27,23,7646.505371
14/11/2020 23:29:44,26.91465569,23,7523.341309
14/11/2020 23:29:45,26.71525383,23,7510.910645
14/11/2020 23:29:46,26.51585197,23,7498.479492
14/11/2020 23:29:47,26.31645012,23,7486.048828
14/11/2020 23:29:48,26.11704826,23,7473.617676
14/11/2020 23:29:49,26.16415024,23.08207512,7474.722168
14/11/2020 23:29:50,26.56160545,23.28080368,7509.454102
14/11/2020 23:29:51,26.95906258,23.47953033,7544.186035
14/11/2020 23:29:52,27.35651779,23.6782589,7578.91748
14/11/2020 23:29:53,27.75397491,23.87698746,7613.649414
14/11/2020 23:29:54,28.37865257,24.37865257,7661.842285
14/11/2020 23:29:55,29.37248993,25.37248993,7738.772461
14/11/2020 23:29:56,30.36632919,26.36632919,7815.702637
14/11/2020 23:29:57,31.36016655,27.36016655,7892.632813
14/11/2020 23:29:58,32.35400391,28.35400581,7969.562988
14/11/2020 23:29:59,32.37783813,28.37784004,7976.317871
14/11/2020 23:30:00,30.60023689,26.60023689,7795.251465
14/11/2020 23:30:01,28.82263565,24.82263565,7614.185059
14/11/2020 23:30:02,27.0450325,23.0450325,7433.118164
14/11/2020 23:30:03,25.26743126,21.26743126,7252.051758
14/11/2020 23:30:04,24.28884888,20.28884888,7117.796875
14/11/2020 23:30:05,25.29528999,21.29528999,7119.588867
14/11/2020 23:30:06,26.30173111,22.30173111,7121.380859
14/11/2020 23:30:07,27.30817223,23.30817223,7123.172852
14/11/2020 23:30:08,28.31461334,24.31461334,7124.964355
14/11/2020 23:30:09,28.93679428,24.93679428,7175.251465
14/11/2020 23:30:10,28.738657,24.738657,7346.016113
14/11/2020 23:30:11,28.54051971,24.54051971,7516.780273
14/11/2020 23:30:12,28.34238243,24.34238243,7687.544434
14/11/2020 23:30:13,28.14424324,24.14424324,7858.309082
14/11/2020 23:30:14,28.16267967,24.16344452,8002.527832
14/11/2020 23:30:15,28.76076508,24.76434708,8075.698242
14/11/2020 23:30:16,29.35885239,25.36524773,8148.868164
14/11/2020 23:30:17,29.95693779,25.96614838,8222.038086
14/11/2020 23:30:18,30.55502319,26.56705093,8295.208984
14/11/2020 23:30:19,31,27.16795158,8305.28418
14/11/2020 23:30:20,31,27.76885414,8131.988281
14/11/2020 23:30:21,31,28.36975479,7958.692871
14/11/2020 23:30:22,31,28.97065544,7785.396973
14/11/2020 23:30:23,31,29.571558,7612.101563
14/11/2020 23:30:24,30.4849453,29.37048912,7402.161133
14/11/2020 23:30:25,28.6903286,27.17706871,7093.644043
14/11/2020 23:30:26,26.89571381,24.9836483,6785.126953
14/11/2020 23:30:27,25.10109711,22.7902298,6476.609863
14/11/2020 23:30:28,23.30648041,20.59680939,6168.092773
14/11/2020 23:30:29,22.05422592,19,5902.10498
14/11/2020 23:30:30,22.25358772,19,5759.717285
14/11/2020 23:30:31,22.45295143,19,5617.329102
14/11/2020 23:30:32,22.65231323,19,5474.941406
14/11/2020 23:30:33,22.85167503,19,5332.553711
14/11/2020 23:30:34,22.69187546,18.74322891,5126.366699
14/11/2020 23:30:35,21.48826408,17.74022102,4734.76416
14/11/2020 23:30:36,20.28465462,16.73721123,4343.161133
14/11/2020 23:30:37,19.08104324,15.73420238,3951.558105
14/11/2020 23:30:38,17.87743187,14.73119354,3559.955322
14/11/2020 23:30:39,16.94596291,13.94596195,3205.777344
14/11/2020 23:30:40,16.74656105,13.7465601,2970.111084
14/11/2020 23:30:41,16.54715919,13.54715824,2734.445068
14/11/2020 23:30:42,16.34775734,13.34775639,2498.779053
14/11/2020 23:30:43,16.14835548,13.14835453,2263.112793
14/11/2020 23:30:44,16.25600052,13.25599957,2153.98584
14/11/2020 23:30:45,17.25600052,14.25599957,2445.565918
14/11/2020 23:30:46,18.25600052,15.25599957,2737.145996
14/11/2020 23:30:47,19.25600052,16.25600052,3028.726074
14/11/2020 23:30:48,20.25600052,17.25600052,3320.306152
14/11/2020 23:30:49,20.79585266,17.8468895,3527.148926
14/11/2020 23:30:50,19.99840546,17.24880409,3440.437744
14/11/2020 23:30:51,19.20095634,16.65071678,3353.726807
14/11/2020 23:30:52,18.40350914,16.05263138,3267.015625
14/11/2020 23:30:53,17.60606003,15.45454502,3180.304443
14/11/2020 23:30:54,17.23999977,15.14400005,3192.22998
14/11/2020 23:30:55,18.23999977,15.74400043,3781.112549
14/11/2020 23:30:56,19.23999977,16.34399986,4369.995117
14/11/2020 23:30:57,20.23999977,16.94400024,4958.877441
14/11/2020 23:30:58,21.23999977,17.54400063,5547.759766
14/11/2020 23:30:59,21.90430641,17.90430641,6032.626465
14/11/2020 23:31:00,21.50558281,17.50558281,5909.071777
14/11/2020 23:31:01,21.1068573,17.1068573,5785.516602
14/11/2020 23:31:02,20.7081337,16.7081337,5661.961914
14/11/2020 23:31:03,20.3094101,16.3094101,5538.406738
14/11/2020 23:31:04,20.26467133,16.30878258,5474.408691
14/11/2020 23:31:05,21.44623947,17.68727875,5805.483887
14/11/2020 23:31:06,22.62780571,19.06577301,6136.559082
14/11/2020 23:31:07,23.80937386,20.44426918,6467.634766
14/11/2020 23:31:08,24.990942,21.82276535,6798.709961
14/11/2020 23:31:09,26.06799316,23.02915573,7113.555664
14/11/2020 23:31:10,26.53369713,23.22885704,7303.501465
14/11/2020 23:31:11,26.99940109,23.42855644,7493.446777
14/11/2020 23:31:12,27.46510506,23.62825775,7683.392578
14/11/2020 23:31:13,27.93080902,23.82795715,7873.337891
14/11/2020 23:31:14,28.39651299,24.02765846,8060.18457
14/11/2020 23:31:15,28.86221886,24.22735977,8223.182617
14/11/2020 23:31:16,29.32792282,24.42705917,8386.179688
14/11/2020 23:31:17,29.79362679,24.62676048,8549.177734
14/11/2020 23:31:18,30.25933075,24.82645988,8712.174805
14/11/2020 23:31:19,30.72503471,25.07835007,8868.439453
14/11/2020 23:31:20,31.19073868,25.67643547,8972.884766
14/11/2020 23:31:21,31.65644264,26.27452087,9077.330078
14/11/2020 23:31:22,32.12214661,26.87260818,9181.776367
14/11/2020 23:31:23,32.58785248,27.47069359,9286.22168
14/11/2020 23:31:24,33.22999954,28.1609993,9381.642578
14/11/2020 23:31:25,35.22999954,29.56100082,9394.931641
14/11/2020 23:31:26,37.22999954,30.96100044,9408.220703
14/11/2020 23:31:27,39.22999954,32.36100006,9421.509766
14/11/2020 23:31:28,41.22999954,33.76100159,9434.798828
14/11/2020 23:31:29,42.74700165,34.8390007,9444.922852
14/11/2020 23:31:30,40.54700089,33.43899918,9397.356445
14/11/2020 23:31:31,38.34700012,32.03900146,9349.789063
14/11/2020 23:31:32,36.14699936,30.63899994,9302.222656
14/11/2020 23:31:33,33.9469986,29.23900032,9254.65625
14/11/2020 23:31:34,31.70195389,27.72488022,9175.623047
14/11/2020 23:31:35,29.11024666,25.3325367,8522.941406
14/11/2020 23:31:36,26.51854134,22.94019127,7870.259277
14/11/2020 23:31:37,23.92683411,20.54784775,7217.577637
14/11/2020 23:31:38,21.33512688,18.15550232,6564.895996
14/11/2020 23:31:39,19.01961517,16.01970673,5918.934082
14/11/2020 23:31:40,19.21775246,16.21877098,5586.249512
14/11/2020 23:31:41,19.41588974,16.41783524,5253.564941
14/11/2020 23:31:42,19.61402893,16.6169014,4920.880371
14/11/2020 23:31:43,19.81216621,16.81596565,4588.195801
14/11/2020 23:31:44,20.02073479,17.01502991,4255.51123
14/11/2020 23:31:45,20.41950035,17.21409416,4483.823242
14/11/2020 23:31:46,20.81826401,17.41315842,4717.802246
14/11/2020 23:31:47,21.21702766,17.61222267,4951.780762
14/11/2020 23:31:48,21.61579132,17.81128693,5185.759277
14/11/2020 23:31:49,22.01455498,18.02067184,5419.737793
14/11/2020 23:31:50,22.41331863,18.41820717,5552.254883
14/11/2020 23:31:51,22.81208229,18.81574249,5680.323242
14/11/2020 23:31:52,23.21084595,19.21327782,5808.39209
14/11/2020 23:31:53,23.6096096,19.61081314,5936.460938
14/11/2020 23:31:54,24.05843735,20.05426407,6064.529297
14/11/2020 23:31:55,26.84118462,22.63824272,6321.560059
14/11/2020 23:31:56,29.62393188,25.22222137,6593.559082
14/11/2020 23:31:57,32.40667725,27.80620193,6865.558594
14/11/2020 23:31:58,35.18942642,30.39018059,7137.557617
14/11/2020 23:31:59,37.97217178,32.97415924,7409.557129
14/11/2020 23:32:00,36.81955338,31.81955528,7523.225098
14/11/2020 23:32:01,35.62718582,30.62718582,7608.733398
14/11/2020 23:32:02,34.43481827,29.43481636,7694.241699
14/11/2020 23:32:03,33.2424469,28.24244881,7779.749512
14/11/2020 23:32:04,32.05007935,27.05007935,7865.257813
14/11/2020 23:32:05,31.05373383,26.05373383,7858.834961
14/11/2020 23:32:06,30.06598091,25.06598091,7829.716309
14/11/2020 23:32:07,29.0782299,24.0782299,7800.597168
14/11/2020 23:32:08,28.0904789,23.0904789,7771.478516
14/11/2020 23:32:09,27.10272598,22.10272598,7742.359863
14/11/2020 23:32:10,27,21.82246971,7693.512207
14/11/2020 23:32:11,27,21.62433052,7638.805176
14/11/2020 23:32:12,27,21.42619324,7584.098145
14/11/2020 23:32:13,27,21.22805595,7529.391113
14/11/2020 23:32:14,27,21.02991867,7474.684082
14/11/2020 23:32:15,28.85040665,22.85040665,7572.453613
14/11/2020 23:32:16,31.02991867,25.02991867,7719.702637
14/11/2020 23:32:17,33.20943069,27.20943069,7866.95166
14/11/2020 23:32:18,35.38894272,29.38894463,8014.200195
14/11/2020 23:32:19,37.56845474,31.56845665,8161.449219
14/11/2020 23:32:20,36.24647141,30.56529427,8237.966797
14/11/2020 23:32:21,34.06002808,28.77638626,8280.739258
14/11/2020 23:32:22,31.87358284,26.98747826,8323.510742
14/11/2020 23:32:23,29.68713951,25.19856834,8366.282227
14/11/2020 23:32:24,27.50069618,23.40966034,8409.053711
14/11/2020 23:32:25,27.22914696,23.38191032,8443.110352
14/11/2020 23:32:26,27.52635193,23.87725449,8472.697266
14/11/2020 23:32:27,27.82355881,24.37259674,8502.28418
14/11/2020 23:32:28,28.12076569,24.8679409,8531.871094
14/11/2020 23:32:29,28.41797066,25.36328506,8561.457031
14/11/2020 23:32:30,28.71517754,25.85862923,8614.956055
14/11/2020 23:32:31,29.01238441,26.35397339,8680.716797
14/11/2020 23:32:32,29.30958939,26.84931564,8746.478516
14/11/2020 23:32:33,29.60679626,27.34465981,8812.240234
14/11/2020 23:32:34,29.90400314,27.84000397,8878.000977
14/11/2020 23:32:35,29.19019127,26.92025566,8763.452148
14/11/2020 23:32:36,27.99401855,25.32535934,8543.004883
14/11/2020 23:32:37,26.79784775,23.73046303,8322.558594
14/11/2020 23:32:38,25.60167503,22.13556671,8102.111816
14/11/2020 23:32:39,24.40550232,20.54067039,7881.665527
14/11/2020 23:32:40,24.79319954,20.6609993,7721.741699
14/11/2020 23:32:41,25.9932003,21.6609993,7605.107422
14/11/2020 23:32:42,27.19319916,22.6609993,7488.473633
14/11/2020 23:32:43,28.39319992,23.6609993,7371.839355
14/11/2020 23:32:44,29.59320068,24.6609993,7255.205566
14/11/2020 23:32:45,29.73722839,24.8032341,7243.631836
14/11/2020 23:32:46,29.33969307,24.50555611,7335.038086
14/11/2020 23:32:47,28.94215775,24.20787811,7426.444336
14/11/2020 23:32:48,28.54462242,23.91020012,7517.850586
14/11/2020 23:32:49,28.147089,23.61252213,7609.256836
14/11/2020 23:32:50,27.87517357,23.31484413,7673.700195
14/11/2020 23:32:51,27.67703629,23.01716614,7708.103516
14/11/2020 23:32:52,27.478899,22.71948814,7742.506348
14/11/2020 23:32:53,27.28076172,22.42181015,7776.909668
14/11/2020 23:32:54,27.08262253,22.12413216,7811.312988
14/11/2020 23:32:55,27,22.11480904,7851.073242
14/11/2020 23:32:56,27,22.31173706,7898.51123
14/11/2020 23:32:57,27,22.50866508,7945.949219
14/11/2020 23:32:58,27,22.70559311,7993.387207
14/11/2020 23:32:59,27,22.90252113,8040.825195
14/11/2020 23:33:00,26.79928398,22.89964294,8016.77832
14/11/2020 23:33:01,26.40182877,22.70091438,7883.242188
14/11/2020 23:33:02,26.00437164,22.50218582,7749.705566
14/11/2020 23:33:03,25.60691643,22.30345726,7616.168945
14/11/2020 23:33:04,25.2094593,22.10473061,7482.632813
14/11/2020 23:33:05,26.02785492,22.93441391,7418.258301
14/11/2020 23:33:06,28.20090866,24.90991783,7483.464355
14/11/2020 23:33:07,30.3739624,26.88541985,7548.669922
14/11/2020 23:33:08,32.54701614,28.86092377,7613.875977
14/11/2020 23:33:09,34.72006989,30.83642769,7679.081543
14/11/2020 23:33:10,35.26255798,31.1806221,7722.76416
14/11/2020 23:33:11,33.46829987,29.18700218,7720.072754
14/11/2020 23:33:12,31.67404366,27.19338036,7717.381836
14/11/2020 23:33:13,29.87978554,25.19976044,7714.690918
14/11/2020 23:33:14,28.08552551,23.20614052,7711.999512
14/11/2020 23:33:15,26.84347153,22,7682.300781
14/11/2020 23:33:16,26.44719696,22,7579.581055
14/11/2020 23:33:17,26.05092049,22,7476.86084
14/11/2020 23:33:18,25.65464592,22,7374.141113
14/11/2020 23:33:19,25.25837135,22,7271.420898
14/11/2020 23:33:20,25.69171143,22.48419762,7207.180664
14/11/2020 23:33:21,27.67938805,23.8755722,7304.874023
14/11/2020 23:33:22,29.66706467,25.26694489,7402.566895
14/11/2020 23:33:23,31.65474129,26.65831757,7500.260254
14/11/2020 23:33:24,33.64241791,28.04969215,7597.953613
14/11/2020 23:33:25,34.81157303,28.93719101,7682.483887
14/11/2020 23:33:26,34.21715927,28.73905373,7698.41748
14/11/2020 23:33:27,33.62274551,28.54091454,7714.351563
14/11/2020 23:33:28,33.02833176,28.34277725,7730.285156
14/11/2020 23:33:29,32.43392181,28.14463997,7746.219238
14/11/2020 23:33:30,31.41512489,27.41512489,7707.70752
14/11/2020 23:33:31,29.24891663,25.24891663,7246.049316
14/11/2020 23:33:32,27.08271027,23.08271027,6784.391113
14/11/2020 23:33:33,24.916502,20.916502,6322.733398
14/11/2020 23:33:34,22.75029564,18.75029564,5861.075195
14/11/2020 23:33:35,20.77101898,16.80918312,5381.834961
14/11/2020 23:33:36,19.57841301,15.81534481,4657.759277
14/11/2020 23:33:37,18.38580704,14.8215065,3933.683838
14/11/2020 23:33:38,17.19320297,13.82766819,3209.608154
14/11/2020 23:33:39,16.000597,12.83382988,2485.532715
14/11/2020 23:33:40,14.96809959,11.9840498,1777.027344
14/11/2020 23:33:41,14.76996231,11.88498116,1497.817261
14/11/2020 23:33:42,14.57182503,11.78591251,1218.607178
14/11/2020 23:33:43,14.37368774,11.68684387,939.3971558
14/11/2020 23:33:44,14.17554951,11.58777523,660.1871338
14/11/2020 23:33:45,14.02258778,11.48870659,380.9770813
14/11/2020 23:33:46,14.22072506,11.38963699,304.7614746
14/11/2020 23:33:47,14.41886234,11.29056835,234.1787872
14/11/2020 23:33:48,14.61700058,11.19149971,163.5961151
14/11/2020 23:33:49,14.81513786,11.09243107,93.01342773
14/11/2020 23:33:50,14.9866848,11,22.43074799
14/11/2020 23:33:51,14.78795719,11,12.79582405
14/11/2020 23:33:52,14.58922863,11,10.31119537
14/11/2020 23:33:53,14.39050102,11,7.826566219
14/11/2020 23:33:54,14.19177246,11,5.341937542
14/11/2020 23:33:55,14,11,2.857308388
14/11/2020 23:33:56,14,11,67.40280151
14/11/2020 23:33:57,14,11,141.1754303
14/11/2020 23:33:58,14,11,214.9480438
14/11/2020 23:33:59,14,11,288.7206726
14/11/2020 23:34:00,14,11,362.4932861
14/11/2020 23:34:01,18.40704918,15.40705013,1222.183105
14/11/2020 23:34:02,22.93639183,19.93639183,2222.744873
14/11/2020 23:34:03,27.46573448,24.46573448,3223.306641
14/11/2020 23:34:04,31.99507713,28.99507713,4223.868652
14/11/2020 23:34:05,36.52441788,33.52441788,5224.430176
14/11/2020 23:34:06,36.82157135,33.46471405,5835.772461
14/11/2020 23:34:07,36.62220764,32.86662674,6350.416992
14/11/2020 23:34:08,36.42284775,32.26853943,6865.061523
14/11/2020 23:34:09,36.22348404,31.67045403,7379.706543
14/11/2020 23:34:10,36.02412415,31.07236862,7894.351074
14/11/2020 23:34:11,32.50566483,27.85509872,7578.451172
14/11/2020 23:34:12,28.53031158,24.27728081,6991.578125
14/11/2020 23:34:13,24.55495834,20.69946289,6404.705078
14/11/2020 23:34:14,20.57960701,17.12164497,5817.832031
14/11/2020 23:34:15,16.60425377,13.54382801,5230.958984
14/11/2020 23:34:16,16.58807182,13.84010315,4805.091797
14/11/2020 23:34:17,17.28155327,14.83079052,4445.949219
14/11/2020 23:34:18,17.97503471,15.82147789,4086.806885
14/11/2020 23:34:19,18.66851616,16.81216621,3727.664551
14/11/2020 23:34:20,19.3619976,17.80285263,3368.522217
14/11/2020 23:34:21,20.05547905,18.15870857,3621.70166
14/11/2020 23:34:22,20.74896049,18.35684586,4148.697754
14/11/2020 23:34:23,21.44244194,18.55498314,4675.694336
14/11/2020 23:34:24,22.13592148,18.75312042,5202.69043
14/11/2020 23:34:25,22.82940292,18.95125771,5729.687012
14/11/2020 23:34:26,23.44818687,19.37463951,6052.495605
14/11/2020 23:34:27,24.04259872,19.87150955,6277.439453
14/11/2020 23:34:28,24.63701248,20.36837959,6502.383789
14/11/2020 23:34:29,25.23142433,20.86524963,6727.327637
14/11/2020 23:34:30,25.82583618,21.36211777,6952.271484
14/11/2020 23:34:31,26.70474434,21.85898781,7054.900391
14/11/2020 23:34:32,27.70155525,22.35585785,7080.30957
14/11/2020 23:34:33,28.69836617,22.85272789,7105.719238
14/11/2020 23:34:34,29.69517517,23.34959793,7131.128418
14/11/2020 23:34:35,30.69198608,23.84646797,7156.537598
14/11/2020 23:34:36,30.31106758,23.5866394,7180.350098
14/11/2020 23:34:37,29.3140583,22.98843384,7203.089355
14/11/2020 23:34:38,28.31704903,22.39023018,7225.828613
14/11/2020 23:34:39,27.32003975,21.79202461,7248.567871
14/11/2020 23:34:40,26.32303047,21.19381905,7271.307129
14/11/2020 23:34:41,26.40055275,21.40055275,7352.885742
14/11/2020 23:34:42,26.99308777,21.99308777,7479.582031
14/11/2020 23:34:43,27.58562088,22.58562088,7606.27832
14/11/2020 23:34:44,28.1781559,23.1781559,7732.974609
14/11/2020 23:34:45,28.77068901,23.77068901,7859.670898
14/11/2020 23:34:46,29,24.12223244,7984.51123
14/11/2020 23:34:47,29,24.32163429,8107.631348
14/11/2020 23:34:48,29,24.52103615,8230.751953
14/11/2020 23:34:49,29,24.720438,8353.87207
14/11/2020 23:34:50,29,24.91983986,8476.992188
14/11/2020 23:34:51,28.88116074,24.88116074,8485.423828
14/11/2020 23:34:52,28.68243217,24.68243217,8365.55957
14/11/2020 23:34:53,28.48370361,24.48370361,8245.695313
14/11/2020 23:34:54,28.28497696,24.28497696,8125.830566
14/11/2020 23:34:55,28.0862484,24.0862484,8005.966309
14/11/2020 23:34:56,28.56072998,24.4485836,7926.68457
14/11/2020 23:34:57,29.5514164,25.24113274,7892.80127
14/11/2020 23:34:58,30.54210472,26.03368378,7858.917969
14/11/2020 23:34:59,31.53279114,26.82623291,7825.034668
14/11/2020 23:35:00,32.52347946,27.61878395,7791.151367
14/11/2020 23:35:01,32.07450104,27.17733383,7750.15918
14/11/2020 23:35:02,30.29126167,25.59223366,7698.937012
14/11/2020 23:35:03,28.50802422,24.00713348,7647.714844
14/11/2020 23:35:04,26.72478676,22.42203331,7596.493164
14/11/2020 23:35:05,24.9415493,20.83693314,7545.270996
14/11/2020 23:35:06,24.37759972,20.47200012,7533.422852
14/11/2020 23:35:07,25.17760086,21.47200012,7582.135254
14/11/2020 23:35:08,25.9776001,22.47200012,7630.847168
14/11/2020 23:35:09,26.77759933,23.47200012,7679.55957
14/11/2020 23:35:10,27.57760048,24.47200012,7728.271484
14/11/2020 23:35:11,27.90633011,24.90675545,7768.587891
14/11/2020 23:35:12,27.70787811,24.70920563,7793.104004
14/11/2020 23:35:13,27.50942612,24.51165581,7817.620117
14/11/2020 23:35:14,27.31097412,24.31410599,7842.13623
14/11/2020 23:35:15,27.11252213,24.11655426,7866.652344
14/11/2020 23:35:16,26.91407013,23.83652306,7878.072266
14/11/2020 23:35:17,26.71561813,23.43779945,7858.935059
14/11/2020 23:35:18,26.51716614,23.03907585,7839.797363
14/11/2020 23:35:19,26.31871414,22.64035034,7820.660156
14/11/2020 23:35:20,26.12026215,22.24162674,7801.522461
14/11/2020 23:35:21,26.07806587,22.23419762,7778.517578
14/11/2020 23:35:22,26.27620316,22.82861137,7745.00293
14/11/2020 23:35:23,26.47434044,23.42302322,7711.487793
14/11/2020 23:35:24,26.67247963,24.01743698,7677.973145
14/11/2020 23:35:25,26.87061691,24.61184883,7644.458496
14/11/2020 23:35:26,26.86249352,24.72498512,7625.533203
14/11/2020 23:35:27,26.46621704,23.93243599,7657.736816
14/11/2020 23:35:28,26.06994247,23.13988495,7689.940918
14/11/2020 23:35:29,25.67366791,22.34733582,7722.144531
14/11/2020 23:35:30,25.27739334,21.55478477,7754.348633
14/11/2020 23:35:31,25.05962944,21.05953598,7782.388672
14/11/2020 23:35:32,25.25839806,21.25798798,7792.793457
14/11/2020 23:35:33,25.45716476,21.45643997,7803.197754
14/11/2020 23:35:34,25.65593338,21.65489197,7813.602539
14/11/2020 23:35:35,25.85470009,21.85334396,7824.007324
14/11/2020 23:35:36,26.15989685,22.05179596,7840.60791
14/11/2020 23:35:37,26.7543087,22.25024796,7889.739258
14/11/2020 23:35:38,27.34872246,22.44869995,7938.870605
14/11/2020 23:35:39,27.94313431,22.64715195,7988.001465
14/11/2020 23:35:40,28.53754616,22.84560394,8037.132813
14/11/2020 23:35:41,28.86762047,22.95587349,8070.975586
14/11/2020 23:35:42,28.27131844,22.75710678,8000.665039
14/11/2020 23:35:43,27.6750145,22.55833817,7930.35498
14/11/2020 23:35:44,27.07871246,22.35957146,7860.044434
14/11/2020 23:35:45,26.48240852,22.16080284,7789.734375
14/11/2020 23:35:46,26,22.18982315,7717.756836
14/11/2020 23:35:47,26,23.18366051,7622.184082
14/11/2020 23:35:48,26,24.17749977,7526.611328
14/11/2020 23:35:49,26,25.17133713,7431.038574
14/11/2020 23:35:50,26,26.16517639,7335.46582
14/11/2020 23:35:51,26,26.80922127,7241.806641
14/11/2020 23:35:52,26,25.61685181,7246.957031
14/11/2020 23:35:53,26,24.42448425,7252.107422
14/11/2020 23:35:54,26,23.23211479,7257.257813
14/11/2020 23:35:55,26,22.03974533,7262.408203
14/11/2020 23:35:56,26.02528572,21.05057335,7268.634766
14/11/2020 23:35:57,26.22283745,21.44567299,7305.436035
14/11/2020 23:35:58,26.42038727,21.84077454,7342.237305
14/11/2020 23:35:59,26.61793709,22.23587608,7379.038574
14/11/2020 23:36:00,26.81548882,22.63097572,7415.839844
14/11/2020 23:36:01,27.03923035,23.03923035,7452.641602
14/11/2020 23:36:02,27.6336441,23.6336441,7516.011719
14/11/2020 23:36:03,28.22805595,24.22805595,7580.147949
14/11/2020 23:36:04,28.82246971,24.82246971,7644.283691
14/11/2020 23:36:05,29.41688156,25.41688156,7708.419434
14/11/2020 23:36:06,29.98475456,25.98475456,7772.555176
14/11/2020 23:36:07,29.18234634,25.18234634,7762.513184
14/11/2020 23:36:08,28.37994003,24.37994003,7747.736328
14/11/2020 23:36:09,27.57753181,23.57753181,7732.959473
14/11/2020 23:36:10,26.7751255,22.7751255,7718.183105
14/11/2020 23:36:11,26.02686691,22.02014923,7703.40625
14/11/2020 23:36:12,26.8170681,22.6128006,7688.117188
14/11/2020 23:36:13,27.60726929,23.20545197,7672.767578
14/11/2020 23:36:14,28.39747047,23.79810333,7657.417969
14/11/2020 23:36:15,29.18767357,24.3907547,7642.068848
14/11/2020 23:36:16,29.97787476,24.98340607,7626.719238
14/11/2020 23:36:17,28.84101677,23.84101677,7658.041016
14/11/2020 23:36:18,27.64864922,22.64864922,7697.793945
14/11/2020 23:36:19,26.45627975,21.45627975,7737.546387
14/11/2020 23:36:20,25.26391029,20.26391029,7777.299316
14/11/2020 23:36:21,24.07154274,19.07154274,7817.051758
14/11/2020 23:36:22,24.37257195,19.37257195,7793.842285
14/11/2020 23:36:23,24.76892662,19.76892662,7757.828613
14/11/2020 23:36:24,25.16527939,20.16527939,7721.814453
14/11/2020 23:36:25,25.56163216,20.56163216,7685.800781
14/11/2020 23:36:26,25.95798683,20.95798683,7649.786621
14/11/2020 23:36:27,25.82286453,20.82286453,7492.605957
14/11/2020 23:36:28,25.62472725,20.62472725,7307.920898
14/11/2020 23:36:29,25.42658997,20.42658997,7123.236328
14/11/2020 23:36:30,25.22845268,20.22845268,6938.55127
14/11/2020 23:36:31,25.0303154,20.0303154,6753.866699
14/11/2020 23:36:32,23.31140327,18.64912224,6180.632324
14/11/2020 23:36:33,21.31778336,17.05422592,5479.945313
14/11/2020 23:36:34,19.32416344,15.45933056,4779.258301
14/11/2020 23:36:35,17.33054161,13.86443424,4078.571045
14/11/2020 23:36:36,15.33692169,12.26953793,3377.884033
14/11/2020 23:36:37,15.82834911,12.82834911,3391.904785
14/11/2020 23:36:38,16.82515907,13.82515907,3660.970703
14/11/2020 23:36:39,17.82196999,14.82196999,3930.036621
14/11/2020 23:36:40,18.81877899,15.81877995,4199.102539
14/11/2020 23:36:41,19.8155899,16.8155899,4468.168457
14/11/2020 23:36:42,19.51698875,16.51698875,4537.233887
14/11/2020 23:36:43,18.92433739,15.92433834,4510.00293
14/11/2020 23:36:44,18.33168793,15.33168697,4482.772461
14/11/2020 23:36:45,17.73903656,14.73903561,4455.541504
14/11/2020 23:36:46,17.14638519,14.14638519,4428.310547
14/11/2020 23:36:47,19.10167503,15.95155525,4810.739746
14/11/2020 23:36:48,21.89274406,18.54326248,5435.833496
14/11/2020 23:36:49,24.68381119,21.1349678,6060.927246
14/11/2020 23:36:50,27.47488022,23.72667503,6686.020996
14/11/2020 23:36:51,30.26594925,26.31838036,7311.114258
14/11/2020 23:36:52,31.29118919,27.07290459,7736.04541
14/11/2020 23:36:53,31.68629074,27.17182732,8006.869141
14/11/2020 23:36:54,32.08139038,27.27074814,8277.692383
14/11/2020 23:36:55,32.47649002,27.36967087,8548.516602
14/11/2020 23:36:56,32.87159348,27.46859169,8819.339844
14/11/2020 23:36:57,32.86625671,27.56751442,9011.533203
14/11/2020 23:36:58,32.66812134,27.66643524,9130.560547
14/11/2020 23:36:59,32.46998215,27.76535797,9249.586914
14/11/2020 23:37:00,32.27184296,27.86427879,9368.614258
14/11/2020 23:37:01,32.07370758,27.96320152,9487.641602
14/11/2020 23:37:02,32,28,9538.802734
14/11/2020 23:37:03,32,28,9522.908203
14/11/2020 23:37:04,32,28,9507.012695
14/11/2020 23:37:05,32,28,9491.118164
14/11/2020 23:37:06,32,28,9475.223633
14/11/2020 23:37:07,31.38232994,27.32831383,9382.484375
14/11/2020 23:37:08,30.28910828,26.13948822,9208.799805
14/11/2020 23:37:09,29.1958847,24.95066452,9035.114258
14/11/2020 23:37:10,28.10266304,23.76183891,8861.429688
14/11/2020 23:37:11,27.00944138,22.57301331,8687.744141
14/11/2020 23:37:12,25.91621971,21.58683968,8352.589844
14/11/2020 23:37:13,24.82299805,20.78923225,7824.805176
14/11/2020 23:37:14,23.72977448,19.99162483,7297.020996
14/11/2020 23:37:15,22.63655281,19.19401741,6769.236328
14/11/2020 23:37:16,21.54333115,18.39640999,6241.45166
14/11/2020 23:37:17,22.10306931,18.9025116,5951
14/11/2020 23:37:18,24.29605293,20.69676971,6027.116211
14/11/2020 23:37:19,26.48903465,22.49102783,6103.232422
14/11/2020 23:37:20,28.68201828,24.28528786,6179.348633
14/11/2020 23:37:21,30.875,26.07954597,6255.464844
14/11/2020 23:37:22,31.6128006,26.70960045,6428.696289
14/11/2020 23:37:23,30.81772995,26.11329842,6799.101074
14/11/2020 23:37:24,30.0226593,25.51699448,7169.505859
14/11/2020 23:37:25,29.22758865,24.92069244,7539.910645
14/11/2020 23:37:26,28.43251801,24.3243885,7910.314941
14/11/2020 23:37:27,28.36026001,24.27019501,8213.213867
14/11/2020 23:37:28,29.1503067,24.86273003,8357.845703
14/11/2020 23:37:29,29.94035149,25.45526314,8502.478516
14/11/2020 23:37:30,30.73039627,26.04779816,8647.110352
14/11/2020 23:37:31,31.52044296,26.64033127,8791.742188
14/11/2020 23:37:32,31.84475517,26.92237854,8887.424805
14/11/2020 23:37:33,31.44973373,26.72486687,8825.520508
14/11/2020 23:37:34,31.05471039,26.52735519,8763.615234
14/11/2020 23:37:35,30.65968704,26.32984352,8701.709961
14/11/2020 23:37:36,30.2646656,26.13233185,8639.804688
14/11/2020 23:37:37,29.2784729,25.34406662,8464.499023
14/11/2020 23:37:38,27.09202957,23.35639,7924.107422
14/11/2020 23:37:39,24.90558624,21.36871338,7383.716309
14/11/2020 23:37:40,22.71914101,19.38103676,6843.325195
14/11/2020 23:37:41,20.53269768,17.39336205,6302.934082
14/11/2020 23:37:42,19.05906677,16.05906677,5799.57959
14/11/2020 23:37:43,19.2566185,16.2566185,5454.116699
14/11/2020 23:37:44,19.45416832,16.45416832,5108.654297
14/11/2020 23:37:45,19.65171814,16.65171814,4763.191406
14/11/2020 23:37:46,19.84926987,16.84926987,4417.729004
14/11/2020 23:37:47,20.18959999,17.14153481,4193.620117
14/11/2020 23:37:48,20.98959923,17.73872757,4486.862305
14/11/2020 23:37:49,21.78960037,18.33592033,4780.104492
14/11/2020 23:37:50,22.58959961,18.93311501,5073.34668
14/11/2020 23:37:51,23.38960075,19.53030777,5366.588867
14/11/2020 23:37:52,24.14087486,20.12750053,5677.310547
14/11/2020 23:37:53,24.73528862,20.7246933,6055.818848
14/11/2020 23:37:54,25.32970047,21.32188797,6434.327637
14/11/2020 23:37:55,25.92411423,21.91908073,6812.835938
14/11/2020 23:37:56,26.51852608,22.5162735,7191.344727
14/11/2020 23:37:57,27.30400085,23.26600075,7532.562012
14/11/2020 23:37:58,28.90399933,24.66600037,7729.163574
14/11/2020 23:37:59,30.50399971,26.06599998,7925.764648
14/11/2020 23:38:00,32.10400009,27.4659996,8122.366211
14/11/2020 23:38:01,33.70399857,28.86599922,8318.967773
14/11/2020 23:38:02,34.73320007,29.73320007,8474.089844
14/11/2020 23:38:03,33.32898712,28.32898712,8432.307617
14/11/2020 23:38:04,31.92477417,26.92477417,8390.525391
14/11/2020 23:38:05,30.52056122,25.52056122,8348.742188
14/11/2020 23:38:06,29.11634827,24.11634827,8306.959961
14/11/2020 23:38:07,28.12299919,23.08200073,8223.118164
14/11/2020 23:38:08,28.72299957,23.48200035,7939.618164
14/11/2020 23:38:09,29.32299995,23.88199997,7656.118164
14/11/2020 23:38:10,29.92300034,24.28199959,7372.618164
14/11/2020 23:38:11,30.52300072,24.68199921,7089.118164
14/11/2020 23:38:12,30.87738037,25.04074669,6875.247559
14/11/2020 23:38:13,30.27923393,25.2395153,7140.009277
14/11/2020 23:38:14,29.6810894,25.43828201,7404.771484
14/11/2020 23:38:15,29.08294296,25.63705063,7669.533691
14/11/2020 23:38:16,28.48479652,25.83581734,7934.295898
14/11/2020 23:38:17,27.88665199,25.86079979,8165.642578
14/11/2020 23:38:18,27.28850555,25.06080055,8167.293945
14/11/2020 23:38:19,26.69035912,24.26079941,8168.945313
14/11/2020 23:38:20,26.09221458,23.46080017,8170.596191
14/11/2020 23:38:21,25.49406815,22.66080093,8172.247559
14/11/2020 23:38:22,25.17238045,22.13790321,8175.871094
14/11/2020 23:38:23,26.16306686,22.93045425,8217.770508
14/11/2020 23:38:24,27.15375519,23.72300339,8259.669922
14/11/2020 23:38:25,28.1444416,24.51555443,8301.569336
14/11/2020 23:38:26,29.13512993,25.30810356,8343.467773
14/11/2020 23:38:27,29.97459984,25.93699074,8380.313477
14/11/2020 23:38:28,29.77459908,25.44086075,8319.063477
14/11/2020 23:38:29,29.57460022,24.94473076,8257.8125
14/11/2020 23:38:30,29.37459946,24.44860077,8196.5625
14/11/2020 23:38:31,29.1746006,23.95247078,8135.3125
14/11/2020 23:38:32,28.89996147,23.45634079,8060.833008
14/11/2020 23:38:33,28.11224937,22.9602108,7792.874512
14/11/2020 23:38:34,27.32453728,22.46408081,7524.915527
14/11/2020 23:38:35,26.53682518,21.96795082,7256.957031
14/11/2020 23:38:36,25.74911308,21.47181892,6988.998047
14/11/2020 23:38:37,25.02939987,21.02939987,6746.64209
14/11/2020 23:38:38,25.62940025,21.62940025,7001.190918
14/11/2020 23:38:39,26.22940063,22.22940063,7255.739258
14/11/2020 23:38:40,26.82939911,22.82939911,7510.287598
14/11/2020 23:38:41,27.42939949,23.42939949,7764.835938
14/11/2020 23:38:42,27.99017143,23.99017143,8007.109375
14/11/2020 23:38:43,27.78956795,23.78956795,8011.143555
14/11/2020 23:38:44,27.58896637,23.58896637,8015.178223
14/11/2020 23:38:45,27.38836479,23.38836479,8019.212891
14/11/2020 23:38:46,27.18776321,23.18776321,8023.24707
14/11/2020 23:38:47,27.10209465,23.10209465,8028.798828
14/11/2020 23:38:48,28.69730759,24.69730759,8078.816895
14/11/2020 23:38:49,30.29252243,26.29252243,8128.834961
14/11/2020 23:38:50,31.88773727,27.88773727,8178.853027
14/11/2020 23:38:51,33.48295212,29.48295021,8228.871094
14/11/2020 23:38:52,34.90200043,30.90200043,8271.541016
14/11/2020 23:38:53,32.90200043,28.90200043,8168.470215
14/11/2020 23:38:54,30.90200043,26.90200043,8065.399414
14/11/2020 23:38:55,28.90200043,24.90200043,7962.329102
14/11/2020 23:38:56,26.90200043,22.90200043,7859.258301
14/11/2020 23:38:57,24.98046303,20.98046303,7752.786133
14/11/2020 23:38:58,24.58173752,20.58173752,7449.608398
14/11/2020 23:38:59,24.18301392,20.18301392,7146.431152
14/11/2020 23:39:00,23.78429031,19.78429031,6843.253906
14/11/2020 23:39:01,23.38556671,19.38556671,6540.07666
14/11/2020 23:39:02,23.01323891,19.00662041,6242.138184
14/11/2020 23:39:03,23.41444397,19.20722198,6247.124023
14/11/2020 23:39:04,23.81564713,19.40782356,6252.110352
14/11/2020 23:39:05,24.21685028,19.60842514,6257.096191
14/11/2020 23:39:06,24.61805344,19.80902672,6262.08252
14/11/2020 23:39:07,25.00954056,20.02862167,6267.068359
14/11/2020 23:39:08,25.20830917,20.62492561,6348.437988
14/11/2020 23:39:09,25.40707588,21.22122765,6430.89209
14/11/2020 23:39:10,25.6058445,21.81753159,6513.346191
14/11/2020 23:39:11,25.80461121,22.41383362,6595.800781
14/11/2020 23:39:12,26.06800079,23.06119919,6678.254883
14/11/2020 23:39:13,30.06800079,26.66119957,6879.757324
14/11/2020 23:39:14,34.06800079,30.26119995,7082.949707
14/11/2020 23:39:15,38.06800079,33.86119843,7286.142578
14/11/2020 23:39:16,42.06800079,37.46120071,7489.334961
14/11/2020 23:39:17,45.94931412,40.95269394,7692.527832
14/11/2020 23:39:18,42.96780014,38.16994476,7893.977539
14/11/2020 23:39:19,39.98628616,35.3871994,8095.373047
14/11/2020 23:39:20,37.00477219,32.60445404,8296.769531
14/11/2020 23:39:21,34.02325439,29.82170486,8498.165039
14/11/2020 23:39:22,31.04174042,27.0389576,8699.560547
14/11/2020 23:39:23,28.63360023,24.8307991,8226.385742
14/11/2020 23:39:24,26.23360062,22.63080025,7732.348145
14/11/2020 23:39:25,23.83359909,20.43079948,7238.310547
14/11/2020 23:39:26,21.43359947,18.23080063,6744.272949
14/11/2020 23:39:27,19.03359985,16.03079987,6250.235352
14/11/2020 23:39:28,18.41028786,15.4102869,5502.577148
14/11/2020 23:39:29,17.81220055,14.81220055,4747.075195
14/11/2020 23:39:30,17.21411514,14.21411514,3991.572998
14/11/2020 23:39:31,16.61602783,13.61602879,3236.070801
14/11/2020 23:39:32,16.01794243,13.01794243,2480.568848
14/11/2020 23:39:33,15.80599976,12.80599976,2238.877197
14/11/2020 23:39:34,15.60599995,12.60599995,2030.564087
14/11/2020 23:39:35,15.40600014,12.40600014,1822.250977
14/11/2020 23:39:36,15.20600033,12.20600033,1613.937866
14/11/2020 23:39:37,15.00599957,12.00599957,1405.624756
14/11/2020 23:39:38,15.38799953,12.25813293,1427.988281
14/11/2020 23:39:39,15.78800011,12.52425003,1465.337158
14/11/2020 23:39:40,16.18799973,12.79036617,1502.686157
14/11/2020 23:39:41,16.58799934,13.05648327,1540.035034
14/11/2020 23:39:42,16.98800087,13.32260036,1577.383911
14/11/2020 23:39:43,17,13.58871651,1680.697388
14/11/2020 23:39:44,17,13.8548336,1790.774658
14/11/2020 23:39:45,17,14.12094975,1900.851807
14/11/2020 23:39:46,17,14.38706684,2010.928955
14/11/2020 23:39:47,17,14.65318298,2121.006104
14/11/2020 23:39:48,17.56340027,14.91930008,2516.377686
14/11/2020 23:39:49,18.16340065,15.18541718,2952.133545
14/11/2020 23:39:50,18.76339912,15.45153332,3387.889404
14/11/2020 23:39:51,19.36339951,15.71765041,3823.64502
14/11/2020 23:39:52,19.96339989,15.98376656,4259.400879
14/11/2020 23:39:53,19.44012642,15.62678814,4118.177734
14/11/2020 23:39:54,18.84388351,15.22933197,3857.940186
14/11/2020 23:39:55,18.24764061,14.8318758,3597.702393
14/11/2020 23:39:56,17.6513958,14.43441963,3337.4646
14/11/2020 23:39:57,17.05515289,14.03696346,3077.227051
14/11/2020 23:39:58,16.45890808,13.45915318,2692.649414
14/11/2020 23:39:59,15.86266518,12.86285019,2273.40918
14/11/2020 23:40:00,15.26642132,12.2665472,1854.169189
14/11/2020 23:40:01,14.67017746,11.67024422,1434.929077
14/11/2020 23:40:02,14.07393456,11.07394123,1015.688965
14/11/2020 23:40:03,14.52070522,11.52070522,1004.585144
14/11/2020 23:40:04,15.11511803,12.11511803,1107.258423
14/11/2020 23:40:05,15.70953083,12.70953083,1209.931763
14/11/2020 23:40:06,16.30394363,13.30394268,1312.60498
14/11/2020 23:40:07,16.89835548,13.89835548,1415.27832
14/11/2020 23:40:08,17,14,1634.132935
14/11/2020 23:40:09,17,14,1888.28125
14/11/2020 23:40:10,17,14,2142.429443
14/11/2020 23:40:11,17,14,2396.577881
14/11/2020 23:40:12,17,14,2650.726074
14/11/2020 23:40:13,17.15640068,13.84360027,2762.546875
14/11/2020 23:40:14,17.35639954,13.64360046,2831.131348
14/11/2020 23:40:15,17.5564003,13.4435997,2899.71582
14/11/2020 23:40:16,17.75639915,13.24359989,2968.300293
14/11/2020 23:40:17,17.95639992,13.04360008,3036.884766
14/11/2020 23:40:18,18.62372971,13.78082848,3251.059082
14/11/2020 23:40:19,19.42133522,14.77933121,3509.460693
14/11/2020 23:40:20,20.21894264,15.77783298,3767.862549
14/11/2020 23:40:21,21.01655006,16.77633476,4026.26416
14/11/2020 23:40:22,21.81415749,17.77483749,4284.666016
14/11/2020 23:40:23,22.92040062,18.77334023,4740.836426
14/11/2020 23:40:24,24.12039948,19.77184296,5257.422363
14/11/2020 23:40:25,25.32040024,20.77034378,5774.008301
14/11/2020 23:40:26,26.52039909,21.76884651,6290.59375
14/11/2020 23:40:27,27.72039986,22.76734924,6807.179688
14/11/2020 23:40:28,28.61359978,24.07379913,7260.077637
14/11/2020 23:40:29,29.41360092,25.47380066,7688.208496
14/11/2020 23:40:30,30.21360016,26.87380028,8116.339355
14/11/2020 23:40:31,31.0135994,28.2737999,8544.469727
14/11/2020 23:40:32,31.81360054,29.67379951,8972.600586
14/11/2020 23:40:33,31.38652229,29.2331543,9154.007813
14/11/2020 23:40:34,30.58668327,28.23335266,9231.678711
14/11/2020 23:40:35,29.78684235,27.23355293,9309.349609
14/11/2020 23:40:36,28.98700333,26.2337532,9387.020508
14/11/2020 23:40:37,28.1871624,25.23395348,9464.691406
14/11/2020 23:40:38,28,24.84819603,9432.485352
14/11/2020 23:40:39,28,24.6500206,9357.337891
14/11/2020 23:40:40,28,24.45184326,9282.189453
14/11/2020 23:40:41,28,24.25366592,9207.041992
14/11/2020 23:40:42,28,24.05548859,9131.893555
14/11/2020 23:40:43,28.57416344,24.57416344,9125.492188
14/11/2020 23:40:44,29.37161064,25.37161064,9145.957031
14/11/2020 23:40:45,30.16905975,26.16905975,9166.422852
14/11/2020 23:40:46,30.96650696,26.96650696,9186.887695
14/11/2020 23:40:47,31.76395607,27.76395607,9207.353516
14/11/2020 23:40:48,31.43510437,27.85877609,9212.674805
14/11/2020 23:40:49,30.63269806,27.65817451,9211.62793
14/11/2020 23:40:50,29.83029175,27.45757294,9210.582031
14/11/2020 23:40:51,29.02788353,27.25697136,9209.535156
14/11/2020 23:40:52,28.22547722,27.05636978,9208.489258
14/11/2020 23:40:53,28.57519913,27,9195.342773
14/11/2020 23:40:54,29.37520027,27,9175.880859
14/11/2020 23:40:55,30.17519951,27,9156.417969
14/11/2020 23:40:56,30.97520065,27,9136.956055
14/11/2020 23:40:57,31.77519989,27,9117.493164
14/11/2020 23:40:58,31.71326065,26.85708618,9095.834961
14/11/2020 23:40:59,31.31445694,26.65831757,9072.579102
14/11/2020 23:41:00,30.91565323,26.45955086,9049.323242
14/11/2020 23:41:01,30.51684952,26.26078224,9026.067383
14/11/2020 23:41:02,30.11804581,26.06201553,9002.811523
14/11/2020 23:41:03,29.86051178,25.86324692,8906.748047
14/11/2020 23:41:04,29.6623745,25.66448021,8764.135742
14/11/2020 23:41:05,29.46423531,25.4657135,8621.522461
14/11/2020 23:41:06,29.26609802,25.26694489,8478.910156
14/11/2020 23:41:07,29.06796074,25.06817818,8336.296875
14/11/2020 23:41:08,29.51752663,25.51752663,8326.133789
14/11/2020 23:41:09,30.30523872,26.30523872,8412.277344
14/11/2020 23:41:10,31.09295082,27.09295082,8498.419922
14/11/2020 23:41:11,31.88066101,27.88066101,8584.563477
14/11/2020 23:41:12,32.66837311,28.66837311,8670.707031
14/11/2020 23:41:13,32.18434143,28.18434334,8695.736328
14/11/2020 23:41:14,30.77560806,26.77560806,8673.328125
14/11/2020 23:41:15,29.36687469,25.36687469,8650.919922
14/11/2020 23:41:16,27.95814133,23.95814133,8628.512695
14/11/2020 23:41:17,26.54940605,22.54940605,8606.104492
14/11/2020 23:41:18,26.48499298,22.48499298,8616.217773
14/11/2020 23:41:19,27.28006363,23.28006363,8653.262695
14/11/2020 23:41:20,28.07513428,24.07513428,8690.307617
14/11/2020 23:41:21,28.87020493,24.87020493,8727.352539
14/11/2020 23:41:22,29.66527557,25.66527557,8764.397461
14/11/2020 23:41:23,29.53827667,25.53827667,8746.810547
14/11/2020 23:41:24,28.74082947,24.74082947,8683.979492
14/11/2020 23:41:25,27.94338036,23.94338036,8621.149414
14/11/2020 23:41:26,27.14593315,23.14593315,8558.318359
14/11/2020 23:41:27,26.34848404,22.34848404,8495.487305
14/11/2020 23:41:28,25.77551842,21.88775826,8329.493164
14/11/2020 23:41:29,25.37679482,21.68839645,8060.335938
14/11/2020 23:41:30,24.97806931,21.48903465,7791.177734
14/11/2020 23:41:31,24.5793457,21.28967285,7522.020508
14/11/2020 23:41:32,24.1806221,21.09031105,7252.862305
14/11/2020 23:41:33,24.87520027,21.54700089,7170.376953
14/11/2020 23:41:34,26.47520065,22.54700089,7274.563965
14/11/2020 23:41:35,28.07519913,23.54700089,7378.750488
14/11/2020 23:41:36,29.67519951,24.54700089,7482.9375
14/11/2020 23:41:37,31.27519989,25.54700089,7587.124512
14/11/2020 23:41:38,31.2413311,25.45809364,7653.414063
14/11/2020 23:41:39,29.85436821,24.46740723,7664.258301
14/11/2020 23:41:40,28.46740723,23.4767189,7675.102539
14/11/2020 23:41:41,27.08044434,22.48603058,7685.946777
14/11/2020 23:41:42,25.69348145,21.49534416,7696.791016
14/11/2020 23:41:43,25.0990696,21.29999924,7726.639648
14/11/2020 23:41:44,25.29720688,21.89999962,7780.872559
14/11/2020 23:41:45,25.49534416,22.5,7835.105469
14/11/2020 23:41:46,25.69348145,23.10000038,7889.338379
14/11/2020 23:41:47,25.89161873,23.70000076,7943.571289
14/11/2020 23:41:48,26.08975601,24,7973.044922
14/11/2020 23:41:49,26.2878933,24,7961.25293
14/11/2020 23:41:50,26.48603058,24,7949.461426
14/11/2020 23:41:51,26.68416786,24,7937.669434
14/11/2020 23:41:52,26.88230705,24,7925.87793
14/11/2020 23:41:53,26.75483131,23.67310715,7851.274414
14/11/2020 23:41:54,26.15096664,22.86795425,7696.077148
14/11/2020 23:41:55,25.54710197,22.06280136,7540.879883
14/11/2020 23:41:56,24.9432373,21.25764847,7385.682617
14/11/2020 23:41:57,24.33937263,20.45249557,7230.484863
14/11/2020 23:41:58,24.17301941,20.17301941,7155.932129
14/11/2020 23:41:59,24.56804276,20.56804276,7199.366211
14/11/2020 23:42:00,24.9630661,20.9630661,7242.800293
14/11/2020 23:42:01,25.35808754,21.35808754,7286.234375
14/11/2020 23:42:02,25.75311089,21.75311089,7329.668945
14/11/2020 23:42:03,25.69617271,21.77212906,7342.570313
14/11/2020 23:42:04,24.88596344,21.16447258,7307.915527
14/11/2020 23:42:05,24.07575417,20.5568161,7273.260742
14/11/2020 23:42:06,23.2655468,19.94915962,7238.605957
14/11/2020 23:42:07,22.45533752,19.34150314,7203.951172
14/11/2020 23:42:08,22.26112938,19.17408562,7220.806152
14/11/2020 23:42:09,22.85731316,19.57154274,7317.888672
14/11/2020 23:42:10,23.45349693,19.96899796,7414.970703
14/11/2020 23:42:11,24.04968262,20.36645508,7512.053223
14/11/2020 23:42:12,24.64586639,20.76391029,7609.135742
14/11/2020 23:42:13,25.32382774,21.32382774,7697.274414
14/11/2020 23:42:14,26.12143517,22.12143517,7770.505371
14/11/2020 23:42:15,26.91904259,22.91904259,7843.736328
14/11/2020 23:42:16,27.71665001,23.71665001,7916.967773
14/11/2020 23:42:17,28.51425743,24.51425743,7990.19873
14/11/2020 23:42:18,28.68720055,24.60899925,8018.125488
14/11/2020 23:42:19,27.8871994,23.60899925,7970.54541
14/11/2020 23:42:20,27.08720016,22.60899925,7922.965332
14/11/2020 23:42:21,26.28720093,21.60899925,7875.385254
14/11/2020 23:42:22,25.48719978,20.60899925,7827.805176
14/11/2020 23:42:23,25.77950478,20.46770287,7795.100098
14/11/2020 23:42:24,27.7731266,21.66387558,7787.187012
14/11/2020 23:42:25,29.76674652,22.86004829,7779.274414
14/11/2020 23:42:26,31.76036644,24.05622101,7771.361328
14/11/2020 23:42:27,33.75398636,25.25239182,7763.44873
14/11/2020 23:42:28,34.47499847,25.77499962,7764.920898
14/11/2020 23:42:29,33.07500076,25.17499924,7784.291016
14/11/2020 23:42:30,31.67499924,24.57500076,7803.660645
14/11/2020 23:42:31,30.27499962,23.97500038,7823.030762
14/11/2020 23:42:32,28.875,23.375,7842.400391
14/11/2020 23:42:33,27.77499962,23.1121521,7870.665527
14/11/2020 23:42:34,27.17499924,23.41122437,7914.8125
14/11/2020 23:42:35,26.57500076,23.71029854,7958.959961
14/11/2020 23:42:36,25.97500038,24.0093708,8003.107422
14/11/2020 23:42:37,25.375,24.30844307,8047.254883
14/11/2020 23:42:38,25.29815102,24.60751724,8092.412109
14/11/2020 23:42:39,26.09322166,24.90658951,8139.638672
14/11/2020 23:42:40,26.88829231,25.20566177,8186.865234
14/11/2020 23:42:41,27.68336296,25.50473595,8234.091797
14/11/2020 23:42:42,28.47843361,25.80380821,8281.318359
14/11/2020 23:42:43,28.72397232,25.58595848,8312.441406
14/11/2020 23:42:44,27.9215641,24.38234711,8305.446289
14/11/2020 23:42:45,27.11915779,23.17873573,8298.452148
14/11/2020 23:42:46,26.31674957,21.97512627,8291.457031
14/11/2020 23:42:47,25.51434326,20.77151489,8284.462891
14/11/2020 23:42:48,25.21407318,20.21407318,8280.474609
14/11/2020 23:42:49,25.81037521,20.81037521,8285.507813
14/11/2020 23:42:50,26.40667915,21.40667915,8290.541016
14/11/2020 23:42:51,27.00298119,22.00298119,8295.574219
14/11/2020 23:42:52,27.59928513,22.59928513,8300.607422
14/11/2020 23:42:53,27.93480492,22.90236092,8309.480469
14/11/2020 23:42:54,27.7360363,22.60468292,8329.004883
14/11/2020 23:42:55,27.53726959,22.30700493,8348.529297
14/11/2020 23:42:56,27.33850098,22.00932693,8368.053711
14/11/2020 23:42:57,27.13973427,21.71164894,8387.578125
14/11/2020 23:42:58,26.7646122,21.41397095,8376.336914
14/11/2020 23:42:59,25.97206306,21.11629295,8264.381836
14/11/2020 23:43:00,25.17951202,20.81861496,8152.426758
14/11/2020 23:43:01,24.38696289,20.52093697,8040.47168
14/11/2020 23:43:02,23.59441185,20.22325897,7928.516602
14/11/2020 23:43:03,23.45135498,20.35105324,7807.76709
14/11/2020 23:43:04,25.25677109,21.75526619,7658.229492
14/11/2020 23:43:05,27.06218719,23.15947914,7508.692383
14/11/2020 23:43:06,28.8676033,24.56369019,7359.154785
14/11/2020 23:43:07,30.67301941,25.96790314,7209.617676
14/11/2020 23:43:08,31.78930664,26.84197998,7065.45752
14/11/2020 23:43:09,30.99423599,26.24567604,6940.585938
14/11/2020 23:43:10,30.19916534,25.64937401,6815.714844
14/11/2020 23:43:11,29.4040947,25.05307007,6690.84375
14/11/2020 23:43:12,28.60902405,24.45676804,6565.972656
14/11/2020 23:43:13,27.69628525,23.76600075,6403.200195
14/11/2020 23:43:14,26.39836311,22.76600075,6091.623535
14/11/2020 23:43:15,25.10043907,21.76600075,5780.046387
14/11/2020 23:43:16,23.80251503,20.76600075,5468.469727
14/11/2020 23:43:17,22.5045929,19.76600075,5156.893066
14/11/2020 23:43:18,21.20666885,18.67344475,4803.191406
14/11/2020 23:43:19,19.90874672,17.27791023,4245.27002
14/11/2020 23:43:20,18.61082268,15.88237667,3687.348633
14/11/2020 23:43:21,17.31289864,14.48684216,3129.427246
14/11/2020 23:43:22,16.0149765,13.09130764,2571.506104
14/11/2020 23:43:23,15,12,2067.691162
14/11/2020 23:43:24,15,12,1826.181641
14/11/2020 23:43:25,15,12,1584.672241
14/11/2020 23:43:26,15,12,1343.16272
14/11/2020 23:43:27,15,12,1101.653198
14/11/2020 23:43:28,15.04034138,12.04034138,910.5148926
14/11/2020 23:43:29,15.23906994,12.23906994,1028.799072
14/11/2020 23:43:30,15.4377985,12.4377985,1147.083374
14/11/2020 23:43:31,15.63652611,12.63652611,1265.367554
14/11/2020 23:43:32,15.83525467,12.83525467,1383.651855
14/11/2020 23:43:33,15.96580029,12.96580029,1499.615234
14/11/2020 23:43:34,15.76580048,12.76580048,1599.183472
14/11/2020 23:43:35,15.56579971,12.56579971,1698.751587
14/11/2020 23:43:36,15.3657999,12.3657999,1798.319702
14/11/2020 23:43:37,15.16580009,12.16580009,1897.887939
14/11/2020 23:43:38,15.10196781,12.10196781,2032.412231
14/11/2020 23:43:39,15.6982708,12.6982708,2413.885254
14/11/2020 23:43:40,16.29457283,13.29457378,2795.358398
14/11/2020 23:43:41,16.89087677,13.89087677,3176.831299
14/11/2020 23:43:42,17.4871788,14.48717976,3558.304443
14/11/2020 23:43:43,18.39074898,15.36283875,3983.616699
14/11/2020 23:43:44,21.18181801,17.95454597,4718.632324
14/11/2020 23:43:45,23.97288704,20.5462513,5453.647949
14/11/2020 23:43:46,26.76395607,23.13795853,6188.664063
14/11/2020 23:43:47,29.55502319,25.72966576,6923.679688
14/11/2020 23:43:48,31.97520065,28,7618.342285
14/11/2020 23:43:49,31.77519989,28,7979.72168
14/11/2020 23:43:50,31.57519913,28,8341.100586
14/11/2020 23:43:51,31.37520027,28,8702.479492
14/11/2020 23:43:52,31.17519951,28,9063.858398
14/11/2020 23:43:53,31.34720039,28.27280045,9395.706055
14/11/2020 23:43:54,34.14720154,30.4727993,9483.639648
14/11/2020 23:43:55,36.94720078,32.67279816,9571.574219
14/11/2020 23:43:56,39.74720001,34.87279892,9659.508789
14/11/2020 23:43:57,42.54719925,37.07279968,9747.442383
14/11/2020 23:43:58,44.72806931,38.7775116,9817.508789
14/11/2020 23:43:59,42.53508759,36.98325348,9739.99707
14/11/2020 23:44:00,40.34210587,35.18899536,9662.485352
14/11/2020 23:44:01,38.14912415,33.39473724,9584.974609
14/11/2020 23:44:02,35.95613861,31.60047913,9507.462891
14/11/2020 23:44:03,33.93519974,29.93519974,9434.286133
14/11/2020 23:44:04,33.33520126,29.33519936,9403.380859
14/11/2020 23:44:05,32.73519897,28.73520088,9372.475586
14/11/2020 23:44:06,32.1352005,28.1352005,9341.569336
14/11/2020 23:44:07,31.53520012,27.53520012,9310.664063
14/11/2020 23:44:08,30.82719994,26.84880066,9269.255859
14/11/2020 23:44:09,29.22719955,25.44879913,9101.952148
14/11/2020 23:44:10,27.62719917,24.04879951,8934.648438
14/11/2020 23:44:11,26.0272007,22.6487999,8767.344727
14/11/2020 23:44:12,24.42720032,21.24880028,8600.041016
14/11/2020 23:44:13,23,19.97846413,8417.978516
14/11/2020 23:44:14,23,19.77906227,8058.99707
14/11/2020 23:44:15,23,19.57966042,7700.015137
14/11/2020 23:44:16,23,19.38025856,7341.033691
14/11/2020 23:44:17,23,19.1808567,6982.051758
14/11/2020 23:44:18,23.07416344,19.07416344,6667.238281
14/11/2020 23:44:19,23.87161064,19.87161064,6881.867676
14/11/2020 23:44:20,24.66905975,20.66905975,7096.49707
14/11/2020 23:44:21,25.46650696,21.46650696,7311.126465
14/11/2020 23:44:22,26.26395607,22.26395607,7525.755859
14/11/2020 23:44:23,26.96920013,22.96920013,7736.291992
14/11/2020 23:44:24,26.56920052,22.56920052,7814.477051
14/11/2020 23:44:25,26.1692009,22.1692009,7892.662109
14/11/2020 23:44:26,25.76919937,21.76919937,7970.847168
14/11/2020 23:44:27,25.36919975,21.36919975,8049.032227
14/11/2020 23:44:28,24.96920013,20.98460007,8127.217285
14/11/2020 23:44:29,24.56920052,20.7845993,8030.00293
14/11/2020 23:44:30,24.1692009,20.58460045,7932.612793
14/11/2020 23:44:31,23.76919937,20.38459969,7835.222656
14/11/2020 23:44:32,23.36919975,20.18460083,7737.83252
14/11/2020 23:44:33,23.01525688,20,7640.442871
14/11/2020 23:44:34,23.21339417,20,7388.230957
14/11/2020 23:44:35,23.41153145,20,7130.900879
14/11/2020 23:44:36,23.60966873,20,6873.570801
14/11/2020 23:44:37,23.80780602,20,6616.241211
14/11/2020 23:44:38,24.0477047,20.04174042,6358.911133
14/11/2020 23:44:39,25.63784599,21.43311501,6464.831543
14/11/2020 23:44:40,27.22798729,22.82448769,6608.882813
14/11/2020 23:44:41,28.81812668,24.21586227,6752.934082
14/11/2020 23:44:42,30.40826797,25.60723495,6896.985352
14/11/2020 23:44:43,31.99840927,26.99860954,7041.037109
14/11/2020 23:44:44,31.70309067,27.19856834,7225.256836
14/11/2020 23:44:45,31.40588379,27.39733696,7416.124023
14/11/2020 23:44:46,31.10867882,27.59610367,7606.991699
14/11/2020 23:44:47,30.81147194,27.79487228,7797.859375
14/11/2020 23:44:48,30.51426506,27.99363899,7988.727051
14/11/2020 23:44:49,30.21706009,27.42551994,8115.726563
14/11/2020 23:44:50,29.91985321,26.83204842,8230.741211
14/11/2020 23:44:51,29.62264633,26.23857498,8345.755859
14/11/2020 23:44:52,29.32544136,25.64510345,8460.770508
14/11/2020 23:44:53,29.02823448,25.05163193,8575.785156
14/11/2020 23:44:54,28.46205711,24.4581604,8521.831055
14/11/2020 23:44:55,27.86764336,23.86468887,8436.170898
14/11/2020 23:44:56,27.27323151,23.27121735,8350.510742
14/11/2020 23:44:57,26.67881966,22.67774391,8264.849609
14/11/2020 23:44:58,26.0844059,22.08427238,8179.189941
14/11/2020 23:44:59,26.59963989,22.68420982,8074.909668
14/11/2020 23:45:00,27.29852295,23.48165894,7965.828125
14/11/2020 23:45:01,27.9974041,24.27910614,7856.746582
14/11/2020 23:45:02,28.69628525,25.07655525,7747.665039
14/11/2020 23:45:03,29.3951683,25.87400246,7638.583496
14/11/2020 23:45:04,30.09404945,26.33522415,7684.284668
14/11/2020 23:45:05,30.7929306,26.73335266,7777.797852
14/11/2020 23:45:06,31.49181366,27.13148117,7871.311035
14/11/2020 23:45:07,32.19069672,27.52961159,7964.824219
14/11/2020 23:45:08,32.88957596,27.9277401,8058.337402
14/11/2020 23:45:09,33.16683197,28.32586861,8019.414063
14/11/2020 23:45:10,33.36497116,28.72399712,7919.871094
14/11/2020 23:45:11,33.56310654,29.12212563,7820.328125
14/11/2020 23:45:12,33.76124573,29.52025414,7720.785156
14/11/2020 23:45:13,33.9593811,29.91838264,7621.241699
14/11/2020 23:45:14,33.29221344,29.29221535,7765.972168
14/11/2020 23:45:15,32.40192032,28.40191841,8022.512695
14/11/2020 23:45:16,31.51162338,27.51162338,8279.052734
14/11/2020 23:45:17,30.62132835,26.62132835,8535.59375
14/11/2020 23:45:18,29.73103142,25.73103142,8792.133789
14/11/2020 23:45:19,28.84073639,24.84073639,8725.055664
14/11/2020 23:45:20,27.95043945,23.95043945,8498.583984
14/11/2020 23:45:21,27.06014442,23.06014442,8272.111328
14/11/2020 23:45:22,26.1698494,22.1698494,8045.63916
14/11/2020 23:45:23,25.27955246,21.27955246,7819.166992
14/11/2020 23:45:24,25.54879951,21.68600082,7781.753418
14/11/2020 23:45:25,26.34880066,22.68600082,7843.919434
14/11/2020 23:45:26,27.1487999,23.68600082,7906.085938
14/11/2020 23:45:27,27.94879913,24.68600082,7968.252441
14/11/2020 23:45:28,28.74880028,25.68600082,8030.418945
14/11/2020 23:45:29,28.45295143,25.17942619,8002.944824
14/11/2020 23:45:30,27.65550232,23.98325348,7928.255859
14/11/2020 23:45:31,26.85805511,22.78708076,7853.566406
14/11/2020 23:45:32,26.060606,21.59090996,7778.877441
14/11/2020 23:45:33,25.2631588,20.39473724,7704.188477
14/11/2020 23:45:34,25,20.1337986,7608.70459
14/11/2020 23:45:35,25,20.33349991,7501.472656
14/11/2020 23:45:36,25,20.53319931,7394.241211
14/11/2020 23:45:37,25,20.73290062,7287.009277
14/11/2020 23:45:38,25,20.93260193,7179.777344
14/11/2020 23:45:39,25.13100052,21.13230133,7233.734863
14/11/2020 23:45:40,25.33099937,21.33200264,7385.233887
14/11/2020 23:45:41,25.53100014,21.53170204,7536.73291
14/11/2020 23:45:42,25.7310009,21.73140335,7688.231934
14/11/2020 23:45:43,25.93099976,21.93110275,7839.731445
14/11/2020 23:45:44,26.39174652,22.39174652,7911.478027
14/11/2020 23:45:45,26.98983192,22.98983192,7938.168945
14/11/2020 23:45:46,27.58791924,23.58791924,7964.859863
14/11/2020 23:45:47,28.18600464,24.18600464,7991.550781
14/11/2020 23:45:48,28.78409004,24.78409004,8018.242188
14/11/2020 23:45:49,29.50956917,25.38217735,8002.762695
14/11/2020 23:45:50,30.30701828,25.98026276,7963.459961
14/11/2020 23:45:51,31.10446548,26.57835007,7924.157227
14/11/2020 23:45:52,31.9019146,27.17643547,7884.854004
14/11/2020 23:45:53,32.69936371,27.77452087,7845.55127
14/11/2020 23:45:54,32.125,27.25,7809.073242
14/11/2020 23:45:55,30.72050476,26.0461483,7774.190918
14/11/2020 23:45:56,29.31601143,24.84229469,7739.309082
14/11/2020 23:45:57,27.91151619,23.63844299,7704.426758
14/11/2020 23:45:58,26.50702286,22.43459129,7669.544434
14/11/2020 23:45:59,26,22,7655.330078
14/11/2020 23:46:00,26,22,7653.62207
14/11/2020 23:46:01,26,22,7651.914063
14/11/2020 23:46:02,26,22,7650.206055
14/11/2020 23:46:03,26,22,7648.498535
14/11/2020 23:46:04,26.25559998,22.12779999,7694.922363
14/11/2020 23:46:05,26.65559959,22.32780075,7772.509277
14/11/2020 23:46:06,27.05559921,22.52779961,7850.096191
14/11/2020 23:46:07,27.45560074,22.72780037,7927.683105
14/11/2020 23:46:08,27.85560036,22.92779922,8005.27002
14/11/2020 23:46:09,28.63696098,23.76435471,8016.10498
14/11/2020 23:46:10,29.6337719,24.96052551,7971.210449
14/11/2020 23:46:11,30.63058281,26.15669823,7926.316406
14/11/2020 23:46:12,31.62739182,27.35287094,7881.422363
14/11/2020 23:46:13,32.62420273,28.54904366,7836.527832
14/11/2020 23:46:14,33.12420273,29,7840.31543
14/11/2020 23:46:15,33.32356644,29,7887.446777
14/11/2020 23:46:16,33.52292633,29,7934.578125
14/11/2020 23:46:17,33.72229004,29,7981.708984
14/11/2020 23:46:18,33.92164993,29,8028.840332
14/11/2020 23:46:19,32.91585541,28.16060829,7959.496094
14/11/2020 23:46:20,31.12978745,26.77775574,7779.578613
14/11/2020 23:46:21,29.34371948,25.39490318,7599.661621
14/11/2020 23:46:22,27.55764961,24.01205063,7419.744141
14/11/2020 23:46:23,25.77158165,22.62919807,7239.827148
14/11/2020 23:46:24,23.98551369,21.02212906,6805.817383
14/11/2020 23:46:25,22.19944382,19.22787094,6081.804688
14/11/2020 23:46:26,20.41337585,17.43361282,5357.791992
14/11/2020 23:46:27,18.62730789,15.63935375,4633.779297
14/11/2020 23:46:28,16.84123802,13.84509563,3909.766602
14/11/2020 23:46:29,15.7890749,12.89485168,3267.268799
14/11/2020 23:46:30,15.3903513,12.69608402,2730.64624
14/11/2020 23:46:31,14.99162674,12.49731636,2194.023926
14/11/2020 23:46:32,14.59290314,12.2985487,1657.401611
14/11/2020 23:46:33,14.19417858,12.09978104,1120.779175
14/11/2020 23:46:34,14,11.90101337,732.168396
14/11/2020 23:46:35,14,11.70224571,629.5975952
14/11/2020 23:46:36,14,11.50347805,527.0267944
14/11/2020 23:46:37,14,11.30471039,424.4559937
14/11/2020 23:46:38,14,11.10594273,321.8851929
14/11/2020 23:46:39,14.09280586,11.09280586,296.2454224
14/11/2020 23:46:40,14.29153442,11.29153442,419.2788696
14/11/2020 23:46:41,14.49026203,11.49026203,542.3123169
14/11/2020 23:46:42,14.68899059,11.68899059,665.3457642
14/11/2020 23:46:43,14.8877182,11.8877182,788.3791504
14/11/2020 23:46:44,15.42697334,12.42697334,1050.119141
14/11/2020 23:46:45,16.40851974,13.40851974,1598.632813
14/11/2020 23:46:46,17.39006615,14.3900671,2147.146484
14/11/2020 23:46:47,18.37161446,15.3716135,2695.660156
14/11/2020 23:46:48,19.35316086,16.35316086,3244.173828
14/11/2020 23:46:49,19.86359978,16.86359978,3696.119385
14/11/2020 23:46:50,19.46360016,16.46360016,3853.668945
14/11/2020 23:46:51,19.06360054,16.06360054,4011.218262
14/11/2020 23:46:52,18.66360092,15.66359997,4168.768066
14/11/2020 23:46:53,18.2635994,15.26360035,4326.317383
14/11/2020 23:46:54,17.7280159,14.7280159,4332.151367
14/11/2020 23:46:55,16.93040848,13.93040848,3669.615967
14/11/2020 23:46:56,16.13280106,13.13280201,3007.080566
14/11/2020 23:46:57,15.33519459,12.33519459,2344.54541
14/11/2020 23:46:58,14.53758717,11.53758717,1682.010132
14/11/2020 23:46:59,14,11,1086.424438
14/11/2020 23:47:00,14,11,909.0316772
14/11/2020 23:47:01,14,11,731.638916
14/11/2020 23:47:02,14,11,554.2461548
14/11/2020 23:47:03,14,11,376.853363
14/11/2020 23:47:04,14.04879475,11.04879475,212.4419098
14/11/2020 23:47:05,14.24634552,11.24634552,177.7008057
14/11/2020 23:47:06,14.44389534,11.44389534,142.9597015
14/11/2020 23:47:07,14.64144611,11.64144611,108.2185974
14/11/2020 23:47:08,14.83899689,11.83899689,73.47749329
14/11/2020 23:47:09,14.98167229,11.98167229,39.10617447
14/11/2020 23:47:10,14.88260365,11.88260365,32.80983353
14/11/2020 23:47:11,14.783535,11.783535,26.51349068
14/11/2020 23:47:12,14.68446636,11.68446636,20.21714783
14/11/2020 23:47:13,14.58539772,11.58539772,13.92080688
14/11/2020 23:47:14,14.48632813,11.48632813,7.624464512
14/11/2020 23:47:15,14.38725948,11.38725948,6.400636673
14/11/2020 23:47:16,14.28819084,11.28819084,5.192071438
14/11/2020 23:47:17,14.1891222,11.1891222,3.983506918
14/11/2020 23:47:18,14.09005356,11.09005356,2.774941921
14/11/2020 23:47:19,14.01792049,11,1.566377163
14/11/2020 23:47:20,14.21484852,11,1.38418901
14/11/2020 23:47:21,14.41177654,11,1.23812592
14/11/2020 23:47:22,14.60870457,11,1.092062831
14/11/2020 23:47:23,14.80563259,11,0.945999742
14/11/2020 23:47:24,14.99740791,11,0.799936652
14/11/2020 23:47:25,14.79804611,11,0.653873563
14/11/2020 23:47:26,14.59868431,11,0.507810473
14/11/2020 23:47:27,14.39932251,11,0.361747384
14/11/2020 23:47:28,14.19995975,11,0.21568431
14/11/2020 23:47:29,14.00059795,11,0.06962122
14/11/2020 23:47:30,14.19817162,11,0.055354767
14/11/2020 23:47:31,14.39693928,11,0.055084419
14/11/2020 23:47:32,14.59570694,11,0.05481407
14/11/2020 23:47:33,14.7944746,11,0.054543722
14/11/2020 23:47:34,14.99324226,11,0.054273374
14/11/2020 23:47:35,14.80799007,11,0.054003026
14/11/2020 23:47:36,14.60922241,11,0.053732682
14/11/2020 23:47:37,14.41045475,11,0.053462334
14/11/2020 23:47:38,14.21168709,11,0.053191986
14/11/2020 23:47:39,14.01291943,11,0.052921638
14/11/2020 23:47:40,14,11,0.05265129
14/11/2020 23:47:41,14,11,0.052380942
14/11/2020 23:47:42,14,11,0.052110594
14/11/2020 23:47:43,14,11,0.051840246
14/11/2020 23:47:44,14,11,0.051569898
14/11/2020 23:47:45,14,11.18022346,0.05129955
14/11/2020 23:47:46,14,11.37958527,0.051029205
14/11/2020 23:47:47,14,11.57894707,0.050758857
14/11/2020 23:47:48,14,11.77830982,0.050488509
14/11/2020 23:47:49,14,11.97767162,0.050218161
14/11/2020 23:47:50,14,11.82405376,0.049947813
14/11/2020 23:47:51,14,11.62591648,0.049677465
14/11/2020 23:47:52,14,11.4277792,0.049407117
14/11/2020 23:47:53,14,11.22964096,0.049136769
14/11/2020 23:47:54,14,11.03150368,0.048866421
14/11/2020 23:47:55,14.16610718,11.16610718,0.048596073
14/11/2020 23:47:56,14.36361885,11.36361885,0.048325729
14/11/2020 23:47:57,14.56112957,11.56112957,0.048055381
14/11/2020 23:47:58,14.75864124,11.75864124,0.047785033
14/11/2020 23:47:59,14.95615292,11.95615292,0.047514684
14/11/2020 23:48:00,14.92256355,11.92256355,0.047244336
14/11/2020 23:48:01,14.82303143,11.82303143,0.046973988
14/11/2020 23:48:02,14.7234993,11.7234993,0.04670364
14/11/2020 23:48:03,14.62396717,11.62396717,0.046433292
14/11/2020 23:48:04,14.52443504,11.52443504,0.046162944
14/11/2020 23:48:05,14.42490292,11.42490292,0.045892596
14/11/2020 23:48:06,14.32537079,11.32537079,0.045622252
14/11/2020 23:48:07,14.22583866,11.22583866,0.045351904
14/11/2020 23:48:08,14.12630653,11.12630653,0.045081556
14/11/2020 23:48:09,14.02677441,11.02677441,0.044811208
14/11/2020 23:48:10,14,11,0.04454086
14/11/2020 23:48:11,14,11,0.044270512
14/11/2020 23:48:12,14,11,0.044000164
14/11/2020 23:48:13,14,11,0.043729816
14/11/2020 23:48:14,14,11,0.043459468
14/11/2020 23:48:15,14,11,0.04318912
14/11/2020 23:48:16,14,11,0.042918775
14/11/2020 23:48:17,14,11,0.042648427
14/11/2020 23:48:18,14,11,0.042378079
14/11/2020 23:48:19,14,11,0.042107731
14/11/2020 23:48:20,14.12400341,11,0.041837383
14/11/2020 23:48:21,14.32336521,11,0.041567035
14/11/2020 23:48:22,14.52272701,11,0.041296687
14/11/2020 23:48:23,14.72208977,11,0.041026339
14/11/2020 23:48:24,14.92145157,11,0.040755991
14/11/2020 23:48:25,14.87880039,11,0.040485643
14/11/2020 23:48:26,14.67879963,11,0.040215299
14/11/2020 23:48:27,14.47879982,11,0.03994495
14/11/2020 23:48:28,14.27880001,11,0.039674602
14/11/2020 23:48:29,14.0788002,11,0.039404254
14/11/2020 23:48:30,14,11,0.039133906
14/11/2020 23:48:31,14,11,0.038863558
14/11/2020 23:48:32,14,11,0.03859321
14/11/2020 23:48:33,14,11,0.038322862
14/11/2020 23:48:34,14,11,0.038052514
14/11/2020 23:48:35,14,11,0.037782166
14/11/2020 23:48:36,14,11,0.037511822
14/11/2020 23:48:37,14,11,0.037241474
14/11/2020 23:48:38,14,11,0.036971126
14/11/2020 23:48:39,14,11,0.036700778
14/11/2020 23:48:40,14,11,0.03643043
14/11/2020 23:48:41,14,11,0.036160082
14/11/2020 23:48:42,14,11,0.035889734
14/11/2020 23:48:43,14,11,0.035619386
14/11/2020 23:48:44,14,11,0.035349037
14/11/2020 23:48:45,14.11463356,11,0.035078689
14/11/2020 23:48:46,14.31399536,11,0.034808345
14/11/2020 23:48:47,14.51335716,11,0.034537997
14/11/2020 23:48:48,14.71271896,11,0.034267649
14/11/2020 23:48:49,14.91208172,11,0.033997301
14/11/2020 23:48:50,14.88784122,11,0.033726953
14/11/2020 23:48:51,14.68719864,11,0.033456605
14/11/2020 23:48:52,14.48655701,11,0.033186257
14/11/2020 23:48:53,14.28591537,11,0.032915909
14/11/2020 23:48:54,14.08527279,11,0.032645561
14/11/2020 23:48:55,14,11,0.032375213
14/11/2020 23:48:56,14,11,0.032104868
14/11/2020 23:48:57,14,11,0.03183452
14/11/2020 23:48:58,14,11,0.031564172
14/11/2020 23:48:59,14,11,0.031293824
14/11/2020 23:49:00,14,11,0.031023476
14/11/2020 23:49:01,14,11,0.030753128
14/11/2020 23:49:02,14,11,0.03048278
14/11/2020 23:49:03,14,11,0.030212434
14/11/2020 23:49:04,14,11,0.029942086
14/11/2020 23:49:05,14,11,0.029671738
14/11/2020 23:49:06,14,11,0.02940139
14/11/2020 23:49:07,14,11,0.029131042
14/11/2020 23:49:08,14,11,0.028860696
14/11/2020 23:49:09,14,11,0.028590348
14/11/2020 23:49:10,14.11111069,11,0.02832
14/11/2020 23:49:11,14.30987835,11,0.028049652
14/11/2020 23:49:12,14.50864601,11,0.027779303
14/11/2020 23:49:13,14.70741367,11,0.027508957
14/11/2020 23:49:14,14.90618134,11,0.027238609
14/11/2020 23:49:15,14.94744682,11,0.026968261
14/11/2020 23:49:16,14.8479147,11,0.026697913
14/11/2020 23:49:17,14.74838257,11,0.026427565
14/11/2020 23:49:18,14.64885044,11,0.026157219
14/11/2020 23:49:19,14.54931831,11,0.025886871
14/11/2020 23:49:20,14.44978619,11,0.025616523
14/11/2020 23:49:21,14.35025406,11,0.025346175
14/11/2020 23:49:22,14.25072193,11,0.025075827
14/11/2020 23:49:23,14.1511898,11,0.024805481
14/11/2020 23:49:24,14.05165768,11,0.024535133
14/11/2020 23:49:25,14,11.09619999,0.024264785
14/11/2020 23:49:26,14,11.2961998,0.023994436
14/11/2020 23:49:27,14,11.49619961,0.023724088
14/11/2020 23:49:28,14,11.69620037,0.023453742
14/11/2020 23:49:29,14,11.89620018,0.023183394
14/11/2020 23:49:30,14,11.90441132,0.022913046
14/11/2020 23:49:31,14,11.70568371,0.022642698
14/11/2020 23:49:32,14,11.50695515,0.02237235
14/11/2020 23:49:33,14,11.30822754,0.022102004
14/11/2020 23:49:34,14,11.10949898,0.021831656
14/11/2020 23:49:35,14.09008789,11.09008789,0.021561308
14/11/2020 23:49:36,14.29073048,11.29073048,0.02129096
14/11/2020 23:49:37,14.49137211,11.49137211,0.021020612
14/11/2020 23:49:38,14.69201469,11.69201469,0.020750266
14/11/2020 23:49:39,14.89265633,11.89265633,0.020479918
14/11/2020 23:49:40,14.90729618,11.90729618,0.020209569
14/11/2020 23:49:41,14.70793438,11.70793438,0.019939221
14/11/2020 23:49:42,14.50857258,11.50857258,0.019668873
14/11/2020 23:49:43,14.30921078,11.30921078,0.019398527
14/11/2020 23:49:44,14.10984802,11.10984802,0.019128179
14/11/2020 23:49:45,14,11,0.018857831
14/11/2020 23:49:46,14,11,0.018587483
14/11/2020 23:49:47,14,11,0.018317135
14/11/2020 23:49:48,14,11,0.018046789
14/11/2020 23:49:49,14,11,0.017776441
14/11/2020 23:49:50,14.08360004,11,0.017506093
14/11/2020 23:49:51,14.28359985,11,0.017235745
14/11/2020 23:49:52,14.48359966,11,0.016965397
14/11/2020 23:49:53,14.68360043,11,0.016695051
14/11/2020 23:49:54,14.88360023,11,0.016424702
14/11/2020 23:49:55,14.91666698,11,0.016154354
14/11/2020 23:49:56,14.71730423,11,0.015884006
14/11/2020 23:49:57,14.51794243,11,0.015613659
14/11/2020 23:49:58,14.31858063,11,0.015343311
14/11/2020 23:49:59,14.11921883,11,0.015072964
14/11/2020 23:50:00,14.08015919,11.08015919,0.014802616
14/11/2020 23:50:01,14.27956104,11.27956104,0.014532268
14/11/2020 23:50:02,14.4789629,11.4789629,0.014261921
14/11/2020 23:50:03,14.67836475,11.67836475,0.013991573
14/11/2020 23:50:04,14.87776661,11.87776661,0.013721226
14/11/2020 23:50:05,14.92284679,11.96136189,0.013450878
14/11/2020 23:50:06,14.72348499,11.86152172,0.01318053
14/11/2020 23:50:07,14.52412319,11.76168156,0.012910183
14/11/2020 23:50:08,14.32476044,11.66184139,0.012639835
14/11/2020 23:50:09,14.12539864,11.56200123,0.012369487
14/11/2020 23:50:10,14.07419968,11.46216011,0.012099139
14/11/2020 23:50:11,14.27420044,11.36231995,0.011828792
14/11/2020 23:50:12,14.47420025,11.26247978,0.011558444
14/11/2020 23:50:13,14.67420006,11.16263962,0.011288096
14/11/2020 23:50:14,14.87419987,11.06279945,0.011017749
14/11/2020 23:50:15,14.96307373,11,0.010747401
14/11/2020 23:50:16,14.8635416,11,0.010477054
14/11/2020 23:50:17,14.76400948,11,0.010206706
14/11/2020 23:50:18,14.66447735,11,0.009936358
14/11/2020 23:50:19,14.56494522,11,0.009666011
14/11/2020 23:50:20,14.46541214,11,0.009395663
14/11/2020 23:50:21,14.36588001,11,0.009125316
14/11/2020 23:50:22,14.26634789,11,0.008854968
14/11/2020 23:50:23,14.16681576,11,0.008584619
14/11/2020 23:50:24,14.06728363,11,0.008314272
14/11/2020 23:50:25,14.06459332,11.06459332,0.008043924
14/11/2020 23:50:26,14.26395512,11.26395512,0.007773577
14/11/2020 23:50:27,14.46331692,11.46331692,0.007503229
14/11/2020 23:50:28,14.66267967,11.66267967,0.007232882
14/11/2020 23:50:29,14.86204147,11.86204147,0.006962534
14/11/2020 23:50:30,14.93859673,11.96924591,0.006692186
14/11/2020 23:50:31,14.73923492,11.86939621,0.006421838
14/11/2020 23:50:32,14.53987217,11.76954556,0.006151491
14/11/2020 23:50:33,14.34051037,11.66969585,0.005881143
14/11/2020 23:50:34,14.14114857,11.5698452,0.005610796
14/11/2020 23:50:35,14.0584116,11.46999454,0.005340448
14/11/2020 23:50:36,14.25845146,11.37014484,0.0050701
14/11/2020 23:50:37,14.45849133,11.27029419,0.004799752
14/11/2020 23:50:38,14.65853214,11.17044449,0.004529405
14/11/2020 23:50:39,14.85857201,11.07059383,0.004259057
14/11/2020 23:50:40,15,11.05860043,0.003988709
14/11/2020 23:50:41,15,11.25860023,0.003718362
14/11/2020 23:50:42,15,11.45860004,0.003448014
14/11/2020 23:50:43,15,11.65859985,0.003177667
14/11/2020 23:50:44,15,11.85859966,0.002907319
14/11/2020 23:50:45,14.94212914,11.94212914,0.002636971
14/11/2020 23:50:46,14.74461746,11.74461746,0.002366623
14/11/2020 23:50:47,14.54710674,11.54710674,0.002096276
14/11/2020 23:50:48,14.34959507,11.34959507,0.001825928
14/11/2020 23:50:49,14.1520834,11.1520834,0.001555581
14/11/2020 23:50:50,14.04628658,11.04628658,0.001285233
14/11/2020 23:50:51,14.24753475,11.24753475,0.001014885
14/11/2020 23:50:52,14.44878292,11.44878292,0.000744537
14/11/2020 23:50:53,14.65003014,11.65003014,0.00047419
14/11/2020 23:50:54,14.85127831,11.85127831,0.000203842
14/11/2020 23:50:55,14.94779968,11.94779968,12.34369564
14/11/2020 23:50:56,14.74779987,11.74779987,62.52132416
14/11/2020 23:50:57,14.54780006,11.54780006,112.6989517
14/11/2020 23:50:58,14.34780025,11.34780025,162.8765717
14/11/2020 23:50:59,14.14780045,11.14780045,213.0541992
14/11/2020 23:51:00,14.05204391,11.05204391,258.8406067
14/11/2020 23:51:01,14.25144577,11.25144577,291.0948181
14/11/2020 23:51:02,14.45084763,11.45084763,323.3490601
14/11/2020 23:51:03,14.65024948,11.65024948,355.6032715
14/11/2020 23:51:04,14.84965134,11.84965134,387.8575134
14/11/2020 23:51:05,14.95079994,11.95079994,399.8496399
14/11/2020 23:51:06,14.75080013,11.75080013,337.4212646
14/11/2020 23:51:07,14.55080032,11.55080032,274.9928589
14/11/2020 23:51:08,14.35079956,11.35079956,212.5644836
14/11/2020 23:51:09,14.15079975,11.15079975,150.1360931
14/11/2020 23:51:10,14,11,97.59809875
14/11/2020 23:51:11,14,11,81.38652802
14/11/2020 23:51:12,14,11,65.17495728
14/11/2020 23:51:13,14,11,48.96338272
14/11/2020 23:51:14,14,11,32.75181198
14/11/2020 23:51:15,14.0973959,11.0973959,61.31492233
14/11/2020 23:51:16,14.49493122,11.49493122,239.7758942
14/11/2020 23:51:17,14.89246655,11.89246655,418.2368469
14/11/2020 23:51:18,15.29000187,12.29000187,596.6978149
14/11/2020 23:51:19,15.68753719,12.68753719,775.1588135
14/11/2020 23:51:20,15.97856617,12.97856617,933.6120605
14/11/2020 23:51:21,15.87840557,12.87840557,1011.023926
14/11/2020 23:51:22,15.77824497,12.77824497,1088.435791
14/11/2020 23:51:23,15.67808533,12.67808533,1165.847656
14/11/2020 23:51:24,15.57792473,12.57792473,1243.259521
14/11/2020 23:51:25,15.47776413,12.47776413,1281.70813
14/11/2020 23:51:26,15.37760448,12.37760448,1125.807251
14/11/2020 23:51:27,15.27744389,12.27744389,969.90625
14/11/2020 23:51:28,15.17728329,12.17728329,814.005249
14/11/2020 23:51:29,15.07712364,12.07712364,658.1043091
14/11/2020 23:51:30,15,11.97714424,508.6751404
14/11/2020 23:51:31,15,11.87777042,425.4914551
14/11/2020 23:51:32,15,11.77839565,342.3077393
14/11/2020 23:51:33,15,11.67902184,259.124054
14/11/2020 23:51:34,15,11.57964802,175.9403534
14/11/2020 23:51:35,15,11.4802742,107.0270233
14/11/2020 23:51:36,15,11.38090038,184.1845093
14/11/2020 23:51:37,15,11.28152657,261.34198
14/11/2020 23:51:38,15,11.18215275,338.4994812
14/11/2020 23:51:39,15,11.08277893,415.6569519
14/11/2020 23:51:40,15.03288651,11.06577396,495.0322876
14/11/2020 23:51:41,15.22981453,11.45963001,624.9959717
14/11/2020 23:51:42,15.42674255,11.85348606,754.9596558
14/11/2020 23:51:43,15.62367058,12.24734116,884.9233398
14/11/2020 23:51:44,15.8205986,12.6411972,1014.887024
14/11/2020 23:51:45,15.98219967,12.96440029,1142.162476
14/11/2020 23:51:46,15.78219986,12.56439972,1027.741089
14/11/2020 23:51:47,15.58220005,12.1644001,913.3197021
14/11/2020 23:51:48,15.38220024,11.76439953,798.8983154
14/11/2020 23:51:49,15.18220043,11.36439991,684.4769287
14/11/2020 23:51:50,15,11,570.055481
14/11/2020 23:51:51,15,11,484.0543518
14/11/2020 23:51:52,15,11,398.1960144
14/11/2020 23:51:53,15,11,312.337677
14/11/2020 23:51:54,15,11,226.4793396
14/11/2020 23:51:55,14.99165154,11,140.6210022
14/11/2020 23:51:56,14.79288387,11,122.0247269
14/11/2020 23:51:57,14.59411621,11,103.7664566
14/11/2020 23:51:58,14.39534855,11,85.50818634
14/11/2020 23:51:59,14.19658089,11,67.24991608
14/11/2020 23:52:00,14.00438595,11.00329494,48.991642
14/11/2020 23:52:01,14.4031105,11.30281544,356.4724731
14/11/2020 23:52:02,14.80183411,11.60233593,693.4367676
14/11/2020 23:52:03,15.20055866,11.90185738,1030.401123
14/11/2020 23:52:04,15.59928226,12.20137787,1367.365479
14/11/2020 23:52:05,15.99800682,12.50089836,1704.329712
14/11/2020 23:52:06,16,12.80041885,1698.515747
14/11/2020 23:52:07,16,13.0999403,1679.900879
14/11/2020 23:52:08,16,13.39946079,1661.286011
14/11/2020 23:52:09,16,13.69898129,1642.671143
14/11/2020 23:52:10,16,13.99850273,1624.056396
14/11/2020 23:52:11,16,13.86788845,1690.933228
14/11/2020 23:52:12,16,13.73511219,1764.047729
14/11/2020 23:52:13,16,13.60233688,1837.162231
14/11/2020 23:52:14,16,13.46956158,1910.276733
14/11/2020 23:52:15,16,13.33678532,1983.391235
14/11/2020 23:52:16,15.81485939,13.20401001,1784.089478
14/11/2020 23:52:17,15.61296177,13.07123375,1549.736328
14/11/2020 23:52:18,15.41106415,12.93845844,1315.383179
14/11/2020 23:52:19,15.20916653,12.80568314,1081.030029
14/11/2020 23:52:20,15.00726795,12.67290688,846.6769409
14/11/2020 23:52:21,15,12.54013157,1271.099243
14/11/2020 23:52:22,15,12.40735531,1808.145874
14/11/2020 23:52:23,15,12.27458,2345.192383
14/11/2020 23:52:24,15,12.1418047,2882.239014
14/11/2020 23:52:25,15,12.00902843,3419.285645
14/11/2020 23:52:26,15.55410194,12.55410194,3679.02832
14/11/2020 23:52:27,16.14863205,13.148633,3885.557861
14/11/2020 23:52:28,16.74316216,13.74316311,4092.087158
14/11/2020 23:52:29,17.33769417,14.33769321,4298.616699
14/11/2020 23:52:30,17.93222427,14.93222332,4505.145996
14/11/2020 23:52:31,18.88036537,15.88036537,4842.971191
14/11/2020 23:52:32,19.87400627,16.87400627,5209.033203
14/11/2020 23:52:33,20.86764717,17.86764717,5575.095703
14/11/2020 23:52:34,21.86128807,18.86128807,5941.158203
14/11/2020 23:52:35,22.85492897,19.85492897,6307.220703
14/11/2020 23:52:36,21.63768768,18.63768768,5677.360352
14/11/2020 23:52:37,20.04247284,17.04247284,4809.317871
14/11/2020 23:52:38,18.447258,15.447258,3941.275879
14/11/2020 23:52:39,16.85204315,13.85204411,3073.233398
14/11/2020 23:52:40,15.25682926,12.25682926,2205.191162
14/11/2020 23:52:41,15,12,1782.393921
14/11/2020 23:52:42,15,12,1500.200439
14/11/2020 23:52:43,15,12,1218.006836
14/11/2020 23:52:44,15,12,935.8134155
14/11/2020 23:52:45,15,12,653.619873
14/11/2020 23:52:46,15,11.8359251,754.4078979
14/11/2020 23:52:47,15,11.6365633,997.5662842
14/11/2020 23:52:48,15,11.43720055,1240.724609
14/11/2020 23:52:49,15,11.23783875,1483.883057
14/11/2020 23:52:50,15,11.03847694,1727.041382
14/11/2020 23:52:51,19.31721878,15.31721783,2719.235107
14/11/2020 23:52:52,24.66693115,20.66693115,4035.51001
14/11/2020 23:52:53,30.01664352,26.01664352,5351.785156
14/11/2020 23:52:54,35.3663559,31.3663559,6668.060059
14/11/2020 23:52:55,40.71606827,36.71606827,7984.334961
14/11/2020 23:52:56,40.33830261,36.33830261,8549.891602
14/11/2020 23:52:57,38.15185928,34.15185928,8738.960938
14/11/2020 23:52:58,35.96541595,31.96541405,8928.03125
14/11/2020 23:52:59,33.77896881,29.77897072,9117.100586
14/11/2020 23:53:00,31.59252548,27.59252548,9306.170898
14/11/2020 23:53:01,30.85509872,27.14490128,9334.500977
14/11/2020 23:53:02,30.65633011,27.34366989,9276.65918
14/11/2020 23:53:03,30.4575634,27.5424366,9218.816406
14/11/2020 23:53:04,30.25879478,27.74120522,9160.974609
14/11/2020 23:53:05,30.06002808,27.93997192,9103.131836
14/11/2020 23:53:06,30.13871193,27.72257614,9162.500977
14/11/2020 23:53:07,30.33744049,27.32511902,9284.707031
14/11/2020 23:53:08,30.53616905,26.9276638,9406.912109
14/11/2020 23:53:09,30.73489761,26.53020668,9529.118164
14/11/2020 23:53:10,30.93362427,26.13274956,9651.323242
14/11/2020 23:53:11,31.79681015,27.19521523,9890.268555
14/11/2020 23:53:12,32.99322128,28.98983002,10196.31445
14/11/2020 23:53:13,34.18963242,30.78444672,10502.36035
14/11/2020 23:53:14,35.38604355,32.57906342,10808.40723
14/11/2020 23:53:15,36.58245087,34.37368011,11114.45313
14/11/2020 23:53:16,35.89506912,34.08860016,11180.08789
14/11/2020 23:53:17,34.19778442,32.68859863,11107.5332
14/11/2020 23:53:18,32.50049973,31.28860092,11034.97754
14/11/2020 23:53:19,30.80321503,29.8885994,10962.42285
14/11/2020 23:53:20,29.10593033,28.48859978,10889.86816
14/11/2020 23:53:21,27.40864563,26.44258308,10356.91113
14/11/2020 23:53:22,25.71136093,24.05023956,9479.458984
14/11/2020 23:53:23,24.01407814,21.65789413,8602.005859
14/11/2020 23:53:24,22.31679344,19.26555061,7724.553223
14/11/2020 23:53:25,20.61950874,16.87320518,6847.100586
14/11/2020 23:53:26,19.87299919,16,6250.271973
14/11/2020 23:53:27,19.67300034,16,5826.169922
14/11/2020 23:53:28,19.47299957,16,5402.067871
14/11/2020 23:53:29,19.27300072,16,4977.96582
14/11/2020 23:53:30,19.07299995,16,4553.864258
14/11/2020 23:53:31,19.50167847,16.25083923,4456.403809
14/11/2020 23:53:32,20.29172516,16.64586258,4559.993652
14/11/2020 23:53:33,21.08176994,17.04088402,4663.583984
14/11/2020 23:53:34,21.87181473,17.43590736,4767.174316
14/11/2020 23:53:35,22.66186142,17.83093071,4870.764648
14/11/2020 23:53:36,22.53805733,17.76902962,4830.25
14/11/2020 23:53:37,21.73046684,17.36523247,4681.908691
14/11/2020 23:53:38,20.92287445,16.96143723,4533.567383
14/11/2020 23:53:39,20.11528397,16.55764198,4385.226074
14/11/2020 23:53:40,19.30769157,16.15384674,4236.885254
14/11/2020 23:53:41,18.87677956,15.81516838,4020.826904
14/11/2020 23:53:42,18.6777153,15.516572,3754.099609
14/11/2020 23:53:43,18.47865105,15.21797562,3487.37207
14/11/2020 23:53:44,18.27958679,14.91937923,3220.644775
14/11/2020 23:53:45,18.08052063,14.6207819,2953.91748
14/11/2020 23:53:46,17.88145638,14.32218552,2853.316406
14/11/2020 23:53:47,17.68239212,14.02358913,2877.019775
14/11/2020 23:53:48,17.48332787,13.72499275,2900.723145
14/11/2020 23:53:49,17.28426361,13.42639637,2924.426758
14/11/2020 23:53:50,17.08519936,13.12779903,2948.130127
14/11/2020 23:53:51,17.11440086,13.11439991,2995.406494
14/11/2020 23:53:52,17.31439972,13.31439972,3075.775391
14/11/2020 23:53:53,17.51440048,13.51439953,3156.144287
14/11/2020 23:53:54,17.71439934,13.71440029,3236.513428
14/11/2020 23:53:55,17.9144001,13.9144001,3316.882324
14/11/2020 23:53:56,18,14.11439991,3374.245361
14/11/2020 23:53:57,18,14.31439972,3408.043701
14/11/2020 23:53:58,18,14.51439953,3441.842285
14/11/2020 23:53:59,18,14.71440029,3475.640625
14/11/2020 23:54:00,18,14.9144001,3509.438965
14/11/2020 23:54:01,17.82972717,14.82972813,3440.252197
14/11/2020 23:54:02,17.53204918,14.53205013,3251.620605
14/11/2020 23:54:03,17.23437119,14.23437214,3062.989014
14/11/2020 23:54:04,16.93669319,13.93669415,2874.357422
14/11/2020 23:54:05,16.6390152,13.63901615,2685.72583
14/11/2020 23:54:06,16.3413372,13.3413372,2443.238281
14/11/2020 23:54:07,16.04365921,13.04365921,2138.287354
14/11/2020 23:54:08,15.74598122,12.74598122,1833.336426
14/11/2020 23:54:09,15.44830322,12.44830322,1528.385498
14/11/2020 23:54:10,15.15062523,12.15062523,1223.43457
14/11/2020 23:54:11,15,12,1053.658081
14/11/2020 23:54:12,15,12,1051.111084
14/11/2020 23:54:13,15,12,1048.564087
14/11/2020 23:54:14,15,12,1046.01709
14/11/2020 23:54:15,15,12,1043.469971
14/11/2020 23:54:16,14.90740013,11.90740013,1001.173218
14/11/2020 23:54:17,14.70740032,11.70740032,906.3994141
14/11/2020 23:54:18,14.50739956,11.50739956,811.6256104
14/11/2020 23:54:19,14.30739975,11.30739975,716.8518066
14/11/2020 23:54:20,14.10739994,11.10739994,622.0780029
14/11/2020 23:54:21,14.09230423,11.09230423,560.7252197
14/11/2020 23:54:22,14.29166698,11.29166698,549.5040283
14/11/2020 23:54:23,14.49102879,11.49102879,538.2828979
14/11/2020 23:54:24,14.69039059,11.69039059,527.0617676
14/11/2020 23:54:25,14.88975239,11.88975239,515.8405762
14/11/2020 23:54:26,15.17822933,12.26757145,698.1290894
14/11/2020 23:54:27,15.57695389,12.86616421,1170.682251
14/11/2020 23:54:28,15.97567749,13.46475792,1643.235229
14/11/2020 23:54:29,16.37440109,14.06335068,2115.78833
14/11/2020 23:54:30,16.7731266,14.66194439,2588.341553
14/11/2020 23:54:31,17.42834473,15.2605381,2982.431885
14/11/2020 23:54:32,18.42218208,15.85913086,3258.828613
14/11/2020 23:54:33,19.41602135,16.45772362,3535.225342
14/11/2020 23:54:34,20.4098587,17.05631828,3811.62207
14/11/2020 23:54:35,21.40369797,17.65491104,4088.018799
14/11/2020 23:54:36,22.15999985,18.2535038,4388.38623
14/11/2020 23:54:37,22.55999947,18.85209846,4724.709473
14/11/2020 23:54:38,22.95999908,19.45069122,5061.032227
14/11/2020 23:54:39,23.36000061,20.04928398,5397.355469
14/11/2020 23:54:40,23.76000023,20.64787674,5733.678711
14/11/2020 23:54:41,24.31999969,21.24647141,6155.174805
14/11/2020 23:54:42,25.12000084,21.84506416,6713.303223
14/11/2020 23:54:43,25.92000008,22.44365692,7271.432129
14/11/2020 23:54:44,26.71999931,23.04225159,7829.560547
14/11/2020 23:54:45,27.52000046,23.64084435,8387.688477
14/11/2020 23:54:46,28.55999947,24.55999947,8850.974609
14/11/2020 23:54:47,29.95999908,25.95999908,9162.117188
14/11/2020 23:54:48,31.36000061,27.36000061,9473.260742
14/11/2020 23:54:49,32.75999832,28.76000023,9784.40332
14/11/2020 23:54:50,34.15999985,30.15999985,10095.5459
14/11/2020 23:54:51,34.28229523,30.36204147,10217.0752
14/11/2020 23:54:52,32.48803711,28.76714516,10014.36035
14/11/2020 23:54:53,30.69377899,27.17224884,9811.644531
14/11/2020 23:54:54,28.89952087,25.57735252,9608.929688
14/11/2020 23:54:55,27.10526276,23.98245621,9406.213867
14/11/2020 23:54:56,25.84639931,22.84639931,9142.783203
14/11/2020 23:54:57,25.44639969,22.44639969,8768.067383
14/11/2020 23:54:58,25.04640007,22.04640007,8393.352539
14/11/2020 23:54:59,24.64640045,21.64640045,8018.637207
14/11/2020 23:55:00,24.24640083,21.24640083,7643.921875
14/11/2020 23:55:01,23.46400833,20.46400833,7189.962402
14/11/2020 23:55:02,22.06819534,19.06819534,6580.101563
14/11/2020 23:55:03,20.67238235,17.67238235,5970.240234
14/11/2020 23:55:04,19.27656937,16.27656937,5360.379395
14/11/2020 23:55:05,17.88075829,14.88075733,4750.518066
14/11/2020 23:55:06,17.36782265,14.36782265,4501.915527
14/11/2020 23:55:07,18.36463356,15.36463356,4964.037109
14/11/2020 23:55:08,19.36144257,16.36144257,5426.15918
14/11/2020 23:55:09,20.35825348,17.35825348,5888.28125
14/11/2020 23:55:10,21.35506439,18.35506439,6350.40332
14/11/2020 23:55:11,21.85925102,18.78853798,6537.915039
14/11/2020 23:55:12,21.46052551,18.18949699,6144.553711
14/11/2020 23:55:13,21.06180191,17.59045601,5751.192383
14/11/2020 23:55:14,20.66307831,16.99141312,5357.831543
14/11/2020 23:55:15,20.26435471,16.39237213,4964.470215
14/11/2020 23:55:16,19.73040009,15.79333115,4566.583984
14/11/2020 23:55:17,18.93040085,15.19428921,4157.619629
14/11/2020 23:55:18,18.1303997,14.59524727,3748.655273
14/11/2020 23:55:19,17.33040047,13.99620628,3339.690918
14/11/2020 23:55:20,16.53039932,13.39716434,2930.726563
14/11/2020 23:55:21,16.20155525,13.20155525,2640.730957
14/11/2020 23:55:22,16.79964066,13.79964161,2721.349121
14/11/2020 23:55:23,17.39772797,14.39772701,2801.967529
14/11/2020 23:55:24,17.99581337,14.99581337,2882.585693
14/11/2020 23:55:25,18.59389877,15.59389973,2963.204102
14/11/2020 23:55:26,18.74478149,15.74478245,2987.053223
14/11/2020 23:55:27,17.94971085,14.9497118,2754.030273
14/11/2020 23:55:28,17.15464211,14.15464115,2521.007324
14/11/2020 23:55:29,16.35957146,13.3595705,2287.984375
14/11/2020 23:55:30,15.56449986,12.56449986,2054.961182
14/11/2020 23:55:31,15.40221882,12.34475899,1945.988403
14/11/2020 23:55:32,16.78918076,13.53358459,2464.784668
14/11/2020 23:55:33,18.17614365,14.72240925,2983.580811
14/11/2020 23:55:34,19.56310654,15.91123486,3502.376953
14/11/2020 23:55:35,20.95006943,17.10005951,4021.173096
14/11/2020 23:55:36,22.48004723,18.52805138,4526.514648
14/11/2020 23:55:37,24.45555115,20.70110703,4914.683105
14/11/2020 23:55:38,26.43105507,22.87416077,5302.852051
14/11/2020 23:55:39,28.40655899,25.04721451,5691.020996
14/11/2020 23:55:40,30.38206291,27.22026825,6079.189453
14/11/2020 23:55:41,31.81957817,28.74740791,6464.125
14/11/2020 23:55:42,30.82276726,27.3518734,6806.757324
14/11/2020 23:55:43,29.82595634,25.95633888,7149.38916
14/11/2020 23:55:44,28.82914734,24.56080627,7492.020996
14/11/2020 23:55:45,27.83233643,23.16527176,7834.652832
14/11/2020 23:55:46,27.03259659,22.06519127,8177.284668
14/11/2020 23:55:47,27.23014641,22.46029282,8260.098633
14/11/2020 23:55:48,27.42769623,22.85539246,8341.080078
14/11/2020 23:55:49,27.62524605,23.250494,8422.0625
14/11/2020 23:55:50,27.82279778,23.64559555,8503.043945
14/11/2020 23:55:51,27.75437164,23.77484131,8584.026367
14/11/2020 23:55:52,25.36963463,21.58883095,7716.046875
14/11/2020 23:55:53,22.98489761,19.40282249,6810.58252
14/11/2020 23:55:54,20.60015869,17.21681213,5905.118164
14/11/2020 23:55:55,18.21542168,15.03080273,4999.653809
14/11/2020 23:55:56,16.02796364,13.02809334,4094.189209
14/11/2020 23:55:57,16.42181969,13.42378044,4101.13916
14/11/2020 23:55:58,16.81567574,13.81946754,4129.569336
14/11/2020 23:55:59,17.20953178,14.21515465,4157.999023
14/11/2020 23:56:00,17.60338783,14.61084175,4186.428711
14/11/2020 23:56:01,17.99724388,15.00652885,4215.102539
14/11/2020 23:56:02,18.59212875,15.40221596,4270.650879
14/11/2020 23:56:03,19.18843079,15.79790306,4326.199219
14/11/2020 23:56:04,19.78473473,16.19359016,4381.747559
14/11/2020 23:56:05,20.38103676,16.58927727,4437.295898
14/11/2020 23:56:06,20.9773407,16.98496437,4492.844727
14/11/2020 23:56:07,20.42106247,16.42106247,4389.440918
14/11/2020 23:56:08,19.81925774,15.81925774,4284.916992
14/11/2020 23:56:09,19.217453,15.21745205,4180.393066
14/11/2020 23:56:10,18.61564636,14.61564732,4075.869141
14/11/2020 23:56:11,18.01384163,14.01384163,3971.345215
14/11/2020 23:56:12,18,14.19665909,3985.611328
14/11/2020 23:56:13,18,14.39794731,4006.658203
14/11/2020 23:56:14,18,14.59923553,4027.705078
14/11/2020 23:56:15,18,14.80052376,4048.751953
14/11/2020 23:56:16,18.00717735,15.00538254,4069.798828
14/11/2020 23:56:17,18.80462456,15.60346889,4204.576172
14/11/2020 23:56:18,19.60207367,16.20155525,4345.845703
14/11/2020 23:56:19,20.39952087,16.79964066,4487.114746
14/11/2020 23:56:20,21.19696999,17.39772797,4628.384277
14/11/2020 23:56:21,21.99441719,17.99581337,4769.653809
14/11/2020 23:56:22,21.60649872,18,4787.950684
14/11/2020 23:56:23,21.21022415,18,4799.228516
14/11/2020 23:56:24,20.81394958,18,4810.506348
14/11/2020 23:56:25,20.41767311,18,4821.783691
14/11/2020 23:56:26,20.02139854,18,4833.061523
14/11/2020 23:56:27,20.3784008,18.18919945,4789.343262
14/11/2020 23:56:28,20.77840042,18.38920021,4742.48584
14/11/2020 23:56:29,21.17840004,18.58919907,4695.628906
14/11/2020 23:56:30,21.57839966,18.78919983,4648.771484
14/11/2020 23:56:31,21.97839928,18.98920059,4601.914063
14/11/2020 23:56:32,21.43239975,18.2432003,4555.69873
14/11/2020 23:56:33,20.83239937,17.44319916,4509.542969
14/11/2020 23:56:34,20.23240089,16.64319992,4463.387207
14/11/2020 23:56:35,19.63240051,15.84319973,4417.231934
14/11/2020 23:56:36,19.03240013,15.04319954,4371.076172
14/11/2020 23:56:37,19,15.1892004,4326.393555
14/11/2020 23:56:38,19,15.38920021,4281.821777
14/11/2020 23:56:39,19,15.58920002,4237.25
14/11/2020 23:56:40,19,15.78919983,4192.678223
14/11/2020 23:56:41,19,15.98919964,4148.106445
14/11/2020 23:56:42,18.43589783,15.43589783,3737.650879
14/11/2020 23:56:43,17.83959389,14.83959484,3292.768311
14/11/2020 23:56:44,17.24329185,14.24329185,2847.885742
14/11/2020 23:56:45,16.64698792,13.64698887,2403.003418
14/11/2020 23:56:46,16.05068588,13.05068588,1958.12085
14/11/2020 23:56:47,15.81644917,12.81644917,1779.59082
14/11/2020 23:56:48,15.61584759,12.61584759,1630.984619
14/11/2020 23:56:49,15.41524601,12.41524601,1482.37854
14/11/2020 23:56:50,15.21464348,12.21464348,1333.772339
14/11/2020 23:56:51,15.0140419,12.0140419,1185.16626
14/11/2020 23:56:52,15.37081337,12.37081337,1261.369751
14/11/2020 23:56:53,15.76953793,12.76953793,1367.361206
14/11/2020 23:56:54,16.16826248,13.16826153,1473.352539
14/11/2020 23:56:55,16.56698608,13.56698608,1579.343994
14/11/2020 23:56:56,16.96570969,13.96570969,1685.335449
14/11/2020 23:56:57,16.81774712,13.81774712,1731.790405
14/11/2020 23:56:58,16.61834526,13.61834526,1770.356567
14/11/2020 23:56:59,16.41894341,13.41894341,1808.922729
14/11/2020 23:57:00,16.21954155,13.21954155,1847.488892
14/11/2020 23:57:01,16.02013969,13.02013969,1886.055054
14/11/2020 23:57:02,16.71805191,13.53767967,2262.391357
14/11/2020 23:57:03,17.51677322,14.13576508,2683.483398
14/11/2020 23:57:04,18.31549454,14.73385143,3104.575439
14/11/2020 23:57:05,19.11421776,15.33193779,3525.66748
14/11/2020 23:57:06,19.91293907,15.93002415,3946.759277
14/11/2020 23:57:07,20.71166229,16.88299942,4287.102051
14/11/2020 23:57:08,21.51038361,17.88299942,4616.745117
14/11/2020 23:57:09,22.30910492,18.88299942,4946.388184
14/11/2020 23:57:10,23.10782814,19.88299942,5276.03125
14/11/2020 23:57:11,23.90654945,20.88299942,5605.674316
14/11/2020 23:57:12,23.29360008,20.11700058,5531.622559
14/11/2020 23:57:13,22.49360085,19.11700058,5395.643066
14/11/2020 23:57:14,21.6935997,18.11700058,5259.663574
14/11/2020 23:57:15,20.89360046,17.11700058,5123.684082
14/11/2020 23:57:16,20.09359932,16.11700058,4987.70459
14/11/2020 23:57:17,19.29360008,15.47019958,4571.950195
14/11/2020 23:57:18,18.49360085,14.87020016,4088.424072
14/11/2020 23:57:19,17.6935997,14.27019978,3604.897949
14/11/2020 23:57:20,16.89360046,13.67020035,3121.37207
14/11/2020 23:57:21,16.09359932,13.07019997,2637.845947
14/11/2020 23:57:22,15.64792633,12.64792633,2258.839844
14/11/2020 23:57:23,15.24920273,12.24920273,1907.7854
14/11/2020 23:57:24,14.85047817,11.85047817,1556.730835
14/11/2020 23:57:25,14.45175457,11.45175457,1205.67627
14/11/2020 23:57:26,14.05303001,11.05303001,854.6216431
14/11/2020 23:57:27,14,11,678.4091187
14/11/2020 23:57:28,14,11,553.5409546
14/11/2020 23:57:29,14,11,428.6727295
14/11/2020 23:57:30,14,11,303.8045349
14/11/2020 23:57:31,14,11,178.9363251
14/11/2020 23:57:32,14.64194584,11.64194584,394.1647644
14/11/2020 23:57:33,15.439394,12.439394,758.6442261
14/11/2020 23:57:34,16.2368412,13.23684216,1123.123779
14/11/2020 23:57:35,17.03429031,14.03429031,1487.603271
14/11/2020 23:57:36,17.83173752,14.83173847,1852.082764
14/11/2020 23:57:37,19.41567039,16.25837326,2551.076172
14/11/2020 23:57:38,21.20992851,17.85326958,3444.013916
14/11/2020 23:57:39,23.00418663,19.44816589,4336.95166
14/11/2020 23:57:40,24.79844475,21.04306221,5229.88916
14/11/2020 23:57:41,26.59270287,22.63795853,6122.82666
14/11/2020 23:57:42,26.23887444,22.23887444,6374.484863
14/11/2020 23:57:43,25.25423431,21.25423431,6111.963379
14/11/2020 23:57:44,24.26959419,20.26959419,5849.442383
14/11/2020 23:57:45,23.28495407,19.28495407,5586.920898
14/11/2020 23:57:46,22.30031586,18.30031586,5324.399902
14/11/2020 23:57:47,22.54919052,18.54919052,5368.76123
14/11/2020 23:57:48,23.33939171,19.33939171,5675.596191
14/11/2020 23:57:49,24.1295929,20.1295929,5982.431152
14/11/2020 23:57:50,24.91979408,20.91979408,6289.266113
14/11/2020 23:57:51,25.70999527,21.70999527,6596.101074
14/11/2020 23:57:52,25.62603378,21.62603378,6741.987305
14/11/2020 23:57:53,25.03524971,21.03524971,6710.695801
14/11/2020 23:57:54,24.44446564,20.44446564,6679.404297
14/11/2020 23:57:55,23.85368347,19.85368347,6648.112305
14/11/2020 23:57:56,23.2628994,19.2628994,6616.820801
14/11/2020 23:57:57,23.11064529,19.2212925,6483.400391
14/11/2020 23:57:58,23.3100071,19.6200161,6230.571777
14/11/2020 23:57:59,23.5093708,20.0187397,5977.743164
14/11/2020 23:58:00,23.7087326,20.4174633,5724.914551
14/11/2020 23:58:01,23.90809441,20.81618881,5472.085938
14/11/2020 23:58:02,23.62561989,20.46770668,5285.563965
14/11/2020 23:58:03,22.9310379,19.48015022,5199.336426
14/11/2020 23:58:04,22.23645592,18.49259377,5113.108398
14/11/2020 23:58:05,21.54187393,17.50503731,5026.880371
14/11/2020 23:58:06,20.84729195,16.51747894,4940.652344
14/11/2020 23:58:07,20.15270805,15.8110733,4771.20459
14/11/2020 23:58:08,19.45812607,15.41416931,4458.218262
14/11/2020 23:58:09,18.76354408,15.01726532,4145.232422
14/11/2020 23:58:10,18.0689621,14.62036133,3832.246094
14/11/2020 23:58:11,17.37438011,14.22345734,3519.26001
14/11/2020 23:58:12,16.86298752,13.82655334,3190.781982
14/11/2020 23:58:13,16.56578255,13.4296484,2826.835205
14/11/2020 23:58:14,16.26857567,13.03274441,2462.888672
14/11/2020 23:58:15,15.97136879,12.63584042,2098.942139
14/11/2020 23:58:16,15.67416286,12.23893642,1734.995483
14/11/2020 23:58:17,15.37695694,11.92089081,1413.721802
14/11/2020 23:58:18,15.07975006,11.72212315,1206.086304
14/11/2020 23:58:19,14.78254414,11.52335548,998.4506836
14/11/2020 23:58:20,14.48533821,11.32458782,790.8150635
14/11/2020 23:58:21,14.18813133,11.12582016,583.1795044
14/11/2020 23:58:22,14.07271671,11,411.283905
14/11/2020 23:58:23,14.270854,11,351.334198
14/11/2020 23:58:24,14.46899128,11,291.3845215
14/11/2020 23:58:25,14.66712856,11,231.434845
14/11/2020 23:58:26,14.8652668,11,171.4851532
14/11/2020 23:58:27,15.06340408,11.12085056,208.8623199
14/11/2020 23:58:28,15.26154137,11.51838589,612.3737793
14/11/2020 23:58:29,15.45967865,11.91592121,1015.885193
14/11/2020 23:58:30,15.65781689,12.31345654,1419.396606
14/11/2020 23:58:31,15.85595417,12.71099186,1822.908081
14/11/2020 23:58:32,16.21705437,13.21705437,2222.139404
14/11/2020 23:58:33,17.01212502,14.01212502,2575.296387
14/11/2020 23:58:34,17.80719566,14.80719566,2928.453369
14/11/2020 23:58:35,18.60226631,15.60226631,3281.610352
14/11/2020 23:58:36,19.39733696,16.39733696,3634.767578
14/11/2020 23:58:37,20.33664513,17.33664513,4030.25415
14/11/2020 23:58:38,21.72774315,18.72774315,4802.517578
14/11/2020 23:58:39,23.11883926,20.11883926,5574.78125
14/11/2020 23:58:40,24.50993729,21.50993729,6347.044922
14/11/2020 23:58:41,25.9010334,22.9010334,7119.308594
14/11/2020 23:58:42,26.95902443,23.91804886,7879.197754
14/11/2020 23:58:43,26.76390266,23.52780533,8113.438965
14/11/2020 23:58:44,26.5687809,23.1375618,8347.680664
14/11/2020 23:58:45,26.37365913,22.74731636,8581.921875
14/11/2020 23:58:46,26.17853737,22.35707283,8816.164063
14/11/2020 23:58:47,26.01705551,22.01705551,9046.807617
14/11/2020 23:58:48,26.21769714,22.21769714,8767.157227
14/11/2020 23:58:49,26.41833878,22.41833878,8487.505859
14/11/2020 23:58:50,26.61898041,22.61898041,8207.855469
14/11/2020 23:58:51,26.81962204,22.81962204,7928.20459
14/11/2020 23:58:52,26.86077118,22.86077118,7648.553223
14/11/2020 23:58:53,25.48227692,21.48227692,7321.38916
14/11/2020 23:58:54,24.10378075,20.10378075,6990.59375
14/11/2020 23:58:55,22.72528648,18.72528648,6659.797852
14/11/2020 23:58:56,21.34679031,17.34679031,6329.002441
14/11/2020 23:58:57,19.99541473,16,5998.206543
14/11/2020 23:58:58,19.79605293,16,5720.61377
14/11/2020 23:58:59,19.59669113,16,5450.138672
14/11/2020 23:59:00,19.39732933,16,5179.663574
14/11/2020 23:59:01,19.19796562,16,4909.188477
14/11/2020 23:59:02,18.99448586,15.99448586,4638.713379
14/11/2020 23:59:03,18.20677376,15.20677471,4184.825195
14/11/2020 23:59:04,17.41906357,14.41906261,3686.224121
14/11/2020 23:59:05,16.63135147,13.63135052,3187.623291
14/11/2020 23:59:06,15.84363937,12.84363937,2689.022217
14/11/2020 23:59:07,15.05592728,12.05592728,2190.421387
14/11/2020 23:59:08,14.81593037,11.81593037,1863.231934
14/11/2020 23:59:09,14.61779308,11.61779308,1595.955688
14/11/2020 23:59:10,14.41965485,11.41965485,1328.679443
14/11/2020 23:59:11,14.22151756,11.22151756,1061.403198
14/11/2020 23:59:12,14.02338028,11.02338028,794.1268921
14/11/2020 23:59:13,14.34738064,11.34738064,770.9122925
14/11/2020 23:59:14,14.74123669,11.74123669,847.3848267
14/11/2020 23:59:15,15.13509274,12.13509274,923.8573608
14/11/2020 23:59:16,15.52894878,12.52894878,1000.329895
14/11/2020 23:59:17,15.92280388,12.92280388,1076.802368
14/11/2020 23:59:18,15.84120083,12.84120083,1109.930054
14/11/2020 23:59:19,15.64368916,12.64368916,1122.566284
14/11/2020 23:59:20,15.44617844,12.44617844,1135.202515
14/11/2020 23:59:21,15.24866676,12.24866676,1147.838745
14/11/2020 23:59:22,15.05115509,12.05115509,1160.474976
14/11/2020 23:59:23,15.51550388,12.4418602,1448.906372
14/11/2020 23:59:24,16.21119118,13.03816319,1897.927368
14/11/2020 23:59:25,16.90687752,13.63446617,2346.948242
14/11/2020 23:59:26,17.60256386,14.23076916,2795.969238
14/11/2020 23:59:27,18.2982502,14.82707214,3244.990234
14/11/2020 23:59:28,18.99393845,15.70562553,3637.448486
14/11/2020 23:59:29,19.68962479,16.69946289,3989.78125
14/11/2020 23:59:30,20.38531113,17.69330215,4342.11377
14/11/2020 23:59:31,21.08099747,18.68713951,4694.446289
14/11/2020 23:59:32,21.77668381,19.68097878,5046.778809
14/11/2020 23:59:33,22.13453484,20,5310.941895
14/11/2020 23:59:34,22.33267212,20,5508.319336
14/11/2020 23:59:35,22.53081131,20,5705.696777
14/11/2020 23:59:36,22.72894859,20,5903.07373
14/11/2020 23:59:37,22.92708588,20,6100.451172
14/11/2020 23:59:38,23.12522316,20,6058.752441
14/11/2020 23:59:39,23.32336044,20,5824.583984
14/11/2020 23:59:40,23.52149773,20,5590.416016
14/11/2020 23:59:41,23.71963501,20,5356.248047
14/11/2020 23:59:42,23.91777229,20,5122.07959
14/11/2020 23:59:43,23.06698608,19.18361282,4751.923828
14/11/2020 23:59:44,21.47208977,17.78807831,4264.989746
14/11/2020 23:59:45,19.87719345,16.39254379,3778.055664
14/11/2020 23:59:46,18.28229713,14.99700928,3778.055664
14/11/2020 23:59:47,16.68740082,13.60147572,3291.121826
14/11/2020 23:59:48,15.77308083,12.88654041,2804.187744
14/11/2020 23:59:49,15.37427711,12.68713856,2415.903809
14/11/2020 23:59:50,14.9754734,12.4877367,2112.333984
14/11/2020 23:59:51,14.57666969,12.28833485,1808.76416
14/11/2020 23:59:52,14.17786598,12.08893299,1505.194336
14/11/2020 23:59:53,14.11044693,12,1201.62439
14/11/2020 23:59:54,14.30980873,12,1022.696472
14/11/2020 23:59:55,14.50917053,12,957.9041138
14/11/2020 23:59:56,14.70853233,12,893.1118164
14/11/2020 23:59:57,14.90789509,12,828.319458
14/11/2020 23:59:58,14.89239979,11.89239979,763.5271606
14/11/2020 23:59:59,14.69239998,11.69239998,730.1157837
15/11/2020 00:00:00,14.49240017,11.49240017,727.218811
